model_id,source_path,source_format,composition,tpot_K,adiabat_K_km,d_main_km,w_main_km,d_800_km,w_800_km,d_1000_km,w_1000_km,d_1200_km,w_1200_km,d_1400_km,w_1400_km,d_1600_km,w_1600_km,mean_p_misfit,mean_s_misfit,total_misfit,mean_p_cc,mean_s_cc,used_events
CD_model29,/home/lyara/areswave/models/CD_model29.nd,nd,UNK,,,,60,,60,,60,,60,,60,,60,0.373286865,0.477136579,0.442520007,0.626713135,0.522863421,17
CD_model31,/home/lyara/areswave/models/CD_model31.nd,nd,UNK,,,,60,,60,,60,,60,,60,,60,0.348059505,0.518539638,0.461712927,0.651940495,0.481460362,17
CD_model11,/home/lyara/areswave/models/CD_model11.nd,nd,UNK,,,,60,,60,,60,,60,,60,,60,0.392572198,0.496604979,0.461927385,0.607427802,0.503395021,17
CD_model72,/home/lyara/areswave/models/CD_model72.nd,nd,UNK,,,,60,,60,,60,,60,,60,,60,0.330911125,0.544918066,0.473582419,0.669088875,0.455081934,17
CD_model38,/home/lyara/areswave/models/CD_model38.nd,nd,UNK,,,,60,,60,,60,,60,,60,,60,0.375174309,0.523028585,0.473743827,0.624825691,0.476971415,17
CD_model54,/home/lyara/areswave/models/CD_model54.nd,nd,UNK,,,,60,,60,,60,,60,,60,,60,0.385987845,0.518633279,0.474418134,0.614012155,0.481366721,17
CD_model35,/home/lyara/areswave/models/CD_model35.nd,nd,UNK,,,,60,,60,,60,,60,,60,,60,0.418324149,0.503046074,0.474805432,0.581675851,0.496953926,17
CD_model94,/home/lyara/areswave/models/CD_model94.nd,nd,UNK,,,,60,,60,,60,,60,,60,,60,0.371584311,0.527392401,0.475456371,0.628415689,0.472607599,17
CD_model60,/home/lyara/areswave/models/CD_model60.nd,nd,UNK,,,,60,,60,,60,,60,,60,,60,0.353523828,0.540043982,0.477870598,0.646476172,0.459956018,17
CD_model90,/home/lyara/areswave/models/CD_model90.nd,nd,UNK,,,,60,,60,,60,,60,,60,,60,0.382365524,0.52804335,0.479484074,0.617634476,0.47195665,17
CD_model86,/home/lyara/areswave/models/CD_model86.nd,nd,UNK,,,,60,,60,,60,,60,,60,,60,0.382365524,0.52804335,0.479484074,0.617634476,0.47195665,17
CD_model40,/home/lyara/areswave/models/CD_model40.nd,nd,UNK,,,,60,,60,,60,,60,,60,,60,0.367981045,0.535315581,0.479537402,0.632018955,0.464684419,17
CD_model58,/home/lyara/areswave/models/CD_model58.nd,nd,UNK,,,,60,,60,,60,,60,,60,,60,0.424237396,0.511440456,0.482372769,0.575762604,0.488559544,17
Geophysical_model298,/home/lyara/areswave/models/Geophysical_model298.nd,nd,UNK,,,950.621,60,900,193.215,950.621,60,1119.357,33.747,1439.955,118.116,1688.886,60,0.527956036,0.465151799,0.486086545,0.472043964,0.534848201,17
CD_model44,/home/lyara/areswave/models/CD_model44.nd,nd,UNK,,,,60,,60,,60,,60,,60,,60,0.378667458,0.540074864,0.486272395,0.621332542,0.459925136,17
CD_model100,/home/lyara/areswave/models/CD_model100.nd,nd,UNK,,,,60,,60,,60,,60,,60,,60,0.370578343,0.544629977,0.486612765,0.629421657,0.455370023,17
CD_model6,/home/lyara/areswave/models/CD_model6.nd,nd,UNK,,,,60,,60,,60,,60,,60,,60,0.360996847,0.550688468,0.487457928,0.639003153,0.449311532,17
CD_model84,/home/lyara/areswave/models/CD_model84.nd,nd,UNK,,,,60,,60,,60,,60,,60,,60,0.432112878,0.515199342,0.487503854,0.567887122,0.484800658,17
CD_model78,/home/lyara/areswave/models/CD_model78.nd,nd,UNK,,,,60,,60,,60,,60,,60,,60,0.457255963,0.502824494,0.487634984,0.542744037,0.497175506,17
CD_model1,/home/lyara/areswave/models/CD_model1.nd,nd,UNK,,,,60,,60,,60,,60,,60,,60,0.431230943,0.518393808,0.48933952,0.568769057,0.481606192,17
CD_model64,/home/lyara/areswave/models/CD_model64.nd,nd,UNK,,,,60,,60,,60,,60,,60,,60,0.431230943,0.518393808,0.48933952,0.568769057,0.481606192,17
CD_model27,/home/lyara/areswave/models/CD_model27.nd,nd,UNK,,,,60,,60,,60,,60,,60,,60,0.358593324,0.555733651,0.490020209,0.641406676,0.444266349,17
CD_model91,/home/lyara/areswave/models/CD_model91.nd,nd,UNK,,,,60,,60,,60,,60,,60,,60,0.391198718,0.540790003,0.490926242,0.608801282,0.459209997,17
CD_model26,/home/lyara/areswave/models/CD_model26.nd,nd,UNK,,,,60,,60,,60,,60,,60,,60,0.366556419,0.554030794,0.491539336,0.633443581,0.445969206,17
CD_model16,/home/lyara/areswave/models/CD_model16.nd,nd,UNK,,,,60,,60,,60,,60,,60,,60,0.351731755,0.561570057,0.491623956,0.648268245,0.438429943,17
CD_model48,/home/lyara/areswave/models/CD_model48.nd,nd,UNK,,,,60,,60,,60,,60,,60,,60,0.365079855,0.556612,0.492767952,0.634920145,0.443388,17
CD_model49,/home/lyara/areswave/models/CD_model49.nd,nd,UNK,,,,60,,60,,60,,60,,60,,60,0.365079855,0.556612,0.492767952,0.634920145,0.443388,17
CD_model42,/home/lyara/areswave/models/CD_model42.nd,nd,UNK,,,,60,,60,,60,,60,,60,,60,0.48602206,0.498049217,0.494040164,0.51397794,0.501950783,17
CD_model95,/home/lyara/areswave/models/CD_model95.nd,nd,UNK,,,,60,,60,,60,,60,,60,,60,0.365632062,0.559700412,0.495010962,0.634367938,0.440299588,17
CD_model68,/home/lyara/areswave/models/CD_model68.nd,nd,UNK,,,,60,,60,,60,,60,,60,,60,0.436820738,0.525915894,0.496217508,0.563179262,0.474084106,17
CD_model63,/home/lyara/areswave/models/CD_model63.nd,nd,UNK,,,,60,,60,,60,,60,,60,,60,0.450767502,0.519418408,0.496534773,0.549232498,0.480581592,17
cd_model50,/home/lyara/areswave/models/cd_model50.npz,npz,UNK,,,,60,,60,,60,,60,,60,,60,0.446812184,0.523110909,0.497678001,0.553187816,0.476889091,17
Geophysical_model315,/home/lyara/areswave/models/Geophysical_model315.nd,nd,UNK,,,1001.068,60,900,187.658,1001.068,60,1135.824,33.689,1489.56,101.067,1687.836,60,0.51480539,0.490771628,0.498782882,0.48519461,0.509228372,17
Geophysical_model127,/home/lyara/areswave/models/Geophysical_model127.nd,nd,UNK,,,916.861,60,900,181.87,916.861,60,1102.329,16.86,1439.543,101.164,1688.421,60,0.470897979,0.513290439,0.499159619,0.529102021,0.486709561,17
CD_model55,/home/lyara/areswave/models/CD_model55.nd,nd,UNK,,,,60,,60,,60,,60,,60,,60,0.394547717,0.552147953,0.499614541,0.605452283,0.447852047,17
CD_model20,/home/lyara/areswave/models/CD_model20.nd,nd,UNK,,,,60,,60,,60,,60,,60,,60,0.400197717,0.551540301,0.501092773,0.599802283,0.448459699,17
CD_model10,/home/lyara/areswave/models/CD_model10.nd,nd,UNK,,,,60,,60,,60,,60,,60,,60,0.430741338,0.536477149,0.501231879,0.569258662,0.463522851,17
CD_model18,/home/lyara/areswave/models/CD_model18.nd,nd,UNK,,,,60,,60,,60,,60,,60,,60,0.386749901,0.558664041,0.501359328,0.613250099,0.441335959,17
CD_model17,/home/lyara/areswave/models/CD_model17.nd,nd,UNK,,,,60,,60,,60,,60,,60,,60,0.433930343,0.535695667,0.501773892,0.566069657,0.464304333,17
CD_model51,/home/lyara/areswave/models/CD_model51.nd,nd,UNK,,,,60,,60,,60,,60,,60,,60,0.412551161,0.547110018,0.502257066,0.587448839,0.452889982,17
Geophysical_model269,/home/lyara/areswave/models/Geophysical_model269.nd,nd,UNK,,,950.621,60,900,192.721,950.621,60,1119.357,33.747,1456.828,118.116,1688.886,60,0.499136859,0.506143133,0.503807709,0.500863141,0.493856867,17
CD_model24,/home/lyara/areswave/models/CD_model24.nd,nd,UNK,,,,60,,60,,60,,60,,60,,60,0.415278385,0.548705074,0.504229511,0.584721615,0.451294926,17
CD_model89,/home/lyara/areswave/models/CD_model89.nd,nd,UNK,,,,60,,60,,60,,60,,60,,60,0.451925942,0.530472199,0.504290113,0.548074058,0.469527801,17
CD_model96,/home/lyara/areswave/models/CD_model96.nd,nd,UNK,,,,60,,60,,60,,60,,60,,60,0.44950988,0.531725405,0.50432023,0.55049012,0.468274595,17
Geophysical_model50,/home/lyara/areswave/models/Geophysical_model50.nd,nd,UNK,,,982.805,60,860.982,195.088,982.805,60,1115.292,16.561,1463.072,99.365,1677.564,60,0.485770215,0.515117104,0.505334807,0.514229785,0.484882896,17
CD_model2,/home/lyara/areswave/models/CD_model2.nd,nd,UNK,,,,60,,60,,60,,60,,60,,60,0.444474456,0.536486755,0.505815988,0.555525544,0.463513245,17
CD_model15,/home/lyara/areswave/models/CD_model15.nd,nd,UNK,,,,60,,60,,60,,60,,60,,60,0.414470724,0.552246269,0.506321087,0.585529276,0.447753731,17
CD_model93,/home/lyara/areswave/models/CD_model93.nd,nd,UNK,,,,60,,60,,60,,60,,60,,60,0.381639125,0.568946668,0.506510821,0.618360875,0.431053332,17
CD_model61,/home/lyara/areswave/models/CD_model61.nd,nd,UNK,,,,60,,60,,60,,60,,60,,60,0.436547552,0.544197112,0.508313925,0.563452448,0.455802888,17
CD_model25,/home/lyara/areswave/models/CD_model25.nd,nd,UNK,,,,60,,60,,60,,60,,60,,60,0.459171923,0.533521049,0.508738007,0.540828077,0.466478951,17
CD_model14,/home/lyara/areswave/models/CD_model14.nd,nd,UNK,,,,60,,60,,60,,60,,60,,60,0.496542819,0.514982666,0.50883605,0.503457181,0.485017334,17
Geophysical_model891,/home/lyara/areswave/models/Geophysical_model891.nd,nd,UNK,,,933.072,60,900,199.226,933.072,60,1114.966,16.536,1495.291,82.679,1676.656,60,0.530130478,0.500084833,0.510100048,0.469869522,0.499915167,17
CD_model97,/home/lyara/areswave/models/CD_model97.nd,nd,UNK,,,,60,,60,,60,,60,,60,,60,0.463781778,0.534278441,0.510779553,0.536218222,0.465721559,17
CD_model3,/home/lyara/areswave/models/CD_model3.nd,nd,UNK,,,,60,,60,,60,,60,,60,,60,0.427036729,0.55381633,0.511556463,0.572963271,0.44618367,17
CD_model83,/home/lyara/areswave/models/CD_model83.nd,nd,UNK,,,,60,,60,,60,,60,,60,,60,0.408668491,0.563468756,0.511868668,0.591331509,0.436531244,17
CD_model19,/home/lyara/areswave/models/CD_model19.nd,nd,UNK,,,,60,,60,,60,,60,,60,,60,0.399683305,0.571628713,0.514313577,0.600316695,0.428371287,17
Geophysical_model257,/home/lyara/areswave/models/Geophysical_model257.nd,nd,UNK,,,967.872,60,900,180.547,967.872,60,1120.585,33.937,1459.948,101.809,1692.31,60,0.568773335,0.487121121,0.514338525,0.431226665,0.512878879,17
CD_model69,/home/lyara/areswave/models/CD_model69.nd,nd,UNK,,,,60,,60,,60,,60,,60,,60,0.414199277,0.564423929,0.514349045,0.585800723,0.435576071,17
Geophysical_model259,/home/lyara/areswave/models/Geophysical_model259.nd,nd,UNK,,,984.104,60,876.799,185.605,984.104,60,1118.67,33.641,1488.726,100.924,1686.973,60,0.544896449,0.499605775,0.514702666,0.455103551,0.500394225,17
Geophysical_model134,/home/lyara/areswave/models/Geophysical_model134.nd,nd,UNK,,,982.649,60,876.764,185.889,982.649,60,1114.887,16.53,1462.012,115.708,1676.435,60,0.470019061,0.537331474,0.514894003,0.529980939,0.462668526,17
Geophysical_model827,/home/lyara/areswave/models/Geophysical_model827.nd,nd,UNK,,,916.589,60,878.476,193.716,916.589,60,1115.651,16.589,1497.188,99.531,1678.564,60,0.544719789,0.500178124,0.515025345,0.455280211,0.499821876,17
CD_model56,/home/lyara/areswave/models/CD_model56.nd,nd,UNK,,,,60,,60,,60,,60,,60,,60,0.40095049,0.573042919,0.515678776,0.59904951,0.426957081,17
Geophysical_model255,/home/lyara/areswave/models/Geophysical_model255.nd,nd,UNK,,,1017.871,60,900,185.688,1017.871,60,1135.742,16.839,1489.354,84.193,1687.623,60,0.532555427,0.507413147,0.515793907,0.467444573,0.492586853,17
CD_model73,/home/lyara/areswave/models/CD_model73.nd,nd,UNK,,,,60,,60,,60,,60,,60,,60,0.442782476,0.552631367,0.51601507,0.557217524,0.447368633,17
CD_model85,/home/lyara/areswave/models/CD_model85.nd,nd,UNK,,,,60,,60,,60,,60,,60,,60,0.402395806,0.573319175,0.516344718,0.597604194,0.426680825,17
CD_model70,/home/lyara/areswave/models/CD_model70.nd,nd,UNK,,,,60,,60,,60,,60,,60,,60,0.457482773,0.54677857,0.517013304,0.542517227,0.45322143,17
AK_model_49,/home/lyara/areswave/models/AK_model_49.nd,nd,UNK,,,1010.726,60,802.494,26.029,1010.726,60,1271.017,130.146,1479.249,26.029,1688.205,60,0.59407995,0.478633784,0.51711584,0.40592005,0.521366216,17
CD_model81,/home/lyara/areswave/models/CD_model81.nd,nd,UNK,,,,60,,60,,60,,60,,60,,60,0.431212602,0.560978519,0.517723213,0.568787398,0.439021481,17
CD_model77,/home/lyara/areswave/models/CD_model77.nd,nd,UNK,,,,60,,60,,60,,60,,60,,60,0.46992439,0.541925169,0.517924909,0.53007561,0.458074831,17
Geophysical_model666,/home/lyara/areswave/models/Geophysical_model666.nd,nd,UNK,,,900,60,900,179.901,900,60,1119.137,33.714,1473.128,101.141,1688.275,60,0.580244318,0.486894052,0.518010807,0.419755682,0.513105948,17
Geophysical_model556,/home/lyara/areswave/models/Geophysical_model556.nd,nd,UNK,,,900,60,900,179.901,900,60,1119.137,33.714,1473.128,101.141,1688.275,60,0.580244318,0.486894052,0.518010807,0.419755682,0.513105948,17
Geophysical_model676,/home/lyara/areswave/models/Geophysical_model676.nd,nd,UNK,,,1050.167,60,900,21.376,1050.167,60,1100.223,33.371,1483.984,100.111,1682.066,60,0.517937595,0.52049146,0.519640171,0.482062405,0.47950854,17
Geophysical_model760,/home/lyara/areswave/models/Geophysical_model760.nd,nd,UNK,,,1050.167,60,900,21.376,1050.167,60,1100.223,33.371,1483.984,100.111,1682.066,60,0.517937595,0.52049146,0.519640171,0.482062405,0.47950854,17
Geophysical_model751,/home/lyara/areswave/models/Geophysical_model751.nd,nd,UNK,,,1050.167,60,900,21.376,1050.167,60,1100.223,33.371,1483.984,100.111,1682.066,60,0.517937595,0.52049146,0.519640171,0.482062405,0.47950854,17
Geophysical_model677,/home/lyara/areswave/models/Geophysical_model677.nd,nd,UNK,,,1050.167,60,900,21.376,1050.167,60,1100.223,33.371,1483.984,100.111,1682.066,60,0.517937595,0.52049146,0.519640171,0.482062405,0.47950854,17
Geophysical_model648,/home/lyara/areswave/models/Geophysical_model648.nd,nd,UNK,,,1099.754,60,900,21.49,1099.754,60,1116.4,16.646,1465.97,116.523,1680.651,60,0.500275336,0.529348206,0.51965725,0.499724664,0.470651794,17
CD_model28,/home/lyara/areswave/models/CD_model28.nd,nd,UNK,,,,60,,60,,60,,60,,60,,60,0.496937091,0.5316135,0.520054697,0.503062909,0.4683865,17
Geophysical_model684,/home/lyara/areswave/models/Geophysical_model684.nd,nd,UNK,,,900,60,900,21.48,900,60,1116.854,33.362,1483.837,100.087,1681.914,60,0.549832209,0.506482262,0.520932244,0.450167791,0.493517738,17
Geophysical_model282,/home/lyara/areswave/models/Geophysical_model282.nd,nd,UNK,,,999.884,60,900,194.892,999.884,60,1116.415,16.647,1482.655,99.884,1680.691,60,0.538139652,0.512436067,0.521003929,0.461860348,0.487563933,17
AK_model_77,/home/lyara/areswave/models/AK_model_77.nd,nd,UNK,,,1027.629,60,797.873,25.528,1027.629,60,1282.914,76.586,1308.442,25.528,1694.139,60,0.547920877,0.508365928,0.521550911,0.452079123,0.491634072,17
Geophysical_model653,/home/lyara/areswave/models/Geophysical_model653.nd,nd,UNK,,,916.721,60,875.849,193.209,916.721,60,1117.378,33.443,1485.25,83.608,1683.376,60,0.537675596,0.513589712,0.52161834,0.462324404,0.486410288,17
Geophysical_model164,/home/lyara/areswave/models/Geophysical_model164.nd,nd,UNK,,,950.866,60,900,193.895,950.866,60,1120.421,33.911,1459.531,101.733,1691.853,60,0.526252908,0.519649207,0.521850441,0.473747092,0.480350793,17
Geophysical_model388,/home/lyara/areswave/models/Geophysical_model388.nd,nd,UNK,,,950.857,60,900,180.539,950.857,60,1120.38,33.904,1459.426,101.713,1691.737,60,0.517349148,0.524809274,0.522322565,0.482650852,0.475190726,17
Geophysical_model658,/home/lyara/areswave/models/Geophysical_model658.nd,nd,UNK,,,900,60,900,178.05,900,60,1118.724,33.65,1488.873,100.949,1687.125,60,0.548493725,0.509275441,0.522348203,0.451506275,0.490724559,17
CD_model8,/home/lyara/areswave/models/CD_model8.nd,nd,UNK,,,,60,,60,,60,,60,,60,,60,0.425023124,0.571088719,0.522400188,0.574976876,0.428911281,17
Geophysical_model553,/home/lyara/areswave/models/Geophysical_model553.nd,nd,UNK,,,900,60,900,178.562,900,60,1118.724,33.65,1472.049,100.949,1687.125,60,0.54590584,0.511228174,0.522787396,0.45409416,0.488771826,17
Geophysical_model28,/home/lyara/areswave/models/Geophysical_model28.nd,nd,UNK,,,999.738,60,900,196.459,999.738,60,1116.099,16.623,1465.181,99.738,1679.811,60,0.546424434,0.511228912,0.522960752,0.453575566,0.488771088,17
CD_model65,/home/lyara/areswave/models/CD_model65.nd,nd,UNK,,,,60,,60,,60,,60,,60,,60,0.498517341,0.535217111,0.522983854,0.501482659,0.464782889,17
Geophysical_model561,/home/lyara/areswave/models/Geophysical_model561.nd,nd,UNK,,,900,60,900,22.397,900,60,1101.621,16.802,1488.061,100.811,1686.284,60,0.531925828,0.518843683,0.523204398,0.468074172,0.481156317,17
CD_model5,/home/lyara/areswave/models/CD_model5.nd,nd,UNK,,,,60,,60,,60,,60,,60,,60,0.481346139,0.544436423,0.523406328,0.518653861,0.455563577,17
Geophysical_model13,/home/lyara/areswave/models/Geophysical_model13.nd,nd,UNK,,,1000.969,60,876.459,188.33,1000.969,60,1135.595,33.656,1488.989,100.97,1687.244,60,0.503798391,0.534168996,0.524045461,0.496201609,0.465831004,17
CD_model33,/home/lyara/areswave/models/CD_model33.nd,nd,UNK,,,,60,,60,,60,,60,,60,,60,0.485768828,0.543704576,0.52439266,0.514231172,0.456295424,17
CD_model36,/home/lyara/areswave/models/CD_model36.nd,nd,UNK,,,,60,,60,,60,,60,,60,,60,0.48526331,0.545013173,0.525096552,0.51473669,0.454986827,17
CD_model82,/home/lyara/areswave/models/CD_model82.nd,nd,UNK,,,,60,,60,,60,,60,,60,,60,0.48526331,0.545013173,0.525096552,0.51473669,0.454986827,17
Geophysical_model584,/home/lyara/areswave/models/Geophysical_model584.nd,nd,UNK,,,916.701,60,877.696,178.433,916.701,60,1117.112,33.402,1484.532,83.504,1682.633,60,0.535348474,0.519989588,0.525109217,0.464651526,0.480010412,17
Geophysical_model283,/home/lyara/areswave/models/Geophysical_model283.nd,nd,UNK,,,983.303,60,877.982,198.163,983.303,60,1116.588,16.66,1466.461,116.625,1681.173,60,0.514994705,0.530321514,0.525212578,0.485005295,0.469678486,17
CD_model43,/home/lyara/areswave/models/CD_model43.nd,nd,UNK,,,,60,,60,,60,,60,,60,,60,0.384777385,0.595437637,0.525217553,0.615222615,0.404562363,17
CD_model30,/home/lyara/areswave/models/CD_model30.nd,nd,UNK,,,,60,,60,,60,,60,,60,,60,0.384777385,0.595437637,0.525217553,0.615222615,0.404562363,17
Geophysical_model245,/home/lyara/areswave/models/Geophysical_model245.nd,nd,UNK,,,967.7,60,900,181.096,967.7,60,1120.025,33.85,1458.525,118.475,1690.748,60,0.514412445,0.531090105,0.525530885,0.485587555,0.468909895,17
CD_model92,/home/lyara/areswave/models/CD_model92.nd,nd,UNK,,,,60,,60,,60,,60,,60,,60,0.446550733,0.565029592,0.525536639,0.553449267,0.434970408,17
Geophysical_model785,/home/lyara/areswave/models/Geophysical_model785.nd,nd,UNK,,,900,60,900,29.769,900,60,1101.736,16.811,1471.585,100.868,1686.632,60,0.504764462,0.536928728,0.526207306,0.495235538,0.463071272,17
CD_model52,/home/lyara/areswave/models/CD_model52.nd,nd,UNK,,,,60,,60,,60,,60,,60,,60,0.385717388,0.596525277,0.526255981,0.614282612,0.403474723,17
CD_model76,/home/lyara/areswave/models/CD_model76.nd,nd,UNK,,,,60,,60,,60,,60,,60,,60,0.435628113,0.572060062,0.526582745,0.564371887,0.427939938,17
CD_model74,/home/lyara/areswave/models/CD_model74.nd,nd,UNK,,,,60,,60,,60,,60,,60,,60,0.47982204,0.550330484,0.526827669,0.52017796,0.449669516,17
Geophysical_model893,/home/lyara/areswave/models/Geophysical_model893.nd,nd,UNK,,,950.04,60,900,197.965,950.04,60,1133.518,33.36,1483.796,66.72,1681.871,60,0.5786073,0.500950501,0.5268361,0.4213927,0.499049499,17
Geophysical_model251,/home/lyara/areswave/models/Geophysical_model251.nd,nd,UNK,,,967.872,60,900,180.241,967.872,60,1120.585,33.937,1459.948,101.809,1692.31,60,0.518895852,0.531363801,0.527207818,0.481104148,0.468636199,17
Geophysical_model426,/home/lyara/areswave/models/Geophysical_model426.nd,nd,UNK,,,967.872,60,900,180.241,967.872,60,1120.585,33.937,1459.948,101.809,1692.31,60,0.518895852,0.531363801,0.527207818,0.481104148,0.468636199,17
Geophysical_model385,/home/lyara/areswave/models/Geophysical_model385.nd,nd,UNK,,,999.801,60,900,191.803,999.801,60,1116.236,16.633,1498.807,99.801,1680.192,60,0.476348321,0.552729127,0.527268858,0.523651679,0.447270873,17
Geophysical_model568,/home/lyara/areswave/models/Geophysical_model568.nd,nd,UNK,,,900,60,900,181.523,900,60,1118.976,33.689,1472.706,101.066,1687.825,60,0.573870669,0.503988137,0.527282314,0.426129331,0.496011863,17
CD_model66,/home/lyara/areswave/models/CD_model66.nd,nd,UNK,,,,60,,60,,60,,60,,60,,60,0.407280609,0.587519054,0.527439572,0.592719391,0.412480946,17
Geophysical_model822,/home/lyara/areswave/models/Geophysical_model822.nd,nd,UNK,,,933.261,60,876.904,184.765,933.261,60,1116.199,16.631,1482.075,99.784,1680.091,60,0.573431803,0.504812423,0.527685549,0.426568197,0.495187577,17
Geophysical_model191,/home/lyara/areswave/models/Geophysical_model191.nd,nd,UNK,,,966.625,60,900,195.344,966.625,60,1116.53,16.656,1466.308,99.936,1681.011,60,0.449183877,0.567255155,0.527898062,0.550816123,0.432744845,17
Geophysical_model623,/home/lyara/areswave/models/Geophysical_model623.nd,nd,UNK,,,900,60,900,179.492,900,60,1101.753,33.625,1488.445,100.876,1686.682,60,0.566020991,0.509361588,0.528248056,0.433979009,0.490638412,17
Geophysical_model798,/home/lyara/areswave/models/Geophysical_model798.nd,nd,UNK,,,916.723,60,877.548,179.614,916.723,60,1117.396,33.446,1485.297,83.614,1683.425,60,0.572213711,0.506515778,0.528415089,0.427786289,0.493484222,17
CD_model46,/home/lyara/areswave/models/CD_model46.nd,nd,UNK,,,,60,,60,,60,,60,,60,,60,0.435089385,0.575312096,0.528571192,0.564910615,0.424687904,17
CD_model45,/home/lyara/areswave/models/CD_model45.nd,nd,UNK,,,,60,,60,,60,,60,,60,,60,0.435089385,0.575312096,0.528571192,0.564910615,0.424687904,17
CD_model47,/home/lyara/areswave/models/CD_model47.nd,nd,UNK,,,,60,,60,,60,,60,,60,,60,0.360782356,0.612756511,0.528765126,0.639217644,0.387243489,17
CD_model57,/home/lyara/areswave/models/CD_model57.nd,nd,UNK,,,,60,,60,,60,,60,,60,,60,0.38938157,0.598861223,0.529034672,0.61061843,0.401138777,17
Geophysical_model47,/home/lyara/areswave/models/Geophysical_model47.nd,nd,UNK,,,1017.887,60,900,183.974,1017.887,60,1135.775,33.682,1472.595,84.206,1687.708,60,0.570698045,0.508275164,0.529082791,0.429301955,0.491724836,17
CD_model62,/home/lyara/areswave/models/CD_model62.nd,nd,UNK,,,,60,,60,,60,,60,,60,,60,0.411532645,0.587951814,0.529145424,0.588467355,0.412048186,17
Geophysical_model979,/home/lyara/areswave/models/Geophysical_model979.nd,nd,UNK,,,916.648,60,877.439,180.489,916.648,60,1116.419,16.648,1482.668,99.885,1680.704,60,0.487550782,0.550493219,0.529512406,0.512449218,0.449506781,17
Geophysical_model866,/home/lyara/areswave/models/Geophysical_model866.nd,nd,UNK,,,950.119,60,900,181,950.119,60,1133.89,50.12,1484.726,66.826,1682.834,60,0.539840239,0.52458547,0.529670393,0.460159761,0.47541453,17
Geophysical_model638,/home/lyara/areswave/models/Geophysical_model638.nd,nd,UNK,,,916.693,60,877.71,178.319,916.693,60,1117.015,33.386,1484.271,83.467,1682.363,60,0.535187483,0.527282804,0.529917697,0.464812517,0.472717196,17
Geophysical_model232,/home/lyara/areswave/models/Geophysical_model232.nd,nd,UNK,,,1033.403,60,900,187.379,1033.403,60,1133.456,16.675,1483.64,66.702,1681.71,60,0.535077144,0.52740111,0.529959788,0.464922856,0.47259889,17
Geophysical_model156,/home/lyara/areswave/models/Geophysical_model156.nd,nd,UNK,,,1033.403,60,900,187.379,1033.403,60,1133.456,16.675,1483.64,66.702,1681.71,60,0.535077144,0.52740111,0.529959788,0.464922856,0.47259889,17
Geophysical_model717,/home/lyara/areswave/models/Geophysical_model717.nd,nd,UNK,,,916.648,60,877.434,180.527,916.648,60,1116.419,16.648,1499.315,99.885,1680.704,60,0.55828482,0.515887232,0.530019761,0.44171518,0.484112768,17
Geophysical_model6,/home/lyara/areswave/models/Geophysical_model6.nd,nd,UNK,,,966.445,60,900,181.381,966.445,60,1115.945,16.611,1464.778,99.667,1679.382,60,0.526877432,0.53171924,0.530105304,0.473122568,0.46828076,17
Geophysical_model841,/home/lyara/areswave/models/Geophysical_model841.nd,nd,UNK,,,916.723,60,877.735,178.117,916.723,60,1117.396,33.446,1485.297,83.614,1683.425,60,0.573135673,0.508606103,0.53011596,0.426864327,0.491393897,17
Geophysical_model210,/home/lyara/areswave/models/Geophysical_model210.nd,nd,UNK,,,984.407,60,861.669,191.654,984.407,60,1119.457,33.763,1490.847,101.288,1689.167,60,0.523396016,0.534669032,0.53091136,0.476603984,0.465330968,17
Geophysical_model167,/home/lyara/areswave/models/Geophysical_model167.nd,nd,UNK,,,984.407,60,861.42,192.901,984.407,60,1119.457,33.763,1490.847,101.288,1689.167,60,0.534819721,0.529094506,0.531002911,0.465180279,0.470905494,17
Geophysical_model336,/home/lyara/areswave/models/Geophysical_model336.nd,nd,UNK,,,1001.288,60,861.171,194.143,1001.288,60,1119.457,33.763,1490.847,101.288,1689.167,60,0.531552958,0.53076353,0.531026673,0.468447042,0.46923647,17
Geophysical_model328,/home/lyara/areswave/models/Geophysical_model328.nd,nd,UNK,,,1001.288,60,861.171,194.143,1001.288,60,1119.457,33.763,1490.847,101.288,1689.167,60,0.531552958,0.53076353,0.531026673,0.468447042,0.46923647,17
CD_model22,/home/lyara/areswave/models/CD_model22.nd,nd,UNK,,,,60,,60,,60,,60,,60,,60,0.444110276,0.574570483,0.531083747,0.555889724,0.425429517,17
Geophysical_model812,/home/lyara/areswave/models/Geophysical_model812.nd,nd,UNK,,,916.648,60,900,180.024,916.648,60,1116.419,16.648,1499.315,99.885,1680.704,60,0.577311756,0.508011752,0.531111753,0.422688244,0.491988248,17
CD_model88,/home/lyara/areswave/models/CD_model88.nd,nd,UNK,,,,60,,60,,60,,60,,60,,60,0.460569352,0.566383288,0.531111976,0.539430648,0.433616712,17
CD_model53,/home/lyara/areswave/models/CD_model53.nd,nd,UNK,,,,60,,60,,60,,60,,60,,60,0.412332757,0.590741934,0.531272208,0.587667243,0.409258066,17
Geophysical_model273,/home/lyara/areswave/models/Geophysical_model273.nd,nd,UNK,,,950.621,60,900,192.233,950.621,60,1119.357,33.747,1456.828,101.242,1688.886,60,0.550970606,0.521453085,0.531292259,0.449029394,0.478546915,17
Geophysical_model270,/home/lyara/areswave/models/Geophysical_model270.nd,nd,UNK,,,1001.288,60,880.467,195.334,1001.288,60,1119.457,33.763,1490.847,101.288,1689.167,60,0.553503124,0.52036815,0.531413141,0.446496876,0.47963185,17
Geophysical_model596,/home/lyara/areswave/models/Geophysical_model596.nd,nd,UNK,,,900,60,900,178.565,900,60,1118.724,33.65,1472.049,100.949,1687.125,60,0.510980112,0.542106167,0.531730816,0.489019888,0.457893833,17
Geophysical_model115,/home/lyara/areswave/models/Geophysical_model115.nd,nd,UNK,,,966.552,60,900,195.293,966.552,60,1116.294,16.638,1465.692,99.828,1680.354,60,0.484595201,0.555445874,0.531828983,0.515404799,0.444554126,17
Geophysical_model469,/home/lyara/areswave/models/Geophysical_model469.nd,nd,UNK,,,966.552,60,900,195.293,966.552,60,1116.294,16.638,1465.692,99.828,1680.354,60,0.484595201,0.555445874,0.531828983,0.515404799,0.444554126,17
Geophysical_model122,/home/lyara/areswave/models/Geophysical_model122.nd,nd,UNK,,,967.437,60,900,186.661,967.437,60,1119.169,33.718,1456.352,101.155,1688.364,60,0.540881203,0.527526889,0.531978327,0.459118797,0.472473111,17
Geophysical_model101,/home/lyara/areswave/models/Geophysical_model101.nd,nd,UNK,,,967.437,60,900,186.661,967.437,60,1119.169,33.718,1456.352,101.155,1688.364,60,0.540881203,0.527526889,0.531978327,0.459118797,0.472473111,17
Geophysical_model783,/home/lyara/areswave/models/Geophysical_model783.nd,nd,UNK,,,916.648,60,877.515,179.878,916.648,60,1116.419,16.648,1499.315,99.885,1680.704,60,0.571943715,0.512540329,0.532341457,0.428056285,0.487459671,17
Geophysical_model494,/home/lyara/areswave/models/Geophysical_model494.nd,nd,UNK,,,999.801,60,857.502,191.241,999.801,60,1116.236,16.633,1465.54,99.801,1680.192,60,0.526531957,0.535304804,0.532380522,0.473468043,0.464695196,17
AK_model_39,/home/lyara/areswave/models/AK_model_39.nd,nd,UNK,,,1029.679,60,815.46,26.777,1029.679,60,1297.451,107.109,1431.337,160.664,1695.529,60,0.532492559,0.533180536,0.53295121,0.467507441,0.466819464,17
Geophysical_model272,/home/lyara/areswave/models/Geophysical_model272.nd,nd,UNK,,,949.973,60,900,197.754,949.973,60,1116.548,16.657,1449.698,99.945,1681.061,60,0.495004699,0.552115895,0.53307883,0.504995301,0.447884105,17
Geophysical_model813,/home/lyara/areswave/models/Geophysical_model813.nd,nd,UNK,,,933.856,60,900,185.649,933.856,60,1120.061,33.856,1492.472,84.639,1690.849,60,0.507453093,0.546087479,0.53320935,0.492546907,0.453912521,17
CD_model41,/home/lyara/areswave/models/CD_model41.nd,nd,UNK,,,,60,,60,,60,,60,,60,,60,0.507372548,0.546391257,0.533385021,0.492627452,0.453608743,17
Geophysical_model105,/home/lyara/areswave/models/Geophysical_model105.nd,nd,UNK,,,1001.023,60,876.565,187.477,1001.023,60,1118.883,33.675,1489.302,101.024,1687.568,60,0.52086211,0.539741558,0.533448408,0.47913789,0.460258442,17
Geophysical_model442,/home/lyara/areswave/models/Geophysical_model442.nd,nd,UNK,,,949.524,60,900,193.257,949.524,60,1114.604,16.509,1461.273,99.048,1675.648,60,0.533066826,0.533786283,0.533546464,0.466933174,0.466213717,17
Geophysical_model118,/home/lyara/areswave/models/Geophysical_model118.nd,nd,UNK,,,965.822,60,859.686,181.412,965.822,60,1113.92,16.456,1459.484,115.187,1673.742,60,0.520083749,0.540784717,0.533884394,0.479916251,0.459215283,17
Geophysical_model715,/home/lyara/areswave/models/Geophysical_model715.nd,nd,UNK,,,900,60,900,180.04,900,60,1118.266,33.579,1470.849,100.738,1685.847,60,0.514298271,0.544031068,0.534120136,0.485701729,0.455968932,17
Geophysical_model594,/home/lyara/areswave/models/Geophysical_model594.nd,nd,UNK,,,900,60,900,179.42,900,60,1118.565,33.625,1488.445,100.876,1686.682,60,0.496949533,0.553150314,0.53441672,0.503050467,0.446849686,17
CD_model98,/home/lyara/areswave/models/CD_model98.nd,nd,UNK,,,,60,,60,,60,,60,,60,,60,0.451729286,0.576102188,0.534644554,0.548270714,0.423897812,17
Geophysical_model534,/home/lyara/areswave/models/Geophysical_model534.nd,nd,UNK,,,900,60,877.409,180.727,900,60,1118.976,33.689,1489.55,101.066,1687.825,60,0.579453209,0.512472687,0.534799528,0.420546791,0.487527313,17
Geophysical_model386,/home/lyara/areswave/models/Geophysical_model386.nd,nd,UNK,,,967.7,60,900,181.908,967.7,60,1120.025,33.85,1458.525,118.475,1690.748,60,0.511861701,0.546621706,0.535035038,0.488138299,0.453378294,17
Geophysical_model397,/home/lyara/areswave/models/Geophysical_model397.nd,nd,UNK,,,967.7,60,900,181.908,967.7,60,1120.025,33.85,1458.525,118.475,1690.748,60,0.511861701,0.546621706,0.535035038,0.488138299,0.453378294,17
Geophysical_model628,/home/lyara/areswave/models/Geophysical_model628.nd,nd,UNK,,,933.422,60,900,183.587,933.422,60,1117.244,33.423,1484.889,83.556,1683.002,60,0.524141846,0.540623065,0.535129326,0.475858154,0.459376935,17
Geophysical_model964,/home/lyara/areswave/models/Geophysical_model964.nd,nd,UNK,,,933.422,60,900,183.587,933.422,60,1117.244,33.423,1484.889,83.556,1683.002,60,0.524141846,0.540623065,0.535129326,0.475858154,0.459376935,17
MD_model67,/home/lyara/areswave/models/MD_model67.nd,nd,UNK,,,988.648,60,733.806,10.618,988.648,60,1105.451,10.618,1424.004,31.855,1620.994,60,0.543037062,0.531298492,0.535211349,0.456962938,0.468701508,17
Geophysical_model862,/home/lyara/areswave/models/Geophysical_model862.nd,nd,UNK,,,916.702,60,877.518,179.857,916.702,60,1117.126,33.404,1484.569,83.51,1682.671,60,0.509631268,0.54827697,0.535395069,0.490368732,0.45172303,17
Geophysical_model287,/home/lyara/areswave/models/Geophysical_model287.nd,nd,UNK,,,1001.133,60,861.705,191.475,1001.133,60,1119.121,33.711,1489.942,101.133,1688.231,60,0.537669762,0.534660796,0.535663785,0.462330238,0.465339204,17
CD_model37,/home/lyara/areswave/models/CD_model37.nd,nd,UNK,,,,60,,60,,60,,60,,60,,60,0.436992241,0.585400906,0.535931351,0.563007759,0.414599094,17
Geophysical_model691,/home/lyara/areswave/models/Geophysical_model691.nd,nd,UNK,,,900,60,900,179.015,900,60,1119.258,33.732,1490.311,101.196,1688.613,60,0.592073166,0.507958953,0.535997024,0.407926834,0.492041047,17
Geophysical_model656,/home/lyara/areswave/models/Geophysical_model656.nd,nd,UNK,,,900,60,900,179.015,900,60,1119.258,33.732,1490.311,101.196,1688.613,60,0.592073166,0.507958953,0.535997024,0.407926834,0.492041047,17
Geophysical_model782,/home/lyara/areswave/models/Geophysical_model782.nd,nd,UNK,,,900,60,900,179.015,900,60,1119.258,33.732,1490.311,101.196,1688.613,60,0.592073166,0.507958953,0.535997024,0.407926834,0.492041047,17
Geophysical_model176,/home/lyara/areswave/models/Geophysical_model176.nd,nd,UNK,,,966.298,60,900,189.209,966.298,60,1115.469,16.574,1463.533,99.447,1678.056,60,0.509473227,0.549650172,0.536257857,0.490526773,0.450349828,17
Geophysical_model31,/home/lyara/areswave/models/Geophysical_model31.nd,nd,UNK,,,983.237,60,879.302,186.283,983.237,60,1116.417,16.648,1466.015,99.884,1680.698,60,0.504175056,0.552667744,0.536503515,0.495824944,0.447332256,17
Geophysical_model545,/home/lyara/areswave/models/Geophysical_model545.nd,nd,UNK,,,916.767,60,900,191.729,916.767,60,1117.965,33.533,1486.828,83.833,1685.009,60,0.529274761,0.540664804,0.536868123,0.470725239,0.459335196,17
Geophysical_model805,/home/lyara/areswave/models/Geophysical_model805.nd,nd,UNK,,,1085.08,60,900,29.801,1085.08,60,1101.905,16.826,1455.24,117.778,1687.143,60,0.525848454,0.542911132,0.537223573,0.474151546,0.457088868,17
AK_model_79,/home/lyara/areswave/models/AK_model_79.nd,nd,UNK,,,1048.231,60,820.541,25.299,1048.231,60,1275.921,50.598,1326.519,50.598,1685.301,60,0.545914274,0.533103272,0.537373606,0.454085726,0.466896728,17
Geophysical_model504,/home/lyara/areswave/models/Geophysical_model504.nd,nd,UNK,,,1050.167,60,900,21.376,1050.167,60,1100.223,33.371,1483.984,100.111,1682.066,60,0.566819697,0.523055655,0.537643669,0.433180303,0.476944345,17
Geophysical_model252,/home/lyara/areswave/models/Geophysical_model252.nd,nd,UNK,,,950.33,60,900,194.291,950.33,60,1118.099,33.553,1453.635,117.438,1685.382,60,0.487673032,0.562696166,0.537688454,0.512326968,0.437303834,17
Geophysical_model755,/home/lyara/areswave/models/Geophysical_model755.nd,nd,UNK,,,933.815,60,879.527,184.253,933.815,60,1119.798,33.815,1474.857,84.537,1690.116,60,0.579034822,0.517282884,0.537866863,0.420965178,0.482717116,17
Geophysical_model570,/home/lyara/areswave/models/Geophysical_model570.nd,nd,UNK,,,933.815,60,879.527,184.253,933.815,60,1119.798,33.815,1474.857,84.537,1690.116,60,0.579034822,0.517282884,0.537866863,0.420965178,0.482717116,17
Geophysical_model823,/home/lyara/areswave/models/Geophysical_model823.nd,nd,UNK,,,1085.338,60,900,29.762,1085.338,60,1102.186,16.849,1456.013,101.093,1687.991,60,0.54996953,0.532555814,0.538360386,0.45003047,0.467444186,17
Geophysical_model802,/home/lyara/areswave/models/Geophysical_model802.nd,nd,UNK,,,1085.338,60,900,29.762,1085.338,60,1102.186,16.849,1456.013,101.093,1687.991,60,0.54996953,0.532555814,0.538360386,0.45003047,0.467444186,17
Geophysical_model450,/home/lyara/areswave/models/Geophysical_model450.nd,nd,UNK,,,966.559,60,900,181.651,966.559,60,1116.317,16.639,1465.751,99.839,1680.417,60,0.476961685,0.569078638,0.538372987,0.523038315,0.430921362,17
CD_model7,/home/lyara/areswave/models/CD_model7.nd,nd,UNK,,,,60,,60,,60,,60,,60,,60,0.433305784,0.590978828,0.538421146,0.566694216,0.409021172,17
Geophysical_model600,/home/lyara/areswave/models/Geophysical_model600.nd,nd,UNK,,,1098.51,60,900,23.878,1098.51,60,1115.052,16.543,1462.444,99.255,1676.896,60,0.514961312,0.550151545,0.538421468,0.485038688,0.449848455,17
MD_model16,/home/lyara/areswave/models/MD_model16.nd,nd,UNK,,,999.038,60,820.271,10.516,999.038,60,1146.258,94.641,1346.056,189.283,1605.327,60,0.568434752,0.523689087,0.538604309,0.431565248,0.476310913,17
Geophysical_model763,/home/lyara/areswave/models/Geophysical_model763.nd,nd,UNK,,,950.013,60,900,182.68,950.013,60,1133.396,33.342,1483.489,66.684,1681.554,60,0.58813663,0.513845114,0.538608953,0.41186337,0.486154886,17
Geophysical_model649,/home/lyara/areswave/models/Geophysical_model649.nd,nd,UNK,,,950.013,60,900,182.68,950.013,60,1133.396,33.342,1483.489,66.684,1681.554,60,0.58813663,0.513845114,0.538608953,0.41186337,0.486154886,17
Geophysical_model276,/home/lyara/areswave/models/Geophysical_model276.nd,nd,UNK,,,999.801,60,857.053,193.262,999.801,60,1116.236,16.633,1465.54,99.801,1680.192,60,0.548333062,0.533874146,0.538693785,0.451666938,0.466125854,17
Geophysical_model840,/home/lyara/areswave/models/Geophysical_model840.nd,nd,UNK,,,950.057,60,900,178.012,950.057,60,1133.601,33.371,1484.001,66.743,1682.084,60,0.530004345,0.543081884,0.538722705,0.469995655,0.456918116,17
Geophysical_model188,/home/lyara/areswave/models/Geophysical_model188.nd,nd,UNK,,,967.494,60,900,188.938,967.494,60,1119.357,33.747,1456.828,118.116,1688.886,60,0.520393392,0.548221075,0.538945181,0.479606608,0.451778925,17
MD_model88,/home/lyara/areswave/models/MD_model88.nd,nd,UNK,,,971.749,60,755.911,194.255,971.749,60,1273.923,21.584,1338.675,53.96,1624.15,60,0.577949289,0.519910982,0.539257084,0.422050711,0.480089018,17
Geophysical_model424,/home/lyara/areswave/models/Geophysical_model424.nd,nd,UNK,,,1001.023,60,900,187.887,1001.023,60,1118.883,33.675,1472.464,101.024,1687.568,60,0.510048511,0.55404733,0.539381057,0.489951489,0.44595267,17
Geophysical_model490,/home/lyara/areswave/models/Geophysical_model490.nd,nd,UNK,,,1096.615,60,900,187.4,1096.615,60,1145.769,32.769,1489.845,65.539,1671.177,60,0.526692849,0.545869399,0.539477216,0.473307151,0.454130601,17
Geophysical_model542,/home/lyara/areswave/models/Geophysical_model542.nd,nd,UNK,,,1088.045,60,900,20.704,1088.045,60,1105.14,17.095,1464.136,119.665,1696.906,60,0.567637138,0.525680821,0.53966626,0.432362862,0.474319179,17
Geophysical_model643,/home/lyara/areswave/models/Geophysical_model643.nd,nd,UNK,,,1099.903,60,900,21.505,1099.903,60,1116.562,16.658,1466.392,116.61,1681.1,60,0.50792173,0.555776127,0.539824661,0.49207827,0.444223873,17
Geophysical_model644,/home/lyara/areswave/models/Geophysical_model644.nd,nd,UNK,,,1099.903,60,900,21.505,1099.903,60,1116.562,16.658,1466.392,116.61,1681.1,60,0.50792173,0.555776127,0.539824661,0.49207827,0.444223873,17
Geophysical_model521,/home/lyara/areswave/models/Geophysical_model521.nd,nd,UNK,,,966.806,60,900,176.748,966.806,60,1133.823,33.403,1484.557,66.807,1682.659,60,0.57804399,0.520771214,0.539862139,0.42195601,0.479228786,17
Geophysical_model74,/home/lyara/areswave/models/Geophysical_model74.nd,nd,UNK,,,950.042,60,900,197.932,950.042,60,1116.847,33.361,1450.457,116.764,1681.894,60,0.489781725,0.565302022,0.54012859,0.510218275,0.434697978,17
Geophysical_model522,/home/lyara/areswave/models/Geophysical_model522.nd,nd,UNK,,,916.711,60,877.48,180.159,916.711,60,1117.248,33.423,1484.898,83.557,1683.012,60,0.546788992,0.537080368,0.540316576,0.453211008,0.462919632,17
Geophysical_model647,/home/lyara/areswave/models/Geophysical_model647.nd,nd,UNK,,,916.648,60,877.465,180.284,916.648,60,1116.419,16.648,1499.315,99.885,1680.704,60,0.573937639,0.523722605,0.54046095,0.426062361,0.476277395,17
CD_model87,/home/lyara/areswave/models/CD_model87.nd,nd,UNK,,,,60,,60,,60,,60,,60,,60,0.500423864,0.560748168,0.540640067,0.499576136,0.439251832,17
Geophysical_model976,/home/lyara/areswave/models/Geophysical_model976.nd,nd,UNK,,,916.837,60,900,181.468,916.837,60,1118.884,33.674,1489.303,84.186,1687.57,60,0.580460363,0.520780235,0.540673611,0.419539637,0.479219765,17
Geophysical_model774,/home/lyara/areswave/models/Geophysical_model774.nd,nd,UNK,,,1099.57,60,900,21.535,1099.57,60,1116.201,16.631,1465.45,99.785,1680.096,60,0.533726758,0.544301018,0.540776264,0.466273242,0.455698982,17
Geophysical_model779,/home/lyara/areswave/models/Geophysical_model779.nd,nd,UNK,,,933.604,60,877.962,198.343,933.604,60,1118.427,33.604,1488.074,84.011,1686.298,60,0.55779965,0.532548691,0.540965677,0.44220035,0.467451309,17
Geophysical_model138,/home/lyara/areswave/models/Geophysical_model138.nd,nd,UNK,,,982.921,60,900,196.419,982.921,60,1115.594,16.584,1463.861,116.089,1678.405,60,0.541423238,0.540788735,0.541000236,0.458576762,0.459211265,17
AK_model_63,/home/lyara/areswave/models/AK_model_63.nd,nd,UNK,,,996.13,60,793.624,25.314,996.13,60,1122.696,75.94,1325.202,75.939,1684.197,60,0.583998618,0.519835208,0.541223011,0.416001382,0.480164792,17
Geophysical_model617,/home/lyara/areswave/models/Geophysical_model617.nd,nd,UNK,,,900,60,900,22.546,900,60,1101.621,16.802,1454.457,100.811,1686.284,60,0.548708279,0.537651033,0.541336781,0.451291721,0.462348967,17
Geophysical_model227,/home/lyara/areswave/models/Geophysical_model227.nd,nd,UNK,,,967.56,60,879.511,184.397,967.56,60,1119.571,33.78,1457.372,101.34,1689.483,60,0.516098948,0.553959766,0.541339493,0.483901052,0.446040234,17
Geophysical_model595,/home/lyara/areswave/models/Geophysical_model595.nd,nd,UNK,,,933.533,60,900,190.855,933.533,60,1117.965,33.533,1486.828,83.833,1685.009,60,0.514309891,0.555004738,0.541439789,0.485690109,0.444995262,17
Geophysical_model67,/home/lyara/areswave/models/Geophysical_model67.nd,nd,UNK,,,1017.871,60,900,184.989,1017.871,60,1135.742,16.839,1489.354,84.193,1687.623,60,0.565388825,0.529806967,0.541667586,0.434611175,0.470193033,17
Geophysical_model205,/home/lyara/areswave/models/Geophysical_model205.nd,nd,UNK,,,965.752,60,900,182.01,965.752,60,1113.693,16.437,1458.888,115.065,1673.108,60,0.467270134,0.578932823,0.541711927,0.532729866,0.421067177,17
Geophysical_model685,/home/lyara/areswave/models/Geophysical_model685.nd,nd,UNK,,,933.11,60,877.665,178.677,933.11,60,1115.217,16.555,1495.986,99.331,1677.355,60,0.567611742,0.528779083,0.541723303,0.432388258,0.471220917,17
Geophysical_model780,/home/lyara/areswave/models/Geophysical_model780.nd,nd,UNK,,,916.707,60,875.814,193.485,916.707,60,1117.197,33.415,1484.761,83.538,1682.87,60,0.558803969,0.533203327,0.541736874,0.441196031,0.466796673,17
Geophysical_model569,/home/lyara/areswave/models/Geophysical_model569.nd,nd,UNK,,,916.707,60,875.814,193.485,916.707,60,1117.197,33.415,1484.761,83.538,1682.87,60,0.558803969,0.533203327,0.541736874,0.441196031,0.466796673,17
Geophysical_model833,/home/lyara/areswave/models/Geophysical_model833.nd,nd,UNK,,,950.007,60,900,178.795,950.007,60,1133.367,50.007,1483.418,66.676,1681.481,60,0.538886438,0.543241476,0.541789797,0.461113562,0.456758524,17
AK_model_4,/home/lyara/areswave/models/AK_model_4.nd,nd,UNK,,,1037.134,60,797.074,26.673,1037.134,60,1277.195,80.02,1303.868,26.673,1700.523,60,0.561526342,0.5319423,0.541803647,0.438473658,0.4680577,17
Geophysical_model930,/home/lyara/areswave/models/Geophysical_model930.nd,nd,UNK,,,1085.282,60,900,29.508,1085.282,60,1102.126,16.844,1455.847,101.063,1687.809,60,0.56187852,0.531947158,0.541924278,0.43812148,0.468052842,17
Geophysical_model962,/home/lyara/areswave/models/Geophysical_model962.nd,nd,UNK,,,1085.282,60,900,29.508,1085.282,60,1102.126,16.844,1455.847,101.063,1687.809,60,0.56187852,0.531947158,0.541924278,0.43812148,0.468052842,17
Geophysical_model180,/home/lyara/areswave/models/Geophysical_model180.nd,nd,UNK,,,966.993,60,856.89,193.996,966.993,60,1117.726,33.497,1486.187,100.49,1684.345,60,0.538880481,0.543478397,0.541945758,0.461119519,0.456521603,17
Geophysical_model828,/home/lyara/areswave/models/Geophysical_model828.nd,nd,UNK,,,966.709,60,900,193.616,966.709,60,1133.481,33.355,1483.703,66.709,1681.776,60,0.51162441,0.557132537,0.541963162,0.48837559,0.442867463,17
Geophysical_model575,/home/lyara/areswave/models/Geophysical_model575.nd,nd,UNK,,,900,60,900,191.037,900,60,1116.744,33.345,1483.543,100.036,1681.61,60,0.511436702,0.557636224,0.542236383,0.488563298,0.442363776,17
Geophysical_model574,/home/lyara/areswave/models/Geophysical_model574.nd,nd,UNK,,,900,60,900,191.037,900,60,1116.744,33.345,1483.543,100.036,1681.61,60,0.511436702,0.557636224,0.542236383,0.488563298,0.442363776,17
Geophysical_model204,/home/lyara/areswave/models/Geophysical_model204.nd,nd,UNK,,,982.32,60,900,191.809,982.32,60,1114.032,16.465,1459.777,115.248,1674.055,60,0.516396501,0.555196886,0.542263424,0.483603499,0.444803114,17
Geophysical_model650,/home/lyara/areswave/models/Geophysical_model650.nd,nd,UNK,,,916.714,60,876.024,191.807,916.714,60,1117.284,33.428,1484.996,83.571,1683.113,60,0.557386204,0.534870217,0.542375546,0.442613796,0.465129783,17
Geophysical_model552,/home/lyara/areswave/models/Geophysical_model552.nd,nd,UNK,,,916.714,60,876.024,191.807,916.714,60,1117.284,33.428,1484.996,83.571,1683.113,60,0.557386204,0.534870217,0.542375546,0.442613796,0.465129783,17
Gudkova,/home/lyara/areswave/models/Gudkova.nd,nd,UNK,,,819.32,60,819.32,307.727,819.32,60,1174.566,16.704,1443.681,39.918,1567.533,90.135,0.519943229,0.553768596,0.542493473,0.480056771,0.446231404,17
CD_model23,/home/lyara/areswave/models/CD_model23.nd,nd,UNK,,,,60,,60,,60,,60,,60,,60,0.405338713,0.611160143,0.542553,0.594661287,0.388839857,17
Geophysical_model577,/home/lyara/areswave/models/Geophysical_model577.nd,nd,UNK,,,1099.625,60,900,21.533,1099.625,60,1116.26,16.636,1465.604,99.812,1680.261,60,0.545404546,0.541175029,0.542584868,0.454595454,0.458824971,17
Geophysical_model52,/home/lyara/areswave/models/Geophysical_model52.nd,nd,UNK,,,983.376,60,879.036,188.678,983.376,60,1116.777,33.35,1483.63,100.051,1681.7,60,0.49358002,0.567221549,0.542674373,0.50641998,0.432778451,17
Geophysical_model818,/home/lyara/areswave/models/Geophysical_model818.nd,nd,UNK,,,966.709,60,900,193.666,966.709,60,1133.481,33.355,1483.703,66.709,1681.776,60,0.519063062,0.554841629,0.54291544,0.480936938,0.445158371,17
Geophysical_model206,/home/lyara/areswave/models/Geophysical_model206.nd,nd,UNK,,,916.863,60,900,181.388,916.863,60,1102.35,16.863,1439.601,101.176,1688.486,60,0.508973156,0.559916102,0.54293512,0.491026844,0.440083898,17
Geophysical_model916,/home/lyara/areswave/models/Geophysical_model916.nd,nd,UNK,,,916.693,60,900,178.836,916.693,60,1117.015,33.386,1484.271,83.467,1682.363,60,0.519568746,0.554856655,0.543094019,0.480431254,0.445143345,17
Geophysical_model722,/home/lyara/areswave/models/Geophysical_model722.nd,nd,UNK,,,900,60,900,22.447,900,60,1101.621,16.802,1488.061,100.811,1686.284,60,0.586382964,0.521647922,0.543226269,0.413617036,0.478352078,17
Geophysical_model694,/home/lyara/areswave/models/Geophysical_model694.nd,nd,UNK,,,900,60,900,179.832,900,60,1118.299,33.585,1487.729,100.753,1685.941,60,0.513018679,0.558756296,0.543510423,0.486981321,0.441243704,17
AK_model_12,/home/lyara/areswave/models/AK_model_12.nd,nd,UNK,,,1035.663,60,813.003,24.74,1035.663,60,1283.062,74.22,1307.802,24.74,1686.223,60,0.480919453,0.575195869,0.543770397,0.519080547,0.424804131,17
Geophysical_model517,/home/lyara/areswave/models/Geophysical_model517.nd,nd,UNK,,,933.327,60,900,186.165,933.327,60,1116.628,16.664,1499.894,83.319,1681.286,60,0.589915743,0.521081869,0.544026493,0.410084257,0.478918131,17
Geophysical_model9,/home/lyara/areswave/models/Geophysical_model9.nd,nd,UNK,,,949.517,60,900,192.452,949.517,60,1114.574,16.506,1444.688,115.54,1675.563,60,0.549934905,0.54135371,0.544214108,0.450065095,0.45864629,17
Geophysical_model740,/home/lyara/areswave/models/Geophysical_model740.nd,nd,UNK,,,1098.51,60,900,23.918,1098.51,60,1115.052,16.543,1462.444,99.255,1676.896,60,0.480541172,0.576645024,0.544610407,0.519458828,0.423354976,17
Geophysical_model710,/home/lyara/areswave/models/Geophysical_model710.nd,nd,UNK,,,900,60,900,22.457,900,60,1101.621,16.802,1488.061,100.811,1686.284,60,0.523564232,0.555509016,0.544860754,0.476435768,0.444490984,17
Geophysical_model936,/home/lyara/areswave/models/Geophysical_model936.nd,nd,UNK,,,1086.703,60,900,21.596,1086.703,60,1103.676,16.973,1460.108,118.81,1692.486,60,0.541630227,0.546689743,0.545003238,0.458369773,0.453310257,17
Geophysical_model120,/home/lyara/areswave/models/Geophysical_model120.nd,nd,UNK,,,1033.184,60,900,188.139,1033.184,60,1133.072,33.295,1482.679,83.24,1680.716,60,0.530095244,0.552613167,0.545107192,0.469904756,0.447386833,17
Geophysical_model931,/home/lyara/areswave/models/Geophysical_model931.nd,nd,UNK,,,1099.979,60,900,21.803,1099.979,60,1116.644,16.665,1466.608,116.655,1681.33,60,0.521751785,0.556843757,0.545146433,0.478248215,0.443156243,17
Geophysical_model459,/home/lyara/areswave/models/Geophysical_model459.nd,nd,UNK,,,966.557,60,877.418,180.655,966.557,60,1116.31,16.639,1465.734,99.835,1680.4,60,0.530506813,0.552594198,0.545231736,0.469493187,0.447405802,17
Geophysical_model634,/home/lyara/areswave/models/Geophysical_model634.nd,nd,UNK,,,900,60,900,22.418,900,60,1101.621,16.802,1488.061,100.811,1686.284,60,0.541921508,0.54703218,0.545328623,0.458078492,0.45296782,17
Geophysical_model953,/home/lyara/areswave/models/Geophysical_model953.nd,nd,UNK,,,916.648,60,877.533,179.737,916.648,60,1116.419,16.648,1499.315,99.885,1680.704,60,0.540835162,0.547606018,0.545349066,0.459164838,0.452393982,17
Geophysical_model943,/home/lyara/areswave/models/Geophysical_model943.nd,nd,UNK,,,900,60,900,188.602,900,60,1115.838,16.602,1464.498,116.22,1679.083,60,0.528790392,0.553635868,0.545354043,0.471209608,0.446364132,17
AK_model_13,/home/lyara/areswave/models/AK_model_13.nd,nd,UNK,,,1077.549,60,882.305,24.405,1077.549,60,1297.199,73.217,1321.604,24.406,1673.271,60,0.523663389,0.556307667,0.545426241,0.476336611,0.443692333,17
Geophysical_model428,/home/lyara/areswave/models/Geophysical_model428.nd,nd,UNK,,,966.066,60,900,192.78,966.066,60,1114.715,16.516,1461.562,99.099,1675.956,60,0.513462483,0.561549296,0.545520358,0.486537517,0.438450704,17
Geophysical_model816,/home/lyara/areswave/models/Geophysical_model816.nd,nd,UNK,,,1087.5,60,900,22.588,1087.5,60,1104.545,17.046,1445.454,119.318,1695.109,60,0.53116433,0.55270404,0.545524136,0.46883567,0.44729596,17
Geophysical_model654,/home/lyara/areswave/models/Geophysical_model654.nd,nd,UNK,,,916.721,60,875.945,192.439,916.721,60,1117.378,33.443,1485.25,83.608,1683.376,60,0.568425971,0.534182125,0.545596741,0.431574029,0.465817875,17
Geophysical_model549,/home/lyara/areswave/models/Geophysical_model549.nd,nd,UNK,,,1098.51,60,900,24.053,1098.51,60,1115.052,16.543,1445.902,115.797,1676.896,60,0.524912914,0.555958972,0.545610286,0.475087086,0.444041028,17
Geophysical_model182,/home/lyara/areswave/models/Geophysical_model182.nd,nd,UNK,,,1099.994,60,900,180.69,1099.994,60,1116.66,16.666,1449.983,99.997,1681.374,60,0.508589728,0.564254755,0.545699746,0.491410272,0.435745245,17
Geophysical_model351,/home/lyara/areswave/models/Geophysical_model351.nd,nd,UNK,,,916.856,60,900,181.22,916.856,60,1102.271,16.856,1439.389,101.135,1688.246,60,0.577450776,0.530198545,0.545949289,0.422549224,0.469801455,17
Geophysical_model254,/home/lyara/areswave/models/Geophysical_model254.nd,nd,UNK,,,966.246,60,900,188.279,966.246,60,1115.299,16.561,1463.089,99.369,1677.583,60,0.487465302,0.575345275,0.546051951,0.512534698,0.424654725,17
Geophysical_model423,/home/lyara/areswave/models/Geophysical_model423.nd,nd,UNK,,,966.246,60,900,188.279,966.246,60,1115.299,16.561,1463.089,99.369,1677.583,60,0.487465302,0.575345275,0.546051951,0.512534698,0.424654725,17
Geophysical_model234,/home/lyara/areswave/models/Geophysical_model234.nd,nd,UNK,,,966.829,60,900,198.796,966.829,60,1117.194,33.414,1451.339,100.243,1682.862,60,0.496465481,0.570900025,0.54608851,0.503534519,0.429099975,17
Geophysical_model96,/home/lyara/areswave/models/Geophysical_model96.nd,nd,UNK,,,966.829,60,900,198.796,966.829,60,1117.194,33.414,1451.339,100.243,1682.862,60,0.496465481,0.570900025,0.54608851,0.503534519,0.429099975,17
Geophysical_model749,/home/lyara/areswave/models/Geophysical_model749.nd,nd,UNK,,,900,60,900,197.837,900,60,1104.246,17.02,1478.696,102.123,1694.206,60,0.548993601,0.544807548,0.546202899,0.451006399,0.455192452,17
Geophysical_model747,/home/lyara/areswave/models/Geophysical_model747.nd,nd,UNK,,,900,60,900,29.784,900,60,1101.736,16.811,1471.585,100.868,1686.632,60,0.51578506,0.561486307,0.546252558,0.48421494,0.438513693,17
Geophysical_model898,/home/lyara/areswave/models/Geophysical_model898.nd,nd,UNK,,,916.672,60,877.434,180.529,916.672,60,1116.741,33.345,1483.532,83.362,1681.599,60,0.527103254,0.555884504,0.546290754,0.472896746,0.444115496,17
CD_model9,/home/lyara/areswave/models/CD_model9.nd,nd,UNK,,,,60,,60,,60,,60,,60,,60,0.488618392,0.575343236,0.546434955,0.511381608,0.424656764,17
Geophysical_model640,/home/lyara/areswave/models/Geophysical_model640.nd,nd,UNK,,,900,60,877.345,181.238,900,60,1119.204,33.724,1490.165,101.171,1688.461,60,0.574433435,0.532476108,0.546461884,0.425566565,0.467523892,17
Geophysical_model341,/home/lyara/areswave/models/Geophysical_model341.nd,nd,UNK,,,999.558,60,857.532,191.104,999.558,60,1115.708,16.593,1497.346,99.558,1678.723,60,0.505175079,0.567174544,0.546508056,0.494824921,0.432825456,17
Geophysical_model258,/home/lyara/areswave/models/Geophysical_model258.nd,nd,UNK,,,999.884,60,900,194.945,999.884,60,1116.415,16.647,1499.302,99.884,1680.691,60,0.5305905,0.554615018,0.546606845,0.4694095,0.445384982,17
MD_model30,/home/lyara/areswave/models/MD_model30.nd,nd,UNK,,,1031.761,60,887.465,10.307,1031.761,60,1279.127,154.604,1330.661,61.842,1586.589,60,0.603770318,0.518037638,0.546615198,0.396229682,0.481962362,17
Geophysical_model353,/home/lyara/areswave/models/Geophysical_model353.nd,nd,UNK,,,967.499,60,900,184.858,967.499,60,1119.373,33.75,1456.871,101.249,1688.933,60,0.534586609,0.55279955,0.54672857,0.465413391,0.44720045,17
Geophysical_model492,/home/lyara/areswave/models/Geophysical_model492.nd,nd,UNK,,,967.499,60,900,184.858,967.499,60,1119.373,33.75,1456.871,101.249,1688.933,60,0.534586609,0.55279955,0.54672857,0.465413391,0.44720045,17
Geophysical_model404,/home/lyara/areswave/models/Geophysical_model404.nd,nd,UNK,,,966.706,60,900,186.464,966.706,60,1116.796,33.353,1467.004,100.06,1681.752,60,0.481447467,0.579387529,0.546740842,0.518552533,0.420612471,17
Geophysical_model958,/home/lyara/areswave/models/Geophysical_model958.nd,nd,UNK,,,900,60,900,188.84,900,60,1116,16.615,1498.154,99.692,1679.536,60,0.534922711,0.552780944,0.5468282,0.465077289,0.447219056,17
Geophysical_model415,/home/lyara/areswave/models/Geophysical_model415.nd,nd,UNK,,,949.68,60,900,189.936,949.68,60,1115.279,16.56,1463.038,99.36,1677.528,60,0.519438235,0.560592116,0.546874156,0.480561765,0.439407884,17
CD_model99,/home/lyara/areswave/models/CD_model99.nd,nd,UNK,,,,60,,60,,60,,60,,60,,60,0.388809184,0.626281138,0.54712382,0.611190816,0.373718862,17
Geophysical_model912,/home/lyara/areswave/models/Geophysical_model912.nd,nd,UNK,,,916.723,60,900,178.987,916.723,60,1117.396,33.446,1468.574,83.614,1683.425,60,0.543573673,0.549209515,0.547330901,0.456426327,0.450790485,17
AK_model_60,/home/lyara/areswave/models/AK_model_60.nd,nd,UNK,,,997.761,60,820.36,25.343,997.761,60,1175.162,101.372,1352.562,25.343,1686.32,60,0.539750457,0.551179813,0.547370028,0.460249543,0.448820187,17
Geophysical_model266,/home/lyara/areswave/models/Geophysical_model266.nd,nd,UNK,,,949.973,60,900,197.605,949.973,60,1116.548,16.657,1449.698,99.945,1681.061,60,0.477875185,0.5821579,0.547396995,0.522124815,0.4178421,17
Geophysical_model153,/home/lyara/areswave/models/Geophysical_model153.nd,nd,UNK,,,983.358,60,900,178.326,983.358,60,1116.73,33.343,1483.504,100.03,1681.569,60,0.509389415,0.566438334,0.547422028,0.490610585,0.433561666,17
Geophysical_model261,/home/lyara/areswave/models/Geophysical_model261.nd,nd,UNK,,,983.358,60,900,178.326,983.358,60,1116.73,33.343,1483.504,100.03,1681.569,60,0.509389415,0.566438334,0.547422028,0.490610585,0.433561666,17
Geophysical_model531,/home/lyara/areswave/models/Geophysical_model531.nd,nd,UNK,,,950.068,60,900,179.991,950.068,60,1133.65,50.068,1484.125,66.757,1682.212,60,0.555914283,0.543311872,0.547512676,0.444085717,0.456688128,17
AK_model_3,/home/lyara/areswave/models/AK_model_3.nd,nd,UNK,,,1022.298,60,814.479,51.955,1022.298,60,1282.072,103.91,1308.049,25.978,1673.821,60,0.550870151,0.546016943,0.547634679,0.449129849,0.453983057,17
Geophysical_model714,/home/lyara/areswave/models/Geophysical_model714.nd,nd,UNK,,,900,60,900,21.451,900,60,1116.78,33.351,1483.638,100.052,1681.708,60,0.513242984,0.564847388,0.54764592,0.486757016,0.435152612,17
Geophysical_model935,/home/lyara/areswave/models/Geophysical_model935.nd,nd,UNK,,,933.4,60,876.829,185.365,933.4,60,1117.102,33.4,1484.505,83.501,1682.605,60,0.521139562,0.561136936,0.547804478,0.478860438,0.438863064,17
Geophysical_model184,/home/lyara/areswave/models/Geophysical_model184.nd,nd,UNK,,,950.621,60,900,192.919,950.621,60,1119.357,33.747,1456.828,118.116,1688.886,60,0.532594085,0.555603259,0.547933534,0.467405915,0.444396741,17
Geophysical_model532,/home/lyara/areswave/models/Geophysical_model532.nd,nd,UNK,,,916.612,60,878.548,193.069,916.612,60,1115.955,16.612,1498.03,99.672,1679.411,60,0.566613102,0.538902732,0.548139522,0.433386898,0.461097268,17
CD_model39,/home/lyara/areswave/models/CD_model39.nd,nd,UNK,,,,60,,60,,60,,60,,60,,60,0.396957678,0.624022426,0.548334177,0.603042322,0.375977574,17
Geophysical_model467,/home/lyara/areswave/models/Geophysical_model467.nd,nd,UNK,,,999.884,60,900,193.036,999.884,60,1116.415,16.647,1499.302,99.884,1680.691,60,0.486849785,0.579355007,0.548519933,0.513150215,0.420644993,17
Geophysical_model954,/home/lyara/areswave/models/Geophysical_model954.nd,nd,UNK,,,900,60,900,187.087,900,60,1116.17,16.628,1448.739,116.4,1680.009,60,0.55169545,0.547117804,0.548643686,0.44830455,0.452882196,17
Geophysical_model400,/home/lyara/areswave/models/Geophysical_model400.nd,nd,UNK,,,949.523,60,900,191.149,949.523,60,1114.598,16.507,1461.256,99.045,1675.63,60,0.459607158,0.593184938,0.548659011,0.540392842,0.406815062,17
Geophysical_model126,/home/lyara/areswave/models/Geophysical_model126.nd,nd,UNK,,,966.298,60,878.977,189.208,966.298,60,1115.469,16.574,1463.533,116.022,1678.056,60,0.463988991,0.591440636,0.548956755,0.536011009,0.408559364,17
Geophysical_model526,/home/lyara/areswave/models/Geophysical_model526.nd,nd,UNK,,,916.589,60,878.506,193.444,916.589,60,1115.651,16.589,1497.188,99.531,1678.564,60,0.587089198,0.530065855,0.549073636,0.412910802,0.469934145,17
MD_model1,/home/lyara/areswave/models/MD_model1.nd,nd,UNK,,,998.962,60,781.126,10.373,998.962,60,1102.693,197.09,1445.007,186.717,1598.079,60,0.565093621,0.541421583,0.549312263,0.434906379,0.458578417,17
Geophysical_model814,/home/lyara/areswave/models/Geophysical_model814.nd,nd,UNK,,,1088.465,60,900,20.695,1088.465,60,1105.598,17.133,1465.394,102.799,1698.287,60,0.575697765,0.536193506,0.549361593,0.424302235,0.463806494,17
Geophysical_model707,/home/lyara/areswave/models/Geophysical_model707.nd,nd,UNK,,,933.674,60,879.802,181.785,933.674,60,1118.884,33.674,1489.303,84.186,1687.57,60,0.569123629,0.539580921,0.549428491,0.430876371,0.460419079,17
Geophysical_model879,/home/lyara/areswave/models/Geophysical_model879.nd,nd,UNK,,,933.674,60,879.802,181.785,933.674,60,1118.884,33.674,1489.303,84.186,1687.57,60,0.569123629,0.539580921,0.549428491,0.430876371,0.460419079,17
AK_model_41,/home/lyara/areswave/models/AK_model_41.nd,nd,UNK,,,1033.676,60,821.492,26.524,1033.676,60,1298.907,106.092,1484.568,159.138,1694.521,60,0.576352394,0.535969002,0.549430133,0.423647606,0.464030998,17
Geophysical_model904,/home/lyara/areswave/models/Geophysical_model904.nd,nd,UNK,,,950.128,60,900,199.445,950.128,60,1133.929,50.128,1484.824,66.837,1682.935,60,0.533136375,0.557580644,0.549432555,0.466863625,0.442419356,17
Geophysical_model678,/home/lyara/areswave/models/Geophysical_model678.nd,nd,UNK,,,916.693,60,877.488,180.095,916.693,60,1117.015,33.386,1484.271,83.467,1682.363,60,0.552772397,0.548904181,0.550193586,0.447227603,0.451095819,17
Geophysical_model286,/home/lyara/areswave/models/Geophysical_model286.nd,nd,UNK,,,949.973,60,900,197.891,949.973,60,1116.548,16.657,1449.698,99.945,1681.061,60,0.554032588,0.54854944,0.550377156,0.445967412,0.45145056,17
Geophysical_model773,/home/lyara/areswave/models/Geophysical_model773.nd,nd,UNK,,,900,60,900,177.993,900,60,1118.724,33.65,1488.873,100.949,1687.125,60,0.516681515,0.567237109,0.550385244,0.483318485,0.432762891,17
Geophysical_model249,/home/lyara/areswave/models/Geophysical_model249.nd,nd,UNK,,,967.872,60,900,181.004,967.872,60,1120.585,33.937,1459.948,101.809,1692.31,60,0.552273486,0.549511953,0.550432464,0.447726514,0.450488047,17
Geophysical_model601,/home/lyara/areswave/models/Geophysical_model601.nd,nd,UNK,,,916.693,60,877.681,178.549,916.693,60,1117.015,33.386,1484.271,83.467,1682.363,60,0.563394267,0.544398154,0.550730191,0.436605733,0.455601846,17
CD_model34,/home/lyara/areswave/models/CD_model34.nd,nd,UNK,,,,60,,60,,60,,60,,60,,60,0.437438543,0.607546469,0.550843827,0.562561457,0.392453531,17
Geophysical_model911,/home/lyara/areswave/models/Geophysical_model911.nd,nd,UNK,,,933.365,60,900,186.46,933.365,60,1116.871,33.365,1483.885,83.412,1681.963,60,0.521960122,0.565651017,0.551087385,0.478039878,0.434348983,17
Geophysical_model27,/home/lyara/areswave/models/Geophysical_model27.nd,nd,UNK,,,983.983,60,900,186.254,983.983,60,1118.355,33.593,1487.879,100.779,1686.096,60,0.550442761,0.551499469,0.551147233,0.449557239,0.448500531,17
Geophysical_model162,/home/lyara/areswave/models/Geophysical_model162.nd,nd,UNK,,,983.983,60,900,186.254,983.983,60,1118.355,33.593,1487.879,100.779,1686.096,60,0.550442761,0.551499469,0.551147233,0.449557239,0.448500531,17
Geophysical_model797,/home/lyara/areswave/models/Geophysical_model797.nd,nd,UNK,,,933.11,60,878.025,197.778,933.11,60,1115.217,16.555,1479.431,99.331,1677.355,60,0.53462664,0.559530305,0.551229084,0.46537336,0.440469695,17
Geophysical_model140,/home/lyara/areswave/models/Geophysical_model140.nd,nd,UNK,,,965.752,60,900,181.095,965.752,60,1113.693,16.437,1458.888,115.065,1673.108,60,0.494705809,0.579495308,0.551232142,0.505294191,0.420504692,17
AK_model_6,/home/lyara/areswave/models/AK_model_6.nd,nd,UNK,,,1050.566,60,816.362,26.023,1050.566,60,1284.77,78.068,1310.793,26.023,1676.747,60,0.525601255,0.564288786,0.551392943,0.474398745,0.435711214,17
Geophysical_model589,/home/lyara/areswave/models/Geophysical_model589.nd,nd,UNK,,,1086.489,60,900,21.264,1086.489,60,1103.443,16.953,1459.467,118.675,1691.782,60,0.564004276,0.545119682,0.551414546,0.435995724,0.454880318,17
Geophysical_model35,/home/lyara/areswave/models/Geophysical_model35.nd,nd,UNK,,,1049.765,60,900,179.803,1049.765,60,1132.968,33.281,1499.059,83.202,1680.447,60,0.564010803,0.545145893,0.551434196,0.435989197,0.454854107,17
Geophysical_model667,/home/lyara/areswave/models/Geophysical_model667.nd,nd,UNK,,,900,60,900,21.342,900,60,1100.223,33.371,1483.984,100.111,1682.066,60,0.538306957,0.558289699,0.551628785,0.461693043,0.441710301,17
Geophysical_model762,/home/lyara/areswave/models/Geophysical_model762.nd,nd,UNK,,,933.422,60,900,184.314,933.422,60,1117.244,33.423,1484.889,83.556,1683.002,60,0.526132295,0.564632176,0.551798883,0.473867705,0.435367824,17
Geophysical_model844,/home/lyara/areswave/models/Geophysical_model844.nd,nd,UNK,,,933.261,60,900,184.559,933.261,60,1116.199,16.631,1498.706,99.784,1680.091,60,0.560675065,0.547545064,0.551921731,0.439324935,0.452454936,17
Geophysical_model705,/home/lyara/areswave/models/Geophysical_model705.nd,nd,UNK,,,933.862,60,879.268,186.584,933.862,60,1120.105,33.862,1492.59,84.656,1690.97,60,0.550482231,0.552647019,0.551925423,0.449517769,0.447352981,17
Geophysical_model701,/home/lyara/areswave/models/Geophysical_model701.nd,nd,UNK,,,933.862,60,879.268,186.584,933.862,60,1120.105,33.862,1492.59,84.656,1690.97,60,0.550482231,0.552647019,0.551925423,0.449517769,0.447352981,17
Geophysical_model864,/home/lyara/areswave/models/Geophysical_model864.nd,nd,UNK,,,933.862,60,879.268,186.584,933.862,60,1120.105,33.862,1492.59,84.656,1690.97,60,0.550482231,0.552647019,0.551925423,0.449517769,0.447352981,17
Geophysical_model350,/home/lyara/areswave/models/Geophysical_model350.nd,nd,UNK,,,999.844,60,878.82,190.616,999.844,60,1116.329,16.64,1465.783,99.844,1680.452,60,0.507384348,0.574385463,0.552051758,0.492615652,0.425614537,17
Geophysical_model142,/home/lyara/areswave/models/Geophysical_model142.nd,nd,UNK,,,966.81,60,900,180.188,966.81,60,1117.132,33.405,1484.587,100.215,1682.69,60,0.541708202,0.557394607,0.552165805,0.458291798,0.442605393,17
Geophysical_model588,/home/lyara/areswave/models/Geophysical_model588.nd,nd,UNK,,,916.714,60,900,191.837,916.714,60,1117.284,33.428,1468.281,83.571,1683.113,60,0.531947458,0.562378361,0.552234727,0.468052542,0.437621639,17
AK_model_74,/home/lyara/areswave/models/AK_model_74.nd,nd,UNK,,,1048.917,60,820.552,25.374,1048.917,60,1277.282,50.748,1328.03,50.748,1687.331,60,0.581214785,0.537793772,0.552267443,0.418785215,0.462206228,17
Geophysical_model546,/home/lyara/areswave/models/Geophysical_model546.nd,nd,UNK,,,916.694,60,877.651,178.792,916.694,60,1117.027,33.389,1467.608,83.472,1682.396,60,0.54133912,0.557761267,0.552287218,0.45866088,0.442238733,17
Geophysical_model881,/home/lyara/areswave/models/Geophysical_model881.nd,nd,UNK,,,950.007,60,900,179.212,950.007,60,1133.367,50.007,1483.418,66.676,1681.481,60,0.528401498,0.564364422,0.552376781,0.471598502,0.435635578,17
Geophysical_model619,/home/lyara/areswave/models/Geophysical_model619.nd,nd,UNK,,,916.969,60,878.268,195.584,916.969,60,1120.603,33.939,1493.931,84.847,1692.359,60,0.534885436,0.561332545,0.552516842,0.465114564,0.438667455,17
Geophysical_model980,/home/lyara/areswave/models/Geophysical_model980.nd,nd,UNK,,,916.969,60,878.268,195.584,916.969,60,1120.603,33.939,1493.931,84.847,1692.359,60,0.534885436,0.561332545,0.552516842,0.465114564,0.438667455,17
Geophysical_model238,/home/lyara/areswave/models/Geophysical_model238.nd,nd,UNK,,,983.209,60,877.982,198.163,983.209,60,1116.342,16.642,1465.818,116.492,1680.489,60,0.529078747,0.564314122,0.552568997,0.470921253,0.435685878,17
Geophysical_model221,/home/lyara/areswave/models/Geophysical_model221.nd,nd,UNK,,,1063.523,60,900,189.414,1063.523,60,1145.284,16.352,1488.683,65.409,1670.008,60,0.536214801,0.560760072,0.552578315,0.463785199,0.439239928,17
CD_model59,/home/lyara/areswave/models/CD_model59.nd,nd,UNK,,,,60,,60,,60,,60,,60,,60,0.502116544,0.577903499,0.55264118,0.497883456,0.422096501,17
Geophysical_model900,/home/lyara/areswave/models/Geophysical_model900.nd,nd,UNK,,,916.728,60,875.978,192.176,916.728,60,1117.467,33.456,1485.488,83.641,1683.622,60,0.527480134,0.565342794,0.552721907,0.472519866,0.434657206,17
Geophysical_model610,/home/lyara/areswave/models/Geophysical_model610.nd,nd,UNK,,,916.648,60,900,179.429,916.648,60,1116.419,16.648,1482.668,99.885,1680.704,60,0.5620132,0.548087081,0.552729121,0.4379868,0.451912919,17
Geophysical_model736,/home/lyara/areswave/models/Geophysical_model736.nd,nd,UNK,,,1084.925,60,900,29.856,1084.925,60,1101.736,16.811,1454.774,100.868,1686.632,60,0.545665499,0.55633062,0.55277558,0.454334501,0.44366938,17
Geophysical_model946,/home/lyara/areswave/models/Geophysical_model946.nd,nd,UNK,,,916.702,60,877.535,179.72,916.702,60,1117.126,33.404,1484.569,83.51,1682.671,60,0.546343006,0.556027672,0.55279945,0.453656994,0.443972328,17
AK_model_46,/home/lyara/areswave/models/AK_model_46.nd,nd,UNK,,,1017.265,60,775.483,26.865,1017.265,60,1285.911,134.323,1473.964,26.865,1710.571,60,0.561126029,0.548669611,0.552821751,0.438873971,0.451330389,17
maak,/home/lyara/areswave/models/maak.npz,npz,UNK,,,1084.528,60,858.423,180.884,1084.528,60,1174.97,90.442,1401.074,67.832,1695.01,22.61,0.561654598,0.548518031,0.552896887,0.438345402,0.451481969,17
Geophysical_model871,/home/lyara/areswave/models/Geophysical_model871.nd,nd,UNK,,,1099.979,60,900,21.957,1099.979,60,1116.644,16.665,1466.608,116.655,1681.33,60,0.500857123,0.579020191,0.552965835,0.499142877,0.420979809,17
Geophysical_model756,/home/lyara/areswave/models/Geophysical_model756.nd,nd,UNK,,,949.989,60,900,199.915,949.989,60,1116.619,16.663,1483.204,83.315,1681.259,60,0.547322723,0.555803328,0.55297646,0.452677277,0.444196672,17
Geophysical_model689,/home/lyara/areswave/models/Geophysical_model689.nd,nd,UNK,,,949.989,60,900,178.211,949.989,60,1116.619,16.663,1499.867,83.315,1681.259,60,0.556611451,0.551196959,0.55300179,0.443388549,0.448803041,17
CD_model71,/home/lyara/areswave/models/CD_model71.nd,nd,UNK,,,,60,,60,,60,,60,,60,,60,0.451509298,0.603906648,0.553107531,0.548490702,0.396093352,17
CD_model67,/home/lyara/areswave/models/CD_model67.nd,nd,UNK,,,,60,,60,,60,,60,,60,,60,0.4687659,0.595388836,0.553181191,0.5312341,0.404611164,17
Geophysical_model342,/home/lyara/areswave/models/Geophysical_model342.nd,nd,UNK,,,1031.762,60,900,188.3,1031.762,60,1130.583,32.941,1492.929,82.351,1674.28,60,0.575224897,0.542218478,0.553220618,0.424775103,0.457781522,17
Geophysical_model999,/home/lyara/areswave/models/Geophysical_model999.nd,nd,UNK,,,1086.489,60,900,21.299,1086.489,60,1103.443,16.953,1459.467,118.675,1691.782,60,0.589442308,0.535126804,0.553231972,0.410557692,0.464873196,17
Geophysical_model692,/home/lyara/areswave/models/Geophysical_model692.nd,nd,UNK,,,1099.489,60,900,20.906,1099.489,60,1116.113,16.624,1465.218,99.745,1679.849,60,0.507806489,0.576084937,0.553325454,0.492193511,0.423915063,17
MD_model91,/home/lyara/areswave/models/MD_model91.nd,nd,UNK,,,1010.241,60,823.126,10.395,1010.241,60,1155.775,155.93,1301.31,166.324,1600.05,60,0.523126383,0.568435018,0.553332139,0.476873617,0.431564982,17
AK_model_28,/home/lyara/areswave/models/AK_model_28.nd,nd,UNK,,,1043.88,60,800.399,27.054,1043.88,60,1287.361,54.107,1314.414,27.054,1713.845,60,0.572514361,0.543751929,0.553339407,0.427485639,0.456248071,17
Geophysical_model64,/home/lyara/areswave/models/Geophysical_model64.nd,nd,UNK,,,967.437,60,900,186.209,967.437,60,1119.169,33.718,1456.352,101.155,1688.364,60,0.511298547,0.574392179,0.553360968,0.488701453,0.425607821,17
Geophysical_model70,/home/lyara/areswave/models/Geophysical_model70.nd,nd,UNK,,,1000.927,60,900,186.956,1000.927,60,1135.497,33.643,1488.742,84.106,1686.989,60,0.506172457,0.577067273,0.553435668,0.493827543,0.422932727,17
MD_model2,/home/lyara/areswave/models/MD_model2.nd,nd,UNK,,,986.891,60,741.65,21.326,986.891,60,1114.842,42.65,1445.384,42.651,1631.921,60,0.574260115,0.543104506,0.553489709,0.425739885,0.456895494,17
MD_model49,/home/lyara/areswave/models/MD_model49.nd,nd,UNK,,,1035.919,60,728.669,186.544,1035.919,60,1299.277,10.973,1365.116,87.786,1653.423,60,0.50685796,0.576867699,0.55353112,0.49314204,0.423132301,17
Geophysical_model68,/home/lyara/areswave/models/Geophysical_model68.nd,nd,UNK,,,933.76,60,900,182.039,933.76,60,1102.557,16.88,1440.153,101.278,1689.11,60,0.545702889,0.557532651,0.553589397,0.454297111,0.442467349,17
Geophysical_model260,/home/lyara/areswave/models/Geophysical_model260.nd,nd,UNK,,,982.805,60,860.802,195.988,982.805,60,1115.292,16.561,1496.194,99.365,1677.564,60,0.49870885,0.581045241,0.553599777,0.50129115,0.418954759,17
Geophysical_model659,/home/lyara/areswave/models/Geophysical_model659.nd,nd,UNK,,,916.847,60,879.824,181.587,916.847,60,1119.005,33.693,1489.628,84.233,1687.906,60,0.539306107,0.560761472,0.553609684,0.460693893,0.439238528,17
Geophysical_model605,/home/lyara/areswave/models/Geophysical_model605.nd,nd,UNK,,,916.648,60,900,180.158,916.648,60,1116.419,16.648,1499.315,99.885,1680.704,60,0.540265111,0.56039044,0.553681997,0.459734889,0.43960956,17
Geophysical_model502,/home/lyara/areswave/models/Geophysical_model502.nd,nd,UNK,,,967.586,60,900,190.608,967.586,60,1136.55,33.793,1491.375,67.586,1689.713,60,0.500052801,0.580584519,0.553740613,0.499947199,0.419415481,17
MD_model73,/home/lyara/areswave/models/MD_model73.nd,nd,UNK,,,995.034,60,763.228,10.537,995.034,60,1100.4,147.513,1395.426,126.44,1602.505,60,0.60394263,0.528685576,0.553771261,0.39605737,0.471314424,17
Geophysical_model808,/home/lyara/areswave/models/Geophysical_model808.nd,nd,UNK,,,916.724,60,900,188.917,916.724,60,1117.416,33.448,1468.626,83.621,1683.48,60,0.569647643,0.545849883,0.55378247,0.430352357,0.454150117,17
Geophysical_model338,/home/lyara/areswave/models/Geophysical_model338.nd,nd,UNK,,,983.209,60,878.088,197.21,983.209,60,1116.344,16.642,1465.824,116.493,1680.495,60,0.497668434,0.582147657,0.553987916,0.502331566,0.417852343,17
Geophysical_model77,/home/lyara/areswave/models/Geophysical_model77.nd,nd,UNK,,,1049.531,60,900,181.051,1049.531,60,1132.603,33.229,1498.123,83.073,1679.504,60,0.514177459,0.574125507,0.554142824,0.485822541,0.425874493,17
Geophysical_model765,/home/lyara/areswave/models/Geophysical_model765.nd,nd,UNK,,,933.693,60,900,180.94,933.693,60,1119.005,33.693,1489.628,84.233,1687.906,60,0.561721257,0.550416914,0.554185029,0.438278743,0.449583086,17
Geophysical_model767,/home/lyara/areswave/models/Geophysical_model767.nd,nd,UNK,,,933.693,60,900,180.94,933.693,60,1119.005,33.693,1489.628,84.233,1687.906,60,0.561721257,0.550416914,0.554185029,0.438278743,0.449583086,17
Geophysical_model696,/home/lyara/areswave/models/Geophysical_model696.nd,nd,UNK,,,933.693,60,900,180.94,933.693,60,1119.005,33.693,1489.628,84.233,1687.906,60,0.561721257,0.550416914,0.554185029,0.438278743,0.449583086,17
Geophysical_model975,/home/lyara/areswave/models/Geophysical_model975.nd,nd,UNK,,,933.693,60,900,180.94,933.693,60,1119.005,33.693,1489.628,84.233,1687.906,60,0.561721257,0.550416914,0.554185029,0.438278743,0.449583086,17
Geophysical_model616,/home/lyara/areswave/models/Geophysical_model616.nd,nd,UNK,,,933.693,60,900,180.94,933.693,60,1119.005,33.693,1489.628,84.233,1687.906,60,0.561721257,0.550416914,0.554185029,0.438278743,0.449583086,17
Geophysical_model579,/home/lyara/areswave/models/Geophysical_model579.nd,nd,UNK,,,1099.489,60,900,21.019,1099.489,60,1116.113,16.624,1465.218,99.745,1679.849,60,0.553929258,0.55432666,0.554194193,0.446070742,0.44567334,17
Geophysical_model803,/home/lyara/areswave/models/Geophysical_model803.nd,nd,UNK,,,1099.489,60,900,21.019,1099.489,60,1116.113,16.624,1465.218,99.745,1679.849,60,0.553929258,0.55432666,0.554194193,0.446070742,0.44567334,17
Geophysical_model444,/home/lyara/areswave/models/Geophysical_model444.nd,nd,UNK,,,949.55,60,900,192.741,949.55,60,1114.715,16.516,1461.562,99.099,1675.956,60,0.483119302,0.589868908,0.554285706,0.516880698,0.410131092,17
Geophysical_model614,/home/lyara/areswave/models/Geophysical_model614.nd,nd,UNK,,,933.975,60,879.27,186.573,933.975,60,1120.837,33.975,1494.562,84.937,1693.011,60,0.567050481,0.548020509,0.554363833,0.432949519,0.451979491,17
Geophysical_model788,/home/lyara/areswave/models/Geophysical_model788.nd,nd,UNK,,,900,60,900,178.308,900,60,1120.035,33.851,1492.403,101.555,1690.777,60,0.582555904,0.540328515,0.554404312,0.417444096,0.459671485,17
Geophysical_model106,/home/lyara/areswave/models/Geophysical_model106.nd,nd,UNK,,,966.673,60,900,186.183,966.673,60,1116.688,33.336,1483.391,100.01,1681.453,60,0.525727286,0.568921859,0.554523668,0.474272714,0.431078141,17
Geophysical_model837,/home/lyara/areswave/models/Geophysical_model837.nd,nd,UNK,,,916.555,60,877.951,198.443,916.555,60,1115.217,16.555,1495.986,99.331,1677.355,60,0.563429622,0.550084306,0.554532745,0.436570378,0.449915694,17
Geophysical_model524,/home/lyara/areswave/models/Geophysical_model524.nd,nd,UNK,,,916.555,60,877.951,198.443,916.555,60,1115.217,16.555,1495.986,99.331,1677.355,60,0.563429622,0.550084306,0.554532745,0.436570378,0.449915694,17
AK_model_25,/home/lyara/areswave/models/AK_model_25.nd,nd,UNK,,,1038.21,60,798.179,26.67,1038.21,60,1278.24,26.67,1331.58,53.34,1701.46,60,0.570464927,0.546621573,0.554569357,0.429535073,0.453378427,17
AK_model_43,/home/lyara/areswave/models/AK_model_43.nd,nd,UNK,,,1028.345,60,817.934,26.302,1028.345,60,1291.359,105.206,1475.469,157.809,1685.454,60,0.509152098,0.577518501,0.5547297,0.490847902,0.422481499,17
Geophysical_model636,/home/lyara/areswave/models/Geophysical_model636.nd,nd,UNK,,,900,60,900,178.87,900,60,1118.565,33.625,1471.633,100.876,1686.682,60,0.539059177,0.562707284,0.554824582,0.460940823,0.437292716,17
Geophysical_model877,/home/lyara/areswave/models/Geophysical_model877.nd,nd,UNK,,,933.943,60,879.36,185.761,933.943,60,1120.631,33.943,1477.036,84.858,1692.437,60,0.599942086,0.532384128,0.554903448,0.400057914,0.467615872,17
Geophysical_model58,/home/lyara/areswave/models/Geophysical_model58.nd,nd,UNK,,,966.592,60,900,182.842,966.592,60,1116.423,16.648,1466.03,99.888,1680.715,60,0.525984309,0.569478353,0.554980338,0.474015691,0.430521647,17
Geophysical_model43,/home/lyara/areswave/models/Geophysical_model43.nd,nd,UNK,,,1099.378,60,900,180.832,1099.378,60,1115.993,16.614,1431.674,99.689,1679.515,60,0.479223809,0.592982866,0.555063181,0.520776191,0.407017134,17
CD_model32,/home/lyara/areswave/models/CD_model32.nd,nd,UNK,,,,60,,60,,60,,60,,60,,60,0.485719666,0.589769936,0.555086512,0.514280334,0.410230064,17
Geophysical_model733,/home/lyara/areswave/models/Geophysical_model733.nd,nd,UNK,,,933.815,60,879.484,184.644,933.815,60,1119.798,33.815,1474.857,84.537,1690.116,60,0.588999931,0.53827162,0.555181057,0.411000069,0.46172838,17
Geophysical_model995,/home/lyara/areswave/models/Geophysical_model995.nd,nd,UNK,,,950.91,60,900,199.279,950.91,60,1137.578,33.94,1493.945,84.849,1692.373,60,0.513650867,0.575994788,0.555213481,0.486349133,0.424005212,17
Geophysical_model622,/home/lyara/areswave/models/Geophysical_model622.nd,nd,UNK,,,933.416,60,900,184.268,933.416,60,1117.203,33.416,1484.777,83.54,1682.887,60,0.573266431,0.54629885,0.555288043,0.426733569,0.45370115,17
Geophysical_model919,/home/lyara/areswave/models/Geophysical_model919.nd,nd,UNK,,,900,60,859.276,183.257,900,60,1106.522,17.21,1485.145,86.05,1502.356,68.84,0.547912525,0.559052782,0.555339363,0.452087475,0.440947218,17
Geophysical_model867,/home/lyara/areswave/models/Geophysical_model867.nd,nd,UNK,,,900,60,859.276,183.257,900,60,1106.522,17.21,1485.145,86.05,1502.356,68.84,0.547912525,0.559052782,0.555339363,0.452087475,0.440947218,17
Geophysical_model247,/home/lyara/areswave/models/Geophysical_model247.nd,nd,UNK,,,966.552,60,900,193.11,966.552,60,1116.294,16.638,1465.692,99.828,1680.354,60,0.53271341,0.566674554,0.555354173,0.46728659,0.433325446,17
Geophysical_model590,/home/lyara/areswave/models/Geophysical_model590.nd,nd,UNK,,,916.672,60,876.867,185.067,916.672,60,1116.735,33.344,1483.517,83.359,1681.583,60,0.588765404,0.538758234,0.555427291,0.411234596,0.461241766,17
Geophysical_model576,/home/lyara/areswave/models/Geophysical_model576.nd,nd,UNK,,,916.723,60,877.532,179.741,916.723,60,1117.396,33.446,1468.574,83.614,1683.425,60,0.528291646,0.569061242,0.555471376,0.471708354,0.430938758,17
Geophysical_model243,/home/lyara/areswave/models/Geophysical_model243.nd,nd,UNK,,,982.905,60,900,182.575,982.905,60,1115.552,16.581,1463.752,116.067,1678.288,60,0.499042529,0.58373086,0.555501416,0.500957471,0.41626914,17
Geophysical_model663,/home/lyara/areswave/models/Geophysical_model663.nd,nd,UNK,,,900,60,900,180.983,900,60,1119.116,33.71,1473.072,101.131,1688.215,60,0.590026372,0.538282152,0.555530225,0.409973628,0.461717848,17
Geophysical_model949,/home/lyara/areswave/models/Geophysical_model949.nd,nd,UNK,,,916.648,60,877.517,179.866,916.648,60,1116.419,16.648,1499.315,99.885,1680.704,60,0.534206261,0.566292067,0.555596798,0.465793739,0.433707933,17
Geophysical_model586,/home/lyara/areswave/models/Geophysical_model586.nd,nd,UNK,,,1099.57,60,900,21.058,1099.57,60,1116.201,16.631,1465.45,99.785,1680.096,60,0.563812219,0.551534093,0.555626801,0.436187781,0.448465907,17
Geophysical_model399,/home/lyara/areswave/models/Geophysical_model399.nd,nd,UNK,,,1098.226,60,900,179.576,1098.226,60,1114.745,16.519,1445.122,99.113,1676.04,60,0.505956956,0.580464081,0.555628373,0.494043044,0.419535919,17
Geophysical_model682,/home/lyara/areswave/models/Geophysical_model682.nd,nd,UNK,,,966.806,60,900,177.611,966.806,60,1133.823,33.403,1484.557,66.807,1682.659,60,0.604825193,0.531073553,0.555657433,0.395174807,0.468926447,17
Geophysical_model872,/home/lyara/areswave/models/Geophysical_model872.nd,nd,UNK,,,916.706,60,876.388,188.893,916.706,60,1117.178,33.412,1484.711,83.53,1682.818,60,0.533913884,0.566854039,0.555873987,0.466086116,0.433145961,17
Geophysical_model508,/home/lyara/areswave/models/Geophysical_model508.nd,nd,UNK,,,1083.952,60,900,22.324,1083.952,60,1100.674,16.723,1485.3,100.337,1683.428,60,0.544498353,0.561577999,0.555884784,0.455501647,0.438422001,17
Geophysical_model340,/home/lyara/areswave/models/Geophysical_model340.nd,nd,UNK,,,1001.133,60,861.553,192.234,1001.133,60,1119.121,33.711,1473.087,101.133,1688.231,60,0.544735132,0.561605655,0.555982148,0.455264868,0.438394345,17
Geophysical_model57,/home/lyara/areswave/models/Geophysical_model57.nd,nd,UNK,,,984.104,60,876.704,186.372,984.104,60,1118.67,33.641,1488.726,100.924,1686.973,60,0.553451937,0.55766349,0.556259639,0.446548063,0.44233651,17
Geophysical_model674,/home/lyara/areswave/models/Geophysical_model674.nd,nd,UNK,,,916.672,60,900,180.517,916.672,60,1116.738,33.345,1483.524,83.361,1681.59,60,0.574649741,0.547080243,0.556270076,0.425350259,0.452919757,17
Geophysical_model969,/home/lyara/areswave/models/Geophysical_model969.nd,nd,UNK,,,900,60,900,180.861,900,60,1106.104,17.175,1483.961,103.052,1699.813,60,0.57054803,0.54914052,0.556276357,0.42945197,0.45085948,17
Geophysical_model910,/home/lyara/areswave/models/Geophysical_model910.nd,nd,UNK,,,950.007,60,900,179.014,950.007,60,1133.367,33.338,1483.418,66.676,1681.481,60,0.573231703,0.547807708,0.556282373,0.426768297,0.452192292,17
Geophysical_model741,/home/lyara/areswave/models/Geophysical_model741.nd,nd,UNK,,,916.648,60,900,180.181,916.648,60,1116.419,16.648,1499.315,99.885,1680.704,60,0.54954649,0.559707074,0.556320213,0.45045351,0.440292926,17
Geophysical_model918,/home/lyara/areswave/models/Geophysical_model918.nd,nd,UNK,,,933.4,60,900,184.586,933.4,60,1117.102,33.4,1484.505,66.801,1682.605,60,0.542985753,0.563105119,0.556398664,0.457014247,0.436894881,17
Geophysical_model660,/home/lyara/areswave/models/Geophysical_model660.nd,nd,UNK,,,1097.761,60,900,24.193,1097.761,60,1114.242,16.48,1443.844,115.361,1674.637,60,0.487221383,0.591111425,0.556481411,0.512778617,0.408888575,17
CD_model80,/home/lyara/areswave/models/CD_model80.nd,nd,UNK,,,,60,,60,,60,,60,,60,,60,0.441805427,0.614381099,0.556855875,0.558194573,0.385618901,17
Geophysical_model15,/home/lyara/areswave/models/Geophysical_model15.nd,nd,UNK,,,966.855,60,900,194.182,966.855,60,1117.28,33.428,1484.985,100.283,1683.102,60,0.509261905,0.58071182,0.556895182,0.490738095,0.41928818,17
Geophysical_model961,/home/lyara/areswave/models/Geophysical_model961.nd,nd,UNK,,,949.959,60,900,179.65,949.959,60,1133.142,33.305,1499.507,83.265,1680.897,60,0.532413596,0.569212972,0.556946513,0.467586404,0.430787028,17
Geophysical_model861,/home/lyara/areswave/models/Geophysical_model861.nd,nd,UNK,,,949.959,60,900,179.65,949.959,60,1133.142,33.305,1499.507,83.265,1680.897,60,0.532413596,0.569212972,0.556946513,0.467586404,0.430787028,17
Geophysical_model629,/home/lyara/areswave/models/Geophysical_model629.nd,nd,UNK,,,900,60,900,21.487,900,60,1116.854,33.362,1483.837,100.087,1681.914,60,0.549740709,0.560701659,0.557048009,0.450259291,0.439298341,17
AK_model_81,/home/lyara/areswave/models/AK_model_81.nd,nd,UNK,,,1048.351,60,819.977,25.375,1048.351,60,1276.724,50.749,1327.474,50.75,1686.823,60,0.527399532,0.571893638,0.557062269,0.472600468,0.428106362,17
Geophysical_model888,/home/lyara/areswave/models/Geophysical_model888.nd,nd,UNK,,,1088.465,60,900,20.73,1088.465,60,1105.598,17.133,1465.394,102.799,1698.287,60,0.571397937,0.550173156,0.557248083,0.428602063,0.449826844,17
AK_model_72,/home/lyara/areswave/models/AK_model_72.nd,nd,UNK,,,1026.606,60,795.967,25.627,1026.606,60,1282.873,76.88,1308.499,25.627,1695.104,60,0.570891642,0.550596864,0.55736179,0.429108358,0.449403136,17
CD_model21,/home/lyara/areswave/models/CD_model21.nd,nd,UNK,,,,60,,60,,60,,60,,60,,60,0.432865438,0.619984572,0.557611527,0.567134562,0.380015428,17
Geophysical_model968,/home/lyara/areswave/models/Geophysical_model968.nd,nd,UNK,,,949.898,60,900,182.376,949.898,60,1132.856,33.265,1498.773,83.163,1680.159,60,0.54255574,0.565207183,0.557656702,0.45744426,0.434792817,17
Geophysical_model565,/home/lyara/areswave/models/Geophysical_model565.nd,nd,UNK,,,949.898,60,900,182.376,949.898,60,1132.856,33.265,1498.773,83.163,1680.159,60,0.54255574,0.565207183,0.557656702,0.45744426,0.434792817,17
CD_model4,/home/lyara/areswave/models/CD_model4.nd,nd,UNK,,,,60,,60,,60,,60,,60,,60,0.513061534,0.579979212,0.557673319,0.486938466,0.420020788,17
Geophysical_model198,/home/lyara/areswave/models/Geophysical_model198.nd,nd,UNK,,,983.727,60,878.886,190.026,983.727,60,1117.689,33.49,1486.086,100.472,1684.241,60,0.503016188,0.58500217,0.557673509,0.496983812,0.41499783,17
Geophysical_model592,/home/lyara/areswave/models/Geophysical_model592.nd,nd,UNK,,,916.736,60,875.96,192.319,916.736,60,1117.572,33.472,1485.77,83.681,1683.914,60,0.545754307,0.563933173,0.557873551,0.454245693,0.436066827,17
AK_model_73,/home/lyara/areswave/models/AK_model_73.nd,nd,UNK,,,1039.669,60,790.268,24.94,1039.669,60,1264.13,74.82,1314.011,24.94,1670.688,60,0.534637037,0.569634117,0.557968424,0.465362963,0.430365883,17
Geophysical_model381,/home/lyara/areswave/models/Geophysical_model381.nd,nd,UNK,,,999.558,60,878.755,191.207,999.558,60,1115.708,16.593,1497.346,99.558,1678.723,60,0.539672477,0.567170294,0.558004355,0.460327523,0.432829706,17
Geophysical_model25,/home/lyara/areswave/models/Geophysical_model25.nd,nd,UNK,,,983.376,60,879.05,188.546,983.376,60,1116.777,33.35,1466.955,100.051,1681.7,60,0.485758152,0.594176549,0.558037084,0.514241848,0.405823451,17
Geophysical_model929,/home/lyara/areswave/models/Geophysical_model929.nd,nd,UNK,,,933.343,60,900,179.355,933.343,60,1116.73,33.343,1483.505,83.358,1681.57,60,0.529624963,0.572446638,0.558172746,0.470375037,0.427553362,17
Geophysical_model683,/home/lyara/areswave/models/Geophysical_model683.nd,nd,UNK,,,900,60,900,179.635,900,60,1101.753,16.812,1488.445,100.876,1686.682,60,0.552816106,0.560882511,0.558193709,0.447183894,0.439117489,17
Geophysical_model284,/home/lyara/areswave/models/Geophysical_model284.nd,nd,UNK,,,1032.872,60,900,181.643,1032.872,60,1132.525,33.217,1497.923,83.045,1679.303,60,0.554663179,0.560054995,0.558257723,0.445336821,0.439945005,17
Geophysical_model322,/home/lyara/areswave/models/Geophysical_model322.nd,nd,UNK,,,983.19,60,900,194.819,983.19,60,1116.294,16.638,1465.692,116.466,1680.354,60,0.525279763,0.574847003,0.55832459,0.474720237,0.425152997,17
Geophysical_model93,/home/lyara/areswave/models/Geophysical_model93.nd,nd,UNK,,,967.494,60,900,192.453,967.494,60,1119.357,33.747,1456.828,118.116,1688.886,60,0.508643763,0.583310808,0.558421793,0.491356237,0.416689192,17
Geophysical_model60,/home/lyara/areswave/models/Geophysical_model60.nd,nd,UNK,,,966.712,60,900,192.405,966.712,60,1116.813,33.356,1483.727,100.067,1681.8,60,0.549231685,0.563058266,0.558449405,0.450768315,0.436941734,17
Geophysical_model195,/home/lyara/areswave/models/Geophysical_model195.nd,nd,UNK,,,966.712,60,900,192.405,966.712,60,1116.813,33.356,1483.727,100.067,1681.8,60,0.549231685,0.563058266,0.558449405,0.450768315,0.436941734,17
Geophysical_model41,/home/lyara/areswave/models/Geophysical_model41.nd,nd,UNK,,,949.973,60,900,192.694,949.973,60,1116.548,16.657,1449.698,116.603,1681.061,60,0.524364238,0.575504695,0.558457876,0.475635762,0.424495305,17
Geophysical_model626,/home/lyara/areswave/models/Geophysical_model626.nd,nd,UNK,,,933.4,60,876.875,184.998,933.4,60,1117.102,33.4,1484.505,83.501,1682.605,60,0.565552901,0.554987283,0.558509156,0.434447099,0.445012717,17
Geophysical_model635,/home/lyara/areswave/models/Geophysical_model635.nd,nd,UNK,,,916.706,60,900,188.093,916.706,60,1117.178,33.412,1484.711,83.53,1682.818,60,0.53190425,0.572161882,0.558742671,0.46809575,0.427838118,17
Geophysical_model178,/home/lyara/areswave/models/Geophysical_model178.nd,nd,UNK,,,999.801,60,857.307,192.118,999.801,60,1116.236,16.633,1482.173,99.801,1680.192,60,0.559584448,0.558405063,0.558798191,0.440415552,0.441594937,17
Geophysical_model582,/home/lyara/areswave/models/Geophysical_model582.nd,nd,UNK,,,916.922,60,900,183.743,916.922,60,1119.984,33.844,1475.344,84.609,1690.635,60,0.572093362,0.552197105,0.558829191,0.427906638,0.447802895,17
Geophysical_model897,/home/lyara/areswave/models/Geophysical_model897.nd,nd,UNK,,,950.093,60,900,199.612,950.093,60,1133.767,50.093,1484.418,66.791,1682.515,60,0.577943846,0.549294493,0.558844277,0.422056154,0.450705507,17
Geophysical_model434,/home/lyara/areswave/models/Geophysical_model434.nd,nd,UNK,,,983.203,60,878.839,190.447,983.203,60,1116.329,16.64,1465.783,116.484,1680.452,60,0.499975844,0.588591753,0.559053117,0.500024156,0.411408247,17
Geophysical_model320,/home/lyara/areswave/models/Geophysical_model320.nd,nd,UNK,,,983.203,60,878.839,190.447,983.203,60,1116.329,16.64,1465.783,116.484,1680.452,60,0.499975844,0.588591753,0.559053117,0.500024156,0.411408247,17
Geophysical_model597,/home/lyara/areswave/models/Geophysical_model597.nd,nd,UNK,,,1099.901,60,900,21.41,1099.901,60,1116.56,16.658,1466.387,116.609,1681.095,60,0.528968516,0.574136945,0.559080802,0.471031484,0.425863055,17
Geophysical_model795,/home/lyara/areswave/models/Geophysical_model795.nd,nd,UNK,,,900,60,900,21.486,900,60,1116.829,33.358,1483.771,100.075,1681.845,60,0.541182117,0.568173953,0.559176674,0.458817883,0.431826047,17
Geophysical_model26,/home/lyara/areswave/models/Geophysical_model26.nd,nd,UNK,,,1049.919,60,900,181.611,1049.919,60,1133.207,33.315,1483.019,83.288,1681.067,60,0.556296984,0.560651844,0.559200224,0.443703016,0.439348156,17
Geophysical_model297,/home/lyara/areswave/models/Geophysical_model297.nd,nd,UNK,,,1049.919,60,900,181.611,1049.919,60,1133.207,33.315,1483.019,83.288,1681.067,60,0.556296984,0.560651844,0.559200224,0.443703016,0.439348156,17
Geophysical_model559,/home/lyara/areswave/models/Geophysical_model559.nd,nd,UNK,,,900,60,900,181.122,900,60,1119.137,33.714,1473.128,101.141,1688.275,60,0.555859972,0.561253685,0.559455781,0.444140028,0.438746315,17
Geophysical_model655,/home/lyara/areswave/models/Geophysical_model655.nd,nd,UNK,,,916.707,60,900,194.018,916.707,60,1117.197,33.415,1484.761,83.538,1682.87,60,0.56266101,0.558061717,0.559594815,0.43733899,0.441938283,17
Geophysical_model928,/home/lyara/areswave/models/Geophysical_model928.nd,nd,UNK,,,916.707,60,900,194.018,916.707,60,1117.197,33.415,1484.761,83.538,1682.87,60,0.56266101,0.558061717,0.559594815,0.43733899,0.441938283,17
Geophysical_model217,/home/lyara/areswave/models/Geophysical_model217.nd,nd,UNK,,,1033.184,60,900,187.92,1033.184,60,1133.072,33.295,1499.327,83.24,1680.716,60,0.530975612,0.573924548,0.559608236,0.469024388,0.426075452,17
Geophysical_model982,/home/lyara/areswave/models/Geophysical_model982.nd,nd,UNK,,,966.67,60,900,192.35,966.67,60,1133.345,33.335,1483.363,66.67,1681.424,60,0.605921999,0.536554276,0.559676851,0.394078001,0.463445724,17
Geophysical_model901,/home/lyara/areswave/models/Geophysical_model901.nd,nd,UNK,,,966.67,60,900,192.35,966.67,60,1133.345,33.335,1483.363,66.67,1681.424,60,0.605921999,0.536554276,0.559676851,0.394078001,0.463445724,17
Geophysical_model510,/home/lyara/areswave/models/Geophysical_model510.nd,nd,UNK,,,1083.742,60,900,21.403,1083.742,60,1100.446,16.704,1484.635,100.223,1682.74,60,0.509919058,0.584727195,0.559791149,0.490080942,0.415272805,17
Geophysical_model989,/home/lyara/areswave/models/Geophysical_model989.nd,nd,UNK,,,966.597,60,900,179.632,966.597,60,1133.089,33.298,1499.372,83.246,1680.761,60,0.61267007,0.53347161,0.559871097,0.38732993,0.46652839,17
Geophysical_model971,/home/lyara/areswave/models/Geophysical_model971.nd,nd,UNK,,,1099.979,60,900,22.013,1099.979,60,1116.644,16.665,1466.608,116.655,1681.33,60,0.491696378,0.593976253,0.559882961,0.508303622,0.406023747,17
Geophysical_model489,/home/lyara/areswave/models/Geophysical_model489.nd,nd,UNK,,,967.872,60,900,180.377,967.872,60,1120.585,33.937,1459.948,101.809,1692.31,60,0.531716961,0.574018069,0.559917699,0.468283039,0.425981931,17
Geophysical_model990,/home/lyara/areswave/models/Geophysical_model990.nd,nd,UNK,,,950.721,60,900,183.737,950.721,60,1119.792,33.814,1491.747,84.535,1690.099,60,0.572599788,0.553841238,0.560094088,0.427400212,0.446158762,17
Geophysical_model66,/home/lyara/areswave/models/Geophysical_model66.nd,nd,UNK,,,983.237,60,879.302,186.283,983.237,60,1116.417,16.648,1466.015,99.884,1680.698,60,0.534019117,0.573131776,0.560094223,0.465980883,0.426868224,17
Geophysical_model770,/home/lyara/areswave/models/Geophysical_model770.nd,nd,UNK,,,950.781,60,900,183.569,950.781,60,1136.977,33.854,1492.442,67.707,1690.818,60,0.528036874,0.576123628,0.56009471,0.471963126,0.423876372,17
Geophysical_model181,/home/lyara/areswave/models/Geophysical_model181.nd,nd,UNK,,,999.801,60,900,195.203,999.801,60,1116.236,16.633,1465.54,99.801,1680.192,60,0.48635177,0.597075913,0.560167865,0.51364823,0.402924087,17
Geophysical_model398,/home/lyara/areswave/models/Geophysical_model398.nd,nd,UNK,,,999.801,60,900,195.203,999.801,60,1116.236,16.633,1465.54,99.801,1680.192,60,0.48635177,0.597075913,0.560167865,0.51364823,0.402924087,17
Geophysical_model253,/home/lyara/areswave/models/Geophysical_model253.nd,nd,UNK,,,999.801,60,900,195.203,999.801,60,1116.236,16.633,1465.54,99.801,1680.192,60,0.48635177,0.597075913,0.560167865,0.51364823,0.402924087,17
Geophysical_model116,/home/lyara/areswave/models/Geophysical_model116.nd,nd,UNK,,,933.558,60,900,194.474,933.558,60,1101.346,16.779,1436.922,100.673,1685.455,60,0.44564622,0.617454075,0.56018479,0.55435378,0.382545925,17
Geophysical_model229,/home/lyara/areswave/models/Geophysical_model229.nd,nd,UNK,,,965.752,60,900,181.724,965.752,60,1113.693,16.437,1458.888,115.065,1673.108,60,0.517235997,0.582020348,0.560425564,0.482764003,0.417979652,17
Geophysical_model406,/home/lyara/areswave/models/Geophysical_model406.nd,nd,UNK,,,999.801,60,900,193.607,999.801,60,1116.236,16.633,1482.173,99.801,1680.192,60,0.534244382,0.573517532,0.560426482,0.465755618,0.426482468,17
Geophysical_model734,/home/lyara/areswave/models/Geophysical_model734.nd,nd,UNK,,,1084.693,60,900,22.441,1084.693,60,1101.483,16.79,1487.659,100.742,1685.869,60,0.550426163,0.565453526,0.560444405,0.449573837,0.434546474,17
Geophysical_model791,/home/lyara/areswave/models/Geophysical_model791.nd,nd,UNK,,,1084.693,60,900,22.441,1084.693,60,1101.483,16.79,1487.659,100.742,1685.869,60,0.550426163,0.565453526,0.560444405,0.449573837,0.434546474,17
AK_model_78,/home/lyara/areswave/models/AK_model_78.nd,nd,UNK,,,1047.5,60,794.889,25.261,1047.5,60,1249.589,75.783,1300.111,50.523,1683.921,60,0.574331385,0.553570736,0.560490953,0.425668615,0.446429264,17
Geophysical_model447,/home/lyara/areswave/models/Geophysical_model447.nd,nd,UNK,,,1099.994,60,900,180.502,1099.994,60,1116.66,16.666,1449.983,99.997,1681.374,60,0.515051109,0.583412182,0.560625157,0.484948891,0.416587818,17
MD_model28,/home/lyara/areswave/models/MD_model28.nd,nd,UNK,,,969.799,60,817.032,185.502,969.799,60,1297.155,43.648,1340.802,98.206,1649.766,60,0.532627052,0.574896906,0.560806954,0.467372948,0.425103094,17
Geophysical_model639,/home/lyara/areswave/models/Geophysical_model639.nd,nd,UNK,,,1099.754,60,900,21.455,1099.754,60,1116.4,16.646,1465.97,116.523,1680.651,60,0.541308471,0.570901956,0.561037461,0.458691529,0.429098044,17
Geophysical_model235,/home/lyara/areswave/models/Geophysical_model235.nd,nd,UNK,,,916.874,60,900,181.138,916.874,60,1102.492,16.874,1439.978,101.246,1688.913,60,0.534138839,0.574538572,0.561071995,0.465861161,0.425461428,17
Geophysical_model854,/home/lyara/areswave/models/Geophysical_model854.nd,nd,UNK,,,900,60,900,184.477,900,60,1106.204,17.184,1467.062,85.919,1501.429,68.735,0.580109382,0.551611191,0.561110588,0.419890618,0.448388809,17
Geophysical_model738,/home/lyara/areswave/models/Geophysical_model738.nd,nd,UNK,,,900,60,900,184.477,900,60,1106.204,17.184,1467.062,85.919,1501.429,68.735,0.580109382,0.551611191,0.561110588,0.419890618,0.448388809,17
Geophysical_model725,/home/lyara/areswave/models/Geophysical_model725.nd,nd,UNK,,,916.724,60,876.418,188.653,916.724,60,1117.416,33.448,1485.35,83.621,1683.48,60,0.572997357,0.555198217,0.561131264,0.427002643,0.444801783,17
Geophysical_model514,/home/lyara/areswave/models/Geophysical_model514.nd,nd,UNK,,,916.991,60,878.264,195.623,916.991,60,1120.887,33.983,1494.697,84.957,1693.151,60,0.594320966,0.545003653,0.561442758,0.405679034,0.454996347,17
Geophysical_model851,/home/lyara/areswave/models/Geophysical_model851.nd,nd,UNK,,,916.576,60,877.831,199.521,916.576,60,1115.491,16.576,1496.743,99.457,1678.117,60,0.544891122,0.569744557,0.561460079,0.455108878,0.430255443,17
Geophysical_model515,/home/lyara/areswave/models/Geophysical_model515.nd,nd,UNK,,,1099.766,60,900,22.442,1099.766,60,1116.413,16.647,1466.003,99.883,1680.686,60,0.520577099,0.58198171,0.561513507,0.479422901,0.41801829,17
Geophysical_model281,/home/lyara/areswave/models/Geophysical_model281.nd,nd,UNK,,,999.737,60,878.076,197.316,999.737,60,1116.097,16.623,1465.176,99.737,1679.805,60,0.513158528,0.585717125,0.561530926,0.486841472,0.414282875,17
Geophysical_model858,/home/lyara/areswave/models/Geophysical_model858.nd,nd,UNK,,,933.805,60,900,184.518,933.805,60,1119.733,33.805,1491.589,84.513,1689.935,60,0.610184988,0.537295127,0.561591747,0.389815012,0.462704873,17
MD_model75,/home/lyara/areswave/models/MD_model75.nd,nd,UNK,,,1024.463,60,849.461,10.295,1024.463,60,1240.642,51.471,1302.407,123.531,1508.292,60.684,0.616810052,0.534012483,0.561611673,0.383189948,0.465987517,17
Geophysical_model290,/home/lyara/areswave/models/Geophysical_model290.nd,nd,UNK,,,1001.133,60,861.561,192.197,1001.133,60,1119.121,33.711,1473.087,101.133,1688.231,60,0.51047682,0.5873285,0.561711273,0.48952318,0.4126715,17
Geophysical_model192,/home/lyara/areswave/models/Geophysical_model192.nd,nd,UNK,,,1016.377,60,900,199.297,1016.377,60,1132.755,33.251,1498.512,99.752,1679.896,60,0.510938885,0.587202122,0.561781043,0.489061115,0.412797878,17
Geophysical_model672,/home/lyara/areswave/models/Geophysical_model672.nd,nd,UNK,,,900,60,900,180.972,900,60,1119.116,33.71,1489.927,101.131,1688.215,60,0.575014953,0.555186231,0.561795805,0.424985047,0.444813769,17
Geophysical_model103,/home/lyara/areswave/models/Geophysical_model103.nd,nd,UNK,,,1016.326,60,900,195.543,1016.326,60,1132.652,33.236,1498.248,99.708,1679.631,60,0.479367027,0.603020809,0.561802881,0.520632973,0.396979191,17
Geophysical_model884,/home/lyara/areswave/models/Geophysical_model884.nd,nd,UNK,,,933.365,60,900,186.283,933.365,60,1116.871,33.365,1483.885,83.412,1681.963,60,0.537682565,0.573875452,0.561811156,0.462317435,0.426124548,17
Geophysical_model914,/home/lyara/areswave/models/Geophysical_model914.nd,nd,UNK,,,916.754,60,875.916,192.673,916.754,60,1117.798,33.507,1486.378,83.768,1684.543,60,0.553572203,0.566095158,0.56192084,0.446427797,0.433904842,17
Geophysical_model551,/home/lyara/areswave/models/Geophysical_model551.nd,nd,UNK,,,916.754,60,875.916,192.673,916.754,60,1117.798,33.507,1486.378,83.768,1684.543,60,0.553572203,0.566095158,0.56192084,0.446427797,0.433904842,17
Geophysical_model973,/home/lyara/areswave/models/Geophysical_model973.nd,nd,UNK,,,916.719,60,876.023,191.813,916.719,60,1117.351,33.439,1485.177,83.597,1683.3,60,0.562962327,0.561407599,0.561925842,0.437037673,0.438592401,17
Geophysical_model963,/home/lyara/areswave/models/Geophysical_model963.nd,nd,UNK,,,916.719,60,876.023,191.813,916.719,60,1117.351,33.439,1485.177,83.597,1683.3,60,0.562962327,0.561407599,0.561925842,0.437037673,0.438592401,17
Geophysical_model776,/home/lyara/areswave/models/Geophysical_model776.nd,nd,UNK,,,916.728,60,900,193.209,916.728,60,1117.459,33.456,1468.739,83.638,1683.6,60,0.560692975,0.562543688,0.561926783,0.439307025,0.437456312,17
MD_model31,/home/lyara/areswave/models/MD_model31.nd,nd,UNK,,,1004.85,60,809.075,10.304,1004.85,60,1252.146,154.56,1303.666,103.04,1580.355,60,0.521439115,0.582232811,0.561968246,0.478560885,0.417767189,17
Geophysical_model695,/home/lyara/areswave/models/Geophysical_model695.nd,nd,UNK,,,900,60,857.316,192.076,900,60,1116.56,16.658,1466.387,116.609,1681.095,60,0.551576009,0.56724068,0.562019123,0.448423991,0.43275932,17
Geophysical_model337,/home/lyara/areswave/models/Geophysical_model337.nd,nd,UNK,,,967.872,60,900,180.907,967.872,60,1120.585,33.937,1459.948,101.809,1692.31,60,0.560064651,0.563004691,0.562024678,0.439935349,0.436995309,17
Geophysical_model895,/home/lyara/areswave/models/Geophysical_model895.nd,nd,UNK,,,900,60,900,197.881,900,60,1104.246,17.02,1461.676,102.123,1694.206,60,0.581598038,0.552395909,0.562129952,0.418401962,0.447604091,17
Geophysical_model735,/home/lyara/areswave/models/Geophysical_model735.nd,nd,UNK,,,900,60,900,179.565,900,60,1118.565,33.625,1488.445,100.876,1686.682,60,0.511252262,0.587654981,0.562187408,0.488747738,0.412345019,17
AK_model_52,/home/lyara/areswave/models/AK_model_52.nd,nd,UNK,,,1026.612,60,827.005,24.951,1026.612,60,1276.121,74.852,1301.072,24.951,1681.933,60,0.55187358,0.567572028,0.562339212,0.44812642,0.432427972,17
Geophysical_model527,/home/lyara/areswave/models/Geophysical_model527.nd,nd,UNK,,,966.867,60,900,178.185,966.867,60,1134.035,33.434,1485.088,66.867,1683.208,60,0.569488478,0.558802308,0.562364365,0.430511522,0.441197692,17
Geophysical_model349,/home/lyara/areswave/models/Geophysical_model349.nd,nd,UNK,,,983.203,60,878.832,190.513,983.203,60,1116.329,16.64,1465.783,99.844,1680.452,60,0.542881506,0.572197891,0.562425762,0.457118494,0.427802109,17
AK_model_54,/home/lyara/areswave/models/AK_model_54.nd,nd,UNK,,,1017.898,60,837.887,25.716,1017.898,60,1172.194,102.864,1377.921,25.715,1664.88,60,0.598471914,0.544614367,0.562566883,0.401528086,0.455385633,17
Geophysical_model942,/home/lyara/areswave/models/Geophysical_model942.nd,nd,UNK,,,900,60,900,184.999,900,60,1106.204,17.184,1484.246,85.919,1535.797,68.735,0.556881827,0.56561622,0.562704756,0.443118173,0.43438378,17
Geophysical_model20,/home/lyara/areswave/models/Geophysical_model20.nd,nd,UNK,,,966.664,60,900,186.704,966.664,60,1116.657,16.666,1466.64,99.995,1681.365,60,0.513948656,0.587169345,0.562762449,0.486051344,0.412830655,17
Geophysical_model483,/home/lyara/areswave/models/Geophysical_model483.nd,nd,UNK,,,966.664,60,900,186.704,966.664,60,1116.657,16.666,1466.64,99.995,1681.365,60,0.513948656,0.587169345,0.562762449,0.486051344,0.412830655,17
Geophysical_model366,/home/lyara/areswave/models/Geophysical_model366.nd,nd,UNK,,,949.973,60,900,193.913,949.973,60,1116.548,16.657,1449.698,99.945,1681.061,60,0.491219174,0.598568573,0.56278544,0.508780826,0.401431427,17
Geophysical_model12,/home/lyara/areswave/models/Geophysical_model12.nd,nd,UNK,,,949.483,60,900,193.526,949.483,60,1114.426,16.494,1460.805,98.966,1675.15,60,0.508096772,0.590165452,0.562809226,0.491903228,0.409834548,17
Geophysical_model211,/home/lyara/areswave/models/Geophysical_model211.nd,nd,UNK,,,949.483,60,900,193.526,949.483,60,1114.426,16.494,1460.805,98.966,1675.15,60,0.508096772,0.590165452,0.562809226,0.491903228,0.409834548,17
Geophysical_model136,/home/lyara/areswave/models/Geophysical_model136.nd,nd,UNK,,,949.483,60,900,193.526,949.483,60,1114.426,16.494,1460.805,98.966,1675.15,60,0.508096772,0.590165452,0.562809226,0.491903228,0.409834548,17
Geophysical_model209,/home/lyara/areswave/models/Geophysical_model209.nd,nd,UNK,,,1033.403,60,900,187.4,1033.403,60,1133.456,16.675,1483.64,66.702,1681.71,60,0.561225596,0.563659135,0.562847956,0.438774404,0.436340865,17
Geophysical_model855,/home/lyara/areswave/models/Geophysical_model855.nd,nd,UNK,,,916.736,60,875.945,192.441,916.736,60,1117.572,33.472,1469.034,83.681,1683.914,60,0.523651484,0.582483957,0.562873133,0.476348516,0.417516043,17
Geophysical_model471,/home/lyara/areswave/models/Geophysical_model471.nd,nd,UNK,,,1064.377,60,900,188.24,1064.377,60,1146.565,32.875,1491.756,65.751,1673.1,60,0.533433101,0.577631572,0.562898748,0.466566899,0.422368428,17
Geophysical_model433,/home/lyara/areswave/models/Geophysical_model433.nd,nd,UNK,,,1064.377,60,900,188.24,1064.377,60,1146.565,32.875,1491.756,65.751,1673.1,60,0.533433101,0.577631572,0.562898748,0.466566899,0.422368428,17
Geophysical_model967,/home/lyara/areswave/models/Geophysical_model967.nd,nd,UNK,,,916.672,60,877.4,180.797,916.672,60,1116.741,33.345,1483.532,83.362,1681.599,60,0.515294027,0.586886804,0.563022545,0.484705973,0.413113196,17
Geophysical_model51,/home/lyara/areswave/models/Geophysical_model51.nd,nd,UNK,,,983.004,60,878.652,192.136,983.004,60,1115.809,16.601,1481.025,116.205,1679.004,60,0.511096551,0.589085989,0.563089509,0.488903449,0.410914011,17
Geophysical_model981,/home/lyara/areswave/models/Geophysical_model981.nd,nd,UNK,,,933.4,60,900,184.236,933.4,60,1117.102,33.4,1484.505,83.501,1682.605,60,0.581379016,0.554008205,0.563131809,0.418620984,0.445991795,17
Geophysical_model939,/home/lyara/areswave/models/Geophysical_model939.nd,nd,UNK,,,933.365,60,876.693,186.455,933.365,60,1116.871,33.365,1483.885,83.412,1681.963,60,0.551722217,0.569011104,0.563248142,0.448277783,0.430988896,17
Geophysical_model637,/home/lyara/areswave/models/Geophysical_model637.nd,nd,UNK,,,933.365,60,876.693,186.455,933.365,60,1116.871,33.365,1483.885,83.412,1681.963,60,0.551722217,0.569011104,0.563248142,0.448277783,0.430988896,17
Geophysical_model651,/home/lyara/areswave/models/Geophysical_model651.nd,nd,UNK,,,900,60,900,22.409,900,60,1101.621,16.802,1488.061,100.811,1686.284,60,0.517729768,0.58605628,0.563280776,0.482270232,0.41394372,17
AK_model_16,/home/lyara/areswave/models/AK_model_16.nd,nd,UNK,,,1032.613,60,811.315,24.589,1032.613,60,1278.5,73.766,1303.088,24.589,1680.441,60,0.503813045,0.593061287,0.563311873,0.496186955,0.406938713,17
Geophysical_model704,/home/lyara/areswave/models/Geophysical_model704.nd,nd,UNK,,,1099.489,60,900,21.06,1099.489,60,1116.113,16.624,1465.218,99.745,1679.849,60,0.516458847,0.58677717,0.563337729,0.483541153,0.41322283,17
Geophysical_model723,/home/lyara/areswave/models/Geophysical_model723.nd,nd,UNK,,,916.644,60,876.961,184.315,916.644,60,1116.374,16.644,1499.19,99.865,1680.578,60,0.536334474,0.576845269,0.563341671,0.463665526,0.423154731,17
Geophysical_model608,/home/lyara/areswave/models/Geophysical_model608.nd,nd,UNK,,,916.644,60,876.961,184.315,916.644,60,1116.374,16.644,1499.19,99.865,1680.578,60,0.536334474,0.576845269,0.563341671,0.463665526,0.423154731,17
Geophysical_model540,/home/lyara/areswave/models/Geophysical_model540.nd,nd,UNK,,,916.576,60,879.318,186.135,916.576,60,1115.488,16.576,1496.736,99.456,1678.109,60,0.551119762,0.569627255,0.56345809,0.448880238,0.430372745,17
Geophysical_model158,/home/lyara/areswave/models/Geophysical_model158.nd,nd,UNK,,,1017.887,60,900,186.665,1017.887,60,1135.775,16.841,1489.437,84.206,1687.708,60,0.55870387,0.565866677,0.563479074,0.44129613,0.434133323,17
AK_model_80,/home/lyara/areswave/models/AK_model_80.nd,nd,UNK,,,1048.834,60,845.714,25.39,1048.834,60,1277.345,50.78,1328.125,50.78,1687.555,60,0.548863039,0.570847197,0.563519144,0.451136961,0.429152803,17
Geophysical_model641,/home/lyara/areswave/models/Geophysical_model641.nd,nd,UNK,,,916.669,60,877.464,180.285,916.669,60,1116.699,33.338,1483.42,83.346,1681.482,60,0.511098651,0.590003613,0.563701959,0.488901349,0.409996387,17
AK_model_57,/home/lyara/areswave/models/AK_model_57.nd,nd,UNK,,,1014.565,60,889.976,24.918,1014.565,60,1164.071,99.671,1388.331,99.671,1670.1,60,0.508526841,0.591302906,0.563710884,0.491473159,0.408697094,17
Geophysical_model361,/home/lyara/areswave/models/Geophysical_model361.nd,nd,UNK,,,1047.698,60,900,190.282,1047.698,60,1146.164,32.822,1490.792,82.054,1672.131,60,0.50806649,0.591631808,0.563776702,0.49193351,0.408368192,17
Geophysical_model413,/home/lyara/areswave/models/Geophysical_model413.nd,nd,UNK,,,1063.846,60,900,187.439,1063.846,60,1145.769,32.769,1489.845,65.539,1671.177,60,0.58871171,0.551445169,0.563867349,0.41128829,0.448554831,17
Geophysical_model484,/home/lyara/areswave/models/Geophysical_model484.nd,nd,UNK,,,1031.853,60,900,187.855,1031.853,60,1130.743,32.964,1493.339,82.408,1674.693,60,0.589420095,0.551211915,0.563947975,0.410579905,0.448788085,17
Geophysical_model189,/home/lyara/areswave/models/Geophysical_model189.nd,nd,UNK,,,1047.171,60,900,194.523,1047.171,60,1145.284,32.704,1488.683,65.409,1670.008,60,0.530795053,0.580528049,0.563950384,0.469204947,0.419471951,17
Geophysical_model203,/home/lyara/areswave/models/Geophysical_model203.nd,nd,UNK,,,1047.171,60,900,194.523,1047.171,60,1145.284,32.704,1488.683,65.409,1670.008,60,0.530795053,0.580528049,0.563950384,0.469204947,0.419471951,17
Geophysical_model196,/home/lyara/areswave/models/Geophysical_model196.nd,nd,UNK,,,1047.171,60,900,194.523,1047.171,60,1145.284,32.704,1488.683,65.409,1670.008,60,0.530795053,0.580528049,0.563950384,0.469204947,0.419471951,17
Geophysical_model940,/home/lyara/areswave/models/Geophysical_model940.nd,nd,UNK,,,933.35,60,853.741,185.034,933.35,60,1116.776,33.35,1483.627,83.375,1681.697,60,0.535553521,0.578148846,0.563950405,0.464446479,0.421851154,17
Geophysical_model899,/home/lyara/areswave/models/Geophysical_model899.nd,nd,UNK,,,933.35,60,853.741,185.034,933.35,60,1116.776,33.35,1483.627,83.375,1681.697,60,0.535553521,0.578148846,0.563950405,0.464446479,0.421851154,17
Geophysical_model187,/home/lyara/areswave/models/Geophysical_model187.nd,nd,UNK,,,1016.434,60,877.254,181.965,1016.434,60,1132.867,33.267,1498.801,99.8,1680.187,60,0.557788836,0.567180681,0.564050066,0.442211164,0.432819319,17
Geophysical_model612,/home/lyara/areswave/models/Geophysical_model612.nd,nd,UNK,,,916.714,60,900,193.355,916.714,60,1117.28,33.427,1484.983,83.569,1683.1,60,0.579362942,0.556462663,0.564096089,0.420637058,0.443537337,17
Geophysical_model131,/home/lyara/areswave/models/Geophysical_model131.nd,nd,UNK,,,966.637,60,900,189.175,966.637,60,1116.57,16.66,1466.415,99.956,1681.124,60,0.526778422,0.583036392,0.564283735,0.473221578,0.416963608,17
Geophysical_model664,/home/lyara/areswave/models/Geophysical_model664.nd,nd,UNK,,,1099.489,60,900,21.426,1099.489,60,1116.113,16.624,1465.218,99.745,1679.849,60,0.522317541,0.58527358,0.564288234,0.477682459,0.41472642,17
Geophysical_model753,/home/lyara/areswave/models/Geophysical_model753.nd,nd,UNK,,,1099.489,60,900,21.426,1099.489,60,1116.113,16.624,1465.218,99.745,1679.849,60,0.522317541,0.58527358,0.564288234,0.477682459,0.41472642,17
Geophysical_model739,/home/lyara/areswave/models/Geophysical_model739.nd,nd,UNK,,,1099.489,60,900,21.426,1099.489,60,1116.113,16.624,1465.218,99.745,1679.849,60,0.522317541,0.58527358,0.564288234,0.477682459,0.41472642,17
Geophysical_model488,/home/lyara/areswave/models/Geophysical_model488.nd,nd,UNK,,,1031.555,60,900,185.927,1031.555,60,1130.221,32.889,1491.996,82.221,1673.341,60,0.490698765,0.601186217,0.564357066,0.509301235,0.398813783,17
Geophysical_model117,/home/lyara/areswave/models/Geophysical_model117.nd,nd,UNK,,,966.508,60,900,194.013,966.508,60,1116.152,16.627,1465.32,99.762,1679.958,60,0.517798621,0.587639842,0.564359435,0.482201379,0.412360158,17
Geophysical_model453,/home/lyara/areswave/models/Geophysical_model453.nd,nd,UNK,,,1031.555,60,876.742,186.064,1031.555,60,1130.221,32.889,1475.552,82.221,1673.341,60,0.536732567,0.578290803,0.564438058,0.463267433,0.421709197,17
Geophysical_model463,/home/lyara/areswave/models/Geophysical_model463.nd,nd,UNK,,,1017.871,60,900,184.52,1017.871,60,1135.742,16.839,1489.354,84.193,1687.623,60,0.565656385,0.563904574,0.564488511,0.434343615,0.436095426,17
Geophysical_model23,/home/lyara/areswave/models/Geophysical_model23.nd,nd,UNK,,,1017.871,60,900,184.52,1017.871,60,1135.742,16.839,1489.354,84.193,1687.623,60,0.565656385,0.563904574,0.564488511,0.434343615,0.436095426,17
Geophysical_model414,/home/lyara/areswave/models/Geophysical_model414.nd,nd,UNK,,,950.857,60,900,199.145,950.857,60,1120.38,33.904,1459.426,101.713,1691.737,60,0.564235491,0.564646966,0.564509807,0.435764509,0.435353034,17
Geophysical_model263,/home/lyara/areswave/models/Geophysical_model263.nd,nd,UNK,,,950.857,60,900,199.145,950.857,60,1120.38,33.904,1459.426,101.713,1691.737,60,0.564235491,0.564646966,0.564509807,0.435764509,0.435353034,17
Geophysical_model278,/home/lyara/areswave/models/Geophysical_model278.nd,nd,UNK,,,950.857,60,900,199.145,950.857,60,1120.38,33.904,1459.426,101.713,1691.737,60,0.564235491,0.564646966,0.564509807,0.435764509,0.435353034,17
Geophysical_model845,/home/lyara/areswave/models/Geophysical_model845.nd,nd,UNK,,,950.781,60,900,184.211,950.781,60,1136.977,33.854,1492.442,67.707,1690.818,60,0.578869104,0.557367758,0.564534873,0.421130896,0.442632242,17
Geophysical_model839,/home/lyara/areswave/models/Geophysical_model839.nd,nd,UNK,,,950.781,60,900,184.211,950.781,60,1136.977,33.854,1492.442,67.707,1690.818,60,0.578869104,0.557367758,0.564534873,0.421130896,0.442632242,17
Geophysical_model974,/home/lyara/areswave/models/Geophysical_model974.nd,nd,UNK,,,950.781,60,900,184.211,950.781,60,1136.977,33.854,1492.442,67.707,1690.818,60,0.578869104,0.557367758,0.564534873,0.421130896,0.442632242,17
Geophysical_model615,/home/lyara/areswave/models/Geophysical_model615.nd,nd,UNK,,,900,60,900,21.485,900,60,1116.829,33.358,1467.092,100.075,1681.845,60,0.546283886,0.573803625,0.564630378,0.453716114,0.426196375,17
Geophysical_model984,/home/lyara/areswave/models/Geophysical_model984.nd,nd,UNK,,,933.11,60,877.605,179.157,933.11,60,1115.217,16.555,1495.986,99.331,1677.355,60,0.589115407,0.552388058,0.564630508,0.410884593,0.447611942,17
Geophysical_model977,/home/lyara/areswave/models/Geophysical_model977.nd,nd,UNK,,,1086.703,60,900,21.204,1086.703,60,1103.676,16.973,1460.108,118.81,1692.486,60,0.560111283,0.56694947,0.564670075,0.439888717,0.43305053,17
Geophysical_model777,/home/lyara/areswave/models/Geophysical_model777.nd,nd,UNK,,,900,60,900,59.597,900,60,1101.608,33.601,1488.023,100.804,1686.245,60,0.513901927,0.590245173,0.564797424,0.486098073,0.409754827,17
Geophysical_model804,/home/lyara/areswave/models/Geophysical_model804.nd,nd,UNK,,,900,60,900,59.597,900,60,1101.608,33.601,1488.023,100.804,1686.245,60,0.513901927,0.590245173,0.564797424,0.486098073,0.409754827,17
Geophysical_model744,/home/lyara/areswave/models/Geophysical_model744.nd,nd,UNK,,,1088.067,60,900,20.64,1088.067,60,1105.164,17.097,1464.2,119.679,1696.976,60,0.551513872,0.572052549,0.565206323,0.448486128,0.427947451,17
Geophysical_model868,/home/lyara/areswave/models/Geophysical_model868.nd,nd,UNK,,,949.989,60,900,186.742,949.989,60,1133.282,33.326,1483.205,83.315,1681.261,60,0.573699346,0.561120486,0.565313439,0.426300654,0.438879514,17
Geophysical_model172,/home/lyara/areswave/models/Geophysical_model172.nd,nd,UNK,,,966.367,60,900,189.356,966.367,60,1115.693,16.592,1464.12,116.143,1678.681,60,0.523161103,0.586407149,0.565325134,0.476838897,0.413592851,17
Geophysical_model29,/home/lyara/areswave/models/Geophysical_model29.nd,nd,UNK,,,966.367,60,900,189.356,966.367,60,1115.693,16.592,1464.12,116.143,1678.681,60,0.523161103,0.586407149,0.565325134,0.476838897,0.413592851,17
Geophysical_model30,/home/lyara/areswave/models/Geophysical_model30.nd,nd,UNK,,,966.367,60,900,189.356,966.367,60,1115.693,16.592,1464.12,116.143,1678.681,60,0.523161103,0.586407149,0.565325134,0.476838897,0.413592851,17
Geophysical_model474,/home/lyara/areswave/models/Geophysical_model474.nd,nd,UNK,,,949.523,60,900,189.937,949.523,60,1114.598,16.507,1461.256,99.045,1675.63,60,0.512376249,0.591818498,0.565337748,0.487623751,0.408181502,17
Geophysical_model384,/home/lyara/areswave/models/Geophysical_model384.nd,nd,UNK,,,949.523,60,900,189.937,949.523,60,1114.598,16.507,1461.256,99.045,1675.63,60,0.512376249,0.591818498,0.565337748,0.487623751,0.408181502,17
Geophysical_model84,/home/lyara/areswave/models/Geophysical_model84.nd,nd,UNK,,,1064.355,60,900,188.627,1064.355,60,1146.533,16.436,1475.244,65.742,1673.022,60,0.537738759,0.579221188,0.565393712,0.462261241,0.420778812,17
Geophysical_model983,/home/lyara/areswave/models/Geophysical_model983.nd,nd,UNK,,,933.343,60,900,178.964,933.343,60,1116.73,33.343,1483.505,83.358,1681.57,60,0.5682094,0.564220878,0.565550385,0.4317906,0.435779122,17
Geophysical_model865,/home/lyara/areswave/models/Geophysical_model865.nd,nd,UNK,,,933.943,60,900,185.74,933.943,60,1120.631,33.943,1494.007,84.858,1692.437,60,0.574696692,0.561063209,0.565607703,0.425303308,0.438936791,17
Geophysical_model670,/home/lyara/areswave/models/Geophysical_model670.nd,nd,UNK,,,933.507,60,900,193.371,933.507,60,1117.798,33.507,1486.378,83.768,1684.543,60,0.55328979,0.571809445,0.565636226,0.44671021,0.428190555,17
Geophysical_model889,/home/lyara/areswave/models/Geophysical_model889.nd,nd,UNK,,,933.507,60,900,193.371,933.507,60,1117.798,33.507,1486.378,83.768,1684.543,60,0.55328979,0.571809445,0.565636226,0.44671021,0.428190555,17
Geophysical_model520,/home/lyara/areswave/models/Geophysical_model520.nd,nd,UNK,,,933.507,60,900,193.371,933.507,60,1117.798,33.507,1486.378,83.768,1684.543,60,0.55328979,0.571809445,0.565636226,0.44671021,0.428190555,17
Geophysical_model557,/home/lyara/areswave/models/Geophysical_model557.nd,nd,UNK,,,916.669,60,877.429,180.568,916.669,60,1116.699,33.338,1483.42,83.346,1681.482,60,0.529290993,0.583848459,0.565662637,0.470709007,0.416151541,17
Geophysical_model671,/home/lyara/areswave/models/Geophysical_model671.nd,nd,UNK,,,1099.625,60,900,21.47,1099.625,60,1116.26,16.636,1465.604,99.812,1680.261,60,0.530577967,0.583285455,0.565716292,0.469422033,0.416714545,17
AK_model_36,/home/lyara/areswave/models/AK_model_36.nd,nd,UNK,,,1018.238,60,808.87,26.171,1018.238,60,1227.606,104.684,1306.119,26.171,1673.647,60,0.515431412,0.590895077,0.565740522,0.484568588,0.409104923,17
Geophysical_model465,/home/lyara/areswave/models/Geophysical_model465.nd,nd,UNK,,,982.905,60,859.324,183.043,982.905,60,1115.552,16.581,1463.752,116.067,1678.288,60,0.535797159,0.580993323,0.565927935,0.464202841,0.419006677,17
Geophysical_model882,/home/lyara/areswave/models/Geophysical_model882.nd,nd,UNK,,,900,60,900,20.66,900,60,1106.104,17.175,1483.961,103.052,1699.813,60,0.646355519,0.525814538,0.565994865,0.353644481,0.474185462,17
Geophysical_model697,/home/lyara/areswave/models/Geophysical_model697.nd,nd,UNK,,,900,60,900,20.66,900,60,1106.104,17.175,1483.961,103.052,1699.813,60,0.646355519,0.525814538,0.565994865,0.353644481,0.474185462,17
Geophysical_model792,/home/lyara/areswave/models/Geophysical_model792.nd,nd,UNK,,,900,60,900,20.66,900,60,1106.104,17.175,1483.961,103.052,1699.813,60,0.646355519,0.525814538,0.565994865,0.353644481,0.474185462,17
Geophysical_model768,/home/lyara/areswave/models/Geophysical_model768.nd,nd,UNK,,,933.507,60,875.918,192.657,933.507,60,1117.798,33.507,1469.624,83.768,1684.543,60,0.545463782,0.576320882,0.566035182,0.454536218,0.423679118,17
Geophysical_model599,/home/lyara/areswave/models/Geophysical_model599.nd,nd,UNK,,,933.507,60,875.918,192.657,933.507,60,1117.798,33.507,1469.624,83.768,1684.543,60,0.545463782,0.576320882,0.566035182,0.454536218,0.423679118,17
Geophysical_model688,/home/lyara/areswave/models/Geophysical_model688.nd,nd,UNK,,,933.943,60,879.28,186.476,933.943,60,1120.631,33.943,1494.007,84.858,1692.437,60,0.534950526,0.581588885,0.566042765,0.465049474,0.418411115,17
Geophysical_model820,/home/lyara/areswave/models/Geophysical_model820.nd,nd,UNK,,,950.007,60,900,178.976,950.007,60,1133.367,33.338,1483.418,66.676,1681.481,60,0.579415586,0.559830174,0.566358645,0.420584414,0.440169826,17
Geophysical_model860,/home/lyara/areswave/models/Geophysical_model860.nd,nd,UNK,,,933.943,60,900,186.527,933.943,60,1120.631,33.943,1494.007,84.858,1692.437,60,0.544166062,0.577491409,0.56638296,0.455833938,0.422508591,17
Geophysical_model598,/home/lyara/areswave/models/Geophysical_model598.nd,nd,UNK,,,933.261,60,900,182.732,933.261,60,1116.199,16.631,1498.706,83.154,1680.091,60,0.598557742,0.550301359,0.56638682,0.401442258,0.449698641,17
AK_model_47,/home/lyara/areswave/models/AK_model_47.nd,nd,UNK,,,1007.565,60,771.239,26.258,1007.565,60,1270.15,131.292,1480.218,26.259,1689.744,60,0.589246133,0.555064343,0.566458273,0.410753867,0.444935657,17
Geophysical_model264,/home/lyara/areswave/models/Geophysical_model264.nd,nd,UNK,,,966.81,60,900,179.331,966.81,60,1117.132,33.405,1451.182,100.215,1682.69,60,0.511492485,0.593957108,0.566468901,0.488507515,0.406042892,17
Geophysical_model529,/home/lyara/areswave/models/Geophysical_model529.nd,nd,UNK,,,916.577,60,878.227,195.957,916.577,60,1115.503,16.577,1480.2,99.463,1678.151,60,0.553542225,0.573223454,0.566663044,0.446457775,0.426776546,17
Geophysical_model293,/home/lyara/areswave/models/Geophysical_model293.nd,nd,UNK,,,916.874,60,900,181.649,916.874,60,1102.492,16.874,1439.978,101.246,1688.913,60,0.529116465,0.585449043,0.566671517,0.470883535,0.414550957,17
Geophysical_model430,/home/lyara/areswave/models/Geophysical_model430.nd,nd,UNK,,,982.965,60,878.763,191.132,982.965,60,1115.708,16.593,1497.346,99.558,1678.723,60,0.498626535,0.600770428,0.566722464,0.501373465,0.399229572,17
Geophysical_model310,/home/lyara/areswave/models/Geophysical_model310.nd,nd,UNK,,,1016.326,60,878.266,195.602,1016.326,60,1132.652,33.236,1498.248,99.708,1679.631,60,0.487940323,0.606151334,0.566747663,0.512059677,0.393848666,17
Geophysical_model108,/home/lyara/areswave/models/Geophysical_model108.nd,nd,UNK,,,999.816,60,900,195.837,999.816,60,1116.267,16.636,1498.893,99.815,1680.28,60,0.485159655,0.607605202,0.56679002,0.514840345,0.392394798,17
Geophysical_model300,/home/lyara/areswave/models/Geophysical_model300.nd,nd,UNK,,,1033.261,60,900,184.612,1033.261,60,1133.207,33.315,1483.019,83.288,1681.067,60,0.533208635,0.583846246,0.566967042,0.466791365,0.416153754,17
Geophysical_model902,/home/lyara/areswave/models/Geophysical_model902.nd,nd,UNK,,,900,60,900,29.45,900,60,1102.126,16.844,1455.847,101.063,1687.809,60,0.57879616,0.561068579,0.566977773,0.42120384,0.438931421,17
Geophysical_model371,/home/lyara/areswave/models/Geophysical_model371.nd,nd,UNK,,,1031.52,60,900,186.703,1031.52,60,1130.159,32.88,1491.838,82.199,1673.183,60,0.578421162,0.56125773,0.566978874,0.421578838,0.43874227,17
Geophysical_model370,/home/lyara/areswave/models/Geophysical_model370.nd,nd,UNK,,,966.673,60,900,188.823,966.673,60,1116.688,33.336,1450.054,100.01,1681.453,60,0.484514956,0.608369487,0.567084643,0.515485044,0.391630513,17
Geophysical_model690,/home/lyara/areswave/models/Geophysical_model690.nd,nd,UNK,,,900,60,900,179.968,900,60,1118.266,33.579,1470.849,100.738,1685.847,60,0.530169426,0.585551527,0.567090827,0.469830574,0.414448473,17
Geophysical_model850,/home/lyara/areswave/models/Geophysical_model850.nd,nd,UNK,,,950.127,60,900,199.684,950.127,60,1133.926,50.127,1484.815,66.836,1682.926,60,0.551642793,0.574840721,0.567108078,0.448357207,0.425159279,17
Geophysical_model834,/home/lyara/areswave/models/Geophysical_model834.nd,nd,UNK,,,1088.334,60,900,20.671,1088.334,60,1105.456,17.121,1465.003,102.728,1697.857,60,0.585528056,0.557970113,0.567156094,0.414471944,0.442029887,17
Geophysical_model909,/home/lyara/areswave/models/Geophysical_model909.nd,nd,UNK,,,916.648,60,900,180.344,916.648,60,1116.419,16.648,1499.315,99.885,1680.704,60,0.596971533,0.552289213,0.56718332,0.403028467,0.447710787,17
Geophysical_model518,/home/lyara/areswave/models/Geophysical_model518.nd,nd,UNK,,,950.781,60,900,184.076,950.781,60,1136.977,33.854,1492.442,67.707,1690.818,60,0.546060506,0.577758581,0.567192556,0.453939494,0.422241419,17
AK_model_94,/home/lyara/areswave/models/AK_model_94.nd,nd,UNK,,,1080.51,60,778.064,27.495,1080.51,60,1272.975,27.495,1327.965,54.99,1730.529,60,0.521795326,0.589900358,0.567198681,0.478204674,0.410099642,17
Geophysical_model288,/home/lyara/areswave/models/Geophysical_model288.nd,nd,UNK,,,949.52,60,900,193.249,949.52,60,1114.585,16.507,1461.223,99.04,1675.595,60,0.532452386,0.58459685,0.567215362,0.467547614,0.41540315,17
AK_model_27,/home/lyara/areswave/models/AK_model_27.nd,nd,UNK,,,1040.423,60,798.576,26.872,1040.423,60,1282.27,53.744,1309.142,53.744,1707.264,60,0.546723866,0.577569663,0.56728773,0.453276134,0.422430337,17
Geophysical_model440,/home/lyara/areswave/models/Geophysical_model440.nd,nd,UNK,,,966.559,60,900,181.325,966.559,60,1116.317,16.639,1449.111,99.839,1680.417,60,0.516578171,0.592689622,0.567319139,0.483421829,0.407310378,17
Geophysical_model766,/home/lyara/areswave/models/Geophysical_model766.nd,nd,UNK,,,1099.489,60,900,21.004,1099.489,60,1116.113,16.624,1465.218,99.745,1679.849,60,0.531259442,0.585477159,0.567404587,0.468740558,0.414522841,17
Geophysical_model702,/home/lyara/areswave/models/Geophysical_model702.nd,nd,UNK,,,916.728,60,900,193.447,916.728,60,1117.459,33.456,1485.467,83.638,1683.6,60,0.539763089,0.581330373,0.567474612,0.460236911,0.418669627,17
Geophysical_model603,/home/lyara/areswave/models/Geophysical_model603.nd,nd,UNK,,,1099.625,60,900,21.542,1099.625,60,1116.26,16.636,1465.604,99.812,1680.261,60,0.517148769,0.592975345,0.56769982,0.482851231,0.407024655,17
Geophysical_model39,/home/lyara/areswave/models/Geophysical_model39.nd,nd,UNK,,,1032.972,60,877.469,180.251,1032.972,60,1132.701,33.243,1498.374,83.107,1679.757,60,0.542431621,0.580388393,0.567736136,0.457568379,0.419611607,17
Geophysical_model593,/home/lyara/areswave/models/Geophysical_model593.nd,nd,UNK,,,916.669,60,877.364,181.085,916.669,60,1116.699,33.338,1483.42,83.346,1681.482,60,0.57192175,0.56592413,0.567923336,0.42807825,0.43407587,17
Geophysical_model796,/home/lyara/areswave/models/Geophysical_model796.nd,nd,UNK,,,916.669,60,877.364,181.085,916.669,60,1116.699,33.338,1483.42,83.346,1681.482,60,0.57192175,0.56592413,0.567923336,0.42807825,0.43407587,17
Geophysical_model903,/home/lyara/areswave/models/Geophysical_model903.nd,nd,UNK,,,916.669,60,877.364,181.085,916.669,60,1116.699,33.338,1483.42,83.346,1681.482,60,0.57192175,0.56592413,0.567923336,0.42807825,0.43407587,17
Geophysical_model240,/home/lyara/areswave/models/Geophysical_model240.nd,nd,UNK,,,999.801,60,878.469,193.778,999.801,60,1116.236,16.633,1498.807,99.801,1680.192,60,0.507057128,0.598382702,0.567940844,0.492942872,0.401617298,17
Geophysical_model311,/home/lyara/areswave/models/Geophysical_model311.nd,nd,UNK,,,999.708,60,900,195.71,999.708,60,1132.652,33.236,1498.248,99.708,1679.631,60,0.553077052,0.575390758,0.567952856,0.446922948,0.424609242,17
Geophysical_model193,/home/lyara/areswave/models/Geophysical_model193.nd,nd,UNK,,,999.708,60,900,195.71,999.708,60,1132.652,33.236,1498.248,99.708,1679.631,60,0.553077052,0.575390758,0.567952856,0.446922948,0.424609242,17
Geophysical_model289,/home/lyara/areswave/models/Geophysical_model289.nd,nd,UNK,,,966.724,60,900,180.027,966.724,60,1116.853,33.362,1467.154,100.086,1681.912,60,0.506592396,0.598657459,0.567969105,0.493407604,0.401342541,17
AK_model_75,/home/lyara/areswave/models/AK_model_75.nd,nd,UNK,,,1055.732,60,825.114,51.248,1055.732,60,1286.349,51.248,1311.974,51.248,1698.307,60,0.534743653,0.584653124,0.568016633,0.465256347,0.415346876,17
Geophysical_model478,/home/lyara/areswave/models/Geophysical_model478.nd,nd,UNK,,,983.19,60,858.498,186.757,983.19,60,1116.294,16.638,1465.692,116.465,1680.354,60,0.512444915,0.595831746,0.568036135,0.487555085,0.404168254,17
Geophysical_model452,/home/lyara/areswave/models/Geophysical_model452.nd,nd,UNK,,,1031.687,60,900,185.72,1031.687,60,1130.452,32.922,1492.591,82.304,1673.94,60,0.609516029,0.547589958,0.568231982,0.390483971,0.452410042,17
Geophysical_model875,/home/lyara/areswave/models/Geophysical_model875.nd,nd,UNK,,,933.693,60,900,181.546,933.693,60,1119.005,33.693,1455.935,84.233,1687.906,60,0.524441324,0.590149995,0.568247105,0.475558676,0.409850005,17
Geophysical_model606,/home/lyara/areswave/models/Geophysical_model606.nd,nd,UNK,,,916.576,60,877.86,199.257,916.576,60,1115.491,16.576,1496.743,99.457,1678.117,60,0.539515382,0.582654425,0.568274744,0.460484618,0.417345575,17
Geophysical_model179,/home/lyara/areswave/models/Geophysical_model179.nd,nd,UNK,,,1047.142,60,900,180.534,1047.142,60,1145.237,32.698,1488.569,65.397,1669.893,60,0.550793567,0.577104356,0.568334093,0.449206433,0.422895644,17
Geophysical_model316,/home/lyara/areswave/models/Geophysical_model316.nd,nd,UNK,,,1001.288,60,861.085,194.573,1001.288,60,1119.457,33.763,1490.847,101.288,1689.167,60,0.51107506,0.597093371,0.5684206,0.48892494,0.402906629,17
CD_model79,/home/lyara/areswave/models/CD_model79.nd,nd,UNK,,,,60,,60,,60,,60,,60,,60,0.534128802,0.585631224,0.56846375,0.465871198,0.414368776,17
Geophysical_model339,/home/lyara/areswave/models/Geophysical_model339.nd,nd,UNK,,,949.973,60,900,195.965,949.973,60,1116.548,16.657,1449.698,116.603,1681.061,60,0.516690291,0.594514147,0.568572862,0.483309709,0.405485853,17
Geophysical_model499,/home/lyara/areswave/models/Geophysical_model499.nd,nd,UNK,,,949.973,60,900,195.965,949.973,60,1116.548,16.657,1449.698,116.603,1681.061,60,0.516690291,0.594514147,0.568572862,0.483309709,0.405485853,17
Geophysical_model824,/home/lyara/areswave/models/Geophysical_model824.nd,nd,UNK,,,900,60,900,188.077,900,60,1115.838,16.602,1464.498,116.22,1679.083,60,0.545581577,0.580139909,0.568620465,0.454418423,0.419860091,17
Geophysical_model34,/home/lyara/areswave/models/Geophysical_model34.nd,nd,UNK,,,1047.698,60,900,190.487,1047.698,60,1146.164,32.822,1490.792,65.643,1672.131,60,0.547490203,0.579191295,0.568624265,0.452509797,0.420808705,17
Geophysical_model395,/home/lyara/areswave/models/Geophysical_model395.nd,nd,UNK,,,966.251,60,900,185.626,966.251,60,1115.315,16.563,1463.132,99.376,1677.628,60,0.519919904,0.593304152,0.568842736,0.480080096,0.406695848,17
Geophysical_model403,/home/lyara/areswave/models/Geophysical_model403.nd,nd,UNK,,,966.251,60,900,185.626,966.251,60,1115.315,16.563,1463.132,99.376,1677.628,60,0.519919904,0.593304152,0.568842736,0.480080096,0.406695848,17
Geophysical_model468,/home/lyara/areswave/models/Geophysical_model468.nd,nd,UNK,,,966.251,60,900,185.626,966.251,60,1115.315,16.563,1463.132,99.376,1677.628,60,0.519919904,0.593304152,0.568842736,0.480080096,0.406695848,17
Geophysical_model356,/home/lyara/areswave/models/Geophysical_model356.nd,nd,UNK,,,966.251,60,900,185.626,966.251,60,1115.315,16.563,1463.132,99.376,1677.628,60,0.519919904,0.593304152,0.568842736,0.480080096,0.406695848,17
Geophysical_model457,/home/lyara/areswave/models/Geophysical_model457.nd,nd,UNK,,,1000.924,60,900,185.799,1000.924,60,1118.67,33.641,1488.726,100.924,1686.973,60,0.534698436,0.585933746,0.568855309,0.465301564,0.414066254,17
Geophysical_model560,/home/lyara/areswave/models/Geophysical_model560.nd,nd,UNK,,,1099.489,60,900,21.346,1099.489,60,1116.113,16.624,1465.218,99.745,1679.849,60,0.537221835,0.584729754,0.568893781,0.462778165,0.415270246,17
Geophysical_model625,/home/lyara/areswave/models/Geophysical_model625.nd,nd,UNK,,,916.728,60,900,191.686,916.728,60,1117.467,33.456,1485.488,83.641,1683.622,60,0.576228905,0.565789782,0.56926949,0.423771095,0.434210218,17
Geophysical_model645,/home/lyara/areswave/models/Geophysical_model645.nd,nd,UNK,,,917.055,60,877.857,199.287,917.055,60,1121.71,34.109,1496.91,102.327,1695.441,60,0.548238524,0.579785478,0.569269827,0.451761476,0.420214522,17
Geophysical_model218,/home/lyara/areswave/models/Geophysical_model218.nd,nd,UNK,,,966.445,60,900,179.847,966.445,60,1115.945,16.611,1464.778,99.667,1679.382,60,0.54930123,0.579289441,0.56929337,0.45069877,0.420710559,17
Geophysical_model313,/home/lyara/areswave/models/Geophysical_model313.nd,nd,UNK,,,1016.295,60,900,198.368,1016.295,60,1132.589,33.227,1498.087,99.682,1679.468,60,0.515235593,0.596485288,0.569402056,0.484764407,0.403514712,17
Geophysical_model498,/home/lyara/areswave/models/Geophysical_model498.nd,nd,UNK,,,1016.295,60,900,198.368,1016.295,60,1132.589,33.227,1498.087,99.682,1679.468,60,0.515235593,0.596485288,0.569402056,0.484764407,0.403514712,17
Geophysical_model364,/home/lyara/areswave/models/Geophysical_model364.nd,nd,UNK,,,1016.295,60,900,198.368,1016.295,60,1132.589,33.227,1498.087,99.682,1679.468,60,0.515235593,0.596485288,0.569402056,0.484764407,0.403514712,17
ceylan,/home/lyara/areswave/models/ceylan.nd,nd,UNK,,,1086.523,60,887.59,24.866,1086.523,60,1285.455,24.867,1360.055,74.6,1666.648,60,0.503609408,0.602504757,0.569539641,0.496390592,0.397495243,17
Geophysical_model668,/home/lyara/areswave/models/Geophysical_model668.nd,nd,UNK,,,1099.489,60,900,21.059,1099.489,60,1116.113,16.624,1465.218,99.745,1679.849,60,0.544973381,0.581889874,0.569584376,0.455026619,0.418110126,17
Geophysical_model326,/home/lyara/areswave/models/Geophysical_model326.nd,nd,UNK,,,1031.555,60,900,186.065,1031.555,60,1130.221,32.889,1491.996,82.221,1673.341,60,0.548187674,0.580284343,0.569585453,0.451812326,0.419715657,17
Geophysical_model712,/home/lyara/areswave/models/Geophysical_model712.nd,nd,UNK,,,916.714,60,900,193.2,916.714,60,1117.28,33.427,1484.983,83.569,1683.1,60,0.591089853,0.559036903,0.569721219,0.408910147,0.440963097,17
Geophysical_model711,/home/lyara/areswave/models/Geophysical_model711.nd,nd,UNK,,,916.837,60,879.831,181.521,916.837,60,1118.884,33.674,1489.303,84.186,1687.57,60,0.524303624,0.592530174,0.569787991,0.475696376,0.407469826,17
Geophysical_model564,/home/lyara/areswave/models/Geophysical_model564.nd,nd,UNK,,,1099.625,60,900,21.492,1099.625,60,1116.26,16.636,1465.604,99.812,1680.261,60,0.510918294,0.599236769,0.569797278,0.489081706,0.400763231,17
Geophysical_model921,/home/lyara/areswave/models/Geophysical_model921.nd,nd,UNK,,,916.674,60,877.608,179.137,916.674,60,1116.766,33.348,1483.6,83.371,1681.669,60,0.551391987,0.579177148,0.569915427,0.448608013,0.420822852,17
Geophysical_model602,/home/lyara/areswave/models/Geophysical_model602.nd,nd,UNK,,,1099.903,60,900,21.411,1099.903,60,1116.562,16.658,1466.392,116.61,1681.1,60,0.529609965,0.590203654,0.570005758,0.470390035,0.409796346,17
Geophysical_model799,/home/lyara/areswave/models/Geophysical_model799.nd,nd,UNK,,,933.862,60,900,186.987,933.862,60,1120.105,33.862,1492.59,84.656,1690.97,60,0.578292009,0.566129201,0.57018347,0.421707991,0.433870799,17
MD_model79,/home/lyara/areswave/models/MD_model79.nd,nd,UNK,,,991.345,60,742.39,10.373,991.345,60,1126.195,10.373,1354.404,93.358,1580.668,60,0.568729058,0.570949736,0.57020951,0.431270942,0.429050264,17
Geophysical_model437,/home/lyara/areswave/models/Geophysical_model437.nd,nd,UNK,,,1000.927,60,900,186.895,1000.927,60,1135.497,33.643,1488.742,84.106,1686.989,60,0.498186474,0.606257005,0.570233495,0.501813526,0.393742995,17
AK_model_59,/home/lyara/areswave/models/AK_model_59.nd,nd,UNK,,,1013.735,60,839.485,24.892,1013.735,60,1163.093,124.465,1387.13,49.786,1668.845,60,0.505474803,0.602695485,0.570288591,0.494525197,0.397304515,17
AK_model_62,/home/lyara/areswave/models/AK_model_62.nd,nd,UNK,,,1016.476,60,815.77,25.088,1016.476,60,1116.83,100.353,1367.713,75.265,1675.2,60,0.581181138,0.564850157,0.570293817,0.418818862,0.435149843,17
CD_model75,/home/lyara/areswave/models/CD_model75.nd,nd,UNK,,,,60,,60,,60,,60,,60,,60,0.500647527,0.605134386,0.570305433,0.499352473,0.394865614,17
Geophysical_model988,/home/lyara/areswave/models/Geophysical_model988.nd,nd,UNK,,,950.085,60,900,182.547,950.085,60,1133.728,33.39,1484.32,66.779,1682.414,60,0.549366532,0.58081484,0.570332071,0.450633468,0.41918516,17
Geophysical_model491,/home/lyara/areswave/models/Geophysical_model491.nd,nd,UNK,,,1098.226,60,900,179.373,1098.226,60,1114.745,16.519,1445.122,99.113,1676.04,60,0.542437264,0.584281295,0.570333284,0.457562736,0.415718705,17
Geophysical_model920,/home/lyara/areswave/models/Geophysical_model920.nd,nd,UNK,,,949.962,60,900,178.868,949.962,60,1133.157,33.308,1499.547,83.27,1680.937,60,0.559851453,0.575586741,0.570341645,0.440148547,0.424413259,17
Geophysical_model305,/home/lyara/areswave/models/Geophysical_model305.nd,nd,UNK,,,966.81,60,900,178.452,966.81,60,1117.132,33.405,1451.182,100.215,1682.69,60,0.524608752,0.593459961,0.570509558,0.475391248,0.406540039,17
Geophysical_model237,/home/lyara/areswave/models/Geophysical_model237.nd,nd,UNK,,,949.523,60,900,190.596,949.523,60,1114.598,16.507,1461.256,99.045,1675.63,60,0.505297186,0.603212124,0.570573811,0.494702814,0.396787876,17
Geophysical_model376,/home/lyara/areswave/models/Geophysical_model376.nd,nd,UNK,,,983.203,60,878.839,190.451,983.203,60,1116.329,16.64,1465.783,99.844,1680.452,60,0.478892435,0.616488575,0.570623195,0.521107565,0.383511425,17
Geophysical_model669,/home/lyara/areswave/models/Geophysical_model669.nd,nd,UNK,,,1088.06,60,900,20.667,1088.06,60,1105.156,17.097,1464.18,119.675,1696.954,60,0.625238104,0.543377127,0.570664119,0.374761896,0.456622873,17
Geophysical_model789,/home/lyara/areswave/models/Geophysical_model789.nd,nd,UNK,,,1088.067,60,900,20.667,1088.067,60,1105.164,17.097,1464.2,119.679,1696.976,60,0.625238104,0.543377127,0.570664119,0.374761896,0.456622873,17
Geophysical_model511,/home/lyara/areswave/models/Geophysical_model511.nd,nd,UNK,,,900,60,900,179.82,900,60,1118.724,33.65,1488.873,100.949,1687.125,60,0.546242173,0.582916461,0.570691699,0.453757827,0.417083539,17
Geophysical_model1000,/home/lyara/areswave/models/Geophysical_model1000.nd,nd,UNK,,,966.993,60,878.426,194.167,966.993,60,1117.726,33.497,1486.187,100.49,1684.345,60,0.519217383,0.596722119,0.570887207,0.480782617,0.403277881,17
Geophysical_model642,/home/lyara/areswave/models/Geophysical_model642.nd,nd,UNK,,,1099.713,60,877.292,22.709,1099.713,60,1116.356,16.643,1449.211,99.857,1680.527,60,0.529815113,0.591525055,0.570955075,0.470184887,0.408474945,17
Geophysical_model128,/home/lyara/areswave/models/Geophysical_model128.nd,nd,UNK,,,998.736,60,900,188.684,998.736,60,1130.385,32.912,1475.961,98.737,1673.765,60,0.524211287,0.594645664,0.571167538,0.475788713,0.405354336,17
Geophysical_model427,/home/lyara/areswave/models/Geophysical_model427.nd,nd,UNK,,,949.973,60,900,194.575,949.973,60,1116.548,16.657,1449.698,99.945,1681.061,60,0.491799764,0.611066085,0.571310645,0.508200236,0.388933915,17
Geophysical_model285,/home/lyara/areswave/models/Geophysical_model285.nd,nd,UNK,,,949.973,60,900,194.575,949.973,60,1116.548,16.657,1449.698,99.945,1681.061,60,0.491799764,0.611066085,0.571310645,0.508200236,0.388933915,17
Geophysical_model611,/home/lyara/areswave/models/Geophysical_model611.nd,nd,UNK,,,1084.148,60,900,22.191,1084.148,60,1100.889,16.741,1469.186,100.445,1684.076,60,0.50864081,0.602715169,0.571357049,0.49135919,0.397284831,17
Geophysical_model675,/home/lyara/areswave/models/Geophysical_model675.nd,nd,UNK,,,1084.148,60,900,22.191,1084.148,60,1100.889,16.741,1469.186,100.445,1684.076,60,0.50864081,0.602715169,0.571357049,0.49135919,0.397284831,17
Geophysical_model809,/home/lyara/areswave/models/Geophysical_model809.nd,nd,UNK,,,916.969,60,878.195,196.244,916.969,60,1120.603,33.939,1493.931,84.847,1692.359,60,0.537524083,0.588292683,0.571369816,0.462475917,0.411707317,17
Geophysical_model972,/home/lyara/areswave/models/Geophysical_model972.nd,nd,UNK,,,950.91,60,900,184.519,950.91,60,1120.608,33.94,1493.945,84.849,1692.373,60,0.544541553,0.584895975,0.571444501,0.455458447,0.415104025,17
Geophysical_model944,/home/lyara/areswave/models/Geophysical_model944.nd,nd,UNK,,,950.91,60,900,184.519,950.91,60,1120.608,33.94,1493.945,84.849,1692.373,60,0.544541553,0.584895975,0.571444501,0.455458447,0.415104025,17
MD_model44,/home/lyara/areswave/models/MD_model44.nd,nd,UNK,,,921.056,60,890.938,140.551,921.056,60,1262.393,70.275,1302.55,40.158,1483.258,61.492,0.532452282,0.590949925,0.571450711,0.467547718,0.409050075,17
Geophysical_model713,/home/lyara/areswave/models/Geophysical_model713.nd,nd,UNK,,,916.672,60,877.403,180.774,916.672,60,1116.738,33.345,1483.524,83.361,1681.59,60,0.544853692,0.584850489,0.571518223,0.455146308,0.415149511,17
Geophysical_model163,/home/lyara/areswave/models/Geophysical_model163.nd,nd,UNK,,,967.551,60,900,181.758,967.551,60,1119.539,33.775,1457.292,118.213,1689.395,60,0.561073538,0.576894255,0.571620683,0.438926462,0.423105745,17
Geophysical_model462,/home/lyara/areswave/models/Geophysical_model462.nd,nd,UNK,,,1030.985,60,900,189.882,1030.985,60,1129.223,32.746,1489.43,81.865,1670.76,60,0.53029446,0.59246028,0.57173834,0.46970554,0.40753972,17
Geophysical_model405,/home/lyara/areswave/models/Geophysical_model405.nd,nd,UNK,,,1047.083,60,900,186.645,1047.083,60,1145.138,32.685,1488.33,65.37,1669.654,60,0.602476289,0.556494875,0.571822013,0.397523711,0.443505125,17
MD_model12,/home/lyara/areswave/models/MD_model12.nd,nd,UNK,,,998.179,60,812.363,10.323,998.179,60,1183.995,165.17,1442.073,185.816,1584.814,60,0.581526805,0.567080029,0.571895621,0.418473195,0.432919971,17
Geophysical_model604,/home/lyara/areswave/models/Geophysical_model604.nd,nd,UNK,,,900,60,900,180.015,900,60,1118.266,33.579,1487.638,100.738,1685.847,60,0.527421799,0.594245848,0.571971165,0.472578201,0.405754152,17
Geophysical_model87,/home/lyara/areswave/models/Geophysical_model87.nd,nd,UNK,,,1031.859,60,900,186.92,1031.859,60,1130.753,32.964,1476.882,82.412,1674.718,60,0.533129865,0.591402055,0.571977992,0.466870135,0.408597945,17
Geophysical_model750,/home/lyara/areswave/models/Geophysical_model750.nd,nd,UNK,,,916.648,60,877.568,179.456,916.648,60,1116.419,16.648,1482.668,99.885,1680.704,60,0.57727732,0.569371163,0.572006548,0.42272268,0.430628837,17
Geophysical_model303,/home/lyara/areswave/models/Geophysical_model303.nd,nd,UNK,,,949.55,60,900,192.862,949.55,60,1114.715,16.516,1461.562,99.099,1675.956,60,0.518381084,0.598906033,0.572064383,0.481618916,0.401093967,17
Geophysical_model703,/home/lyara/areswave/models/Geophysical_model703.nd,nd,UNK,,,1099.489,60,900,20.991,1099.489,60,1116.113,16.624,1465.218,99.745,1679.849,60,0.532744995,0.591739431,0.572074619,0.467255005,0.408260569,17
Geophysical_model550,/home/lyara/areswave/models/Geophysical_model550.nd,nd,UNK,,,1099.489,60,900,20.991,1099.489,60,1116.113,16.624,1465.218,99.745,1679.849,60,0.532744995,0.591739431,0.572074619,0.467255005,0.408260569,17
AK_model_31,/home/lyara/areswave/models/AK_model_31.nd,nd,UNK,,,1063.166,60,823.564,26.623,1063.166,60,1276.145,26.623,1329.39,53.245,1699.028,60,0.598371306,0.558947828,0.572088988,0.401628694,0.441052172,17
Geophysical_model42,/home/lyara/areswave/models/Geophysical_model42.nd,nd,UNK,,,949.68,60,900,189.971,949.68,60,1115.279,16.56,1446.478,115.92,1677.528,60,0.549194687,0.583537374,0.572089812,0.450805313,0.416462626,17
Geophysical_model923,/home/lyara/areswave/models/Geophysical_model923.nd,nd,UNK,,,933.343,60,900,180.439,933.343,60,1116.73,33.343,1483.505,83.358,1681.57,60,0.574951999,0.570696129,0.572114753,0.425048001,0.429303871,17
Geophysical_model362,/home/lyara/areswave/models/Geophysical_model362.nd,nd,UNK,,,1001.068,60,900,188.049,1001.068,60,1135.824,33.689,1489.56,101.067,1687.836,60,0.519317525,0.598526007,0.57212318,0.480682475,0.401473993,17
MD_model69,/home/lyara/areswave/models/MD_model69.nd,nd,UNK,,,1009.071,60,829.529,10.561,1009.071,60,1135.807,137.296,1347.033,190.104,1617.331,60,0.513426728,0.601541004,0.572169579,0.486573272,0.398458996,17
Geophysical_model945,/home/lyara/areswave/models/Geophysical_model945.nd,nd,UNK,,,916.672,60,900,180.795,916.672,60,1116.738,33.345,1483.524,83.361,1681.59,60,0.565676216,0.575694424,0.572355021,0.434323784,0.424305576,17
Geophysical_model708,/home/lyara/areswave/models/Geophysical_model708.nd,nd,UNK,,,900,60,900,178.573,900,60,1118.565,33.625,1471.633,100.876,1686.682,60,0.537819365,0.58968232,0.572394668,0.462180635,0.41031768,17
Geophysical_model416,/home/lyara/areswave/models/Geophysical_model416.nd,nd,UNK,,,965.961,60,900,191.536,965.961,60,1114.373,16.491,1460.669,98.942,1675.004,60,0.566064356,0.575640162,0.572448227,0.433935644,0.424359838,17
Geophysical_model435,/home/lyara/areswave/models/Geophysical_model435.nd,nd,UNK,,,949.68,60,900,189.869,949.68,60,1115.279,16.56,1463.038,99.36,1677.528,60,0.514667175,0.601358261,0.572461232,0.485332825,0.398641739,17
Geophysical_model924,/home/lyara/areswave/models/Geophysical_model924.nd,nd,UNK,,,966.648,60,900,192.323,966.648,60,1133.268,33.324,1483.17,83.31,1681.223,60,0.520053177,0.59870888,0.572490312,0.479946823,0.40129112,17
Geophysical_model960,/home/lyara/areswave/models/Geophysical_model960.nd,nd,UNK,,,916.969,60,856.194,197.127,916.969,60,1120.603,33.939,1476.962,84.847,1692.359,60,0.604820108,0.556341963,0.572501344,0.395179892,0.443658037,17
Geophysical_model571,/home/lyara/areswave/models/Geophysical_model571.nd,nd,UNK,,,916.969,60,856.194,197.127,916.969,60,1120.603,33.939,1476.962,84.847,1692.359,60,0.604820108,0.556341963,0.572501344,0.395179892,0.443658037,17
Geophysical_model562,/home/lyara/areswave/models/Geophysical_model562.nd,nd,UNK,,,916.969,60,856.194,197.127,916.969,60,1120.603,33.939,1476.962,84.847,1692.359,60,0.604820108,0.556341963,0.572501344,0.395179892,0.443658037,17
CD_model13,/home/lyara/areswave/models/CD_model13.nd,nd,UNK,,,,60,,60,,60,,60,,60,,60,0.513610554,0.6020372,0.572561652,0.486389446,0.3979628,17
CD_model12,/home/lyara/areswave/models/CD_model12.nd,nd,UNK,,,,60,,60,,60,,60,,60,,60,0.513610554,0.6020372,0.572561652,0.486389446,0.3979628,17
Geophysical_model950,/home/lyara/areswave/models/Geophysical_model950.nd,nd,UNK,,,950.057,60,900,199.649,950.057,60,1133.601,33.371,1484.001,66.743,1682.084,60,0.546639094,0.585560804,0.5725869,0.453360906,0.414439196,17
Geophysical_model997,/home/lyara/areswave/models/Geophysical_model997.nd,nd,UNK,,,950.057,60,900,199.649,950.057,60,1133.601,33.371,1484.001,66.743,1682.084,60,0.546639094,0.585560804,0.5725869,0.453360906,0.414439196,17
Geophysical_model793,/home/lyara/areswave/models/Geophysical_model793.nd,nd,UNK,,,933.855,60,879.282,186.458,933.855,60,1120.056,33.855,1492.459,84.637,1690.835,60,0.545162472,0.586316645,0.572598587,0.454837528,0.413683355,17
Geophysical_model220,/home/lyara/areswave/models/Geophysical_model220.nd,nd,UNK,,,982.959,60,900,190.43,982.959,60,1115.693,16.592,1464.12,116.143,1678.681,60,0.528889634,0.594461956,0.572604515,0.471110366,0.405538044,17
Geophysical_model693,/home/lyara/areswave/models/Geophysical_model693.nd,nd,UNK,,,916.721,60,876.007,191.944,916.721,60,1117.378,33.443,1485.25,83.608,1683.376,60,0.566374057,0.575776183,0.572642141,0.433625943,0.424223817,17
Geophysical_model44,/home/lyara/areswave/models/Geophysical_model44.nd,nd,UNK,,,983.376,60,857.898,189.46,983.376,60,1116.777,33.35,1466.955,100.051,1681.7,60,0.50712181,0.605434135,0.57266336,0.49287819,0.394565865,17
Geophysical_model536,/home/lyara/areswave/models/Geophysical_model536.nd,nd,UNK,,,916.773,60,856.044,197.802,916.773,60,1118.053,33.547,1487.065,83.866,1685.254,60,0.551250914,0.583408004,0.572688974,0.448749086,0.416591996,17
Geophysical_model422,/home/lyara/areswave/models/Geophysical_model422.nd,nd,UNK,,,1031.655,60,900,189.512,1031.655,60,1130.397,32.914,1492.449,82.285,1673.797,60,0.540919194,0.588751845,0.572807628,0.459080806,0.411248155,17
Geophysical_model402,/home/lyara/areswave/models/Geophysical_model402.nd,nd,UNK,,,1031.655,60,900,189.512,1031.655,60,1130.397,32.914,1492.449,82.285,1673.797,60,0.540919194,0.588751845,0.572807628,0.459080806,0.411248155,17
Geophysical_model759,/home/lyara/areswave/models/Geophysical_model759.nd,nd,UNK,,,966.806,60,900,177.517,966.806,60,1133.823,33.403,1484.557,66.807,1682.659,60,0.586184104,0.566201516,0.572862379,0.413815896,0.433798484,17
MD_model9,/home/lyara/areswave/models/MD_model9.nd,nd,UNK,,,993.358,60,779.806,10.169,993.358,60,1156.065,193.214,1430.632,172.876,1501.816,60,0.584867624,0.56690712,0.572893955,0.415132376,0.43309288,17
Geophysical_model165,/home/lyara/areswave/models/Geophysical_model165.nd,nd,UNK,,,1016.295,60,900,197.503,1016.295,60,1132.589,33.227,1481.473,99.682,1679.468,60,0.542180272,0.588297175,0.572924874,0.457819728,0.411702825,17
Geophysical_model737,/home/lyara/areswave/models/Geophysical_model737.nd,nd,UNK,,,933.939,60,879.373,185.641,933.939,60,1120.601,33.939,1476.955,84.847,1692.352,60,0.611432338,0.553719085,0.572956836,0.388567662,0.446280915,17
Geophysical_model721,/home/lyara/areswave/models/Geophysical_model721.nd,nd,UNK,,,933.939,60,879.373,185.641,933.939,60,1120.601,33.939,1476.955,84.847,1692.352,60,0.611432338,0.553719085,0.572956836,0.388567662,0.446280915,17
Geophysical_model554,/home/lyara/areswave/models/Geophysical_model554.nd,nd,UNK,,,933.939,60,879.373,185.641,933.939,60,1120.601,33.939,1476.955,84.847,1692.352,60,0.611432338,0.553719085,0.572956836,0.388567662,0.446280915,17
Geophysical_model726,/home/lyara/areswave/models/Geophysical_model726.nd,nd,UNK,,,916.736,60,875.955,192.357,916.736,60,1117.572,33.472,1485.77,83.681,1683.914,60,0.514531246,0.602400056,0.573110453,0.485468754,0.397599944,17
Geophysical_model225,/home/lyara/areswave/models/Geophysical_model225.nd,nd,UNK,,,983.376,60,900,189.029,983.376,60,1116.777,33.35,1483.63,100.051,1681.7,60,0.472203746,0.623576497,0.573118913,0.527796254,0.376423503,17
Geophysical_model926,/home/lyara/areswave/models/Geophysical_model926.nd,nd,UNK,,,933.844,60,879.594,183.652,933.844,60,1119.984,33.844,1492.265,84.609,1690.635,60,0.578246883,0.570585695,0.573139424,0.421753117,0.429414305,17
Geophysical_model618,/home/lyara/areswave/models/Geophysical_model618.nd,nd,UNK,,,933.862,60,900,186.585,933.862,60,1120.105,33.862,1492.59,84.656,1690.97,60,0.512529593,0.603472833,0.57315842,0.487470407,0.396527167,17
Geophysical_model732,/home/lyara/areswave/models/Geophysical_model732.nd,nd,UNK,,,933.813,60,900,183.29,933.813,60,1119.783,33.813,1491.724,84.532,1690.075,60,0.555466872,0.582020196,0.573169088,0.444533128,0.417979804,17
Geophysical_model104,/home/lyara/areswave/models/Geophysical_model104.nd,nd,UNK,,,1032.98,60,900,181.668,1032.98,60,1132.715,33.245,1498.411,83.113,1679.794,60,0.555528355,0.582093797,0.57323865,0.444471645,0.417906203,17
Geophysical_model199,/home/lyara/areswave/models/Geophysical_model199.nd,nd,UNK,,,1032.98,60,900,181.668,1032.98,60,1132.715,33.245,1498.411,83.113,1679.794,60,0.555528355,0.582093797,0.57323865,0.444471645,0.417906203,17
Geophysical_model215,/home/lyara/areswave/models/Geophysical_model215.nd,nd,UNK,,,949.483,60,900,193.481,949.483,60,1114.426,16.494,1460.805,98.966,1675.15,60,0.532845224,0.593647905,0.573380344,0.467154776,0.406352095,17
Geophysical_model352,/home/lyara/areswave/models/Geophysical_model352.nd,nd,UNK,,,1064.355,60,900,189.358,1064.355,60,1146.533,16.436,1475.244,65.742,1673.022,60,0.557384053,0.581530393,0.573481613,0.442615947,0.418469607,17
Geophysical_model394,/home/lyara/areswave/models/Geophysical_model394.nd,nd,UNK,,,1048.112,60,900,188.297,1048.112,60,1130.397,32.914,1492.449,82.285,1673.797,60,0.544643079,0.587959198,0.573520492,0.455356921,0.412040802,17
Geophysical_model323,/home/lyara/areswave/models/Geophysical_model323.nd,nd,UNK,,,1048.112,60,900,188.297,1048.112,60,1130.397,32.914,1492.449,82.285,1673.797,60,0.544643079,0.587959198,0.573520492,0.455356921,0.412040802,17
Geophysical_model475,/home/lyara/areswave/models/Geophysical_model475.nd,nd,UNK,,,1048.112,60,900,188.297,1048.112,60,1130.397,32.914,1492.449,82.285,1673.797,60,0.544643079,0.587959198,0.573520492,0.455356921,0.412040802,17
Geophysical_model472,/home/lyara/areswave/models/Geophysical_model472.nd,nd,UNK,,,1048.112,60,900,188.297,1048.112,60,1130.397,32.914,1492.449,82.285,1673.797,60,0.544643079,0.587959198,0.573520492,0.455356921,0.412040802,17
Geophysical_model102,/home/lyara/areswave/models/Geophysical_model102.nd,nd,UNK,,,1016.295,60,900,198.324,1016.295,60,1132.589,33.227,1464.86,99.682,1679.468,60,0.51697675,0.601830755,0.573546087,0.48302325,0.398169245,17
Geophysical_model826,/home/lyara/areswave/models/Geophysical_model826.nd,nd,UNK,,,1088.334,60,900,20.699,1088.334,60,1105.456,17.121,1465.003,119.85,1697.857,60,0.568829433,0.575986703,0.573600947,0.431170567,0.424013297,17
Geophysical_model621,/home/lyara/areswave/models/Geophysical_model621.nd,nd,UNK,,,1098.113,60,875.932,48.135,1098.113,60,1114.623,16.509,1444.812,115.566,1675.699,60,0.505067942,0.60787351,0.573604988,0.494932058,0.39212649,17
Geophysical_model896,/home/lyara/areswave/models/Geophysical_model896.nd,nd,UNK,,,900,60,900,198.325,900,60,1104.416,17.035,1479.179,102.208,1694.72,60,0.601413181,0.55973345,0.573626694,0.398586819,0.44026655,17
Geophysical_model89,/home/lyara/areswave/models/Geophysical_model89.nd,nd,UNK,,,1000.663,60,900,199.839,1000.663,60,1134.88,33.554,1470.423,83.886,1685.394,60,0.563706133,0.578593511,0.573631052,0.436293867,0.421406489,17
Geophysical_model168,/home/lyara/areswave/models/Geophysical_model168.nd,nd,UNK,,,1001.362,60,880.983,190.173,1001.362,60,1119.617,33.788,1491.277,101.362,1689.612,60,0.550227423,0.585335222,0.573632622,0.449772577,0.414664778,17
Geophysical_model91,/home/lyara/areswave/models/Geophysical_model91.nd,nd,UNK,,,1001.362,60,880.983,190.173,1001.362,60,1119.617,33.788,1491.277,101.362,1689.612,60,0.550227423,0.585335222,0.573632622,0.449772577,0.414664778,17
Geophysical_model832,/home/lyara/areswave/models/Geophysical_model832.nd,nd,UNK,,,949.951,60,900,180.493,949.951,60,1116.453,16.65,1499.409,83.251,1680.798,60,0.604786262,0.558056042,0.573632782,0.395213738,0.441943958,17
AK_model_71,/home/lyara/areswave/models/AK_model_71.nd,nd,UNK,,,1027.518,60,797.261,25.584,1027.518,60,1283.359,76.752,1308.944,25.584,1695.121,60,0.570845714,0.575122401,0.573696839,0.429154286,0.424877599,17
Geophysical_model700,/home/lyara/areswave/models/Geophysical_model700.nd,nd,UNK,,,916.847,60,879.958,180.374,916.847,60,1119.005,33.693,1489.628,84.233,1687.906,60,0.540355804,0.590462054,0.573759971,0.459644196,0.409537946,17
Geophysical_model38,/home/lyara/areswave/models/Geophysical_model38.nd,nd,UNK,,,1033.254,60,900,187.682,1033.254,60,1133.195,33.313,1482.987,83.283,1681.034,60,0.486198062,0.617548021,0.573764702,0.513801938,0.382451979,17
Geophysical_model985,/home/lyara/areswave/models/Geophysical_model985.nd,nd,UNK,,,950.721,60,900,182.836,950.721,60,1119.792,33.814,1491.747,84.535,1690.099,60,0.533177202,0.594233766,0.573881578,0.466822798,0.405766234,17
Geophysical_model699,/home/lyara/areswave/models/Geophysical_model699.nd,nd,UNK,,,900,60,900,179.615,900,60,1118.724,33.65,1488.873,100.949,1687.125,60,0.567713804,0.576986628,0.573895686,0.432286196,0.423013372,17
Geophysical_model874,/home/lyara/areswave/models/Geophysical_model874.nd,nd,UNK,,,916.644,60,876.99,184.081,916.644,60,1116.374,16.644,1499.19,99.865,1680.578,60,0.611048914,0.555558666,0.574055415,0.388951086,0.444441334,17
Geophysical_model92,/home/lyara/areswave/models/Geophysical_model92.nd,nd,UNK,,,983.004,60,878.65,192.148,983.004,60,1115.809,16.601,1497.625,99.604,1679.004,60,0.470945411,0.625650214,0.574081946,0.529054589,0.374349786,17
Geophysical_model572,/home/lyara/areswave/models/Geophysical_model572.nd,nd,UNK,,,1099.901,60,900,21.405,1099.901,60,1116.56,16.658,1466.387,116.609,1681.095,60,0.533387698,0.594558051,0.574167933,0.466612302,0.405441949,17
Geophysical_model955,/home/lyara/areswave/models/Geophysical_model955.nd,nd,UNK,,,949.954,60,900,178.876,949.954,60,1133.117,33.303,1482.794,83.256,1680.834,60,0.562761274,0.579959909,0.574227031,0.437238726,0.420040091,17
AK_model_91,/home/lyara/areswave/models/AK_model_91.nd,nd,UNK,,,1074.988,60,775.432,27.233,1074.988,60,1292.847,54.464,1320.08,54.464,1720.767,60,0.48483439,0.619115051,0.574354831,0.51516561,0.380884949,17
Geophysical_model226,/home/lyara/areswave/models/Geophysical_model226.nd,nd,UNK,,,1096.615,60,900,186.499,1096.615,60,1145.769,32.769,1489.845,65.539,1671.177,60,0.527584906,0.597778371,0.57438055,0.472415094,0.402221629,17
Geophysical_model436,/home/lyara/areswave/models/Geophysical_model436.nd,nd,UNK,,,949.631,60,900,190.808,949.631,60,1115.067,16.544,1462.484,99.262,1676.937,60,0.587664883,0.567854219,0.574457774,0.412335117,0.432145781,17
AK_model_40,/home/lyara/areswave/models/AK_model_40.nd,nd,UNK,,,1044.143,60,837.506,25.83,1044.143,60,1276.61,77.489,1302.439,25.83,1667.377,60,0.503879927,0.60984262,0.574521722,0.496120073,0.39015738,17
MD_model93,/home/lyara/areswave/models/MD_model93.nd,nd,UNK,,,1028.365,60,811.573,195.113,1028.365,60,1288.514,75.877,1321.033,21.679,1639.515,60,0.517564403,0.603551658,0.574889239,0.482435597,0.396448342,17
Geophysical_model947,/home/lyara/areswave/models/Geophysical_model947.nd,nd,UNK,,,966.806,60,900,177.404,966.806,60,1133.823,33.403,1484.557,66.807,1682.659,60,0.615168734,0.554810511,0.574929919,0.384831266,0.445189489,17
Geophysical_model439,/home/lyara/areswave/models/Geophysical_model439.nd,nd,UNK,,,1030.76,60,900,188.125,1030.76,60,1128.83,32.69,1488.42,81.725,1669.744,60,0.523823018,0.600516513,0.574952015,0.476176982,0.399483487,17
AK_model_22,/home/lyara/areswave/models/AK_model_22.nd,nd,UNK,,,1079.893,60,816.324,26.357,1079.893,60,1290.748,52.714,1317.105,26.357,1685.402,60,0.535072423,0.59495837,0.574996388,0.464927577,0.40504163,17
MD_model61,/home/lyara/areswave/models/MD_model61.nd,nd,UNK,,,1068.978,60,864.088,193.507,1068.978,60,1194.188,193.507,1399.077,102.445,1694.611,60,0.542521798,0.591256299,0.575011465,0.457478202,0.408743701,17
AK_model_76,/home/lyara/areswave/models/AK_model_76.nd,nd,UNK,,,1050.178,60,796.314,25.386,1050.178,60,1278.655,50.773,1304.041,50.773,1688.733,60,0.582493044,0.571301106,0.575031752,0.417506956,0.428698894,17
Geophysical_model583,/home/lyara/areswave/models/Geophysical_model583.nd,nd,UNK,,,1086.489,60,900,21.158,1086.489,60,1103.443,16.953,1459.467,118.675,1691.782,60,0.594355632,0.565402492,0.575053538,0.405644368,0.434597508,17
Geophysical_model665,/home/lyara/areswave/models/Geophysical_model665.nd,nd,UNK,,,1086.489,60,900,21.158,1086.489,60,1103.443,16.953,1459.467,118.675,1691.782,60,0.594355632,0.565402492,0.575053538,0.405644368,0.434597508,17
Geophysical_model817,/home/lyara/areswave/models/Geophysical_model817.nd,nd,UNK,,,950.91,60,900,185.165,950.91,60,1120.608,33.94,1476.975,84.849,1692.373,60,0.545554829,0.590127147,0.575269708,0.454445171,0.409872853,17
Geophysical_model847,/home/lyara/areswave/models/Geophysical_model847.nd,nd,UNK,,,916.687,60,876.852,185.181,916.687,60,1116.931,33.374,1484.044,83.435,1682.128,60,0.564029228,0.581297053,0.575541111,0.435970772,0.418702947,17
Geophysical_model941,/home/lyara/areswave/models/Geophysical_model941.nd,nd,UNK,,,900,60,900,29.796,900,60,1101.736,16.811,1488.396,100.868,1686.632,60,0.517452877,0.60458689,0.575542219,0.482547123,0.39541311,17
Geophysical_model937,/home/lyara/areswave/models/Geophysical_model937.nd,nd,UNK,,,916.589,60,878.454,193.918,916.589,60,1115.651,16.589,1497.188,99.531,1678.564,60,0.549549517,0.58856599,0.575560499,0.450450483,0.41143401,17
Geophysical_model133,/home/lyara/areswave/models/Geophysical_model133.nd,nd,UNK,,,1098.133,60,900,196.677,1098.133,60,1147.666,16.511,1494.399,66.044,1675.759,60,0.605252035,0.561050216,0.575784156,0.394747965,0.438949784,17
Geophysical_model207,/home/lyara/areswave/models/Geophysical_model207.nd,nd,UNK,,,1064.102,60,900,191.005,1064.102,60,1146.153,32.82,1490.767,65.64,1672.105,60,0.523787404,0.601944599,0.575892201,0.476212596,0.398055401,17
Geophysical_model8,/home/lyara/areswave/models/Geophysical_model8.nd,nd,UNK,,,1064.102,60,900,191.005,1064.102,60,1146.153,32.82,1490.767,65.64,1672.105,60,0.523787404,0.601944599,0.575892201,0.476212596,0.398055401,17
Geophysical_model132,/home/lyara/areswave/models/Geophysical_model132.nd,nd,UNK,,,1048.611,60,900,194.704,1048.611,60,1147.685,33.024,1494.444,66.049,1675.804,60,0.529882665,0.599230424,0.576114504,0.470117335,0.400769576,17
AK_model_19,/home/lyara/areswave/models/AK_model_19.nd,nd,UNK,,,1045.493,60,811.971,25.947,1045.493,60,1279.016,25.947,1330.909,51.893,1670.7,60,0.500194606,0.614286151,0.576255636,0.499805394,0.385713849,17
AK_model_11,/home/lyara/areswave/models/AK_model_11.nd,nd,UNK,,,1040.425,60,848.992,23.929,1040.425,60,1279.717,71.788,1303.646,23.929,1652.614,60,0.527361446,0.601086057,0.576511187,0.472638554,0.398913943,17
Geophysical_model815,/home/lyara/areswave/models/Geophysical_model815.nd,nd,UNK,,,950.781,60,900,183.496,950.781,60,1136.977,33.854,1475.515,67.707,1690.818,60,0.543740256,0.592939832,0.576539973,0.456259744,0.407060168,17
Geophysical_model476,/home/lyara/areswave/models/Geophysical_model476.nd,nd,UNK,,,967.7,60,900,181.488,967.7,60,1120.025,33.85,1458.525,118.475,1690.748,60,0.519722652,0.605002224,0.5765757,0.480277348,0.394997776,17
MD_model7,/home/lyara/areswave/models/MD_model7.nd,nd,UNK,,,992.399,60,762.376,10.455,992.399,60,1107.411,188.2,1389.712,188.201,1605.996,60,0.59299671,0.568541093,0.576692965,0.40700329,0.431458907,17
Geophysical_model661,/home/lyara/areswave/models/Geophysical_model661.nd,nd,UNK,,,933.422,60,900,184.004,933.422,60,1117.244,33.423,1484.889,83.556,1683.002,60,0.559121988,0.58579135,0.576901563,0.440878012,0.41420865,17
Geophysical_model631,/home/lyara/areswave/models/Geophysical_model631.nd,nd,UNK,,,933.855,60,900,186.076,933.855,60,1120.056,33.855,1492.459,84.637,1690.835,60,0.571640866,0.579706899,0.577018222,0.428359134,0.420293101,17
AK_model_30,/home/lyara/areswave/models/AK_model_30.nd,nd,UNK,,,1083.305,60,820.426,26.288,1083.305,60,1293.608,52.576,1319.896,52.576,1687.417,60,0.587938499,0.571583956,0.57703547,0.412061501,0.428416044,17
Geophysical_model21,/home/lyara/areswave/models/Geophysical_model21.nd,nd,UNK,,,1014.96,60,900,184.462,1014.96,60,1129.919,32.846,1491.22,82.113,1672.561,60,0.545485837,0.59294775,0.577127113,0.454514163,0.40705225,17
Geophysical_model129,/home/lyara/areswave/models/Geophysical_model129.nd,nd,UNK,,,1099.26,60,900,178.923,1099.26,60,1115.865,16.605,1431.359,116.234,1679.159,60,0.503168394,0.61423258,0.577211185,0.496831606,0.38576742,17
Geophysical_model503,/home/lyara/areswave/models/Geophysical_model503.nd,nd,UNK,,,950.526,60,900,173.241,950.526,60,1135.789,33.684,1489.473,67.369,1687.745,60,0.560606267,0.585622022,0.577283437,0.439393733,0.414377978,17
Geophysical_model886,/home/lyara/areswave/models/Geophysical_model886.nd,nd,UNK,,,950.526,60,900,173.241,950.526,60,1135.789,33.684,1489.473,67.369,1687.745,60,0.560606267,0.585622022,0.577283437,0.439393733,0.414377978,17
Geophysical_model758,/home/lyara/areswave/models/Geophysical_model758.nd,nd,UNK,,,950.526,60,900,173.241,950.526,60,1135.789,33.684,1489.473,67.369,1687.745,60,0.560606267,0.585622022,0.577283437,0.439393733,0.414377978,17
Geophysical_model387,/home/lyara/areswave/models/Geophysical_model387.nd,nd,UNK,,,966.673,60,900,186.434,966.673,60,1116.688,33.336,1483.391,100.01,1681.453,60,0.489255968,0.621335843,0.577309218,0.510744032,0.378664157,17
Geophysical_model438,/home/lyara/areswave/models/Geophysical_model438.nd,nd,UNK,,,1033.261,60,900,181.956,1033.261,60,1133.207,33.315,1499.676,83.288,1681.067,60,0.61452976,0.558819857,0.577389825,0.38547024,0.441180143,17
Geophysical_model110,/home/lyara/areswave/models/Geophysical_model110.nd,nd,UNK,,,1032.978,60,900,189.199,1032.978,60,1132.711,33.244,1498.399,83.111,1679.782,60,0.582923102,0.574706693,0.577445496,0.417076898,0.425293307,17
Geophysical_model825,/home/lyara/areswave/models/Geophysical_model825.nd,nd,UNK,,,916.714,60,876.157,190.746,916.714,60,1117.284,33.428,1484.996,83.571,1683.113,60,0.547730214,0.59258167,0.577631185,0.452269786,0.40741833,17
Geophysical_model853,/home/lyara/areswave/models/Geophysical_model853.nd,nd,UNK,,,950.057,60,900,199.349,950.057,60,1133.601,33.371,1484.001,66.743,1682.084,60,0.582295762,0.575333104,0.57765399,0.417704238,0.424666896,17
Geophysical_model365,/home/lyara/areswave/models/Geophysical_model365.nd,nd,UNK,,,999.752,60,900,199.119,999.752,60,1132.755,33.251,1481.887,99.752,1679.896,60,0.566205877,0.583391091,0.577662687,0.433794123,0.416608909,17
Geophysical_model887,/home/lyara/areswave/models/Geophysical_model887.nd,nd,UNK,,,966.653,60,900,193.256,966.653,60,1133.286,33.327,1499.88,83.317,1681.272,60,0.562231712,0.585610535,0.577817594,0.437768288,0.414389465,17
Geophysical_model301,/home/lyara/areswave/models/Geophysical_model301.nd,nd,UNK,,,949.517,60,900,192.185,949.517,60,1114.574,16.506,1444.688,115.54,1675.563,60,0.523839405,0.604879088,0.57786586,0.476160595,0.395120912,17
Geophysical_model632,/home/lyara/areswave/models/Geophysical_model632.nd,nd,UNK,,,900,60,900,22.42,900,60,1101.621,16.802,1488.061,100.811,1686.284,60,0.554356762,0.589736941,0.577943548,0.445643238,0.410263059,17
Geophysical_model173,/home/lyara/areswave/models/Geophysical_model173.nd,nd,UNK,,,1063.521,60,900,197.912,1063.521,60,1145.281,32.704,1488.674,65.408,1669.999,60,0.527583245,0.603236015,0.578018425,0.472416755,0.396763985,17
Geophysical_model375,/home/lyara/areswave/models/Geophysical_model375.nd,nd,UNK,,,949.973,60,900,197.183,949.973,60,1116.548,16.657,1449.698,116.603,1681.061,60,0.53173215,0.601162563,0.578019092,0.46826785,0.398837437,17
Geophysical_model363,/home/lyara/areswave/models/Geophysical_model363.nd,nd,UNK,,,949.973,60,900,197.183,949.973,60,1116.548,16.657,1449.698,116.603,1681.061,60,0.53173215,0.601162563,0.578019092,0.46826785,0.398837437,17
Geophysical_model345,/home/lyara/areswave/models/Geophysical_model345.nd,nd,UNK,,,1031.859,60,900,187.371,1031.859,60,1130.753,32.964,1476.882,82.412,1674.718,60,0.579686106,0.577189854,0.578021938,0.420313894,0.422810146,17
Geophysical_model479,/home/lyara/areswave/models/Geophysical_model479.nd,nd,UNK,,,983.998,60,876.544,187.65,983.998,60,1118.394,33.599,1487.983,100.797,1686.203,60,0.500002243,0.617177153,0.57811885,0.499997757,0.382822847,17
Geophysical_model200,/home/lyara/areswave/models/Geophysical_model200.nd,nd,UNK,,,933.606,60,900,183.887,933.606,60,1101.635,16.803,1437.694,117.621,1686.328,60,0.561935374,0.586369765,0.578224968,0.438064626,0.413630235,17
Geophysical_model807,/home/lyara/areswave/models/Geophysical_model807.nd,nd,UNK,,,1099.57,60,900,21.445,1099.57,60,1116.201,16.631,1465.45,99.785,1680.096,60,0.519352028,0.607682288,0.578238868,0.480647972,0.392317712,17
Geophysical_model706,/home/lyara/areswave/models/Geophysical_model706.nd,nd,UNK,,,1099.57,60,900,21.445,1099.57,60,1116.201,16.631,1465.45,99.785,1680.096,60,0.519352028,0.607682288,0.578238868,0.480647972,0.392317712,17
Geophysical_model109,/home/lyara/areswave/models/Geophysical_model109.nd,nd,UNK,,,983.19,60,900,192.453,983.19,60,1116.294,16.638,1465.692,116.466,1680.354,60,0.562224622,0.586481558,0.578395913,0.437775378,0.413518442,17
AK_model_21,/home/lyara/areswave/models/AK_model_21.nd,nd,UNK,,,1060.311,60,819.703,53.469,1060.311,60,1274.186,26.734,1327.655,53.469,1698.352,60,0.561685575,0.586865071,0.578471905,0.438314425,0.413134929,17
Geophysical_model906,/home/lyara/areswave/models/Geophysical_model906.nd,nd,UNK,,,916.577,60,900,196.183,916.577,60,1115.503,16.577,1480.2,99.463,1678.151,60,0.621010709,0.55770839,0.578809163,0.378989291,0.44229161,17
Geophysical_model987,/home/lyara/areswave/models/Geophysical_model987.nd,nd,UNK,,,916.714,60,900,189.303,916.714,60,1117.284,33.428,1484.996,83.571,1683.113,60,0.548935435,0.593786957,0.578836449,0.451064565,0.406213043,17
Geophysical_model627,/home/lyara/areswave/models/Geophysical_model627.nd,nd,UNK,,,950.721,60,900,183.974,950.721,60,1119.792,33.814,1491.747,67.628,1690.099,60,0.571191598,0.582804196,0.57893333,0.428808402,0.417195804,17
Geophysical_model233,/home/lyara/areswave/models/Geophysical_model233.nd,nd,UNK,,,1033.403,60,900,187.835,1033.403,60,1133.456,16.675,1483.64,66.702,1681.71,60,0.551095103,0.592959265,0.579004544,0.448904897,0.407040735,17
Geophysical_model679,/home/lyara/areswave/models/Geophysical_model679.nd,nd,UNK,,,933.365,60,900,185.196,933.365,60,1116.872,33.365,1483.886,83.413,1681.964,60,0.539828247,0.598685049,0.579066115,0.460171753,0.401314951,17
Geophysical_model90,/home/lyara/areswave/models/Geophysical_model90.nd,nd,UNK,,,949.68,60,900,190.494,949.68,60,1115.279,16.56,1446.478,115.92,1677.528,60,0.497969744,0.619733763,0.579145757,0.502030256,0.380266237,17
AK_model_98,/home/lyara/areswave/models/AK_model_98.nd,nd,UNK,,,1045.711,60,774.539,27.117,1045.711,60,1289.767,54.235,1316.884,54.234,1716.731,60,0.597486849,0.570165563,0.579272658,0.402513151,0.429834437,17
Geophysical_model646,/home/lyara/areswave/models/Geophysical_model646.nd,nd,UNK,,,950.013,60,900,182.469,950.013,60,1133.396,50.013,1483.489,66.684,1681.554,60,0.575341375,0.581239093,0.579273187,0.424658625,0.418760907,17
Geophysical_model123,/home/lyara/areswave/models/Geophysical_model123.nd,nd,UNK,,,1032.872,60,900,181.792,1032.872,60,1132.525,33.217,1481.314,83.045,1679.303,60,0.557394379,0.590224324,0.579281009,0.442605621,0.409775676,17
Geophysical_model308,/home/lyara/areswave/models/Geophysical_model308.nd,nd,UNK,,,1016.273,60,878.266,195.602,1016.273,60,1132.546,33.221,1497.976,99.663,1679.357,60,0.540077413,0.598965516,0.579336148,0.459922587,0.401034484,17
Geophysical_model470,/home/lyara/areswave/models/Geophysical_model470.nd,nd,UNK,,,1063.97,60,900,188.422,1063.97,60,1145.955,32.794,1490.293,65.588,1671.628,60,0.545507171,0.596353779,0.57940491,0.454492829,0.403646221,17
Geophysical_model224,/home/lyara/areswave/models/Geophysical_model224.nd,nd,UNK,,,1048.554,60,900,194.993,1048.554,60,1147.591,33.012,1494.218,49.518,1675.576,60,0.540746241,0.598786635,0.579439837,0.459253759,0.401213365,17
Geophysical_model63,/home/lyara/areswave/models/Geophysical_model63.nd,nd,UNK,,,1048.554,60,900,194.993,1048.554,60,1147.591,33.012,1494.218,49.518,1675.576,60,0.540746241,0.598786635,0.579439837,0.459253759,0.401213365,17
Geophysical_model267,/home/lyara/areswave/models/Geophysical_model267.nd,nd,UNK,,,1048.554,60,900,194.993,1048.554,60,1147.591,33.012,1494.218,49.518,1675.576,60,0.540746241,0.598786635,0.579439837,0.459253759,0.401213365,17
Geophysical_model321,/home/lyara/areswave/models/Geophysical_model321.nd,nd,UNK,,,1064.355,60,900,189.894,1064.355,60,1146.533,32.871,1491.679,65.742,1673.022,60,0.570570874,0.583988656,0.579516062,0.429429126,0.416011344,17
Geophysical_model137,/home/lyara/areswave/models/Geophysical_model137.nd,nd,UNK,,,966.251,60,900,186.972,966.251,60,1115.315,16.563,1463.132,99.376,1677.628,60,0.523911513,0.607327832,0.579522393,0.476088487,0.392672168,17
Geophysical_model268,/home/lyara/areswave/models/Geophysical_model268.nd,nd,UNK,,,965.961,60,900,192.22,965.961,60,1114.373,16.491,1460.669,98.942,1675.004,60,0.553825764,0.592512657,0.579617026,0.446174236,0.407487343,17
Geophysical_model952,/home/lyara/areswave/models/Geophysical_model952.nd,nd,UNK,,,950.007,60,900,178.721,950.007,60,1133.367,33.338,1483.418,66.676,1681.481,60,0.567685494,0.585588996,0.579621162,0.432314506,0.414411004,17
Geophysical_model821,/home/lyara/areswave/models/Geophysical_model821.nd,nd,UNK,,,950.007,60,900,178.721,950.007,60,1133.367,33.338,1483.418,66.676,1681.481,60,0.567685494,0.585588996,0.579621162,0.432314506,0.414411004,17
Geophysical_model957,/home/lyara/areswave/models/Geophysical_model957.nd,nd,UNK,,,949.985,60,900,199.43,949.985,60,1133.262,33.323,1483.154,83.308,1681.208,60,0.587535951,0.575686067,0.579636028,0.412464049,0.424313933,17
Geophysical_model829,/home/lyara/areswave/models/Geophysical_model829.nd,nd,UNK,,,949.985,60,900,199.43,949.985,60,1133.262,33.323,1483.154,83.308,1681.208,60,0.587535951,0.575686067,0.579636028,0.412464049,0.424313933,17
AK_model_23,/home/lyara/areswave/models/AK_model_23.nd,nd,UNK,,,1057.206,60,792.209,26.5,1057.206,60,1295.703,52.999,1322.203,26.5,1691.329,60,0.587894253,0.575552467,0.579666396,0.412105747,0.424447533,17
Geophysical_model185,/home/lyara/areswave/models/Geophysical_model185.nd,nd,UNK,,,1001.288,60,861.569,192.154,1001.288,60,1119.457,33.763,1490.847,101.288,1689.167,60,0.550271989,0.594562704,0.579799132,0.449728011,0.405437296,17
Geophysical_model786,/home/lyara/areswave/models/Geophysical_model786.nd,nd,UNK,,,900,60,900,185.402,900,60,1106.136,17.178,1466.874,85.89,1699.91,60,0.612428775,0.563582628,0.579864677,0.387571225,0.436417372,17
Geophysical_model580,/home/lyara/areswave/models/Geophysical_model580.nd,nd,UNK,,,900,60,900,185.402,900,60,1106.136,17.178,1466.874,85.89,1699.91,60,0.612428775,0.563582628,0.579864677,0.387571225,0.436417372,17
Geophysical_model76,/home/lyara/areswave/models/Geophysical_model76.nd,nd,UNK,,,1063.404,60,900,196.758,1063.404,60,1145.107,32.681,1488.256,65.362,1669.579,60,0.521645609,0.609039668,0.579908315,0.478354391,0.390960332,17
Geophysical_model801,/home/lyara/areswave/models/Geophysical_model801.nd,nd,UNK,,,966.694,60,900,192.625,966.694,60,1133.428,33.346,1483.57,66.694,1681.638,60,0.564949078,0.587624124,0.580065775,0.435050922,0.412375876,17
Geophysical_model390,/home/lyara/areswave/models/Geophysical_model390.nd,nd,UNK,,,1033.228,60,900,182.297,1033.228,60,1133.149,33.307,1499.526,83.268,1680.916,60,0.574469074,0.582972361,0.580137932,0.425530926,0.417027639,17
Geophysical_model745,/home/lyara/areswave/models/Geophysical_model745.nd,nd,UNK,,,916.716,60,875.992,192.064,916.716,60,1117.309,33.432,1451.63,83.58,1683.182,60,0.544025182,0.598197416,0.580140005,0.455974818,0.401802584,17
AK_model_90,/home/lyara/areswave/models/AK_model_90.nd,nd,UNK,,,1066.591,60,798.434,26.816,1066.591,60,1281.116,26.815,1334.748,53.631,1705.618,60,0.634258901,0.553154939,0.580189593,0.365741099,0.446845061,17
Geophysical_model460,/home/lyara/areswave/models/Geophysical_model460.nd,nd,UNK,,,1016.377,60,900,198.875,1016.377,60,1116.129,33.251,1498.512,99.752,1679.896,60,0.52808632,0.606278664,0.580214549,0.47191368,0.393721336,17
Geophysical_model271,/home/lyara/areswave/models/Geophysical_model271.nd,nd,UNK,,,1016.377,60,900,198.875,1016.377,60,1116.129,33.251,1498.512,99.752,1679.896,60,0.52808632,0.606278664,0.580214549,0.47191368,0.393721336,17
Geophysical_model431,/home/lyara/areswave/models/Geophysical_model431.nd,nd,UNK,,,999.807,60,900,191.389,999.807,60,1116.249,16.634,1465.574,99.807,1680.229,60,0.553087494,0.59385674,0.580266992,0.446912506,0.40614326,17
Geophysical_model160,/home/lyara/areswave/models/Geophysical_model160.nd,nd,UNK,,,1001.362,60,862.062,189.689,1001.362,60,1119.617,33.788,1491.277,101.362,1689.612,60,0.543275798,0.598816948,0.580303231,0.456724202,0.401183052,17
Geophysical_model10,/home/lyara/areswave/models/Geophysical_model10.nd,nd,UNK,,,983.111,60,878.833,190.503,983.111,60,1116.088,16.622,1465.153,116.355,1679.781,60,0.524541191,0.608387961,0.580439038,0.475458809,0.391612039,17
Geophysical_model97,/home/lyara/areswave/models/Geophysical_model97.nd,nd,UNK,,,983.19,60,878.419,194.225,983.19,60,1116.294,16.638,1465.692,116.466,1680.354,60,0.490762347,0.625292288,0.580448975,0.509237653,0.374707712,17
Geophysical_model525,/home/lyara/areswave/models/Geophysical_model525.nd,nd,UNK,,,933.975,60,900,186.007,933.975,60,1120.837,33.975,1494.562,84.937,1693.011,60,0.562410476,0.589478069,0.580455538,0.437589524,0.410521931,17
Geophysical_model673,/home/lyara/areswave/models/Geophysical_model673.nd,nd,UNK,,,900,60,900,180.989,900,60,1118.976,33.689,1489.55,101.066,1687.825,60,0.564618267,0.588420016,0.580486099,0.435381733,0.411579984,17
Geophysical_model144,/home/lyara/areswave/models/Geophysical_model144.nd,nd,UNK,,,966.251,60,900,186.748,966.251,60,1115.315,16.563,1463.132,99.376,1677.628,60,0.524868864,0.608408287,0.580561812,0.475131136,0.391591713,17
Geophysical_model312,/home/lyara/areswave/models/Geophysical_model312.nd,nd,UNK,,,966.712,60,878.564,192.925,966.712,60,1116.813,33.356,1483.727,100.067,1681.8,60,0.492389846,0.624698294,0.580595478,0.507610154,0.375301706,17
Geophysical_model566,/home/lyara/areswave/models/Geophysical_model566.nd,nd,UNK,,,916.723,60,877.828,199.549,916.723,60,1117.396,33.446,1485.297,83.614,1683.425,60,0.581516429,0.580230983,0.580659465,0.418483571,0.419769017,17
Geophysical_model681,/home/lyara/areswave/models/Geophysical_model681.nd,nd,UNK,,,916.723,60,877.828,199.549,916.723,60,1117.396,33.446,1485.297,83.614,1683.425,60,0.581516429,0.580230983,0.580659465,0.418483571,0.419769017,17
Geophysical_model996,/home/lyara/areswave/models/Geophysical_model996.nd,nd,UNK,,,916.723,60,877.828,199.549,916.723,60,1117.396,33.446,1485.297,83.614,1683.425,60,0.581516429,0.580230983,0.580659465,0.418483571,0.419769017,17
Geophysical_model778,/home/lyara/areswave/models/Geophysical_model778.nd,nd,UNK,,,933.288,60,876.97,184.237,933.288,60,1116.374,16.644,1499.19,99.865,1680.578,60,0.516588265,0.612748595,0.580695152,0.483411735,0.387251405,17
Geophysical_model86,/home/lyara/areswave/models/Geophysical_model86.nd,nd,UNK,,,1015.239,60,900,189.352,1015.239,60,1130.479,32.926,1492.66,98.777,1674.009,60,0.542739595,0.599751298,0.580747397,0.457260405,0.400248702,17
Geophysical_model563,/home/lyara/areswave/models/Geophysical_model563.nd,nd,UNK,,,1087.281,60,900,22.386,1087.281,60,1104.307,17.025,1461.843,119.179,1694.389,60,0.566599042,0.58797778,0.580851534,0.433400958,0.41202222,17
Geophysical_model65,/home/lyara/areswave/models/Geophysical_model65.nd,nd,UNK,,,965.752,60,900,181.314,965.752,60,1113.693,16.437,1442.45,115.065,1673.108,60,0.49718996,0.622701445,0.580864283,0.50281004,0.377298555,17
Geophysical_model98,/home/lyara/areswave/models/Geophysical_model98.nd,nd,UNK,,,1098.133,60,900,197.5,1098.133,60,1147.666,16.511,1494.399,66.044,1675.759,60,0.547126678,0.59800838,0.581047812,0.452873322,0.40199162,17
Geophysical_model95,/home/lyara/areswave/models/Geophysical_model95.nd,nd,UNK,,,999.558,60,878.735,191.384,999.558,60,1115.708,16.593,1480.753,99.558,1678.723,60,0.500066722,0.621546148,0.581053006,0.499933278,0.378453852,17
Geophysical_model280,/home/lyara/areswave/models/Geophysical_model280.nd,nd,UNK,,,999.558,60,878.735,191.384,999.558,60,1115.708,16.593,1480.753,99.558,1678.723,60,0.500066722,0.621546148,0.581053006,0.499933278,0.378453852,17
Geophysical_model307,/home/lyara/areswave/models/Geophysical_model307.nd,nd,UNK,,,999.558,60,878.735,191.384,999.558,60,1115.708,16.593,1480.753,99.558,1678.723,60,0.500066722,0.621546148,0.581053006,0.499933278,0.378453852,17
Geophysical_model686,/home/lyara/areswave/models/Geophysical_model686.nd,nd,UNK,,,900,60,900,21.478,900,60,1116.829,33.358,1483.771,100.075,1681.845,60,0.536787653,0.603297342,0.581127446,0.463212347,0.396702658,17
Geophysical_model528,/home/lyara/areswave/models/Geophysical_model528.nd,nd,UNK,,,933.804,60,900,181.169,933.804,60,1119.729,33.804,1491.578,84.511,1689.924,60,0.55063103,0.596544648,0.581240109,0.44936897,0.403455352,17
Geophysical_model519,/home/lyara/areswave/models/Geophysical_model519.nd,nd,UNK,,,917.024,60,877.908,198.826,917.024,60,1121.318,34.049,1495.857,102.147,1694.351,60,0.595984646,0.573937479,0.581286535,0.404015354,0.426062521,17
Geophysical_model890,/home/lyara/areswave/models/Geophysical_model890.nd,nd,UNK,,,917.024,60,877.908,198.826,917.024,60,1121.318,34.049,1495.857,102.147,1694.351,60,0.595984646,0.573937479,0.581286535,0.404015354,0.426062521,17
MD_model4,/home/lyara/areswave/models/MD_model4.nd,nd,UNK,,,994.529,60,768.899,10.256,994.529,60,1117.601,164.094,1394.511,194.863,1507.326,60.715,0.609876953,0.567061174,0.5813331,0.390123047,0.432938826,17
Geophysical_model932,/home/lyara/areswave/models/Geophysical_model932.nd,nd,UNK,,,966.597,60,900,179.619,966.597,60,1133.089,33.298,1499.372,83.246,1680.761,60,0.51106971,0.61647752,0.581341583,0.48893029,0.38352248,17
Geophysical_model408,/home/lyara/areswave/models/Geophysical_model408.nd,nd,UNK,,,949.973,60,900,193.776,949.973,60,1116.548,16.657,1449.698,99.945,1681.061,60,0.536185127,0.603948371,0.581360623,0.463814873,0.396051629,17
Geophysical_model113,/home/lyara/areswave/models/Geophysical_model113.nd,nd,UNK,,,949.973,60,900,193.776,949.973,60,1116.548,16.657,1449.698,99.945,1681.061,60,0.536185127,0.603948371,0.581360623,0.463814873,0.396051629,17
Geophysical_model213,/home/lyara/areswave/models/Geophysical_model213.nd,nd,UNK,,,949.973,60,900,193.776,949.973,60,1116.548,16.657,1449.698,99.945,1681.061,60,0.536185127,0.603948371,0.581360623,0.463814873,0.396051629,17
Geophysical_model748,/home/lyara/areswave/models/Geophysical_model748.nd,nd,UNK,,,1099.489,60,900,21.061,1099.489,60,1116.113,16.624,1465.218,99.745,1679.849,60,0.55888611,0.592627003,0.581380038,0.44111389,0.407372997,17
Geophysical_model100,/home/lyara/areswave/models/Geophysical_model100.nd,nd,UNK,,,1033.219,60,877.55,179.596,1033.219,60,1133.134,33.305,1482.834,83.262,1680.877,60,0.581037103,0.581554543,0.581382063,0.418962897,0.418445457,17
Geophysical_model299,/home/lyara/areswave/models/Geophysical_model299.nd,nd,UNK,,,1098.572,60,900,179.417,1098.572,60,1115.12,16.548,1446.074,99.286,1677.084,60,0.498148882,0.623024153,0.581399063,0.501851118,0.376975847,17
Geophysical_model1,/home/lyara/areswave/models/Geophysical_model1.nd,nd,UNK,,,1033.278,60,900,182.554,1033.278,60,1133.237,33.32,1483.093,83.299,1681.144,60,0.592082304,0.576097558,0.581425806,0.407917696,0.423902442,17
Geophysical_model2,/home/lyara/areswave/models/Geophysical_model2.nd,nd,UNK,,,1033.278,60,900,182.554,1033.278,60,1133.237,33.32,1483.093,83.299,1681.144,60,0.592082304,0.576097558,0.581425806,0.407917696,0.423902442,17
Geophysical_model412,/home/lyara/areswave/models/Geophysical_model412.nd,nd,UNK,,,1030.985,60,900,188.822,1030.985,60,1129.223,32.746,1489.43,81.865,1670.76,60,0.525928082,0.609462326,0.581617578,0.474071918,0.390537674,17
Geophysical_model331,/home/lyara/areswave/models/Geophysical_model331.nd,nd,UNK,,,966.03,60,900,191.536,966.03,60,1114.598,16.507,1461.256,99.045,1675.63,60,0.522862602,0.611008449,0.5816265,0.477137398,0.388991551,17
MD_model58,/home/lyara/areswave/models/MD_model58.nd,nd,UNK,,,900.043,60,768.768,121.177,900.043,60,1293.868,80.785,1314.064,30.294,1495.829,61.086,0.59093817,0.577039174,0.581672172,0.40906183,0.422960826,17
Geophysical_model368,/home/lyara/areswave/models/Geophysical_model368.nd,nd,UNK,,,1031.52,60,900,186.956,1031.52,60,1130.159,32.88,1491.838,82.199,1673.183,60,0.605559205,0.569745191,0.581683196,0.394440795,0.430254809,17
Geophysical_model456,/home/lyara/areswave/models/Geophysical_model456.nd,nd,UNK,,,1016.299,60,877.225,182.2,1016.299,60,1132.599,33.228,1498.111,99.685,1679.493,60,0.551864174,0.596603781,0.581690578,0.448135826,0.403396219,17
Geophysical_model186,/home/lyara/areswave/models/Geophysical_model186.nd,nd,UNK,,,933.038,60,900,199.34,933.038,60,1114.745,16.519,1445.122,99.113,1676.04,60,0.552408728,0.596411931,0.581744196,0.447591272,0.403588069,17
Geophysical_model62,/home/lyara/areswave/models/Geophysical_model62.nd,nd,UNK,,,1099.133,60,900,181.776,1099.133,60,1115.728,16.594,1431.022,99.567,1678.777,60,0.552946754,0.596268263,0.58182776,0.447053246,0.403731737,17
Geophysical_model775,/home/lyara/areswave/models/Geophysical_model775.nd,nd,UNK,,,900,60,877.329,181.367,900,60,1119.204,33.724,1490.165,101.171,1688.461,60,0.602607854,0.571558906,0.581908556,0.397392146,0.428441094,17
Geophysical_model382,/home/lyara/areswave/models/Geophysical_model382.nd,nd,UNK,,,1063.521,60,900,197.657,1063.521,60,1145.281,32.704,1488.674,65.408,1669.999,60,0.538418141,0.603657907,0.581911318,0.461581859,0.396342093,17
Geophysical_model541,/home/lyara/areswave/models/Geophysical_model541.nd,nd,UNK,,,916.672,60,900,180.17,916.672,60,1116.741,33.345,1483.532,83.362,1681.599,60,0.545068812,0.600476899,0.582007537,0.454931188,0.399523101,17
Geophysical_model790,/home/lyara/areswave/models/Geophysical_model790.nd,nd,UNK,,,900,60,900,197.837,900,60,1104.416,17.035,1479.179,102.208,1694.72,60,0.573055929,0.586634518,0.582108322,0.426944071,0.413365482,17
Geophysical_model250,/home/lyara/areswave/models/Geophysical_model250.nd,nd,UNK,,,1033.261,60,900,182.415,1033.261,60,1133.207,33.315,1499.676,83.288,1681.067,60,0.578607449,0.583888528,0.582128168,0.421392551,0.416111472,17
Geophysical_model806,/home/lyara/areswave/models/Geophysical_model806.nd,nd,UNK,,,916.669,60,900,180.926,916.669,60,1116.699,33.338,1483.42,83.346,1681.482,60,0.576649637,0.585253107,0.582385284,0.423350363,0.414746893,17
Geophysical_model591,/home/lyara/areswave/models/Geophysical_model591.nd,nd,UNK,,,916.669,60,900,180.926,916.669,60,1116.699,33.338,1483.42,83.346,1681.482,60,0.576649637,0.585253107,0.582385284,0.423350363,0.414746893,17
Geophysical_model836,/home/lyara/areswave/models/Geophysical_model836.nd,nd,UNK,,,900,60,900,187.837,900,60,1115.838,16.602,1464.498,116.22,1679.083,60,0.608626905,0.569355218,0.58244578,0.391373095,0.430644782,17
Geophysical_model78,/home/lyara/areswave/models/Geophysical_model78.nd,nd,UNK,,,916.795,60,900,184.466,916.795,60,1101.543,16.795,1437.448,100.771,1686.049,60,0.528193488,0.609696707,0.582528967,0.471806512,0.390303293,17
MD_model76,/home/lyara/areswave/models/MD_model76.nd,nd,UNK,,,989.415,60,740.538,10.37,989.415,60,1124.223,176.288,1310.88,114.069,1578.639,60,0.630230009,0.558689118,0.582536082,0.369769991,0.441310882,17
MD_model17,/home/lyara/areswave/models/MD_model17.nd,nd,UNK,,,1094.831,60,723.03,196.836,1094.831,60,1193.249,185.9,1411.956,98.418,1645.069,60,0.516471351,0.615641606,0.582584854,0.483528649,0.384358394,17
Geophysical_model45,/home/lyara/areswave/models/Geophysical_model45.nd,nd,UNK,,,1016.295,60,900,198.297,1016.295,60,1132.589,33.227,1481.473,99.682,1679.468,60,0.532741694,0.607759318,0.582753444,0.467258306,0.392240682,17
Geophysical_model913,/home/lyara/areswave/models/Geophysical_model913.nd,nd,UNK,,,916.847,60,879.78,181.977,916.847,60,1119.005,33.693,1489.628,84.233,1687.906,60,0.579183779,0.584835065,0.582951303,0.420816221,0.415164935,17
Geophysical_model513,/home/lyara/areswave/models/Geophysical_model513.nd,nd,UNK,,,916.847,60,879.78,181.977,916.847,60,1119.005,33.693,1489.628,84.233,1687.906,60,0.579183779,0.584835065,0.582951303,0.420816221,0.415164935,17
Geophysical_model630,/home/lyara/areswave/models/Geophysical_model630.nd,nd,UNK,,,916.693,60,877.619,179.047,916.693,60,1117.015,33.386,1484.271,83.467,1682.363,60,0.60072869,0.5743273,0.583127764,0.39927131,0.4256727,17
Geophysical_model819,/home/lyara/areswave/models/Geophysical_model819.nd,nd,UNK,,,1085.015,60,900,29.637,1085.015,60,1101.834,16.82,1455.044,117.737,1686.928,60,0.558294143,0.595835723,0.583321863,0.441705857,0.404164277,17
Geophysical_model148,/home/lyara/areswave/models/Geophysical_model148.nd,nd,UNK,,,983.062,60,858.582,186.381,983.062,60,1115.961,16.613,1464.822,116.287,1679.428,60,0.526031546,0.612144409,0.583440122,0.473968454,0.387855591,17
Geophysical_model716,/home/lyara/areswave/models/Geophysical_model716.nd,nd,UNK,,,916.965,60,878.056,197.492,916.965,60,1120.546,33.93,1476.812,101.791,1692.199,60,0.556178155,0.597256751,0.583563886,0.443821845,0.402743249,17
Geophysical_model585,/home/lyara/areswave/models/Geophysical_model585.nd,nd,UNK,,,916.965,60,878.056,197.492,916.965,60,1120.546,33.93,1476.812,101.791,1692.199,60,0.556178155,0.597256751,0.583563886,0.443821845,0.402743249,17
Geophysical_model838,/home/lyara/areswave/models/Geophysical_model838.nd,nd,UNK,,,916.965,60,878.056,197.492,916.965,60,1120.546,33.93,1476.812,101.791,1692.199,60,0.556178155,0.597256751,0.583563886,0.443821845,0.402743249,17
AK_model_5,/home/lyara/areswave/models/AK_model_5.nd,nd,UNK,,,1050.493,60,815.949,26.06,1050.493,60,1285.037,78.182,1311.097,26.06,1677.345,60,0.511863461,0.619502808,0.583623025,0.488136539,0.380497192,17
Geophysical_model587,/home/lyara/areswave/models/Geophysical_model587.nd,nd,UNK,,,916.728,60,900,191.665,916.728,60,1117.459,33.456,1485.467,83.638,1683.6,60,0.558962814,0.596011264,0.583661781,0.441037186,0.403988736,17
MD_model66,/home/lyara/areswave/models/MD_model66.nd,nd,UNK,,,988.043,60,741.78,10.261,988.043,60,1131.696,30.783,1429.263,41.043,1581.866,60,0.612841491,0.569133199,0.583702629,0.387158509,0.430866801,17
Geophysical_model657,/home/lyara/areswave/models/Geophysical_model657.nd,nd,UNK,,,916.728,60,900,191.854,916.728,60,1117.467,33.456,1485.488,83.641,1683.622,60,0.573926145,0.588666365,0.583752958,0.426073855,0.411333635,17
Geophysical_model728,/home/lyara/areswave/models/Geophysical_model728.nd,nd,UNK,,,933.805,60,879.401,185.387,933.805,60,1119.733,33.805,1491.589,84.513,1689.935,60,0.505261074,0.623260807,0.583927563,0.494738926,0.376739193,17
Geophysical_model242,/home/lyara/areswave/models/Geophysical_model242.nd,nd,UNK,,,967.494,60,900,192.867,967.494,60,1119.357,33.747,1456.828,118.116,1688.886,60,0.569061362,0.591423562,0.583969496,0.430938638,0.408576438,17
Geophysical_model346,/home/lyara/areswave/models/Geophysical_model346.nd,nd,UNK,,,967.494,60,900,192.867,967.494,60,1119.357,33.747,1456.828,118.116,1688.886,60,0.569061362,0.591423562,0.583969496,0.430938638,0.408576438,17
Geophysical_model915,/home/lyara/areswave/models/Geophysical_model915.nd,nd,UNK,,,950.085,60,900,182.607,950.085,60,1133.728,33.39,1484.32,66.779,1682.414,60,0.587508297,0.582478221,0.584154913,0.412491703,0.417521779,17
MD_model54,/home/lyara/areswave/models/MD_model54.nd,nd,UNK,,,954.555,60,795.413,148.532,954.555,60,1294.057,60,1336.495,53.047,1618.333,60,0.609474675,0.571527234,0.584176381,0.390525325,0.428472766,17
Geophysical_model986,/home/lyara/areswave/models/Geophysical_model986.nd,nd,UNK,,,1086.703,60,900,20.995,1086.703,60,1103.676,16.973,1460.108,118.81,1692.486,60,0.594235745,0.579171779,0.584193101,0.405764255,0.420828221,17
Geophysical_model69,/home/lyara/areswave/models/Geophysical_model69.nd,nd,UNK,,,1016.434,60,877.14,182.876,1016.434,60,1132.867,33.267,1498.801,99.8,1680.187,60,0.540858562,0.606204694,0.58442265,0.459141438,0.393795306,17
Geophysical_model107,/home/lyara/areswave/models/Geophysical_model107.nd,nd,UNK,,,983.232,60,900,182.335,983.232,60,1116.402,16.646,1465.975,116.524,1680.656,60,0.508086598,0.622617799,0.584440732,0.491913402,0.377382201,17
AK_model_24,/home/lyara/areswave/models/AK_model_24.nd,nd,UNK,,,1075.946,60,803.518,27.243,1075.946,60,1293.887,54.485,1321.13,27.243,1721.839,60,0.561304445,0.596219731,0.584581303,0.438695555,0.403780269,17
Geophysical_model85,/home/lyara/areswave/models/Geophysical_model85.nd,nd,UNK,,,1031.784,60,900,187.685,1031.784,60,1130.622,32.946,1476.554,82.365,1674.378,60,0.577448546,0.588239013,0.58464219,0.422551454,0.411760987,17
Geophysical_model197,/home/lyara/areswave/models/Geophysical_model197.nd,nd,UNK,,,1049.881,60,900,183.155,1049.881,60,1133.149,33.307,1466.219,83.268,1680.916,60,0.599689341,0.577204575,0.584699497,0.400310659,0.422795425,17
Geophysical_model880,/home/lyara/areswave/models/Geophysical_model880.nd,nd,UNK,,,916.693,60,877.556,179.548,916.693,60,1117.015,33.386,1484.271,83.467,1682.363,60,0.592890715,0.580660267,0.584737083,0.407109285,0.419339733,17
Geophysical_model56,/home/lyara/areswave/models/Geophysical_model56.nd,nd,UNK,,,1015.15,60,876.661,186.713,1015.15,60,1130.3,32.901,1475.751,82.25,1673.548,60,0.521645869,0.616310161,0.584755397,0.478354131,0.383689839,17
AK_model_92,/home/lyara/areswave/models/AK_model_92.nd,nd,UNK,,,1080.172,60,777.645,27.502,1080.172,60,1272.689,27.502,1327.694,55.005,1730.346,60,0.566936781,0.593749062,0.584811635,0.433063219,0.406250938,17
Geophysical_model389,/home/lyara/areswave/models/Geophysical_model389.nd,nd,UNK,,,949.524,60,900,193.339,949.524,60,1114.604,16.509,1461.273,99.048,1675.648,60,0.527618102,0.613478336,0.584858258,0.472381898,0.386521664,17
Geophysical_model506,/home/lyara/areswave/models/Geophysical_model506.nd,nd,UNK,,,1086.703,60,900,21.099,1086.703,60,1103.676,16.973,1460.108,118.81,1692.486,60,0.571848199,0.591473569,0.584931779,0.428151801,0.408526431,17
AK_model_56,/home/lyara/areswave/models/AK_model_56.nd,nd,UNK,,,1018.998,60,842.972,25.147,1018.998,60,1144.731,100.586,1371.051,50.293,1678.679,60,0.648849228,0.552998661,0.58494885,0.351150772,0.447001339,17
AK_model_70,/home/lyara/areswave/models/AK_model_70.nd,nd,UNK,,,1060,60,825,25,1060,60,1300,75,1300,50,1634.964,60,0.567097518,0.593924255,0.58498201,0.432902482,0.406075745,17
AK_model_86,/home/lyara/areswave/models/AK_model_86.nd,nd,UNK,,,1049.938,60,885.794,23.449,1049.938,60,1284.43,23.45,1354.777,70.347,1674.308,60,0.603147923,0.575916035,0.584993331,0.396852077,0.424083965,17
Geophysical_model121,/home/lyara/areswave/models/Geophysical_model121.nd,nd,UNK,,,1063.821,60,900,185.535,1063.821,60,1145.731,32.764,1489.755,65.529,1671.087,60,0.558232619,0.598383421,0.58499982,0.441767381,0.401616579,17
Geophysical_model37,/home/lyara/areswave/models/Geophysical_model37.nd,nd,UNK,,,966.337,60,900,193.897,966.337,60,1115.594,16.584,1463.861,116.089,1678.405,60,0.521972825,0.616521255,0.585005112,0.478027175,0.383478745,17
Geophysical_model88,/home/lyara/areswave/models/Geophysical_model88.nd,nd,UNK,,,966.337,60,900,193.897,966.337,60,1115.594,16.584,1463.861,116.089,1678.405,60,0.521972825,0.616521255,0.585005112,0.478027175,0.383478745,17
Geophysical_model175,/home/lyara/areswave/models/Geophysical_model175.nd,nd,UNK,,,949.72,60,900,186.754,949.72,60,1115.452,16.573,1463.49,99.44,1678.009,60,0.474348159,0.640358648,0.585021819,0.525651841,0.359641352,17
Geophysical_model154,/home/lyara/areswave/models/Geophysical_model154.nd,nd,UNK,,,1096.756,60,900,198.574,1096.756,60,1145.945,32.793,1490.267,65.585,1671.602,60,0.553932263,0.60057736,0.585028994,0.446067737,0.39942264,17
MD_model34,/home/lyara/areswave/models/MD_model34.nd,nd,UNK,,,1024.891,60,743.373,194.898,1024.891,60,1295.582,21.655,1371.376,75.793,1635.565,60,0.514221574,0.620435914,0.585031134,0.485778426,0.379564086,17
Geophysical_model757,/home/lyara/areswave/models/Geophysical_model757.nd,nd,UNK,,,916.648,60,900,180.379,916.648,60,1116.419,16.648,1499.315,99.885,1680.704,60,0.547720868,0.603760055,0.585080326,0.452279132,0.396239945,17
Geophysical_model885,/home/lyara/areswave/models/Geophysical_model885.nd,nd,UNK,,,916.648,60,900,180.379,916.648,60,1116.419,16.648,1499.315,99.885,1680.704,60,0.547720868,0.603760055,0.585080326,0.452279132,0.396239945,17
Geophysical_model966,/home/lyara/areswave/models/Geophysical_model966.nd,nd,UNK,,,950.781,60,900,183.639,950.781,60,1136.977,33.854,1492.442,67.707,1690.818,60,0.52570636,0.614790721,0.585095934,0.47429364,0.385209279,17
AK_model_61,/home/lyara/areswave/models/AK_model_61.nd,nd,UNK,,,1018.991,60,817.395,25.199,1018.991,60,1119.789,100.798,1371.784,75.598,1679.704,60,0.608975757,0.573244121,0.585154666,0.391024243,0.426755879,17
Geophysical_model516,/home/lyara/areswave/models/Geophysical_model516.nd,nd,UNK,,,1086.489,60,900,21.269,1086.489,60,1103.443,16.953,1459.467,118.675,1691.782,60,0.590553077,0.582521832,0.585198914,0.409446923,0.417478168,17
Geophysical_model170,/home/lyara/areswave/models/Geophysical_model170.nd,nd,UNK,,,1096.935,60,900,199.078,1096.935,60,1146.169,32.823,1490.805,65.645,1672.143,60,0.557138066,0.599290054,0.585239391,0.442861934,0.400709946,17
Geophysical_model155,/home/lyara/areswave/models/Geophysical_model155.nd,nd,UNK,,,1096.935,60,900,199.078,1096.935,60,1146.169,32.823,1490.805,65.645,1672.143,60,0.557138066,0.599290054,0.585239391,0.442861934,0.400709946,17
Geophysical_model835,/home/lyara/areswave/models/Geophysical_model835.nd,nd,UNK,,,949.989,60,900,178.124,949.989,60,1116.619,16.663,1483.204,83.315,1681.259,60,0.552852628,0.60166753,0.585395896,0.447147372,0.39833247,17
Geophysical_model419,/home/lyara/areswave/models/Geophysical_model419.nd,nd,UNK,,,983.998,60,876.703,186.373,983.998,60,1118.394,33.599,1471.183,100.797,1686.203,60,0.527512753,0.614389925,0.585430868,0.472487247,0.385610075,17
Geophysical_model573,/home/lyara/areswave/models/Geophysical_model573.nd,nd,UNK,,,1098.113,60,900,23.974,1098.113,60,1114.623,16.509,1444.812,115.566,1675.699,60,0.497004499,0.629798694,0.585533963,0.502995501,0.370201306,17
Geophysical_model141,/home/lyara/areswave/models/Geophysical_model141.nd,nd,UNK,,,1098.572,60,877.483,180.132,1098.572,60,1115.12,16.548,1446.074,99.286,1677.084,60,0.511018573,0.622916208,0.585616996,0.488981427,0.377083792,17
Geophysical_model810,/home/lyara/areswave/models/Geophysical_model810.nd,nd,UNK,,,966.616,60,900,178.757,966.616,60,1133.157,33.308,1499.547,83.27,1680.937,60,0.549911223,0.603793846,0.585832971,0.450088777,0.396206154,17
Geophysical_model652,/home/lyara/areswave/models/Geophysical_model652.nd,nd,UNK,,,900,60,900,180.042,900,60,1101.507,33.585,1470.937,100.753,1685.941,60,0.589227534,0.584179355,0.585862081,0.410772466,0.415820645,17
Geophysical_model455,/home/lyara/areswave/models/Geophysical_model455.nd,nd,UNK,,,1049.531,60,900,179.636,1049.531,60,1132.603,33.229,1481.508,83.073,1679.504,60,0.547376001,0.60516606,0.585902707,0.452623999,0.39483394,17
Geophysical_model314,/home/lyara/areswave/models/Geophysical_model314.nd,nd,UNK,,,999.894,60,878.151,196.638,999.894,60,1116.438,16.649,1499.366,99.894,1680.755,60,0.499563682,0.629312684,0.586063017,0.500436318,0.370687316,17
Geophysical_model256,/home/lyara/areswave/models/Geophysical_model256.nd,nd,UNK,,,999.894,60,878.151,196.638,999.894,60,1116.438,16.649,1499.366,99.894,1680.755,60,0.499563682,0.629312684,0.586063017,0.500436318,0.370687316,17
Geophysical_model448,/home/lyara/areswave/models/Geophysical_model448.nd,nd,UNK,,,999.894,60,878.151,196.638,999.894,60,1116.438,16.649,1499.366,99.894,1680.755,60,0.499563682,0.629312684,0.586063017,0.500436318,0.370687316,17
Geophysical_model907,/home/lyara/areswave/models/Geophysical_model907.nd,nd,UNK,,,933.855,60,900,187.782,933.855,60,1120.056,33.855,1458.604,84.637,1690.835,60,0.57160828,0.593343492,0.586098421,0.42839172,0.406656508,17
Geophysical_model530,/home/lyara/areswave/models/Geophysical_model530.nd,nd,UNK,,,1086.696,60,900,21.4,1086.696,60,1103.669,16.972,1460.089,118.807,1692.465,60,0.606704727,0.575833434,0.586123865,0.393295273,0.424166566,17
Geophysical_model787,/home/lyara/areswave/models/Geophysical_model787.nd,nd,UNK,,,933.798,60,900,182.937,933.798,60,1119.688,33.798,1474.568,84.495,1689.809,60,0.620585562,0.568974433,0.586178143,0.379414438,0.431025567,17
Geophysical_model446,/home/lyara/areswave/models/Geophysical_model446.nd,nd,UNK,,,1031.442,60,900,188.767,1031.442,60,1130.023,32.86,1491.488,82.151,1672.831,60,0.586227807,0.586406671,0.586347049,0.413772193,0.413593329,17
Geophysical_model800,/home/lyara/areswave/models/Geophysical_model800.nd,nd,UNK,,,1088.334,60,900,20.74,1088.334,60,1105.456,17.121,1465.003,102.728,1697.857,60,0.594740069,0.58217859,0.58636575,0.405259931,0.41782141,17
AK_model_37,/home/lyara/areswave/models/AK_model_37.nd,nd,UNK,,,1028.349,60,814.506,26.73,1028.349,60,1295.654,106.922,1482.767,160.383,1693.426,60,0.538207968,0.610484487,0.586392314,0.461792032,0.389515513,17
Geophysical_model607,/home/lyara/areswave/models/Geophysical_model607.nd,nd,UNK,,,900,60,900,180.738,900,60,1116.617,16.663,1466.537,99.977,1681.255,60,0.522687889,0.618347468,0.586460942,0.477312111,0.381652532,17
Geophysical_model730,/home/lyara/areswave/models/Geophysical_model730.nd,nd,UNK,,,933.948,60,900,185.625,933.948,60,1120.665,33.948,1494.098,84.871,1692.531,60,0.558119559,0.600788538,0.586565545,0.441880441,0.399211462,17
Geophysical_model319,/home/lyara/areswave/models/Geophysical_model319.nd,nd,UNK,,,1063.521,60,900,197.862,1063.521,60,1145.281,32.704,1488.674,65.408,1669.999,60,0.564568926,0.597705733,0.586660131,0.435431074,0.402294267,17
AK_model_64,/home/lyara/areswave/models/AK_model_64.nd,nd,UNK,,,998.537,60,795.118,25.427,998.537,60,1151.102,101.71,1354.521,76.282,1688.766,60,0.548187518,0.606050619,0.586762919,0.451812482,0.393949381,17
Geophysical_model171,/home/lyara/areswave/models/Geophysical_model171.nd,nd,UNK,,,1016.326,60,900,195.567,1016.326,60,1132.652,33.236,1498.248,99.708,1679.631,60,0.528381508,0.616029898,0.586813768,0.471618492,0.383970102,17
Geophysical_model507,/home/lyara/areswave/models/Geophysical_model507.nd,nd,UNK,,,950.781,60,900,183.99,950.781,60,1136.977,33.854,1492.442,67.707,1690.818,60,0.568634996,0.596038401,0.586903933,0.431365004,0.403961599,17
Geophysical_model309,/home/lyara/areswave/models/Geophysical_model309.nd,nd,UNK,,,1031.555,60,900,186.048,1031.555,60,1130.221,32.889,1491.996,82.221,1673.341,60,0.565521657,0.597622704,0.586922355,0.434478343,0.402377296,17
Geophysical_model36,/home/lyara/areswave/models/Geophysical_model36.nd,nd,UNK,,,1049.308,60,900,180.2,1049.308,60,1132.256,33.179,1497.231,82.949,1678.607,60,0.539994855,0.610531353,0.587019187,0.460005145,0.389468647,17
Geophysical_model358,/home/lyara/areswave/models/Geophysical_model358.nd,nd,UNK,,,1049.881,60,900,182.431,1049.881,60,1133.149,33.307,1482.872,83.268,1680.916,60,0.578217423,0.591492522,0.587067489,0.421782577,0.408507478,17
MD_model94,/home/lyara/areswave/models/MD_model94.nd,nd,UNK,,,1025.295,60,867.383,10.528,1025.295,60,1288.482,157.913,1351.647,168.44,1600.766,60,0.548754064,0.606364036,0.587160712,0.451245936,0.393635964,17
Geophysical_model933,/home/lyara/areswave/models/Geophysical_model933.nd,nd,UNK,,,950.04,60,900,179.988,950.04,60,1133.521,50.04,1483.802,66.72,1681.878,60,0.607894572,0.576960237,0.587271682,0.392105428,0.423039763,17
Geophysical_model212,/home/lyara/areswave/models/Geophysical_model212.nd,nd,UNK,,,1001.068,60,876.475,188.203,1001.068,60,1118.98,33.689,1489.56,101.067,1687.836,60,0.554624928,0.603695117,0.587338388,0.445375072,0.396304883,17
Geophysical_model687,/home/lyara/areswave/models/Geophysical_model687.nd,nd,UNK,,,916.902,60,900,181.079,916.902,60,1119.729,33.804,1474.676,84.511,1689.924,60,0.591405855,0.585600824,0.587535835,0.408594145,0.414399176,17
Geophysical_model849,/home/lyara/areswave/models/Geophysical_model849.nd,nd,UNK,,,916.902,60,900,181.079,916.902,60,1119.729,33.804,1474.676,84.511,1689.924,60,0.591405855,0.585600824,0.587535835,0.408594145,0.414399176,17
Geophysical_model555,/home/lyara/areswave/models/Geophysical_model555.nd,nd,UNK,,,916.902,60,900,181.079,916.902,60,1119.729,33.804,1474.676,84.511,1689.924,60,0.591405855,0.585600824,0.587535835,0.408594145,0.414399176,17
Geophysical_model295,/home/lyara/areswave/models/Geophysical_model295.nd,nd,UNK,,,1032.872,60,900,181.347,1032.872,60,1132.525,33.217,1497.923,83.045,1679.303,60,0.563412349,0.599785989,0.587661443,0.436587651,0.400214011,17
Geophysical_model262,/home/lyara/areswave/models/Geophysical_model262.nd,nd,UNK,,,1032.872,60,900,181.347,1032.872,60,1132.525,33.217,1497.923,83.045,1679.303,60,0.563412349,0.599785989,0.587661443,0.436587651,0.400214011,17
Geophysical_model230,/home/lyara/areswave/models/Geophysical_model230.nd,nd,UNK,,,949.483,60,900,193.526,949.483,60,1114.426,16.494,1460.805,98.966,1675.15,60,0.499727918,0.631655739,0.587679799,0.500272082,0.368344261,17
Geophysical_model61,/home/lyara/areswave/models/Geophysical_model61.nd,nd,UNK,,,982.649,60,900,184.153,982.649,60,1114.887,16.53,1462.012,115.708,1676.435,60,0.491667566,0.635843911,0.587785129,0.508332434,0.364156089,17
Geophysical_model729,/home/lyara/areswave/models/Geophysical_model729.nd,nd,UNK,,,1088.334,60,900,20.706,1088.334,60,1105.456,17.121,1465.003,102.728,1697.857,60,0.577051336,0.593347572,0.587915493,0.422948664,0.406652428,17
Geophysical_model275,/home/lyara/areswave/models/Geophysical_model275.nd,nd,UNK,,,984.083,60,876.527,187.788,984.083,60,1118.616,33.633,1488.58,100.899,1686.822,60,0.526580148,0.618678984,0.587979372,0.473419852,0.381321016,17
Geophysical_model698,/home/lyara/areswave/models/Geophysical_model698.nd,nd,UNK,,,1067.222,60,900,22.057,1067.222,60,1100.667,16.722,1451.834,100.333,1683.405,60,0.538927865,0.61254689,0.588007215,0.461072135,0.38745311,17
MD_model68,/home/lyara/areswave/models/MD_model68.nd,nd,UNK,,,1004.173,60,810.147,10.212,1004.173,60,1126.717,142.967,1402.439,112.331,1575.246,60,0.579988656,0.592117025,0.588074235,0.420011344,0.407882975,17
Geophysical_model535,/home/lyara/areswave/models/Geophysical_model535.nd,nd,UNK,,,950.109,60,900,178.347,950.109,60,1133.844,33.406,1484.609,66.812,1682.713,60,0.600201209,0.582081017,0.588121081,0.399798791,0.417918983,17
AK_model_10,/home/lyara/areswave/models/AK_model_10.nd,nd,UNK,,,1032.783,60,836.001,24.598,1032.783,60,1278.762,73.794,1303.36,24.597,1680.778,60,0.507187317,0.628769349,0.588242005,0.492812683,0.371230651,17
MD_model71,/home/lyara/areswave/models/MD_model71.nd,nd,UNK,,,988.56,60,746.594,10.52,988.56,60,1114.804,178.845,1440.933,21.04,1605.599,60,0.571198837,0.597254336,0.58856917,0.428801163,0.402745664,17
Geophysical_model75,/home/lyara/areswave/models/Geophysical_model75.nd,nd,UNK,,,1031.636,60,900,186.521,1031.636,60,1130.363,32.909,1492.363,82.273,1673.71,60,0.559318407,0.603228491,0.588591797,0.440681593,0.396771509,17
Geophysical_model71,/home/lyara/areswave/models/Geophysical_model71.nd,nd,UNK,,,1096.225,60,900,197.35,1096.225,60,1145.281,32.704,1488.674,65.408,1669.999,60,0.52700267,0.619451255,0.58863506,0.47299733,0.380548745,17
Geophysical_model216,/home/lyara/areswave/models/Geophysical_model216.nd,nd,UNK,,,1096.225,60,900,197.35,1096.225,60,1145.281,32.704,1488.674,65.408,1669.999,60,0.52700267,0.619451255,0.58863506,0.47299733,0.380548745,17
Geophysical_model784,/home/lyara/areswave/models/Geophysical_model784.nd,nd,UNK,,,916.796,60,855.883,198.528,916.796,60,1118.345,33.592,1487.852,83.979,1686.068,60,0.547167175,0.609535536,0.588746083,0.452832825,0.390464464,17
Geophysical_model863,/home/lyara/areswave/models/Geophysical_model863.nd,nd,UNK,,,950.526,60,900,171.761,950.526,60,1135.789,33.684,1472.631,67.369,1687.745,60,0.541639741,0.612411478,0.588820899,0.458360259,0.387588522,17
Geophysical_model369,/home/lyara/areswave/models/Geophysical_model369.nd,nd,UNK,,,1031.52,60,900,186.47,1031.52,60,1130.159,32.88,1475.398,82.199,1673.183,60,0.576243522,0.595237013,0.588905849,0.423756478,0.404762987,17
Geophysical_model432,/home/lyara/areswave/models/Geophysical_model432.nd,nd,UNK,,,1031.52,60,900,186.47,1031.52,60,1130.159,32.88,1475.398,82.199,1673.183,60,0.576243522,0.595237013,0.588905849,0.423756478,0.404762987,17
Geophysical_model418,/home/lyara/areswave/models/Geophysical_model418.nd,nd,UNK,,,1031.52,60,900,186.47,1031.52,60,1130.159,32.88,1475.398,82.199,1673.183,60,0.576243522,0.595237013,0.588905849,0.423756478,0.404762987,17
AK_model_33,/home/lyara/areswave/models/AK_model_33.nd,nd,UNK,,,1079.942,60,818.715,26.122,1079.942,60,1288.923,52.245,1341.169,52.245,1681.533,60,0.578986207,0.593905673,0.588932518,0.421013793,0.406094327,17
AK_model_53,/home/lyara/areswave/models/AK_model_53.nd,nd,UNK,,,1012.109,60,833.338,25.538,1012.109,60,1114.263,102.154,1369.649,76.616,1656.21,60,0.540185806,0.613474787,0.589045126,0.459814194,0.386525213,17
Geophysical_model152,/home/lyara/areswave/models/Geophysical_model152.nd,nd,UNK,,,950.042,60,900,197.911,950.042,60,1116.847,33.361,1450.457,116.764,1681.894,60,0.498779435,0.634258134,0.589098568,0.501220565,0.365741866,17
Geophysical_model292,/home/lyara/areswave/models/Geophysical_model292.nd,nd,UNK,,,967.499,60,858.902,184.941,967.499,60,1119.373,33.75,1456.871,101.249,1688.933,60,0.562956804,0.602329351,0.589205169,0.437043196,0.397670649,17
Geophysical_model451,/home/lyara/areswave/models/Geophysical_model451.nd,nd,UNK,,,1047.105,60,900,187.491,1047.105,60,1145.175,32.69,1488.42,65.38,1669.744,60,0.565454124,0.601142273,0.589246223,0.434545876,0.398857727,17
Geophysical_model380,/home/lyara/areswave/models/Geophysical_model380.nd,nd,UNK,,,1047.105,60,900,187.491,1047.105,60,1145.175,32.69,1488.42,65.38,1669.744,60,0.565454124,0.601142273,0.589246223,0.434545876,0.398857727,17
Geophysical_model856,/home/lyara/areswave/models/Geophysical_model856.nd,nd,UNK,,,933.454,60,900,180.499,933.454,60,1134.179,33.454,1485.447,66.908,1683.58,60,0.573171115,0.597284162,0.58924648,0.426828885,0.402715838,17
Geophysical_model32,/home/lyara/areswave/models/Geophysical_model32.nd,nd,UNK,,,1032.98,60,900,182.25,1032.98,60,1132.715,33.245,1498.411,83.113,1679.794,60,0.588641604,0.589703256,0.589349372,0.411358396,0.410296744,17
Geophysical_model194,/home/lyara/areswave/models/Geophysical_model194.nd,nd,UNK,,,1032.98,60,900,182.25,1032.98,60,1132.715,33.245,1498.411,83.113,1679.794,60,0.588641604,0.589703256,0.589349372,0.411358396,0.410296744,17
MD_model40,/home/lyara/areswave/models/MD_model40.nd,nd,UNK,,,1052.24,60,752.637,181.902,1052.24,60,1266.242,32.1,1351.843,53.501,1614.318,60,0.602419348,0.582868048,0.589385148,0.397580652,0.417131952,17
Geophysical_model927,/home/lyara/areswave/models/Geophysical_model927.nd,nd,UNK,,,933.844,60,879.592,183.668,933.844,60,1119.984,33.844,1492.265,84.609,1690.635,60,0.576384408,0.595926886,0.589412727,0.423615592,0.404073114,17
Geophysical_model183,/home/lyara/areswave/models/Geophysical_model183.nd,nd,UNK,,,1031.859,60,900,187.997,1031.859,60,1130.754,32.965,1493.366,82.412,1674.72,60,0.598043565,0.585144744,0.589444351,0.401956435,0.414855256,17
Geophysical_model486,/home/lyara/areswave/models/Geophysical_model486.nd,nd,UNK,,,1031.859,60,900,187.997,1031.859,60,1130.754,32.965,1493.366,82.412,1674.72,60,0.598043565,0.585144744,0.589444351,0.401956435,0.414855256,17
Geophysical_model620,/home/lyara/areswave/models/Geophysical_model620.nd,nd,UNK,,,933.4,60,900,184.228,933.4,60,1117.102,33.4,1484.505,83.501,1682.605,60,0.610273322,0.579064981,0.589467761,0.389726678,0.420935019,17
Geophysical_model360,/home/lyara/areswave/models/Geophysical_model360.nd,nd,UNK,,,1047.872,60,900,189.034,1047.872,60,1130.023,32.86,1491.488,82.151,1672.831,60,0.566165399,0.601128247,0.589473964,0.433834601,0.398871753,17
Geophysical_model329,/home/lyara/areswave/models/Geophysical_model329.nd,nd,UNK,,,1047.872,60,900,189.034,1047.872,60,1130.023,32.86,1491.488,82.151,1672.831,60,0.566165399,0.601128247,0.589473964,0.433834601,0.398871753,17
Geophysical_model998,/home/lyara/areswave/models/Geophysical_model998.nd,nd,UNK,,,933.856,60,879.282,186.458,933.856,60,1120.061,33.856,1492.472,84.639,1690.849,60,0.577168438,0.595648302,0.589488348,0.422831562,0.404351698,17
Geophysical_model222,/home/lyara/areswave/models/Geophysical_model222.nd,nd,UNK,,,1063.846,60,900,185.688,1063.846,60,1145.769,32.769,1489.845,65.539,1671.177,60,0.536125355,0.616238004,0.589533788,0.463874645,0.383761996,17
AK_model_93,/home/lyara/areswave/models/AK_model_93.nd,nd,UNK,,,1064.542,60,770.65,26.718,1064.542,60,1278.281,26.717,1331.716,53.435,1701.982,60,0.546921441,0.61086608,0.5895512,0.453078559,0.38913392,17
Geophysical_model16,/home/lyara/areswave/models/Geophysical_model16.nd,nd,UNK,,,999.738,60,878.116,196.952,999.738,60,1116.099,16.623,1481.804,99.738,1679.811,60,0.537225249,0.615819311,0.58962129,0.462774751,0.384180689,17
Geophysical_model18,/home/lyara/areswave/models/Geophysical_model18.nd,nd,UNK,,,1098.133,60,900,196.457,1098.133,60,1147.666,16.511,1494.399,66.044,1675.759,60,0.535556753,0.616814466,0.589728561,0.464443247,0.383185534,17
Geophysical_model54,/home/lyara/areswave/models/Geophysical_model54.nd,nd,UNK,,,1047.698,60,900,190.43,1047.698,60,1146.164,32.822,1490.792,65.643,1672.131,60,0.535443148,0.616933296,0.589769913,0.464556852,0.383066704,17
Geophysical_model357,/home/lyara/areswave/models/Geophysical_model357.nd,nd,UNK,,,949.68,60,900,188.743,949.68,60,1115.279,16.56,1446.478,99.36,1677.528,60,0.523816643,0.622813317,0.589814426,0.476183357,0.377186683,17
MD_model11,/home/lyara/areswave/models/MD_model11.nd,nd,UNK,,,987.786,60,735.63,10.506,987.786,60,1103.357,10.507,1429.058,84.052,1604.141,60,0.615435104,0.57720819,0.589950495,0.384564896,0.42279181,17
Geophysical_model294,/home/lyara/areswave/models/Geophysical_model294.nd,nd,UNK,,,1001.298,60,861.612,191.938,1001.298,60,1119.479,33.767,1474.023,101.298,1689.229,60,0.568556392,0.600842682,0.590080585,0.431443608,0.399157318,17
Geophysical_model965,/home/lyara/areswave/models/Geophysical_model965.nd,nd,UNK,,,966.653,60,900,192.909,966.653,60,1133.286,33.327,1499.88,66.654,1681.272,60,0.579390482,0.59546441,0.590106434,0.420609518,0.40453559,17
Geophysical_model908,/home/lyara/areswave/models/Geophysical_model908.nd,nd,UNK,,,966.653,60,900,192.909,966.653,60,1133.286,33.327,1499.88,66.654,1681.272,60,0.579390482,0.59546441,0.590106434,0.420609518,0.40453559,17
Geophysical_model883,/home/lyara/areswave/models/Geophysical_model883.nd,nd,UNK,,,966.653,60,900,192.909,966.653,60,1133.286,33.327,1499.88,66.654,1681.272,60,0.579390482,0.59546441,0.590106434,0.420609518,0.40453559,17
MD_model15,/home/lyara/areswave/models/MD_model15.nd,nd,UNK,,,994.191,60,802.191,10.667,994.191,60,1164.858,149.334,1463.525,192,1618.557,60,0.58630553,0.592328915,0.59032112,0.41369447,0.407671085,17
AK_model_45,/home/lyara/areswave/models/AK_model_45.nd,nd,UNK,,,1013.382,60,800.038,26.667,1013.382,60,1280.062,106.672,1493.405,26.668,1703.13,60,0.510745386,0.630237421,0.590406743,0.489254614,0.369762579,17
Geophysical_model219,/home/lyara/areswave/models/Geophysical_model219.nd,nd,UNK,,,999.473,60,900,182.298,999.473,60,1115.525,16.579,1496.838,99.473,1678.212,60,0.569702465,0.600778187,0.590419613,0.430297535,0.399221813,17
Geophysical_model157,/home/lyara/areswave/models/Geophysical_model157.nd,nd,UNK,,,999.473,60,900,182.298,999.473,60,1115.525,16.579,1496.838,99.473,1678.212,60,0.569702465,0.600778187,0.590419613,0.430297535,0.399221813,17
AK_model_38,/home/lyara/areswave/models/AK_model_38.nd,nd,UNK,,,1017.632,60,808.958,26.085,1017.632,60,1278.474,104.337,1304.559,26.084,1671.473,60,0.529598185,0.621025396,0.590549659,0.470401815,0.378974604,17
Geophysical_model454,/home/lyara/areswave/models/Geophysical_model454.nd,nd,UNK,,,1031.52,60,900,186.462,1031.52,60,1130.159,32.88,1475.398,82.199,1673.183,60,0.559704354,0.606000421,0.590568399,0.440295646,0.393999579,17
Geophysical_model764,/home/lyara/areswave/models/Geophysical_model764.nd,nd,UNK,,,933.862,60,900,186.67,933.862,60,1120.105,33.862,1492.59,84.656,1690.97,60,0.522571704,0.624694748,0.590653733,0.477428296,0.375305252,17
Geophysical_model49,/home/lyara/areswave/models/Geophysical_model49.nd,nd,UNK,,,1096.615,60,900,187.058,1096.615,60,1145.769,32.769,1489.845,65.539,1671.177,60,0.547962087,0.612012068,0.590662075,0.452037913,0.387987932,17
Geophysical_model481,/home/lyara/areswave/models/Geophysical_model481.nd,nd,UNK,,,1096.615,60,900,187.257,1096.615,60,1145.769,32.769,1489.845,65.539,1671.177,60,0.565810607,0.603230293,0.590757064,0.434189393,0.396769707,17
Geophysical_model79,/home/lyara/areswave/models/Geophysical_model79.nd,nd,UNK,,,982.905,60,879.721,182.515,982.905,60,1115.552,16.581,1463.752,116.067,1678.288,60,0.538493271,0.617142278,0.590925942,0.461506729,0.382857722,17
Geophysical_model558,/home/lyara/areswave/models/Geophysical_model558.nd,nd,UNK,,,1097.761,60,900,24.104,1097.761,60,1114.242,16.48,1460.324,98.881,1674.637,60,0.527301571,0.623295083,0.591297246,0.472698429,0.376704917,17
Geophysical_model859,/home/lyara/areswave/models/Geophysical_model859.nd,nd,UNK,,,950.013,60,900,182.129,950.013,60,1133.396,33.342,1483.489,66.684,1681.554,60,0.575046431,0.600011576,0.591689861,0.424953569,0.399988424,17
Geophysical_model112,/home/lyara/areswave/models/Geophysical_model112.nd,nd,UNK,,,1098.133,60,900,196.456,1098.133,60,1147.666,33.023,1477.888,66.044,1675.759,60,0.586119287,0.594505742,0.591710257,0.413880713,0.405494258,17
Geophysical_model731,/home/lyara/areswave/models/Geophysical_model731.nd,nd,UNK,,,1099.489,60,900,21.414,1099.489,60,1116.113,16.624,1465.218,99.745,1679.849,60,0.56532592,0.60500148,0.591776293,0.43467408,0.39499852,17
Geophysical_model624,/home/lyara/areswave/models/Geophysical_model624.nd,nd,UNK,,,1099.489,60,900,21.414,1099.489,60,1116.113,16.624,1465.218,99.745,1679.849,60,0.56532592,0.60500148,0.591776293,0.43467408,0.39499852,17
Geophysical_model151,/home/lyara/areswave/models/Geophysical_model151.nd,nd,UNK,,,916.88,60,900,182.473,916.88,60,1102.557,16.88,1440.153,101.278,1689.11,60,0.548536379,0.613480652,0.591832561,0.451463621,0.386519348,17
Geophysical_model236,/home/lyara/areswave/models/Geophysical_model236.nd,nd,UNK,,,933.558,60,900,195.82,933.558,60,1101.346,16.779,1436.922,117.452,1685.455,60,0.55682389,0.60941797,0.59188661,0.44317611,0.39058203,17
AK_model_82,/home/lyara/areswave/models/AK_model_82.nd,nd,UNK,,,1066.874,60,841.141,25.081,1066.874,60,1292.606,50.162,1342.769,50.163,1675.283,60,0.512342799,0.631857177,0.592019051,0.487657201,0.368142823,17
Geophysical_model922,/home/lyara/areswave/models/Geophysical_model922.nd,nd,UNK,,,949.959,60,900,179.206,949.959,60,1133.142,33.305,1499.507,83.265,1680.897,60,0.651167085,0.562614804,0.592132231,0.348832915,0.437385196,17
Geophysical_model501,/home/lyara/areswave/models/Geophysical_model501.nd,nd,UNK,,,916.672,60,900,180.688,916.672,60,1116.741,33.345,1483.532,83.362,1681.599,60,0.575586845,0.600431415,0.592149892,0.424413155,0.399568585,17
Geophysical_model359,/home/lyara/areswave/models/Geophysical_model359.nd,nd,UNK,,,949.517,60,900,193.344,949.517,60,1114.574,16.506,1444.688,115.54,1675.563,60,0.527708373,0.624407379,0.592174377,0.472291627,0.375592621,17
Geophysical_model296,/home/lyara/areswave/models/Geophysical_model296.nd,nd,UNK,,,949.517,60,900,193.344,949.517,60,1114.574,16.506,1444.688,115.54,1675.563,60,0.527708373,0.624407379,0.592174377,0.472291627,0.375592621,17
Geophysical_model279,/home/lyara/areswave/models/Geophysical_model279.nd,nd,UNK,,,966.81,60,900,178.021,966.81,60,1117.132,33.405,1484.587,100.215,1682.69,60,0.516272479,0.630128507,0.592176497,0.483727521,0.369871493,17
Geophysical_model497,/home/lyara/areswave/models/Geophysical_model497.nd,nd,UNK,,,1063.97,60,900,188.359,1063.97,60,1145.955,32.794,1490.293,65.588,1671.628,60,0.542227891,0.617182637,0.592197722,0.457772109,0.382817363,17
MD_model97,/home/lyara/areswave/models/MD_model97.nd,nd,UNK,,,969.857,60,861.889,183.546,969.857,60,1293.761,32.391,1347.745,64.78,1633.027,60,0.587732389,0.594563689,0.592286589,0.412267611,0.405436311,17
Geophysical_model994,/home/lyara/areswave/models/Geophysical_model994.nd,nd,UNK,,,933.856,60,900,185.07,933.856,60,1120.061,33.856,1458.617,84.639,1690.849,60,0.582234248,0.597421508,0.592359088,0.417765752,0.402578492,17
Geophysical_model754,/home/lyara/areswave/models/Geophysical_model754.nd,nd,UNK,,,933.856,60,900,185.07,933.856,60,1120.061,33.856,1458.617,84.639,1690.849,60,0.582234248,0.597421508,0.592359088,0.417765752,0.402578492,17
Geophysical_model752,/home/lyara/areswave/models/Geophysical_model752.nd,nd,UNK,,,933.856,60,900,185.07,933.856,60,1120.061,33.856,1458.617,84.639,1690.849,60,0.582234248,0.597421508,0.592359088,0.417765752,0.402578492,17
Geophysical_model409,/home/lyara/areswave/models/Geophysical_model409.nd,nd,UNK,,,1047.741,60,900,190.022,1047.741,60,1146.235,32.831,1490.965,82.078,1672.304,60,0.56492023,0.606592363,0.592701652,0.43507977,0.393407637,17
Geophysical_model330,/home/lyara/areswave/models/Geophysical_model330.nd,nd,UNK,,,1047.741,60,900,190.022,1047.741,60,1146.235,32.831,1490.965,82.078,1672.304,60,0.56492023,0.606592363,0.592701652,0.43507977,0.393407637,17
Geophysical_model548,/home/lyara/areswave/models/Geophysical_model548.nd,nd,UNK,,,916.902,60,879.896,180.939,916.902,60,1119.729,33.804,1474.676,84.511,1689.924,60,0.546301664,0.616029361,0.592786795,0.453698336,0.383970639,17
Geophysical_model244,/home/lyara/areswave/models/Geophysical_model244.nd,nd,UNK,,,1099.378,60,900,179.283,1099.378,60,1115.993,16.614,1431.674,99.689,1679.515,60,0.536753325,0.621108979,0.592990427,0.463246675,0.378891021,17
Geophysical_model680,/home/lyara/areswave/models/Geophysical_model680.nd,nd,UNK,,,1099.489,60,900,21.152,1099.489,60,1116.113,16.624,1465.218,99.745,1679.849,60,0.60797983,0.585606076,0.593063994,0.39202017,0.414393924,17
Geophysical_model991,/home/lyara/areswave/models/Geophysical_model991.nd,nd,UNK,,,933.856,60,900,186.073,933.856,60,1120.061,33.856,1492.472,84.639,1690.849,60,0.555539244,0.611951073,0.59314713,0.444460756,0.388048927,17
Geophysical_model246,/home/lyara/areswave/models/Geophysical_model246.nd,nd,UNK,,,1033.219,60,900,180.109,1033.219,60,1133.134,33.305,1482.834,83.262,1680.877,60,0.555135205,0.612219704,0.593191538,0.444864795,0.387780296,17
Geophysical_model392,/home/lyara/areswave/models/Geophysical_model392.nd,nd,UNK,,,1031.687,60,900,185.872,1031.687,60,1130.452,32.922,1492.591,82.304,1673.94,60,0.553921039,0.612946074,0.593271062,0.446078961,0.387053926,17
AK_model_97,/home/lyara/areswave/models/AK_model_97.nd,nd,UNK,,,1076.276,60,775.803,27.315,1076.276,60,1294.802,54.632,1322.117,27.316,1723.434,60,0.500174662,0.640077565,0.593443264,0.499825338,0.359922435,17
Geophysical_model265,/home/lyara/areswave/models/Geophysical_model265.nd,nd,UNK,,,983.111,60,878.726,191.464,983.111,60,1116.088,16.622,1465.153,99.733,1679.781,60,0.549772919,0.615292002,0.593452308,0.450227081,0.384707998,17
Geophysical_model94,/home/lyara/areswave/models/Geophysical_model94.nd,nd,UNK,,,983.071,60,878.665,192.014,983.071,60,1115.985,16.614,1464.884,99.686,1679.494,60,0.563140019,0.608796502,0.593577674,0.436859981,0.391203498,17
Geophysical_model291,/home/lyara/areswave/models/Geophysical_model291.nd,nd,UNK,,,1033.201,60,900,180.117,1033.201,60,1133.102,33.3,1499.404,83.25,1680.794,60,0.553723421,0.613700698,0.593708272,0.446276579,0.386299302,17
Geophysical_model892,/home/lyara/areswave/models/Geophysical_model892.nd,nd,UNK,,,933.943,60,900,185.966,933.943,60,1120.631,33.943,1477.036,84.858,1692.437,60,0.575551735,0.603028302,0.593869446,0.424448265,0.396971698,17
Geophysical_model846,/home/lyara/areswave/models/Geophysical_model846.nd,nd,UNK,,,916.714,60,900,188.969,916.714,60,1117.284,33.428,1468.281,83.571,1683.113,60,0.558272247,0.611677185,0.593875539,0.441727753,0.388322815,17
Geophysical_model512,/home/lyara/areswave/models/Geophysical_model512.nd,nd,UNK,,,933.807,60,900,183.493,933.807,60,1119.743,33.807,1491.615,84.517,1689.962,60,0.559431887,0.611537182,0.59416875,0.440568113,0.388462818,17
Geophysical_model11,/home/lyara/areswave/models/Geophysical_model11.nd,nd,UNK,,,1001.216,60,861.153,194.233,1001.216,60,1119.301,33.738,1490.426,101.216,1688.731,60,0.579094987,0.60179031,0.594225203,0.420905013,0.39820969,17
MD_model8,/home/lyara/areswave/models/MD_model8.nd,nd,UNK,,,1001.915,60,793.775,10.407,1001.915,60,1241.276,145.698,1449.416,187.326,1592.569,60,0.615420972,0.583685491,0.594263985,0.384579028,0.416314509,17
Geophysical_model505,/home/lyara/areswave/models/Geophysical_model505.nd,nd,UNK,,,949.989,60,900,178.015,949.989,60,1116.619,16.663,1499.867,83.315,1681.259,60,0.559916172,0.61148515,0.594295491,0.440083828,0.38851485,17
Geophysical_model842,/home/lyara/areswave/models/Geophysical_model842.nd,nd,UNK,,,950.91,60,900,184.808,950.91,60,1120.608,33.94,1476.975,84.849,1692.373,60,0.563042383,0.610456965,0.594652104,0.436957617,0.389543035,17
Geophysical_model581,/home/lyara/areswave/models/Geophysical_model581.nd,nd,UNK,,,916.965,60,900,195.103,916.965,60,1120.539,33.929,1493.758,84.822,1692.179,60,0.495092109,0.64448942,0.594690316,0.504907891,0.35551058,17
Geophysical_model143,/home/lyara/areswave/models/Geophysical_model143.nd,nd,UNK,,,984.095,60,900,186.254,984.095,60,1118.647,33.638,1488.665,100.914,1686.91,60,0.558630966,0.612817345,0.594755219,0.441369034,0.387182655,17
Geophysical_model372,/home/lyara/areswave/models/Geophysical_model372.nd,nd,UNK,,,966.596,60,900,180.875,966.596,60,1116.437,16.649,1466.066,99.894,1680.753,60,0.509933545,0.637236352,0.594802083,0.490066455,0.362763648,17
MD_model95,/home/lyara/areswave/models/MD_model95.nd,nd,UNK,,,1010.926,60,859.539,10.813,1010.926,60,1248.82,140.574,1356.954,194.64,1642.275,60,0.524492711,0.629970253,0.594811072,0.475507289,0.370029747,17
Geophysical_model125,/home/lyara/areswave/models/Geophysical_model125.nd,nd,UNK,,,983.004,60,878.65,192.148,983.004,60,1115.809,16.601,1497.625,99.604,1679.004,60,0.5219722,0.631346986,0.594888724,0.4780278,0.368653014,17
Geophysical_model277,/home/lyara/areswave/models/Geophysical_model277.nd,nd,UNK,,,1099.994,60,900,181.191,1099.994,60,1116.66,16.666,1449.983,99.997,1681.374,60,0.547463043,0.618863229,0.595063167,0.452536957,0.381136771,17
Geophysical_model410,/home/lyara/areswave/models/Geophysical_model410.nd,nd,UNK,,,1099.994,60,900,181.191,1099.994,60,1116.66,16.666,1449.983,99.997,1681.374,60,0.547463043,0.618863229,0.595063167,0.452536957,0.381136771,17
AK_model_44,/home/lyara/areswave/models/AK_model_44.nd,nd,UNK,,,1024.918,60,790.32,26.067,1024.918,60,1285.582,130.332,1494.114,26.067,1677.908,60,0.553456432,0.616065041,0.595195504,0.446543568,0.383934959,17
Geophysical_model743,/home/lyara/areswave/models/Geophysical_model743.nd,nd,UNK,,,1086.489,60,900,21.323,1086.489,60,1103.443,16.953,1459.467,118.675,1691.782,60,0.594119851,0.595780735,0.595227107,0.405880149,0.404219265,17
Geophysical_model72,/home/lyara/areswave/models/Geophysical_model72.nd,nd,UNK,,,1032.978,60,900,188.982,1032.978,60,1132.711,33.244,1481.777,83.111,1679.782,60,0.556042036,0.615028139,0.595366105,0.443957964,0.384971861,17
Geophysical_model248,/home/lyara/areswave/models/Geophysical_model248.nd,nd,UNK,,,999.558,60,878.729,191.441,999.558,60,1115.708,16.593,1497.346,99.558,1678.723,60,0.512314849,0.636892603,0.595366685,0.487685151,0.363107397,17
Geophysical_model445,/home/lyara/areswave/models/Geophysical_model445.nd,nd,UNK,,,1047.789,60,900,189.394,1047.789,60,1146.314,32.842,1491.154,65.684,1672.494,60,0.540145367,0.623368066,0.595627167,0.459854633,0.376631934,17
Geophysical_model327,/home/lyara/areswave/models/Geophysical_model327.nd,nd,UNK,,,1031.687,60,900,185.683,1031.687,60,1130.452,32.922,1492.591,82.304,1673.94,60,0.576044982,0.605501421,0.595682608,0.423955018,0.394498579,17
MD_model84,/home/lyara/areswave/models/MD_model84.nd,nd,UNK,,,957.206,60,743.892,191.983,957.206,60,1277.177,53.329,1341.172,74.66,1613.68,60,0.573120858,0.607174069,0.595822999,0.426879142,0.392825931,17
Geophysical_model533,/home/lyara/areswave/models/Geophysical_model533.nd,nd,UNK,,,900,60,877.931,198.623,900,60,1104.357,34.059,1496.041,102.179,1694.541,60,0.581553629,0.602962868,0.595826455,0.418446371,0.397037132,17
Geophysical_model917,/home/lyara/areswave/models/Geophysical_model917.nd,nd,UNK,,,900,60,877.931,198.623,900,60,1104.357,34.059,1496.041,102.179,1694.541,60,0.581553629,0.602962868,0.595826455,0.418446371,0.397037132,17
Geophysical_model473,/home/lyara/areswave/models/Geophysical_model473.nd,nd,UNK,,,1064.355,60,900,188.668,1064.355,60,1146.533,32.871,1491.679,65.742,1673.022,60,0.602325467,0.592578528,0.595827508,0.397674533,0.407421472,17
Geophysical_model325,/home/lyara/areswave/models/Geophysical_model325.nd,nd,UNK,,,1064.355,60,900,188.668,1064.355,60,1146.533,32.871,1491.679,65.742,1673.022,60,0.602325467,0.592578528,0.595827508,0.397674533,0.407421472,17
MD_model96,/home/lyara/areswave/models/MD_model96.nd,nd,UNK,,,901.131,60,890.515,180.459,901.131,60,1293.895,74.307,1315.126,31.846,1608.043,60,0.591456658,0.598027991,0.595837547,0.408543342,0.401972009,17
MD_model74,/home/lyara/areswave/models/MD_model74.nd,nd,UNK,,,1018.128,60,852.239,10.368,1018.128,60,1246.227,134.785,1391.38,114.05,1576.24,60,0.635414512,0.576208497,0.595943835,0.364585488,0.423791503,17
MD_model90,/home/lyara/areswave/models/MD_model90.nd,nd,UNK,,,1068.089,60,754.092,184.067,1068.089,60,1252.156,184.067,1382.085,108.275,1624.97,60,0.616270192,0.58580532,0.595960278,0.383729808,0.41419468,17
Geophysical_model509,/home/lyara/areswave/models/Geophysical_model509.nd,nd,UNK,,,1088.067,60,900,20.654,1088.067,60,1105.164,17.097,1464.2,119.679,1696.976,60,0.587417161,0.600325062,0.596022428,0.412582839,0.399674938,17
AK_model_2,/home/lyara/areswave/models/AK_model_2.nd,nd,UNK,,,1042.278,60,836.749,25.691,1042.278,60,1273.498,102.764,1324.88,25.691,1663.202,60,0.519674594,0.634486838,0.59621609,0.480325406,0.365513162,17
Geophysical_model633,/home/lyara/areswave/models/Geophysical_model633.nd,nd,UNK,,,916.648,60,877.507,179.943,916.648,60,1116.419,16.648,1499.315,99.885,1680.704,60,0.624707896,0.582142352,0.596330866,0.375292104,0.417857648,17
Geophysical_model781,/home/lyara/areswave/models/Geophysical_model781.nd,nd,UNK,,,916.648,60,877.507,179.943,916.648,60,1116.419,16.648,1499.315,99.885,1680.704,60,0.624707896,0.582142352,0.596330866,0.375292104,0.417857648,17
Geophysical_model523,/home/lyara/areswave/models/Geophysical_model523.nd,nd,UNK,,,966.694,60,900,192.658,966.694,60,1133.428,33.346,1483.57,66.694,1681.638,60,0.579748346,0.604793513,0.596445124,0.420251654,0.395206487,17
Geophysical_model742,/home/lyara/areswave/models/Geophysical_model742.nd,nd,UNK,,,966.694,60,900,192.658,966.694,60,1133.428,33.346,1483.57,66.694,1681.638,60,0.579748346,0.604793513,0.596445124,0.420251654,0.395206487,17
AK_model_95,/home/lyara/areswave/models/AK_model_95.nd,nd,UNK,,,1073.564,60,774.981,27.144,1073.564,60,1290.715,27.144,1345.002,54.288,1717.883,60,0.546805517,0.621433432,0.59655746,0.453194483,0.378566568,17
AK_model_85,/home/lyara/areswave/models/AK_model_85.nd,nd,UNK,,,1079.656,60,874.091,182.724,1079.656,60,1285.221,22.84,1376.584,91.362,1647.618,60,0.620568568,0.584651937,0.596624148,0.379431432,0.415348063,17
Geophysical_model870,/home/lyara/areswave/models/Geophysical_model870.nd,nd,UNK,,,900,60,859.178,183.701,900,60,1106.522,17.21,1485.145,86.05,1502.356,68.84,0.583700498,0.603435783,0.596857355,0.416299502,0.396564217,17
Geophysical_model538,/home/lyara/areswave/models/Geophysical_model538.nd,nd,UNK,,,950.085,60,900,182.621,950.085,60,1133.728,33.39,1484.32,66.779,1682.414,60,0.553585862,0.618574896,0.596911885,0.446414138,0.381425104,17
Geophysical_model544,/home/lyara/areswave/models/Geophysical_model544.nd,nd,UNK,,,950.085,60,900,182.621,950.085,60,1133.728,33.39,1484.32,66.779,1682.414,60,0.553585862,0.618574896,0.596911885,0.446414138,0.381425104,17
Geophysical_model149,/home/lyara/areswave/models/Geophysical_model149.nd,nd,UNK,,,1033.261,60,900,182.787,1033.261,60,1133.207,33.315,1499.676,83.288,1681.067,60,0.524330182,0.633318414,0.596989003,0.475669818,0.366681586,17
Geophysical_model19,/home/lyara/areswave/models/Geophysical_model19.nd,nd,UNK,,,1033.261,60,900,182.787,1033.261,60,1133.207,33.315,1499.676,83.288,1681.067,60,0.524330182,0.633318414,0.596989003,0.475669818,0.366681586,17
Geophysical_model830,/home/lyara/areswave/models/Geophysical_model830.nd,nd,UNK,,,966.709,60,875.782,193.746,966.709,60,1133.481,33.355,1483.703,66.709,1681.776,60,0.53572712,0.627660406,0.597015977,0.46427288,0.372339594,17
Geophysical_model873,/home/lyara/areswave/models/Geophysical_model873.nd,nd,UNK,,,966.709,60,875.782,193.746,966.709,60,1133.481,33.355,1483.703,66.709,1681.776,60,0.53572712,0.627660406,0.597015977,0.46427288,0.372339594,17
AK_model_83,/home/lyara/areswave/models/AK_model_83.nd,nd,UNK,,,1062.342,60,838.335,24.89,1062.342,60,1261.459,49.779,1336.127,49.779,1667.691,60,0.590256392,0.600918757,0.597364635,0.409743608,0.399081243,17
MD_model57,/home/lyara/areswave/models/MD_model57.nd,nd,UNK,,,943.736,60,850.536,93.2,943.736,60,1285.469,62.133,1306.18,31.066,1593.857,60,0.539030085,0.626743136,0.597505452,0.460969915,0.373256864,17
Geophysical_model720,/home/lyara/areswave/models/Geophysical_model720.nd,nd,UNK,,,933.975,60,879.241,186.833,933.975,60,1120.837,33.975,1494.562,84.937,1693.011,60,0.594061333,0.599486089,0.597677837,0.405938667,0.400513911,17
MD_model18,/home/lyara/areswave/models/MD_model18.nd,nd,UNK,,,1091.8,60,713.204,194.706,1091.8,60,1102.617,10.817,1416.311,108.17,1626.516,60,0.599718908,0.596736591,0.597730697,0.400281092,0.403263409,17
AK_model_9,/home/lyara/areswave/models/AK_model_9.nd,nd,UNK,,,1080.348,60,882.922,24.678,1080.348,60,1277.774,49.356,1302.453,49.356,1657.767,60,0.603125738,0.595039004,0.597734582,0.396874262,0.404960996,17
Geophysical_model111,/home/lyara/areswave/models/Geophysical_model111.nd,nd,UNK,,,982.65,60,900,192.13,982.65,60,1114.889,16.53,1462.017,115.71,1676.44,60,0.525940639,0.633758484,0.597819202,0.474059361,0.366241516,17
Geophysical_model4,/home/lyara/areswave/models/Geophysical_model4.nd,nd,UNK,,,1001.298,60,880.765,192.353,1001.298,60,1136.363,33.767,1490.906,101.298,1689.229,60,0.623454003,0.585098556,0.597883705,0.376545997,0.414901444,17
Geophysical_model719,/home/lyara/areswave/models/Geophysical_model719.nd,nd,UNK,,,917.055,60,877.919,198.725,917.055,60,1121.71,34.109,1496.91,102.327,1695.441,60,0.596720193,0.598466043,0.597884093,0.403279807,0.401533957,17
AK_model_67,/home/lyara/areswave/models/AK_model_67.nd,nd,UNK,,,1034.55,60,885.984,24.76,1034.55,60,1158.354,99.044,1381.202,99.043,1662.605,60,0.560502167,0.616589264,0.597893565,0.439497833,0.383410736,17
Geophysical_model228,/home/lyara/areswave/models/Geophysical_model228.nd,nd,UNK,,,1000.927,60,900,186.836,1000.927,60,1135.497,33.643,1488.742,84.106,1686.989,60,0.525923631,0.633879601,0.597894278,0.474076369,0.366120399,17
Geophysical_model613,/home/lyara/areswave/models/Geophysical_model613.nd,nd,UNK,,,1099.905,60,900,21.057,1099.905,60,1116.564,16.658,1466.397,99.953,1681.106,60,0.543730604,0.625062916,0.597952146,0.456269396,0.374937084,17
Geophysical_model201,/home/lyara/areswave/models/Geophysical_model201.nd,nd,UNK,,,1049.881,60,900,182.401,1049.881,60,1133.149,33.307,1482.872,83.268,1680.916,60,0.571069489,0.611701151,0.598157264,0.428930511,0.388298849,17
Geophysical_model324,/home/lyara/areswave/models/Geophysical_model324.nd,nd,UNK,,,1049.881,60,900,182.401,1049.881,60,1133.149,33.307,1482.872,83.268,1680.916,60,0.571069489,0.611701151,0.598157264,0.428930511,0.388298849,17
MD_model42,/home/lyara/areswave/models/MD_model42.nd,nd,UNK,,,951.682,60,896.388,187.997,951.682,60,1272.382,55.293,1338.734,99.528,1661.734,60,0.561690341,0.616566841,0.598274674,0.438309659,0.383433159,17
Geophysical_model761,/home/lyara/areswave/models/Geophysical_model761.nd,nd,UNK,,,900,60,900,179.39,900,60,1101.753,33.625,1488.445,100.876,1686.682,60,0.5836278,0.606337833,0.598767822,0.4163722,0.393662167,17
Geophysical_model355,/home/lyara/areswave/models/Geophysical_model355.nd,nd,UNK,,,1063.846,60,900,187.638,1063.846,60,1145.769,32.769,1489.845,65.539,1671.177,60,0.543440569,0.626550584,0.598847246,0.456559431,0.373449416,17
AK_model_100,/home/lyara/areswave/models/AK_model_100.nd,nd,UNK,,,1074.576,60,802.778,27.18,1074.576,60,1292.015,54.36,1319.195,27.18,1719.458,60,0.52056361,0.638635865,0.599278447,0.47943639,0.361364135,17
Geophysical_model718,/home/lyara/areswave/models/Geophysical_model718.nd,nd,UNK,,,933.856,60,900,185.099,933.856,60,1120.061,33.856,1492.472,84.639,1690.849,60,0.574850457,0.61171807,0.599428866,0.425149543,0.38828193,17
AK_model_69,/home/lyara/areswave/models/AK_model_69.nd,nd,UNK,,,1016.862,60,866.402,25.076,1016.862,60,1167.322,125.383,1393.012,50.153,1675.331,60,0.560701799,0.618915794,0.599511129,0.439298201,0.381084206,17
MD_model39,/home/lyara/areswave/models/MD_model39.nd,nd,UNK,,,991.477,60,715.811,190.846,991.477,60,1298.951,31.808,1362.566,63.615,1602.381,60,0.566116815,0.616293879,0.599568191,0.433883185,0.383706121,17
Geophysical_model202,/home/lyara/areswave/models/Geophysical_model202.nd,nd,UNK,,,1000.927,60,900,187.87,1000.927,60,1135.497,33.643,1488.742,84.106,1686.989,60,0.538611997,0.63009341,0.599599605,0.461388003,0.36990659,17
Geophysical_model379,/home/lyara/areswave/models/Geophysical_model379.nd,nd,UNK,,,1047.698,60,900,189.604,1047.698,60,1146.164,32.822,1490.792,82.054,1672.131,60,0.517514525,0.640807489,0.599709835,0.482485475,0.359192511,17
Geophysical_model948,/home/lyara/areswave/models/Geophysical_model948.nd,nd,UNK,,,933.856,60,900,185.258,933.856,60,1120.061,33.856,1475.545,84.639,1690.849,60,0.548193375,0.625781978,0.59991911,0.451806625,0.374218022,17
Geophysical_model302,/home/lyara/areswave/models/Geophysical_model302.nd,nd,UNK,,,933.563,60,900,195.716,933.563,60,1101.377,16.781,1453.786,100.689,1685.548,60,0.509052241,0.645394586,0.599947138,0.490947759,0.354605414,17
Geophysical_model458,/home/lyara/areswave/models/Geophysical_model458.nd,nd,UNK,,,1031.442,60,900,189.443,1031.442,60,1130.023,32.86,1491.488,82.151,1672.831,60,0.526282049,0.637618111,0.60050609,0.473717951,0.362381889,17
Geophysical_model40,/home/lyara/areswave/models/Geophysical_model40.nd,nd,UNK,,,1063.521,60,900,197.404,1063.521,60,1145.281,32.704,1488.674,65.408,1669.999,60,0.563627203,0.619045536,0.600572759,0.436372797,0.380954464,17
Geophysical_model124,/home/lyara/areswave/models/Geophysical_model124.nd,nd,UNK,,,966.637,60,900,190.476,966.637,60,1116.57,16.66,1466.415,99.956,1681.124,60,0.494297446,0.653776403,0.60061675,0.505702554,0.346223597,17
MD_model14,/home/lyara/areswave/models/MD_model14.nd,nd,UNK,,,1003.044,60,801.326,10.617,1003.044,60,1130.445,138.018,1321.547,191.102,1614.289,60,0.565026161,0.618438833,0.600634609,0.434973839,0.381561167,17
AK_model_26,/home/lyara/areswave/models/AK_model_26.nd,nd,UNK,,,1062.407,60,796.562,26.585,1062.407,60,1275.083,26.584,1328.252,53.169,1697.655,60,0.589746752,0.606242177,0.600743702,0.410253248,0.393757823,17
Geophysical_model709,/home/lyara/areswave/models/Geophysical_model709.nd,nd,UNK,,,900,60,900,21.486,900,60,1116.829,33.358,1483.771,100.075,1681.845,60,0.571173546,0.615536303,0.600748717,0.428826454,0.384463697,17
Geophysical_model848,/home/lyara/areswave/models/Geophysical_model848.nd,nd,UNK,,,950.021,60,900,180.064,950.021,60,1133.429,33.347,1483.573,66.694,1681.641,60,0.612017485,0.595238544,0.600831524,0.387982515,0.404761456,17
AK_model_65,/home/lyara/areswave/models/AK_model_65.nd,nd,UNK,,,1001.408,60,796.24,25.646,1001.408,60,1103.992,102.584,1360.452,25.646,1695.897,60,0.533020204,0.634872669,0.600921847,0.466979796,0.365127331,17
AK_model_42,/home/lyara/areswave/models/AK_model_42.nd,nd,UNK,,,1023.627,60,814.993,26.08,1023.627,60,1284.42,104.317,1310.5,182.555,1676.948,60,0.551774651,0.625519079,0.600937603,0.448225349,0.374480921,17
Geophysical_model145,/home/lyara/areswave/models/Geophysical_model145.nd,nd,UNK,,,966.251,60,900,186.316,966.251,60,1115.315,16.563,1463.132,99.376,1677.628,60,0.541327173,0.631211695,0.601250187,0.458672827,0.368788305,17
Geophysical_model46,/home/lyara/areswave/models/Geophysical_model46.nd,nd,UNK,,,1049.531,60,900,179.8,1049.531,60,1132.603,33.229,1498.123,83.073,1679.504,60,0.537706123,0.633029335,0.601254931,0.462293877,0.366970665,17
MD_model47,/home/lyara/areswave/models/MD_model47.nd,nd,UNK,,,962.295,60,707.928,185.883,962.295,60,1294.928,39.133,1343.845,48.916,1504.511,251.332,0.59305778,0.605446644,0.601317023,0.40694222,0.394553356,17
Geophysical_model543,/home/lyara/areswave/models/Geophysical_model543.nd,nd,UNK,,,1086.489,60,900,21.246,1086.489,60,1103.443,16.953,1459.467,118.675,1691.782,60,0.613954265,0.595000093,0.601318151,0.386045735,0.404999907,17
Geophysical_model769,/home/lyara/areswave/models/Geophysical_model769.nd,nd,UNK,,,950.91,60,900,199.563,950.91,60,1137.578,33.94,1476.975,67.879,1692.373,60,0.527569396,0.638215079,0.601333185,0.472430604,0.361784921,17
Geophysical_model480,/home/lyara/areswave/models/Geophysical_model480.nd,nd,UNK,,,999.558,60,878.726,191.466,999.558,60,1115.708,16.593,1497.346,99.558,1678.723,60,0.55708127,0.623571656,0.601408194,0.44291873,0.376428344,17
Geophysical_model925,/home/lyara/areswave/models/Geophysical_model925.nd,nd,UNK,,,950.093,60,900,199.768,950.093,60,1133.767,50.093,1484.418,66.791,1682.515,60,0.537543444,0.633558087,0.601553206,0.462456556,0.366441913,17
Geophysical_model993,/home/lyara/areswave/models/Geophysical_model993.nd,nd,UNK,,,950.093,60,900,199.768,950.093,60,1133.767,50.093,1484.418,66.791,1682.515,60,0.537543444,0.633558087,0.601553206,0.462456556,0.366441913,17
MD_model65,/home/lyara/areswave/models/MD_model65.nd,nd,UNK,,,1057.396,60,710.116,184.492,1057.396,60,1285.298,21.705,1361.266,75.968,1636.741,60,0.542521343,0.631676512,0.601958123,0.457478657,0.368323488,17
AK_model_84,/home/lyara/areswave/models/AK_model_84.nd,nd,UNK,,,1086.523,60,887.59,24.866,1086.523,60,1285.455,24.867,1360.055,74.6,1666.648,60,0.583542104,0.611541518,0.60220838,0.416457896,0.388458482,17
Geophysical_model377,/home/lyara/areswave/models/Geophysical_model377.nd,nd,UNK,,,1031.555,60,900,185.679,1031.555,60,1130.221,32.889,1491.996,82.221,1673.341,60,0.584484735,0.611217873,0.602306827,0.415515265,0.388782127,17
Geophysical_model843,/home/lyara/areswave/models/Geophysical_model843.nd,nd,UNK,,,900,60,900,183.559,900,60,1106.386,17.199,1467.561,85.994,1501.958,68.796,0.635712878,0.585619762,0.602317467,0.364287122,0.414380238,17
AK_model_89,/home/lyara/areswave/models/AK_model_89.nd,nd,UNK,,,1067.757,60,799.181,26.857,1067.757,60,1282.617,26.857,1336.333,53.715,1707.44,60,0.556696526,0.625192549,0.602360541,0.443303474,0.374807451,17
Geophysical_model22,/home/lyara/areswave/models/Geophysical_model22.nd,nd,UNK,,,1063.523,60,900,194.688,1063.523,60,1145.284,32.704,1488.683,65.409,1670.008,60,0.546264766,0.630531086,0.602442313,0.453735234,0.369468914,17
Geophysical_model166,/home/lyara/areswave/models/Geophysical_model166.nd,nd,UNK,,,1063.464,60,900,197.098,1063.464,60,1145.196,32.693,1472.124,65.386,1669.795,60,0.540664522,0.633565642,0.602598602,0.459335478,0.366434358,17
Geophysical_model348,/home/lyara/areswave/models/Geophysical_model348.nd,nd,UNK,,,1032.872,60,877.308,181.535,1032.872,60,1132.525,33.217,1481.314,83.045,1679.303,60,0.558163305,0.625205314,0.602857978,0.441836695,0.374794686,17
Geophysical_model878,/home/lyara/areswave/models/Geophysical_model878.nd,nd,UNK,,,916.648,60,900,180.388,916.648,60,1116.419,16.648,1499.315,99.885,1680.704,60,0.524320102,0.642182896,0.602895298,0.475679898,0.357817104,17
Geophysical_model425,/home/lyara/areswave/models/Geophysical_model425.nd,nd,UNK,,,1031.687,60,900,185.741,1031.687,60,1130.452,32.922,1476.13,82.304,1673.94,60,0.554060973,0.627490801,0.603014191,0.445939027,0.372509199,17
Geophysical_model135,/home/lyara/areswave/models/Geophysical_model135.nd,nd,UNK,,,1048.611,60,900,193.514,1048.611,60,1147.685,33.024,1494.444,66.049,1675.804,60,0.568376821,0.620339297,0.603018472,0.431623179,0.379660703,17
MD_model48,/home/lyara/areswave/models/MD_model48.nd,nd,UNK,,,929.177,60,788.375,191.088,929.177,60,1281.18,60.343,1301.295,60,1482.325,61.522,0.650134941,0.57953962,0.603071394,0.349865059,0.42046038,17
Geophysical_model477,/home/lyara/areswave/models/Geophysical_model477.nd,nd,UNK,,,1016.377,60,900,198.783,1016.377,60,1132.755,33.251,1465.261,99.752,1679.896,60,0.556358003,0.626759326,0.603292219,0.443641997,0.373240674,17
Geophysical_model334,/home/lyara/areswave/models/Geophysical_model334.nd,nd,UNK,,,1016.377,60,900,198.783,1016.377,60,1132.755,33.251,1465.261,99.752,1679.896,60,0.556358003,0.626759326,0.603292219,0.443641997,0.373240674,17
Geophysical_model547,/home/lyara/areswave/models/Geophysical_model547.nd,nd,UNK,,,1099.905,60,900,21.075,1099.905,60,1116.564,16.658,1466.397,99.953,1681.106,60,0.53717752,0.636758283,0.603564695,0.46282248,0.363241717,17
Geophysical_model724,/home/lyara/areswave/models/Geophysical_model724.nd,nd,UNK,,,1099.905,60,900,21.075,1099.905,60,1116.564,16.658,1466.397,99.953,1681.106,60,0.53717752,0.636758283,0.603564695,0.46282248,0.363241717,17
Geophysical_model662,/home/lyara/areswave/models/Geophysical_model662.nd,nd,UNK,,,1099.905,60,900,21.075,1099.905,60,1116.564,16.658,1466.397,99.953,1681.106,60,0.53717752,0.636758283,0.603564695,0.46282248,0.363241717,17
Geophysical_model831,/home/lyara/areswave/models/Geophysical_model831.nd,nd,UNK,,,933.798,60,879.696,182.733,933.798,60,1119.688,33.798,1491.467,84.495,1689.809,60,0.57697448,0.616898268,0.603590339,0.42302552,0.383101732,17
Geophysical_model537,/home/lyara/areswave/models/Geophysical_model537.nd,nd,UNK,,,933.394,60,900,184.939,933.394,60,1133.76,33.395,1484.399,66.788,1682.496,60,0.624054433,0.593476576,0.603669195,0.375945567,0.406523424,17
Geophysical_model934,/home/lyara/areswave/models/Geophysical_model934.nd,nd,UNK,,,950.013,60,900,182.28,950.013,60,1133.396,33.342,1483.489,66.684,1681.554,60,0.570440455,0.620285301,0.603670352,0.429559545,0.379714699,17
Geophysical_model223,/home/lyara/areswave/models/Geophysical_model223.nd,nd,UNK,,,1016.377,60,900,197.923,1016.377,60,1132.755,33.251,1498.512,99.752,1679.896,60,0.564342474,0.62396524,0.604090985,0.435657526,0.37603476,17
Geophysical_model978,/home/lyara/areswave/models/Geophysical_model978.nd,nd,UNK,,,950.781,60,900,183.604,950.781,60,1136.977,33.854,1492.442,67.707,1690.818,60,0.563418631,0.624494281,0.604135731,0.436581369,0.375505719,17
AK_model_68,/home/lyara/areswave/models/AK_model_68.nd,nd,UNK,,,1018.739,60,892.89,25.17,1018.739,60,1220.098,125.85,1396.287,50.339,1678.891,60,0.587942329,0.612235608,0.604137848,0.412057671,0.387764392,17
Geophysical_model374,/home/lyara/areswave/models/Geophysical_model374.nd,nd,UNK,,,1063.97,60,900,188.401,1063.97,60,1145.955,32.794,1490.293,65.588,1671.628,60,0.517592745,0.647511777,0.604205433,0.482407255,0.352488223,17
Geophysical_model482,/home/lyara/areswave/models/Geophysical_model482.nd,nd,UNK,,,1063.97,60,900,188.401,1063.97,60,1145.955,32.794,1490.293,65.588,1671.628,60,0.517592745,0.647511777,0.604205433,0.482407255,0.352488223,17
Geophysical_model485,/home/lyara/areswave/models/Geophysical_model485.nd,nd,UNK,,,1063.97,60,900,188.401,1063.97,60,1145.955,32.794,1490.293,65.588,1671.628,60,0.517592745,0.647511777,0.604205433,0.482407255,0.352488223,17
Geophysical_model161,/home/lyara/areswave/models/Geophysical_model161.nd,nd,UNK,,,1032.538,60,900,187.972,1032.538,60,1131.941,33.135,1496.421,82.836,1677.792,60,0.577425154,0.617730814,0.604295594,0.422574846,0.382269186,17
Geophysical_model14,/home/lyara/areswave/models/Geophysical_model14.nd,nd,UNK,,,1032.538,60,900,187.972,1032.538,60,1131.941,33.135,1496.421,82.836,1677.792,60,0.577425154,0.617730814,0.604295594,0.422574846,0.382269186,17
Geophysical_model99,/home/lyara/areswave/models/Geophysical_model99.nd,nd,UNK,,,1032.538,60,900,187.972,1032.538,60,1131.941,33.135,1496.421,82.836,1677.792,60,0.577425154,0.617730814,0.604295594,0.422574846,0.382269186,17
AK_model_58,/home/lyara/areswave/models/AK_model_58.nd,nd,UNK,,,1013.144,60,839.363,24.826,1013.144,60,1162.1,124.13,1385.533,49.652,1666.989,60,0.576395326,0.6182966,0.604329508,0.423604674,0.3817034,17
MD_model98,/home/lyara/areswave/models/MD_model98.nd,nd,UNK,,,964.445,60,700.606,189.964,964.445,60,1270.498,42.215,1333.82,105.536,1604.395,60,0.545457389,0.633856485,0.60439012,0.454542611,0.366143515,17
Geophysical_model905,/home/lyara/areswave/models/Geophysical_model905.nd,nd,UNK,,,933.943,60,879.311,186.198,933.943,60,1120.631,33.943,1494.007,84.858,1692.437,60,0.606539908,0.603529516,0.60453298,0.393460092,0.396470484,17
MD_model63,/home/lyara/areswave/models/MD_model63.nd,nd,UNK,,,1047.057,60,708.427,180.602,1047.057,60,1216.372,191.89,1363.111,90.301,1690.644,60,0.540458549,0.636672884,0.604601439,0.459541451,0.363327116,17
Geophysical_model80,/home/lyara/areswave/models/Geophysical_model80.nd,nd,UNK,,,1016.377,60,900,199.214,1016.377,60,1132.755,33.251,1498.512,99.752,1679.896,60,0.542076758,0.635944973,0.604655568,0.457923242,0.364055027,17
Geophysical_model794,/home/lyara/areswave/models/Geophysical_model794.nd,nd,UNK,,,950.91,60,900,184.586,950.91,60,1120.608,33.94,1493.945,84.849,1692.373,60,0.57291625,0.621007259,0.604976923,0.42708375,0.378992741,17
Geophysical_model73,/home/lyara/areswave/models/Geophysical_model73.nd,nd,UNK,,,1032.872,60,900,180.681,1032.872,60,1132.525,33.217,1497.923,83.045,1679.303,60,0.578611742,0.618260484,0.605044237,0.421388258,0.381739516,17
Geophysical_model956,/home/lyara/areswave/models/Geophysical_model956.nd,nd,UNK,,,966.616,60,900,179.216,966.616,60,1133.157,33.308,1499.547,83.27,1680.937,60,0.585843973,0.614655191,0.605051452,0.414156027,0.385344809,17
Geophysical_model393,/home/lyara/areswave/models/Geophysical_model393.nd,nd,UNK,,,1031.867,60,900,187.779,1031.867,60,1130.767,32.967,1476.918,82.416,1674.755,60,0.614860684,0.600233342,0.605109122,0.385139316,0.399766658,17
Geophysical_model857,/home/lyara/areswave/models/Geophysical_model857.nd,nd,UNK,,,933.943,60,879.277,186.506,933.943,60,1120.631,33.943,1494.007,84.858,1692.437,60,0.621746642,0.597295963,0.60544619,0.378253358,0.402704037,17
AK_model_48,/home/lyara/areswave/models/AK_model_48.nd,nd,UNK,,,1008.347,60,797.627,26.34,1008.347,60,1298.086,131.7,1482.466,52.68,1692.058,60,0.517993975,0.64963498,0.605754645,0.482006025,0.35036502,17
Geophysical_model159,/home/lyara/areswave/models/Geophysical_model159.nd,nd,UNK,,,1048.843,60,900,194.704,1048.843,60,1148.071,33.076,1495.37,66.152,1676.736,60,0.560224312,0.628538135,0.60576686,0.439775688,0.371461865,17
Geophysical_model239,/home/lyara/areswave/models/Geophysical_model239.nd,nd,UNK,,,1048.843,60,900,194.704,1048.843,60,1148.071,33.076,1495.37,66.152,1676.736,60,0.560224312,0.628538135,0.60576686,0.439775688,0.371461865,17
Geophysical_model869,/home/lyara/areswave/models/Geophysical_model869.nd,nd,UNK,,,933.943,60,900,186.055,933.943,60,1120.631,33.943,1477.036,84.858,1692.437,60,0.604778077,0.606402291,0.605860886,0.395221923,0.393597709,17
Geophysical_model567,/home/lyara/areswave/models/Geophysical_model567.nd,nd,UNK,,,933.943,60,900,186.055,933.943,60,1120.631,33.943,1477.036,84.858,1692.437,60,0.604778077,0.606402291,0.605860886,0.395221923,0.393597709,17
Geophysical_model951,/home/lyara/areswave/models/Geophysical_model951.nd,nd,UNK,,,933.943,60,900,186.074,933.943,60,1120.631,33.943,1477.036,84.858,1692.437,60,0.604778077,0.606402291,0.605860886,0.395221923,0.393597709,17
AK_model_18,/home/lyara/areswave/models/AK_model_18.nd,nd,UNK,,,1030.098,60,809.519,24.509,1030.098,60,1275.186,98.035,1324.204,171.561,1676.548,60,0.518604252,0.649509029,0.605874103,0.481395748,0.350490971,17
Geophysical_model318,/home/lyara/areswave/models/Geophysical_model318.nd,nd,UNK,,,983.209,60,878.051,197.538,983.209,60,1116.342,16.642,1465.818,116.492,1680.489,60,0.535505717,0.641582933,0.606223861,0.464494283,0.358417067,17
MD_model45,/home/lyara/areswave/models/MD_model45.nd,nd,UNK,,,966.263,60,741.442,194.164,966.263,60,1262.617,30.658,1334.151,51.096,1497.657,60,0.601091546,0.608951934,0.606331805,0.398908454,0.391048066,17
MD_model51,/home/lyara/areswave/models/MD_model51.nd,nd,UNK,,,983.045,60,717.402,191.263,983.045,60,1291.191,31.878,1354.945,74.38,1605.669,60,0.620483036,0.599647374,0.606592595,0.379516964,0.400352626,17
Geophysical_model53,/home/lyara/areswave/models/Geophysical_model53.nd,nd,UNK,,,966.508,60,900,193.799,966.508,60,1116.152,16.627,1465.32,99.762,1679.958,60,0.529893469,0.645186255,0.606755326,0.470106531,0.354813745,17
Geophysical_model208,/home/lyara/areswave/models/Geophysical_model208.nd,nd,UNK,,,966.508,60,900,193.799,966.508,60,1116.152,16.627,1465.32,99.762,1679.958,60,0.529893469,0.645186255,0.606755326,0.470106531,0.354813745,17
Geophysical_model190,/home/lyara/areswave/models/Geophysical_model190.nd,nd,UNK,,,966.508,60,900,193.799,966.508,60,1116.152,16.627,1465.32,99.762,1679.958,60,0.529893469,0.645186255,0.606755326,0.470106531,0.354813745,17
Geophysical_model231,/home/lyara/areswave/models/Geophysical_model231.nd,nd,UNK,,,1098.133,60,900,196.257,1098.133,60,1147.666,33.023,1494.399,66.044,1675.759,60,0.5552994,0.632865474,0.607010116,0.4447006,0.367134526,17
MD_model32,/home/lyara/areswave/models/MD_model32.nd,nd,UNK,,,997.466,60,794.657,10.14,997.466,60,1129.292,141.967,1352.383,111.545,1504.49,60.807,0.592826655,0.614557879,0.607314138,0.407173345,0.385442121,17
Geophysical_model401,/home/lyara/areswave/models/Geophysical_model401.nd,nd,UNK,,,933.558,60,900,195.534,933.558,60,1101.346,16.779,1436.922,117.452,1685.455,60,0.567662523,0.627379719,0.607473987,0.432337477,0.372620281,17
Geophysical_model146,/home/lyara/areswave/models/Geophysical_model146.nd,nd,UNK,,,950.269,60,900,194.931,950.269,60,1117.834,33.513,1452.962,117.295,1684.644,60,0.523719056,0.649428913,0.607525627,0.476280944,0.350571087,17
Geophysical_model429,/home/lyara/areswave/models/Geophysical_model429.nd,nd,UNK,,,965.996,60,900,194.13,965.996,60,1114.487,16.499,1460.966,98.994,1675.321,60,0.546300502,0.638389565,0.607693211,0.453699498,0.361610435,17
Geophysical_model539,/home/lyara/areswave/models/Geophysical_model539.nd,nd,UNK,,,950.085,60,900,183.344,950.085,60,1133.728,33.39,1484.32,66.779,1682.414,60,0.581376115,0.621008887,0.607797963,0.418623885,0.378991113,17
Geophysical_model241,/home/lyara/areswave/models/Geophysical_model241.nd,nd,UNK,,,1033.228,60,900,182.392,1033.228,60,1133.149,33.307,1482.872,83.268,1680.916,60,0.539659955,0.642016452,0.607897619,0.460340045,0.357983548,17
AK_model_32,/home/lyara/areswave/models/AK_model_32.nd,nd,UNK,,,1041.652,60,799.091,26.951,1041.652,60,1284.214,53.903,1311.165,53.903,1709.879,60,0.588958888,0.617791532,0.608180651,0.411041112,0.382208468,17
MD_model64,/home/lyara/areswave/models/MD_model64.nd,nd,UNK,,,1026.644,60,732.299,185.328,1026.644,60,1299.185,10.902,1342.791,76.312,1640.914,60,0.661714044,0.581788518,0.60843036,0.338285956,0.418211482,17
MD_model77,/home/lyara/areswave/models/MD_model77.nd,nd,UNK,,,993.197,60,753.202,10.435,993.197,60,1139.281,187.822,1400.145,125.214,1595.591,60,0.582491418,0.621569947,0.608543771,0.417508582,0.378430053,17
Geophysical_model24,/home/lyara/areswave/models/Geophysical_model24.nd,nd,UNK,,,1098.645,60,900,181.856,1098.645,60,1115.199,16.554,1429.721,99.322,1677.304,60,0.510551835,0.658133926,0.608939896,0.489448165,0.341866074,17
MD_model24,/home/lyara/areswave/models/MD_model24.nd,nd,UNK,,,1031.407,60,893.911,10.576,1031.407,60,1295.822,84.613,1316.975,95.189,1609.009,60,0.614781146,0.606093266,0.608989226,0.385218854,0.393906734,17
Geophysical_model441,/home/lyara/areswave/models/Geophysical_model441.nd,nd,UNK,,,1047.083,60,900,187.138,1047.083,60,1145.138,32.685,1488.33,65.37,1669.654,60,0.541810827,0.643768236,0.609782433,0.458189173,0.356231764,17
Geophysical_model420,/home/lyara/areswave/models/Geophysical_model420.nd,nd,UNK,,,1047.083,60,900,187.138,1047.083,60,1145.138,32.685,1488.33,65.37,1669.654,60,0.541810827,0.643768236,0.609782433,0.458189173,0.356231764,17
Geophysical_model411,/home/lyara/areswave/models/Geophysical_model411.nd,nd,UNK,,,1047.083,60,900,187.138,1047.083,60,1145.138,32.685,1488.33,65.37,1669.654,60,0.541810827,0.643768236,0.609782433,0.458189173,0.356231764,17
AK_model_99,/home/lyara/areswave/models/AK_model_99.nd,nd,UNK,,,1043.821,60,773.927,26.989,1043.821,60,1286.726,53.979,1313.715,53.979,1712.601,60,0.563272607,0.633169241,0.609870363,0.436727393,0.366830759,17
Geophysical_model464,/home/lyara/areswave/models/Geophysical_model464.nd,nd,UNK,,,1030.985,60,900,188.215,1030.985,60,1129.223,32.746,1489.43,81.865,1670.76,60,0.599826954,0.614984844,0.609932214,0.400173046,0.385015156,17
Geophysical_model443,/home/lyara/areswave/models/Geophysical_model443.nd,nd,UNK,,,1030.985,60,900,188.215,1030.985,60,1129.223,32.746,1489.43,81.865,1670.76,60,0.599826954,0.614984844,0.609932214,0.400173046,0.385015156,17
Geophysical_model114,/home/lyara/areswave/models/Geophysical_model114.nd,nd,UNK,,,1098.133,60,900,196.066,1098.133,60,1147.666,33.023,1494.399,66.044,1675.759,60,0.584565275,0.622628336,0.609940649,0.415434725,0.377371664,17
Geophysical_model876,/home/lyara/areswave/models/Geophysical_model876.nd,nd,UNK,,,1085.08,60,900,29.768,1085.08,60,1101.905,16.826,1455.24,117.778,1687.143,60,0.520709221,0.654621996,0.609984405,0.479290779,0.345378004,17
MD_model29,/home/lyara/areswave/models/MD_model29.nd,nd,UNK,,,986.476,60,738.622,183.197,986.476,60,1298.987,32.329,1352.868,53.881,1637.567,60,0.556333103,0.636898104,0.610043104,0.443666897,0.363101896,17
Geophysical_model894,/home/lyara/areswave/models/Geophysical_model894.nd,nd,UNK,,,950.013,60,900,182.42,950.013,60,1133.396,33.342,1483.489,66.684,1681.554,60,0.598803825,0.61569744,0.610066235,0.401196175,0.38430256,17
Geophysical_model169,/home/lyara/areswave/models/Geophysical_model169.nd,nd,UNK,,,1016.434,60,877.32,181.44,1016.434,60,1132.867,33.267,1498.801,83.167,1680.187,60,0.58079603,0.6247374,0.610090277,0.41920397,0.3752626,17
Geophysical_model17,/home/lyara/areswave/models/Geophysical_model17.nd,nd,UNK,,,1016.434,60,877.32,181.44,1016.434,60,1132.867,33.267,1498.801,83.167,1680.187,60,0.58079603,0.6247374,0.610090277,0.41920397,0.3752626,17
MD_model50,/home/lyara/areswave/models/MD_model50.nd,nd,UNK,,,1043.775,60,704.13,186.257,1043.775,60,1295.769,186.257,1361.507,87.651,1649.586,60,0.53458937,0.64793544,0.610153417,0.46541063,0.35206456,17
MD_model62,/home/lyara/areswave/models/MD_model62.nd,nd,UNK,,,1060.259,60,730.357,182.015,1060.259,60,1276.401,193.391,1356.032,45.504,1696.852,60,0.646324265,0.592168933,0.61022071,0.353675735,0.407831067,17
Geophysical_model970,/home/lyara/areswave/models/Geophysical_model970.nd,nd,UNK,,,933.805,60,900,186.685,933.805,60,1119.733,33.805,1474.687,84.513,1689.935,60,0.64845135,0.591152712,0.610252258,0.35154865,0.408847288,17
Geophysical_model373,/home/lyara/areswave/models/Geophysical_model373.nd,nd,UNK,,,1031.784,60,900,188.35,1031.784,60,1130.622,32.946,1493.027,82.365,1674.378,60,0.584634983,0.623434039,0.61050102,0.415365017,0.376565961,17
AK_model_29,/home/lyara/areswave/models/AK_model_29.nd,nd,UNK,,,1044.427,60,827.691,27.092,1044.427,60,1288.254,54.184,1315.346,54.184,1715.068,60,0.60754289,0.612361148,0.610755062,0.39245711,0.387638852,17
Geophysical_model938,/home/lyara/areswave/models/Geophysical_model938.nd,nd,UNK,,,1068.438,60,900,29.464,1068.438,60,1102.126,16.844,1455.847,117.907,1687.809,60,0.616541318,0.608004826,0.610850323,0.383458682,0.391995174,17
MD_model10,/home/lyara/areswave/models/MD_model10.nd,nd,UNK,,,1002.201,60,801.147,10.582,1002.201,60,1245.582,137.564,1372.563,190.472,1611.713,60,0.565739609,0.633827924,0.611131819,0.434260391,0.366172076,17
Geophysical_model333,/home/lyara/areswave/models/Geophysical_model333.nd,nd,UNK,,,1098.133,60,900,196.238,1098.133,60,1147.666,33.023,1494.399,66.044,1675.759,60,0.559011777,0.637274898,0.611187191,0.440988223,0.362725102,17
AK_model_66,/home/lyara/areswave/models/AK_model_66.nd,nd,UNK,,,1018.904,60,817.742,25.146,1018.904,60,1169.776,100.581,1370.939,75.436,1678.566,60,0.638397331,0.597700318,0.611265989,0.361602669,0.402299682,17
Geophysical_model746,/home/lyara/areswave/models/Geophysical_model746.nd,nd,UNK,,,966.806,60,900,177.866,966.806,60,1133.823,33.403,1484.557,66.807,1682.659,60,0.588854514,0.622527585,0.611303228,0.411145486,0.377472415,17
AK_model_51,/home/lyara/areswave/models/AK_model_51.nd,nd,UNK,,,1018.843,60,822.06,24.597,1018.843,60,1289.418,122.989,1486.2,172.184,1667.832,60,0.542186693,0.646202707,0.611530702,0.457813307,0.353797293,17
Geophysical_model139,/home/lyara/areswave/models/Geophysical_model139.nd,nd,UNK,,,1033.067,60,900,182.583,1033.067,60,1132.867,33.267,1498.801,83.167,1680.187,60,0.542802271,0.646028834,0.611619979,0.457197729,0.353971166,17
Geophysical_model150,/home/lyara/areswave/models/Geophysical_model150.nd,nd,UNK,,,1099.378,60,900,179.668,1099.378,60,1115.993,16.614,1431.674,99.689,1679.515,60,0.528375071,0.653409998,0.611731689,0.471624929,0.346590002,17
AK_model_14,/home/lyara/areswave/models/AK_model_14.nd,nd,UNK,,,1026.729,60,807.065,24.407,1026.729,60,1270.801,97.629,1319.615,24.407,1671.438,60,0.537900094,0.648855686,0.611870488,0.462099906,0.351144314,17
Geophysical_model421,/home/lyara/areswave/models/Geophysical_model421.nd,nd,UNK,,,999.836,60,900,191.389,999.836,60,1116.312,16.639,1465.739,99.837,1680.405,60,0.580658823,0.627754356,0.612055845,0.419341177,0.372245644,17
AK_model_96,/home/lyara/areswave/models/AK_model_96.nd,nd,UNK,,,1066.783,60,771.908,26.807,1066.783,60,1281.238,26.807,1334.851,53.613,1705.64,60,0.566449769,0.635245858,0.612313828,0.433550231,0.364754142,17
MD_model36,/home/lyara/areswave/models/MD_model36.nd,nd,UNK,,,943.636,60,709.932,180.589,943.636,60,1272.946,63.738,1304.815,10.623,1608.508,60,0.561394028,0.637780952,0.612318644,0.438605972,0.362219048,17
MD_model55,/home/lyara/areswave/models/MD_model55.nd,nd,UNK,,,936.329,60,822.179,103.773,936.329,60,1299.533,62.263,1309.91,31.132,1597.929,60,0.609864798,0.613552802,0.612323467,0.390135202,0.386447198,17
Geophysical_model354,/home/lyara/areswave/models/Geophysical_model354.nd,nd,UNK,,,1063.97,60,900,189.307,1063.97,60,1145.955,16.397,1490.293,65.588,1671.628,60,0.559315307,0.63914649,0.612536096,0.440684693,0.36085351,17
Geophysical_model378,/home/lyara/areswave/models/Geophysical_model378.nd,nd,UNK,,,1063.97,60,900,189.307,1063.97,60,1145.955,16.397,1490.293,65.588,1671.628,60,0.559315307,0.63914649,0.612536096,0.440684693,0.36085351,17
MD_model23,/home/lyara/areswave/models/MD_model23.nd,nd,UNK,,,932.566,60,762.339,180.866,932.566,60,1273.019,74.475,1326.215,31.917,1608.988,60,0.594680765,0.621550495,0.612593918,0.405319235,0.378449505,17
AK_model_20,/home/lyara/areswave/models/AK_model_20.nd,nd,UNK,,,1062.423,60,820.847,26.842,1062.423,60,1277.158,26.842,1330.842,53.684,1702.21,60,0.581089479,0.62850474,0.612699653,0.418910521,0.37149526,17
Geophysical_model130,/home/lyara/areswave/models/Geophysical_model130.nd,nd,UNK,,,1031.687,60,900,185.294,1031.687,60,1130.452,32.922,1492.591,82.304,1673.94,60,0.59545567,0.621342648,0.612713655,0.40454433,0.378657352,17
Geophysical_model7,/home/lyara/areswave/models/Geophysical_model7.nd,nd,UNK,,,1063.404,60,900,197.098,1063.404,60,1145.107,32.681,1488.256,65.362,1669.579,60,0.543146928,0.647728577,0.612868027,0.456853072,0.352271423,17
Geophysical_model500,/home/lyara/areswave/models/Geophysical_model500.nd,nd,UNK,,,950.39,60,900,189.022,950.39,60,1135.153,33.594,1487.881,67.186,1686.099,60,0.552970586,0.642844564,0.612886571,0.447029414,0.357155436,17
Geophysical_model347,/home/lyara/areswave/models/Geophysical_model347.nd,nd,UNK,,,1031.853,60,900,187.839,1031.853,60,1130.743,32.964,1493.339,82.408,1674.693,60,0.595575651,0.621568665,0.612904327,0.404424349,0.378431335,17
Geophysical_model306,/home/lyara/areswave/models/Geophysical_model306.nd,nd,UNK,,,1031.853,60,900,187.839,1031.853,60,1130.743,32.964,1493.339,82.408,1674.693,60,0.595575651,0.621568665,0.612904327,0.404424349,0.378431335,17
Geophysical_model461,/home/lyara/areswave/models/Geophysical_model461.nd,nd,UNK,,,1031.853,60,900,187.839,1031.853,60,1130.743,32.964,1493.339,82.408,1674.693,60,0.595575651,0.621568665,0.612904327,0.404424349,0.378431335,17
Geophysical_model304,/home/lyara/areswave/models/Geophysical_model304.nd,nd,UNK,,,1033.067,60,877.206,182.354,1033.067,60,1132.867,33.267,1498.801,83.167,1680.187,60,0.629449874,0.606670064,0.614263334,0.370550126,0.393329936,17
Geophysical_model959,/home/lyara/areswave/models/Geophysical_model959.nd,nd,UNK,,,900,60,900,181.498,900,60,1106.522,17.21,1467.935,86.05,1502.356,68.84,0.610408916,0.616220633,0.614283394,0.389591084,0.383779367,17
Geophysical_model811,/home/lyara/areswave/models/Geophysical_model811.nd,nd,UNK,,,900,60,900,181.498,900,60,1106.522,17.21,1467.935,86.05,1502.356,68.84,0.610408916,0.616220633,0.614283394,0.389591084,0.383779367,17
Geophysical_model3,/home/lyara/areswave/models/Geophysical_model3.nd,nd,UNK,,,1098.645,60,900,180.725,1098.645,60,1115.199,16.554,1429.721,99.322,1677.304,60,0.598179266,0.622382869,0.614315001,0.401820734,0.377617131,17
Geophysical_model417,/home/lyara/areswave/models/Geophysical_model417.nd,nd,UNK,,,1047.872,60,900,189.239,1047.872,60,1130.023,32.86,1491.488,82.151,1672.831,60,0.592630877,0.625664136,0.614653049,0.407369123,0.374335864,17
Geophysical_model771,/home/lyara/areswave/models/Geophysical_model771.nd,nd,UNK,,,933.784,60,900,183.013,933.784,60,1119.594,33.784,1491.215,84.459,1689.548,60,0.574751857,0.634849622,0.614817033,0.425248143,0.365150378,17
Geophysical_model772,/home/lyara/areswave/models/Geophysical_model772.nd,nd,UNK,,,933.784,60,900,183.013,933.784,60,1119.594,33.784,1491.215,84.459,1689.548,60,0.574751857,0.634849622,0.614817033,0.425248143,0.365150378,17
MD_model80,/home/lyara/areswave/models/MD_model80.nd,nd,UNK,,,1000.561,60,786.005,10.217,1000.561,60,1164.033,194.122,1429.673,163.471,1571.993,60,0.604674185,0.620058146,0.614930159,0.395325815,0.379941854,17
MD_model59,/home/lyara/areswave/models/MD_model59.nd,nd,UNK,,,935.775,60,826.829,79.233,935.775,60,1262.612,69.33,1302.229,39.616,1470.6,61.9,0.596095339,0.625968724,0.616010929,0.403904661,0.374031276,17
MD_model19,/home/lyara/areswave/models/MD_model19.nd,nd,UNK,,,1059.774,60,728.117,192.576,1059.774,60,1209.555,192.575,1348.637,106.987,1611.188,60,0.624298381,0.612177819,0.616218006,0.375701619,0.387822181,17
MD_model21,/home/lyara/areswave/models/MD_model21.nd,nd,UNK,,,1008.575,60,761.465,182.646,1008.575,60,1298.66,21.488,1373.867,75.207,1615.642,60,0.575516752,0.637135785,0.616596108,0.424483248,0.362864215,17
Geophysical_model992,/home/lyara/areswave/models/Geophysical_model992.nd,nd,UNK,,,950.127,60,900,199.969,950.127,60,1133.926,50.127,1484.815,66.836,1682.926,60,0.609966397,0.619912043,0.616596828,0.390033603,0.380087957,17
Geophysical_model852,/home/lyara/areswave/models/Geophysical_model852.nd,nd,UNK,,,900,60,900,22.33,900,60,1104.307,17.025,1461.843,119.179,1694.389,60,0.58034956,0.636025547,0.617466885,0.41965044,0.363974453,17
Geophysical_model335,/home/lyara/areswave/models/Geophysical_model335.nd,nd,UNK,,,1031.52,60,900,187.375,1031.52,60,1130.159,32.88,1491.838,82.199,1673.183,60,0.594136356,0.629156751,0.617483286,0.405863644,0.370843249,17
MD_model35,/home/lyara/areswave/models/MD_model35.nd,nd,UNK,,,1018.784,60,751.464,181.778,1018.784,60,1286.105,21.385,1360.954,74.85,1612.653,60,0.562926478,0.644925594,0.617592556,0.437073522,0.355074406,17
MD_model3,/home/lyara/areswave/models/MD_model3.nd,nd,UNK,,,1000.461,60,799.496,10.577,1000.461,60,1137.964,190.388,1434.124,190.389,1609.796,60,0.627354022,0.612811993,0.617659336,0.372645978,0.387188007,17
Geophysical_model343,/home/lyara/areswave/models/Geophysical_model343.nd,nd,UNK,,,1033.278,60,900,182.297,1033.278,60,1133.237,33.32,1499.753,83.299,1681.144,60,0.591896469,0.630964442,0.617941784,0.408103531,0.369035558,17
MD_model5,/home/lyara/areswave/models/MD_model5.nd,nd,UNK,,,982.978,60,734.96,10.334,982.978,60,1106.988,10.334,1406.677,62.004,1580.647,60,0.642105402,0.605860044,0.61794183,0.357894598,0.394139956,17
Geophysical_model449,/home/lyara/areswave/models/Geophysical_model449.nd,nd,UNK,,,1031.442,60,900,189.754,1031.442,60,1130.023,32.86,1491.488,82.151,1672.831,60,0.555398596,0.64932151,0.618013872,0.444601404,0.35067849,17
Geophysical_model344,/home/lyara/areswave/models/Geophysical_model344.nd,nd,UNK,,,1063.97,60,900,188.129,1063.97,60,1145.955,32.794,1490.293,65.588,1671.628,60,0.535060395,0.659515451,0.618030432,0.464939605,0.340484549,17
Geophysical_model332,/home/lyara/areswave/models/Geophysical_model332.nd,nd,UNK,,,1063.97,60,900,188.129,1063.97,60,1145.955,32.794,1490.293,65.588,1671.628,60,0.535060395,0.659515451,0.618030432,0.464939605,0.340484549,17
Geophysical_model81,/home/lyara/areswave/models/Geophysical_model81.nd,nd,UNK,,,950.269,60,900,194.508,950.269,60,1117.834,33.513,1452.962,117.295,1684.644,60,0.53485979,0.661028687,0.618972388,0.46514021,0.338971313,17
MD_model56,/home/lyara/areswave/models/MD_model56.nd,nd,UNK,,,903.728,60,798.823,115.396,903.728,60,1291.878,73.434,1312.859,31.471,1613.347,60,0.561631023,0.647879474,0.619129991,0.438368977,0.352120526,17
Geophysical_model174,/home/lyara/areswave/models/Geophysical_model174.nd,nd,UNK,,,999.816,60,900,195.881,999.816,60,1116.267,16.636,1498.893,99.815,1680.28,60,0.512886003,0.672308564,0.61916771,0.487113997,0.327691436,17
AK_model_34,/home/lyara/areswave/models/AK_model_34.nd,nd,UNK,,,1087.427,60,875.207,26.527,1087.427,60,1299.646,26.528,1352.701,53.055,1695.247,60,0.595320198,0.631325246,0.619323563,0.404679802,0.368674754,17
MD_model87,/home/lyara/areswave/models/MD_model87.nd,nd,UNK,,,1045.49,60,805.604,185.367,1045.49,60,1296.28,185.367,1361.703,87.231,1638.16,60,0.620171083,0.618980537,0.619377386,0.379828917,0.381019463,17
Geophysical_model48,/home/lyara/areswave/models/Geophysical_model48.nd,nd,UNK,,,1047.698,60,900,190.588,1047.698,60,1146.164,32.822,1490.792,65.643,1672.131,60,0.568979681,0.644649145,0.61942599,0.431020319,0.355350855,17
MD_model86,/home/lyara/areswave/models/MD_model86.nd,nd,UNK,,,1096.037,60,822.973,196.606,1096.037,60,1128.805,10.923,1358.179,98.303,1635.11,60,0.620177102,0.61911076,0.619466208,0.379822898,0.38088924,17
AK_model_50,/home/lyara/areswave/models/AK_model_50.nd,nd,UNK,,,1030.878,60,805.605,25.03,1030.878,60,1281.182,100.122,1481.425,175.213,1687.443,60,0.582453769,0.638040212,0.619511398,0.417546231,0.361959788,17
Geophysical_model396,/home/lyara/areswave/models/Geophysical_model396.nd,nd,UNK,,,949.68,60,900,188.732,949.68,60,1115.279,16.56,1446.478,99.36,1677.528,60,0.554822166,0.652920609,0.620221128,0.445177834,0.347079391,17
MD_model92,/home/lyara/areswave/models/MD_model92.nd,nd,UNK,,,957.353,60,715.782,186.669,957.353,60,1275.788,54.903,1308.73,43.922,1652.135,60,0.576712237,0.642190059,0.620364118,0.423287763,0.357809941,17
MD_model25,/home/lyara/areswave/models/MD_model25.nd,nd,UNK,,,906.668,60,896.424,194.633,906.668,60,1295.935,81.951,1306.179,30.732,1500.813,60.925,0.613593201,0.623831378,0.620418652,0.386406799,0.376168622,17
MD_model72,/home/lyara/areswave/models/MD_model72.nd,nd,UNK,,,905.619,60,705.837,189.267,905.619,60,1294.668,84.119,1305.183,31.545,1596.284,60,0.586664978,0.637309381,0.620427913,0.413335022,0.362690619,17
Geophysical_model487,/home/lyara/areswave/models/Geophysical_model487.nd,nd,UNK,,,1047.872,60,900,189.36,1047.872,60,1130.023,32.86,1491.488,82.151,1672.831,60,0.576394962,0.642494598,0.620461386,0.423605038,0.357505402,17
MD_model85,/home/lyara/areswave/models/MD_model85.nd,nd,UNK,,,997.953,60,716.651,183.928,997.953,60,1290.073,32.458,1333.35,86.554,1630.024,60,0.56910893,0.646616624,0.620780726,0.43089107,0.353383376,17
AK_model_8,/home/lyara/areswave/models/AK_model_8.nd,nd,UNK,,,1058.295,60,876.798,25.928,1058.295,60,1291.649,77.785,1317.577,25.928,1682.257,60,0.601978359,0.630184864,0.620782696,0.398021641,0.369815136,17
Geophysical_model177,/home/lyara/areswave/models/Geophysical_model177.nd,nd,UNK,,,1031.636,60,900,188.042,1031.636,60,1130.363,32.909,1475.909,82.273,1673.71,60,0.560788617,0.650914851,0.620872773,0.439211383,0.349085149,17
Geophysical_model59,/home/lyara/areswave/models/Geophysical_model59.nd,nd,UNK,,,1063.404,60,900,196.4,1063.404,60,1145.107,32.681,1488.256,65.362,1669.579,60,0.571732228,0.645664633,0.621020498,0.428267772,0.354335367,17
AK_model_7,/home/lyara/areswave/models/AK_model_7.nd,nd,UNK,,,1075.329,60,845.445,25.542,1075.329,60,1279.671,51.085,1305.214,51.086,1667.556,60,0.526442308,0.668366724,0.621058585,0.473557692,0.331633276,17
Geophysical_model147,/home/lyara/areswave/models/Geophysical_model147.nd,nd,UNK,,,1064.034,60,900,190.61,1064.034,60,1146.052,32.807,1490.524,65.614,1671.86,60,0.570550551,0.646320527,0.621063868,0.429449449,0.353679473,17
MD_model33,/home/lyara/areswave/models/MD_model33.nd,nd,UNK,,,1018.87,60,748.052,187.49,1018.87,60,1279.273,20.832,1362.602,72.913,1579.187,60,0.601968884,0.630740467,0.621149939,0.398031116,0.369259533,17
MD_model60,/home/lyara/areswave/models/MD_model60.nd,nd,UNK,,,1089.018,60,853.974,190.274,1089.018,60,1122.596,11.193,1357.641,89.541,1672.31,60,0.59694077,0.633340666,0.621207367,0.40305923,0.366659334,17
Geophysical_model609,/home/lyara/areswave/models/Geophysical_model609.nd,nd,UNK,,,933.943,60,879.345,185.891,933.943,60,1120.631,33.943,1494.007,84.858,1692.437,60,0.543516558,0.660418587,0.621451244,0.456483442,0.339581413,17
Geophysical_model578,/home/lyara/areswave/models/Geophysical_model578.nd,nd,UNK,,,933.943,60,879.345,185.891,933.943,60,1120.631,33.943,1494.007,84.858,1692.437,60,0.543516558,0.660418587,0.621451244,0.456483442,0.339581413,17
Geophysical_model727,/home/lyara/areswave/models/Geophysical_model727.nd,nd,UNK,,,933.943,60,879.345,185.891,933.943,60,1120.631,33.943,1494.007,84.858,1692.437,60,0.543516558,0.660418587,0.621451244,0.456483442,0.339581413,17
MD_model37,/home/lyara/areswave/models/MD_model37.nd,nd,UNK,,,981.132,60,895.92,191.726,981.132,60,1290.024,31.954,1332.63,63.908,1615.446,60,0.634129943,0.615812206,0.621918118,0.365870057,0.384187794,17
MD_model53,/home/lyara/areswave/models/MD_model53.nd,nd,UNK,,,903.72,60,838.985,183.413,903.72,60,1292.124,75.523,1324.491,32.367,1620.805,60,0.662152123,0.602581329,0.62243826,0.337847877,0.397418671,17
Geophysical_model407,/home/lyara/areswave/models/Geophysical_model407.nd,nd,UNK,,,1047.872,60,900,189.285,1047.872,60,1130.023,32.86,1491.488,82.151,1672.831,60,0.5784317,0.645022234,0.622825389,0.4215683,0.354977766,17
MD_model46,/home/lyara/areswave/models/MD_model46.nd,nd,UNK,,,1043.145,60,863.077,90.034,1043.145,60,1283.235,60.023,1333.254,10.004,1483.311,61.49,0.585597947,0.642196349,0.623330215,0.414402053,0.357803651,17
Geophysical_model119,/home/lyara/areswave/models/Geophysical_model119.nd,nd,UNK,,,1064.102,60,900,191.786,1064.102,60,1146.153,32.82,1490.767,65.64,1672.105,60,0.523714056,0.673206368,0.623375597,0.476285944,0.326793632,17
Geophysical_model55,/home/lyara/areswave/models/Geophysical_model55.nd,nd,UNK,,,1064.102,60,900,191.786,1064.102,60,1146.153,32.82,1490.767,65.64,1672.105,60,0.523714056,0.673206368,0.623375597,0.476285944,0.326793632,17
Geophysical_model391,/home/lyara/areswave/models/Geophysical_model391.nd,nd,UNK,,,1030.76,60,900,187.679,1030.76,60,1128.83,32.69,1488.42,81.725,1669.744,60,0.576201411,0.647211715,0.623541614,0.423798589,0.352788285,17
Geophysical_model82,/home/lyara/areswave/models/Geophysical_model82.nd,nd,UNK,,,1096.27,60,900,198.574,1096.27,60,1145.337,32.711,1488.81,65.423,1670.136,60,0.539772028,0.665605328,0.623660895,0.460227972,0.334394672,17
Geophysical_model5,/home/lyara/areswave/models/Geophysical_model5.nd,nd,UNK,,,1015.251,60,900,187.659,1015.251,60,1130.502,32.929,1492.719,82.322,1674.068,60,0.527709573,0.673181428,0.62469081,0.472290427,0.326818572,17
MD_model78,/home/lyara/areswave/models/MD_model78.nd,nd,UNK,,,1001.327,60,824.502,10.402,1001.327,60,1136.547,166.424,1302.971,166.424,1591.73,60,0.581912082,0.647325885,0.625521284,0.418087918,0.352674115,17
Geophysical_model493,/home/lyara/areswave/models/Geophysical_model493.nd,nd,UNK,,,1031.687,60,900,185.83,1031.687,60,1130.452,32.922,1476.13,82.304,1673.94,60,0.59584192,0.64063346,0.625702947,0.40415808,0.35936654,17
MD_model43,/home/lyara/areswave/models/MD_model43.nd,nd,UNK,,,928.392,60,875.123,191.768,928.392,60,1269.313,63.923,1301.275,53.269,1616.08,60,0.649510969,0.614412187,0.626111781,0.350489031,0.385587813,17
Geophysical_model214,/home/lyara/areswave/models/Geophysical_model214.nd,nd,UNK,,,949.92,60,900,183.216,949.92,60,1116.318,16.64,1449.115,116.479,1680.421,60,0.531219614,0.673646038,0.626170563,0.468780386,0.326353962,17
AK_model_88,/home/lyara/areswave/models/AK_model_88.nd,nd,UNK,,,1071.541,60,800.713,27.083,1071.541,60,1288.203,27.083,1342.368,54.165,1714.927,60,0.54629078,0.666260697,0.626270724,0.45370922,0.333739303,17
MD_model100,/home/lyara/areswave/models/MD_model100.nd,nd,UNK,,,1053.462,60,725.562,190.393,1053.462,60,1275.587,31.732,1349.629,74.042,1609.919,60,0.607441321,0.636533427,0.626836059,0.392558679,0.363466573,17
Geophysical_model317,/home/lyara/areswave/models/Geophysical_model317.nd,nd,UNK,,,1031.442,60,900,189.023,1031.442,60,1130.023,32.86,1491.488,82.151,1672.831,60,0.619672717,0.631493469,0.627553218,0.380327283,0.368506531,17
Geophysical_model367,/home/lyara/areswave/models/Geophysical_model367.nd,nd,UNK,,,1031.442,60,900,189.023,1031.442,60,1130.023,32.86,1491.488,82.151,1672.831,60,0.619672717,0.631493469,0.627553218,0.380327283,0.368506531,17
AK_model_55,/home/lyara/areswave/models/AK_model_55.nd,nd,UNK,,,1024.297,60,845.36,25.562,1024.297,60,1152.109,102.249,1382.171,51.125,1667.971,60,0.547891511,0.667985892,0.627954431,0.452108489,0.332014108,17
AK_model_87,/home/lyara/areswave/models/AK_model_87.nd,nd,UNK,,,1080.176,60,842.943,26.359,1080.176,60,1291.051,26.36,1343.769,79.078,1685.704,60,0.599913726,0.641981443,0.627958871,0.400086274,0.358018557,17
MD_model52,/home/lyara/areswave/models/MD_model52.nd,nd,UNK,,,1047.919,60,764.485,185.323,1047.919,60,1265.946,32.704,1331.354,54.507,1640.388,60,0.622086742,0.630991592,0.628023309,0.377913258,0.369008408,17
Geophysical_model495,/home/lyara/areswave/models/Geophysical_model495.nd,nd,UNK,,,966.559,60,900,180.907,966.559,60,1116.317,16.639,1465.751,99.839,1680.417,60,0.575747357,0.654320204,0.628129255,0.424252643,0.345679796,17
MD_model83,/home/lyara/areswave/models/MD_model83.nd,nd,UNK,,,957.498,60,725.173,190.085,957.498,60,1263.746,42.241,1305.987,52.801,1598.029,60,0.590628322,0.647063994,0.628252103,0.409371678,0.352936006,17
Geophysical_model83,/home/lyara/areswave/models/Geophysical_model83.nd,nd,UNK,,,1049.531,60,900,179.559,1049.531,60,1132.603,33.229,1498.123,83.073,1679.504,60,0.610340173,0.638185227,0.628903542,0.389659827,0.361814773,17
MD_model82,/home/lyara/areswave/models/MD_model82.nd,nd,UNK,,,1052.51,60,736.454,189.634,1052.51,60,1263.214,42.14,1336.96,63.211,1596.883,60,0.61398474,0.637898467,0.629927225,0.38601526,0.362101533,17
AK_model_35,/home/lyara/areswave/models/AK_model_35.nd,nd,UNK,,,1083.341,60,898.594,26.393,1083.341,60,1294.481,26.392,1347.266,79.177,1689.198,60,0.576844283,0.657622979,0.630696747,0.423155717,0.342377021,17
MD_model89,/home/lyara/areswave/models/MD_model89.nd,nd,UNK,,,984.933,60,781.659,192.575,984.933,60,1273.795,32.096,1327.288,74.89,1611.235,60,0.602107459,0.645151045,0.630803183,0.397892541,0.354848955,17
MD_model38,/home/lyara/areswave/models/MD_model38.nd,nd,UNK,,,1054.062,60,780.894,189.116,1054.062,60,1253.684,178.61,1348.242,10.506,1597.105,60,0.660530707,0.617795643,0.632040664,0.339469293,0.382204357,17
Geophysical_model274,/home/lyara/areswave/models/Geophysical_model274.nd,nd,UNK,,,1032.808,60,900,180.658,1032.808,60,1132.413,33.201,1481.034,83.005,1679.013,60,0.581339823,0.658918516,0.633058952,0.418660177,0.341081484,17
Geophysical_model383,/home/lyara/areswave/models/Geophysical_model383.nd,nd,UNK,,,1031.555,60,900,185.833,1031.555,60,1130.221,32.889,1475.552,82.221,1673.341,60,0.573216682,0.663224304,0.633221763,0.426783318,0.336775696,17
MD_model81,/home/lyara/areswave/models/MD_model81.nd,nd,UNK,,,935.619,60,731.217,182.886,935.619,60,1290.631,53.79,1301.389,60,1629.021,60,0.642733612,0.629701263,0.634045379,0.357266388,0.370298737,17
MD_model26,/home/lyara/areswave/models/MD_model26.nd,nd,UNK,,,1011.624,60,870.538,10.078,1011.624,60,1293.796,151.164,1354.261,60.466,1485.27,60,0.567438104,0.667560129,0.634186121,0.432561896,0.332439871,17
MD_model13,/home/lyara/areswave/models/MD_model13.nd,nd,UNK,,,1005.054,60,807.542,10.396,1005.054,60,1244.149,145.536,1358.498,166.326,1595.035,60,0.614655995,0.645644105,0.635314735,0.385344005,0.354355895,17
Geophysical_model496,/home/lyara/areswave/models/Geophysical_model496.nd,nd,UNK,,,1064.195,60,900,188.313,1064.195,60,1146.293,32.839,1474.684,65.678,1672.443,60,0.579994605,0.663762393,0.635839797,0.420005395,0.336237607,17
MD_model22,/home/lyara/areswave/models/MD_model22.nd,nd,UNK,,,1019.062,60,898.164,197.833,1019.062,60,1293.831,21.982,1304.822,76.935,1648.61,60,0.550900471,0.680389948,0.637226789,0.449099529,0.319610052,17
Geophysical_model466,/home/lyara/areswave/models/Geophysical_model466.nd,nd,UNK,,,1031.687,60,900,185.189,1031.687,60,1130.452,32.922,1492.591,82.304,1673.94,60,0.596366573,0.657842062,0.637350232,0.403633427,0.342157938,17
MD_model70,/home/lyara/areswave/models/MD_model70.nd,nd,UNK,,,1005.796,60,809.43,10.335,1005.796,60,1243.502,165.361,1439.868,165.361,1592.774,60,0.634191568,0.641733249,0.639219355,0.365808432,0.358266751,17
MD_model27,/home/lyara/areswave/models/MD_model27.nd,nd,UNK,,,1030.409,60,895.244,10.397,1030.409,60,1259.149,83.178,1311.135,31.191,1589.478,60,0.646617869,0.638316856,0.64108386,0.353382131,0.361683144,17
Geophysical_model33,/home/lyara/areswave/models/Geophysical_model33.nd,nd,UNK,,,1031.756,60,900,188.228,1031.756,60,1130.574,32.939,1476.434,82.348,1674.255,60,0.605609312,0.670639609,0.648962843,0.394390688,0.329360391,17
MD_model6,/home/lyara/areswave/models/MD_model6.nd,nd,UNK,,,984.528,60,728.132,10.256,984.528,60,1107.599,184.605,1384.507,102.559,1507.577,60,0.60229262,0.674161755,0.650205376,0.39770738,0.325838245,17
MD_model99,/home/lyara/areswave/models/MD_model99.nd,nd,UNK,,,994.256,60,719.122,190.477,994.256,60,1290.553,31.746,1332.882,84.657,1604.038,60,0.593703551,0.681246312,0.652065391,0.406296449,0.318753688,17
MD_model41,/home/lyara/areswave/models/MD_model41.nd,nd,UNK,,,935.041,60,741.286,182.99,935.041,60,1268.729,64.585,1301.021,53.821,1628.814,60,0.589936426,0.698461331,0.662286362,0.410063574,0.301538669,17
MD_model20,/home/lyara/areswave/models/MD_model20.nd,nd,UNK,,,1028.07,60,756.946,192.046,1028.07,60,1299.193,22.593,1366.974,79.078,1694.594,60,0.599443182,0.706875772,0.671064909,0.400556818,0.293124228,17
