model_id,source_path,source_format,composition,tpot_K,adiabat_K_km,d_main_km,w_main_km,d_800_km,w_800_km,d_1000_km,w_1000_km,d_1200_km,w_1200_km,d_1400_km,w_1400_km,d_1600_km,w_1600_km,mean_p_misfit,mean_s_misfit,total_misfit,mean_p_cc,mean_s_cc,used_events
Geophysical_model64,/home/lyara/areswave/models/Geophysical_model64.nd,nd,UNK,,,967.437,60.0,900.0,186.20899999999995,967.437,60.0,1119.169,33.718000000000075,1456.352,101.15499999999997,1688.364,60.0,0.34554557713580025,0.30662822833327197,0.31960067793411473,0.6544544228641997,0.693371771666728,1
CD_model95,/home/lyara/areswave/models/CD_model95.nd,nd,UNK,,,,60.0,,60.0,,60.0,,60.0,,60.0,,60.0,0.2567463738186564,0.3566804533923992,0.3233690935344849,0.7432536261813436,0.6433195466076008,1
Geophysical_model353,/home/lyara/areswave/models/Geophysical_model353.nd,nd,UNK,,,967.499,60.0,900.0,184.85799999999995,967.499,60.0,1119.373,33.75,1456.871,101.2489999999998,1688.933,60.0,0.21843371883717888,0.4008614816040639,0.3400522273484355,0.7815662811628211,0.5991385183959361,1
Geophysical_model492,/home/lyara/areswave/models/Geophysical_model492.nd,nd,UNK,,,967.499,60.0,900.0,184.85799999999995,967.499,60.0,1119.373,33.75,1456.871,101.2489999999998,1688.933,60.0,0.21843371883717888,0.4008614816040639,0.3400522273484355,0.7815662811628211,0.5991385183959361,1
CD_model19,/home/lyara/areswave/models/CD_model19.nd,nd,UNK,,,,60.0,,60.0,,60.0,,60.0,,60.0,,60.0,0.17417576187042227,0.4305160909385002,0.3450693145824742,0.8258242381295777,0.5694839090614998,1
CD_model89,/home/lyara/areswave/models/CD_model89.nd,nd,UNK,,,,60.0,,60.0,,60.0,,60.0,,60.0,,60.0,0.17429171736708715,0.4334047502700479,0.3470337393023943,0.8257082826329128,0.5665952497299521,1
CD_model96,/home/lyara/areswave/models/CD_model96.nd,nd,UNK,,,,60.0,,60.0,,60.0,,60.0,,60.0,,60.0,0.33154477414481165,0.38360323539498964,0.36625041497826366,0.6684552258551884,0.6163967646050104,1
CD_model3,/home/lyara/areswave/models/CD_model3.nd,nd,UNK,,,,60.0,,60.0,,60.0,,60.0,,60.0,,60.0,0.21229984159662174,0.47328953015854935,0.38629296730457346,0.7877001584033783,0.5267104698414506,1
CD_model60,/home/lyara/areswave/models/CD_model60.nd,nd,UNK,,,,60.0,,60.0,,60.0,,60.0,,60.0,,60.0,0.350556552693283,0.420943587871072,0.397481242811809,0.649443447306717,0.579056412128928,1
Geophysical_model936,/home/lyara/areswave/models/Geophysical_model936.nd,nd,UNK,,,1086.703,60.0,900.0,21.596000000000004,1086.703,60.0,1103.676,16.972999999999956,1460.108,118.81000000000017,1692.486,60.0,0.25744599445964933,0.5078569819143957,0.42438665276281357,0.7425540055403507,0.4921430180856043,1
CD_model69,/home/lyara/areswave/models/CD_model69.nd,nd,UNK,,,,60.0,,60.0,,60.0,,60.0,,60.0,,60.0,0.465328539185787,0.4400890859954829,0.4485022370589176,0.534671460814213,0.5599109140045171,1
Geophysical_model688,/home/lyara/areswave/models/Geophysical_model688.nd,nd,UNK,,,933.943,60.0,879.28,186.476,933.943,60.0,1120.631,33.942999999999984,1494.007,84.85800000000017,1692.437,60.0,0.24322796403686353,0.5520084125336695,0.4490815963680675,0.7567720359631365,0.44799158746633044,1
Geophysical_model884,/home/lyara/areswave/models/Geophysical_model884.nd,nd,UNK,,,933.365,60.0,900.0,186.28300000000002,933.365,60.0,1116.871,33.36500000000001,1483.885,83.41200000000003,1681.963,60.0,0.34750421745183613,0.5001596801591539,0.4492745259233813,0.6524957825481639,0.49984031984084604,1
CD_model62,/home/lyara/areswave/models/CD_model62.nd,nd,UNK,,,,60.0,,60.0,,60.0,,60.0,,60.0,,60.0,0.20068375087944745,0.6016254798086287,0.46797823683223494,0.7993162491205525,0.39837452019137126,1
Geophysical_model619,/home/lyara/areswave/models/Geophysical_model619.nd,nd,UNK,,,916.969,60.0,878.268,195.58399999999995,916.969,60.0,1120.603,33.93900000000008,1493.931,84.84699999999998,1692.359,60.0,0.3227641898519119,0.5485135468044401,0.4732637611535974,0.6772358101480881,0.4514864531955599,1
Geophysical_model980,/home/lyara/areswave/models/Geophysical_model980.nd,nd,UNK,,,916.969,60.0,878.268,195.58399999999995,916.969,60.0,1120.603,33.93900000000008,1493.931,84.84699999999998,1692.359,60.0,0.3227641898519119,0.5485135468044401,0.4732637611535974,0.6772358101480881,0.4514864531955599,1
Geophysical_model457,/home/lyara/areswave/models/Geophysical_model457.nd,nd,UNK,,,1000.924,60.0,900.0,185.79899999999998,1000.924,60.0,1118.67,33.641000000000076,1488.726,100.9240000000002,1686.973,60.0,0.14571382142623734,0.6392202452076414,0.47471810394717345,0.8542861785737627,0.3607797547923585,1
CD_model8,/home/lyara/areswave/models/CD_model8.nd,nd,UNK,,,,60.0,,60.0,,60.0,,60.0,,60.0,,60.0,0.7374422630774834,0.3525529842227928,0.4808494105076897,0.2625577369225166,0.6474470157772072,1
Geophysical_model916,/home/lyara/areswave/models/Geophysical_model916.nd,nd,UNK,,,916.693,60.0,900.0,178.836,916.693,60.0,1117.015,33.386000000000195,1484.271,83.46699999999987,1682.363,60.0,0.21703162084592997,0.6157599243309619,0.4828504898359513,0.78296837915407,0.3842400756690381,1
Geophysical_model90,/home/lyara/areswave/models/Geophysical_model90.nd,nd,UNK,,,949.68,60.0,900.0,190.49400000000003,949.68,60.0,1115.279,16.559999999999945,1446.478,115.91999999999985,1677.528,60.0,0.1525828273656442,0.6553561457689703,0.4877650396345283,0.8474171726343558,0.3446438542310298,1
CD_model87,/home/lyara/areswave/models/CD_model87.nd,nd,UNK,,,,60.0,,60.0,,60.0,,60.0,,60.0,,60.0,0.8546407149006751,0.3078284201645657,0.49009918507660216,0.14535928509932497,0.6921715798354343,1
Geophysical_model900,/home/lyara/areswave/models/Geophysical_model900.nd,nd,UNK,,,916.728,60.0,875.978,192.17600000000004,916.728,60.0,1117.467,33.455999999999904,1485.488,83.64100000000008,1683.622,60.0,0.21150182050429045,0.6304679738709491,0.49081258941539624,0.7884981794957096,0.36953202612905095,1
Geophysical_model645,/home/lyara/areswave/models/Geophysical_model645.nd,nd,UNK,,,917.055,60.0,877.857,199.28700000000003,917.055,60.0,1121.71,34.108999999999924,1496.91,102.327,1695.441,60.0,0.19796840285750905,0.6373133309585357,0.49086502159152684,0.802031597142491,0.36268666904146435,1
Geophysical_model762,/home/lyara/areswave/models/Geophysical_model762.nd,nd,UNK,,,933.422,60.0,900.0,184.31399999999996,933.422,60.0,1117.244,33.423,1484.889,83.55599999999981,1683.002,60.0,0.2888973172072872,0.5946785035955222,0.4927514414661105,0.7111026827927128,0.40532149640447773,1
Geophysical_model592,/home/lyara/areswave/models/Geophysical_model592.nd,nd,UNK,,,916.736,60.0,875.96,192.31899999999996,916.736,60.0,1117.572,33.47199999999998,1485.77,83.68100000000004,1683.914,60.0,0.16658484324852696,0.6581535305891877,0.49429730147563405,0.833415156751473,0.34184646941081226,1
Geophysical_model559,/home/lyara/areswave/models/Geophysical_model559.nd,nd,UNK,,,900.0,60.0,900.0,181.12199999999996,900.0,60.0,1119.137,33.71399999999994,1473.128,101.14099999999985,1688.275,60.0,0.27896730034770345,0.6032020721132783,0.4951238148580866,0.7210326996522965,0.39679792788672175,1
Geophysical_model789,/home/lyara/areswave/models/Geophysical_model789.nd,nd,UNK,,,1088.067,60.0,900.0,20.66700000000003,1088.067,60.0,1105.164,17.09699999999998,1464.2,119.67900000000009,1696.976,60.0,0.2971223806242206,0.5941643018520089,0.49515032810941273,0.7028776193757794,0.4058356981479912,1
Geophysical_model669,/home/lyara/areswave/models/Geophysical_model669.nd,nd,UNK,,,1088.06,60.0,900.0,20.66700000000003,1088.06,60.0,1105.156,17.09699999999998,1464.18,119.67499999999995,1696.954,60.0,0.2971223806242206,0.5941643018520089,0.49515032810941273,0.7028776193757794,0.4058356981479912,1
Geophysical_model615,/home/lyara/areswave/models/Geophysical_model615.nd,nd,UNK,,,900.0,60.0,900.0,21.485000000000014,900.0,60.0,1116.829,33.35799999999995,1467.092,100.07500000000005,1681.845,60.0,0.36503954854681153,0.5623018765460309,0.49654776721295785,0.6349604514531885,0.4376981234539691,1
Geophysical_model293,/home/lyara/areswave/models/Geophysical_model293.nd,nd,UNK,,,916.874,60.0,900.0,181.649,916.874,60.0,1102.492,16.874000000000024,1439.978,101.2460000000001,1688.913,60.0,0.17062074674042293,0.6599821295117496,0.49686166858797404,0.8293792532595771,0.3400178704882504,1
Geophysical_model440,/home/lyara/areswave/models/Geophysical_model440.nd,nd,UNK,,,966.559,60.0,900.0,181.32500000000005,966.559,60.0,1116.317,16.638999999999896,1449.111,99.83900000000017,1680.417,60.0,0.227653648080682,0.6376029384869474,0.5009531750181923,0.772346351919318,0.3623970615130526,1
Geophysical_model316,/home/lyara/areswave/models/Geophysical_model316.nd,nd,UNK,,,1001.288,60.0,861.085,194.57299999999998,1001.288,60.0,1119.457,33.76299999999992,1490.847,101.28800000000001,1689.167,60.0,0.47729907078617195,0.5146134647167147,0.5021753334065338,0.522700929213828,0.4853865352832854,1
Geophysical_model964,/home/lyara/areswave/models/Geophysical_model964.nd,nd,UNK,,,933.422,60.0,900.0,183.587,933.422,60.0,1117.244,33.423,1484.889,83.55599999999981,1683.002,60.0,0.16430207823352316,0.6786331380621681,0.5071894514526197,0.8356979217664768,0.3213668619378319,1
Geophysical_model628,/home/lyara/areswave/models/Geophysical_model628.nd,nd,UNK,,,933.422,60.0,900.0,183.587,933.422,60.0,1117.244,33.423,1484.889,83.55599999999981,1683.002,60.0,0.16430207823352316,0.6786331380621681,0.5071894514526197,0.8356979217664768,0.3213668619378319,1
CD_model11,/home/lyara/areswave/models/CD_model11.nd,nd,UNK,,,,60.0,,60.0,,60.0,,60.0,,60.0,,60.0,0.17967834645657965,0.6709545701987731,0.5071958289513753,0.8203216535434203,0.3290454298012268,1
Geophysical_model942,/home/lyara/areswave/models/Geophysical_model942.nd,nd,UNK,,,900.0,60.0,900.0,184.99900000000002,900.0,60.0,1106.204,17.18399999999997,1484.246,85.9190000000001,1535.797,68.7349999999999,0.36062349559515583,0.582708855124872,0.5086804019483,0.6393765044048442,0.4172911448751279,1
Geophysical_model381,/home/lyara/areswave/models/Geophysical_model381.nd,nd,UNK,,,999.558,60.0,878.755,191.207,999.558,60.0,1115.708,16.592999999999847,1497.346,99.55799999999999,1678.723,60.0,0.1618666936942772,0.6841767638830536,0.5100734071534615,0.8381333063057228,0.31582323611694635,1
Geophysical_model581,/home/lyara/areswave/models/Geophysical_model581.nd,nd,UNK,,,916.965,60.0,900.0,195.10299999999995,916.965,60.0,1120.539,33.92899999999986,1493.758,84.82200000000012,1692.179,60.0,0.2176694747715766,0.6596388003008948,0.5123156917911221,0.7823305252284234,0.3403611996991052,1
CD_model99,/home/lyara/areswave/models/CD_model99.nd,nd,UNK,,,,60.0,,60.0,,60.0,,60.0,,60.0,,60.0,0.5139184349740231,0.5166400826810733,0.5157328667787232,0.4860815650259768,0.48335991731892675,1
Geophysical_model636,/home/lyara/areswave/models/Geophysical_model636.nd,nd,UNK,,,900.0,60.0,900.0,178.87,900.0,60.0,1118.565,33.625,1471.633,100.87599999999998,1686.682,60.0,0.2547179774723751,0.646827543901255,0.5161243550916284,0.7452820225276249,0.35317245609874504,1
CD_model7,/home/lyara/areswave/models/CD_model7.nd,nd,UNK,,,,60.0,,60.0,,60.0,,60.0,,60.0,,60.0,0.8051282446950925,0.3725050365807083,0.5167127726188364,0.1948717553049075,0.6274949634192917,1
CD_model47,/home/lyara/areswave/models/CD_model47.nd,nd,UNK,,,,60.0,,60.0,,60.0,,60.0,,60.0,,60.0,0.2631844742960845,0.6436523226012987,0.5168297064995606,0.7368155257039155,0.3563476773987013,1
Geophysical_model484,/home/lyara/areswave/models/Geophysical_model484.nd,nd,UNK,,,1031.853,60.0,900.0,187.85500000000002,1031.853,60.0,1130.743,32.96399999999994,1493.339,82.4079999999999,1674.693,60.0,0.39408668144308634,0.5787762352373155,0.5172130506392391,0.6059133185569137,0.4212237647626845,1
Geophysical_model269,/home/lyara/areswave/models/Geophysical_model269.nd,nd,UNK,,,950.621,60.0,900.0,192.721,950.621,60.0,1119.357,33.74700000000007,1456.828,118.11599999999999,1688.886,60.0,0.19042564707202625,0.6812081258357394,0.5176139662478351,0.8095743529279738,0.31879187416426064,1
CD_model1,/home/lyara/areswave/models/CD_model1.nd,nd,UNK,,,,60.0,,60.0,,60.0,,60.0,,60.0,,60.0,0.5719875953973874,0.4915068939541044,0.5183337944351988,0.4280124046026126,0.5084931060458956,1
CD_model64,/home/lyara/areswave/models/CD_model64.nd,nd,UNK,,,,60.0,,60.0,,60.0,,60.0,,60.0,,60.0,0.5719875953973874,0.4915068939541044,0.5183337944351988,0.4280124046026126,0.5084931060458956,1
Geophysical_model931,/home/lyara/areswave/models/Geophysical_model931.nd,nd,UNK,,,1099.979,60.0,900.0,21.802999999999997,1099.979,60.0,1116.644,16.664999999999964,1466.608,116.6550000000002,1681.33,60.0,0.3435463075236608,0.6057958040394993,0.5183793052008864,0.6564536924763392,0.3942041959605007,1
Geophysical_model852,/home/lyara/areswave/models/Geophysical_model852.nd,nd,UNK,,,900.0,60.0,900.0,22.33000000000004,900.0,60.0,1104.307,17.02500000000009,1461.843,119.17900000000009,1694.389,60.0,0.2866465413222363,0.636152576952815,0.5196505650759554,0.7133534586777637,0.363847423047185,1
CD_model29,/home/lyara/areswave/models/CD_model29.nd,nd,UNK,,,,60.0,,60.0,,60.0,,60.0,,60.0,,60.0,0.7609251941869544,0.39984937093465356,0.5202079786854205,0.2390748058130456,0.6001506290653464,1
Geophysical_model625,/home/lyara/areswave/models/Geophysical_model625.nd,nd,UNK,,,916.728,60.0,900.0,191.68600000000004,916.728,60.0,1117.467,33.455999999999904,1485.488,83.64100000000008,1683.622,60.0,0.23557245233334967,0.6653193136424268,0.5220703598727344,0.7644275476666503,0.3346806863575732,1
Geophysical_model700,/home/lyara/areswave/models/Geophysical_model700.nd,nd,UNK,,,916.847,60.0,879.958,180.37400000000002,916.847,60.0,1119.005,33.69300000000021,1489.628,84.23299999999995,1687.906,60.0,0.16758489947472133,0.7000744244443191,0.5225779161211198,0.8324151005252787,0.29992557555568083,1
Geophysical_model516,/home/lyara/areswave/models/Geophysical_model516.nd,nd,UNK,,,1086.489,60.0,900.0,21.269000000000005,1086.489,60.0,1103.443,16.952999999999975,1459.467,118.67499999999995,1691.782,60.0,0.4217759003394129,0.5742404055412452,0.523418903807301,0.5782240996605871,0.4257595944587548,1
Geophysical_model875,/home/lyara/areswave/models/Geophysical_model875.nd,nd,UNK,,,933.693,60.0,900.0,181.54600000000005,933.693,60.0,1119.005,33.69300000000021,1455.935,84.23299999999995,1687.906,60.0,0.19680138723740537,0.6875806678581409,0.5239875743178958,0.8031986127625946,0.3124193321418592,1
Geophysical_model113,/home/lyara/areswave/models/Geophysical_model113.nd,nd,UNK,,,949.973,60.0,900.0,193.77599999999995,949.973,60.0,1116.548,16.656999999999925,1449.698,99.94499999999994,1681.061,60.0,0.2054363611693626,0.6862483334614911,0.5259776760307816,0.7945636388306374,0.31375166653850894,1
Geophysical_model213,/home/lyara/areswave/models/Geophysical_model213.nd,nd,UNK,,,949.973,60.0,900.0,193.77599999999995,949.973,60.0,1116.548,16.656999999999925,1449.698,99.94499999999994,1681.061,60.0,0.2054363611693626,0.6862483334614911,0.5259776760307816,0.7945636388306374,0.31375166653850894,1
Geophysical_model408,/home/lyara/areswave/models/Geophysical_model408.nd,nd,UNK,,,949.973,60.0,900.0,193.77599999999995,949.973,60.0,1116.548,16.656999999999925,1449.698,99.94499999999994,1681.061,60.0,0.2054363611693626,0.6862483334614911,0.5259776760307816,0.7945636388306374,0.31375166653850894,1
Geophysical_model96,/home/lyara/areswave/models/Geophysical_model96.nd,nd,UNK,,,966.829,60.0,900.0,198.79600000000005,966.829,60.0,1117.194,33.41399999999999,1451.339,100.24299999999994,1682.862,60.0,0.1738292487248544,0.7029323556632954,0.5265646533504817,0.8261707512751456,0.2970676443367047,1
Geophysical_model234,/home/lyara/areswave/models/Geophysical_model234.nd,nd,UNK,,,966.829,60.0,900.0,198.79600000000005,966.829,60.0,1117.194,33.41399999999999,1451.339,100.24299999999994,1682.862,60.0,0.1738292487248544,0.7029323556632954,0.5265646533504817,0.8261707512751456,0.2970676443367047,1
Geophysical_model563,/home/lyara/areswave/models/Geophysical_model563.nd,nd,UNK,,,1087.281,60.0,900.0,22.385999999999967,1087.281,60.0,1104.307,17.02500000000009,1461.843,119.17900000000009,1694.389,60.0,0.20302955742512507,0.6883777508222753,0.5265950196898919,0.7969704425748749,0.3116222491777247,1
CD_model91,/home/lyara/areswave/models/CD_model91.nd,nd,UNK,,,,60.0,,60.0,,60.0,,60.0,,60.0,,60.0,0.3330532413035846,0.6245992373818288,0.5274172386890807,0.6669467586964154,0.3754007626181713,1
Geophysical_model673,/home/lyara/areswave/models/Geophysical_model673.nd,nd,UNK,,,900.0,60.0,900.0,180.98900000000003,900.0,60.0,1118.976,33.68899999999985,1489.55,101.06600000000003,1687.825,60.0,0.2801033524509664,0.6527031249589382,0.5285032007896143,0.7198966475490336,0.34729687504106177,1
Geophysical_model245,/home/lyara/areswave/models/Geophysical_model245.nd,nd,UNK,,,967.7,60.0,900.0,181.096,967.7,60.0,1120.025,33.850000000000136,1458.525,118.47499999999991,1690.748,60.0,0.19070361931525748,0.6974163825575268,0.528512128143437,0.8092963806847425,0.30258361744247325,1
Geophysical_model800,/home/lyara/areswave/models/Geophysical_model800.nd,nd,UNK,,,1088.334,60.0,900.0,20.74000000000001,1088.334,60.0,1105.456,17.121000000000095,1465.003,102.72800000000007,1697.857,60.0,0.3066930254459662,0.6399305302484174,0.5288513619809336,0.6933069745540338,0.3600694697515826,1
Geophysical_model659,/home/lyara/areswave/models/Geophysical_model659.nd,nd,UNK,,,916.847,60.0,879.824,181.587,916.847,60.0,1119.005,33.69300000000021,1489.628,84.23299999999995,1687.906,60.0,0.13097898094827742,0.7286761035525062,0.5294437293510966,0.8690210190517226,0.2713238964474938,1
Geophysical_model450,/home/lyara/areswave/models/Geophysical_model450.nd,nd,UNK,,,966.559,60.0,900.0,181.65099999999995,966.559,60.0,1116.317,16.638999999999896,1465.751,99.83900000000017,1680.417,60.0,0.17530050211746062,0.7107086744658216,0.5322392836830346,0.8246994978825394,0.28929132553417836,1
Geophysical_model94,/home/lyara/areswave/models/Geophysical_model94.nd,nd,UNK,,,983.071,60.0,878.665,192.014,983.071,60.0,1115.985,16.614000000000033,1464.884,99.68600000000015,1679.494,60.0,0.20300969372864852,0.6970320677069843,0.532357943047539,0.7969903062713515,0.3029679322930157,1
Geophysical_model587,/home/lyara/areswave/models/Geophysical_model587.nd,nd,UNK,,,916.728,60.0,900.0,191.66499999999996,916.728,60.0,1117.459,33.455999999999904,1485.467,83.63800000000015,1683.6,60.0,0.28795003258821616,0.6546482529302236,0.532415512816221,0.7120499674117838,0.34535174706977645,1
Geophysical_model310,/home/lyara/areswave/models/Geophysical_model310.nd,nd,UNK,,,1016.326,60.0,878.266,195.60199999999998,1016.326,60.0,1132.652,33.235999999999876,1498.248,99.70800000000008,1679.631,60.0,0.41422769653087965,0.5926865995903556,0.5332002985705303,0.5857723034691203,0.40731340040964437,1
Geophysical_model257,/home/lyara/areswave/models/Geophysical_model257.nd,nd,UNK,,,967.872,60.0,900.0,180.54700000000003,967.872,60.0,1120.585,33.937000000000126,1459.948,101.80899999999997,1692.31,60.0,0.35317270979351867,0.6245708746423095,0.5341048196927126,0.6468272902064813,0.3754291253576905,1
Geophysical_model702,/home/lyara/areswave/models/Geophysical_model702.nd,nd,UNK,,,916.728,60.0,900.0,193.447,916.728,60.0,1117.459,33.455999999999904,1485.467,83.63800000000015,1683.6,60.0,0.1638798978353655,0.7217944162040516,0.5358229100811562,0.8361201021646345,0.2782055837959484,1
Geophysical_model318,/home/lyara/areswave/models/Geophysical_model318.nd,nd,UNK,,,983.209,60.0,878.051,197.538,983.209,60.0,1116.342,16.641999999999825,1465.818,116.49200000000019,1680.489,60.0,0.22133839164304148,0.6946126575175311,0.5368545688927012,0.7786616083569585,0.30538734248246885,1
Geophysical_model638,/home/lyara/areswave/models/Geophysical_model638.nd,nd,UNK,,,916.693,60.0,877.71,178.31899999999996,916.693,60.0,1117.015,33.386000000000195,1484.271,83.46699999999987,1682.363,60.0,0.574766752246421,0.5181621144148891,0.5370303270253998,0.42523324775357896,0.48183788558511087,1
Geophysical_model337,/home/lyara/areswave/models/Geophysical_model337.nd,nd,UNK,,,967.872,60.0,900.0,180.90700000000004,967.872,60.0,1120.585,33.937000000000126,1459.948,101.80899999999997,1692.31,60.0,0.23998955043524972,0.6863563234353915,0.537567399102011,0.7600104495647503,0.31364367656460845,1
Geophysical_model141,/home/lyara/areswave/models/Geophysical_model141.nd,nd,UNK,,,1098.572,60.0,877.483,180.13199999999995,1098.572,60.0,1115.12,16.548000000000002,1446.074,99.28600000000006,1677.084,60.0,0.1682895455465837,0.7222324192880458,0.5375847947075584,0.8317104544534163,0.2777675807119542,1
Geophysical_model528,/home/lyara/areswave/models/Geophysical_model528.nd,nd,UNK,,,933.804,60.0,900.0,181.16899999999998,933.804,60.0,1119.729,33.80400000000009,1491.578,84.51099999999997,1689.924,60.0,0.30930429479168686,0.6523423036147682,0.537996300673741,0.6906957052083131,0.34765769638523175,1
Geophysical_model230,/home/lyara/areswave/models/Geophysical_model230.nd,nd,UNK,,,949.483,60.0,900.0,193.52599999999995,949.483,60.0,1114.426,16.494000000000142,1460.805,98.9659999999999,1675.15,60.0,0.19228378365700471,0.7118312118728567,0.5386487358009061,0.8077162163429953,0.2881687881271433,1
Geophysical_model653,/home/lyara/areswave/models/Geophysical_model653.nd,nd,UNK,,,916.721,60.0,875.849,193.20899999999995,916.721,60.0,1117.378,33.442999999999984,1485.25,83.60799999999995,1683.376,60.0,0.1872346794173183,0.7155300709674779,0.5394316071174247,0.8127653205826817,0.28446992903252205,1
Geophysical_model81,/home/lyara/areswave/models/Geophysical_model81.nd,nd,UNK,,,950.269,60.0,900.0,194.50800000000004,950.269,60.0,1117.834,33.51299999999992,1452.962,117.29499999999985,1684.644,60.0,0.2267553333638207,0.6964830284882648,0.5399071301134502,0.7732446666361793,0.3035169715117352,1
Geophysical_model506,/home/lyara/areswave/models/Geophysical_model506.nd,nd,UNK,,,1086.703,60.0,900.0,21.099000000000046,1086.703,60.0,1103.676,16.972999999999956,1460.108,118.81000000000017,1692.486,60.0,0.2399584036935144,0.6901760322617787,0.5401034894056905,0.7600415963064856,0.30982396773822135,1
Geophysical_model272,/home/lyara/areswave/models/Geophysical_model272.nd,nd,UNK,,,949.973,60.0,900.0,197.75400000000002,949.973,60.0,1116.548,16.656999999999925,1449.698,99.94499999999994,1681.061,60.0,0.2673576319705342,0.6769894293373906,0.5404454968817718,0.7326423680294658,0.32301057066260935,1
Geophysical_model288,/home/lyara/areswave/models/Geophysical_model288.nd,nd,UNK,,,949.52,60.0,900.0,193.24900000000002,949.52,60.0,1114.585,16.507000000000062,1461.223,99.03999999999996,1675.595,60.0,0.3397442266576436,0.6409445022468492,0.5405444103837806,0.6602557733423564,0.35905549775315077,1
Geophysical_model542,/home/lyara/areswave/models/Geophysical_model542.nd,nd,UNK,,,1088.045,60.0,900.0,20.70399999999995,1088.045,60.0,1105.14,17.0949999999998,1464.136,119.66499999999996,1696.906,60.0,0.43525723598193466,0.594228879018748,0.5412383313398103,0.5647427640180653,0.405771120981252,1
Geophysical_model949,/home/lyara/areswave/models/Geophysical_model949.nd,nd,UNK,,,916.648,60.0,877.517,179.86599999999999,916.648,60.0,1116.419,16.64799999999991,1499.315,99.88499999999999,1680.704,60.0,0.22855603756544263,0.698344270555175,0.5417481928919309,0.7714439624345574,0.30165572944482505,1
Geophysical_model891,/home/lyara/areswave/models/Geophysical_model891.nd,nd,UNK,,,933.072,60.0,900.0,199.226,933.072,60.0,1114.966,16.536000000000058,1495.291,82.67899999999986,1676.656,60.0,0.1430576126849562,0.7411401967092044,0.5417793353677883,0.8569423873150438,0.25885980329079566,1
Geophysical_model255,/home/lyara/areswave/models/Geophysical_model255.nd,nd,UNK,,,1017.871,60.0,900.0,185.688,1017.871,60.0,1135.742,16.838999999999942,1489.354,84.19299999999998,1687.623,60.0,0.4617091471656285,0.5822487627961959,0.5420688909193401,0.5382908528343715,0.4177512372038042,1
CD_model75,/home/lyara/areswave/models/CD_model75.nd,nd,UNK,,,,60.0,,60.0,,60.0,,60.0,,60.0,,60.0,0.46029719358016474,0.5835257567586813,0.5424495690325092,0.5397028064198353,0.4164742432413187,1
Geophysical_model962,/home/lyara/areswave/models/Geophysical_model962.nd,nd,UNK,,,1085.282,60.0,900.0,29.508000000000038,1085.282,60.0,1102.126,16.84400000000005,1455.847,101.0630000000001,1687.809,60.0,0.2969433002732844,0.666435523981718,0.5432714494122401,0.7030566997267156,0.333564476018282,1
Geophysical_model930,/home/lyara/areswave/models/Geophysical_model930.nd,nd,UNK,,,1085.282,60.0,900.0,29.508000000000038,1085.282,60.0,1102.126,16.84400000000005,1455.847,101.0630000000001,1687.809,60.0,0.2969433002732844,0.666435523981718,0.5432714494122401,0.7030566997267156,0.333564476018282,1
Geophysical_model465,/home/lyara/areswave/models/Geophysical_model465.nd,nd,UNK,,,982.905,60.0,859.324,183.043,982.905,60.0,1115.552,16.58100000000013,1463.752,116.06700000000001,1678.288,60.0,0.278576171851597,0.6782225865615612,0.5450071149915732,0.721423828148403,0.32177741343843885,1
Geophysical_model10,/home/lyara/areswave/models/Geophysical_model10.nd,nd,UNK,,,983.111,60.0,878.833,190.50300000000004,983.111,60.0,1116.088,16.62200000000007,1465.153,116.35500000000002,1679.781,60.0,0.19166399295033065,0.7222987769458125,0.5454205156139852,0.8083360070496693,0.27770122305418754,1
Geophysical_model235,/home/lyara/areswave/models/Geophysical_model235.nd,nd,UNK,,,916.874,60.0,900.0,181.13800000000003,916.874,60.0,1102.492,16.874000000000024,1439.978,101.2460000000001,1688.913,60.0,0.11759328707246608,0.759340648431347,0.54542486131172,0.8824067129275339,0.24065935156865303,1
Geophysical_model968,/home/lyara/areswave/models/Geophysical_model968.nd,nd,UNK,,,949.898,60.0,900.0,182.37599999999998,949.898,60.0,1132.856,33.2650000000001,1498.773,83.16300000000001,1680.159,60.0,0.2734391128469984,0.6818481570409954,0.5457118089763298,0.7265608871530016,0.31815184295900456,1
Geophysical_model565,/home/lyara/areswave/models/Geophysical_model565.nd,nd,UNK,,,949.898,60.0,900.0,182.37599999999998,949.898,60.0,1132.856,33.2650000000001,1498.773,83.16300000000001,1680.159,60.0,0.2734391128469984,0.6818481570409954,0.5457118089763298,0.7265608871530016,0.31815184295900456,1
Geophysical_model966,/home/lyara/areswave/models/Geophysical_model966.nd,nd,UNK,,,950.781,60.0,900.0,183.639,950.781,60.0,1136.977,33.85400000000004,1492.442,67.70700000000011,1690.818,60.0,0.20334246315208748,0.7192285878713752,0.5472665462982793,0.7966575368479125,0.2807714121286248,1
ceylan,/home/lyara/areswave/models/ceylan.nd,nd,UNK,,,1086.523,60.0,887.59,24.865999999999985,1086.523,60.0,1285.455,24.866999999999962,1360.055,74.60000000000014,1666.648,60.0,0.13243695259743482,0.7560280888777922,0.5481643767843397,0.8675630474025652,0.24397191112220779,1
Geophysical_model252,/home/lyara/areswave/models/Geophysical_model252.nd,nd,UNK,,,950.33,60.0,900.0,194.29100000000005,950.33,60.0,1118.099,33.55300000000011,1453.635,117.4380000000001,1685.382,60.0,0.15936878986738667,0.7433287911581492,0.5486754573945617,0.8406312101326133,0.2566712088418508,1
Geophysical_model923,/home/lyara/areswave/models/Geophysical_model923.nd,nd,UNK,,,933.343,60.0,900.0,180.43899999999996,933.343,60.0,1116.73,33.343000000000075,1483.505,83.35800000000017,1681.57,60.0,0.27661554447706904,0.6850410693790874,0.5488992277450813,0.723384455522931,0.31495893062091257,1
Geophysical_model203,/home/lyara/areswave/models/Geophysical_model203.nd,nd,UNK,,,1047.171,60.0,900.0,194.52300000000002,1047.171,60.0,1145.284,32.70400000000018,1488.683,65.4090000000001,1670.008,60.0,0.36342375640959235,0.6416617618738634,0.5489157600524397,0.6365762435904077,0.3583382381261366,1
Geophysical_model189,/home/lyara/areswave/models/Geophysical_model189.nd,nd,UNK,,,1047.171,60.0,900.0,194.52300000000002,1047.171,60.0,1145.284,32.70400000000018,1488.683,65.4090000000001,1670.008,60.0,0.36342375640959235,0.6416617618738634,0.5489157600524397,0.6365762435904077,0.3583382381261366,1
Geophysical_model196,/home/lyara/areswave/models/Geophysical_model196.nd,nd,UNK,,,1047.171,60.0,900.0,194.52300000000002,1047.171,60.0,1145.284,32.70400000000018,1488.683,65.4090000000001,1670.008,60.0,0.36342375640959235,0.6416617618738634,0.5489157600524397,0.6365762435904077,0.3583382381261366,1
Geophysical_model846,/home/lyara/areswave/models/Geophysical_model846.nd,nd,UNK,,,916.714,60.0,900.0,188.96900000000005,916.714,60.0,1117.284,33.42800000000011,1468.281,83.57100000000014,1683.113,60.0,0.27926812440440185,0.6840410215634002,0.5491167225104007,0.7207318755955981,0.3159589784365998,1
Geophysical_model38,/home/lyara/areswave/models/Geophysical_model38.nd,nd,UNK,,,1033.254,60.0,900.0,187.68200000000002,1033.254,60.0,1133.195,33.3130000000001,1482.987,83.28300000000013,1681.034,60.0,0.41765514324638664,0.6148910534434593,0.5491457500444351,0.5823448567536134,0.38510894655654065,1
Geophysical_model872,/home/lyara/areswave/models/Geophysical_model872.nd,nd,UNK,,,916.706,60.0,876.388,188.89300000000003,916.706,60.0,1117.178,33.412000000000035,1484.711,83.52999999999997,1682.818,60.0,0.27731096396134025,0.6865803659851923,0.5501572319772416,0.7226890360386597,0.3134196340148077,1
Geophysical_model274,/home/lyara/areswave/models/Geophysical_model274.nd,nd,UNK,,,1032.808,60.0,900.0,180.65800000000002,1032.808,60.0,1132.413,33.200999999999794,1481.034,83.00499999999988,1679.013,60.0,0.4862278317183283,0.5821785347946085,0.5501949671025151,0.5137721682816717,0.4178214652053915,1
Geophysical_model52,/home/lyara/areswave/models/Geophysical_model52.nd,nd,UNK,,,983.376,60.0,879.036,188.678,983.376,60.0,1116.777,33.34999999999991,1483.63,100.05100000000016,1681.7,60.0,0.25397858015255614,0.6990549306963877,0.5506961471817772,0.7460214198474439,0.3009450693036123,1
Geophysical_model182,/home/lyara/areswave/models/Geophysical_model182.nd,nd,UNK,,,1099.994,60.0,900.0,180.69000000000005,1099.994,60.0,1116.66,16.66599999999994,1449.983,99.99699999999984,1681.374,60.0,0.17271757625840511,0.739733900523918,0.5507284591020803,0.8272824237415949,0.26026609947608204,1
Geophysical_model175,/home/lyara/areswave/models/Geophysical_model175.nd,nd,UNK,,,949.72,60.0,900.0,186.75400000000002,949.72,60.0,1115.452,16.573000000000093,1463.49,99.44000000000005,1678.009,60.0,0.19741470118873128,0.7273856706927313,0.5507286808580646,0.8025852988112687,0.27261432930726864,1
Geophysical_model967,/home/lyara/areswave/models/Geophysical_model967.nd,nd,UNK,,,916.672,60.0,877.4,180.79700000000003,916.672,60.0,1116.741,33.34500000000003,1483.532,83.36199999999985,1681.599,60.0,0.23609571124428086,0.7098520418892245,0.5519332650075767,0.7639042887557191,0.2901479581107756,1
Geophysical_model541,/home/lyara/areswave/models/Geophysical_model541.nd,nd,UNK,,,916.672,60.0,900.0,180.16999999999996,916.672,60.0,1116.741,33.34500000000003,1483.532,83.36199999999985,1681.599,60.0,0.26886605280658604,0.6939257143769552,0.5522391605201654,0.731133947193414,0.30607428562304484,1
Geophysical_model841,/home/lyara/areswave/models/Geophysical_model841.nd,nd,UNK,,,916.723,60.0,877.735,178.11699999999996,916.723,60.0,1117.396,33.44599999999991,1485.297,83.61400000000003,1683.425,60.0,0.3752288988871896,0.6412103885331458,0.5525498919844938,0.6247711011128104,0.3587896114668542,1
Geophysical_model61,/home/lyara/areswave/models/Geophysical_model61.nd,nd,UNK,,,982.649,60.0,900.0,184.15300000000002,982.649,60.0,1114.887,16.529999999999973,1462.012,115.70799999999986,1676.435,60.0,0.19705004206214594,0.7307751077112833,0.5528667524949041,0.8029499579378541,0.2692248922887167,1
Geophysical_model822,/home/lyara/areswave/models/Geophysical_model822.nd,nd,UNK,,,933.261,60.0,876.904,184.765,933.261,60.0,1116.199,16.630999999999858,1482.075,99.78399999999988,1680.091,60.0,0.35625134932597424,0.6515032127808102,0.5530859249625316,0.6437486506740258,0.34849678721918975,1
Geophysical_model971,/home/lyara/areswave/models/Geophysical_model971.nd,nd,UNK,,,1099.979,60.0,900.0,22.013000000000034,1099.979,60.0,1116.644,16.664999999999964,1466.608,116.6550000000002,1681.33,60.0,0.21228288028236897,0.72502596173737,0.5541116012523696,0.787717119717631,0.27497403826263,1
Geophysical_model25,/home/lyara/areswave/models/Geophysical_model25.nd,nd,UNK,,,983.376,60.0,879.05,188.54600000000005,983.376,60.0,1116.777,33.34999999999991,1466.955,100.05100000000016,1681.7,60.0,0.145737979911719,0.7583849752868019,0.5541693101617743,0.854262020088281,0.24161502471319807,1
Geophysical_model349,/home/lyara/areswave/models/Geophysical_model349.nd,nd,UNK,,,983.203,60.0,878.832,190.51300000000003,983.203,60.0,1116.329,16.6400000000001,1465.783,99.84400000000005,1680.452,60.0,0.3307511495537584,0.6667266354638557,0.5547348068271566,0.6692488504462416,0.33327336453614426,1
Geophysical_model264,/home/lyara/areswave/models/Geophysical_model264.nd,nd,UNK,,,966.81,60.0,900.0,179.33100000000002,966.81,60.0,1117.132,33.40499999999997,1451.182,100.21499999999992,1682.69,60.0,0.31448820287833246,0.674944886525577,0.5547926586431622,0.6855117971216675,0.32505511347442295,1
Geophysical_model605,/home/lyara/areswave/models/Geophysical_model605.nd,nd,UNK,,,916.648,60.0,900.0,180.15800000000002,916.648,60.0,1116.419,16.64799999999991,1499.315,99.88499999999999,1680.704,60.0,0.27139055913228394,0.6966331285689729,0.5548856054234098,0.7286094408677161,0.3033668714310272,1
Geophysical_model604,/home/lyara/areswave/models/Geophysical_model604.nd,nd,UNK,,,900.0,60.0,900.0,180.015,900.0,60.0,1118.266,33.57899999999995,1487.638,100.73799999999983,1685.847,60.0,0.4142715236691099,0.6259960480894293,0.5554212066159895,0.5857284763308901,0.3740039519105707,1
Geophysical_model68,/home/lyara/areswave/models/Geophysical_model68.nd,nd,UNK,,,933.76,60.0,900.0,182.039,933.76,60.0,1102.557,16.87999999999988,1440.153,101.27800000000002,1689.11,60.0,0.21635152602265606,0.7257270493373249,0.5559352082324353,0.7836484739773439,0.27427295066267515,1
Geophysical_model798,/home/lyara/areswave/models/Geophysical_model798.nd,nd,UNK,,,916.723,60.0,877.548,179.61400000000003,916.723,60.0,1117.396,33.44599999999991,1485.297,83.61400000000003,1683.425,60.0,0.3189175796570909,0.675207680853991,0.5564443137883576,0.6810824203429091,0.32479231914600903,1
Geophysical_model225,/home/lyara/areswave/models/Geophysical_model225.nd,nd,UNK,,,983.376,60.0,900.0,189.029,983.376,60.0,1116.777,33.34999999999991,1483.63,100.05100000000016,1681.7,60.0,0.16977765732100492,0.7505062570879937,0.5569300571656641,0.8302223426789951,0.24949374291200635,1
Geophysical_model163,/home/lyara/areswave/models/Geophysical_model163.nd,nd,UNK,,,967.551,60.0,900.0,181.75800000000004,967.551,60.0,1119.539,33.774999999999864,1457.292,118.21299999999997,1689.395,60.0,0.40797067346983806,0.6329082339389946,0.5579290471159425,0.5920293265301619,0.3670917660610054,1
Geophysical_model755,/home/lyara/areswave/models/Geophysical_model755.nd,nd,UNK,,,933.815,60.0,879.527,184.25300000000004,933.815,60.0,1119.798,33.81499999999983,1474.857,84.53699999999981,1690.116,60.0,0.22104814133344752,0.7264836036598682,0.558005116217728,0.7789518586665525,0.2735163963401318,1
Geophysical_model570,/home/lyara/areswave/models/Geophysical_model570.nd,nd,UNK,,,933.815,60.0,879.527,184.25300000000004,933.815,60.0,1119.798,33.81499999999983,1474.857,84.53699999999981,1690.116,60.0,0.22104814133344752,0.7264836036598682,0.558005116217728,0.7789518586665525,0.2735163963401318,1
Geophysical_model976,/home/lyara/areswave/models/Geophysical_model976.nd,nd,UNK,,,916.837,60.0,900.0,181.46799999999996,916.837,60.0,1118.884,33.67399999999998,1489.303,84.18600000000015,1687.57,60.0,0.42428972788806096,0.6249610487054691,0.5580706084329997,0.575710272111939,0.37503895129453096,1
CD_model81,/home/lyara/areswave/models/CD_model81.nd,nd,UNK,,,,60.0,,60.0,,60.0,,60.0,,60.0,,60.0,0.5001807653369836,0.5870749155022743,0.5581101987805107,0.4998192346630163,0.4129250844977257,1
Geophysical_model502,/home/lyara/areswave/models/Geophysical_model502.nd,nd,UNK,,,967.586,60.0,900.0,190.60799999999995,967.586,60.0,1136.55,33.79299999999989,1491.375,67.58600000000001,1689.713,60.0,0.1737941953113874,0.7505730248987642,0.5583134150363053,0.8262058046886126,0.24942697510123576,1
Geophysical_model944,/home/lyara/areswave/models/Geophysical_model944.nd,nd,UNK,,,950.91,60.0,900.0,184.519,950.91,60.0,1120.608,33.940000000000055,1493.945,84.84899999999993,1692.373,60.0,0.22980136789806715,0.7228532271604431,0.5585026074063179,0.7701986321019328,0.2771467728395569,1
Geophysical_model972,/home/lyara/areswave/models/Geophysical_model972.nd,nd,UNK,,,950.91,60.0,900.0,184.519,950.91,60.0,1120.608,33.940000000000055,1493.945,84.84899999999993,1692.373,60.0,0.22980136789806715,0.7228532271604431,0.5585026074063179,0.7701986321019328,0.2771467728395569,1
Geophysical_model840,/home/lyara/areswave/models/Geophysical_model840.nd,nd,UNK,,,950.057,60.0,900.0,178.01199999999994,950.057,60.0,1133.601,33.371000000000095,1484.001,66.74299999999994,1682.084,60.0,0.39076227483194703,0.642584465167297,0.5586437350555137,0.609237725168053,0.35741553483270305,1
Geophysical_model817,/home/lyara/areswave/models/Geophysical_model817.nd,nd,UNK,,,950.91,60.0,900.0,185.16499999999996,950.91,60.0,1120.608,33.940000000000055,1476.975,84.84899999999993,1692.373,60.0,0.26070214999950914,0.7083801774625997,0.5591541683082362,0.7392978500004909,0.2916198225374003,1
CD_model83,/home/lyara/areswave/models/CD_model83.nd,nd,UNK,,,,60.0,,60.0,,60.0,,60.0,,60.0,,60.0,0.38375146295194706,0.646977156104765,0.559235258387159,0.6162485370480529,0.35302284389523503,1
Geophysical_model584,/home/lyara/areswave/models/Geophysical_model584.nd,nd,UNK,,,916.701,60.0,877.696,178.433,916.701,60.0,1117.112,33.402000000000044,1484.532,83.5039999999999,1682.633,60.0,0.21795519983659262,0.7310572992033593,0.5600232660811036,0.7820448001634074,0.2689427007966407,1
Geophysical_model780,/home/lyara/areswave/models/Geophysical_model780.nd,nd,UNK,,,916.707,60.0,875.814,193.485,916.707,60.0,1117.197,33.414999999999964,1484.761,83.53800000000001,1682.87,60.0,0.1884950942437177,0.7460046445899293,0.5601681278078589,0.8115049057562823,0.2539953554100706,1
Geophysical_model569,/home/lyara/areswave/models/Geophysical_model569.nd,nd,UNK,,,916.707,60.0,875.814,193.485,916.707,60.0,1117.197,33.414999999999964,1484.761,83.53800000000001,1682.87,60.0,0.1884950942437177,0.7460046445899293,0.5601681278078589,0.8115049057562823,0.2539953554100706,1
Geophysical_model205,/home/lyara/areswave/models/Geophysical_model205.nd,nd,UNK,,,965.752,60.0,900.0,182.01,965.752,60.0,1113.693,16.437000000000126,1458.888,115.06499999999983,1673.108,60.0,0.3169276342610262,0.6828139603826073,0.5608518516754136,0.6830723657389738,0.31718603961739267,1
Geophysical_model498,/home/lyara/areswave/models/Geophysical_model498.nd,nd,UNK,,,1016.295,60.0,900.0,198.36800000000005,1016.295,60.0,1132.589,33.22699999999986,1498.087,99.68200000000002,1679.468,60.0,0.17341923110946889,0.7556569758039191,0.5615777275724357,0.8265807688905311,0.24434302419608095,1
Geophysical_model364,/home/lyara/areswave/models/Geophysical_model364.nd,nd,UNK,,,1016.295,60.0,900.0,198.36800000000005,1016.295,60.0,1132.589,33.22699999999986,1498.087,99.68200000000002,1679.468,60.0,0.17341923110946889,0.7556569758039191,0.5615777275724357,0.8265807688905311,0.24434302419608095,1
Geophysical_model313,/home/lyara/areswave/models/Geophysical_model313.nd,nd,UNK,,,1016.295,60.0,900.0,198.36800000000005,1016.295,60.0,1132.589,33.22699999999986,1498.087,99.68200000000002,1679.468,60.0,0.17341923110946889,0.7556569758039191,0.5615777275724357,0.8265807688905311,0.24434302419608095,1
Geophysical_model351,/home/lyara/areswave/models/Geophysical_model351.nd,nd,UNK,,,916.856,60.0,900.0,181.22000000000003,916.856,60.0,1102.271,16.855999999999995,1439.389,101.13499999999999,1688.246,60.0,0.3799554310758776,0.6532521431664144,0.5621532391362355,0.6200445689241224,0.34674785683358555,1
Geophysical_model220,/home/lyara/areswave/models/Geophysical_model220.nd,nd,UNK,,,982.959,60.0,900.0,190.42999999999995,982.959,60.0,1115.693,16.5920000000001,1464.12,116.14300000000003,1678.681,60.0,0.1752918028733591,0.7557420607797988,0.5622586414776523,0.8247081971266409,0.2442579392202012,1
Geophysical_model447,/home/lyara/areswave/models/Geophysical_model447.nd,nd,UNK,,,1099.994,60.0,900.0,180.50199999999995,1099.994,60.0,1116.66,16.66599999999994,1449.983,99.99699999999984,1681.374,60.0,0.2276750547704366,0.7297128103345432,0.5623668918131743,0.7723249452295634,0.2702871896654569,1
Geophysical_model346,/home/lyara/areswave/models/Geophysical_model346.nd,nd,UNK,,,967.494,60.0,900.0,192.86699999999996,967.494,60.0,1119.357,33.74700000000007,1456.828,118.11599999999999,1688.886,60.0,0.31109029990108605,0.6883774538767296,0.5626150692181817,0.688909700098914,0.31162254612327045,1
Geophysical_model242,/home/lyara/areswave/models/Geophysical_model242.nd,nd,UNK,,,967.494,60.0,900.0,192.86699999999996,967.494,60.0,1119.357,33.74700000000007,1456.828,118.11599999999999,1688.886,60.0,0.31109029990108605,0.6883774538767296,0.5626150692181817,0.688909700098914,0.31162254612327045,1
AK_model_14,/home/lyara/areswave/models/AK_model_14.nd,nd,UNK,,,1026.729,60.0,807.065,24.406999999999925,1026.729,60.0,1270.801,97.62900000000013,1319.615,24.406999999999925,1671.438,60.0,0.5011585593455454,0.5941668352852306,0.5631640766386689,0.4988414406544546,0.4058331647147694,1
CD_model57,/home/lyara/areswave/models/CD_model57.nd,nd,UNK,,,,60.0,,60.0,,60.0,,60.0,,60.0,,60.0,0.45204718607771577,0.6191639006478696,0.563458329124485,0.5479528139222842,0.38083609935213036,1
Geophysical_model124,/home/lyara/areswave/models/Geophysical_model124.nd,nd,UNK,,,966.637,60.0,900.0,190.476,966.637,60.0,1116.57,16.660000000000082,1466.415,99.95600000000013,1681.124,60.0,0.3130410730233717,0.6896292328819871,0.5640998462624486,0.6869589269766283,0.31037076711801287,1
Geophysical_model885,/home/lyara/areswave/models/Geophysical_model885.nd,nd,UNK,,,916.648,60.0,900.0,180.37900000000002,916.648,60.0,1116.419,16.64799999999991,1499.315,99.88499999999999,1680.704,60.0,0.3966602883769236,0.6485003165175873,0.5645536404706993,0.6033397116230764,0.3514996834824126,1
Geophysical_model757,/home/lyara/areswave/models/Geophysical_model757.nd,nd,UNK,,,916.648,60.0,900.0,180.37900000000002,916.648,60.0,1116.419,16.64799999999991,1499.315,99.88499999999999,1680.704,60.0,0.3966602883769236,0.6485003165175873,0.5645536404706993,0.6033397116230764,0.3514996834824126,1
Geophysical_model362,/home/lyara/areswave/models/Geophysical_model362.nd,nd,UNK,,,1001.068,60.0,900.0,188.04899999999998,1001.068,60.0,1135.824,33.68900000000008,1489.56,101.06700000000001,1687.836,60.0,0.3098683719049815,0.6932765637973579,0.5654738331665657,0.6901316280950185,0.3067234362026421,1
Geophysical_model400,/home/lyara/areswave/models/Geophysical_model400.nd,nd,UNK,,,949.523,60.0,900.0,191.149,949.523,60.0,1114.598,16.507000000000062,1461.256,99.04499999999985,1675.63,60.0,0.1937960180604238,0.7517846826459197,0.5657884611174211,0.8062039819395762,0.24821531735408034,1
Geophysical_model511,/home/lyara/areswave/models/Geophysical_model511.nd,nd,UNK,,,900.0,60.0,900.0,179.82000000000005,900.0,60.0,1118.724,33.65000000000009,1488.873,100.94900000000007,1687.125,60.0,0.2983630808515636,0.699580710328886,0.5658415005031119,0.7016369191484364,0.30041928967111403,1
Geophysical_model188,/home/lyara/areswave/models/Geophysical_model188.nd,nd,UNK,,,967.494,60.0,900.0,188.938,967.494,60.0,1119.357,33.74700000000007,1456.828,118.11599999999999,1688.886,60.0,0.1907784095708771,0.75371216563583,0.5660675802808457,0.8092215904291229,0.24628783436416998,1
Geophysical_model999,/home/lyara/areswave/models/Geophysical_model999.nd,nd,UNK,,,1086.489,60.0,900.0,21.298999999999978,1086.489,60.0,1103.443,16.952999999999975,1459.467,118.67499999999995,1691.782,60.0,0.4926795295769558,0.60309784358367,0.5662917389147654,0.5073204704230442,0.3969021564163299,1
CD_model28,/home/lyara/areswave/models/CD_model28.nd,nd,UNK,,,,60.0,,60.0,,60.0,,60.0,,60.0,,60.0,0.8573067834754315,0.4212941171617959,0.5666316725996744,0.14269321652456846,0.5787058828382041,1
Geophysical_model263,/home/lyara/areswave/models/Geophysical_model263.nd,nd,UNK,,,950.857,60.0,900.0,199.14499999999998,950.857,60.0,1120.38,33.903999999999996,1459.426,101.71299999999997,1691.737,60.0,0.1663309010839099,0.767360665579855,0.5670174107478734,0.8336690989160901,0.23263933442014495,1
Geophysical_model278,/home/lyara/areswave/models/Geophysical_model278.nd,nd,UNK,,,950.857,60.0,900.0,199.14499999999998,950.857,60.0,1120.38,33.903999999999996,1459.426,101.71299999999997,1691.737,60.0,0.1663309010839099,0.767360665579855,0.5670174107478734,0.8336690989160901,0.23263933442014495,1
Geophysical_model414,/home/lyara/areswave/models/Geophysical_model414.nd,nd,UNK,,,950.857,60.0,900.0,199.14499999999998,950.857,60.0,1120.38,33.903999999999996,1459.426,101.71299999999997,1691.737,60.0,0.1663309010839099,0.767360665579855,0.5670174107478734,0.8336690989160901,0.23263933442014495,1
CD_model31,/home/lyara/areswave/models/CD_model31.nd,nd,UNK,,,,60.0,,60.0,,60.0,,60.0,,60.0,,60.0,0.35013419199918216,0.675604261821213,0.5671142385472027,0.6498658080008178,0.32439573817878703,1
Geophysical_model97,/home/lyara/areswave/models/Geophysical_model97.nd,nd,UNK,,,983.19,60.0,878.419,194.22500000000002,983.19,60.0,1116.294,16.63799999999992,1465.692,116.46600000000012,1680.354,60.0,0.1884360954539258,0.7566131390593301,0.567220791190862,0.8115639045460742,0.24338686094066989,1
CD_model44,/home/lyara/areswave/models/CD_model44.nd,nd,UNK,,,,60.0,,60.0,,60.0,,60.0,,60.0,,60.0,0.3451933462668716,0.678353135284447,0.5672998722785886,0.6548066537331284,0.321646864715553,1
CD_model78,/home/lyara/areswave/models/CD_model78.nd,nd,UNK,,,,60.0,,60.0,,60.0,,60.0,,60.0,,60.0,0.5225269229344573,0.5898737086834217,0.5674247801004336,0.4774730770655427,0.4101262913165783,1
Geophysical_model663,/home/lyara/areswave/models/Geophysical_model663.nd,nd,UNK,,,900.0,60.0,900.0,180.98299999999995,900.0,60.0,1119.116,33.710000000000036,1473.072,101.13099999999986,1688.215,60.0,0.20064357999414983,0.7510919217474781,0.5676091411630354,0.7993564200058502,0.24890807825252187,1
AK_model_89,/home/lyara/areswave/models/AK_model_89.nd,nd,UNK,,,1067.757,60.0,799.181,26.85699999999997,1067.757,60.0,1282.617,26.85699999999997,1336.333,53.715000000000146,1707.44,60.0,0.22162710503774774,0.7406388986712971,0.5676349674601139,0.7783728949622523,0.25936110132870294,1
Geophysical_model388,/home/lyara/areswave/models/Geophysical_model388.nd,nd,UNK,,,950.857,60.0,900.0,180.539,950.857,60.0,1120.38,33.903999999999996,1459.426,101.71299999999997,1691.737,60.0,0.4069435985794372,0.648350812932414,0.5678817414814218,0.5930564014205628,0.3516491870675859,1
Geophysical_model855,/home/lyara/areswave/models/Geophysical_model855.nd,nd,UNK,,,916.736,60.0,875.945,192.44100000000003,916.736,60.0,1117.572,33.47199999999998,1469.034,83.68100000000004,1683.914,60.0,0.39695226932325234,0.6538429397763383,0.5682127162919763,0.6030477306767477,0.34615706022366166,1
Geophysical_model589,/home/lyara/areswave/models/Geophysical_model589.nd,nd,UNK,,,1086.489,60.0,900.0,21.26400000000001,1086.489,60.0,1103.443,16.952999999999975,1459.467,118.67499999999995,1691.782,60.0,0.24343670926800343,0.7309197373140344,0.568425394632024,0.7565632907319966,0.2690802626859657,1
AK_model_93,/home/lyara/areswave/models/AK_model_93.nd,nd,UNK,,,1064.542,60.0,770.65,26.718000000000075,1064.542,60.0,1278.281,26.71699999999987,1331.716,53.434999999999945,1701.982,60.0,0.2455333683265205,0.730153125484404,0.5686132064317762,0.7544666316734795,0.2698468745155959,1
CD_model76,/home/lyara/areswave/models/CD_model76.nd,nd,UNK,,,,60.0,,60.0,,60.0,,60.0,,60.0,,60.0,0.6998582582562665,0.5035329535513506,0.5689747217863226,0.3001417417437335,0.4964670464486493,1
Geophysical_model745,/home/lyara/areswave/models/Geophysical_model745.nd,nd,UNK,,,916.716,60.0,875.992,192.06399999999996,916.716,60.0,1117.309,33.432000000000016,1451.63,83.57999999999993,1683.182,60.0,0.38430524593916227,0.6615007567614,0.5691022531539874,0.6156947540608377,0.3384992432386001,1
Geophysical_model851,/home/lyara/areswave/models/Geophysical_model851.nd,nd,UNK,,,916.576,60.0,877.831,199.52099999999996,916.576,60.0,1115.491,16.576000000000022,1496.743,99.45699999999988,1678.117,60.0,0.23597433979848836,0.7357525792285828,0.5691598327518846,0.7640256602015116,0.26424742077141716,1
Geophysical_model236,/home/lyara/areswave/models/Geophysical_model236.nd,nd,UNK,,,933.558,60.0,900.0,195.82000000000005,933.558,60.0,1101.346,16.778999999999996,1436.922,117.452,1685.455,60.0,0.39350893976672874,0.6579035596875595,0.5697720197139492,0.6064910602332713,0.3420964403124404,1
Geophysical_model134,/home/lyara/areswave/models/Geophysical_model134.nd,nd,UNK,,,982.649,60.0,876.764,185.889,982.649,60.0,1114.887,16.529999999999973,1462.012,115.70799999999986,1676.435,60.0,0.14369654437770107,0.7830767145894761,0.5699499911855511,0.8563034556222989,0.2169232854105238,1
Geophysical_model266,/home/lyara/areswave/models/Geophysical_model266.nd,nd,UNK,,,949.973,60.0,900.0,197.60500000000002,949.973,60.0,1116.548,16.656999999999925,1449.698,99.94499999999994,1681.061,60.0,0.14543678552106776,0.7827312457675557,0.5702997590187264,0.8545632144789322,0.21726875423244427,1
Geophysical_model641,/home/lyara/areswave/models/Geophysical_model641.nd,nd,UNK,,,916.669,60.0,877.464,180.28499999999997,916.669,60.0,1116.699,33.337999999999965,1483.42,83.346,1681.482,60.0,0.17421505204079768,0.7683908188871378,0.5703322299383577,0.8257849479592023,0.23160918111286224,1
Geophysical_model937,/home/lyara/areswave/models/Geophysical_model937.nd,nd,UNK,,,916.589,60.0,878.454,193.918,916.589,60.0,1115.651,16.588999999999942,1497.188,99.53100000000018,1678.564,60.0,0.27378793845156424,0.7187850576173057,0.5704526845620586,0.7262120615484358,0.2812149423826943,1
Geophysical_model534,/home/lyara/areswave/models/Geophysical_model534.nd,nd,UNK,,,900.0,60.0,877.409,180.72699999999998,900.0,60.0,1118.976,33.68899999999985,1489.55,101.06600000000003,1687.825,60.0,0.22990038722013761,0.74085171146142,0.5705346033809926,0.7700996127798624,0.25914828853857996,1
Geophysical_model749,/home/lyara/areswave/models/Geophysical_model749.nd,nd,UNK,,,900.0,60.0,900.0,197.837,900.0,60.0,1104.246,17.019999999999982,1478.696,102.12300000000005,1694.206,60.0,0.4230580385555519,0.6443356478997024,0.5705764447849856,0.5769419614444481,0.3556643521002976,1
Geophysical_model210,/home/lyara/areswave/models/Geophysical_model210.nd,nd,UNK,,,984.407,60.0,861.669,191.654,984.407,60.0,1119.457,33.76299999999992,1490.847,101.28800000000001,1689.167,60.0,0.6294793946807744,0.5423948330885554,0.5714230202859617,0.37052060531922565,0.4576051669114446,1
Geophysical_model385,/home/lyara/areswave/models/Geophysical_model385.nd,nd,UNK,,,999.801,60.0,900.0,191.803,999.801,60.0,1116.236,16.63299999999981,1498.807,99.80099999999993,1680.192,60.0,0.20845113608731547,0.7534208725193438,0.5717642937086677,0.7915488639126845,0.24657912748065627,1
Geophysical_model129,/home/lyara/areswave/models/Geophysical_model129.nd,nd,UNK,,,1099.26,60.0,900.0,178.923,1099.26,60.0,1115.865,16.605000000000018,1431.359,116.23399999999992,1679.159,60.0,0.19167901716074642,0.7626750713522439,0.5723430532884114,0.8083209828392536,0.23732492864775617,1
Geophysical_model53,/home/lyara/areswave/models/Geophysical_model53.nd,nd,UNK,,,966.508,60.0,900.0,193.79899999999998,966.508,60.0,1116.152,16.626999999999953,1465.32,99.76199999999994,1679.958,60.0,0.2794943479394574,0.7188842641432075,0.5724209587419574,0.7205056520605426,0.2811157358567925,1
Geophysical_model190,/home/lyara/areswave/models/Geophysical_model190.nd,nd,UNK,,,966.508,60.0,900.0,193.79899999999998,966.508,60.0,1116.152,16.626999999999953,1465.32,99.76199999999994,1679.958,60.0,0.2794943479394574,0.7188842641432075,0.5724209587419574,0.7205056520605426,0.2811157358567925,1
Geophysical_model208,/home/lyara/areswave/models/Geophysical_model208.nd,nd,UNK,,,966.508,60.0,900.0,193.79899999999998,966.508,60.0,1116.152,16.626999999999953,1465.32,99.76199999999994,1679.958,60.0,0.2794943479394574,0.7188842641432075,0.5724209587419574,0.7205056520605426,0.2811157358567925,1
MD_model34,/home/lyara/areswave/models/MD_model34.nd,nd,UNK,,,1024.891,60.0,743.373,194.89800000000002,1024.891,60.0,1295.582,21.6550000000002,1371.376,75.79299999999989,1635.565,60.0,0.3070664111053484,0.7050984349319582,0.5724210936564216,0.6929335888946516,0.2949015650680417,1
AK_model_11,/home/lyara/areswave/models/AK_model_11.nd,nd,UNK,,,1040.425,60.0,848.992,23.928999999999974,1040.425,60.0,1279.717,71.78800000000001,1303.646,23.929000000000087,1652.614,60.0,0.26893359584960563,0.7245285850516435,0.5726635886509642,0.7310664041503944,0.2754714149483565,1
Geophysical_model32,/home/lyara/areswave/models/Geophysical_model32.nd,nd,UNK,,,1032.98,60.0,900.0,182.25,1032.98,60.0,1132.715,33.24499999999989,1498.411,83.11300000000006,1679.794,60.0,0.20297611964813167,0.7575227312498733,0.5726738607159595,0.7970238803518683,0.24247726875012665,1
Geophysical_model194,/home/lyara/areswave/models/Geophysical_model194.nd,nd,UNK,,,1032.98,60.0,900.0,182.25,1032.98,60.0,1132.715,33.24499999999989,1498.411,83.11300000000006,1679.794,60.0,0.20297611964813167,0.7575227312498733,0.5726738607159595,0.7970238803518683,0.24247726875012665,1
Geophysical_model186,/home/lyara/areswave/models/Geophysical_model186.nd,nd,UNK,,,933.038,60.0,900.0,199.34000000000003,933.038,60.0,1114.745,16.519000000000005,1445.122,99.11300000000006,1676.04,60.0,0.21699140641262915,0.7514445194140982,0.5732934817469418,0.7830085935873708,0.2485554805859018,1
Geophysical_model858,/home/lyara/areswave/models/Geophysical_model858.nd,nd,UNK,,,933.805,60.0,900.0,184.51800000000003,933.805,60.0,1119.733,33.805000000000064,1491.589,84.51299999999992,1689.935,60.0,0.5840214837869819,0.5681171438916234,0.5734185905234096,0.4159785162130181,0.4318828561083766,1
Geophysical_model287,/home/lyara/areswave/models/Geophysical_model287.nd,nd,UNK,,,1001.133,60.0,861.705,191.47500000000002,1001.133,60.0,1119.121,33.71100000000001,1489.942,101.13300000000004,1688.231,60.0,0.6220801378797847,0.5492506976772824,0.5735271777447831,0.3779198621202154,0.45074930232271765,1
Geophysical_model469,/home/lyara/areswave/models/Geophysical_model469.nd,nd,UNK,,,966.552,60.0,900.0,195.293,966.552,60.0,1116.294,16.63799999999992,1465.692,99.82799999999997,1680.354,60.0,0.130284237541627,0.7957987770359993,0.5739605972045418,0.869715762458373,0.20420122296400067,1
Geophysical_model115,/home/lyara/areswave/models/Geophysical_model115.nd,nd,UNK,,,966.552,60.0,900.0,195.293,966.552,60.0,1116.294,16.63799999999992,1465.692,99.82799999999997,1680.354,60.0,0.130284237541627,0.7957987770359993,0.5739605972045418,0.869715762458373,0.20420122296400067,1
Geophysical_model270,/home/lyara/areswave/models/Geophysical_model270.nd,nd,UNK,,,1001.288,60.0,880.467,195.33399999999995,1001.288,60.0,1119.457,33.76299999999992,1490.847,101.28800000000001,1689.167,60.0,0.5923032248734934,0.5648378020141738,0.5739929429672803,0.40769677512650665,0.4351621979858263,1
Geophysical_model211,/home/lyara/areswave/models/Geophysical_model211.nd,nd,UNK,,,949.483,60.0,900.0,193.52599999999995,949.483,60.0,1114.426,16.494000000000142,1460.805,98.9659999999999,1675.15,60.0,0.1948375778041217,0.7640822629312802,0.5743340345555606,0.8051624221958783,0.2359177370687198,1
Geophysical_model12,/home/lyara/areswave/models/Geophysical_model12.nd,nd,UNK,,,949.483,60.0,900.0,193.52599999999995,949.483,60.0,1114.426,16.494000000000142,1460.805,98.9659999999999,1675.15,60.0,0.1948375778041217,0.7640822629312802,0.5743340345555606,0.8051624221958783,0.2359177370687198,1
Geophysical_model136,/home/lyara/areswave/models/Geophysical_model136.nd,nd,UNK,,,949.483,60.0,900.0,193.52599999999995,949.483,60.0,1114.426,16.494000000000142,1460.805,98.9659999999999,1675.15,60.0,0.1948375778041217,0.7640822629312802,0.5743340345555606,0.8051624221958783,0.2359177370687198,1
Geophysical_model878,/home/lyara/areswave/models/Geophysical_model878.nd,nd,UNK,,,916.648,60.0,900.0,180.38800000000003,916.648,60.0,1116.419,16.64799999999991,1499.315,99.88499999999999,1680.704,60.0,0.3687582844769429,0.6775891091246573,0.5746455009087525,0.6312417155230571,0.32241089087534275,1
Geophysical_model514,/home/lyara/areswave/models/Geophysical_model514.nd,nd,UNK,,,916.991,60.0,878.264,195.62300000000005,916.991,60.0,1120.887,33.98299999999995,1494.697,84.95699999999988,1693.151,60.0,0.2065735021363858,0.7593845624088531,0.5751142089846973,0.7934264978636142,0.24061543759114692,1
Geophysical_model553,/home/lyara/areswave/models/Geophysical_model553.nd,nd,UNK,,,900.0,60.0,900.0,178.562,900.0,60.0,1118.724,33.65000000000009,1472.049,100.94900000000007,1687.125,60.0,0.29796197178389416,0.7137356793994771,0.5751444435276162,0.7020380282161058,0.28626432060052287,1
MD_model69,/home/lyara/areswave/models/MD_model69.nd,nd,UNK,,,1009.071,60.0,829.529,10.561000000000035,1009.071,60.0,1135.807,137.29599999999982,1347.033,190.10400000000004,1617.331,60.0,0.7101890835565416,0.5081559586619548,0.5755003336268171,0.2898109164434584,0.4918440413380451,1
Geophysical_model279,/home/lyara/areswave/models/Geophysical_model279.nd,nd,UNK,,,966.81,60.0,900.0,178.02099999999996,966.81,60.0,1117.132,33.40499999999997,1484.587,100.21499999999992,1682.69,60.0,0.2181753946651227,0.7541944468424127,0.5755214294499827,0.7818246053348773,0.24580555315758734,1
AK_model_8,/home/lyara/areswave/models/AK_model_8.nd,nd,UNK,,,1058.295,60.0,876.798,25.927999999999997,1058.295,60.0,1291.649,77.78499999999985,1317.577,25.92800000000011,1682.257,60.0,0.3604182344490753,0.6831008827817122,0.5755400000041666,0.6395817655509247,0.31689911721828773,1
AK_model_82,/home/lyara/areswave/models/AK_model_82.nd,nd,UNK,,,1066.874,60.0,841.141,25.081000000000017,1066.874,60.0,1292.606,50.162000000000035,1342.769,50.16300000000001,1675.283,60.0,0.1368122888636597,0.7956703429468126,0.5760509915857616,0.8631877111363403,0.20432965705318742,1
Geophysical_model640,/home/lyara/areswave/models/Geophysical_model640.nd,nd,UNK,,,900.0,60.0,877.345,181.23800000000006,900.0,60.0,1119.204,33.72399999999993,1490.165,101.17100000000005,1688.461,60.0,0.4252299315194935,0.6516614409884969,0.5761842711654958,0.5747700684805065,0.3483385590115032,1
Geophysical_model281,/home/lyara/areswave/models/Geophysical_model281.nd,nd,UNK,,,999.737,60.0,878.076,197.31600000000003,999.737,60.0,1116.097,16.623000000000047,1465.176,99.73700000000008,1679.805,60.0,0.4078326379149575,0.6604909251863789,0.5762714960959051,0.5921673620850425,0.33950907481362114,1
Geophysical_model561,/home/lyara/areswave/models/Geophysical_model561.nd,nd,UNK,,,900.0,60.0,900.0,22.397000000000048,900.0,60.0,1101.621,16.801999999999907,1488.061,100.81099999999992,1686.284,60.0,0.2597722808044871,0.7350145326058959,0.5766004486720929,0.7402277191955129,0.2649854673941041,1
Geophysical_model93,/home/lyara/areswave/models/Geophysical_model93.nd,nd,UNK,,,967.494,60.0,900.0,192.45299999999997,967.494,60.0,1119.357,33.74700000000007,1456.828,118.11599999999999,1688.886,60.0,0.1753231234504944,0.7772783199034786,0.5766265877524839,0.8246768765495056,0.22272168009652135,1
Geophysical_model184,/home/lyara/areswave/models/Geophysical_model184.nd,nd,UNK,,,950.621,60.0,900.0,192.91899999999998,950.621,60.0,1119.357,33.74700000000007,1456.828,118.11599999999999,1688.886,60.0,0.26793787178057615,0.731004212649048,0.5766487656928908,0.7320621282194238,0.268995787350952,1
Geophysical_model217,/home/lyara/areswave/models/Geophysical_model217.nd,nd,UNK,,,1033.184,60.0,900.0,187.91999999999996,1033.184,60.0,1133.072,33.29500000000007,1499.327,83.24000000000001,1680.716,60.0,0.3654177564586403,0.6824665733878219,0.576783634411428,0.6345822435413597,0.3175334266121781,1
Geophysical_model428,/home/lyara/areswave/models/Geophysical_model428.nd,nd,UNK,,,966.066,60.0,900.0,192.77999999999997,966.066,60.0,1114.715,16.516000000000076,1461.562,99.09899999999993,1675.956,60.0,0.16108546732502882,0.7847505546337395,0.5768621921975027,0.8389145326749712,0.21524944536626048,1
Geophysical_model172,/home/lyara/areswave/models/Geophysical_model172.nd,nd,UNK,,,966.367,60.0,900.0,189.356,966.367,60.0,1115.693,16.5920000000001,1464.12,116.14300000000003,1678.681,60.0,0.22978484818345157,0.7510672313490843,0.57730643696054,0.7702151518165484,0.24893276865091568,1
Geophysical_model30,/home/lyara/areswave/models/Geophysical_model30.nd,nd,UNK,,,966.367,60.0,900.0,189.356,966.367,60.0,1115.693,16.5920000000001,1464.12,116.14300000000003,1678.681,60.0,0.22978484818345157,0.7510672313490843,0.57730643696054,0.7702151518165484,0.24893276865091568,1
Geophysical_model29,/home/lyara/areswave/models/Geophysical_model29.nd,nd,UNK,,,966.367,60.0,900.0,189.356,966.367,60.0,1115.693,16.5920000000001,1464.12,116.14300000000003,1678.681,60.0,0.22978484818345157,0.7510672313490843,0.57730643696054,0.7702151518165484,0.24893276865091568,1
Geophysical_model911,/home/lyara/areswave/models/Geophysical_model911.nd,nd,UNK,,,933.365,60.0,900.0,186.46000000000004,933.365,60.0,1116.871,33.36500000000001,1483.885,83.41200000000003,1681.963,60.0,0.22702448531995645,0.7529095638716026,0.5776145376877205,0.7729755146800436,0.24709043612839748,1
Geophysical_model13,/home/lyara/areswave/models/Geophysical_model13.nd,nd,UNK,,,1000.969,60.0,876.459,188.33000000000004,1000.969,60.0,1135.595,33.65599999999995,1488.989,100.97000000000003,1687.244,60.0,0.1913341749119054,0.7709790099937226,0.5777640649664502,0.8086658250880946,0.22902099000627735,1
Geophysical_model6,/home/lyara/areswave/models/Geophysical_model6.nd,nd,UNK,,,966.445,60.0,900.0,181.38099999999997,966.445,60.0,1115.945,16.611000000000104,1464.778,99.66700000000014,1679.382,60.0,0.2913043834321476,0.7212374121231089,0.5779264025594552,0.7086956165678524,0.27876258787689107,1
Geophysical_model635,/home/lyara/areswave/models/Geophysical_model635.nd,nd,UNK,,,916.706,60.0,900.0,188.09299999999996,916.706,60.0,1117.178,33.412000000000035,1484.711,83.52999999999997,1682.818,60.0,0.4858346583390615,0.624475946472824,0.5782621837615699,0.5141653416609385,0.375524053527176,1
Geophysical_model435,/home/lyara/areswave/models/Geophysical_model435.nd,nd,UNK,,,949.68,60.0,900.0,189.86900000000003,949.68,60.0,1115.279,16.559999999999945,1463.038,99.3599999999999,1677.528,60.0,0.28491687769773444,0.7250446257986944,0.5783353764317077,0.7150831223022656,0.2749553742013056,1
AK_model_86,/home/lyara/areswave/models/AK_model_86.nd,nd,UNK,,,1049.938,60.0,885.794,23.448999999999955,1049.938,60.0,1284.43,23.450000000000045,1354.777,70.34700000000021,1674.308,60.0,0.27811282324109843,0.7284485165374857,0.5783366187720232,0.7218871767589016,0.2715514834625144,1
Geophysical_model585,/home/lyara/areswave/models/Geophysical_model585.nd,nd,UNK,,,916.965,60.0,878.056,197.49199999999996,916.965,60.0,1120.546,33.930000000000064,1476.812,101.79099999999994,1692.199,60.0,0.23571443372093748,0.7505157168693934,0.5789152891532415,0.7642855662790625,0.2494842831306066,1
Geophysical_model838,/home/lyara/areswave/models/Geophysical_model838.nd,nd,UNK,,,916.965,60.0,878.056,197.49199999999996,916.965,60.0,1120.546,33.930000000000064,1476.812,101.79099999999994,1692.199,60.0,0.23571443372093748,0.7505157168693934,0.5789152891532415,0.7642855662790625,0.2494842831306066,1
Geophysical_model716,/home/lyara/areswave/models/Geophysical_model716.nd,nd,UNK,,,916.965,60.0,878.056,197.49199999999996,916.965,60.0,1120.546,33.930000000000064,1476.812,101.79099999999994,1692.199,60.0,0.23571443372093748,0.7505157168693934,0.5789152891532415,0.7642855662790625,0.2494842831306066,1
CD_model54,/home/lyara/areswave/models/CD_model54.nd,nd,UNK,,,,60.0,,60.0,,60.0,,60.0,,60.0,,60.0,0.20516825698883345,0.7665116455988961,0.5793971827288752,0.7948317430111665,0.2334883544011039,1
Geophysical_model856,/home/lyara/areswave/models/Geophysical_model856.nd,nd,UNK,,,933.454,60.0,900.0,180.49900000000002,933.454,60.0,1134.179,33.45400000000018,1485.447,66.9079999999999,1683.58,60.0,0.32149982252353637,0.7085171177322227,0.5795113526626606,0.6785001774764636,0.29148288226777724,1
Geophysical_model404,/home/lyara/areswave/models/Geophysical_model404.nd,nd,UNK,,,966.706,60.0,900.0,186.46400000000006,966.706,60.0,1116.796,33.353000000000065,1467.004,100.05999999999995,1681.752,60.0,0.21568660316069466,0.7614305607868975,0.5795159082448299,0.7843133968393053,0.23856943921310247,1
Geophysical_model145,/home/lyara/areswave/models/Geophysical_model145.nd,nd,UNK,,,966.251,60.0,900.0,186.31600000000003,966.251,60.0,1115.315,16.562999999999874,1463.132,99.37599999999998,1677.628,60.0,0.31144048007233927,0.7139518953221065,0.5797814235721841,0.6885595199276607,0.2860481046778936,1
Geophysical_model940,/home/lyara/areswave/models/Geophysical_model940.nd,nd,UNK,,,933.35,60.0,853.741,185.034,933.35,60.0,1116.776,33.34999999999991,1483.627,83.375,1681.697,60.0,0.28257258917524897,0.7284846000286747,0.5798472630775328,0.717427410824751,0.2715153999713254,1
Geophysical_model899,/home/lyara/areswave/models/Geophysical_model899.nd,nd,UNK,,,933.35,60.0,853.741,185.034,933.35,60.0,1116.776,33.34999999999991,1483.627,83.375,1681.697,60.0,0.28257258917524897,0.7284846000286747,0.5798472630775328,0.717427410824751,0.2715153999713254,1
Geophysical_model462,/home/lyara/areswave/models/Geophysical_model462.nd,nd,UNK,,,1030.985,60.0,900.0,189.88199999999995,1030.985,60.0,1129.223,32.746000000000095,1489.43,81.86500000000001,1670.76,60.0,0.21511276441819493,0.762841296426072,0.580265119090113,0.7848872355818051,0.23715870357392804,1
Geophysical_model665,/home/lyara/areswave/models/Geophysical_model665.nd,nd,UNK,,,1086.489,60.0,900.0,21.158000000000015,1086.489,60.0,1103.443,16.952999999999975,1459.467,118.67499999999995,1691.782,60.0,0.3522698194530094,0.6954357031193663,0.5810470752305806,0.6477301805469906,0.30456429688063374,1
Geophysical_model583,/home/lyara/areswave/models/Geophysical_model583.nd,nd,UNK,,,1086.489,60.0,900.0,21.158000000000015,1086.489,60.0,1103.443,16.952999999999975,1459.467,118.67499999999995,1691.782,60.0,0.3522698194530094,0.6954357031193663,0.5810470752305806,0.6477301805469906,0.30456429688063374,1
Geophysical_model127,/home/lyara/areswave/models/Geophysical_model127.nd,nd,UNK,,,916.861,60.0,900.0,181.87,916.861,60.0,1102.329,16.860000000000127,1439.543,101.16399999999999,1688.421,60.0,0.13904617522688434,0.8034692445971928,0.5819948881404233,0.8609538247731157,0.19653075540280715,1
CD_model100,/home/lyara/areswave/models/CD_model100.nd,nd,UNK,,,,60.0,,60.0,,60.0,,60.0,,60.0,,60.0,0.1960301171535559,0.7754073664206418,0.5822816166649465,0.8039698828464441,0.22459263357935827,1
Geophysical_model786,/home/lyara/areswave/models/Geophysical_model786.nd,nd,UNK,,,900.0,60.0,900.0,185.40200000000004,900.0,60.0,1106.136,17.17800000000011,1466.874,85.88999999999987,1699.91,60.0,0.5649611724167105,0.591281561897461,0.5825080987372108,0.4350388275832895,0.4087184381025391,1
Geophysical_model580,/home/lyara/areswave/models/Geophysical_model580.nd,nd,UNK,,,900.0,60.0,900.0,185.40200000000004,900.0,60.0,1106.136,17.17800000000011,1466.874,85.88999999999987,1699.91,60.0,0.5649611724167105,0.591281561897461,0.5825080987372108,0.4350388275832895,0.4087184381025391,1
Geophysical_model126,/home/lyara/areswave/models/Geophysical_model126.nd,nd,UNK,,,966.298,60.0,878.977,189.20799999999997,966.298,60.0,1115.469,16.57399999999984,1463.533,116.02199999999993,1678.056,60.0,0.16845329695130795,0.7896034762743103,0.5825534164999762,0.831546703048692,0.21039652372568968,1
Geophysical_model678,/home/lyara/areswave/models/Geophysical_model678.nd,nd,UNK,,,916.693,60.0,877.488,180.09500000000003,916.693,60.0,1117.015,33.386000000000195,1484.271,83.46699999999987,1682.363,60.0,0.2328864224026358,0.757700306309834,0.5827623450074345,0.7671135775973642,0.242299693690166,1
Geophysical_model289,/home/lyara/areswave/models/Geophysical_model289.nd,nd,UNK,,,966.724,60.0,900.0,180.02700000000004,966.724,60.0,1116.853,33.36200000000008,1467.154,100.08600000000001,1681.912,60.0,0.20422252698371013,0.7730831358393915,0.5834629328874977,0.7957774730162899,0.22691686416060852,1
Geophysical_model773,/home/lyara/areswave/models/Geophysical_model773.nd,nd,UNK,,,900.0,60.0,900.0,177.99300000000005,900.0,60.0,1118.724,33.65000000000009,1488.873,100.94900000000007,1687.125,60.0,0.4224902418047959,0.6649178603070064,0.5841086541396029,0.5775097581952041,0.3350821396929936,1
Geophysical_model924,/home/lyara/areswave/models/Geophysical_model924.nd,nd,UNK,,,966.648,60.0,900.0,192.32299999999998,966.648,60.0,1133.268,33.32400000000007,1483.17,83.31000000000017,1681.223,60.0,0.2730231248171131,0.739654563117818,0.5841107503509163,0.7269768751828869,0.26034543688218204,1
Geophysical_model474,/home/lyara/areswave/models/Geophysical_model474.nd,nd,UNK,,,949.523,60.0,900.0,189.937,949.523,60.0,1114.598,16.507000000000062,1461.256,99.04499999999985,1675.63,60.0,0.22865266345296498,0.7619609952048423,0.5841915512875498,0.771347336547035,0.2380390047951577,1
Geophysical_model384,/home/lyara/areswave/models/Geophysical_model384.nd,nd,UNK,,,949.523,60.0,900.0,189.937,949.523,60.0,1114.598,16.507000000000062,1461.256,99.04499999999985,1675.63,60.0,0.22865266345296498,0.7619609952048423,0.5841915512875498,0.771347336547035,0.2380390047951577,1
Geophysical_model240,/home/lyara/areswave/models/Geophysical_model240.nd,nd,UNK,,,999.801,60.0,878.469,193.77800000000002,999.801,60.0,1116.236,16.63299999999981,1498.807,99.80099999999993,1680.192,60.0,0.3967315137547298,0.6781502896007835,0.5843440309854323,0.6032684862452702,0.3218497103992165,1
Geophysical_model187,/home/lyara/areswave/models/Geophysical_model187.nd,nd,UNK,,,1016.434,60.0,877.254,181.96500000000003,1016.434,60.0,1132.867,33.26700000000005,1498.801,99.79999999999995,1680.187,60.0,0.26435479812125773,0.7445535792447167,0.5844873188702303,0.7356452018787423,0.25544642075528334,1
Geophysical_model594,/home/lyara/areswave/models/Geophysical_model594.nd,nd,UNK,,,900.0,60.0,900.0,179.41999999999996,900.0,60.0,1118.565,33.625,1488.445,100.87599999999998,1686.682,60.0,0.21894615566246556,0.7675516280755758,0.5846831372712057,0.7810538443375344,0.23244837192442427,1
Geophysical_model116,/home/lyara/areswave/models/Geophysical_model116.nd,nd,UNK,,,933.558,60.0,900.0,194.47400000000005,933.558,60.0,1101.346,16.778999999999996,1436.922,100.673,1685.455,60.0,0.20429078917419796,0.7749731458409239,0.5847456936186819,0.795709210825802,0.22502685415907608,1
Geophysical_model532,/home/lyara/areswave/models/Geophysical_model532.nd,nd,UNK,,,916.612,60.0,878.548,193.06899999999996,916.612,60.0,1115.955,16.61200000000008,1498.03,99.67200000000003,1679.411,60.0,0.2565365508190651,0.7493424910732306,0.5850738443218421,0.7434634491809349,0.2506575089267694,1
Geophysical_model275,/home/lyara/areswave/models/Geophysical_model275.nd,nd,UNK,,,984.083,60.0,876.527,187.788,984.083,60.0,1118.616,33.63300000000004,1488.58,100.89899999999989,1686.822,60.0,0.24503533592254645,0.7559187161627563,0.5856242560826863,0.7549646640774536,0.24408128383724365,1
Geophysical_model191,/home/lyara/areswave/models/Geophysical_model191.nd,nd,UNK,,,966.625,60.0,900.0,195.34400000000005,966.625,60.0,1116.53,16.65599999999995,1466.308,99.93599999999992,1681.011,60.0,0.2021203725591596,0.777708708741301,0.5858459300139206,0.7978796274408404,0.222291291258699,1
Geophysical_model612,/home/lyara/areswave/models/Geophysical_model612.nd,nd,UNK,,,916.714,60.0,900.0,193.35500000000002,916.714,60.0,1117.28,33.42699999999991,1484.983,83.56899999999996,1683.1,60.0,0.2668360994151714,0.7456356557028585,0.5860358036069627,0.7331639005848286,0.2543643442971415,1
Geophysical_model880,/home/lyara/areswave/models/Geophysical_model880.nd,nd,UNK,,,916.693,60.0,877.556,179.548,916.693,60.0,1117.015,33.386000000000195,1484.271,83.46699999999987,1682.363,60.0,0.31421797410269126,0.7220758059974367,0.5861231953658549,0.6857820258973087,0.2779241940025633,1
Geophysical_model557,/home/lyara/areswave/models/Geophysical_model557.nd,nd,UNK,,,916.669,60.0,877.429,180.56799999999998,916.669,60.0,1116.699,33.337999999999965,1483.42,83.346,1681.482,60.0,0.2415026216507572,0.7585609675447946,0.5862081855801154,0.7584973783492428,0.24143903245520537,1
Geophysical_model719,/home/lyara/areswave/models/Geophysical_model719.nd,nd,UNK,,,917.055,60.0,877.919,198.72500000000002,917.055,60.0,1121.71,34.108999999999924,1496.91,102.327,1695.441,60.0,0.41745519288983934,0.6713548035496717,0.5867215999963943,0.5825448071101607,0.32864519645032836,1
Geophysical_model631,/home/lyara/areswave/models/Geophysical_model631.nd,nd,UNK,,,933.855,60.0,900.0,186.07600000000002,933.855,60.0,1120.056,33.85500000000002,1492.459,84.63700000000017,1690.835,60.0,0.3305001312000234,0.7148635416048537,0.5867424048032436,0.6694998687999766,0.28513645839514634,1
Geophysical_model654,/home/lyara/areswave/models/Geophysical_model654.nd,nd,UNK,,,916.721,60.0,875.945,192.43899999999996,916.721,60.0,1117.378,33.442999999999984,1485.25,83.60799999999995,1683.376,60.0,0.24740206076161197,0.7565271754208387,0.5868188038677631,0.752597939238388,0.24347282457916133,1
Geophysical_model106,/home/lyara/areswave/models/Geophysical_model106.nd,nd,UNK,,,966.673,60.0,900.0,186.183,966.673,60.0,1116.688,33.33600000000001,1483.391,100.00999999999999,1681.453,60.0,0.2726254946969283,0.7444972246330065,0.5872066479876471,0.7273745053030717,0.2555027753669935,1
Geophysical_model808,/home/lyara/areswave/models/Geophysical_model808.nd,nd,UNK,,,916.724,60.0,900.0,188.91700000000003,916.724,60.0,1117.416,33.44800000000009,1468.626,83.62099999999987,1683.48,60.0,0.42882478900807763,0.6670917492297153,0.5876694291558361,0.5711752109919224,0.3329082507702847,1
Geophysical_model209,/home/lyara/areswave/models/Geophysical_model209.nd,nd,UNK,,,1033.403,60.0,900.0,187.39999999999998,1033.403,60.0,1133.456,16.675000000000182,1483.64,66.702,1681.71,60.0,0.33146846170396516,0.7157734944758318,0.5876718168852096,0.6685315382960348,0.2842265055241681,1
AK_model_73,/home/lyara/areswave/models/AK_model_73.nd,nd,UNK,,,1039.669,60.0,790.268,24.93999999999994,1039.669,60.0,1264.13,74.81999999999994,1314.011,24.940000000000055,1670.688,60.0,0.36117761835977014,0.7010318333759221,0.5877470950372048,0.6388223816402299,0.2989681666240779,1
Geophysical_model779,/home/lyara/areswave/models/Geophysical_model779.nd,nd,UNK,,,933.604,60.0,877.962,198.34299999999996,933.604,60.0,1118.427,33.60400000000004,1488.074,84.01099999999997,1686.298,60.0,0.29742181938824774,0.7336289366662438,0.5882265642402452,0.7025781806117523,0.2663710633337561,1
Geophysical_model467,/home/lyara/areswave/models/Geophysical_model467.nd,nd,UNK,,,999.884,60.0,900.0,193.03599999999994,999.884,60.0,1116.415,16.646999999999935,1499.302,99.88400000000001,1680.691,60.0,0.3385772224250626,0.7131395113103624,0.5882854150152624,0.6614227775749374,0.28686048868963765,1
Geophysical_model955,/home/lyara/areswave/models/Geophysical_model955.nd,nd,UNK,,,949.954,60.0,900.0,178.87599999999998,949.954,60.0,1133.117,33.30300000000011,1482.794,83.25599999999986,1680.834,60.0,0.3155656743181281,0.7249417866315289,0.5884830825270619,0.6844343256818719,0.27505821336847114,1
Geophysical_model529,/home/lyara/areswave/models/Geophysical_model529.nd,nd,UNK,,,916.577,60.0,878.227,195.957,916.577,60.0,1115.503,16.576999999999998,1480.2,99.46299999999997,1678.151,60.0,0.23743279802272865,0.7645210980235952,0.5888249980233063,0.7625672019772713,0.2354789019764048,1
Geophysical_model449,/home/lyara/areswave/models/Geophysical_model449.nd,nd,UNK,,,1031.442,60.0,900.0,189.75400000000002,1031.442,60.0,1130.023,32.8599999999999,1491.488,82.15100000000007,1672.831,60.0,0.3010568418687408,0.7330063511188151,0.5890231813687903,0.6989431581312592,0.26699364888118493,1
Geophysical_model58,/home/lyara/areswave/models/Geophysical_model58.nd,nd,UNK,,,966.592,60.0,900.0,182.84199999999998,966.592,60.0,1116.423,16.64799999999991,1466.03,99.88800000000015,1680.715,60.0,0.38043031311711195,0.6933752612816174,0.5890602785601157,0.619569686882888,0.3066247387183826,1
CD_model56,/home/lyara/areswave/models/CD_model56.nd,nd,UNK,,,,60.0,,60.0,,60.0,,60.0,,60.0,,60.0,0.2259302139104511,0.7709854159309149,0.5893003485907603,0.7740697860895489,0.2290145840690852,1
Geophysical_model105,/home/lyara/areswave/models/Geophysical_model105.nd,nd,UNK,,,1001.023,60.0,876.565,187.47699999999998,1001.023,60.0,1118.883,33.674999999999955,1489.302,101.02399999999989,1687.568,60.0,0.4818409405876327,0.6435941541471378,0.5896764162939695,0.5181590594123673,0.35640584585286217,1
Geophysical_model535,/home/lyara/areswave/models/Geophysical_model535.nd,nd,UNK,,,950.109,60.0,900.0,178.34699999999998,950.109,60.0,1133.844,33.40599999999995,1484.609,66.8119999999999,1682.713,60.0,0.4410311717594312,0.6640044875198219,0.5896800489330251,0.5589688282405688,0.3359955124801781,1
Geophysical_model370,/home/lyara/areswave/models/Geophysical_model370.nd,nd,UNK,,,966.673,60.0,900.0,188.82299999999998,966.673,60.0,1116.688,33.33600000000001,1450.054,100.00999999999999,1681.453,60.0,0.15360691776416413,0.8080615556262807,0.5899100096722418,0.8463930822358359,0.19193844437371926,1
Geophysical_model850,/home/lyara/areswave/models/Geophysical_model850.nd,nd,UNK,,,950.127,60.0,900.0,199.68399999999997,950.127,60.0,1133.926,50.12699999999995,1484.815,66.83600000000001,1682.926,60.0,0.3065988422718108,0.7315918107354472,0.5899274879142351,0.6934011577281892,0.2684081892645528,1
Geophysical_model292,/home/lyara/areswave/models/Geophysical_model292.nd,nd,UNK,,,967.499,60.0,858.902,184.94100000000003,967.499,60.0,1119.373,33.75,1456.871,101.2489999999998,1688.933,60.0,0.4761199691937037,0.6470110954134101,0.590047386673508,0.5238800308062963,0.35298890458659,1
Geophysical_model322,/home/lyara/areswave/models/Geophysical_model322.nd,nd,UNK,,,983.19,60.0,900.0,194.81899999999996,983.19,60.0,1116.294,16.63799999999992,1465.692,116.46600000000012,1680.354,60.0,0.2828045273377219,0.7438338125646549,0.5901573841556772,0.7171954726622781,0.2561661874353452,1
CD_model17,/home/lyara/areswave/models/CD_model17.nd,nd,UNK,,,,60.0,,60.0,,60.0,,60.0,,60.0,,60.0,0.3375388256920584,0.7169382691136115,0.5904717879730937,0.6624611743079416,0.28306173088638853,1
Geophysical_model202,/home/lyara/areswave/models/Geophysical_model202.nd,nd,UNK,,,1000.927,60.0,900.0,187.87,1000.927,60.0,1135.497,33.64300000000003,1488.742,84.106,1686.989,60.0,0.2659489525251162,0.7527366615394959,0.590474091868036,0.7340510474748838,0.2472633384605041,1
Geophysical_model233,/home/lyara/areswave/models/Geophysical_model233.nd,nd,UNK,,,1033.403,60.0,900.0,187.83500000000004,1033.403,60.0,1133.456,16.675000000000182,1483.64,66.702,1681.71,60.0,0.3631291492094242,0.7044240353093689,0.590659073276054,0.6368708507905758,0.295575964690631,1
CD_model20,/home/lyara/areswave/models/CD_model20.nd,nd,UNK,,,,60.0,,60.0,,60.0,,60.0,,60.0,,60.0,0.37219530117051947,0.7002890678817733,0.590924478978022,0.6278046988294805,0.29971093211822675,1
Geophysical_model582,/home/lyara/areswave/models/Geophysical_model582.nd,nd,UNK,,,916.922,60.0,900.0,183.74300000000005,916.922,60.0,1119.984,33.84400000000005,1475.344,84.60900000000015,1690.635,60.0,0.17953992602382451,0.7969969746613033,0.5911779584488103,0.8204600739761755,0.20300302533869677,1
Geophysical_model153,/home/lyara/areswave/models/Geophysical_model153.nd,nd,UNK,,,983.358,60.0,900.0,178.32600000000002,983.358,60.0,1116.73,33.343000000000075,1483.504,100.02999999999997,1681.569,60.0,0.2033324038116079,0.785207830336262,0.5912493548280439,0.7966675961883921,0.21479216966373807,1
Geophysical_model261,/home/lyara/areswave/models/Geophysical_model261.nd,nd,UNK,,,983.358,60.0,900.0,178.32600000000002,983.358,60.0,1116.73,33.343000000000075,1483.504,100.02999999999997,1681.569,60.0,0.2033324038116079,0.785207830336262,0.5912493548280439,0.7966675961883921,0.21479216966373807,1
Geophysical_model301,/home/lyara/areswave/models/Geophysical_model301.nd,nd,UNK,,,949.517,60.0,900.0,192.18499999999995,949.517,60.0,1114.574,16.505999999999858,1444.688,115.53999999999996,1675.563,60.0,0.3019642921722946,0.7359058928591162,0.5912586926301757,0.6980357078277054,0.2640941071408837,1
AK_model_41,/home/lyara/areswave/models/AK_model_41.nd,nd,UNK,,,1033.676,60.0,821.492,26.524,1033.676,60.0,1298.907,106.09199999999987,1484.568,159.13799999999992,1694.521,60.0,0.2978941304342433,0.7384001976292949,0.591564841897611,0.7021058695657567,0.26159980237070507,1
Geophysical_model711,/home/lyara/areswave/models/Geophysical_model711.nd,nd,UNK,,,916.837,60.0,879.831,181.52099999999996,916.837,60.0,1118.884,33.67399999999998,1489.303,84.18600000000015,1687.57,60.0,0.13787487679192156,0.8186990339531345,0.5917576482327301,0.8621251232080784,0.1813009660468655,1
Geophysical_model109,/home/lyara/areswave/models/Geophysical_model109.nd,nd,UNK,,,983.19,60.0,900.0,192.45299999999997,983.19,60.0,1116.294,16.63799999999992,1465.692,116.46600000000012,1680.354,60.0,0.14428851001872056,0.815528623721254,0.5917819191537429,0.8557114899812794,0.18447137627874594,1
Geophysical_model788,/home/lyara/areswave/models/Geophysical_model788.nd,nd,UNK,,,900.0,60.0,900.0,178.308,900.0,60.0,1120.035,33.85100000000011,1492.403,101.55500000000006,1690.777,60.0,0.3112827675347998,0.7326139143103653,0.5921701987185101,0.6887172324652002,0.26738608568963473,1
Geophysical_model602,/home/lyara/areswave/models/Geophysical_model602.nd,nd,UNK,,,1099.903,60.0,900.0,21.410999999999945,1099.903,60.0,1116.562,16.65800000000013,1466.392,116.61000000000013,1681.1,60.0,0.34061570009221,0.7180866313194171,0.5922629875770147,0.65938429990779,0.2819133686805829,1
Geophysical_model946,/home/lyara/areswave/models/Geophysical_model946.nd,nd,UNK,,,916.702,60.0,877.535,179.72000000000003,916.702,60.0,1117.126,33.403999999999996,1484.569,83.50999999999999,1682.671,60.0,0.31283738149824725,0.7324655463441574,0.5925894913955206,0.6871626185017528,0.26753445365584266,1
Geophysical_model171,/home/lyara/areswave/models/Geophysical_model171.nd,nd,UNK,,,1016.326,60.0,900.0,195.567,1016.326,60.0,1132.652,33.235999999999876,1498.248,99.70800000000008,1679.631,60.0,0.14703734790794232,0.8155784547323711,0.5927314191242282,0.8529626520920577,0.18442154526762888,1
Geophysical_model576,/home/lyara/areswave/models/Geophysical_model576.nd,nd,UNK,,,916.723,60.0,877.532,179.74099999999999,916.723,60.0,1117.396,33.44599999999991,1468.574,83.61400000000003,1683.425,60.0,0.15118485545312388,0.8135604055943657,0.5927685555472851,0.8488151445468761,0.18643959440563423,1
Geophysical_model674,/home/lyara/areswave/models/Geophysical_model674.nd,nd,UNK,,,916.672,60.0,900.0,180.51700000000005,916.672,60.0,1116.738,33.34500000000003,1483.524,83.36099999999988,1681.59,60.0,0.22918587186073425,0.7747060616782131,0.5928659984057202,0.7708141281392658,0.2252939383217869,1
Geophysical_model359,/home/lyara/areswave/models/Geophysical_model359.nd,nd,UNK,,,949.517,60.0,900.0,193.34400000000005,949.517,60.0,1114.574,16.505999999999858,1444.688,115.53999999999996,1675.563,60.0,0.2575948870774283,0.7607422988320054,0.593026494913813,0.7424051129225717,0.23925770116799455,1
Geophysical_model296,/home/lyara/areswave/models/Geophysical_model296.nd,nd,UNK,,,949.517,60.0,900.0,193.34400000000005,949.517,60.0,1114.574,16.505999999999858,1444.688,115.53999999999996,1675.563,60.0,0.2575948870774283,0.7607422988320054,0.593026494913813,0.7424051129225717,0.23925770116799455,1
Geophysical_model20,/home/lyara/areswave/models/Geophysical_model20.nd,nd,UNK,,,966.664,60.0,900.0,186.70399999999995,966.664,60.0,1116.657,16.666000000000167,1466.64,99.99500000000012,1681.365,60.0,0.235071424468711,0.7727722759702677,0.5935386588030821,0.764928575531289,0.22722772402973232,1
Geophysical_model483,/home/lyara/areswave/models/Geophysical_model483.nd,nd,UNK,,,966.664,60.0,900.0,186.70399999999995,966.664,60.0,1116.657,16.666000000000167,1466.64,99.99500000000012,1681.365,60.0,0.235071424468711,0.7727722759702677,0.5935386588030821,0.764928575531289,0.22722772402973232,1
Geophysical_model717,/home/lyara/areswave/models/Geophysical_model717.nd,nd,UNK,,,916.648,60.0,877.434,180.52700000000004,916.648,60.0,1116.419,16.64799999999991,1499.315,99.88499999999999,1680.704,60.0,0.2301535291215332,0.7753107703324762,0.5935916899288286,0.7698464708784668,0.22468922966752378,1
Geophysical_model386,/home/lyara/areswave/models/Geophysical_model386.nd,nd,UNK,,,967.7,60.0,900.0,181.90800000000002,967.7,60.0,1120.025,33.850000000000136,1458.525,118.47499999999991,1690.748,60.0,0.4631829263510723,0.6588899414154537,0.5936542697273265,0.5368170736489277,0.3411100585845463,1
Geophysical_model397,/home/lyara/areswave/models/Geophysical_model397.nd,nd,UNK,,,967.7,60.0,900.0,181.90800000000002,967.7,60.0,1120.025,33.850000000000136,1458.525,118.47499999999991,1690.748,60.0,0.4631829263510723,0.6588899414154537,0.5936542697273265,0.5368170736489277,0.3411100585845463,1
Geophysical_model79,/home/lyara/areswave/models/Geophysical_model79.nd,nd,UNK,,,982.905,60.0,879.721,182.515,982.905,60.0,1115.552,16.58100000000013,1463.752,116.06700000000001,1678.288,60.0,0.28899707846434464,0.7464567613451365,0.5939702003848725,0.7110029215356554,0.2535432386548635,1
Geophysical_model694,/home/lyara/areswave/models/Geophysical_model694.nd,nd,UNK,,,900.0,60.0,900.0,179.832,900.0,60.0,1118.299,33.585000000000036,1487.729,100.75299999999993,1685.941,60.0,0.32515773329855924,0.7288651628911931,0.5942960196936484,0.6748422667014408,0.2711348371088069,1
CD_model93,/home/lyara/areswave/models/CD_model93.nd,nd,UNK,,,,60.0,,60.0,,60.0,,60.0,,60.0,,60.0,0.5011848946628831,0.6410262130237951,0.5944124402368245,0.4988151053371169,0.3589737869762048,1
Geophysical_model338,/home/lyara/areswave/models/Geophysical_model338.nd,nd,UNK,,,983.209,60.0,878.088,197.21000000000004,983.209,60.0,1116.344,16.642000000000053,1465.824,116.49299999999994,1680.495,60.0,0.37745749835095643,0.7031066299835813,0.594556919439373,0.6225425016490436,0.2968933700164187,1
MD_model17,/home/lyara/areswave/models/MD_model17.nd,nd,UNK,,,1094.831,60.0,723.03,196.836,1094.831,60.0,1193.249,185.89999999999986,1411.956,98.41799999999989,1645.069,60.0,0.35248614462846484,0.7162687672873274,0.5950078930677065,0.6475138553715352,0.2837312327126726,1
Geophysical_model540,/home/lyara/areswave/models/Geophysical_model540.nd,nd,UNK,,,916.576,60.0,879.318,186.135,916.576,60.0,1115.488,16.576000000000022,1496.736,99.45600000000013,1678.109,60.0,0.3946907755945548,0.6955354049272975,0.5952538618163833,0.6053092244054452,0.3044645950727025,1
Geophysical_model658,/home/lyara/areswave/models/Geophysical_model658.nd,nd,UNK,,,900.0,60.0,900.0,178.04999999999995,900.0,60.0,1118.724,33.65000000000009,1488.873,100.94900000000007,1687.125,60.0,0.46286302285500525,0.6621881144660444,0.5957464172623647,0.5371369771449948,0.3378118855339556,1
Geophysical_model622,/home/lyara/areswave/models/Geophysical_model622.nd,nd,UNK,,,933.416,60.0,900.0,184.26800000000003,933.416,60.0,1117.203,33.41600000000017,1484.777,83.53999999999996,1682.887,60.0,0.45491690104100635,0.6663145813399749,0.5958486879069854,0.5450830989589937,0.3336854186600251,1
Geophysical_model726,/home/lyara/areswave/models/Geophysical_model726.nd,nd,UNK,,,916.736,60.0,875.955,192.35699999999997,916.736,60.0,1117.572,33.47199999999998,1485.77,83.68100000000004,1683.914,60.0,0.303823776110849,0.7426560682044127,0.5963786375065582,0.696176223889151,0.25734393179558734,1
Geophysical_model88,/home/lyara/areswave/models/Geophysical_model88.nd,nd,UNK,,,966.337,60.0,900.0,193.89700000000005,966.337,60.0,1115.594,16.58400000000006,1463.861,116.08899999999994,1678.405,60.0,0.19760398314821226,0.7958148251426223,0.5964112111444856,0.8023960168517877,0.20418517485737772,1
Geophysical_model37,/home/lyara/areswave/models/Geophysical_model37.nd,nd,UNK,,,966.337,60.0,900.0,193.89700000000005,966.337,60.0,1115.594,16.58400000000006,1463.861,116.08899999999994,1678.405,60.0,0.19760398314821226,0.7958148251426223,0.5964112111444856,0.8023960168517877,0.20418517485737772,1
Geophysical_model783,/home/lyara/areswave/models/Geophysical_model783.nd,nd,UNK,,,916.648,60.0,877.515,179.87800000000004,916.648,60.0,1116.419,16.64799999999991,1499.315,99.88499999999999,1680.704,60.0,0.22429703300355996,0.7839445106334041,0.5973953514234561,0.77570296699644,0.2160554893665959,1
Geophysical_model259,/home/lyara/areswave/models/Geophysical_model259.nd,nd,UNK,,,984.104,60.0,876.799,185.60500000000002,984.104,60.0,1118.67,33.641000000000076,1488.726,100.9240000000002,1686.973,60.0,0.33012855897812954,0.7317089016302671,0.5978487874128879,0.6698714410218705,0.2682910983697328,1
Geophysical_model987,/home/lyara/areswave/models/Geophysical_model987.nd,nd,UNK,,,916.714,60.0,900.0,189.303,916.714,60.0,1117.284,33.42800000000011,1484.996,83.57100000000014,1683.113,60.0,0.5173896967781926,0.6384109549112076,0.598070535533536,0.48261030322180737,0.36158904508879236,1
MD_model98,/home/lyara/areswave/models/MD_model98.nd,nd,UNK,,,964.445,60.0,700.606,189.96400000000006,964.445,60.0,1270.498,42.21499999999992,1333.82,105.53599999999983,1604.395,60.0,0.14677041080730635,0.8240368814817307,0.5982813912569226,0.8532295891926936,0.17596311851826935,1
Geophysical_model519,/home/lyara/areswave/models/Geophysical_model519.nd,nd,UNK,,,917.024,60.0,877.908,198.82600000000002,917.024,60.0,1121.318,34.04899999999998,1495.857,102.14699999999993,1694.351,60.0,0.37812577387654656,0.7084916935102488,0.5983697202990147,0.6218742261234534,0.29150830648975123,1
Geophysical_model890,/home/lyara/areswave/models/Geophysical_model890.nd,nd,UNK,,,917.024,60.0,877.908,198.82600000000002,917.024,60.0,1121.318,34.04899999999998,1495.857,102.14699999999993,1694.351,60.0,0.37812577387654656,0.7084916935102488,0.5983697202990147,0.6218742261234534,0.29150830648975123,1
Geophysical_model501,/home/lyara/areswave/models/Geophysical_model501.nd,nd,UNK,,,916.672,60.0,900.0,180.688,916.672,60.0,1116.741,33.34500000000003,1483.532,83.36199999999985,1681.599,60.0,0.4342295417041705,0.6808386014527483,0.5986355815365557,0.5657704582958295,0.3191613985472517,1
Geophysical_model424,/home/lyara/areswave/models/Geophysical_model424.nd,nd,UNK,,,1001.023,60.0,900.0,187.88699999999994,1001.023,60.0,1118.883,33.674999999999955,1472.464,101.02399999999989,1687.568,60.0,0.27899994585111787,0.7584570979998045,0.5986380472835756,0.7210000541488821,0.24154290200019546,1
Geophysical_model566,/home/lyara/areswave/models/Geophysical_model566.nd,nd,UNK,,,916.723,60.0,877.828,199.54899999999998,916.723,60.0,1117.396,33.44599999999991,1485.297,83.61400000000003,1683.425,60.0,0.360349464665352,0.7183002928596881,0.5989833501282428,0.639650535334648,0.2816997071403119,1
Geophysical_model681,/home/lyara/areswave/models/Geophysical_model681.nd,nd,UNK,,,916.723,60.0,877.828,199.54899999999998,916.723,60.0,1117.396,33.44599999999991,1485.297,83.61400000000003,1683.425,60.0,0.360349464665352,0.7183002928596881,0.5989833501282428,0.639650535334648,0.2816997071403119,1
Geophysical_model996,/home/lyara/areswave/models/Geophysical_model996.nd,nd,UNK,,,916.723,60.0,877.828,199.54899999999998,916.723,60.0,1117.396,33.44599999999991,1485.297,83.61400000000003,1683.425,60.0,0.360349464665352,0.7183002928596881,0.5989833501282428,0.639650535334648,0.2816997071403119,1
Geophysical_model139,/home/lyara/areswave/models/Geophysical_model139.nd,nd,UNK,,,1033.067,60.0,900.0,182.58299999999997,1033.067,60.0,1132.867,33.26700000000005,1498.801,83.16699999999992,1680.187,60.0,0.35129702452338074,0.7232194605716895,0.5992453152222533,0.6487029754766193,0.27678053942831055,1
Geophysical_model56,/home/lyara/areswave/models/Geophysical_model56.nd,nd,UNK,,,1015.15,60.0,876.661,186.71299999999997,1015.15,60.0,1130.3,32.90100000000007,1475.751,82.25,1673.548,60.0,0.2325384586379603,0.7826832060201719,0.5993016235594347,0.7674615413620397,0.21731679397982806,1
Geophysical_model43,/home/lyara/areswave/models/Geophysical_model43.nd,nd,UNK,,,1099.378,60.0,900.0,180.832,1099.378,60.0,1115.993,16.614000000000033,1431.674,99.68900000000008,1679.515,60.0,0.33649656273213235,0.7307134194478553,0.5993078005426143,0.6635034372678676,0.2692865805521447,1
Geophysical_model639,/home/lyara/areswave/models/Geophysical_model639.nd,nd,UNK,,,1099.754,60.0,900.0,21.45500000000004,1099.754,60.0,1116.4,16.645999999999958,1465.97,116.52299999999991,1680.651,60.0,0.4649980791585895,0.6670527387058132,0.5997011855234052,0.5350019208414105,0.33294726129418684,1
Geophysical_model687,/home/lyara/areswave/models/Geophysical_model687.nd,nd,UNK,,,916.902,60.0,900.0,181.07899999999995,916.902,60.0,1119.729,33.80400000000009,1474.676,84.51099999999997,1689.924,60.0,0.48096138760134255,0.6594879981841553,0.5999791279898844,0.5190386123986575,0.34051200181584473,1
Geophysical_model555,/home/lyara/areswave/models/Geophysical_model555.nd,nd,UNK,,,916.902,60.0,900.0,181.07899999999995,916.902,60.0,1119.729,33.80400000000009,1474.676,84.51099999999997,1689.924,60.0,0.48096138760134255,0.6594879981841553,0.5999791279898844,0.5190386123986575,0.34051200181584473,1
Geophysical_model849,/home/lyara/areswave/models/Geophysical_model849.nd,nd,UNK,,,916.902,60.0,900.0,181.07899999999995,916.902,60.0,1119.729,33.80400000000009,1474.676,84.51099999999997,1689.924,60.0,0.48096138760134255,0.6594879981841553,0.5999791279898844,0.5190386123986575,0.34051200181584473,1
Geophysical_model776,/home/lyara/areswave/models/Geophysical_model776.nd,nd,UNK,,,916.728,60.0,900.0,193.20899999999995,916.728,60.0,1117.459,33.455999999999904,1468.739,83.63800000000015,1683.6,60.0,0.257434329107189,0.7715669668235511,0.600189420918097,0.742565670892811,0.22843303317644892,1
Geophysical_model488,/home/lyara/areswave/models/Geophysical_model488.nd,nd,UNK,,,1031.555,60.0,900.0,185.92700000000002,1031.555,60.0,1130.221,32.888999999999896,1491.996,82.221,1673.341,60.0,0.3826564367032247,0.710870707014915,0.6014659502443515,0.6173435632967753,0.28912929298508505,1
Geophysical_model249,/home/lyara/areswave/models/Geophysical_model249.nd,nd,UNK,,,967.872,60.0,900.0,181.00400000000002,967.872,60.0,1120.585,33.937000000000126,1459.948,101.80899999999997,1692.31,60.0,0.3862934526479056,0.7090556392035605,0.6014682436850088,0.6137065473520944,0.2909443607964395,1
Geophysical_model212,/home/lyara/areswave/models/Geophysical_model212.nd,nd,UNK,,,1001.068,60.0,876.475,188.20299999999997,1001.068,60.0,1118.98,33.68900000000008,1489.56,101.06700000000001,1687.836,60.0,0.5790346384382896,0.6135251131713875,0.6020282882603548,0.4209653615617104,0.3864748868286125,1
CD_model68,/home/lyara/areswave/models/CD_model68.nd,nd,UNK,,,,60.0,,60.0,,60.0,,60.0,,60.0,,60.0,0.3156059714614824,0.7452636199467491,0.6020444037849936,0.6843940285385176,0.25473638005325094,1
AK_model_48,/home/lyara/areswave/models/AK_model_48.nd,nd,UNK,,,1008.347,60.0,797.627,26.339999999999918,1008.347,60.0,1298.086,131.70000000000005,1482.466,52.679999999999836,1692.058,60.0,0.2794372611465171,0.763662335244286,0.6022539772116963,0.7205627388534829,0.236337664755714,1
Geophysical_model868,/home/lyara/areswave/models/Geophysical_model868.nd,nd,UNK,,,949.989,60.0,900.0,186.74199999999996,949.989,60.0,1133.282,33.32600000000002,1483.205,83.31499999999983,1681.261,60.0,0.4181612920228813,0.6948920368670513,0.602648455252328,0.5818387079771187,0.3051079631329488,1
Geophysical_model27,/home/lyara/areswave/models/Geophysical_model27.nd,nd,UNK,,,983.983,60.0,900.0,186.25400000000002,983.983,60.0,1118.355,33.593000000000075,1487.879,100.779,1686.096,60.0,0.35614370945279317,0.727851864062719,0.6039491458594104,0.6438562905472068,0.2721481359372811,1
Geophysical_model162,/home/lyara/areswave/models/Geophysical_model162.nd,nd,UNK,,,983.983,60.0,900.0,186.25400000000002,983.983,60.0,1118.355,33.593000000000075,1487.879,100.779,1686.096,60.0,0.35614370945279317,0.727851864062719,0.6039491458594104,0.6438562905472068,0.2721481359372811,1
Geophysical_model89,/home/lyara/areswave/models/Geophysical_model89.nd,nd,UNK,,,1000.663,60.0,900.0,199.83900000000006,1000.663,60.0,1134.88,33.55400000000009,1470.423,83.88599999999997,1685.394,60.0,0.4075298142161634,0.7022577382108202,0.6040150968792679,0.5924701857838366,0.29774226178917984,1
Geophysical_model180,/home/lyara/areswave/models/Geophysical_model180.nd,nd,UNK,,,966.993,60.0,856.89,193.99599999999998,966.993,60.0,1117.726,33.496999999999844,1486.187,100.49000000000001,1684.345,60.0,0.25153297014205545,0.7802817210586248,0.6040321374197684,0.7484670298579446,0.21971827894137516,1
Geophysical_model610,/home/lyara/areswave/models/Geophysical_model610.nd,nd,UNK,,,916.648,60.0,900.0,179.42899999999997,916.648,60.0,1116.419,16.64799999999991,1482.668,99.88499999999999,1680.704,60.0,0.2242278611640509,0.7941109472525081,0.6041499185563557,0.7757721388359491,0.20588905274749186,1
Geophysical_model986,/home/lyara/areswave/models/Geophysical_model986.nd,nd,UNK,,,1086.703,60.0,900.0,20.995000000000005,1086.703,60.0,1103.676,16.972999999999956,1460.108,118.81000000000017,1692.486,60.0,0.39793886918831634,0.7078161611190897,0.6045237304754986,0.6020611308116837,0.29218383888091026,1
Geophysical_model92,/home/lyara/areswave/models/Geophysical_model92.nd,nd,UNK,,,983.004,60.0,878.65,192.14800000000002,983.004,60.0,1115.809,16.601000000000113,1497.625,99.60400000000004,1679.004,60.0,0.2073439297477555,0.8031622629293841,0.6045561518688413,0.7926560702522445,0.1968377370706159,1
Geophysical_model446,/home/lyara/areswave/models/Geophysical_model446.nd,nd,UNK,,,1031.442,60.0,900.0,188.76700000000005,1031.442,60.0,1130.023,32.8599999999999,1491.488,82.15100000000007,1672.831,60.0,0.513928492498367,0.649887984532427,0.604568153854407,0.48607150750163297,0.3501120154675729,1
Geophysical_model816,/home/lyara/areswave/models/Geophysical_model816.nd,nd,UNK,,,1087.5,60.0,900.0,22.587999999999965,1087.5,60.0,1104.545,17.04599999999982,1445.454,119.31799999999998,1695.109,60.0,0.32130944581851306,0.7467192878768061,0.6049160071907084,0.6786905541814869,0.25328071212319386,1
Geophysical_model548,/home/lyara/areswave/models/Geophysical_model548.nd,nd,UNK,,,916.902,60.0,879.896,180.93899999999996,916.902,60.0,1119.729,33.80400000000009,1474.676,84.51099999999997,1689.924,60.0,0.1289577156884011,0.8430566631400854,0.6050236806561906,0.8710422843115989,0.1569433368599146,1
Geophysical_model958,/home/lyara/areswave/models/Geophysical_model958.nd,nd,UNK,,,900.0,60.0,900.0,188.84000000000003,900.0,60.0,1116.0,16.61500000000001,1498.154,99.69200000000001,1679.536,60.0,0.24789644283827128,0.7837274619840378,0.6051171222687822,0.7521035571617287,0.21627253801596225,1
Geophysical_model969,/home/lyara/areswave/models/Geophysical_model969.nd,nd,UNK,,,900.0,60.0,900.0,180.861,900.0,60.0,1106.104,17.174999999999955,1483.961,103.05199999999991,1699.813,60.0,0.4916786349582857,0.6624011465312832,0.6054936426736174,0.5083213650417143,0.33759885346871676,1
Geophysical_model98,/home/lyara/areswave/models/Geophysical_model98.nd,nd,UNK,,,1098.133,60.0,900.0,197.5,1098.133,60.0,1147.666,16.510999999999967,1494.399,66.04399999999987,1675.759,60.0,0.6065842312024265,0.6052776356550721,0.6057131675041902,0.3934157687975734,0.3947223643449279,1
Geophysical_model302,/home/lyara/areswave/models/Geophysical_model302.nd,nd,UNK,,,933.563,60.0,900.0,195.716,933.563,60.0,1101.377,16.78099999999995,1453.786,100.68900000000008,1685.548,60.0,0.4090423743714596,0.705213735473289,0.6064899484393459,0.5909576256285404,0.2947862645267109,1
Geophysical_model444,/home/lyara/areswave/models/Geophysical_model444.nd,nd,UNK,,,949.55,60.0,900.0,192.74099999999999,949.55,60.0,1114.715,16.516000000000076,1461.562,99.09899999999993,1675.956,60.0,0.33216451191196117,0.7438767872246407,0.6066393621204141,0.6678354880880388,0.2561232127753593,1
Geophysical_model309,/home/lyara/areswave/models/Geophysical_model309.nd,nd,UNK,,,1031.555,60.0,900.0,186.048,1031.555,60.0,1130.221,32.888999999999896,1491.996,82.221,1673.341,60.0,0.24080749906916743,0.7896090229633668,0.6066751816653003,0.7591925009308326,0.2103909770366333,1
Geophysical_model342,/home/lyara/areswave/models/Geophysical_model342.nd,nd,UNK,,,1031.762,60.0,900.0,188.29999999999995,1031.762,60.0,1130.583,32.94100000000003,1492.929,82.35100000000011,1674.28,60.0,0.6175523389426922,0.6015060197362334,0.6068547928050531,0.38244766105730776,0.39849398026376665,1
Geophysical_model904,/home/lyara/areswave/models/Geophysical_model904.nd,nd,UNK,,,950.128,60.0,900.0,199.44500000000005,950.128,60.0,1133.929,50.12799999999993,1484.824,66.83699999999999,1682.935,60.0,0.5007791382393507,0.6603807072808554,0.6071801842670205,0.49922086176064934,0.33961929271914465,1
Geophysical_model326,/home/lyara/areswave/models/Geophysical_model326.nd,nd,UNK,,,1031.555,60.0,900.0,186.06500000000005,1031.555,60.0,1130.221,32.888999999999896,1491.996,82.221,1673.341,60.0,0.20214873514126552,0.8098926466681374,0.6073113428258469,0.7978512648587345,0.19010735333186254,1
MD_model75,/home/lyara/areswave/models/MD_model75.nd,nd,UNK,,,1024.463,60.0,849.461,10.294999999999959,1024.463,60.0,1240.642,51.471000000000004,1302.407,123.53100000000018,1508.292,60.6840000000002,0.4673048954090472,0.677774657253318,0.6076180699718944,0.5326951045909528,0.322225342746682,1
MD_model30,/home/lyara/areswave/models/MD_model30.nd,nd,UNK,,,1031.761,60.0,887.465,10.307000000000016,1031.761,60.0,1279.127,154.60400000000004,1330.661,61.84199999999987,1586.589,60.0,0.24621508036637296,0.7887960581843985,0.6079357322450566,0.753784919633627,0.21120394181560148,1
Geophysical_model596,/home/lyara/areswave/models/Geophysical_model596.nd,nd,UNK,,,900.0,60.0,900.0,178.56500000000005,900.0,60.0,1118.724,33.65000000000009,1472.049,100.94900000000007,1687.125,60.0,0.36985423757225944,0.7270849134623103,0.6080080214989599,0.6301457624277406,0.27291508653768964,1
Geophysical_model799,/home/lyara/areswave/models/Geophysical_model799.nd,nd,UNK,,,933.862,60.0,900.0,186.98699999999997,933.862,60.0,1120.105,33.86200000000008,1492.59,84.65599999999995,1690.97,60.0,0.3829483135938737,0.72082684058482,0.6082006649211712,0.6170516864061263,0.27917315941517995,1
Geophysical_model770,/home/lyara/areswave/models/Geophysical_model770.nd,nd,UNK,,,950.781,60.0,900.0,183.56899999999996,950.781,60.0,1136.977,33.85400000000004,1492.442,67.70700000000011,1690.818,60.0,0.1437059189659321,0.8405933169205175,0.6082975176023223,0.8562940810340679,0.15940668307948247,1
CD_model34,/home/lyara/areswave/models/CD_model34.nd,nd,UNK,,,,60.0,,60.0,,60.0,,60.0,,60.0,,60.0,0.6670372025385243,0.5791316396144834,0.608433493922497,0.33296279746147567,0.4208683603855166,1
Geophysical_model131,/home/lyara/areswave/models/Geophysical_model131.nd,nd,UNK,,,966.637,60.0,900.0,189.17499999999995,966.637,60.0,1116.57,16.660000000000082,1466.415,99.95600000000013,1681.124,60.0,0.1463890181331523,0.8395739833279898,0.608512328263044,0.8536109818668477,0.16042601667201015,1
Geophysical_model657,/home/lyara/areswave/models/Geophysical_model657.nd,nd,UNK,,,916.728,60.0,900.0,191.85400000000004,916.728,60.0,1117.467,33.455999999999904,1485.488,83.64100000000008,1683.622,60.0,0.4695906136773833,0.6785449855036952,0.6088935282282579,0.5304093863226167,0.32145501449630476,1
Geophysical_model341,/home/lyara/areswave/models/Geophysical_model341.nd,nd,UNK,,,999.558,60.0,857.532,191.10400000000004,999.558,60.0,1115.708,16.592999999999847,1497.346,99.55799999999999,1678.723,60.0,0.2566574484873403,0.7860289733651966,0.6095717984059111,0.7433425515126597,0.2139710266348034,1
Geophysical_model345,/home/lyara/areswave/models/Geophysical_model345.nd,nd,UNK,,,1031.859,60.0,900.0,187.37099999999998,1031.859,60.0,1130.753,32.96399999999994,1476.882,82.41200000000003,1674.718,60.0,0.4878984522281343,0.6706968779909228,0.6097640694033267,0.5121015477718657,0.3293031220090772,1
Geophysical_model935,/home/lyara/areswave/models/Geophysical_model935.nd,nd,UNK,,,933.4,60.0,876.829,185.365,933.4,60.0,1117.102,33.399999999999864,1484.505,83.5010000000002,1682.605,60.0,0.2793908948093813,0.7757570075752145,0.6103016366532701,0.7206091051906187,0.22424299242478546,1
Geophysical_model693,/home/lyara/areswave/models/Geophysical_model693.nd,nd,UNK,,,916.721,60.0,876.007,191.94399999999996,916.721,60.0,1117.378,33.442999999999984,1485.25,83.60799999999995,1683.376,60.0,0.37164089863164007,0.729935593212798,0.610504028352412,0.6283591013683599,0.270064406787202,1
Geophysical_model419,/home/lyara/areswave/models/Geophysical_model419.nd,nd,UNK,,,983.998,60.0,876.703,186.37300000000005,983.998,60.0,1118.394,33.59899999999993,1471.183,100.79700000000003,1686.203,60.0,0.36420417570736796,0.7348250961009272,0.6112847893030741,0.635795824292632,0.26517490389907283,1
Geophysical_model282,/home/lyara/areswave/models/Geophysical_model282.nd,nd,UNK,,,999.884,60.0,900.0,194.89200000000005,999.884,60.0,1116.415,16.646999999999935,1482.655,99.88400000000001,1680.691,60.0,0.21249961112896765,0.810843074315506,0.6113952532533266,0.7875003888710324,0.18915692568449402,1
Geophysical_model137,/home/lyara/areswave/models/Geophysical_model137.nd,nd,UNK,,,966.251,60.0,900.0,186.97199999999998,966.251,60.0,1115.315,16.562999999999874,1463.132,99.37599999999998,1677.628,60.0,0.28197443944794454,0.7766531086503349,0.6117602189162047,0.7180255605520555,0.22334689134966512,1
MD_model35,/home/lyara/areswave/models/MD_model35.nd,nd,UNK,,,1018.784,60.0,751.464,181.77800000000002,1018.784,60.0,1286.105,21.38499999999999,1360.954,74.84999999999991,1612.653,60.0,0.6326925336688021,0.6013421234756914,0.6117922602067283,0.36730746633119793,0.3986578765243086,1
CD_model5,/home/lyara/areswave/models/CD_model5.nd,nd,UNK,,,,60.0,,60.0,,60.0,,60.0,,60.0,,60.0,0.8235546863298633,0.5063777933057076,0.6121034243137595,0.17644531367013666,0.49362220669429235,1
Geophysical_model710,/home/lyara/areswave/models/Geophysical_model710.nd,nd,UNK,,,900.0,60.0,900.0,22.456999999999994,900.0,60.0,1101.621,16.801999999999907,1488.061,100.81099999999992,1686.284,60.0,0.5667936649005738,0.6347822074691336,0.6121193599462803,0.4332063350994262,0.3652177925308664,1
Geophysical_model874,/home/lyara/areswave/models/Geophysical_model874.nd,nd,UNK,,,916.644,60.0,876.99,184.08100000000002,916.644,60.0,1116.374,16.644000000000005,1499.19,99.86500000000001,1680.578,60.0,0.34681416751365524,0.744999847235738,0.612271287328377,0.6531858324863448,0.2550001527642621,1
Geophysical_model229,/home/lyara/areswave/models/Geophysical_model229.nd,nd,UNK,,,965.752,60.0,900.0,181.72400000000005,965.752,60.0,1113.693,16.437000000000126,1458.888,115.06499999999983,1673.108,60.0,0.2964681317901223,0.7704152827532921,0.6124328990989022,0.7035318682098777,0.22958471724670793,1
Geophysical_model888,/home/lyara/areswave/models/Geophysical_model888.nd,nd,UNK,,,1088.465,60.0,900.0,20.730000000000018,1088.465,60.0,1105.598,17.133000000000038,1465.394,102.79899999999998,1698.287,60.0,0.46322676685325437,0.6872067875562484,0.6125467806552504,0.5367732331467456,0.31279321244375163,1
Geophysical_model303,/home/lyara/areswave/models/Geophysical_model303.nd,nd,UNK,,,949.55,60.0,900.0,192.86199999999997,949.55,60.0,1114.715,16.516000000000076,1461.562,99.09899999999993,1675.956,60.0,0.2522287418768213,0.793472955297383,0.6130582174905291,0.7477712581231787,0.20652704470261696,1
Geophysical_model679,/home/lyara/areswave/models/Geophysical_model679.nd,nd,UNK,,,933.365,60.0,900.0,185.19600000000003,933.365,60.0,1116.872,33.36500000000001,1483.886,83.41300000000001,1681.964,60.0,0.29261443043021707,0.773568964515263,0.6132507864869144,0.7073855695697829,0.22643103548473703,1
Geophysical_model73,/home/lyara/areswave/models/Geophysical_model73.nd,nd,UNK,,,1032.872,60.0,900.0,180.68100000000004,1032.872,60.0,1132.525,33.2170000000001,1497.923,83.04500000000007,1679.303,60.0,0.39306989640866075,0.7244567374747504,0.6139944571193872,0.6069301035913393,0.2755432625252497,1
Geophysical_model995,/home/lyara/areswave/models/Geophysical_model995.nd,nd,UNK,,,950.91,60.0,900.0,199.279,950.91,60.0,1137.578,33.940000000000055,1493.945,84.84899999999993,1692.373,60.0,0.2943815296533876,0.7738540270561274,0.6140298612552141,0.7056184703466124,0.22614597294387268,1
Geophysical_model50,/home/lyara/areswave/models/Geophysical_model50.nd,nd,UNK,,,982.805,60.0,860.982,195.08799999999997,982.805,60.0,1115.292,16.56100000000015,1463.072,99.36500000000001,1677.564,60.0,0.25912760595803574,0.7916842888989419,0.6141653945853065,0.7408723940419643,0.208315711101058,1
CD_model82,/home/lyara/areswave/models/CD_model82.nd,nd,UNK,,,,60.0,,60.0,,60.0,,60.0,,60.0,,60.0,0.8048559783972534,0.5189791289038275,0.6142714120683027,0.19514402160274655,0.4810208710961725,1
CD_model36,/home/lyara/areswave/models/CD_model36.nd,nd,UNK,,,,60.0,,60.0,,60.0,,60.0,,60.0,,60.0,0.8048559783972534,0.5189791289038275,0.6142714120683027,0.19514402160274655,0.4810208710961725,1
Geophysical_model265,/home/lyara/areswave/models/Geophysical_model265.nd,nd,UNK,,,983.111,60.0,878.726,191.46400000000006,983.111,60.0,1116.088,16.62200000000007,1465.153,99.73299999999995,1679.781,60.0,0.22909912437954127,0.8072844431093303,0.614556003532734,0.7709008756204587,0.19271555689066966,1
Geophysical_model314,/home/lyara/areswave/models/Geophysical_model314.nd,nd,UNK,,,999.894,60.0,878.151,196.63800000000003,999.894,60.0,1116.438,16.648999999999887,1499.366,99.894,1680.755,60.0,0.4850761478549286,0.6793628497231479,0.6146006157670748,0.5149238521450714,0.32063715027685213,1
Geophysical_model256,/home/lyara/areswave/models/Geophysical_model256.nd,nd,UNK,,,999.894,60.0,878.151,196.63800000000003,999.894,60.0,1116.438,16.648999999999887,1499.366,99.894,1680.755,60.0,0.4850761478549286,0.6793628497231479,0.6146006157670748,0.5149238521450714,0.32063715027685213,1
Geophysical_model448,/home/lyara/areswave/models/Geophysical_model448.nd,nd,UNK,,,999.894,60.0,878.151,196.63800000000003,999.894,60.0,1116.438,16.648999999999887,1499.366,99.894,1680.755,60.0,0.4850761478549286,0.6793628497231479,0.6146006157670748,0.5149238521450714,0.32063715027685213,1
Geophysical_model15,/home/lyara/areswave/models/Geophysical_model15.nd,nd,UNK,,,966.855,60.0,900.0,194.18200000000002,966.855,60.0,1117.28,33.427999999999884,1484.985,100.2829999999999,1683.102,60.0,0.18947093424594597,0.82726203191003,0.6146649993553354,0.810529065754054,0.17273796808996997,1
Geophysical_model74,/home/lyara/areswave/models/Geophysical_model74.nd,nd,UNK,,,950.042,60.0,900.0,197.93200000000002,950.042,60.0,1116.847,33.361000000000104,1450.457,116.7639999999999,1681.894,60.0,0.2071819038574646,0.8184469147185208,0.6146919110981687,0.7928180961425354,0.1815530852814792,1
cd_model50,/home/lyara/areswave/models/cd_model50.npz,npz,UNK,,,,60.0,,60.0,,60.0,,60.0,,60.0,,60.0,0.8379918771778654,0.5038925467095716,0.6152589901990029,0.16200812282213467,0.4961074532904283,1
Geophysical_model382,/home/lyara/areswave/models/Geophysical_model382.nd,nd,UNK,,,1063.521,60.0,900.0,197.65700000000004,1063.521,60.0,1145.281,32.70399999999995,1488.674,65.4079999999999,1669.999,60.0,0.47721609239206075,0.6846369620961198,0.6154966721947668,0.5227839076079392,0.3153630379038802,1
Geophysical_model51,/home/lyara/areswave/models/Geophysical_model51.nd,nd,UNK,,,983.004,60.0,878.652,192.13599999999997,983.004,60.0,1115.809,16.601000000000113,1481.025,116.20499999999993,1679.004,60.0,0.18974105565426092,0.8290854507230148,0.6159706523667635,0.8102589443457391,0.1709145492769852,1
Geophysical_model206,/home/lyara/areswave/models/Geophysical_model206.nd,nd,UNK,,,916.863,60.0,900.0,181.38800000000003,916.863,60.0,1102.35,16.863000000000056,1439.601,101.17599999999993,1688.486,60.0,0.29042516653910777,0.7788514554424208,0.6160426924746498,0.7095748334608922,0.22114854455757918,1
Geophysical_model328,/home/lyara/areswave/models/Geophysical_model328.nd,nd,UNK,,,1001.288,60.0,861.171,194.14300000000003,1001.288,60.0,1119.457,33.76299999999992,1490.847,101.28800000000001,1689.167,60.0,0.4258924884281995,0.7112903275002449,0.6161577144762297,0.5741075115718005,0.2887096724997551,1
Geophysical_model336,/home/lyara/areswave/models/Geophysical_model336.nd,nd,UNK,,,1001.288,60.0,861.171,194.14300000000003,1001.288,60.0,1119.457,33.76299999999992,1490.847,101.28800000000001,1689.167,60.0,0.4258924884281995,0.7112903275002449,0.6161577144762297,0.5741075115718005,0.2887096724997551,1
Geophysical_model167,/home/lyara/areswave/models/Geophysical_model167.nd,nd,UNK,,,984.407,60.0,861.42,192.90099999999995,984.407,60.0,1119.457,33.76299999999992,1490.847,101.28800000000001,1689.167,60.0,0.5479190224796541,0.6504469315636484,0.6162709618689837,0.45208097752034593,0.3495530684363516,1
Geophysical_model729,/home/lyara/areswave/models/Geophysical_model729.nd,nd,UNK,,,1088.334,60.0,900.0,20.706000000000017,1088.334,60.0,1105.456,17.121000000000095,1465.003,102.72800000000007,1697.857,60.0,0.3964483448426974,0.7262127160281902,0.6162912589663593,0.6035516551573026,0.2737872839718099,1
Geophysical_model735,/home/lyara/areswave/models/Geophysical_model735.nd,nd,UNK,,,900.0,60.0,900.0,179.56500000000005,900.0,60.0,1118.565,33.625,1488.445,100.87599999999998,1686.682,60.0,0.37404605585726447,0.7377527977231642,0.6165172171011976,0.6259539441427355,0.2622472022768358,1
CD_model39,/home/lyara/areswave/models/CD_model39.nd,nd,UNK,,,,60.0,,60.0,,60.0,,60.0,,60.0,,60.0,0.23415724771605317,0.8079296611590614,0.616672190011392,0.7658427522839468,0.19207033884093863,1
Geophysical_model396,/home/lyara/areswave/models/Geophysical_model396.nd,nd,UNK,,,949.68,60.0,900.0,188.73199999999997,949.68,60.0,1115.279,16.559999999999945,1446.478,99.3599999999999,1677.528,60.0,0.31021494241959924,0.7699455839164696,0.6167020367508461,0.6897850575804008,0.23005441608353036,1
CD_model37,/home/lyara/areswave/models/CD_model37.nd,nd,UNK,,,,60.0,,60.0,,60.0,,60.0,,60.0,,60.0,0.4400262364224371,0.7052788756307358,0.6168613292279695,0.5599737635775629,0.2947211243692642,1
CD_model66,/home/lyara/areswave/models/CD_model66.nd,nd,UNK,,,,60.0,,60.0,,60.0,,60.0,,60.0,,60.0,0.4197554491738711,0.715491136000197,0.616912573724755,0.5802445508261289,0.284508863999803,1
Geophysical_model778,/home/lyara/areswave/models/Geophysical_model778.nd,nd,UNK,,,933.288,60.0,876.97,184.23699999999997,933.288,60.0,1116.374,16.644000000000005,1499.19,99.86500000000001,1680.578,60.0,0.2695056434397929,0.7907813421363696,0.6170227759041774,0.7304943565602071,0.2092186578636303,1
Geophysical_model423,/home/lyara/areswave/models/Geophysical_model423.nd,nd,UNK,,,966.246,60.0,900.0,188.279,966.246,60.0,1115.299,16.560999999999922,1463.089,99.36900000000014,1677.583,60.0,0.2502036111682656,0.8005752635943975,0.6171180461190202,0.7497963888317344,0.1994247364056025,1
Geophysical_model254,/home/lyara/areswave/models/Geophysical_model254.nd,nd,UNK,,,966.246,60.0,900.0,188.279,966.246,60.0,1115.299,16.560999999999922,1463.089,99.36900000000014,1677.583,60.0,0.2502036111682656,0.8005752635943975,0.6171180461190202,0.7497963888317344,0.1994247364056025,1
Geophysical_model489,/home/lyara/areswave/models/Geophysical_model489.nd,nd,UNK,,,967.872,60.0,900.0,180.37699999999995,967.872,60.0,1120.585,33.937000000000126,1459.948,101.80899999999997,1692.31,60.0,0.2887046980782192,0.7814145194873259,0.617177912350957,0.7112953019217808,0.21858548051267418,1
Geophysical_model902,/home/lyara/areswave/models/Geophysical_model902.nd,nd,UNK,,,900.0,60.0,900.0,29.450000000000045,900.0,60.0,1102.126,16.84400000000005,1455.847,101.0630000000001,1687.809,60.0,0.47754902276405886,0.6871892981288346,0.617309206340576,0.5224509772359411,0.3128107018711654,1
Geophysical_model784,/home/lyara/areswave/models/Geophysical_model784.nd,nd,UNK,,,916.796,60.0,855.883,198.52800000000002,916.796,60.0,1118.345,33.5920000000001,1487.852,83.97900000000004,1686.068,60.0,0.2942321517593356,0.7789607979245277,0.6173845825361303,0.7057678482406644,0.2210392020754724,1
CD_model40,/home/lyara/areswave/models/CD_model40.nd,nd,UNK,,,,60.0,,60.0,,60.0,,60.0,,60.0,,60.0,0.8049018330296482,0.5237020353681497,0.6174353012553159,0.19509816697035173,0.47629796463185026,1
Geophysical_model140,/home/lyara/areswave/models/Geophysical_model140.nd,nd,UNK,,,965.752,60.0,900.0,181.09500000000003,965.752,60.0,1113.693,16.437000000000126,1458.888,115.06499999999983,1673.108,60.0,0.3860091543175751,0.733491517417999,0.617664063051191,0.6139908456824249,0.26650848258200094,1
Geophysical_model802,/home/lyara/areswave/models/Geophysical_model802.nd,nd,UNK,,,1085.338,60.0,900.0,29.761999999999944,1085.338,60.0,1102.186,16.84900000000016,1456.013,101.09300000000007,1687.991,60.0,0.37860144751258684,0.73739056591027,0.6177941931110422,0.6213985524874132,0.26260943408973003,1
Geophysical_model823,/home/lyara/areswave/models/Geophysical_model823.nd,nd,UNK,,,1085.338,60.0,900.0,29.761999999999944,1085.338,60.0,1102.186,16.84900000000016,1456.013,101.09300000000007,1687.991,60.0,0.37860144751258684,0.73739056591027,0.6177941931110422,0.6213985524874132,0.26260943408973003,1
Geophysical_model151,/home/lyara/areswave/models/Geophysical_model151.nd,nd,UNK,,,916.88,60.0,900.0,182.47299999999996,916.88,60.0,1102.557,16.87999999999988,1440.153,101.27800000000002,1689.11,60.0,0.4274098085706145,0.7133702894929619,0.6180501291855127,0.5725901914293855,0.2866297105070381,1
Geophysical_model420,/home/lyara/areswave/models/Geophysical_model420.nd,nd,UNK,,,1047.083,60.0,900.0,187.13800000000003,1047.083,60.0,1145.138,32.684999999999945,1488.33,65.36999999999989,1669.654,60.0,0.4839622818401079,0.685738576010466,0.6184798112870132,0.5160377181598921,0.31426142398953405,1
Geophysical_model441,/home/lyara/areswave/models/Geophysical_model441.nd,nd,UNK,,,1047.083,60.0,900.0,187.13800000000003,1047.083,60.0,1145.138,32.684999999999945,1488.33,65.36999999999989,1669.654,60.0,0.4839622818401079,0.685738576010466,0.6184798112870132,0.5160377181598921,0.31426142398953405,1
Geophysical_model411,/home/lyara/areswave/models/Geophysical_model411.nd,nd,UNK,,,1047.083,60.0,900.0,187.13800000000003,1047.083,60.0,1145.138,32.684999999999945,1488.33,65.36999999999989,1669.654,60.0,0.4839622818401079,0.685738576010466,0.6184798112870132,0.5160377181598921,0.31426142398953405,1
Geophysical_model650,/home/lyara/areswave/models/Geophysical_model650.nd,nd,UNK,,,916.714,60.0,876.024,191.80700000000002,916.714,60.0,1117.284,33.42800000000011,1484.996,83.57100000000014,1683.113,60.0,0.24736942846357346,0.8041129709613677,0.6185317901287696,0.7526305715364265,0.19588702903863237,1
Geophysical_model552,/home/lyara/areswave/models/Geophysical_model552.nd,nd,UNK,,,916.714,60.0,876.024,191.80700000000002,916.714,60.0,1117.284,33.42800000000011,1484.996,83.57100000000014,1683.113,60.0,0.24736942846357346,0.8041129709613677,0.6185317901287696,0.7526305715364265,0.19588702903863237,1
Geophysical_model416,/home/lyara/areswave/models/Geophysical_model416.nd,nd,UNK,,,965.961,60.0,900.0,191.53599999999994,965.961,60.0,1114.373,16.490999999999985,1460.669,98.94200000000001,1675.004,60.0,0.2048619334656333,0.8254144479631281,0.6185636097972965,0.7951380665343667,0.1745855520368719,1
Geophysical_model418,/home/lyara/areswave/models/Geophysical_model418.nd,nd,UNK,,,1031.52,60.0,900.0,186.47000000000003,1031.52,60.0,1130.159,32.87999999999988,1475.398,82.19900000000007,1673.183,60.0,0.309334302573804,0.7735304349306269,0.618798390811686,0.690665697426196,0.22646956506937316,1
Geophysical_model432,/home/lyara/areswave/models/Geophysical_model432.nd,nd,UNK,,,1031.52,60.0,900.0,186.47000000000003,1031.52,60.0,1130.159,32.87999999999988,1475.398,82.19900000000007,1673.183,60.0,0.309334302573804,0.7735304349306269,0.618798390811686,0.690665697426196,0.22646956506937316,1
Geophysical_model369,/home/lyara/areswave/models/Geophysical_model369.nd,nd,UNK,,,1031.52,60.0,900.0,186.47000000000003,1031.52,60.0,1130.159,32.87999999999988,1475.398,82.19900000000007,1673.183,60.0,0.309334302573804,0.7735304349306269,0.618798390811686,0.690665697426196,0.22646956506937316,1
Geophysical_model495,/home/lyara/areswave/models/Geophysical_model495.nd,nd,UNK,,,966.559,60.0,900.0,180.90700000000004,966.559,60.0,1116.317,16.638999999999896,1465.751,99.83900000000017,1680.417,60.0,0.29373907060790694,0.7815147021685873,0.6189228249816939,0.7062609293920931,0.21848529783141268,1
Geophysical_model607,/home/lyara/areswave/models/Geophysical_model607.nd,nd,UNK,,,900.0,60.0,900.0,180.73800000000006,900.0,60.0,1116.617,16.66300000000001,1466.537,99.97700000000009,1681.255,60.0,0.41802432521379773,0.7193940113743258,0.6189374493208164,0.5819756747862023,0.2806059886256742,1
Geophysical_model215,/home/lyara/areswave/models/Geophysical_model215.nd,nd,UNK,,,949.483,60.0,900.0,193.481,949.483,60.0,1114.426,16.494000000000142,1460.805,98.9659999999999,1675.15,60.0,0.2776838057957137,0.7896597276446704,0.6190010870283515,0.7223161942042863,0.21034027235532965,1
Geophysical_model927,/home/lyara/areswave/models/Geophysical_model927.nd,nd,UNK,,,933.844,60.0,879.592,183.668,933.844,60.0,1119.984,33.84400000000005,1492.265,84.60900000000015,1690.635,60.0,0.4041390853928082,0.7265460372672274,0.6190770533090877,0.5958609146071918,0.27345396273277256,1
Geophysical_model201,/home/lyara/areswave/models/Geophysical_model201.nd,nd,UNK,,,1049.881,60.0,900.0,182.40099999999995,1049.881,60.0,1133.149,33.307000000000016,1482.872,83.26800000000003,1680.916,60.0,0.5843200620383101,0.6365259070040858,0.6191239586821605,0.4156799379616899,0.36347409299591416,1
Geophysical_model324,/home/lyara/areswave/models/Geophysical_model324.nd,nd,UNK,,,1049.881,60.0,900.0,182.40099999999995,1049.881,60.0,1133.149,33.307000000000016,1482.872,83.26800000000003,1680.916,60.0,0.5843200620383101,0.6365259070040858,0.6191239586821605,0.4156799379616899,0.36347409299591416,1
Geophysical_model166,/home/lyara/areswave/models/Geophysical_model166.nd,nd,UNK,,,1063.464,60.0,900.0,197.09799999999996,1063.464,60.0,1145.196,32.692999999999984,1472.124,65.38599999999997,1669.795,60.0,0.5344561331017947,0.6619968885832923,0.6194833034227931,0.46554386689820526,0.3380031114167077,1
AK_model_12,/home/lyara/areswave/models/AK_model_12.nd,nd,UNK,,,1035.663,60.0,813.003,24.74000000000001,1035.663,60.0,1283.062,74.2199999999998,1307.802,24.74000000000001,1686.223,60.0,0.6153860425859916,0.6217685837332425,0.6196410700174922,0.38461395741400833,0.37823141626675744,1
Geophysical_model390,/home/lyara/areswave/models/Geophysical_model390.nd,nd,UNK,,,1033.228,60.0,900.0,182.29700000000003,1033.228,60.0,1133.149,33.307000000000016,1499.526,83.26800000000003,1680.916,60.0,0.3187204105092568,0.7702109337283174,0.6197140926552972,0.6812795894907432,0.22978906627168266,1
Geophysical_model626,/home/lyara/areswave/models/Geophysical_model626.nd,nd,UNK,,,933.4,60.0,876.875,184.99800000000005,933.4,60.0,1117.102,33.399999999999864,1484.505,83.5010000000002,1682.605,60.0,0.3122391258525412,0.7736522421453584,0.6198478700477527,0.6877608741474588,0.22634775785464153,1
MD_model57,/home/lyara/areswave/models/MD_model57.nd,nd,UNK,,,943.736,60.0,850.536,93.19999999999993,943.736,60.0,1285.469,62.13300000000004,1306.18,31.06600000000003,1593.857,60.0,0.6037792286520791,0.628146057126899,0.6200237809686256,0.39622077134792094,0.37185394287310103,1
Geophysical_model101,/home/lyara/areswave/models/Geophysical_model101.nd,nd,UNK,,,967.437,60.0,900.0,186.66099999999994,967.437,60.0,1119.169,33.718000000000075,1456.352,101.15499999999997,1688.364,60.0,0.5409609299428735,0.6598261614204142,0.6202044175945672,0.45903907005712646,0.3401738385795859,1
Geophysical_model122,/home/lyara/areswave/models/Geophysical_model122.nd,nd,UNK,,,967.437,60.0,900.0,186.66099999999994,967.437,60.0,1119.169,33.718000000000075,1456.352,101.15499999999997,1688.364,60.0,0.5409609299428735,0.6598261614204142,0.6202044175945672,0.45903907005712646,0.3401738385795859,1
Geophysical_model95,/home/lyara/areswave/models/Geophysical_model95.nd,nd,UNK,,,999.558,60.0,878.735,191.38400000000001,999.558,60.0,1115.708,16.592999999999847,1480.753,99.55799999999999,1678.723,60.0,0.17216151583419714,0.8446058607856505,0.6204577458018327,0.8278384841658029,0.15539413921434952,1
Geophysical_model307,/home/lyara/areswave/models/Geophysical_model307.nd,nd,UNK,,,999.558,60.0,878.735,191.38400000000001,999.558,60.0,1115.708,16.592999999999847,1480.753,99.55799999999999,1678.723,60.0,0.17216151583419714,0.8446058607856505,0.6204577458018327,0.8278384841658029,0.15539413921434952,1
Geophysical_model280,/home/lyara/areswave/models/Geophysical_model280.nd,nd,UNK,,,999.558,60.0,878.735,191.38400000000001,999.558,60.0,1115.708,16.592999999999847,1480.753,99.55799999999999,1678.723,60.0,0.17216151583419714,0.8446058607856505,0.6204577458018327,0.8278384841658029,0.15539413921434952,1
CD_model51,/home/lyara/areswave/models/CD_model51.nd,nd,UNK,,,,60.0,,60.0,,60.0,,60.0,,60.0,,60.0,0.823446229335389,0.5189712227021881,0.6204628915799217,0.17655377066461103,0.48102877729781185,1
Geophysical_model985,/home/lyara/areswave/models/Geophysical_model985.nd,nd,UNK,,,950.721,60.0,900.0,182.836,950.721,60.0,1119.792,33.81400000000008,1491.747,84.53500000000008,1690.099,60.0,0.2626971079140681,0.7995186763212226,0.6205781535188378,0.7373028920859319,0.20048132367877738,1
Geophysical_model18,/home/lyara/areswave/models/Geophysical_model18.nd,nd,UNK,,,1098.133,60.0,900.0,196.457,1098.133,60.0,1147.666,16.510999999999967,1494.399,66.04399999999987,1675.759,60.0,0.4060433400628325,0.7282220224308492,0.6208291283081769,0.5939566599371675,0.2717779775691508,1
Geophysical_model214,/home/lyara/areswave/models/Geophysical_model214.nd,nd,UNK,,,949.92,60.0,900.0,183.216,949.92,60.0,1116.318,16.6400000000001,1449.115,116.47900000000004,1680.421,60.0,0.3835822243815792,0.7397465797991813,0.621025127993314,0.6164177756184208,0.26025342020081865,1
Geophysical_model691,/home/lyara/areswave/models/Geophysical_model691.nd,nd,UNK,,,900.0,60.0,900.0,179.015,900.0,60.0,1119.258,33.73199999999997,1490.311,101.19599999999991,1688.613,60.0,0.3632389360630568,0.7500375436862967,0.6211046744785501,0.6367610639369432,0.24996245631370334,1
Geophysical_model782,/home/lyara/areswave/models/Geophysical_model782.nd,nd,UNK,,,900.0,60.0,900.0,179.015,900.0,60.0,1119.258,33.73199999999997,1490.311,101.19599999999991,1688.613,60.0,0.3632389360630568,0.7500375436862967,0.6211046744785501,0.6367610639369432,0.24996245631370334,1
Geophysical_model656,/home/lyara/areswave/models/Geophysical_model656.nd,nd,UNK,,,900.0,60.0,900.0,179.015,900.0,60.0,1119.258,33.73199999999997,1490.311,101.19599999999991,1688.613,60.0,0.3632389360630568,0.7500375436862967,0.6211046744785501,0.6367610639369432,0.24996245631370334,1
Geophysical_model299,/home/lyara/areswave/models/Geophysical_model299.nd,nd,UNK,,,1098.572,60.0,900.0,179.41700000000003,1098.572,60.0,1115.12,16.548000000000002,1446.074,99.28600000000006,1677.084,60.0,0.19077594759230898,0.8366852474023825,0.6213821474656913,0.809224052407691,0.16331475259761752,1
Geophysical_model383,/home/lyara/areswave/models/Geophysical_model383.nd,nd,UNK,,,1031.555,60.0,900.0,185.83299999999997,1031.555,60.0,1130.221,32.888999999999896,1475.552,82.221,1673.341,60.0,0.3304652290946257,0.7678774008146675,0.6220733435746536,0.6695347709053743,0.23212259918533254,1
AK_model_52,/home/lyara/areswave/models/AK_model_52.nd,nd,UNK,,,1026.612,60.0,827.005,24.951000000000022,1026.612,60.0,1276.121,74.85200000000009,1301.072,24.951000000000022,1681.933,60.0,0.5472273927281566,0.660073929090071,0.6224584169694328,0.4527726072718435,0.33992607090992893,1
Geophysical_model712,/home/lyara/areswave/models/Geophysical_model712.nd,nd,UNK,,,916.714,60.0,900.0,193.20000000000005,916.714,60.0,1117.28,33.42699999999991,1484.983,83.56899999999996,1683.1,60.0,0.2575517625585465,0.805097149336073,0.6225820204102308,0.7424482374414535,0.19490285066392693,1
Geophysical_model427,/home/lyara/areswave/models/Geophysical_model427.nd,nd,UNK,,,949.973,60.0,900.0,194.57500000000005,949.973,60.0,1116.548,16.656999999999925,1449.698,99.94499999999994,1681.061,60.0,0.20463417865980082,0.8316562099238138,0.6226488661691428,0.7953658213401992,0.1683437900761861,1
Geophysical_model285,/home/lyara/areswave/models/Geophysical_model285.nd,nd,UNK,,,949.973,60.0,900.0,194.57500000000005,949.973,60.0,1116.548,16.656999999999925,1449.698,99.94499999999994,1681.061,60.0,0.20463417865980082,0.8316562099238138,0.6226488661691428,0.7953658213401992,0.1683437900761861,1
Geophysical_model870,/home/lyara/areswave/models/Geophysical_model870.nd,nd,UNK,,,900.0,60.0,859.178,183.70100000000002,900.0,60.0,1106.522,17.210000000000036,1485.145,86.04999999999995,1502.356,68.83999999999992,0.457909716514065,0.7051208918836331,0.6227171667604438,0.542090283485935,0.2948791081163669,1
Geophysical_model983,/home/lyara/areswave/models/Geophysical_model983.nd,nd,UNK,,,933.343,60.0,900.0,178.96400000000006,933.343,60.0,1116.73,33.343000000000075,1483.505,83.35800000000017,1681.57,60.0,0.3591194149814986,0.7549219282913784,0.6229877571880852,0.6408805850185014,0.24507807170862164,1
Geophysical_model78,/home/lyara/areswave/models/Geophysical_model78.nd,nd,UNK,,,916.795,60.0,900.0,184.466,916.795,60.0,1101.543,16.795000000000073,1437.448,100.77099999999996,1686.049,60.0,0.3661831381624093,0.7525888176646902,0.6237869244972633,0.6338168618375907,0.24741118233530984,1
Geophysical_model123,/home/lyara/areswave/models/Geophysical_model123.nd,nd,UNK,,,1032.872,60.0,900.0,181.79200000000003,1032.872,60.0,1132.525,33.2170000000001,1481.314,83.04500000000007,1679.303,60.0,0.37753060066035216,0.747174320955829,0.6239597475240034,0.6224693993396478,0.2528256790441709,1
Geophysical_model258,/home/lyara/areswave/models/Geophysical_model258.nd,nd,UNK,,,999.884,60.0,900.0,194.94500000000005,999.884,60.0,1116.415,16.646999999999935,1499.302,99.88400000000001,1680.691,60.0,0.35132202265283474,0.7607079235137116,0.624245956560086,0.6486779773471653,0.23929207648628836,1
Geophysical_model826,/home/lyara/areswave/models/Geophysical_model826.nd,nd,UNK,,,1088.334,60.0,900.0,20.698999999999955,1088.334,60.0,1105.456,17.121000000000095,1465.003,119.85000000000014,1697.857,60.0,0.47242496071101103,0.7008991535212161,0.6247410892511477,0.527575039288989,0.29910084647878393,1
Geophysical_model35,/home/lyara/areswave/models/Geophysical_model35.nd,nd,UNK,,,1049.765,60.0,900.0,179.803,1049.765,60.0,1132.968,33.28099999999995,1499.059,83.202,1680.447,60.0,0.40478040574905405,0.7351602482969934,0.625033634114347,0.595219594250946,0.2648397517030065,1
Geophysical_model11,/home/lyara/areswave/models/Geophysical_model11.nd,nd,UNK,,,1001.216,60.0,861.153,194.23299999999995,1001.216,60.0,1119.301,33.738000000000056,1490.426,101.2159999999999,1688.731,60.0,0.48759692175553904,0.6938066701077,0.6250700873236464,0.512403078244461,0.30619332989229997,1
Geophysical_model308,/home/lyara/areswave/models/Geophysical_model308.nd,nd,UNK,,,1016.273,60.0,878.266,195.60199999999998,1016.273,60.0,1132.546,33.221000000000004,1497.976,99.66300000000001,1679.357,60.0,0.3363089888460258,0.7701081935902787,0.6255084586755277,0.6636910111539742,0.22989180640972126,1
Geophysical_model864,/home/lyara/areswave/models/Geophysical_model864.nd,nd,UNK,,,933.862,60.0,879.268,186.58399999999995,933.862,60.0,1120.105,33.86200000000008,1492.59,84.65599999999995,1690.97,60.0,0.33190889117050715,0.772566503925839,0.6256806330073951,0.6680911088294929,0.227433496074161,1
Geophysical_model701,/home/lyara/areswave/models/Geophysical_model701.nd,nd,UNK,,,933.862,60.0,879.268,186.58399999999995,933.862,60.0,1120.105,33.86200000000008,1492.59,84.65599999999995,1690.97,60.0,0.33190889117050715,0.772566503925839,0.6256806330073951,0.6680911088294929,0.227433496074161,1
Geophysical_model705,/home/lyara/areswave/models/Geophysical_model705.nd,nd,UNK,,,933.862,60.0,879.268,186.58399999999995,933.862,60.0,1120.105,33.86200000000008,1492.59,84.65599999999995,1690.97,60.0,0.33190889117050715,0.772566503925839,0.6256806330073951,0.6680911088294929,0.227433496074161,1
Geophysical_model108,/home/lyara/areswave/models/Geophysical_model108.nd,nd,UNK,,,999.816,60.0,900.0,195.837,999.816,60.0,1116.267,16.635999999999967,1498.893,99.81500000000005,1680.28,60.0,0.37872350103329966,0.7497604191946989,0.6260814464742325,0.6212764989667003,0.2502395808053011,1
Geophysical_model545,/home/lyara/areswave/models/Geophysical_model545.nd,nd,UNK,,,916.767,60.0,900.0,191.72900000000004,916.767,60.0,1117.965,33.5329999999999,1486.828,83.83300000000008,1685.009,60.0,0.3151952132300546,0.7815818337014844,0.6261196268776744,0.6848047867699454,0.2184181662985156,1
Geophysical_model708,/home/lyara/areswave/models/Geophysical_model708.nd,nd,UNK,,,900.0,60.0,900.0,178.57299999999998,900.0,60.0,1118.565,33.625,1471.633,100.87599999999998,1686.682,60.0,0.47684516476308936,0.7010831061071978,0.6263371256591617,0.5231548352369106,0.2989168938928021,1
Geophysical_model886,/home/lyara/areswave/models/Geophysical_model886.nd,nd,UNK,,,950.526,60.0,900.0,173.24099999999999,950.526,60.0,1135.789,33.68399999999997,1489.473,67.36899999999991,1687.745,60.0,0.22372544614603251,0.8284574478208679,0.6268801139292561,0.7762745538539675,0.17154255217913209,1
Geophysical_model758,/home/lyara/areswave/models/Geophysical_model758.nd,nd,UNK,,,950.526,60.0,900.0,173.24099999999999,950.526,60.0,1135.789,33.68399999999997,1489.473,67.36899999999991,1687.745,60.0,0.22372544614603251,0.8284574478208679,0.6268801139292561,0.7762745538539675,0.17154255217913209,1
Geophysical_model503,/home/lyara/areswave/models/Geophysical_model503.nd,nd,UNK,,,950.526,60.0,900.0,173.24099999999999,950.526,60.0,1135.789,33.68399999999997,1489.473,67.36899999999991,1687.745,60.0,0.22372544614603251,0.8284574478208679,0.6268801139292561,0.7762745538539675,0.17154255217913209,1
Geophysical_model866,/home/lyara/areswave/models/Geophysical_model866.nd,nd,UNK,,,950.119,60.0,900.0,181.0,950.119,60.0,1133.89,50.11999999999989,1484.726,66.82600000000002,1682.834,60.0,0.35140154947651325,0.7646634355220354,0.6269094735068613,0.6485984505234867,0.23533656447796464,1
Geophysical_model707,/home/lyara/areswave/models/Geophysical_model707.nd,nd,UNK,,,933.674,60.0,879.802,181.78499999999997,933.674,60.0,1118.884,33.67399999999998,1489.303,84.18600000000015,1687.57,60.0,0.4970348225010158,0.6918689981224042,0.6269242729152747,0.5029651774989842,0.30813100187759584,1
Geophysical_model879,/home/lyara/areswave/models/Geophysical_model879.nd,nd,UNK,,,933.674,60.0,879.802,181.78499999999997,933.674,60.0,1118.884,33.67399999999998,1489.303,84.18600000000015,1687.57,60.0,0.4970348225010158,0.6918689981224042,0.6269242729152747,0.5029651774989842,0.30813100187759584,1
Geophysical_model144,/home/lyara/areswave/models/Geophysical_model144.nd,nd,UNK,,,966.251,60.0,900.0,186.74800000000005,966.251,60.0,1115.315,16.562999999999874,1463.132,99.37599999999998,1677.628,60.0,0.33693979367815263,0.7724837373666082,0.6273024228037897,0.6630602063218474,0.22751626263339175,1
Geophysical_model241,/home/lyara/areswave/models/Geophysical_model241.nd,nd,UNK,,,1033.228,60.0,900.0,182.39200000000005,1033.228,60.0,1133.149,33.307000000000016,1482.872,83.26800000000003,1680.916,60.0,0.3346369889207912,0.773697219916508,0.6273438095846023,0.6653630110792088,0.226302780083492,1
Geophysical_model321,/home/lyara/areswave/models/Geophysical_model321.nd,nd,UNK,,,1064.355,60.0,900.0,189.894,1064.355,60.0,1146.533,32.87099999999987,1491.679,65.74200000000019,1673.022,60.0,0.35702659283140814,0.7626945537865528,0.627471900134838,0.6429734071685919,0.23730544621344724,1
Geophysical_model847,/home/lyara/areswave/models/Geophysical_model847.nd,nd,UNK,,,916.687,60.0,876.852,185.18100000000004,916.687,60.0,1116.931,33.374000000000024,1484.044,83.43500000000017,1682.128,60.0,0.5577302481532245,0.662570801884534,0.6276239506407641,0.4422697518467755,0.337429198115466,1
Geophysical_model723,/home/lyara/areswave/models/Geophysical_model723.nd,nd,UNK,,,916.644,60.0,876.961,184.31500000000005,916.644,60.0,1116.374,16.644000000000005,1499.19,99.86500000000001,1680.578,60.0,0.3523488642867676,0.7653287445195316,0.6276687844419436,0.6476511357132324,0.23467125548046835,1
Geophysical_model608,/home/lyara/areswave/models/Geophysical_model608.nd,nd,UNK,,,916.644,60.0,876.961,184.31500000000005,916.644,60.0,1116.374,16.644000000000005,1499.19,99.86500000000001,1680.578,60.0,0.3523488642867676,0.7653287445195316,0.6276687844419436,0.6476511357132324,0.23467125548046835,1
Geophysical_model906,/home/lyara/areswave/models/Geophysical_model906.nd,nd,UNK,,,916.577,60.0,900.0,196.183,916.577,60.0,1115.503,16.576999999999998,1480.2,99.46299999999997,1678.151,60.0,0.395791303615629,0.7437057244860512,0.6277342508625772,0.604208696384371,0.2562942755139488,1
Geophysical_model616,/home/lyara/areswave/models/Geophysical_model616.nd,nd,UNK,,,933.693,60.0,900.0,180.94000000000005,933.693,60.0,1119.005,33.69300000000021,1489.628,84.23299999999995,1687.906,60.0,0.2691374712231899,0.8078932849822852,0.6283080137292534,0.7308625287768101,0.1921067150177148,1
Geophysical_model696,/home/lyara/areswave/models/Geophysical_model696.nd,nd,UNK,,,933.693,60.0,900.0,180.94000000000005,933.693,60.0,1119.005,33.69300000000021,1489.628,84.23299999999995,1687.906,60.0,0.2691374712231899,0.8078932849822852,0.6283080137292534,0.7308625287768101,0.1921067150177148,1
Geophysical_model765,/home/lyara/areswave/models/Geophysical_model765.nd,nd,UNK,,,933.693,60.0,900.0,180.94000000000005,933.693,60.0,1119.005,33.69300000000021,1489.628,84.23299999999995,1687.906,60.0,0.2691374712231899,0.8078932849822852,0.6283080137292534,0.7308625287768101,0.1921067150177148,1
Geophysical_model767,/home/lyara/areswave/models/Geophysical_model767.nd,nd,UNK,,,933.693,60.0,900.0,180.94000000000005,933.693,60.0,1119.005,33.69300000000021,1489.628,84.23299999999995,1687.906,60.0,0.2691374712231899,0.8078932849822852,0.6283080137292534,0.7308625287768101,0.1921067150177148,1
Geophysical_model975,/home/lyara/areswave/models/Geophysical_model975.nd,nd,UNK,,,933.693,60.0,900.0,180.94000000000005,933.693,60.0,1119.005,33.69300000000021,1489.628,84.23299999999995,1687.906,60.0,0.2691374712231899,0.8078932849822852,0.6283080137292534,0.7308625287768101,0.1921067150177148,1
Geophysical_model618,/home/lyara/areswave/models/Geophysical_model618.nd,nd,UNK,,,933.862,60.0,900.0,186.58500000000004,933.862,60.0,1120.105,33.86200000000008,1492.59,84.65599999999995,1690.97,60.0,0.34601956704416503,0.7697438499708158,0.6285024223285989,0.653980432955835,0.23025615002918415,1
Geophysical_model5,/home/lyara/areswave/models/Geophysical_model5.nd,nd,UNK,,,1015.251,60.0,900.0,187.659,1015.251,60.0,1130.502,32.92899999999986,1492.719,82.32200000000012,1674.068,60.0,0.38122668746922794,0.7521955216374414,0.6285392435813703,0.6187733125307721,0.24780447836255864,1
Geophysical_model459,/home/lyara/areswave/models/Geophysical_model459.nd,nd,UNK,,,966.557,60.0,877.418,180.65499999999997,966.557,60.0,1116.31,16.639000000000124,1465.734,99.83500000000004,1680.4,60.0,0.29106773071985703,0.7975814938890526,0.6287435728326541,0.708932269280143,0.20241850611094736,1
MD_model61,/home/lyara/areswave/models/MD_model61.nd,nd,UNK,,,1068.978,60.0,864.088,193.50699999999995,1068.978,60.0,1194.188,193.50700000000006,1399.077,102.44500000000016,1694.611,60.0,0.4351580416454348,0.725590122941688,0.6287794291762703,0.5648419583545652,0.274409877058312,1
Geophysical_model185,/home/lyara/areswave/models/Geophysical_model185.nd,nd,UNK,,,1001.288,60.0,861.569,192.154,1001.288,60.0,1119.457,33.76299999999992,1490.847,101.28800000000001,1689.167,60.0,0.6572834054926322,0.6148057603683574,0.6289649754097824,0.34271659450736786,0.38519423963164257,1
Geophysical_model893,/home/lyara/areswave/models/Geophysical_model893.nd,nd,UNK,,,950.04,60.0,900.0,197.96500000000003,950.04,60.0,1133.518,33.36000000000013,1483.796,66.72000000000003,1681.871,60.0,0.44032892684874825,0.723606437143297,0.6291806003784474,0.5596710731512518,0.276393562856703,1
Geophysical_model537,/home/lyara/areswave/models/Geophysical_model537.nd,nd,UNK,,,933.394,60.0,900.0,184.93899999999996,933.394,60.0,1133.76,33.39499999999998,1484.399,66.78799999999978,1682.496,60.0,0.3936218525666545,0.7475489615050993,0.6295732585256176,0.6063781474333455,0.2524510384949007,1
Geophysical_model221,/home/lyara/areswave/models/Geophysical_model221.nd,nd,UNK,,,1063.523,60.0,900.0,189.414,1063.523,60.0,1145.284,16.35200000000009,1488.683,65.4090000000001,1670.008,60.0,0.3046198086918218,0.7920671897645686,0.6295847294069863,0.6953801913081782,0.20793281023543148,1
Geophysical_model67,/home/lyara/areswave/models/Geophysical_model67.nd,nd,UNK,,,1017.871,60.0,900.0,184.98900000000003,1017.871,60.0,1135.742,16.838999999999942,1489.354,84.19299999999998,1687.623,60.0,0.6284130245342604,0.6303308425191566,0.6296915698575245,0.3715869754657396,0.3696691574808434,1
Geophysical_model953,/home/lyara/areswave/models/Geophysical_model953.nd,nd,UNK,,,916.648,60.0,877.533,179.73699999999997,916.648,60.0,1116.419,16.64799999999991,1499.315,99.88499999999999,1680.704,60.0,0.3021819349187943,0.7935133579398952,0.6297362169328616,0.6978180650812057,0.20648664206010484,1
Geophysical_model932,/home/lyara/areswave/models/Geophysical_model932.nd,nd,UNK,,,966.597,60.0,900.0,179.61900000000003,966.597,60.0,1133.089,33.298,1499.372,83.2460000000001,1680.761,60.0,0.42461670996568246,0.7332951055025376,0.6304023069902526,0.5753832900343175,0.2667048944974623,1
AK_model_45,/home/lyara/areswave/models/AK_model_45.nd,nd,UNK,,,1013.382,60.0,800.038,26.66700000000003,1013.382,60.0,1280.062,106.6719999999998,1493.405,26.667999999999893,1703.13,60.0,0.3040242527748074,0.7936272296715363,0.6304262373726267,0.6959757472251926,0.20637277032846374,1
Geophysical_model801,/home/lyara/areswave/models/Geophysical_model801.nd,nd,UNK,,,966.694,60.0,900.0,192.625,966.694,60.0,1133.428,33.346000000000004,1483.57,66.69399999999996,1681.638,60.0,0.45773273565293304,0.717293152346846,0.630773013448875,0.542267264347067,0.28270684765315396,1
Geophysical_model297,/home/lyara/areswave/models/Geophysical_model297.nd,nd,UNK,,,1049.919,60.0,900.0,181.611,1049.919,60.0,1133.207,33.315000000000055,1483.019,83.28800000000001,1681.067,60.0,0.4823017421790733,0.7051292295087812,0.6308534003988786,0.5176982578209267,0.29487077049121874,1
Geophysical_model26,/home/lyara/areswave/models/Geophysical_model26.nd,nd,UNK,,,1049.919,60.0,900.0,181.611,1049.919,60.0,1133.207,33.315000000000055,1483.019,83.28800000000001,1681.067,60.0,0.4823017421790733,0.7051292295087812,0.6308534003988786,0.5176982578209267,0.29487077049121874,1
CD_model6,/home/lyara/areswave/models/CD_model6.nd,nd,UNK,,,,60.0,,60.0,,60.0,,60.0,,60.0,,60.0,0.541330895520798,0.6756434981453014,0.6308726306038003,0.458669104479202,0.32435650185469855,1
Geophysical_model332,/home/lyara/areswave/models/Geophysical_model332.nd,nd,UNK,,,1063.97,60.0,900.0,188.12900000000002,1063.97,60.0,1145.955,32.79399999999987,1490.293,65.58799999999997,1671.628,60.0,0.5700061803020333,0.6616659336964487,0.6311126825649769,0.42999381969796674,0.33833406630355134,1
Geophysical_model344,/home/lyara/areswave/models/Geophysical_model344.nd,nd,UNK,,,1063.97,60.0,900.0,188.12900000000002,1063.97,60.0,1145.955,32.79399999999987,1490.293,65.58799999999997,1671.628,60.0,0.5700061803020333,0.6616659336964487,0.6311126825649769,0.42999381969796674,0.33833406630355134,1
Geophysical_model568,/home/lyara/areswave/models/Geophysical_model568.nd,nd,UNK,,,900.0,60.0,900.0,181.52300000000002,900.0,60.0,1118.976,33.68899999999985,1472.706,101.06600000000003,1687.825,60.0,0.36382548371736234,0.7649418851899982,0.6312364180324529,0.6361745162826377,0.23505811481000183,1
Geophysical_model747,/home/lyara/areswave/models/Geophysical_model747.nd,nd,UNK,,,900.0,60.0,900.0,29.783999999999992,900.0,60.0,1101.736,16.810999999999922,1471.585,100.86799999999994,1686.632,60.0,0.6659025880271109,0.6146858909226462,0.6317581232908012,0.3340974119728891,0.3853141090773537,1
AK_model_77,/home/lyara/areswave/models/AK_model_77.nd,nd,UNK,,,1027.629,60.0,797.873,25.527999999999906,1027.629,60.0,1282.914,76.58600000000001,1308.442,25.52800000000002,1694.139,60.0,0.5203759441132294,0.6878929125530175,0.6320539230730882,0.47962405588677054,0.3121070874469825,1
Geophysical_model505,/home/lyara/areswave/models/Geophysical_model505.nd,nd,UNK,,,949.989,60.0,900.0,178.015,949.989,60.0,1116.619,16.66300000000001,1499.867,83.31500000000005,1681.259,60.0,0.3641567835750146,0.7660282482676604,0.6320710933701118,0.6358432164249854,0.23397175173233964,1
Geophysical_model988,/home/lyara/areswave/models/Geophysical_model988.nd,nd,UNK,,,950.085,60.0,900.0,182.54700000000003,950.085,60.0,1133.728,33.3900000000001,1484.32,66.779,1682.414,60.0,0.5541379175112621,0.6717983240752412,0.6325781885539148,0.44586208248873793,0.3282016759247588,1
Geophysical_model478,/home/lyara/areswave/models/Geophysical_model478.nd,nd,UNK,,,983.19,60.0,858.498,186.75699999999995,983.19,60.0,1116.294,16.63799999999992,1465.692,116.46500000000015,1680.354,60.0,0.16897917537255092,0.864430337970717,0.6326132837713283,0.8310208246274491,0.13556966202928294,1
Geophysical_model437,/home/lyara/areswave/models/Geophysical_model437.nd,nd,UNK,,,1000.927,60.0,900.0,186.89499999999998,1000.927,60.0,1135.497,33.64300000000003,1488.742,84.106,1686.989,60.0,0.2087449197303619,0.8453175772938288,0.6331266914393399,0.7912550802696381,0.15468242270617116,1
AK_model_71,/home/lyara/areswave/models/AK_model_71.nd,nd,UNK,,,1027.518,60.0,797.261,25.58400000000006,1027.518,60.0,1283.359,76.75199999999995,1308.944,25.58400000000006,1695.121,60.0,0.4098215465835596,0.7450501279280632,0.6333072674798954,0.5901784534164404,0.2549498720719368,1
Geophysical_model588,/home/lyara/areswave/models/Geophysical_model588.nd,nd,UNK,,,916.714,60.0,900.0,191.837,916.714,60.0,1117.284,33.42800000000011,1468.281,83.57100000000014,1683.113,60.0,0.20097570499317596,0.8495306006148526,0.6333456354076271,0.799024295006824,0.1504693993851474,1
Geophysical_model921,/home/lyara/areswave/models/Geophysical_model921.nd,nd,UNK,,,916.674,60.0,877.608,179.13699999999994,916.674,60.0,1116.766,33.347999999999956,1483.6,83.37099999999987,1681.669,60.0,0.44309187036371356,0.7289158245338706,0.6336411731438183,0.5569081296362864,0.2710841754661294,1
Geophysical_model500,/home/lyara/areswave/models/Geophysical_model500.nd,nd,UNK,,,950.39,60.0,900.0,189.02200000000005,950.39,60.0,1135.153,33.59400000000005,1487.881,67.18600000000015,1686.099,60.0,0.3380963549357753,0.781744123254897,0.6338615338151897,0.6619036450642247,0.21825587674510302,1
Geophysical_model977,/home/lyara/areswave/models/Geophysical_model977.nd,nd,UNK,,,1086.703,60.0,900.0,21.20399999999995,1086.703,60.0,1103.676,16.972999999999956,1460.108,118.81000000000017,1692.486,60.0,0.53319732594187,0.6842867875146874,0.6339236336570816,0.46680267405813003,0.31571321248531264,1
Geophysical_model790,/home/lyara/areswave/models/Geophysical_model790.nd,nd,UNK,,,900.0,60.0,900.0,197.837,900.0,60.0,1104.416,17.035000000000082,1479.179,102.20799999999986,1694.72,60.0,0.3641491580039268,0.7688871059546937,0.6339744566377714,0.6358508419960732,0.23111289404530636,1
Geophysical_model243,/home/lyara/areswave/models/Geophysical_model243.nd,nd,UNK,,,982.905,60.0,900.0,182.57500000000005,982.905,60.0,1115.552,16.58100000000013,1463.752,116.06700000000001,1678.288,60.0,0.14615625164403745,0.8779005542040559,0.6339857866840498,0.8538437483559626,0.12209944579594412,1
Geophysical_model479,/home/lyara/areswave/models/Geophysical_model479.nd,nd,UNK,,,983.998,60.0,876.544,187.64999999999998,983.998,60.0,1118.394,33.59899999999993,1487.983,100.79700000000003,1686.203,60.0,0.32832981552500495,0.7871773628147261,0.634228180384819,0.671670184474995,0.21282263718527394,1
Geophysical_model481,/home/lyara/areswave/models/Geophysical_model481.nd,nd,UNK,,,1096.615,60.0,900.0,187.25699999999995,1096.615,60.0,1145.769,32.769000000000005,1489.845,65.53899999999999,1671.177,60.0,0.5281919940330149,0.6872555560672174,0.6342343687224833,0.47180800596698513,0.31274444393278256,1
Geophysical_model387,/home/lyara/areswave/models/Geophysical_model387.nd,nd,UNK,,,966.673,60.0,900.0,186.43399999999997,966.673,60.0,1116.688,33.33600000000001,1483.391,100.00999999999999,1681.453,60.0,0.17566898804738917,0.8636943271956911,0.6343525474795905,0.8243310119526108,0.13630567280430897,1
Geophysical_model811,/home/lyara/areswave/models/Geophysical_model811.nd,nd,UNK,,,900.0,60.0,900.0,181.49800000000005,900.0,60.0,1106.522,17.210000000000036,1467.935,86.04999999999995,1502.356,68.83999999999992,0.4378185974759258,0.7327736957165468,0.6344553296363399,0.5621814025240742,0.2672263042834532,1
Geophysical_model959,/home/lyara/areswave/models/Geophysical_model959.nd,nd,UNK,,,900.0,60.0,900.0,181.49800000000005,900.0,60.0,1106.522,17.210000000000036,1467.935,86.04999999999995,1502.356,68.83999999999992,0.4378185974759258,0.7327736957165468,0.6344553296363399,0.5621814025240742,0.2672263042834532,1
Geophysical_model606,/home/lyara/areswave/models/Geophysical_model606.nd,nd,UNK,,,916.576,60.0,877.86,199.25699999999995,916.576,60.0,1115.491,16.576000000000022,1496.743,99.45699999999988,1678.117,60.0,0.404513437781456,0.7494404183934074,0.6344647581894236,0.595486562218544,0.2505595816065926,1
Geophysical_model647,/home/lyara/areswave/models/Geophysical_model647.nd,nd,UNK,,,916.648,60.0,877.465,180.284,916.648,60.0,1116.419,16.64799999999991,1499.315,99.88499999999999,1680.704,60.0,0.47233180447159184,0.7157609117561126,0.6346178759946056,0.5276681955284082,0.2842390882438874,1
Geophysical_model415,/home/lyara/areswave/models/Geophysical_model415.nd,nd,UNK,,,949.68,60.0,900.0,189.93600000000004,949.68,60.0,1115.279,16.559999999999945,1463.038,99.3599999999999,1677.528,60.0,0.21742396763632943,0.8436116142063923,0.634882398683038,0.7825760323636706,0.15638838579360775,1
Geophysical_model813,/home/lyara/areswave/models/Geophysical_model813.nd,nd,UNK,,,933.856,60.0,900.0,185.649,933.856,60.0,1120.061,33.855999999999995,1492.472,84.6389999999999,1690.849,60.0,0.2991070938621265,0.8032965545114167,0.6352334009616533,0.7008929061378735,0.1967034454885833,1
Geophysical_model812,/home/lyara/areswave/models/Geophysical_model812.nd,nd,UNK,,,916.648,60.0,900.0,180.024,916.648,60.0,1116.419,16.64799999999991,1499.315,99.88499999999999,1680.704,60.0,0.41171703205781307,0.7470584737619551,0.6352779931939078,0.5882829679421869,0.2529415262380449,1
Geophysical_model954,/home/lyara/areswave/models/Geophysical_model954.nd,nd,UNK,,,900.0,60.0,900.0,187.087,900.0,60.0,1116.17,16.62799999999993,1448.739,116.40000000000009,1680.009,60.0,0.24281856530764367,0.8316031143203811,0.635341597982802,0.7571814346923563,0.16839688567961889,1
AK_model_74,/home/lyara/areswave/models/AK_model_74.nd,nd,UNK,,,1048.917,60.0,820.552,25.374000000000024,1048.917,60.0,1277.282,50.74799999999982,1328.03,50.74800000000005,1687.331,60.0,0.42900225253066726,0.7385739632882373,0.6353833930357139,0.5709977474693327,0.26142603671176273,1
Geophysical_model715,/home/lyara/areswave/models/Geophysical_model715.nd,nd,UNK,,,900.0,60.0,900.0,180.03999999999996,900.0,60.0,1118.266,33.57899999999995,1470.849,100.73799999999983,1685.847,60.0,0.36633213601017833,0.7701244837505629,0.635527034503768,0.6336678639898217,0.22987551624943714,1
Geophysical_model65,/home/lyara/areswave/models/Geophysical_model65.nd,nd,UNK,,,965.752,60.0,900.0,181.31399999999996,965.752,60.0,1113.693,16.437000000000126,1442.45,115.06499999999983,1673.108,60.0,0.2779153819715271,0.8145087150503942,0.6356442706907718,0.7220846180284729,0.1854912849496058,1
Geophysical_model323,/home/lyara/areswave/models/Geophysical_model323.nd,nd,UNK,,,1048.112,60.0,900.0,188.29700000000003,1048.112,60.0,1130.397,32.91399999999999,1492.449,82.28500000000008,1673.797,60.0,0.5158617174082591,0.6961555561621873,0.6360576099108779,0.4841382825917409,0.30384444383781267,1
Geophysical_model394,/home/lyara/areswave/models/Geophysical_model394.nd,nd,UNK,,,1048.112,60.0,900.0,188.29700000000003,1048.112,60.0,1130.397,32.91399999999999,1492.449,82.28500000000008,1673.797,60.0,0.5158617174082591,0.6961555561621873,0.6360576099108779,0.4841382825917409,0.30384444383781267,1
Geophysical_model475,/home/lyara/areswave/models/Geophysical_model475.nd,nd,UNK,,,1048.112,60.0,900.0,188.29700000000003,1048.112,60.0,1130.397,32.91399999999999,1492.449,82.28500000000008,1673.797,60.0,0.5158617174082591,0.6961555561621873,0.6360576099108779,0.4841382825917409,0.30384444383781267,1
Geophysical_model472,/home/lyara/areswave/models/Geophysical_model472.nd,nd,UNK,,,1048.112,60.0,900.0,188.29700000000003,1048.112,60.0,1130.397,32.91399999999999,1492.449,82.28500000000008,1673.797,60.0,0.5158617174082591,0.6961555561621873,0.6360576099108779,0.4841382825917409,0.30384444383781267,1
Geophysical_model146,/home/lyara/areswave/models/Geophysical_model146.nd,nd,UNK,,,950.269,60.0,900.0,194.93100000000004,950.269,60.0,1117.834,33.51299999999992,1452.962,117.29499999999985,1684.644,60.0,0.34929729399893206,0.779846203258511,0.6363299001719847,0.6507027060010679,0.2201537967414891,1
Geophysical_model57,/home/lyara/areswave/models/Geophysical_model57.nd,nd,UNK,,,984.104,60.0,876.704,186.37199999999996,984.104,60.0,1118.67,33.641000000000076,1488.726,100.9240000000002,1686.973,60.0,0.19293966392966377,0.8583376240918879,0.6365383040378131,0.8070603360703362,0.14166237590811212,1
Geophysical_model117,/home/lyara/areswave/models/Geophysical_model117.nd,nd,UNK,,,966.508,60.0,900.0,194.01300000000003,966.508,60.0,1116.152,16.626999999999953,1465.32,99.76199999999994,1679.958,60.0,0.4185521498278383,0.7455889323132028,0.636576671484748,0.5814478501721617,0.25441106768679717,1
Geophysical_model728,/home/lyara/areswave/models/Geophysical_model728.nd,nd,UNK,,,933.805,60.0,879.401,185.38699999999994,933.805,60.0,1119.733,33.805000000000064,1491.589,84.51299999999992,1689.935,60.0,0.35627822724103264,0.7769136055251269,0.6367018127637621,0.6437217727589674,0.2230863944748731,1
Geophysical_model436,/home/lyara/areswave/models/Geophysical_model436.nd,nd,UNK,,,949.631,60.0,900.0,190.808,949.631,60.0,1115.067,16.544000000000096,1462.484,99.26199999999994,1676.937,60.0,0.3606681334920374,0.7748241096987789,0.6367721176298651,0.6393318665079626,0.22517589030122104,1
Geophysical_model577,/home/lyara/areswave/models/Geophysical_model577.nd,nd,UNK,,,1099.625,60.0,900.0,21.533000000000015,1099.625,60.0,1116.26,16.635999999999967,1465.604,99.81200000000013,1680.261,60.0,0.3493455512079564,0.7805024856358133,0.6367835074931943,0.6506544487920436,0.2194975143641867,1
Geophysical_model521,/home/lyara/areswave/models/Geophysical_model521.nd,nd,UNK,,,966.806,60.0,900.0,176.74800000000005,966.806,60.0,1133.823,33.40299999999979,1484.557,66.80700000000002,1682.659,60.0,0.5416563862775701,0.6844882993482985,0.6368776616580557,0.4583436137224299,0.31551170065170153,1
Geophysical_model979,/home/lyara/areswave/models/Geophysical_model979.nd,nd,UNK,,,916.648,60.0,877.439,180.48900000000003,916.648,60.0,1116.419,16.64799999999991,1482.668,99.88499999999999,1680.704,60.0,0.3026957744061274,0.8041229707518168,0.6369805719699203,0.6973042255938726,0.19587702924818315,1
Geophysical_model617,/home/lyara/areswave/models/Geophysical_model617.nd,nd,UNK,,,900.0,60.0,900.0,22.54600000000005,900.0,60.0,1101.621,16.801999999999907,1454.457,100.81099999999992,1686.284,60.0,0.42643765666327826,0.7423517705830762,0.6370470659431436,0.5735623433367217,0.2576482294169237,1
Geophysical_model399,/home/lyara/areswave/models/Geophysical_model399.nd,nd,UNK,,,1098.226,60.0,900.0,179.57600000000002,1098.226,60.0,1114.745,16.519000000000005,1445.122,99.11300000000006,1676.04,60.0,0.18917471728237878,0.8611762598502539,0.6371757456609622,0.8108252827176212,0.1388237401497461,1
Geophysical_model47,/home/lyara/areswave/models/Geophysical_model47.nd,nd,UNK,,,1017.887,60.0,900.0,183.97400000000005,1017.887,60.0,1135.775,33.682000000000016,1472.595,84.2059999999999,1687.708,60.0,0.5833577287207183,0.6646223820150459,0.63753416425027,0.4166422712792817,0.3353776179849542,1
CD_model27,/home/lyara/areswave/models/CD_model27.nd,nd,UNK,,,,60.0,,60.0,,60.0,,60.0,,60.0,,60.0,0.6715155242728199,0.6205942305705332,0.6375679951379621,0.32848447572718015,0.37940576942946674,1
Geophysical_model620,/home/lyara/areswave/models/Geophysical_model620.nd,nd,UNK,,,933.4,60.0,900.0,184.22799999999995,933.4,60.0,1117.102,33.399999999999864,1484.505,83.5010000000002,1682.605,60.0,0.5254222904716268,0.6941737807651793,0.6379232840006618,0.4745777095283732,0.3058262192348207,1
MD_model31,/home/lyara/areswave/models/MD_model31.nd,nd,UNK,,,1004.85,60.0,809.075,10.303999999999974,1004.85,60.0,1252.146,154.55999999999995,1303.666,103.03999999999996,1580.355,60.0,0.3661681165754167,0.7742060573419396,0.6381934104197653,0.6338318834245833,0.22579394265806044,1
Geophysical_model842,/home/lyara/areswave/models/Geophysical_model842.nd,nd,UNK,,,950.91,60.0,900.0,184.808,950.91,60.0,1120.608,33.940000000000055,1476.975,84.84899999999993,1692.373,60.0,0.12902068107403541,0.892820984823769,0.6382208835738578,0.8709793189259646,0.10717901517623094,1
Geophysical_model698,/home/lyara/areswave/models/Geophysical_model698.nd,nd,UNK,,,1067.222,60.0,900.0,22.057000000000016,1067.222,60.0,1100.667,16.72199999999998,1451.834,100.33300000000008,1683.405,60.0,0.4322939531415705,0.7414589429975075,0.6384039463788618,0.5677060468584295,0.2585410570024925,1
Geophysical_model530,/home/lyara/areswave/models/Geophysical_model530.nd,nd,UNK,,,1086.696,60.0,900.0,21.399999999999977,1086.696,60.0,1103.669,16.97199999999998,1460.089,118.80700000000002,1692.465,60.0,0.505731505760068,0.7050259420771419,0.6385944633047839,0.494268494239932,0.2949740579228582,1
Geophysical_model118,/home/lyara/areswave/models/Geophysical_model118.nd,nd,UNK,,,965.822,60.0,859.686,181.41200000000003,965.822,60.0,1113.92,16.455999999999904,1459.484,115.1869999999999,1673.742,60.0,0.19744555425612353,0.8593866636740961,0.6387396272014386,0.8025544457438765,0.14061333632590384,1
Geophysical_model666,/home/lyara/areswave/models/Geophysical_model666.nd,nd,UNK,,,900.0,60.0,900.0,179.90099999999995,900.0,60.0,1119.137,33.71399999999994,1473.128,101.14099999999985,1688.275,60.0,0.34730645910019975,0.7853083744264698,0.6393077359843798,0.6526935408998003,0.21469162557353016,1
Geophysical_model556,/home/lyara/areswave/models/Geophysical_model556.nd,nd,UNK,,,900.0,60.0,900.0,179.90099999999995,900.0,60.0,1119.137,33.71399999999994,1473.128,101.14099999999985,1688.275,60.0,0.34730645910019975,0.7853083744264698,0.6393077359843798,0.6526935408998003,0.21469162557353016,1
CD_model14,/home/lyara/areswave/models/CD_model14.nd,nd,UNK,,,,60.0,,60.0,,60.0,,60.0,,60.0,,60.0,0.840102958693878,0.539261804305216,0.6395421891014367,0.1598970413061221,0.4607381956947841,1
Geophysical_model599,/home/lyara/areswave/models/Geophysical_model599.nd,nd,UNK,,,933.507,60.0,875.918,192.65700000000004,933.507,60.0,1117.798,33.506999999999834,1469.624,83.76800000000003,1684.543,60.0,0.4617308535795872,0.728485943951305,0.6395675804940657,0.5382691464204128,0.2715140560486951,1
Geophysical_model768,/home/lyara/areswave/models/Geophysical_model768.nd,nd,UNK,,,933.507,60.0,875.918,192.65700000000004,933.507,60.0,1117.798,33.506999999999834,1469.624,83.76800000000003,1684.543,60.0,0.4617308535795872,0.728485943951305,0.6395675804940657,0.5382691464204128,0.2715140560486951,1
Geophysical_model41,/home/lyara/areswave/models/Geophysical_model41.nd,nd,UNK,,,949.973,60.0,900.0,192.69399999999996,949.973,60.0,1116.548,16.656999999999925,1449.698,116.60299999999984,1681.061,60.0,0.4727186372803005,0.7232678913152656,0.6397514733036106,0.5272813627196995,0.2767321086847344,1
CD_model65,/home/lyara/areswave/models/CD_model65.nd,nd,UNK,,,,60.0,,60.0,,60.0,,60.0,,60.0,,60.0,0.7805418783963582,0.5696841136431097,0.6399700352275258,0.2194581216036417,0.4303158863568903,1
Geophysical_model820,/home/lyara/areswave/models/Geophysical_model820.nd,nd,UNK,,,950.007,60.0,900.0,178.976,950.007,60.0,1133.367,33.337999999999965,1483.418,66.67599999999993,1681.481,60.0,0.5296538913831199,0.6951828892185528,0.6400065566067418,0.47034610861688014,0.3048171107814472,1
Geophysical_model695,/home/lyara/areswave/models/Geophysical_model695.nd,nd,UNK,,,900.0,60.0,857.316,192.07600000000002,900.0,60.0,1116.56,16.65800000000013,1466.387,116.60899999999992,1681.095,60.0,0.36270244465483914,0.7786829380870873,0.6400227736096712,0.6372975553451609,0.22131706191291264,1
Geophysical_model903,/home/lyara/areswave/models/Geophysical_model903.nd,nd,UNK,,,916.669,60.0,877.364,181.08500000000004,916.669,60.0,1116.699,33.337999999999965,1483.42,83.346,1681.482,60.0,0.26544154988076163,0.8274477955338899,0.6401123803161805,0.7345584501192384,0.17255220446611014,1
Geophysical_model796,/home/lyara/areswave/models/Geophysical_model796.nd,nd,UNK,,,916.669,60.0,877.364,181.08500000000004,916.669,60.0,1116.699,33.337999999999965,1483.42,83.346,1681.482,60.0,0.26544154988076163,0.8274477955338899,0.6401123803161805,0.7345584501192384,0.17255220446611014,1
Geophysical_model593,/home/lyara/areswave/models/Geophysical_model593.nd,nd,UNK,,,916.669,60.0,877.364,181.08500000000004,916.669,60.0,1116.699,33.337999999999965,1483.42,83.346,1681.482,60.0,0.26544154988076163,0.8274477955338899,0.6401123803161805,0.7345584501192384,0.17255220446611014,1
Geophysical_model491,/home/lyara/areswave/models/Geophysical_model491.nd,nd,UNK,,,1098.226,60.0,900.0,179.37300000000005,1098.226,60.0,1114.745,16.519000000000005,1445.122,99.11300000000006,1676.04,60.0,0.2088218606912382,0.8558328312205725,0.6401625077107944,0.7911781393087618,0.14416716877942748,1
MD_model58,/home/lyara/areswave/models/MD_model58.nd,nd,UNK,,,900.043,60.0,768.768,121.17700000000002,900.043,60.0,1293.868,80.78499999999985,1314.064,30.294000000000096,1495.829,61.08600000000001,0.38101257615545936,0.7701524138223415,0.6404391346000474,0.6189874238445406,0.2298475861776586,1
AK_model_94,/home/lyara/areswave/models/AK_model_94.nd,nd,UNK,,,1080.51,60.0,778.064,27.495000000000005,1080.51,60.0,1272.975,27.49499999999989,1327.965,54.99000000000001,1730.529,60.0,0.785824777547574,0.5678511400836928,0.6405090192383198,0.2141752224524261,0.4321488599163072,1
Geophysical_model218,/home/lyara/areswave/models/Geophysical_model218.nd,nd,UNK,,,966.445,60.0,900.0,179.84699999999998,966.445,60.0,1115.945,16.611000000000104,1464.778,99.66700000000014,1679.382,60.0,0.36562660070033615,0.7781143397734427,0.6406184267490739,0.6343733992996639,0.22188566022655729,1
CD_model46,/home/lyara/areswave/models/CD_model46.nd,nd,UNK,,,,60.0,,60.0,,60.0,,60.0,,60.0,,60.0,0.6061190158751564,0.6582407176307116,0.6408668170455265,0.39388098412484357,0.34175928236928843,1
CD_model45,/home/lyara/areswave/models/CD_model45.nd,nd,UNK,,,,60.0,,60.0,,60.0,,60.0,,60.0,,60.0,0.6061190158751564,0.6582407176307116,0.6408668170455265,0.39388098412484357,0.34175928236928843,1
Geophysical_model809,/home/lyara/areswave/models/Geophysical_model809.nd,nd,UNK,,,916.969,60.0,878.195,196.24400000000003,916.969,60.0,1120.603,33.93900000000008,1493.931,84.84699999999998,1692.359,60.0,0.46188943417326256,0.7305183712057416,0.6409753921949153,0.5381105658267374,0.2694816287942584,1
Geophysical_model228,/home/lyara/areswave/models/Geophysical_model228.nd,nd,UNK,,,1000.927,60.0,900.0,186.836,1000.927,60.0,1135.497,33.64300000000003,1488.742,84.106,1686.989,60.0,0.3931588405982299,0.7649687946159818,0.6410321432767311,0.6068411594017701,0.23503120538401823,1
Geophysical_model794,/home/lyara/areswave/models/Geophysical_model794.nd,nd,UNK,,,950.91,60.0,900.0,184.586,950.91,60.0,1120.608,33.940000000000055,1493.945,84.84899999999993,1692.373,60.0,0.23703369353422465,0.8434495560185967,0.6413109351904728,0.7629663064657753,0.1565504439814033,1
Geophysical_model671,/home/lyara/areswave/models/Geophysical_model671.nd,nd,UNK,,,1099.625,60.0,900.0,21.470000000000027,1099.625,60.0,1116.26,16.635999999999967,1465.604,99.81200000000013,1680.261,60.0,0.5371114168085018,0.6936649384233279,0.6414804312183858,0.4628885831914981,0.3063350615766721,1
Geophysical_model277,/home/lyara/areswave/models/Geophysical_model277.nd,nd,UNK,,,1099.994,60.0,900.0,181.19100000000003,1099.994,60.0,1116.66,16.66599999999994,1449.983,99.99699999999984,1681.374,60.0,0.34093292306221623,0.7918858310226111,0.6415681950358129,0.6590670769377838,0.20811416897738885,1
Geophysical_model410,/home/lyara/areswave/models/Geophysical_model410.nd,nd,UNK,,,1099.994,60.0,900.0,181.19100000000003,1099.994,60.0,1116.66,16.66599999999994,1449.983,99.99699999999984,1681.374,60.0,0.34093292306221623,0.7918858310226111,0.6415681950358129,0.6590670769377838,0.20811416897738885,1
Geophysical_model825,/home/lyara/areswave/models/Geophysical_model825.nd,nd,UNK,,,916.714,60.0,876.157,190.74599999999998,916.714,60.0,1117.284,33.42800000000011,1484.996,83.57100000000014,1683.113,60.0,0.23013572784927394,0.8473004590033463,0.6415788819519889,0.7698642721507261,0.15269954099665373,1
Geophysical_model601,/home/lyara/areswave/models/Geophysical_model601.nd,nd,UNK,,,916.693,60.0,877.681,178.54899999999998,916.693,60.0,1117.015,33.386000000000195,1484.271,83.46699999999987,1682.363,60.0,0.1911559492785061,0.8671887140359913,0.6418444591168296,0.8088440507214939,0.13281128596400868,1
AK_model_13,/home/lyara/areswave/models/AK_model_13.nd,nd,UNK,,,1077.549,60.0,882.305,24.404999999999973,1077.549,60.0,1297.199,73.2170000000001,1321.604,24.40599999999995,1673.271,60.0,0.34017675142732007,0.7927238357695675,0.6418748076554851,0.6598232485726799,0.2072761642304325,1
MD_model33,/home/lyara/areswave/models/MD_model33.nd,nd,UNK,,,1018.87,60.0,748.052,187.49,1018.87,60.0,1279.273,20.832000000000107,1362.602,72.91300000000001,1579.187,60.0,0.4944312475005219,0.7164507750048997,0.6424442658367738,0.5055687524994781,0.28354922499510027,1
Geophysical_model531,/home/lyara/areswave/models/Geophysical_model531.nd,nd,UNK,,,950.068,60.0,900.0,179.99099999999999,950.068,60.0,1133.65,50.067999999999984,1484.125,66.75700000000006,1682.212,60.0,0.34752581732289156,0.7899846689772168,0.6424983850924417,0.6524741826771084,0.21001533102278325,1
Geophysical_model761,/home/lyara/areswave/models/Geophysical_model761.nd,nd,UNK,,,900.0,60.0,900.0,179.39,900.0,60.0,1101.753,33.625,1488.445,100.87599999999998,1686.682,60.0,0.4451471251297635,0.7415896967904906,0.6427755062369149,0.5548528748702365,0.2584103032095094,1
Geophysical_model740,/home/lyara/areswave/models/Geophysical_model740.nd,nd,UNK,,,1098.51,60.0,900.0,23.918000000000006,1098.51,60.0,1115.052,16.54300000000012,1462.444,99.25500000000011,1676.896,60.0,0.3447794391355157,0.7918604463407588,0.6428334439390111,0.6552205608644843,0.20813955365924122,1
Geophysical_model630,/home/lyara/areswave/models/Geophysical_model630.nd,nd,UNK,,,916.693,60.0,877.619,179.04700000000003,916.693,60.0,1117.015,33.386000000000195,1484.271,83.46699999999987,1682.363,60.0,0.4342036076814233,0.7472340227004226,0.6428905510274229,0.5657963923185767,0.25276597729957745,1
Geophysical_model814,/home/lyara/areswave/models/Geophysical_model814.nd,nd,UNK,,,1088.465,60.0,900.0,20.69500000000005,1088.465,60.0,1105.598,17.133000000000038,1465.394,102.79899999999998,1698.287,60.0,0.521174131643589,0.7044014582940361,0.643325682743887,0.478825868356411,0.2955985417059639,1
Geophysical_model375,/home/lyara/areswave/models/Geophysical_model375.nd,nd,UNK,,,949.973,60.0,900.0,197.183,949.973,60.0,1116.548,16.656999999999925,1449.698,116.60299999999984,1681.061,60.0,0.46467239651395376,0.7330700465646577,0.643604163214423,0.5353276034860462,0.2669299534353423,1
Geophysical_model363,/home/lyara/areswave/models/Geophysical_model363.nd,nd,UNK,,,949.973,60.0,900.0,197.183,949.973,60.0,1116.548,16.656999999999925,1449.698,116.60299999999984,1681.061,60.0,0.46467239651395376,0.7330700465646577,0.643604163214423,0.5353276034860462,0.2669299534353423,1
Geophysical_model42,/home/lyara/areswave/models/Geophysical_model42.nd,nd,UNK,,,949.68,60.0,900.0,189.971,949.68,60.0,1115.279,16.559999999999945,1446.478,115.91999999999985,1677.528,60.0,0.2694250466505441,0.8308198007219474,0.6436882160314796,0.7305749533494559,0.1691801992780526,1
Geophysical_model195,/home/lyara/areswave/models/Geophysical_model195.nd,nd,UNK,,,966.712,60.0,900.0,192.40499999999997,966.712,60.0,1116.813,33.355999999999995,1483.727,100.06700000000001,1681.8,60.0,0.3701044602438337,0.7804981199040567,0.6437002333506491,0.6298955397561663,0.2195018800959433,1
Geophysical_model60,/home/lyara/areswave/models/Geophysical_model60.nd,nd,UNK,,,966.712,60.0,900.0,192.40499999999997,966.712,60.0,1116.813,33.355999999999995,1483.727,100.06700000000001,1681.8,60.0,0.3701044602438337,0.7804981199040567,0.6437002333506491,0.6298955397561663,0.2195018800959433,1
Geophysical_model237,/home/lyara/areswave/models/Geophysical_model237.nd,nd,UNK,,,949.523,60.0,900.0,190.596,949.523,60.0,1114.598,16.507000000000062,1461.256,99.04499999999985,1675.63,60.0,0.395434779743157,0.7682337380267137,0.6439674185988614,0.604565220256843,0.23176626197328634,1
Geophysical_model223,/home/lyara/areswave/models/Geophysical_model223.nd,nd,UNK,,,1016.377,60.0,900.0,197.923,1016.377,60.0,1132.755,33.251000000000204,1498.512,99.75199999999995,1679.896,60.0,0.3534748624789894,0.7892762649112801,0.6440091307671832,0.6465251375210106,0.21072373508871992,1
Geophysical_model320,/home/lyara/areswave/models/Geophysical_model320.nd,nd,UNK,,,983.203,60.0,878.839,190.447,983.203,60.0,1116.329,16.6400000000001,1465.783,116.48400000000015,1680.452,60.0,0.4274824754449964,0.752537788961077,0.6441860177890502,0.5725175245550036,0.24746221103892296,1
Geophysical_model434,/home/lyara/areswave/models/Geophysical_model434.nd,nd,UNK,,,983.203,60.0,878.839,190.447,983.203,60.0,1116.329,16.6400000000001,1465.783,116.48400000000015,1680.452,60.0,0.4274824754449964,0.752537788961077,0.6441860177890502,0.5725175245550036,0.24746221103892296,1
Geophysical_model651,/home/lyara/areswave/models/Geophysical_model651.nd,nd,UNK,,,900.0,60.0,900.0,22.408999999999992,900.0,60.0,1101.621,16.801999999999907,1488.061,100.81099999999992,1686.284,60.0,0.4107569248667954,0.7609118216143365,0.6441935226984894,0.5892430751332046,0.2390881783856636,1
Geophysical_model45,/home/lyara/areswave/models/Geophysical_model45.nd,nd,UNK,,,1016.295,60.0,900.0,198.29700000000003,1016.295,60.0,1132.589,33.22699999999986,1481.473,99.68200000000002,1679.468,60.0,0.30186714355335154,0.815571589246462,0.6443367740154252,0.6981328564466485,0.184428410753538,1
Geophysical_model508,/home/lyara/areswave/models/Geophysical_model508.nd,nd,UNK,,,1083.952,60.0,900.0,22.323999999999955,1083.952,60.0,1100.674,16.722999999999956,1485.3,100.33699999999999,1683.428,60.0,0.5070497618722153,0.7131525782037988,0.6444516394266043,0.4929502381277847,0.2868474217962012,1
Geophysical_model40,/home/lyara/areswave/models/Geophysical_model40.nd,nd,UNK,,,1063.521,60.0,900.0,197.404,1063.521,60.0,1145.281,32.70399999999995,1488.674,65.4079999999999,1669.999,60.0,0.49303883758646383,0.7203364115230818,0.6445705535442091,0.5069611624135362,0.2796635884769182,1
Geophysical_model174,/home/lyara/areswave/models/Geophysical_model174.nd,nd,UNK,,,999.816,60.0,900.0,195.88099999999997,999.816,60.0,1116.267,16.635999999999967,1498.893,99.81500000000005,1680.28,60.0,0.322517397984061,0.8061375565449509,0.6449308370246543,0.677482602015939,0.19386244345504908,1
Geophysical_model522,/home/lyara/areswave/models/Geophysical_model522.nd,nd,UNK,,,916.711,60.0,877.48,180.159,916.711,60.0,1117.248,33.423,1484.898,83.55700000000002,1683.012,60.0,0.45636001437616813,0.7392438358874336,0.6449492287170118,0.5436399856238319,0.26075616411256647,1
Geophysical_model376,/home/lyara/areswave/models/Geophysical_model376.nd,nd,UNK,,,983.203,60.0,878.839,190.45100000000002,983.203,60.0,1116.329,16.6400000000001,1465.783,99.84400000000005,1680.452,60.0,0.34487978370484795,0.7951135316479776,0.6450356156669343,0.655120216295152,0.20488646835202243,1
Geophysical_model358,/home/lyara/areswave/models/Geophysical_model358.nd,nd,UNK,,,1049.881,60.0,900.0,182.43100000000004,1049.881,60.0,1133.149,33.307000000000016,1482.872,83.26800000000003,1680.916,60.0,0.5310680797537239,0.7023731002583861,0.645271426756832,0.46893192024627606,0.29762689974161394,1
Geophysical_model429,/home/lyara/areswave/models/Geophysical_model429.nd,nd,UNK,,,965.996,60.0,900.0,194.13,965.996,60.0,1114.487,16.499000000000024,1460.966,98.99399999999991,1675.321,60.0,0.3932767245497546,0.7716150983252795,0.6455023070667713,0.6067232754502454,0.22838490167472045,1
CD_model21,/home/lyara/areswave/models/CD_model21.nd,nd,UNK,,,,60.0,,60.0,,60.0,,60.0,,60.0,,60.0,0.7639750819935331,0.5862865085717761,0.6455160330456952,0.23602491800646688,0.41371349142822383,1
Geophysical_model409,/home/lyara/areswave/models/Geophysical_model409.nd,nd,UNK,,,1047.741,60.0,900.0,190.02200000000005,1047.741,60.0,1146.235,32.830999999999904,1490.965,82.07799999999997,1672.304,60.0,0.45685061170668395,0.739993568202798,0.6456125827040934,0.543149388293316,0.2600064317972019,1
Geophysical_model330,/home/lyara/areswave/models/Geophysical_model330.nd,nd,UNK,,,1047.741,60.0,900.0,190.02200000000005,1047.741,60.0,1146.235,32.830999999999904,1490.965,82.07799999999997,1672.304,60.0,0.45685061170668395,0.739993568202798,0.6456125827040934,0.543149388293316,0.2600064317972019,1
Geophysical_model150,/home/lyara/areswave/models/Geophysical_model150.nd,nd,UNK,,,1099.378,60.0,900.0,179.668,1099.378,60.0,1115.993,16.614000000000033,1431.674,99.68900000000008,1679.515,60.0,0.49057401542473467,0.7232509616084868,0.6456919795472361,0.5094259845752653,0.27674903839151327,1
Geophysical_model862,/home/lyara/areswave/models/Geophysical_model862.nd,nd,UNK,,,916.702,60.0,877.518,179.85699999999997,916.702,60.0,1117.126,33.403999999999996,1484.569,83.50999999999999,1682.671,60.0,0.3704781235368114,0.7834721501411027,0.645807474606339,0.6295218764631886,0.2165278498588973,1
Geophysical_model764,/home/lyara/areswave/models/Geophysical_model764.nd,nd,UNK,,,933.862,60.0,900.0,186.66999999999996,933.862,60.0,1120.105,33.86200000000008,1492.59,84.65599999999995,1690.97,60.0,0.2764697367960721,0.8313197482122294,0.6463697444068437,0.7235302632039279,0.16868025178777063,1
Geophysical_model192,/home/lyara/areswave/models/Geophysical_model192.nd,nd,UNK,,,1016.377,60.0,900.0,199.29700000000003,1016.377,60.0,1132.755,33.251000000000204,1498.512,99.75199999999995,1679.896,60.0,0.4274725513018699,0.7558662700565705,0.646401697138337,0.5725274486981301,0.2441337299434295,1
Geophysical_model84,/home/lyara/areswave/models/Geophysical_model84.nd,nd,UNK,,,1064.355,60.0,900.0,188.62699999999995,1064.355,60.0,1146.533,16.435999999999922,1475.244,65.74200000000019,1673.022,60.0,0.6640909561576284,0.638068500230752,0.6467426522063775,0.33590904384237164,0.361931499769248,1
Geophysical_model978,/home/lyara/areswave/models/Geophysical_model978.nd,nd,UNK,,,950.781,60.0,900.0,183.60400000000004,950.781,60.0,1136.977,33.85400000000004,1492.442,67.70700000000011,1690.818,60.0,0.22503227979363993,0.8577449100845485,0.646840699987579,0.7749677202063601,0.14225508991545155,1
CD_model41,/home/lyara/areswave/models/CD_model41.nd,nd,UNK,,,,60.0,,60.0,,60.0,,60.0,,60.0,,60.0,0.7139784457711966,0.6135470217457737,0.6470241630875814,0.2860215542288034,0.3864529782542263,1
Geophysical_model575,/home/lyara/areswave/models/Geophysical_model575.nd,nd,UNK,,,900.0,60.0,900.0,191.03700000000003,900.0,60.0,1116.744,33.34500000000003,1483.543,100.03599999999983,1681.61,60.0,0.3461429114306528,0.797468234762653,0.647026460318653,0.6538570885693472,0.20253176523734695,1
Geophysical_model574,/home/lyara/areswave/models/Geophysical_model574.nd,nd,UNK,,,900.0,60.0,900.0,191.03700000000003,900.0,60.0,1116.744,33.34500000000003,1483.543,100.03599999999983,1681.61,60.0,0.3461429114306528,0.797468234762653,0.647026460318653,0.6538570885693472,0.20253176523734695,1
Geophysical_model204,/home/lyara/areswave/models/Geophysical_model204.nd,nd,UNK,,,982.32,60.0,900.0,191.80899999999997,982.32,60.0,1114.032,16.465000000000146,1459.777,115.24799999999982,1674.055,60.0,0.5097772297283265,0.7159276295002397,0.6472108295762686,0.49022277027167355,0.28407237049976025,1
Geophysical_model523,/home/lyara/areswave/models/Geophysical_model523.nd,nd,UNK,,,966.694,60.0,900.0,192.65800000000002,966.694,60.0,1133.428,33.346000000000004,1483.57,66.69399999999996,1681.638,60.0,0.5961844095594102,0.6728009230174243,0.6472620851980863,0.40381559044058984,0.3271990769825756,1
Geophysical_model742,/home/lyara/areswave/models/Geophysical_model742.nd,nd,UNK,,,966.694,60.0,900.0,192.65800000000002,966.694,60.0,1133.428,33.346000000000004,1483.57,66.69399999999996,1681.638,60.0,0.5961844095594102,0.6728009230174243,0.6472620851980863,0.40381559044058984,0.3271990769825756,1
Geophysical_model445,/home/lyara/areswave/models/Geophysical_model445.nd,nd,UNK,,,1047.789,60.0,900.0,189.394,1047.789,60.0,1146.314,32.8420000000001,1491.154,65.68399999999997,1672.494,60.0,0.43120369928476765,0.7555407908374204,0.6474284269865361,0.5687963007152324,0.24445920916257957,1
Geophysical_model348,/home/lyara/areswave/models/Geophysical_model348.nd,nd,UNK,,,1032.872,60.0,877.308,181.53499999999997,1032.872,60.0,1132.525,33.2170000000001,1481.314,83.04500000000007,1679.303,60.0,0.6659748361018702,0.638229377594425,0.6474778637635734,0.3340251638981298,0.36177062240557495,1
Geophysical_model77,/home/lyara/areswave/models/Geophysical_model77.nd,nd,UNK,,,1049.531,60.0,900.0,181.05100000000004,1049.531,60.0,1132.603,33.22900000000004,1498.123,83.07300000000009,1679.504,60.0,0.5692723817366221,0.686776483188155,0.6476084493709774,0.43072761826337796,0.313223516811845,1
Geophysical_model527,/home/lyara/areswave/models/Geophysical_model527.nd,nd,UNK,,,966.867,60.0,900.0,178.18499999999995,966.867,60.0,1134.035,33.43399999999997,1485.088,66.86699999999996,1683.208,60.0,0.6472021901465339,0.6480087325277586,0.6477398850673504,0.3527978098534661,0.35199126747224135,1
MD_model56,/home/lyara/areswave/models/MD_model56.nd,nd,UNK,,,903.728,60.0,798.823,115.39600000000007,903.728,60.0,1291.878,73.43399999999997,1312.859,31.471000000000004,1613.347,60.0,0.5972762130028609,0.6731442642506074,0.647854913834692,0.40272378699713907,0.3268557357493927,1
Geophysical_model152,/home/lyara/areswave/models/Geophysical_model152.nd,nd,UNK,,,950.042,60.0,900.0,197.91099999999994,950.042,60.0,1116.847,33.361000000000104,1450.457,116.7639999999999,1681.894,60.0,0.37880581054348605,0.7829570709013962,0.6482399841154262,0.621194189456514,0.21704292909860382,1
Geophysical_model873,/home/lyara/areswave/models/Geophysical_model873.nd,nd,UNK,,,966.709,60.0,875.782,193.74599999999998,966.709,60.0,1133.481,33.35500000000002,1483.703,66.70900000000006,1681.776,60.0,0.38129658877382744,0.7819788126504763,0.64841807135826,0.6187034112261726,0.21802118734952367,1
Geophysical_model830,/home/lyara/areswave/models/Geophysical_model830.nd,nd,UNK,,,966.709,60.0,875.782,193.74599999999998,966.709,60.0,1133.481,33.35500000000002,1483.703,66.70900000000006,1681.776,60.0,0.38129658877382744,0.7819788126504763,0.64841807135826,0.6187034112261726,0.21802118734952367,1
Geophysical_model356,/home/lyara/areswave/models/Geophysical_model356.nd,nd,UNK,,,966.251,60.0,900.0,185.62599999999998,966.251,60.0,1115.315,16.562999999999874,1463.132,99.37599999999998,1677.628,60.0,0.4865828325957241,0.7293807656151174,0.6484481212753197,0.5134171674042759,0.2706192343848826,1
Geophysical_model403,/home/lyara/areswave/models/Geophysical_model403.nd,nd,UNK,,,966.251,60.0,900.0,185.62599999999998,966.251,60.0,1115.315,16.562999999999874,1463.132,99.37599999999998,1677.628,60.0,0.4865828325957241,0.7293807656151174,0.6484481212753197,0.5134171674042759,0.2706192343848826,1
Geophysical_model395,/home/lyara/areswave/models/Geophysical_model395.nd,nd,UNK,,,966.251,60.0,900.0,185.62599999999998,966.251,60.0,1115.315,16.562999999999874,1463.132,99.37599999999998,1677.628,60.0,0.4865828325957241,0.7293807656151174,0.6484481212753197,0.5134171674042759,0.2706192343848826,1
Geophysical_model468,/home/lyara/areswave/models/Geophysical_model468.nd,nd,UNK,,,966.251,60.0,900.0,185.62599999999998,966.251,60.0,1115.315,16.562999999999874,1463.132,99.37599999999998,1677.628,60.0,0.4865828325957241,0.7293807656151174,0.6484481212753197,0.5134171674042759,0.2706192343848826,1
AK_model_10,/home/lyara/areswave/models/AK_model_10.nd,nd,UNK,,,1032.783,60.0,836.001,24.597999999999956,1032.783,60.0,1278.762,73.79399999999987,1303.36,24.597000000000207,1680.778,60.0,0.19741388817897454,0.8745103456990427,0.6488115265256867,0.8025861118210255,0.1254896543009573,1
Geophysical_model573,/home/lyara/areswave/models/Geophysical_model573.nd,nd,UNK,,,1098.113,60.0,900.0,23.974000000000046,1098.113,60.0,1114.623,16.509000000000015,1444.812,115.5659999999998,1675.699,60.0,0.5075197880105856,0.7195014557576536,0.6488408998419642,0.4924802119894144,0.2804985442423465,1
CD_model2,/home/lyara/areswave/models/CD_model2.nd,nd,UNK,,,,60.0,,60.0,,60.0,,60.0,,60.0,,60.0,0.6205631102822731,0.6634636767379286,0.6491634879193767,0.3794368897177269,0.3365363232620714,1
Geophysical_model354,/home/lyara/areswave/models/Geophysical_model354.nd,nd,UNK,,,1063.97,60.0,900.0,189.30700000000002,1063.97,60.0,1145.955,16.396999999999935,1490.293,65.58799999999997,1671.628,60.0,0.3515535568339143,0.7981895963329394,0.649310916499931,0.6484464431660857,0.2018104036670606,1
Geophysical_model378,/home/lyara/areswave/models/Geophysical_model378.nd,nd,UNK,,,1063.97,60.0,900.0,189.30700000000002,1063.97,60.0,1145.955,16.396999999999935,1490.293,65.58799999999997,1671.628,60.0,0.3515535568339143,0.7981895963329394,0.649310916499931,0.6484464431660857,0.2018104036670606,1
Geophysical_model70,/home/lyara/areswave/models/Geophysical_model70.nd,nd,UNK,,,1000.927,60.0,900.0,186.95600000000002,1000.927,60.0,1135.497,33.64300000000003,1488.742,84.106,1686.989,60.0,0.3557516114920779,0.7961358775454028,0.6493411221942945,0.6442483885079221,0.2038641224545972,1
Geophysical_model442,/home/lyara/areswave/models/Geophysical_model442.nd,nd,UNK,,,949.524,60.0,900.0,193.25699999999995,949.524,60.0,1114.604,16.509000000000015,1461.273,99.048,1675.648,60.0,0.2268274918066996,0.8606078414116329,0.6493477248766552,0.7731725081933004,0.139392158588367,1
Geophysical_model898,/home/lyara/areswave/models/Geophysical_model898.nd,nd,UNK,,,916.672,60.0,877.434,180.529,916.672,60.0,1116.741,33.34500000000003,1483.532,83.36199999999985,1681.599,60.0,0.4538192186174156,0.7474274569657824,0.6495580441829935,0.5461807813825844,0.2525725430342176,1
Geophysical_model497,/home/lyara/areswave/models/Geophysical_model497.nd,nd,UNK,,,1063.97,60.0,900.0,188.35900000000004,1063.97,60.0,1145.955,32.79399999999987,1490.293,65.58799999999997,1671.628,60.0,0.7723779412985129,0.5888081223836116,0.649998062021912,0.2276220587014871,0.4111918776163884,1
Geophysical_model929,/home/lyara/areswave/models/Geophysical_model929.nd,nd,UNK,,,933.343,60.0,900.0,179.35500000000002,933.343,60.0,1116.73,33.343000000000075,1483.505,83.35800000000017,1681.57,60.0,0.47708725749245795,0.7366027050094881,0.6500975558371448,0.522912742507542,0.2633972949905119,1
Geophysical_model947,/home/lyara/areswave/models/Geophysical_model947.nd,nd,UNK,,,966.806,60.0,900.0,177.404,966.806,60.0,1133.823,33.40299999999979,1484.557,66.80700000000002,1682.659,60.0,0.6280865461409707,0.6611763689017076,0.650146427981462,0.3719134538590293,0.33882363109829233,1
Geophysical_model406,/home/lyara/areswave/models/Geophysical_model406.nd,nd,UNK,,,999.801,60.0,900.0,193.60699999999997,999.801,60.0,1116.236,16.63299999999981,1482.173,99.80099999999993,1680.192,60.0,0.3306944615752093,0.8098961734241132,0.6501622694744786,0.6693055384247907,0.1901038265758867,1
AK_model_95,/home/lyara/areswave/models/AK_model_95.nd,nd,UNK,,,1073.564,60.0,774.981,27.144000000000005,1073.564,60.0,1290.715,27.144000000000005,1345.002,54.28800000000001,1717.883,60.0,0.6694659317395026,0.640911556126111,0.6504296813305749,0.33053406826049736,0.3590884438738891,1
Geophysical_model722,/home/lyara/areswave/models/Geophysical_model722.nd,nd,UNK,,,900.0,60.0,900.0,22.447000000000003,900.0,60.0,1101.621,16.801999999999907,1488.061,100.81099999999992,1686.284,60.0,0.5996479205475849,0.676141412040089,0.6506435815425876,0.4003520794524152,0.32385858795991096,1
CD_model42,/home/lyara/areswave/models/CD_model42.nd,nd,UNK,,,,60.0,,60.0,,60.0,,60.0,,60.0,,60.0,0.7113537538594867,0.6210502548871621,0.6511514212112703,0.28864624614051326,0.3789497451128378,1
Geophysical_model454,/home/lyara/areswave/models/Geophysical_model454.nd,nd,UNK,,,1031.52,60.0,900.0,186.462,1031.52,60.0,1130.159,32.87999999999988,1475.398,82.19900000000007,1673.183,60.0,0.3816876399791307,0.7859985087333724,0.6512282191486252,0.6183123600208693,0.2140014912666276,1
AK_model_80,/home/lyara/areswave/models/AK_model_80.nd,nd,UNK,,,1048.834,60.0,845.714,25.3900000000001,1048.834,60.0,1277.345,50.77999999999997,1328.125,50.7800000000002,1687.555,60.0,0.5480919819296701,0.7030750275236377,0.6514140123256486,0.45190801807032993,0.29692497247636224,1
AK_model_75,/home/lyara/areswave/models/AK_model_75.nd,nd,UNK,,,1055.732,60.0,825.114,51.24800000000005,1055.732,60.0,1286.349,51.24799999999982,1311.974,51.24800000000005,1698.307,60.0,0.4973476765212005,0.7289358977819853,0.6517398240283904,0.5026523234787995,0.27106410221801475,1
MD_model36,/home/lyara/areswave/models/MD_model36.nd,nd,UNK,,,943.636,60.0,709.932,180.58899999999994,943.636,60.0,1272.946,63.738000000000056,1304.815,10.623000000000047,1608.508,60.0,0.6833087656541161,0.636304515139541,0.6519725986443994,0.3166912343458838,0.363695484860459,1
Geophysical_model562,/home/lyara/areswave/models/Geophysical_model562.nd,nd,UNK,,,916.969,60.0,856.194,197.12699999999995,916.969,60.0,1120.603,33.93900000000008,1476.962,84.84699999999998,1692.359,60.0,0.6757740909436629,0.640254254551302,0.6520942000154223,0.324225909056337,0.359745745448698,1
Geophysical_model571,/home/lyara/areswave/models/Geophysical_model571.nd,nd,UNK,,,916.969,60.0,856.194,197.12699999999995,916.969,60.0,1120.603,33.93900000000008,1476.962,84.84699999999998,1692.359,60.0,0.6757740909436629,0.640254254551302,0.6520942000154223,0.324225909056337,0.359745745448698,1
Geophysical_model960,/home/lyara/areswave/models/Geophysical_model960.nd,nd,UNK,,,916.969,60.0,856.194,197.12699999999995,916.969,60.0,1120.603,33.93900000000008,1476.962,84.84699999999998,1692.359,60.0,0.6757740909436629,0.640254254551302,0.6520942000154223,0.324225909056337,0.359745745448698,1
Geophysical_model251,/home/lyara/areswave/models/Geophysical_model251.nd,nd,UNK,,,967.872,60.0,900.0,180.24099999999999,967.872,60.0,1120.585,33.937000000000126,1459.948,101.80899999999997,1692.31,60.0,0.31372532896138505,0.8213180934245764,0.6521205052701793,0.686274671038615,0.1786819065754236,1
Geophysical_model426,/home/lyara/areswave/models/Geophysical_model426.nd,nd,UNK,,,967.872,60.0,900.0,180.24099999999999,967.872,60.0,1120.585,33.937000000000126,1459.948,101.80899999999997,1692.31,60.0,0.31372532896138505,0.8213180934245764,0.6521205052701793,0.686274671038615,0.1786819065754236,1
Geophysical_model743,/home/lyara/areswave/models/Geophysical_model743.nd,nd,UNK,,,1086.489,60.0,900.0,21.32299999999998,1086.489,60.0,1103.443,16.952999999999975,1459.467,118.67499999999995,1691.782,60.0,0.5560724525652436,0.7003285736022998,0.6522431999232811,0.4439275474347563,0.29967142639770017,1
Geophysical_model690,/home/lyara/areswave/models/Geophysical_model690.nd,nd,UNK,,,900.0,60.0,900.0,179.96799999999996,900.0,60.0,1118.266,33.57899999999995,1470.849,100.73799999999983,1685.847,60.0,0.47015503587631013,0.743543627123982,0.6524140967080915,0.5298449641236899,0.25645637287601797,1
AK_model_34,/home/lyara/areswave/models/AK_model_34.nd,nd,UNK,,,1087.427,60.0,875.207,26.527000000000044,1087.427,60.0,1299.646,26.52800000000002,1352.701,53.055000000000064,1695.247,60.0,0.6158231902470623,0.6708046925897755,0.6524775251422045,0.38417680975293766,0.3291953074102245,1
Geophysical_model725,/home/lyara/areswave/models/Geophysical_model725.nd,nd,UNK,,,916.724,60.0,876.418,188.65300000000002,916.724,60.0,1117.416,33.44800000000009,1485.35,83.62099999999987,1683.48,60.0,0.3206312225408564,0.8190876847304517,0.6529355306672532,0.6793687774591436,0.1809123152695483,1
Geophysical_model895,/home/lyara/areswave/models/Geophysical_model895.nd,nd,UNK,,,900.0,60.0,900.0,197.88099999999997,900.0,60.0,1104.246,17.019999999999982,1461.676,102.12300000000005,1694.206,60.0,0.6323324446778877,0.6633547422021895,0.6530139763607555,0.3676675553221123,0.33664525779781046,1
MD_model6,/home/lyara/areswave/models/MD_model6.nd,nd,UNK,,,984.528,60.0,728.132,10.255999999999972,984.528,60.0,1107.599,184.60500000000002,1384.507,102.5590000000002,1507.577,60.0,0.6902968820408136,0.6344453819012152,0.6530625486144147,0.30970311795918637,0.36555461809878476,1
Geophysical_model991,/home/lyara/areswave/models/Geophysical_model991.nd,nd,UNK,,,933.856,60.0,900.0,186.07299999999998,933.856,60.0,1120.061,33.855999999999995,1492.472,84.6389999999999,1690.849,60.0,0.19296860532328475,0.8834546980151337,0.6532926671178507,0.8070313946767153,0.11654530198486632,1
Geophysical_model253,/home/lyara/areswave/models/Geophysical_model253.nd,nd,UNK,,,999.801,60.0,900.0,195.20299999999997,999.801,60.0,1116.236,16.63299999999981,1465.54,99.80099999999993,1680.192,60.0,0.4151094795447273,0.772427933694227,0.6533217823110604,0.5848905204552727,0.22757206630577292,1
Geophysical_model181,/home/lyara/areswave/models/Geophysical_model181.nd,nd,UNK,,,999.801,60.0,900.0,195.20299999999997,999.801,60.0,1116.236,16.63299999999981,1465.54,99.80099999999993,1680.192,60.0,0.4151094795447273,0.772427933694227,0.6533217823110604,0.5848905204552727,0.22757206630577292,1
Geophysical_model398,/home/lyara/areswave/models/Geophysical_model398.nd,nd,UNK,,,999.801,60.0,900.0,195.20299999999997,999.801,60.0,1116.236,16.63299999999981,1465.54,99.80099999999993,1680.192,60.0,0.4151094795447273,0.772427933694227,0.6533217823110604,0.5848905204552727,0.22757206630577292,1
Geophysical_model268,/home/lyara/areswave/models/Geophysical_model268.nd,nd,UNK,,,965.961,60.0,900.0,192.22000000000003,965.961,60.0,1114.373,16.490999999999985,1460.669,98.94200000000001,1675.004,60.0,0.3232244898819744,0.8184709825568464,0.653388818331889,0.6767755101180256,0.18152901744315358,1
AK_model_79,/home/lyara/areswave/models/AK_model_79.nd,nd,UNK,,,1048.231,60.0,820.541,25.298999999999978,1048.231,60.0,1275.921,50.597999999999956,1326.519,50.597999999999956,1685.301,60.0,0.4099462872401486,0.7753345889154866,0.6535384883570406,0.5900537127598514,0.2246654110845134,1
AK_model_96,/home/lyara/areswave/models/AK_model_96.nd,nd,UNK,,,1066.783,60.0,771.908,26.807000000000016,1066.783,60.0,1281.238,26.807000000000016,1334.851,53.61299999999983,1705.64,60.0,0.3076840369541526,0.8266852803561145,0.6536848658887938,0.6923159630458474,0.17331471964388548,1
Geophysical_model857,/home/lyara/areswave/models/Geophysical_model857.nd,nd,UNK,,,933.943,60.0,879.277,186.50599999999997,933.943,60.0,1120.631,33.942999999999984,1494.007,84.85800000000017,1692.437,60.0,0.31021858246721756,0.8258753137929538,0.653989736684375,0.6897814175327824,0.1741246862070462,1
Geophysical_model887,/home/lyara/areswave/models/Geophysical_model887.nd,nd,UNK,,,966.653,60.0,900.0,193.25599999999997,966.653,60.0,1133.286,33.327,1499.88,83.31700000000001,1681.272,60.0,0.5107408635896193,0.7258827513047281,0.6541687887330252,0.4892591364103807,0.27411724869527193,1
CD_model55,/home/lyara/areswave/models/CD_model55.nd,nd,UNK,,,,60.0,,60.0,,60.0,,60.0,,60.0,,60.0,0.3405147186173315,0.8113938952463385,0.6544341697033361,0.6594852813826685,0.1886061047536615,1
Geophysical_model670,/home/lyara/areswave/models/Geophysical_model670.nd,nd,UNK,,,933.507,60.0,900.0,193.37099999999998,933.507,60.0,1117.798,33.506999999999834,1486.378,83.76800000000003,1684.543,60.0,0.41295154469531825,0.7752011437361814,0.654451277389227,0.5870484553046817,0.22479885626381854,1
Geophysical_model889,/home/lyara/areswave/models/Geophysical_model889.nd,nd,UNK,,,933.507,60.0,900.0,193.37099999999998,933.507,60.0,1117.798,33.506999999999834,1486.378,83.76800000000003,1684.543,60.0,0.41295154469531825,0.7752011437361814,0.654451277389227,0.5870484553046817,0.22479885626381854,1
Geophysical_model520,/home/lyara/areswave/models/Geophysical_model520.nd,nd,UNK,,,933.507,60.0,900.0,193.37099999999998,933.507,60.0,1117.798,33.506999999999834,1486.378,83.76800000000003,1684.543,60.0,0.41295154469531825,0.7752011437361814,0.654451277389227,0.5870484553046817,0.22479885626381854,1
Geophysical_model305,/home/lyara/areswave/models/Geophysical_model305.nd,nd,UNK,,,966.81,60.0,900.0,178.452,966.81,60.0,1117.132,33.40499999999997,1451.182,100.21499999999992,1682.69,60.0,0.3165809847497627,0.824083124204402,0.6549157443861889,0.6834190152502373,0.17591687579559795,1
Geophysical_model178,/home/lyara/areswave/models/Geophysical_model178.nd,nd,UNK,,,999.801,60.0,857.307,192.11800000000005,999.801,60.0,1116.236,16.63299999999981,1482.173,99.80099999999993,1680.192,60.0,0.3850350495056424,0.7901845910120182,0.6551347438432263,0.6149649504943576,0.20981540898798182,1
MD_model91,/home/lyara/areswave/models/MD_model91.nd,nd,UNK,,,1010.241,60.0,823.126,10.394999999999982,1010.241,60.0,1155.775,155.93000000000006,1301.31,166.32400000000007,1600.05,60.0,0.5433433241524094,0.7110430869337643,0.655143166006646,0.4566566758475906,0.2889569130662357,1
Geophysical_model661,/home/lyara/areswave/models/Geophysical_model661.nd,nd,UNK,,,933.422,60.0,900.0,184.00400000000002,933.422,60.0,1117.244,33.423,1484.889,83.55599999999981,1683.002,60.0,0.4785917544585103,0.7438675480096438,0.6554422834925994,0.5214082455414897,0.25613245199035617,1
Geophysical_model844,/home/lyara/areswave/models/Geophysical_model844.nd,nd,UNK,,,933.261,60.0,900.0,184.55899999999997,933.261,60.0,1116.199,16.630999999999858,1498.706,99.78399999999988,1680.091,60.0,0.4649606012249976,0.7509159392008644,0.6555974932089088,0.5350393987750024,0.2490840607991356,1
Geophysical_model421,/home/lyara/areswave/models/Geophysical_model421.nd,nd,UNK,,,999.836,60.0,900.0,191.389,999.836,60.0,1116.312,16.639000000000124,1465.739,99.83699999999999,1680.405,60.0,0.5842496368486678,0.6920647135793045,0.6561263546690923,0.41575036315133224,0.3079352864206955,1
Geophysical_model39,/home/lyara/areswave/models/Geophysical_model39.nd,nd,UNK,,,1032.972,60.0,877.469,180.25099999999998,1032.972,60.0,1132.701,33.243000000000166,1498.374,83.10699999999997,1679.757,60.0,0.4887217253817042,0.7402080053165642,0.6563792453382775,0.5112782746182958,0.25979199468343583,1
Geophysical_model595,/home/lyara/areswave/models/Geophysical_model595.nd,nd,UNK,,,933.533,60.0,900.0,190.85500000000002,933.533,60.0,1117.965,33.5329999999999,1486.828,83.83300000000008,1685.009,60.0,0.5111292753136512,0.7293862188453591,0.6566339043347899,0.48887072468634885,0.27061378115464085,1
CD_model58,/home/lyara/areswave/models/CD_model58.nd,nd,UNK,,,,60.0,,60.0,,60.0,,60.0,,60.0,,60.0,0.8512516245833623,0.5601688779989791,0.6571964601937735,0.14874837541663766,0.439831122001021,1
Geophysical_model818,/home/lyara/areswave/models/Geophysical_model818.nd,nd,UNK,,,966.709,60.0,900.0,193.66600000000005,966.709,60.0,1133.481,33.35500000000002,1483.703,66.70900000000006,1681.776,60.0,0.5143620396761464,0.729151487813588,0.6575550051011074,0.48563796032385365,0.27084851218641204,1
Geophysical_model156,/home/lyara/areswave/models/Geophysical_model156.nd,nd,UNK,,,1033.403,60.0,900.0,187.37900000000002,1033.403,60.0,1133.456,16.675000000000182,1483.64,66.702,1681.71,60.0,0.6797392828659347,0.6465379598849526,0.6576050675452799,0.32026071713406534,0.35346204011504745,1
Geophysical_model232,/home/lyara/areswave/models/Geophysical_model232.nd,nd,UNK,,,1033.403,60.0,900.0,187.37900000000002,1033.403,60.0,1133.456,16.675000000000182,1483.64,66.702,1681.71,60.0,0.6797392828659347,0.6465379598849526,0.6576050675452799,0.32026071713406534,0.35346204011504745,1
Geophysical_model546,/home/lyara/areswave/models/Geophysical_model546.nd,nd,UNK,,,916.694,60.0,877.651,178.79200000000003,916.694,60.0,1117.027,33.388999999999896,1467.608,83.47200000000021,1682.396,60.0,0.42449406777081267,0.7742579436385868,0.6576699850159954,0.5755059322291873,0.22574205636141323,1
Geophysical_model536,/home/lyara/areswave/models/Geophysical_model536.nd,nd,UNK,,,916.773,60.0,856.044,197.80200000000002,916.773,60.0,1118.053,33.547000000000025,1487.065,83.86599999999999,1685.254,60.0,0.5508928994554687,0.7113071157655462,0.6578357103288537,0.44910710054453123,0.2886928842344539,1
Geophysical_model165,/home/lyara/areswave/models/Geophysical_model165.nd,nd,UNK,,,1016.295,60.0,900.0,197.50300000000004,1016.295,60.0,1132.589,33.22699999999986,1481.473,99.68200000000002,1679.468,60.0,0.612100797497491,0.6808828965256173,0.6579555301829085,0.38789920250250903,0.31911710347438266,1
Geophysical_model298,/home/lyara/areswave/models/Geophysical_model298.nd,nd,UNK,,,950.621,60.0,900.0,193.21500000000003,950.621,60.0,1119.357,33.74700000000007,1439.955,118.11599999999999,1688.886,60.0,0.5569710697268231,0.7084527793582918,0.6579588761478022,0.44302893027317686,0.29154722064170824,1
Geophysical_model945,/home/lyara/areswave/models/Geophysical_model945.nd,nd,UNK,,,916.672,60.0,900.0,180.79499999999996,916.672,60.0,1116.738,33.34500000000003,1483.524,83.36099999999988,1681.59,60.0,0.3194100644912704,0.8274884428311186,0.6581289833845024,0.6805899355087296,0.17251155716888142,1
Geophysical_model775,/home/lyara/areswave/models/Geophysical_model775.nd,nd,UNK,,,900.0,60.0,877.329,181.36699999999996,900.0,60.0,1119.204,33.72399999999993,1490.165,101.17100000000005,1688.461,60.0,0.5775751572368462,0.6984906979231302,0.6581855176943688,0.4224248427631538,0.3015093020768698,1
Geophysical_model389,/home/lyara/areswave/models/Geophysical_model389.nd,nd,UNK,,,949.524,60.0,900.0,193.33900000000006,949.524,60.0,1114.604,16.509000000000015,1461.273,99.048,1675.648,60.0,0.3205371747335979,0.827295450272052,0.6583760250925673,0.6794628252664021,0.17270454972794808,1
Geophysical_model598,/home/lyara/areswave/models/Geophysical_model598.nd,nd,UNK,,,933.261,60.0,900.0,182.73199999999997,933.261,60.0,1116.199,16.630999999999858,1498.706,83.154,1680.091,60.0,0.49441735100874873,0.7405799400973836,0.6585257437345052,0.5055826489912513,0.25942005990261646,1
AK_model_88,/home/lyara/areswave/models/AK_model_88.nd,nd,UNK,,,1071.541,60.0,800.713,27.083000000000084,1071.541,60.0,1288.203,27.083000000000084,1342.368,54.164999999999964,1714.927,60.0,0.38777694823915043,0.7941849995233322,0.6587156490952716,0.6122230517608496,0.20581500047666776,1
Geophysical_model769,/home/lyara/areswave/models/Geophysical_model769.nd,nd,UNK,,,950.91,60.0,900.0,199.563,950.91,60.0,1137.578,33.940000000000055,1476.975,67.8789999999999,1692.373,60.0,0.4455881749778008,0.7659737500930541,0.6591785583879697,0.5544118250221992,0.23402624990694587,1
Geophysical_model62,/home/lyara/areswave/models/Geophysical_model62.nd,nd,UNK,,,1099.133,60.0,900.0,181.77599999999995,1099.133,60.0,1115.728,16.593999999999824,1431.022,99.56700000000001,1678.777,60.0,0.6032815887023293,0.6876230410228601,0.6595092235826832,0.39671841129767066,0.31237695897713985,1
Geophysical_model407,/home/lyara/areswave/models/Geophysical_model407.nd,nd,UNK,,,1047.872,60.0,900.0,189.28499999999997,1047.872,60.0,1130.023,32.8599999999999,1491.488,82.15100000000007,1672.831,60.0,0.45596982536129216,0.7618832916512275,0.6599121362212491,0.5440301746387078,0.2381167083487725,1
Geophysical_model44,/home/lyara/areswave/models/Geophysical_model44.nd,nd,UNK,,,983.376,60.0,857.898,189.46000000000004,983.376,60.0,1116.777,33.34999999999991,1466.955,100.05100000000016,1681.7,60.0,0.2800767676999347,0.8498345243930636,0.6599152721620206,0.7199232323000653,0.15016547560693635,1
Geophysical_model343,/home/lyara/areswave/models/Geophysical_model343.nd,nd,UNK,,,1033.278,60.0,900.0,182.29700000000003,1033.278,60.0,1133.237,33.319999999999936,1499.753,83.29899999999998,1681.144,60.0,0.4662322963690546,0.7569781520437939,0.6600628668188808,0.5337677036309454,0.24302184795620607,1
Geophysical_model915,/home/lyara/areswave/models/Geophysical_model915.nd,nd,UNK,,,950.085,60.0,900.0,182.60699999999997,950.085,60.0,1133.728,33.3900000000001,1484.32,66.779,1682.414,60.0,0.5492151706863821,0.7157503841529089,0.6602386463307334,0.4507848293136178,0.2842496158470911,1
Geophysical_model132,/home/lyara/areswave/models/Geophysical_model132.nd,nd,UNK,,,1048.611,60.0,900.0,194.70399999999995,1048.611,60.0,1147.685,33.02399999999989,1494.444,66.04899999999998,1675.804,60.0,0.5154221462914995,0.7327810975651052,0.6603281138072367,0.4845778537085005,0.26721890243489477,1
MD_model22,/home/lyara/areswave/models/MD_model22.nd,nd,UNK,,,1019.062,60.0,898.164,197.83299999999997,1019.062,60.0,1293.831,21.98199999999997,1304.822,76.93500000000017,1648.61,60.0,0.7554156918287765,0.6128743419464292,0.6603881252405449,0.24458430817122348,0.3871256580535708,1
Geophysical_model430,/home/lyara/areswave/models/Geophysical_model430.nd,nd,UNK,,,982.965,60.0,878.763,191.13199999999995,982.965,60.0,1115.708,16.592999999999847,1497.346,99.55799999999999,1678.723,60.0,0.5113763583896029,0.7352064484537555,0.6605964184323713,0.488623641610397,0.26479355154624445,1
MD_model40,/home/lyara/areswave/models/MD_model40.nd,nd,UNK,,,1052.24,60.0,752.637,181.90200000000004,1052.24,60.0,1266.242,32.09999999999991,1351.843,53.500999999999976,1614.318,60.0,0.41493872778363394,0.7836295695886892,0.6607326223203375,0.5850612722163661,0.2163704304113108,1
Geophysical_model111,/home/lyara/areswave/models/Geophysical_model111.nd,nd,UNK,,,982.65,60.0,900.0,192.13,982.65,60.0,1114.889,16.5300000000002,1462.017,115.71000000000004,1676.44,60.0,0.3911440993024997,0.7956720940670637,0.6608294291455424,0.6088559006975003,0.20432790593293623,1
Geophysical_model652,/home/lyara/areswave/models/Geophysical_model652.nd,nd,UNK,,,900.0,60.0,900.0,180.04200000000003,900.0,60.0,1101.507,33.585000000000036,1470.937,100.75299999999993,1685.941,60.0,0.5206874438579681,0.7312251542587304,0.6610459174584763,0.479312556142032,0.26877484574126964,1
Geophysical_model36,/home/lyara/areswave/models/Geophysical_model36.nd,nd,UNK,,,1049.308,60.0,900.0,180.20000000000005,1049.308,60.0,1132.256,33.17900000000009,1497.231,82.94900000000007,1678.607,60.0,0.4883813174747327,0.7474884930733438,0.6611194345404734,0.5116186825252673,0.25251150692665625,1
Geophysical_model304,/home/lyara/areswave/models/Geophysical_model304.nd,nd,UNK,,,1033.067,60.0,877.206,182.35400000000004,1033.067,60.0,1132.867,33.26700000000005,1498.801,83.16699999999992,1680.187,60.0,0.7398958267363251,0.6221248935470021,0.6613818712767764,0.26010417326367485,0.3778751064529979,1
Geophysical_model833,/home/lyara/areswave/models/Geophysical_model833.nd,nd,UNK,,,950.007,60.0,900.0,178.79499999999996,950.007,60.0,1133.367,50.00700000000006,1483.418,66.67599999999993,1681.481,60.0,0.3702106874818376,0.8070867458095959,0.6614613930336765,0.6297893125181624,0.1929132541904041,1
Geophysical_model480,/home/lyara/areswave/models/Geophysical_model480.nd,nd,UNK,,,999.558,60.0,878.726,191.466,999.558,60.0,1115.708,16.592999999999847,1497.346,99.55799999999999,1678.723,60.0,0.475731929745536,0.7543726677610239,0.6614924217558612,0.524268070254464,0.24562733223897612,1
Geophysical_model973,/home/lyara/areswave/models/Geophysical_model973.nd,nd,UNK,,,916.719,60.0,876.023,191.813,916.719,60.0,1117.351,33.43899999999985,1485.177,83.59699999999998,1683.3,60.0,0.33387880483561105,0.8257098700306018,0.6617661816322715,0.666121195164389,0.1742901299693982,1
Geophysical_model963,/home/lyara/areswave/models/Geophysical_model963.nd,nd,UNK,,,916.719,60.0,876.023,191.813,916.719,60.0,1117.351,33.43899999999985,1485.177,83.59699999999998,1683.3,60.0,0.33387880483561105,0.8257098700306018,0.6617661816322715,0.666121195164389,0.1742901299693982,1
Geophysical_model914,/home/lyara/areswave/models/Geophysical_model914.nd,nd,UNK,,,916.754,60.0,875.916,192.673,916.754,60.0,1117.798,33.506999999999834,1486.378,83.76800000000003,1684.543,60.0,0.442525413757231,0.7715722024339134,0.661889939541686,0.557474586242769,0.22842779756608653,1
Geophysical_model551,/home/lyara/areswave/models/Geophysical_model551.nd,nd,UNK,,,916.754,60.0,875.916,192.673,916.754,60.0,1117.798,33.506999999999834,1486.378,83.76800000000003,1684.543,60.0,0.442525413757231,0.7715722024339134,0.661889939541686,0.557474586242769,0.22842779756608653,1
Geophysical_model810,/home/lyara/areswave/models/Geophysical_model810.nd,nd,UNK,,,966.616,60.0,900.0,178.75699999999995,966.616,60.0,1133.157,33.30799999999999,1499.547,83.26999999999998,1680.937,60.0,0.41873982423751444,0.7837266478460392,0.6620643733098642,0.5812601757624856,0.2162733521539608,1
CD_model71,/home/lyara/areswave/models/CD_model71.nd,nd,UNK,,,,60.0,,60.0,,60.0,,60.0,,60.0,,60.0,0.6716471903476138,0.6575485166484778,0.6622480745481898,0.3283528096523862,0.34245148335152215,1
Geophysical_model76,/home/lyara/areswave/models/Geophysical_model76.nd,nd,UNK,,,1063.404,60.0,900.0,196.75800000000004,1063.404,60.0,1145.107,32.68099999999981,1488.256,65.36200000000008,1669.579,60.0,0.5191858681343422,0.7341461204107633,0.6624927029852896,0.48081413186565775,0.2658538795892366,1
AK_model_83,/home/lyara/areswave/models/AK_model_83.nd,nd,UNK,,,1062.342,60.0,838.335,24.889999999999986,1062.342,60.0,1261.459,49.778999999999996,1336.127,49.778999999999996,1667.691,60.0,0.4759195824348925,0.7559138714769862,0.6625824417962883,0.5240804175651075,0.24408612852301384,1
AK_model_54,/home/lyara/areswave/models/AK_model_54.nd,nd,UNK,,,1017.898,60.0,837.887,25.715999999999894,1017.898,60.0,1172.194,102.86400000000003,1377.921,25.715000000000146,1664.88,60.0,0.6762824391855368,0.6558485333701127,0.6626598353085874,0.32371756081446323,0.3441514666298873,1
Geophysical_model72,/home/lyara/areswave/models/Geophysical_model72.nd,nd,UNK,,,1032.978,60.0,900.0,188.98199999999997,1032.978,60.0,1132.711,33.24400000000014,1481.777,83.11099999999988,1679.782,60.0,0.531236475595423,0.7285447498699784,0.6627753251117933,0.468763524404577,0.2714552501300216,1
Geophysical_model199,/home/lyara/areswave/models/Geophysical_model199.nd,nd,UNK,,,1032.98,60.0,900.0,181.668,1032.98,60.0,1132.715,33.24499999999989,1498.411,83.11300000000006,1679.794,60.0,0.39707324476861783,0.7964931705694349,0.6633531953024959,0.6029267552313822,0.20350682943056503,1
Geophysical_model104,/home/lyara/areswave/models/Geophysical_model104.nd,nd,UNK,,,1032.98,60.0,900.0,181.668,1032.98,60.0,1132.715,33.24499999999989,1498.411,83.11300000000006,1679.794,60.0,0.39707324476861783,0.7964931705694349,0.6633531953024959,0.6029267552313822,0.20350682943056503,1
Geophysical_model997,/home/lyara/areswave/models/Geophysical_model997.nd,nd,UNK,,,950.057,60.0,900.0,199.649,950.057,60.0,1133.601,33.371000000000095,1484.001,66.74299999999994,1682.084,60.0,0.3382434171427108,0.8260701051164907,0.6634612091252308,0.6617565828572892,0.17392989488350924,1
Geophysical_model950,/home/lyara/areswave/models/Geophysical_model950.nd,nd,UNK,,,950.057,60.0,900.0,199.649,950.057,60.0,1133.601,33.371000000000095,1484.001,66.74299999999994,1682.084,60.0,0.3382434171427108,0.8260701051164907,0.6634612091252308,0.6617565828572892,0.17392989488350924,1
Geophysical_model365,/home/lyara/areswave/models/Geophysical_model365.nd,nd,UNK,,,999.752,60.0,900.0,199.11900000000003,999.752,60.0,1132.755,33.251000000000204,1481.887,99.75199999999995,1679.896,60.0,0.5343030702575151,0.7283343413640158,0.6636572509951822,0.46569692974248494,0.2716656586359843,1
Geophysical_model910,/home/lyara/areswave/models/Geophysical_model910.nd,nd,UNK,,,950.007,60.0,900.0,179.014,950.007,60.0,1133.367,33.337999999999965,1483.418,66.67599999999993,1681.481,60.0,0.6210001082024887,0.6852150434487574,0.6638100650333345,0.3789998917975113,0.31478495655124267,1
Geophysical_model741,/home/lyara/areswave/models/Geophysical_model741.nd,nd,UNK,,,916.648,60.0,900.0,180.18100000000004,916.648,60.0,1116.419,16.64799999999991,1499.315,99.88499999999999,1680.704,60.0,0.32233461858042944,0.8350619458915539,0.6641528367878458,0.6776653814195706,0.16493805410844606,1
Geophysical_model633,/home/lyara/areswave/models/Geophysical_model633.nd,nd,UNK,,,916.648,60.0,877.507,179.94299999999998,916.648,60.0,1116.419,16.64799999999991,1499.315,99.88499999999999,1680.704,60.0,0.5930579787380594,0.6997696772280855,0.6641991110647435,0.40694202126194057,0.3002303227719145,1
Geophysical_model781,/home/lyara/areswave/models/Geophysical_model781.nd,nd,UNK,,,916.648,60.0,877.507,179.94299999999998,916.648,60.0,1116.419,16.64799999999991,1499.315,99.88499999999999,1680.704,60.0,0.5930579787380594,0.6997696772280855,0.6641991110647435,0.40694202126194057,0.3002303227719145,1
Geophysical_model632,/home/lyara/areswave/models/Geophysical_model632.nd,nd,UNK,,,900.0,60.0,900.0,22.41999999999996,900.0,60.0,1101.621,16.801999999999907,1488.061,100.81099999999992,1686.284,60.0,0.5637531907069266,0.7150478098073445,0.6646162701072053,0.43624680929307336,0.2849521901926555,1
Geophysical_model539,/home/lyara/areswave/models/Geophysical_model539.nd,nd,UNK,,,950.085,60.0,900.0,183.34400000000005,950.085,60.0,1133.728,33.3900000000001,1484.32,66.779,1682.414,60.0,0.5556952953161747,0.7199486900756638,0.6651975584891674,0.4443047046838253,0.2800513099243363,1
MD_model84,/home/lyara/areswave/models/MD_model84.nd,nd,UNK,,,957.206,60.0,743.892,191.98299999999995,957.206,60.0,1277.177,53.32899999999995,1341.172,74.65999999999985,1613.68,60.0,0.7675179573278286,0.6141128397370998,0.6652478789340094,0.2324820426721714,0.38588716026290015,1
Geophysical_model159,/home/lyara/areswave/models/Geophysical_model159.nd,nd,UNK,,,1048.843,60.0,900.0,194.70399999999995,1048.843,60.0,1148.071,33.07600000000002,1495.37,66.15199999999982,1676.736,60.0,0.530364810323255,0.7340167837806311,0.6661327926281724,0.46963518967674495,0.265983216219369,1
Geophysical_model239,/home/lyara/areswave/models/Geophysical_model239.nd,nd,UNK,,,1048.843,60.0,900.0,194.70399999999995,1048.843,60.0,1148.071,33.07600000000002,1495.37,66.15199999999982,1676.736,60.0,0.530364810323255,0.7340167837806311,0.6661327926281724,0.46963518967674495,0.265983216219369,1
Geophysical_model392,/home/lyara/areswave/models/Geophysical_model392.nd,nd,UNK,,,1031.687,60.0,900.0,185.87199999999996,1031.687,60.0,1130.452,32.922000000000025,1492.591,82.30399999999986,1673.94,60.0,0.5477344696260443,0.725532771919614,0.6662666711550908,0.45226553037395567,0.27446722808038604,1
Geophysical_model99,/home/lyara/areswave/models/Geophysical_model99.nd,nd,UNK,,,1032.538,60.0,900.0,187.97199999999998,1032.538,60.0,1131.941,33.13499999999999,1496.421,82.83600000000001,1677.792,60.0,0.6001533791096736,0.6998268825432656,0.666602381398735,0.39984662089032635,0.3001731174567343,1
Geophysical_model161,/home/lyara/areswave/models/Geophysical_model161.nd,nd,UNK,,,1032.538,60.0,900.0,187.97199999999998,1032.538,60.0,1131.941,33.13499999999999,1496.421,82.83600000000001,1677.792,60.0,0.6001533791096736,0.6998268825432656,0.666602381398735,0.39984662089032635,0.3001731174567343,1
Geophysical_model14,/home/lyara/areswave/models/Geophysical_model14.nd,nd,UNK,,,1032.538,60.0,900.0,187.97199999999998,1032.538,60.0,1131.941,33.13499999999999,1496.421,82.83600000000001,1677.792,60.0,0.6001533791096736,0.6998268825432656,0.666602381398735,0.39984662089032635,0.3001731174567343,1
AK_model_49,/home/lyara/areswave/models/AK_model_49.nd,nd,UNK,,,1010.726,60.0,802.494,26.028999999999996,1010.726,60.0,1271.017,130.14599999999996,1479.249,26.028999999999996,1688.205,60.0,0.5114620326972354,0.7451278159006792,0.6672392214995314,0.4885379673027646,0.2548721840993208,1
Geophysical_model912,/home/lyara/areswave/models/Geophysical_model912.nd,nd,UNK,,,916.723,60.0,900.0,178.98699999999997,916.723,60.0,1117.396,33.44599999999991,1468.574,83.61400000000003,1683.425,60.0,0.357465214116636,0.822696545994002,0.6676194353682133,0.642534785883364,0.17730345400599803,1
CD_model49,/home/lyara/areswave/models/CD_model49.nd,nd,UNK,,,,60.0,,60.0,,60.0,,60.0,,60.0,,60.0,0.5818517347892087,0.7108276019523894,0.6678356462313291,0.41814826521079124,0.2891723980476106,1
CD_model48,/home/lyara/areswave/models/CD_model48.nd,nd,UNK,,,,60.0,,60.0,,60.0,,60.0,,60.0,,60.0,0.5818517347892087,0.7108276019523894,0.6678356462313291,0.41814826521079124,0.2891723980476106,1
Geophysical_model938,/home/lyara/areswave/models/Geophysical_model938.nd,nd,UNK,,,1068.438,60.0,900.0,29.464000000000055,1068.438,60.0,1102.126,16.84400000000005,1455.847,117.90700000000015,1687.809,60.0,0.49118145128520774,0.7561865729302719,0.6678515323819173,0.5088185487147923,0.24381342706972814,1
Geophysical_model148,/home/lyara/areswave/models/Geophysical_model148.nd,nd,UNK,,,983.062,60.0,858.582,186.38099999999997,983.062,60.0,1115.961,16.613000000000056,1464.822,116.28700000000003,1679.428,60.0,0.32759395201735686,0.8380340116718199,0.6678873251203322,0.6724060479826431,0.1619659883281801,1
Geophysical_model458,/home/lyara/areswave/models/Geophysical_model458.nd,nd,UNK,,,1031.442,60.0,900.0,189.44299999999998,1031.442,60.0,1130.023,32.8599999999999,1491.488,82.15100000000007,1672.831,60.0,0.35660441870326065,0.8236914501223747,0.6679957729826699,0.6433955812967393,0.17630854987762534,1
Geophysical_model250,/home/lyara/areswave/models/Geophysical_model250.nd,nd,UNK,,,1033.261,60.0,900.0,182.41499999999996,1033.261,60.0,1133.207,33.315000000000055,1499.676,83.28800000000001,1681.067,60.0,0.39741578661666066,0.8038454202972686,0.6683688757370659,0.6025842133833393,0.19615457970273142,1
MD_model2,/home/lyara/areswave/models/MD_model2.nd,nd,UNK,,,986.891,60.0,741.65,21.326000000000022,986.891,60.0,1114.842,42.649999999999864,1445.384,42.65100000000007,1631.921,60.0,0.7794689095829432,0.613162580904804,0.6685980237975171,0.2205310904170568,0.3868374190951959,1
Geophysical_model368,/home/lyara/areswave/models/Geophysical_model368.nd,nd,UNK,,,1031.52,60.0,900.0,186.95600000000002,1031.52,60.0,1130.159,32.87999999999988,1491.838,82.19900000000007,1673.183,60.0,0.5181048342785819,0.7439754113769494,0.6686852190108269,0.48189516572141805,0.2560245886230505,1
Geophysical_model431,/home/lyara/areswave/models/Geophysical_model431.nd,nd,UNK,,,999.807,60.0,900.0,191.389,999.807,60.0,1116.249,16.634000000000015,1465.574,99.80700000000002,1680.229,60.0,0.3464404758924825,0.8304819604406987,0.6691347989246266,0.6535595241075175,0.1695180395593013,1
Geophysical_model750,/home/lyara/areswave/models/Geophysical_model750.nd,nd,UNK,,,916.648,60.0,877.568,179.45600000000002,916.648,60.0,1116.419,16.64799999999991,1482.668,99.88499999999999,1680.704,60.0,0.4376197940119484,0.7850744657781226,0.6692562418560645,0.5623802059880516,0.21492553422187743,1
Geophysical_model91,/home/lyara/areswave/models/Geophysical_model91.nd,nd,UNK,,,1001.362,60.0,880.983,190.173,1001.362,60.0,1119.617,33.78800000000001,1491.277,101.36200000000008,1689.612,60.0,0.5616769220334422,0.7233262260773099,0.6694431247293541,0.4383230779665578,0.2766737739226901,1
Geophysical_model168,/home/lyara/areswave/models/Geophysical_model168.nd,nd,UNK,,,1001.362,60.0,880.983,190.173,1001.362,60.0,1119.617,33.78800000000001,1491.277,101.36200000000008,1689.612,60.0,0.5616769220334422,0.7233262260773099,0.6694431247293541,0.4383230779665578,0.2766737739226901,1
Geophysical_model439,/home/lyara/areswave/models/Geophysical_model439.nd,nd,UNK,,,1030.76,60.0,900.0,188.125,1030.76,60.0,1128.83,32.690000000000055,1488.42,81.72500000000014,1669.744,60.0,0.40694523963884577,0.800992983516697,0.6696437355574133,0.5930547603611542,0.19900701648330302,1
AK_model_55,/home/lyara/areswave/models/AK_model_55.nd,nd,UNK,,,1024.297,60.0,845.36,25.562000000000012,1024.297,60.0,1152.109,102.24900000000002,1382.171,51.125,1667.971,60.0,0.5304489851608991,0.7392706386500305,0.6696634208203202,0.4695510148391009,0.2607293613499695,1
AK_model_5,/home/lyara/areswave/models/AK_model_5.nd,nd,UNK,,,1050.493,60.0,815.949,26.06000000000006,1050.493,60.0,1285.037,78.18200000000002,1311.097,26.059999999999945,1677.345,60.0,0.7330181347888254,0.6381498322393726,0.6697725997558569,0.2669818652111747,0.36185016776062734,1
AK_model_76,/home/lyara/areswave/models/AK_model_76.nd,nd,UNK,,,1050.178,60.0,796.314,25.38600000000008,1050.178,60.0,1278.655,50.77299999999991,1304.041,50.77300000000014,1688.733,60.0,0.6527282899335302,0.6789712713436904,0.670223610873637,0.34727171006646984,0.32102872865630966,1
MD_model66,/home/lyara/areswave/models/MD_model66.nd,nd,UNK,,,988.043,60.0,741.78,10.260999999999967,988.043,60.0,1131.696,30.7829999999999,1429.263,41.04300000000012,1581.866,60.0,0.5254418256158792,0.7426443264417352,0.6702434928331166,0.47455817438412085,0.25735567355826483,1
Geophysical_model311,/home/lyara/areswave/models/Geophysical_model311.nd,nd,UNK,,,999.708,60.0,900.0,195.71000000000004,999.708,60.0,1132.652,33.235999999999876,1498.248,99.70800000000008,1679.631,60.0,0.39790008242224373,0.8064271090273816,0.6702514334923356,0.6020999175777563,0.1935728909726184,1
Geophysical_model193,/home/lyara/areswave/models/Geophysical_model193.nd,nd,UNK,,,999.708,60.0,900.0,195.71000000000004,999.708,60.0,1132.652,33.235999999999876,1498.248,99.70800000000008,1679.631,60.0,0.39790008242224373,0.8064271090273816,0.6702514334923356,0.6020999175777563,0.1935728909726184,1
MD_model52,/home/lyara/areswave/models/MD_model52.nd,nd,UNK,,,1047.919,60.0,764.485,185.3230000000001,1047.919,60.0,1265.946,32.70399999999995,1331.354,54.50700000000006,1640.388,60.0,0.6572637004298243,0.6768369450115624,0.670312530150983,0.3427362995701757,0.32316305498843756,1
Geophysical_model992,/home/lyara/areswave/models/Geophysical_model992.nd,nd,UNK,,,950.127,60.0,900.0,199.96900000000005,950.127,60.0,1133.926,50.12699999999995,1484.815,66.83600000000001,1682.926,60.0,0.38072958929320466,0.8152966249174436,0.6704409463760306,0.6192704107067953,0.18470337508255644,1
Geophysical_model543,/home/lyara/areswave/models/Geophysical_model543.nd,nd,UNK,,,1086.489,60.0,900.0,21.24599999999998,1086.489,60.0,1103.443,16.952999999999975,1459.467,118.67499999999995,1691.782,60.0,0.5591758512354341,0.7263819957644018,0.6706466142547459,0.4408241487645659,0.2736180042355983,1
Geophysical_model744,/home/lyara/areswave/models/Geophysical_model744.nd,nd,UNK,,,1088.067,60.0,900.0,20.639999999999986,1088.067,60.0,1105.164,17.09699999999998,1464.2,119.67900000000009,1696.976,60.0,0.61143629816601,0.7004983370370906,0.6708109907467303,0.38856370183398997,0.29950166296290937,1
Geophysical_model752,/home/lyara/areswave/models/Geophysical_model752.nd,nd,UNK,,,933.856,60.0,900.0,185.07000000000005,933.856,60.0,1120.061,33.855999999999995,1458.617,84.6389999999999,1690.849,60.0,0.45798564427421173,0.7774424865308693,0.6709568724453168,0.5420143557257883,0.2225575134691307,1
Geophysical_model754,/home/lyara/areswave/models/Geophysical_model754.nd,nd,UNK,,,933.856,60.0,900.0,185.07000000000005,933.856,60.0,1120.061,33.855999999999995,1458.617,84.6389999999999,1690.849,60.0,0.45798564427421173,0.7774424865308693,0.6709568724453168,0.5420143557257883,0.2225575134691307,1
Geophysical_model994,/home/lyara/areswave/models/Geophysical_model994.nd,nd,UNK,,,933.856,60.0,900.0,185.07000000000005,933.856,60.0,1120.061,33.855999999999995,1458.617,84.6389999999999,1690.849,60.0,0.45798564427421173,0.7774424865308693,0.6709568724453168,0.5420143557257883,0.2225575134691307,1
Geophysical_model984,/home/lyara/areswave/models/Geophysical_model984.nd,nd,UNK,,,933.11,60.0,877.605,179.15700000000004,933.11,60.0,1115.217,16.554999999999836,1495.986,99.33100000000013,1677.355,60.0,0.4339354999045518,0.7894678410274312,0.6709570606531381,0.5660645000954482,0.2105321589725688,1
Geophysical_model920,/home/lyara/areswave/models/Geophysical_model920.nd,nd,UNK,,,949.962,60.0,900.0,178.86800000000005,949.962,60.0,1133.157,33.30799999999999,1499.547,83.26999999999998,1680.937,60.0,0.38103845290969485,0.8161374719814499,0.6711044656241981,0.6189615470903052,0.18386252801855008,1
Geophysical_model699,/home/lyara/areswave/models/Geophysical_model699.nd,nd,UNK,,,900.0,60.0,900.0,179.615,900.0,60.0,1118.724,33.65000000000009,1488.873,100.94900000000007,1687.125,60.0,0.47992313425920663,0.767486162631905,0.6716318198410055,0.5200768657407934,0.23251383736809508,1
Geophysical_model413,/home/lyara/areswave/models/Geophysical_model413.nd,nd,UNK,,,1063.846,60.0,900.0,187.43899999999996,1063.846,60.0,1145.769,32.769000000000005,1489.845,65.53899999999999,1671.177,60.0,0.5169152709621527,0.7496068323579756,0.672042978559368,0.4830847290378473,0.2503931676420243,1
Geophysical_model648,/home/lyara/areswave/models/Geophysical_model648.nd,nd,UNK,,,1099.754,60.0,900.0,21.49000000000001,1099.754,60.0,1116.4,16.645999999999958,1465.97,116.52299999999991,1680.651,60.0,0.42142783557277985,0.7973633423316675,0.6720515067453716,0.5785721644272201,0.20263665766833255,1
Geophysical_model198,/home/lyara/areswave/models/Geophysical_model198.nd,nd,UNK,,,983.727,60.0,878.886,190.02599999999995,983.727,60.0,1117.689,33.49000000000001,1486.086,100.47199999999998,1684.241,60.0,0.3915624892163677,0.8126207470073993,0.6722679944103888,0.6084375107836323,0.1873792529926007,1
Geophysical_model943,/home/lyara/areswave/models/Geophysical_model943.nd,nd,UNK,,,900.0,60.0,900.0,188.60199999999998,900.0,60.0,1115.838,16.60200000000009,1464.498,116.22000000000003,1679.083,60.0,0.2832341145369468,0.8668705892233542,0.6723250976612185,0.7167658854630532,0.13312941077664572,1
Geophysical_model312,/home/lyara/areswave/models/Geophysical_model312.nd,nd,UNK,,,966.712,60.0,878.564,192.92499999999995,966.712,60.0,1116.813,33.355999999999995,1483.727,100.06700000000001,1681.8,60.0,0.4239081874854407,0.7969410929581364,0.6725967911339046,0.5760918125145593,0.20305890704186355,1
Geophysical_model222,/home/lyara/areswave/models/Geophysical_model222.nd,nd,UNK,,,1063.846,60.0,900.0,185.688,1063.846,60.0,1145.769,32.769000000000005,1489.845,65.53899999999999,1671.177,60.0,0.5278841650501381,0.7451295185365008,0.6727144007077133,0.47211583494986187,0.2548704814634992,1
AK_model_37,/home/lyara/areswave/models/AK_model_37.nd,nd,UNK,,,1028.349,60.0,814.506,26.730000000000018,1028.349,60.0,1295.654,106.92200000000003,1482.767,160.38300000000004,1693.426,60.0,0.5667268834616714,0.7257161838810171,0.6727197504079019,0.4332731165383285,0.2742838161189829,1
Geophysical_model143,/home/lyara/areswave/models/Geophysical_model143.nd,nd,UNK,,,984.095,60.0,900.0,186.25400000000002,984.095,60.0,1118.647,33.63799999999992,1488.665,100.91399999999999,1686.91,60.0,0.32239415211228406,0.848004447007793,0.6728010153759567,0.6776058478877159,0.15199555299220696,1
MD_model97,/home/lyara/areswave/models/MD_model97.nd,nd,UNK,,,969.857,60.0,861.889,183.54600000000005,969.857,60.0,1293.761,32.391000000000076,1347.745,64.77999999999997,1633.027,60.0,0.5917922803101707,0.7140129314598858,0.6732727144099808,0.4082077196898293,0.2859870685401142,1
CD_model15,/home/lyara/areswave/models/CD_model15.nd,nd,UNK,,,,60.0,,60.0,,60.0,,60.0,,60.0,,60.0,0.60814662241882,0.7065271556310972,0.6737336445603382,0.39185337758118,0.29347284436890275,1
Geophysical_model629,/home/lyara/areswave/models/Geophysical_model629.nd,nd,UNK,,,900.0,60.0,900.0,21.486999999999966,900.0,60.0,1116.854,33.36200000000008,1483.837,100.08699999999999,1681.914,60.0,0.5694362973539344,0.726371565829363,0.6740598096708869,0.4305637026460656,0.273628434170637,1
Geophysical_model21,/home/lyara/areswave/models/Geophysical_model21.nd,nd,UNK,,,1014.96,60.0,900.0,184.462,1014.96,60.0,1129.919,32.846000000000004,1491.22,82.11300000000006,1672.561,60.0,0.492385936360787,0.7652694165009657,0.6743082564542394,0.507614063639213,0.2347305834990343,1
Geophysical_model200,/home/lyara/areswave/models/Geophysical_model200.nd,nd,UNK,,,933.606,60.0,900.0,183.88699999999994,933.606,60.0,1101.635,16.80300000000011,1437.694,117.62099999999987,1686.328,60.0,0.21591507389517195,0.9038947733485724,0.6745682068641056,0.784084926104828,0.09610522665142766,1
Geophysical_model425,/home/lyara/areswave/models/Geophysical_model425.nd,nd,UNK,,,1031.687,60.0,900.0,185.74099999999999,1031.687,60.0,1130.452,32.922000000000025,1476.13,82.30399999999986,1673.94,60.0,0.39893804451648807,0.8124401868292879,0.6746061393916879,0.6010619554835119,0.18755981317071216,1
Geophysical_model834,/home/lyara/areswave/models/Geophysical_model834.nd,nd,UNK,,,1088.334,60.0,900.0,20.67100000000005,1088.334,60.0,1105.456,17.121000000000095,1465.003,102.72800000000007,1697.857,60.0,0.573978870529149,0.7251759262876136,0.6747769077014588,0.426021129470851,0.2748240737123864,1
MD_model32,/home/lyara/areswave/models/MD_model32.nd,nd,UNK,,,997.466,60.0,794.657,10.139999999999986,997.466,60.0,1129.292,141.96699999999987,1352.383,111.54500000000007,1504.49,60.807000000000016,0.4513380029020886,0.7865552807525212,0.6748161881357104,0.5486619970979114,0.2134447192474788,1
MD_model72,/home/lyara/areswave/models/MD_model72.nd,nd,UNK,,,905.619,60.0,705.837,189.26700000000005,905.619,60.0,1294.668,84.11899999999991,1305.183,31.545000000000073,1596.284,60.0,0.4422933300384071,0.7911764572880975,0.6748820815382007,0.5577066699615929,0.20882354271190254,1
Geophysical_model510,/home/lyara/areswave/models/Geophysical_model510.nd,nd,UNK,,,1083.742,60.0,900.0,21.40300000000002,1083.742,60.0,1100.446,16.70400000000018,1484.635,100.22299999999996,1682.74,60.0,0.4044294628933729,0.810159682497946,0.6749162759630883,0.5955705371066271,0.18984031750205402,1
Geophysical_model777,/home/lyara/areswave/models/Geophysical_model777.nd,nd,UNK,,,900.0,60.0,900.0,59.59699999999998,900.0,60.0,1101.608,33.60100000000011,1488.023,100.80399999999986,1686.245,60.0,0.6065248524860689,0.7091410191478602,0.6749356302605966,0.3934751475139311,0.29085898085213985,1
Geophysical_model804,/home/lyara/areswave/models/Geophysical_model804.nd,nd,UNK,,,900.0,60.0,900.0,59.59699999999998,900.0,60.0,1101.608,33.60100000000011,1488.023,100.80399999999986,1686.245,60.0,0.6065248524860689,0.7091410191478602,0.6749356302605966,0.3934751475139311,0.29085898085213985,1
Geophysical_model839,/home/lyara/areswave/models/Geophysical_model839.nd,nd,UNK,,,950.781,60.0,900.0,184.211,950.781,60.0,1136.977,33.85400000000004,1492.442,67.70700000000011,1690.818,60.0,0.27071228119498736,0.8770897467578366,0.6749639249035534,0.7292877188050126,0.12291025324216347,1
Geophysical_model845,/home/lyara/areswave/models/Geophysical_model845.nd,nd,UNK,,,950.781,60.0,900.0,184.211,950.781,60.0,1136.977,33.85400000000004,1492.442,67.70700000000011,1690.818,60.0,0.27071228119498736,0.8770897467578366,0.6749639249035534,0.7292877188050126,0.12291025324216347,1
Geophysical_model974,/home/lyara/areswave/models/Geophysical_model974.nd,nd,UNK,,,950.781,60.0,900.0,184.211,950.781,60.0,1136.977,33.85400000000004,1492.442,67.70700000000011,1690.818,60.0,0.27071228119498736,0.8770897467578366,0.6749639249035534,0.7292877188050126,0.12291025324216347,1
Geophysical_model989,/home/lyara/areswave/models/Geophysical_model989.nd,nd,UNK,,,966.597,60.0,900.0,179.63199999999995,966.597,60.0,1133.089,33.298,1499.372,83.2460000000001,1680.761,60.0,0.512684197705364,0.7564906299496039,0.675221819201524,0.48731580229463606,0.24350937005039602,1
AK_model_64,/home/lyara/areswave/models/AK_model_64.nd,nd,UNK,,,998.537,60.0,795.118,25.42700000000002,998.537,60.0,1151.102,101.71000000000004,1354.521,76.28199999999993,1688.766,60.0,0.6201570318341082,0.702932700784936,0.67534081113466,0.3798429681658918,0.2970672992150641,1
Geophysical_model490,/home/lyara/areswave/models/Geophysical_model490.nd,nd,UNK,,,1096.615,60.0,900.0,187.39999999999998,1096.615,60.0,1145.769,32.769000000000005,1489.845,65.53899999999999,1671.177,60.0,0.6086275411828379,0.7088323611905871,0.6754307545213374,0.39137245881716204,0.29116763880941293,1
Geophysical_model908,/home/lyara/areswave/models/Geophysical_model908.nd,nd,UNK,,,966.653,60.0,900.0,192.909,966.653,60.0,1133.286,33.327,1499.88,66.654,1681.272,60.0,0.6531312796595761,0.6870780572803978,0.6757624647401239,0.346868720340424,0.3129219427196021,1
Geophysical_model883,/home/lyara/areswave/models/Geophysical_model883.nd,nd,UNK,,,966.653,60.0,900.0,192.909,966.653,60.0,1133.286,33.327,1499.88,66.654,1681.272,60.0,0.6531312796595761,0.6870780572803978,0.6757624647401239,0.346868720340424,0.3129219427196021,1
Geophysical_model965,/home/lyara/areswave/models/Geophysical_model965.nd,nd,UNK,,,966.653,60.0,900.0,192.909,966.653,60.0,1133.286,33.327,1499.88,66.654,1681.272,60.0,0.6531312796595761,0.6870780572803978,0.6757624647401239,0.346868720340424,0.3129219427196021,1
Geophysical_model981,/home/lyara/areswave/models/Geophysical_model981.nd,nd,UNK,,,933.4,60.0,900.0,184.236,933.4,60.0,1117.102,33.399999999999864,1484.505,83.5010000000002,1682.605,60.0,0.4361940221726508,0.7957139194400367,0.6758739536842414,0.5638059778273492,0.20428608055996333,1
Geophysical_model357,/home/lyara/areswave/models/Geophysical_model357.nd,nd,UNK,,,949.68,60.0,900.0,188.74300000000005,949.68,60.0,1115.279,16.559999999999945,1446.478,99.3599999999999,1677.528,60.0,0.33304000055170013,0.847398353486785,0.6759455691750901,0.6669599994482999,0.1526016465132149,1
CD_model16,/home/lyara/areswave/models/CD_model16.nd,nd,UNK,,,,60.0,,60.0,,60.0,,60.0,,60.0,,60.0,0.5284619493396291,0.7500319552172566,0.6761752865913807,0.4715380506603709,0.2499680447827434,1
MD_model3,/home/lyara/areswave/models/MD_model3.nd,nd,UNK,,,1000.461,60.0,799.496,10.576999999999998,1000.461,60.0,1137.964,190.38800000000015,1434.124,190.3889999999999,1609.796,60.0,0.6659309080663112,0.6814103343955935,0.6762505256191661,0.3340690919336888,0.31858966560440655,1
AK_model_31,/home/lyara/areswave/models/AK_model_31.nd,nd,UNK,,,1063.166,60.0,823.564,26.622999999999934,1063.166,60.0,1276.145,26.623000000000047,1329.39,53.24499999999989,1699.028,60.0,0.701142304805191,0.6638158293544243,0.6762579878380132,0.29885769519480904,0.33618417064557565,1
Geophysical_model774,/home/lyara/areswave/models/Geophysical_model774.nd,nd,UNK,,,1099.57,60.0,900.0,21.534999999999968,1099.57,60.0,1116.201,16.631000000000085,1465.45,99.78499999999985,1680.096,60.0,0.6113581497324596,0.7089312362281665,0.6764068740629309,0.38864185026754033,0.29106876377183355,1
Geophysical_model668,/home/lyara/areswave/models/Geophysical_model668.nd,nd,UNK,,,1099.489,60.0,900.0,21.05899999999997,1099.489,60.0,1116.113,16.624000000000024,1465.218,99.74500000000012,1679.849,60.0,0.41421255009838764,0.8075397298262843,0.6764306699169854,0.5857874499016124,0.19246027017371573,1
Geophysical_model16,/home/lyara/areswave/models/Geophysical_model16.nd,nd,UNK,,,999.738,60.0,878.116,196.952,999.738,60.0,1116.099,16.623000000000047,1481.804,99.73799999999983,1679.811,60.0,0.3928680670191217,0.8189693392543722,0.676935581842622,0.6071319329808783,0.18103066074562774,1
Geophysical_model515,/home/lyara/areswave/models/Geophysical_model515.nd,nd,UNK,,,1099.766,60.0,900.0,22.442000000000007,1099.766,60.0,1116.413,16.646999999999935,1466.003,99.88300000000004,1680.686,60.0,0.3691923283848314,0.8308264135450925,0.6769483851583388,0.6308076716151686,0.16917358645490757,1
Geophysical_model102,/home/lyara/areswave/models/Geophysical_model102.nd,nd,UNK,,,1016.295,60.0,900.0,198.32399999999996,1016.295,60.0,1132.589,33.22699999999986,1464.86,99.68200000000002,1679.468,60.0,0.39738794016942725,0.8167339449504972,0.6769519433568072,0.6026120598305728,0.18326605504950277,1
Geophysical_model452,/home/lyara/areswave/models/Geophysical_model452.nd,nd,UNK,,,1031.687,60.0,900.0,185.72000000000003,1031.687,60.0,1130.452,32.922000000000025,1492.591,82.30399999999986,1673.94,60.0,0.5497198864802391,0.7416700325582194,0.6776866505322259,0.45028011351976094,0.2583299674417806,1
Geophysical_model125,/home/lyara/areswave/models/Geophysical_model125.nd,nd,UNK,,,983.004,60.0,878.65,192.14800000000002,983.004,60.0,1115.809,16.601000000000113,1497.625,99.60400000000004,1679.004,60.0,0.5685904476126096,0.7322859936550747,0.6777208116409197,0.4314095523873904,0.26771400634492526,1
Geophysical_model634,/home/lyara/areswave/models/Geophysical_model634.nd,nd,UNK,,,900.0,60.0,900.0,22.418000000000006,900.0,60.0,1101.621,16.801999999999907,1488.061,100.81099999999992,1686.284,60.0,0.5970539645508828,0.718192419925164,0.6778129348004036,0.40294603544911717,0.281807580074836,1
Geophysical_model600,/home/lyara/areswave/models/Geophysical_model600.nd,nd,UNK,,,1098.51,60.0,900.0,23.878000000000043,1098.51,60.0,1115.052,16.54300000000012,1462.444,99.25500000000011,1676.896,60.0,0.6034143340192268,0.7156260240682384,0.6782221273852346,0.39658566598077316,0.28437397593176167,1
Geophysical_model672,/home/lyara/areswave/models/Geophysical_model672.nd,nd,UNK,,,900.0,60.0,900.0,180.97199999999998,900.0,60.0,1119.116,33.710000000000036,1489.927,101.13099999999986,1688.215,60.0,0.5516848278980799,0.741961746254379,0.6785361068022793,0.44831517210192,0.2580382537456209,1
Geophysical_model689,/home/lyara/areswave/models/Geophysical_model689.nd,nd,UNK,,,949.989,60.0,900.0,178.211,949.989,60.0,1116.619,16.66300000000001,1499.867,83.31500000000005,1681.259,60.0,0.4749111379370208,0.7803796383306959,0.6785568048661376,0.5250888620629792,0.21962036166930407,1
MD_model27,/home/lyara/areswave/models/MD_model27.nd,nd,UNK,,,1030.409,60.0,895.244,10.397000000000048,1030.409,60.0,1259.149,83.17799999999988,1311.135,31.19100000000003,1589.478,60.0,0.7272963602966099,0.655171974715278,0.679213436575722,0.27270363970339007,0.344828025284722,1
CD_model12,/home/lyara/areswave/models/CD_model12.nd,nd,UNK,,,,60.0,,60.0,,60.0,,60.0,,60.0,,60.0,0.535905387582011,0.7516819446142045,0.6797564256034733,0.46409461241798894,0.24831805538579552,1
CD_model13,/home/lyara/areswave/models/CD_model13.nd,nd,UNK,,,,60.0,,60.0,,60.0,,60.0,,60.0,,60.0,0.535905387582011,0.7516819446142045,0.6797564256034733,0.46409461241798894,0.24831805538579552,1
Geophysical_model756,/home/lyara/areswave/models/Geophysical_model756.nd,nd,UNK,,,949.989,60.0,900.0,199.91499999999996,949.989,60.0,1116.619,16.66300000000001,1483.204,83.31500000000005,1681.259,60.0,0.5542751130150403,0.7426012750844936,0.6798258877280091,0.44572488698495966,0.2573987249155064,1
CD_model33,/home/lyara/areswave/models/CD_model33.nd,nd,UNK,,,,60.0,,60.0,,60.0,,60.0,,60.0,,60.0,0.6725313035948008,0.6836603192113309,0.6799506473391542,0.3274686964051992,0.31633968078866914,1
Geophysical_model897,/home/lyara/areswave/models/Geophysical_model897.nd,nd,UNK,,,950.093,60.0,900.0,199.61199999999997,950.093,60.0,1133.767,50.09299999999985,1484.418,66.79099999999994,1682.515,60.0,0.34546041489633017,0.8473486619130571,0.6800525795741481,0.6545395851036698,0.15265133808694284,1
CD_model10,/home/lyara/areswave/models/CD_model10.nd,nd,UNK,,,,60.0,,60.0,,60.0,,60.0,,60.0,,60.0,0.5465187084065415,0.7472191081841593,0.6803189749249533,0.4534812915934585,0.2527808918158408,1
Geophysical_model685,/home/lyara/areswave/models/Geophysical_model685.nd,nd,UNK,,,933.11,60.0,877.665,178.67700000000002,933.11,60.0,1115.217,16.554999999999836,1495.986,99.33100000000013,1677.355,60.0,0.3701851777842685,0.8354582249779883,0.6803672092467483,0.6298148222157315,0.16454177502201175,1
Geophysical_model494,/home/lyara/areswave/models/Geophysical_model494.nd,nd,UNK,,,999.801,60.0,857.502,191.24099999999999,999.801,60.0,1116.236,16.63299999999981,1465.54,99.80099999999993,1680.192,60.0,0.5456368547415322,0.7479588087812808,0.680518157434698,0.45436314525846777,0.25204119121871915,1
MD_model70,/home/lyara/areswave/models/MD_model70.nd,nd,UNK,,,1005.796,60.0,809.43,10.335000000000036,1005.796,60.0,1243.502,165.3610000000001,1439.868,165.3610000000001,1592.774,60.0,0.7061439480901521,0.6677775904985099,0.6805663763623907,0.29385605190984787,0.3322224095014901,1
Geophysical_model372,/home/lyara/areswave/models/Geophysical_model372.nd,nd,UNK,,,966.596,60.0,900.0,180.875,966.596,60.0,1116.437,16.649000000000115,1466.066,99.894,1680.753,60.0,0.5068608299000581,0.768112781327644,0.6810287975184487,0.4931391700999419,0.23188721867235598,1
Geophysical_model998,/home/lyara/areswave/models/Geophysical_model998.nd,nd,UNK,,,933.856,60.0,879.282,186.45799999999997,933.856,60.0,1120.061,33.855999999999995,1492.472,84.6389999999999,1690.849,60.0,0.4857797677166975,0.7789990171870044,0.6812592673635688,0.5142202322833025,0.22100098281299566,1
AK_model_28,/home/lyara/areswave/models/AK_model_28.nd,nd,UNK,,,1043.88,60.0,800.399,27.053999999999974,1043.88,60.0,1287.361,54.1070000000002,1314.414,27.054000000000087,1713.845,60.0,0.7188456807917799,0.6624938710637246,0.6812778076397431,0.2811543192082201,0.3375061289362754,1
Geophysical_model9,/home/lyara/areswave/models/Geophysical_model9.nd,nd,UNK,,,949.517,60.0,900.0,192.452,949.517,60.0,1114.574,16.505999999999858,1444.688,115.53999999999996,1675.563,60.0,0.37929898575422694,0.8330281697778055,0.6817851084366127,0.6207010142457731,0.16697183022219453,1
CD_model73,/home/lyara/areswave/models/CD_model73.nd,nd,UNK,,,,60.0,,60.0,,60.0,,60.0,,60.0,,60.0,0.34044261283899513,0.8532174079334726,0.6822924762353134,0.6595573871610049,0.14678259206652744,1
AK_model_2,/home/lyara/areswave/models/AK_model_2.nd,nd,UNK,,,1042.278,60.0,836.749,25.69100000000003,1042.278,60.0,1273.498,102.76400000000012,1324.88,25.690999999999804,1663.202,60.0,0.375461210935058,0.8357810027424835,0.6823410721400083,0.624538789064942,0.16421899725751654,1
Geophysical_model361,/home/lyara/areswave/models/Geophysical_model361.nd,nd,UNK,,,1047.698,60.0,900.0,190.28200000000004,1047.698,60.0,1146.164,32.82199999999989,1490.792,82.05399999999986,1672.131,60.0,0.4643650510086216,0.7917584216305779,0.6826272980899257,0.5356349489913784,0.20824157836942214,1
Geophysical_model260,/home/lyara/areswave/models/Geophysical_model260.nd,nd,UNK,,,982.805,60.0,860.802,195.98800000000006,982.805,60.0,1115.292,16.56100000000015,1496.194,99.36500000000001,1677.564,60.0,0.4320891965868391,0.8079911049721683,0.6826904688437252,0.5679108034131609,0.1920088950278317,1
Geophysical_model646,/home/lyara/areswave/models/Geophysical_model646.nd,nd,UNK,,,950.013,60.0,900.0,182.46900000000005,950.013,60.0,1133.396,50.01299999999992,1483.489,66.68399999999997,1681.554,60.0,0.4215991566710411,0.8132713920925247,0.6827139802853636,0.5784008433289589,0.18672860790747525,1
MD_model19,/home/lyara/areswave/models/MD_model19.nd,nd,UNK,,,1059.774,60.0,728.117,192.5759999999999,1059.774,60.0,1209.555,192.57500000000005,1348.637,106.98699999999985,1611.188,60.0,0.46088567759090193,0.7945006362251855,0.6832956500137577,0.5391143224090981,0.20549936377481445,1
Geophysical_model792,/home/lyara/areswave/models/Geophysical_model792.nd,nd,UNK,,,900.0,60.0,900.0,20.659999999999968,900.0,60.0,1106.104,17.174999999999955,1483.961,103.05199999999991,1699.813,60.0,0.6438649926352039,0.7032022737549135,0.6834231800483437,0.3561350073647961,0.29679772624508655,1
Geophysical_model882,/home/lyara/areswave/models/Geophysical_model882.nd,nd,UNK,,,900.0,60.0,900.0,20.659999999999968,900.0,60.0,1106.104,17.174999999999955,1483.961,103.05199999999991,1699.813,60.0,0.6438649926352039,0.7032022737549135,0.6834231800483437,0.3561350073647961,0.29679772624508655,1
Geophysical_model697,/home/lyara/areswave/models/Geophysical_model697.nd,nd,UNK,,,900.0,60.0,900.0,20.659999999999968,900.0,60.0,1106.104,17.174999999999955,1483.961,103.05199999999991,1699.813,60.0,0.6438649926352039,0.7032022737549135,0.6834231800483437,0.3561350073647961,0.29679772624508655,1
Geophysical_model327,/home/lyara/areswave/models/Geophysical_model327.nd,nd,UNK,,,1031.687,60.0,900.0,185.683,1031.687,60.0,1130.452,32.922000000000025,1492.591,82.30399999999986,1673.94,60.0,0.5362841276808155,0.7571356326532543,0.683518464329108,0.46371587231918454,0.2428643673467457,1
Geophysical_model827,/home/lyara/areswave/models/Geophysical_model827.nd,nd,UNK,,,916.589,60.0,878.476,193.716,916.589,60.0,1115.651,16.588999999999942,1497.188,99.53100000000018,1678.564,60.0,0.635203424464182,0.7083802916768362,0.6839880026059516,0.36479657553581807,0.2916197083231637,1
Geophysical_model22,/home/lyara/areswave/models/Geophysical_model22.nd,nd,UNK,,,1063.523,60.0,900.0,194.688,1063.523,60.0,1145.284,32.70400000000018,1488.683,65.4090000000001,1670.008,60.0,0.8139293703072529,0.6190546313162498,0.6840128776465842,0.18607062969274712,0.3809453686837502,1
Geophysical_model23,/home/lyara/areswave/models/Geophysical_model23.nd,nd,UNK,,,1017.871,60.0,900.0,184.51999999999998,1017.871,60.0,1135.742,16.838999999999942,1489.354,84.19299999999998,1687.623,60.0,0.5920065212507022,0.7303638049888133,0.6842447104094429,0.4079934787492978,0.26963619501118674,1
Geophysical_model463,/home/lyara/areswave/models/Geophysical_model463.nd,nd,UNK,,,1017.871,60.0,900.0,184.51999999999998,1017.871,60.0,1135.742,16.838999999999942,1489.354,84.19299999999998,1687.623,60.0,0.5920065212507022,0.7303638049888133,0.6842447104094429,0.4079934787492978,0.26963619501118674,1
AK_model_47,/home/lyara/areswave/models/AK_model_47.nd,nd,UNK,,,1007.565,60.0,771.239,26.258000000000038,1007.565,60.0,1270.15,131.29199999999992,1480.218,26.259000000000015,1689.744,60.0,0.5918005138638127,0.7305114249463296,0.6842744545854907,0.40819948613618723,0.2694885750536704,1
Geophysical_model371,/home/lyara/areswave/models/Geophysical_model371.nd,nd,UNK,,,1031.52,60.0,900.0,186.70299999999997,1031.52,60.0,1130.159,32.87999999999988,1491.838,82.19900000000007,1673.183,60.0,0.639155098163057,0.7074580840302236,0.6846904220745014,0.36084490183694296,0.29254191596977647,1
MD_model77,/home/lyara/areswave/models/MD_model77.nd,nd,UNK,,,993.197,60.0,753.202,10.434999999999945,993.197,60.0,1139.281,187.8219999999999,1400.145,125.21400000000017,1595.591,60.0,0.7294701667400534,0.6626459858993392,0.6849207128462439,0.27052983325994656,0.33735401410066074,1
Geophysical_model470,/home/lyara/areswave/models/Geophysical_model470.nd,nd,UNK,,,1063.97,60.0,900.0,188.42200000000003,1063.97,60.0,1145.955,32.79399999999987,1490.293,65.58799999999997,1671.628,60.0,0.7305454398327405,0.6626819048655257,0.6853030831879305,0.26945456016725955,0.33731809513447425,1
Geophysical_model791,/home/lyara/areswave/models/Geophysical_model791.nd,nd,UNK,,,1084.693,60.0,900.0,22.44100000000003,1084.693,60.0,1101.483,16.789999999999964,1487.659,100.74200000000019,1685.869,60.0,0.478287701099934,0.788960201872816,0.6854027016151886,0.521712298900066,0.211039798127184,1
Geophysical_model734,/home/lyara/areswave/models/Geophysical_model734.nd,nd,UNK,,,1084.693,60.0,900.0,22.44100000000003,1084.693,60.0,1101.483,16.789999999999964,1487.659,100.74200000000019,1685.869,60.0,0.478287701099934,0.788960201872816,0.6854027016151886,0.521712298900066,0.211039798127184,1
Geophysical_model957,/home/lyara/areswave/models/Geophysical_model957.nd,nd,UNK,,,949.985,60.0,900.0,199.42999999999995,949.985,60.0,1133.262,33.32300000000009,1483.154,83.30799999999999,1681.208,60.0,0.6806235394438,0.6882423801433422,0.6857027665768282,0.3193764605561999,0.31175761985665784,1
Geophysical_model829,/home/lyara/areswave/models/Geophysical_model829.nd,nd,UNK,,,949.985,60.0,900.0,199.42999999999995,949.985,60.0,1133.262,33.32300000000009,1483.154,83.30799999999999,1681.208,60.0,0.6806235394438,0.6882423801433422,0.6857027665768282,0.3193764605561999,0.31175761985665784,1
Geophysical_model466,/home/lyara/areswave/models/Geophysical_model466.nd,nd,UNK,,,1031.687,60.0,900.0,185.18899999999996,1031.687,60.0,1130.452,32.922000000000025,1492.591,82.30399999999986,1673.94,60.0,0.5020022907976971,0.7779746360859199,0.685983854323179,0.4979977092023029,0.2220253639140801,1
Geophysical_model815,/home/lyara/areswave/models/Geophysical_model815.nd,nd,UNK,,,950.781,60.0,900.0,183.49599999999998,950.781,60.0,1136.977,33.85400000000004,1475.515,67.70700000000011,1690.818,60.0,0.37656423855581445,0.8409862786066455,0.6861789319230351,0.6234357614441856,0.15901372139335443,1
Geophysical_model544,/home/lyara/areswave/models/Geophysical_model544.nd,nd,UNK,,,950.085,60.0,900.0,182.62099999999998,950.085,60.0,1133.728,33.3900000000001,1484.32,66.779,1682.414,60.0,0.5216221054602295,0.7686050500593155,0.6862774018596202,0.4783778945397705,0.23139494994068457,1
Geophysical_model538,/home/lyara/areswave/models/Geophysical_model538.nd,nd,UNK,,,950.085,60.0,900.0,182.62099999999998,950.085,60.0,1133.728,33.3900000000001,1484.32,66.779,1682.414,60.0,0.5216221054602295,0.7686050500593155,0.6862774018596202,0.4783778945397705,0.23139494994068457,1
Geophysical_model623,/home/lyara/areswave/models/Geophysical_model623.nd,nd,UNK,,,900.0,60.0,900.0,179.49199999999996,900.0,60.0,1101.753,33.625,1488.445,100.87599999999998,1686.682,60.0,0.3851787906163333,0.8368273081086712,0.686277802277892,0.6148212093836667,0.1631726918913287,1
CD_model23,/home/lyara/areswave/models/CD_model23.nd,nd,UNK,,,,60.0,,60.0,,60.0,,60.0,,60.0,,60.0,0.5649142202805897,0.7472540941080743,0.6864741361655794,0.4350857797194103,0.2527459058919257,1
Geophysical_model861,/home/lyara/areswave/models/Geophysical_model861.nd,nd,UNK,,,949.959,60.0,900.0,179.64999999999998,949.959,60.0,1133.142,33.305000000000064,1499.507,83.2650000000001,1680.897,60.0,0.5408357337270782,0.7599793667729443,0.6869314890909889,0.45916426627292184,0.24002063322705566,1
Geophysical_model961,/home/lyara/areswave/models/Geophysical_model961.nd,nd,UNK,,,949.959,60.0,900.0,179.64999999999998,949.959,60.0,1133.142,33.305000000000064,1499.507,83.2650000000001,1680.897,60.0,0.5408357337270782,0.7599793667729443,0.6869314890909889,0.45916426627292184,0.24002063322705566,1
Geophysical_model247,/home/lyara/areswave/models/Geophysical_model247.nd,nd,UNK,,,966.552,60.0,900.0,193.11,966.552,60.0,1116.294,16.63799999999992,1465.692,99.82799999999997,1680.354,60.0,0.4843863940789478,0.7883032569577774,0.6869976359981674,0.5156136059210522,0.21169674304222266,1
Geophysical_model564,/home/lyara/areswave/models/Geophysical_model564.nd,nd,UNK,,,1099.625,60.0,900.0,21.491999999999962,1099.625,60.0,1116.26,16.635999999999967,1465.604,99.81200000000013,1680.261,60.0,0.6000496693453918,0.7306492040840491,0.68711602583783,0.39995033065460817,0.26935079591595085,1
Geophysical_model733,/home/lyara/areswave/models/Geophysical_model733.nd,nd,UNK,,,933.815,60.0,879.484,184.644,933.815,60.0,1119.798,33.81499999999983,1474.857,84.53699999999981,1690.116,60.0,0.5617503859717682,0.7506947742857589,0.6877133115144286,0.4382496140282318,0.2493052257142411,1
Geophysical_model28,/home/lyara/areswave/models/Geophysical_model28.nd,nd,UNK,,,999.738,60.0,900.0,196.45899999999995,999.738,60.0,1116.099,16.623000000000047,1465.181,99.73799999999983,1679.811,60.0,0.4393972081565578,0.8127562266866238,0.6883032205099351,0.5606027918434422,0.18724377331337613,1
CD_model94,/home/lyara/areswave/models/CD_model94.nd,nd,UNK,,,,60.0,,60.0,,60.0,,60.0,,60.0,,60.0,0.6057492384956298,0.730031220299242,0.6886038930313712,0.3942507615043702,0.26996877970075805,1
Geophysical_model66,/home/lyara/areswave/models/Geophysical_model66.nd,nd,UNK,,,983.237,60.0,879.302,186.28300000000002,983.237,60.0,1116.417,16.64800000000014,1466.015,99.88400000000001,1680.698,60.0,0.6191436869418523,0.723935025464457,0.6890045792902555,0.3808563130581477,0.27606497453554296,1
Geophysical_model835,/home/lyara/areswave/models/Geophysical_model835.nd,nd,UNK,,,949.989,60.0,900.0,178.12400000000002,949.989,60.0,1116.619,16.66300000000001,1483.204,83.31500000000005,1681.259,60.0,0.5636758094551961,0.7518252362820506,0.6891087606730991,0.4363241905448039,0.24817476371794944,1
Geophysical_model760,/home/lyara/areswave/models/Geophysical_model760.nd,nd,UNK,,,1050.167,60.0,900.0,21.375999999999976,1050.167,60.0,1100.223,33.371000000000095,1483.984,100.11099999999988,1682.066,60.0,0.5219431929335815,0.7726940105249643,0.6891104046611701,0.4780568070664185,0.2273059894750357,1
Geophysical_model677,/home/lyara/areswave/models/Geophysical_model677.nd,nd,UNK,,,1050.167,60.0,900.0,21.375999999999976,1050.167,60.0,1100.223,33.371000000000095,1483.984,100.11099999999988,1682.066,60.0,0.5219431929335815,0.7726940105249643,0.6891104046611701,0.4780568070664185,0.2273059894750357,1
Geophysical_model751,/home/lyara/areswave/models/Geophysical_model751.nd,nd,UNK,,,1050.167,60.0,900.0,21.375999999999976,1050.167,60.0,1100.223,33.371000000000095,1483.984,100.11099999999988,1682.066,60.0,0.5219431929335815,0.7726940105249643,0.6891104046611701,0.4780568070664185,0.2273059894750357,1
Geophysical_model676,/home/lyara/areswave/models/Geophysical_model676.nd,nd,UNK,,,1050.167,60.0,900.0,21.375999999999976,1050.167,60.0,1100.223,33.371000000000095,1483.984,100.11099999999988,1682.066,60.0,0.5219431929335815,0.7726940105249643,0.6891104046611701,0.4780568070664185,0.2273059894750357,1
Geophysical_model460,/home/lyara/areswave/models/Geophysical_model460.nd,nd,UNK,,,1016.377,60.0,900.0,198.875,1016.377,60.0,1116.129,33.251000000000204,1498.512,99.75199999999995,1679.896,60.0,0.44422223576556363,0.8121124047342321,0.6894823484113427,0.5557777642344364,0.18788759526576787,1
Geophysical_model271,/home/lyara/areswave/models/Geophysical_model271.nd,nd,UNK,,,1016.377,60.0,900.0,198.875,1016.377,60.0,1116.129,33.251000000000204,1498.512,99.75199999999995,1679.896,60.0,0.44422223576556363,0.8121124047342321,0.6894823484113427,0.5557777642344364,0.18788759526576787,1
Geophysical_model613,/home/lyara/areswave/models/Geophysical_model613.nd,nd,UNK,,,1099.905,60.0,900.0,21.057000000000016,1099.905,60.0,1116.564,16.6579999999999,1466.397,99.95299999999997,1681.106,60.0,0.5728045620345339,0.7479793059352525,0.6895877246350129,0.42719543796546616,0.2520206940647475,1
AK_model_43,/home/lyara/areswave/models/AK_model_43.nd,nd,UNK,,,1028.345,60.0,817.934,26.30200000000002,1028.345,60.0,1291.359,105.2059999999999,1475.469,157.80899999999997,1685.454,60.0,0.6520237855356639,0.7086610688426374,0.6897819744069795,0.3479762144643361,0.29133893115736265,1
AK_model_39,/home/lyara/areswave/models/AK_model_39.nd,nd,UNK,,,1029.679,60.0,815.46,26.777000000000044,1029.679,60.0,1297.451,107.10899999999992,1431.337,160.664,1695.529,60.0,0.6289258865630367,0.7217142591199965,0.69078480160101,0.37107411343696334,0.2782857408800034,1
Geophysical_model377,/home/lyara/areswave/models/Geophysical_model377.nd,nd,UNK,,,1031.555,60.0,900.0,185.67899999999997,1031.555,60.0,1130.221,32.888999999999896,1491.996,82.221,1673.341,60.0,0.6393694696096026,0.7173570462496586,0.6913611873696399,0.36063053039039733,0.2826429537503414,1
Geophysical_model603,/home/lyara/areswave/models/Geophysical_model603.nd,nd,UNK,,,1099.625,60.0,900.0,21.54200000000003,1099.625,60.0,1116.26,16.635999999999967,1465.604,99.81200000000013,1680.261,60.0,0.677726154702744,0.6985730668480219,0.6916240961329292,0.32227384529725595,0.30142693315197805,1
Geophysical_model738,/home/lyara/areswave/models/Geophysical_model738.nd,nd,UNK,,,900.0,60.0,900.0,184.47699999999998,900.0,60.0,1106.204,17.18399999999997,1467.062,85.9190000000001,1501.429,68.7349999999999,0.4870814918758236,0.794319325506175,0.6919067142960579,0.5129185081241764,0.20568067449382502,1
Geophysical_model854,/home/lyara/areswave/models/Geophysical_model854.nd,nd,UNK,,,900.0,60.0,900.0,184.47699999999998,900.0,60.0,1106.204,17.18399999999997,1467.062,85.9190000000001,1501.429,68.7349999999999,0.4870814918758236,0.794319325506175,0.6919067142960579,0.5129185081241764,0.20568067449382502,1
Geophysical_model317,/home/lyara/areswave/models/Geophysical_model317.nd,nd,UNK,,,1031.442,60.0,900.0,189.02300000000002,1031.442,60.0,1130.023,32.8599999999999,1491.488,82.15100000000007,1672.831,60.0,0.5388566432648947,0.7687031488183134,0.6920876469671738,0.4611433567351053,0.2312968511816867,1
Geophysical_model367,/home/lyara/areswave/models/Geophysical_model367.nd,nd,UNK,,,1031.442,60.0,900.0,189.02300000000002,1031.442,60.0,1130.023,32.8599999999999,1491.488,82.15100000000007,1672.831,60.0,0.5388566432648947,0.7687031488183134,0.6920876469671738,0.4611433567351053,0.2312968511816867,1
Geophysical_model990,/home/lyara/areswave/models/Geophysical_model990.nd,nd,UNK,,,950.721,60.0,900.0,183.73699999999997,950.721,60.0,1119.792,33.81400000000008,1491.747,84.53500000000008,1690.099,60.0,0.41442180575734955,0.8315147361819435,0.6924837593737455,0.5855781942426505,0.16848526381805654,1
Geophysical_model164,/home/lyara/areswave/models/Geophysical_model164.nd,nd,UNK,,,950.866,60.0,900.0,193.89499999999998,950.866,60.0,1120.421,33.91100000000006,1459.531,101.73300000000017,1691.853,60.0,0.41360918519394274,0.8320581956439457,0.6925751921606113,0.5863908148060573,0.1679418043560543,1
Geophysical_model526,/home/lyara/areswave/models/Geophysical_model526.nd,nd,UNK,,,916.589,60.0,878.506,193.44399999999996,916.589,60.0,1115.651,16.588999999999942,1497.188,99.53100000000018,1678.564,60.0,0.6096696887323585,0.7340292941125813,0.6925760923191738,0.39033031126764145,0.26597070588741867,1
Geophysical_model763,/home/lyara/areswave/models/Geophysical_model763.nd,nd,UNK,,,950.013,60.0,900.0,182.67999999999995,950.013,60.0,1133.396,33.3420000000001,1483.489,66.68399999999997,1681.554,60.0,0.5501256362014418,0.7651641715228839,0.6934846597490698,0.44987436379855816,0.23483582847711612,1
Geophysical_model649,/home/lyara/areswave/models/Geophysical_model649.nd,nd,UNK,,,950.013,60.0,900.0,182.67999999999995,950.013,60.0,1133.396,33.3420000000001,1483.489,66.68399999999997,1681.554,60.0,0.5501256362014418,0.7651641715228839,0.6934846597490698,0.44987436379855816,0.23483582847711612,1
Geophysical_model476,/home/lyara/areswave/models/Geophysical_model476.nd,nd,UNK,,,967.7,60.0,900.0,181.48800000000006,967.7,60.0,1120.025,33.850000000000136,1458.525,118.47499999999991,1690.748,60.0,0.43012314936713314,0.8254459529831172,0.6936716851111225,0.5698768506328669,0.1745540470168828,1
MD_model62,/home/lyara/areswave/models/MD_model62.nd,nd,UNK,,,1060.259,60.0,730.357,182.015,1060.259,60.0,1276.401,193.39100000000008,1356.032,45.503999999999905,1696.852,60.0,0.6624794763625705,0.7093089264921828,0.6936991097823121,0.3375205236374295,0.29069107350781714,1
Geophysical_model226,/home/lyara/areswave/models/Geophysical_model226.nd,nd,UNK,,,1096.615,60.0,900.0,186.49900000000002,1096.615,60.0,1145.769,32.769000000000005,1489.845,65.53899999999999,1671.177,60.0,0.44688310019811295,0.8175037961934926,0.6939635641950327,0.553116899801887,0.18249620380650744,1
Geophysical_model87,/home/lyara/areswave/models/Geophysical_model87.nd,nd,UNK,,,1031.859,60.0,900.0,186.91999999999996,1031.859,60.0,1130.753,32.96399999999994,1476.882,82.41200000000003,1674.718,60.0,0.6506489530093108,0.7161705304890941,0.6943300046624996,0.3493510469906892,0.28382946951090593,1
Geophysical_model238,/home/lyara/areswave/models/Geophysical_model238.nd,nd,UNK,,,983.209,60.0,877.982,198.163,983.209,60.0,1116.342,16.641999999999825,1465.818,116.49200000000019,1680.489,60.0,0.5518978397985108,0.7660320631928843,0.6946539887280933,0.4481021602014892,0.23396793680711564,1
Geophysical_model401,/home/lyara/areswave/models/Geophysical_model401.nd,nd,UNK,,,933.558,60.0,900.0,195.534,933.558,60.0,1101.346,16.778999999999996,1436.922,117.452,1685.455,60.0,0.3243942905569399,0.8798733693419315,0.6947136764136009,0.6756057094430601,0.12012663065806854,1
AK_model_53,/home/lyara/areswave/models/AK_model_53.nd,nd,UNK,,,1012.109,60.0,833.338,25.53800000000001,1012.109,60.0,1114.263,102.154,1369.649,76.61600000000021,1656.21,60.0,0.40159401503153735,0.8425125129948794,0.6955396803404321,0.5984059849684626,0.1574874870051206,1
Geophysical_model925,/home/lyara/areswave/models/Geophysical_model925.nd,nd,UNK,,,950.093,60.0,900.0,199.76800000000003,950.093,60.0,1133.767,50.09299999999985,1484.418,66.79099999999994,1682.515,60.0,0.6464419896108576,0.7202551012480392,0.695650730702312,0.35355801038914236,0.27974489875196085,1
Geophysical_model993,/home/lyara/areswave/models/Geophysical_model993.nd,nd,UNK,,,950.093,60.0,900.0,199.76800000000003,950.093,60.0,1133.767,50.09299999999985,1484.418,66.79099999999994,1682.515,60.0,0.6464419896108576,0.7202551012480392,0.695650730702312,0.35355801038914236,0.27974489875196085,1
CD_model32,/home/lyara/areswave/models/CD_model32.nd,nd,UNK,,,,60.0,,60.0,,60.0,,60.0,,60.0,,60.0,0.7356475101285859,0.6760878539900264,0.6959410727028795,0.26435248987141413,0.32391214600997364,1
Geophysical_model246,/home/lyara/areswave/models/Geophysical_model246.nd,nd,UNK,,,1033.219,60.0,900.0,180.10900000000004,1033.219,60.0,1133.134,33.305000000000064,1482.834,83.26200000000017,1680.877,60.0,0.6500633295518446,0.7193100352699067,0.6962278000305527,0.34993667044815535,0.28068996473009333,1
Geophysical_model771,/home/lyara/areswave/models/Geophysical_model771.nd,nd,UNK,,,933.784,60.0,900.0,183.01300000000003,933.784,60.0,1119.594,33.784000000000106,1491.215,84.45899999999983,1689.548,60.0,0.4520380878260327,0.8186301299086766,0.6964327825477953,0.5479619121739673,0.18136987009132344,1
Geophysical_model772,/home/lyara/areswave/models/Geophysical_model772.nd,nd,UNK,,,933.784,60.0,900.0,183.01300000000003,933.784,60.0,1119.594,33.784000000000106,1491.215,84.45899999999983,1689.548,60.0,0.4520380878260327,0.8186301299086766,0.6964327825477953,0.5479619121739673,0.18136987009132344,1
MD_model95,/home/lyara/areswave/models/MD_model95.nd,nd,UNK,,,1010.926,60.0,859.539,10.812999999999988,1010.926,60.0,1248.82,140.57400000000007,1356.954,194.6400000000001,1642.275,60.0,0.5088102885961594,0.791481819247121,0.6972579756968006,0.4911897114038406,0.20851818075287898,1
Geophysical_model244,/home/lyara/areswave/models/Geophysical_model244.nd,nd,UNK,,,1099.378,60.0,900.0,179.28300000000002,1099.378,60.0,1115.993,16.614000000000033,1431.674,99.68900000000008,1679.515,60.0,0.4512837270703097,0.8204926030349953,0.6974229777134334,0.5487162729296903,0.1795073969650047,1
Geophysical_model461,/home/lyara/areswave/models/Geophysical_model461.nd,nd,UNK,,,1031.853,60.0,900.0,187.83900000000006,1031.853,60.0,1130.743,32.96399999999994,1493.339,82.4079999999999,1674.693,60.0,0.5359802616035758,0.7790411308323669,0.6980208410894365,0.4640197383964242,0.2209588691676331,1
Geophysical_model306,/home/lyara/areswave/models/Geophysical_model306.nd,nd,UNK,,,1031.853,60.0,900.0,187.83900000000006,1031.853,60.0,1130.743,32.96399999999994,1493.339,82.4079999999999,1674.693,60.0,0.5359802616035758,0.7790411308323669,0.6980208410894365,0.4640197383964242,0.2209588691676331,1
Geophysical_model347,/home/lyara/areswave/models/Geophysical_model347.nd,nd,UNK,,,1031.853,60.0,900.0,187.83900000000006,1031.853,60.0,1130.743,32.96399999999994,1493.339,82.4079999999999,1674.693,60.0,0.5359802616035758,0.7790411308323669,0.6980208410894365,0.4640197383964242,0.2209588691676331,1
MD_model71,/home/lyara/areswave/models/MD_model71.nd,nd,UNK,,,988.56,60.0,746.594,10.520000000000095,988.56,60.0,1114.804,178.8449999999998,1440.933,21.039999999999964,1605.599,60.0,0.777150606152349,0.6585213026198944,0.6980644037973792,0.22284939384765104,0.34147869738010567,1
Geophysical_model785,/home/lyara/areswave/models/Geophysical_model785.nd,nd,UNK,,,900.0,60.0,900.0,29.769000000000005,900.0,60.0,1101.736,16.810999999999922,1471.585,100.86799999999994,1686.632,60.0,0.5756321771099941,0.7592978835045278,0.6980759813730165,0.4243678228900058,0.24070211649547227,1
Geophysical_model69,/home/lyara/areswave/models/Geophysical_model69.nd,nd,UNK,,,1016.434,60.0,877.14,182.87599999999998,1016.434,60.0,1132.867,33.26700000000005,1498.801,99.79999999999995,1680.187,60.0,0.48421075765949806,0.8055769098159757,0.6984548590971498,0.5157892423405019,0.19442309018402426,1
Geophysical_model391,/home/lyara/areswave/models/Geophysical_model391.nd,nd,UNK,,,1030.76,60.0,900.0,187.67899999999997,1030.76,60.0,1128.83,32.690000000000055,1488.42,81.72500000000014,1669.744,60.0,0.6329075461918743,0.7315543809829925,0.6986721027192865,0.3670924538081257,0.2684456190170075,1
MD_model93,/home/lyara/areswave/models/MD_model93.nd,nd,UNK,,,1028.365,60.0,811.573,195.11299999999994,1028.365,60.0,1288.514,75.87699999999995,1321.033,21.679000000000087,1639.515,60.0,0.5052721292904357,0.7957967980298262,0.6989552417833628,0.49472787070956425,0.20420320197017383,1
Geophysical_model130,/home/lyara/areswave/models/Geophysical_model130.nd,nd,UNK,,,1031.687,60.0,900.0,185.29399999999998,1031.687,60.0,1130.452,32.922000000000025,1492.591,82.30399999999986,1673.94,60.0,0.5965688735012253,0.7501685731705582,0.6989686732807806,0.4034311264987746,0.24983142682944184,1
Geophysical_model273,/home/lyara/areswave/models/Geophysical_model273.nd,nd,UNK,,,950.621,60.0,900.0,192.23299999999995,950.621,60.0,1119.357,33.74700000000007,1456.828,101.24199999999996,1688.886,60.0,0.4732332597112664,0.8119798636404846,0.6990643289974119,0.5267667402887336,0.18802013635951545,1
AK_model_46,/home/lyara/areswave/models/AK_model_46.nd,nd,UNK,,,1017.265,60.0,775.483,26.864999999999895,1017.265,60.0,1285.911,134.3230000000001,1473.964,26.86500000000001,1710.571,60.0,0.4649675545603137,0.8161667856955023,0.699100375317106,0.5350324454396863,0.18383321430449776,1
Geophysical_model692,/home/lyara/areswave/models/Geophysical_model692.nd,nd,UNK,,,1099.489,60.0,900.0,20.90599999999995,1099.489,60.0,1116.113,16.624000000000024,1465.218,99.74500000000012,1679.849,60.0,0.5608736526180014,0.768870530414223,0.6995382378154824,0.4391263473819987,0.23112946958577696,1
Geophysical_model896,/home/lyara/areswave/models/Geophysical_model896.nd,nd,UNK,,,900.0,60.0,900.0,198.32500000000005,900.0,60.0,1104.416,17.035000000000082,1479.179,102.20799999999986,1694.72,60.0,0.500584345033125,0.7991144164561168,0.6996043926484529,0.499415654966875,0.20088558354388314,1
AK_model_91,/home/lyara/areswave/models/AK_model_91.nd,nd,UNK,,,1074.988,60.0,775.432,27.232999999999947,1074.988,60.0,1292.847,54.46399999999994,1320.08,54.46400000000017,1720.767,60.0,0.7522714622602588,0.6739983971676364,0.7000894188651773,0.24772853773974127,0.3260016028323635,1
Geophysical_model402,/home/lyara/areswave/models/Geophysical_model402.nd,nd,UNK,,,1031.655,60.0,900.0,189.51199999999994,1031.655,60.0,1130.397,32.91399999999999,1492.449,82.28500000000008,1673.797,60.0,0.6539376946314343,0.723342300971935,0.7002074321917681,0.34606230536856575,0.27665769902806503,1
Geophysical_model422,/home/lyara/areswave/models/Geophysical_model422.nd,nd,UNK,,,1031.655,60.0,900.0,189.51199999999994,1031.655,60.0,1130.397,32.91399999999999,1492.449,82.28500000000008,1673.797,60.0,0.6539376946314343,0.723342300971935,0.7002074321917681,0.34606230536856575,0.27665769902806503,1
Geophysical_model901,/home/lyara/areswave/models/Geophysical_model901.nd,nd,UNK,,,966.67,60.0,900.0,192.35000000000002,966.67,60.0,1133.345,33.33499999999981,1483.363,66.67000000000007,1681.424,60.0,0.6263410710534401,0.7378664245732347,0.7006913067333032,0.37365892894655994,0.26213357542676535,1
Geophysical_model982,/home/lyara/areswave/models/Geophysical_model982.nd,nd,UNK,,,966.67,60.0,900.0,192.35000000000002,966.67,60.0,1133.345,33.33499999999981,1483.363,66.67000000000007,1681.424,60.0,0.6263410710534401,0.7378664245732347,0.7006913067333032,0.37365892894655994,0.26213357542676535,1
Geophysical_model176,/home/lyara/areswave/models/Geophysical_model176.nd,nd,UNK,,,966.298,60.0,900.0,189.20899999999995,966.298,60.0,1115.469,16.57399999999984,1463.533,99.44699999999989,1678.056,60.0,0.3784989216557496,0.8618018400746466,0.7007008672683476,0.6215010783442504,0.13819815992535348,1
CD_model90,/home/lyara/areswave/models/CD_model90.nd,nd,UNK,,,,60.0,,60.0,,60.0,,60.0,,60.0,,60.0,0.5851691813647167,0.7587020152026621,0.7008577372566803,0.41483081863528326,0.24129798479733786,1
CD_model86,/home/lyara/areswave/models/CD_model86.nd,nd,UNK,,,,60.0,,60.0,,60.0,,60.0,,60.0,,60.0,0.5851691813647167,0.7587020152026621,0.7008577372566803,0.41483081863528326,0.24129798479733786,1
Geophysical_model138,/home/lyara/areswave/models/Geophysical_model138.nd,nd,UNK,,,982.921,60.0,900.0,196.41899999999998,982.921,60.0,1115.594,16.58400000000006,1463.861,116.08899999999994,1678.405,60.0,0.44723119564181,0.8277932574054266,0.7009392368175544,0.55276880435819,0.17220674259457333,1
MD_model28,/home/lyara/areswave/models/MD_model28.nd,nd,UNK,,,969.799,60.0,817.032,185.50200000000007,969.799,60.0,1297.155,43.64799999999991,1340.802,98.2059999999999,1649.766,60.0,0.5983676902870061,0.7522964055026251,0.7009868337640853,0.4016323097129939,0.24770359449737492,1
MD_model55,/home/lyara/areswave/models/MD_model55.nd,nd,UNK,,,936.329,60.0,822.179,103.77300000000002,936.329,60.0,1299.533,62.26299999999992,1309.91,31.131999999999834,1597.929,60.0,0.7301867479683164,0.6864309703352176,0.7010162295462505,0.26981325203168355,0.3135690296647824,1
Geophysical_model836,/home/lyara/areswave/models/Geophysical_model836.nd,nd,UNK,,,900.0,60.0,900.0,187.837,900.0,60.0,1115.838,16.60200000000009,1464.498,116.22000000000003,1679.083,60.0,0.6564818431303382,0.7235469285964091,0.7011919001077188,0.3435181568696618,0.2764530714035909,1
Geophysical_model3,/home/lyara/areswave/models/Geophysical_model3.nd,nd,UNK,,,1098.645,60.0,900.0,180.72500000000002,1098.645,60.0,1115.199,16.55399999999986,1429.721,99.32199999999989,1677.304,60.0,0.667300573824527,0.7182065446720924,0.701237887722904,0.332699426175473,0.2817934553279076,1
AK_model_59,/home/lyara/areswave/models/AK_model_59.nd,nd,UNK,,,1013.735,60.0,839.485,24.89199999999994,1013.735,60.0,1163.093,124.46499999999992,1387.13,49.78599999999983,1668.845,60.0,0.49565363382490324,0.8046214884874352,0.7016322035999245,0.5043463661750968,0.1953785115125648,1
Geophysical_model664,/home/lyara/areswave/models/Geophysical_model664.nd,nd,UNK,,,1099.489,60.0,900.0,21.426000000000045,1099.489,60.0,1116.113,16.624000000000024,1465.218,99.74500000000012,1679.849,60.0,0.5435285298046438,0.7810768849582522,0.7018940999070494,0.45647147019535617,0.21892311504174777,1
Geophysical_model753,/home/lyara/areswave/models/Geophysical_model753.nd,nd,UNK,,,1099.489,60.0,900.0,21.426000000000045,1099.489,60.0,1116.113,16.624000000000024,1465.218,99.74500000000012,1679.849,60.0,0.5435285298046438,0.7810768849582522,0.7018940999070494,0.45647147019535617,0.21892311504174777,1
Geophysical_model739,/home/lyara/areswave/models/Geophysical_model739.nd,nd,UNK,,,1099.489,60.0,900.0,21.426000000000045,1099.489,60.0,1116.113,16.624000000000024,1465.218,99.74500000000012,1679.849,60.0,0.5435285298046438,0.7810768849582522,0.7018940999070494,0.45647147019535617,0.21892311504174777,1
Geophysical_model797,/home/lyara/areswave/models/Geophysical_model797.nd,nd,UNK,,,933.11,60.0,878.025,197.77800000000002,933.11,60.0,1115.217,16.554999999999836,1479.431,99.33100000000013,1677.355,60.0,0.40658626656700225,0.850001682585456,0.7021965439126382,0.5934137334329977,0.14999831741454397,1
MD_model18,/home/lyara/areswave/models/MD_model18.nd,nd,UNK,,,1091.8,60.0,713.204,194.70600000000002,1091.8,60.0,1102.617,10.817000000000007,1416.311,108.16999999999985,1626.516,60.0,0.8007782733201065,0.6529282807002172,0.7022116115735137,0.19922172667989346,0.34707171929978275,1
Gudkova,/home/lyara/areswave/models/Gudkova.nd,nd,UNK,,,819.32,60.0,819.32,307.727,819.32,60.0,1174.566,16.70399999999995,1443.681,39.91800000000012,1567.533,90.13499999999999,0.4741667952881491,0.81623643177683,0.7022132196139363,0.5258332047118509,0.18376356822316992,1
Geophysical_model456,/home/lyara/areswave/models/Geophysical_model456.nd,nd,UNK,,,1016.299,60.0,877.225,182.20000000000005,1016.299,60.0,1132.599,33.228000000000065,1498.111,99.68500000000017,1679.493,60.0,0.5344012421467157,0.7863089203741186,0.7023396942983177,0.46559875785328436,0.21369107962588144,1
CD_model30,/home/lyara/areswave/models/CD_model30.nd,nd,UNK,,,,60.0,,60.0,,60.0,,60.0,,60.0,,60.0,0.8529634401944398,0.6272041853839931,0.7024572703208087,0.14703655980556016,0.3727958146160069,1
CD_model43,/home/lyara/areswave/models/CD_model43.nd,nd,UNK,,,,60.0,,60.0,,60.0,,60.0,,60.0,,60.0,0.8529634401944398,0.6272041853839931,0.7024572703208087,0.14703655980556016,0.3727958146160069,1
CD_model24,/home/lyara/areswave/models/CD_model24.nd,nd,UNK,,,,60.0,,60.0,,60.0,,60.0,,60.0,,60.0,0.8041361048785776,0.6523251678113471,0.7029288135004239,0.19586389512142238,0.3476748321886529,1
AK_model_81,/home/lyara/areswave/models/AK_model_81.nd,nd,UNK,,,1048.351,60.0,819.977,25.375,1048.351,60.0,1276.724,50.749000000000024,1327.474,50.75,1686.823,60.0,0.46821106138632285,0.8204987570414717,0.7030695251564221,0.5317889386136772,0.17950124295852835,1
MD_model47,/home/lyara/areswave/models/MD_model47.nd,nd,UNK,,,962.295,60.0,707.928,185.88300000000004,962.295,60.0,1294.928,39.13300000000004,1343.845,48.91599999999994,1504.511,251.3320000000001,0.8565653358658626,0.626360881467611,0.7030956996003616,0.14343466413413739,0.37363911853238896,1
Geophysical_model832,/home/lyara/areswave/models/Geophysical_model832.nd,nd,UNK,,,949.951,60.0,900.0,180.49300000000005,949.951,60.0,1116.453,16.65000000000009,1499.409,83.2510000000002,1680.798,60.0,0.6018634123017044,0.753760881287839,0.7031283916257941,0.3981365876982957,0.24623911871216095,1
Geophysical_model107,/home/lyara/areswave/models/Geophysical_model107.nd,nd,UNK,,,983.232,60.0,900.0,182.33500000000004,983.232,60.0,1116.402,16.645999999999958,1465.975,116.52400000000011,1680.656,60.0,0.4610960261385767,0.8241861110289338,0.7031560827321481,0.5389039738614233,0.1758138889710662,1
AK_model_56,/home/lyara/areswave/models/AK_model_56.nd,nd,UNK,,,1018.998,60.0,842.972,25.146999999999935,1018.998,60.0,1144.731,100.58600000000001,1371.051,50.29300000000012,1678.679,60.0,0.4715544847538429,0.819189013524952,0.7033108372679155,0.5284455152461571,0.18081098647504804,1
AK_model_58,/home/lyara/areswave/models/AK_model_58.nd,nd,UNK,,,1013.144,60.0,839.363,24.825999999999908,1013.144,60.0,1162.1,124.12999999999988,1385.533,49.651999999999816,1666.989,60.0,0.751123145063587,0.6794734372786997,0.7033566732069955,0.24887685493641296,0.32052656272130037,1
MD_model26,/home/lyara/areswave/models/MD_model26.nd,nd,UNK,,,1011.624,60.0,870.538,10.077999999999975,1011.624,60.0,1293.796,151.164,1354.261,60.465999999999894,1485.27,60.0,0.6769163190711751,0.7168644484734785,0.7035484053393773,0.3230836809288249,0.2831355515265215,1
Geophysical_model637,/home/lyara/areswave/models/Geophysical_model637.nd,nd,UNK,,,933.365,60.0,876.693,186.45500000000004,933.365,60.0,1116.871,33.36500000000001,1483.885,83.41200000000003,1681.963,60.0,0.609470984607269,0.752128136106025,0.7045757522731063,0.39052901539273094,0.24787186389397492,1
Geophysical_model939,/home/lyara/areswave/models/Geophysical_model939.nd,nd,UNK,,,933.365,60.0,876.693,186.45500000000004,933.365,60.0,1116.871,33.36500000000001,1483.885,83.41200000000003,1681.963,60.0,0.609470984607269,0.752128136106025,0.7045757522731063,0.39052901539273094,0.24787186389397492,1
Geophysical_model853,/home/lyara/areswave/models/Geophysical_model853.nd,nd,UNK,,,950.057,60.0,900.0,199.34900000000005,950.057,60.0,1133.601,33.371000000000095,1484.001,66.74299999999994,1682.084,60.0,0.6357639665703856,0.7402934298450945,0.7054502754201915,0.36423603342961436,0.25970657015490556,1
Geophysical_model919,/home/lyara/areswave/models/Geophysical_model919.nd,nd,UNK,,,900.0,60.0,859.276,183.25699999999995,900.0,60.0,1106.522,17.210000000000036,1485.145,86.04999999999995,1502.356,68.83999999999992,0.5218783926853909,0.7972413495222539,0.7054536972432995,0.47812160731460907,0.20275865047774605,1
Geophysical_model867,/home/lyara/areswave/models/Geophysical_model867.nd,nd,UNK,,,900.0,60.0,859.276,183.25699999999995,900.0,60.0,1106.522,17.210000000000036,1485.145,86.04999999999995,1502.356,68.83999999999992,0.5218783926853909,0.7972413495222539,0.7054536972432995,0.47812160731460907,0.20275865047774605,1
Geophysical_model121,/home/lyara/areswave/models/Geophysical_model121.nd,nd,UNK,,,1063.821,60.0,900.0,185.53499999999997,1063.821,60.0,1145.731,32.764000000000124,1489.755,65.529,1671.087,60.0,0.6544362172241258,0.7311647999203941,0.7055886056883046,0.34556378277587424,0.2688352000796059,1
Geophysical_model683,/home/lyara/areswave/models/Geophysical_model683.nd,nd,UNK,,,900.0,60.0,900.0,179.635,900.0,60.0,1101.753,16.812000000000126,1488.445,100.87599999999998,1686.682,60.0,0.5851359234830447,0.7659408963478871,0.7056725720596063,0.4148640765169553,0.23405910365211297,1
Geophysical_model142,/home/lyara/areswave/models/Geophysical_model142.nd,nd,UNK,,,966.81,60.0,900.0,180.188,966.81,60.0,1117.132,33.40499999999997,1484.587,100.21499999999992,1682.69,60.0,0.5713889551653297,0.7728846333796078,0.7057194073081817,0.42861104483467033,0.22711536662039222,1
Geophysical_model609,/home/lyara/areswave/models/Geophysical_model609.nd,nd,UNK,,,933.943,60.0,879.345,185.89099999999996,933.943,60.0,1120.631,33.942999999999984,1494.007,84.85800000000017,1692.437,60.0,0.6649398955352657,0.7262758324623237,0.7058305201533045,0.33506010446473433,0.27372416753767626,1
Geophysical_model727,/home/lyara/areswave/models/Geophysical_model727.nd,nd,UNK,,,933.943,60.0,879.345,185.89099999999996,933.943,60.0,1120.631,33.942999999999984,1494.007,84.85800000000017,1692.437,60.0,0.6649398955352657,0.7262758324623237,0.7058305201533045,0.33506010446473433,0.27372416753767626,1
Geophysical_model578,/home/lyara/areswave/models/Geophysical_model578.nd,nd,UNK,,,933.943,60.0,879.345,185.89099999999996,933.943,60.0,1120.631,33.942999999999984,1494.007,84.85800000000017,1692.437,60.0,0.6649398955352657,0.7262758324623237,0.7058305201533045,0.33506010446473433,0.27372416753767626,1
Geophysical_model24,/home/lyara/areswave/models/Geophysical_model24.nd,nd,UNK,,,1098.645,60.0,900.0,181.856,1098.645,60.0,1115.199,16.55399999999986,1429.721,99.32199999999989,1677.304,60.0,0.4911127264113372,0.8132169489383169,0.705848874762657,0.5088872735886628,0.18678305106168314,1
Geophysical_model453,/home/lyara/areswave/models/Geophysical_model453.nd,nd,UNK,,,1031.555,60.0,876.742,186.06399999999996,1031.555,60.0,1130.221,32.888999999999896,1475.552,82.221,1673.341,60.0,0.4325530329036634,0.8430142488575083,0.7061938435395599,0.5674469670963366,0.15698575114249166,1
Geophysical_model682,/home/lyara/areswave/models/Geophysical_model682.nd,nd,UNK,,,966.806,60.0,900.0,177.611,966.806,60.0,1133.823,33.40299999999979,1484.557,66.80700000000002,1682.659,60.0,0.5213827074641872,0.799067090996713,0.7065056298192044,0.4786172925358128,0.200932909003287,1
MD_model10,/home/lyara/areswave/models/MD_model10.nd,nd,UNK,,,1002.201,60.0,801.147,10.581999999999994,1002.201,60.0,1245.582,137.56400000000008,1372.563,190.47199999999998,1611.713,60.0,0.7614734866169911,0.679040105998467,0.7065178995379751,0.23852651338300887,0.3209598940015331,1
Geophysical_model227,/home/lyara/areswave/models/Geophysical_model227.nd,nd,UNK,,,967.56,60.0,879.511,184.39700000000005,967.56,60.0,1119.571,33.77999999999997,1457.372,101.34000000000015,1689.483,60.0,0.5053439820280297,0.8074318016163429,0.7067358617535717,0.4946560179719703,0.19256819838365719,1
Geophysical_model905,/home/lyara/areswave/models/Geophysical_model905.nd,nd,UNK,,,933.943,60.0,879.311,186.19799999999998,933.943,60.0,1120.631,33.942999999999984,1494.007,84.85800000000017,1692.437,60.0,0.5032113900903952,0.8089022442426168,0.707005292858543,0.4967886099096048,0.19109775575738316,1
Geophysical_model934,/home/lyara/areswave/models/Geophysical_model934.nd,nd,UNK,,,950.013,60.0,900.0,182.27999999999997,950.013,60.0,1133.396,33.3420000000001,1483.489,66.68399999999997,1681.554,60.0,0.589932743256692,0.7656509252465302,0.7070781979165841,0.410067256743308,0.23434907475346972,1
Geophysical_model339,/home/lyara/areswave/models/Geophysical_model339.nd,nd,UNK,,,949.973,60.0,900.0,195.96500000000003,949.973,60.0,1116.548,16.656999999999925,1449.698,116.60299999999984,1681.061,60.0,0.527477308743199,0.7971939991957565,0.7072884357115706,0.472522691256801,0.20280600080424346,1
Geophysical_model499,/home/lyara/areswave/models/Geophysical_model499.nd,nd,UNK,,,949.973,60.0,900.0,195.96500000000003,949.973,60.0,1116.548,16.656999999999925,1449.698,116.60299999999984,1681.061,60.0,0.527477308743199,0.7971939991957565,0.7072884357115706,0.472522691256801,0.20280600080424346,1
MD_model53,/home/lyara/areswave/models/MD_model53.nd,nd,UNK,,,903.72,60.0,838.985,183.4129999999999,903.72,60.0,1292.124,75.52299999999991,1324.491,32.36699999999996,1620.805,60.0,0.8149450917138633,0.6538340684004398,0.7075377428382477,0.1850549082861367,0.34616593159956016,1
AK_model_44,/home/lyara/areswave/models/AK_model_44.nd,nd,UNK,,,1024.918,60.0,790.32,26.067000000000007,1024.918,60.0,1285.582,130.3320000000001,1494.114,26.067000000000007,1677.908,60.0,0.7368255940764581,0.6933295739046273,0.7078282472952376,0.26317440592354185,0.30667042609537265,1
MD_model100,/home/lyara/areswave/models/MD_model100.nd,nd,UNK,,,1053.462,60.0,725.562,190.39299999999992,1053.462,60.0,1275.587,31.73199999999997,1349.629,74.04200000000014,1609.919,60.0,0.7728767883553209,0.6754004956326469,0.7078925932068717,0.22712321164467913,0.324599504367353,1
Geophysical_model828,/home/lyara/areswave/models/Geophysical_model828.nd,nd,UNK,,,966.709,60.0,900.0,193.61599999999999,966.709,60.0,1133.481,33.35500000000002,1483.703,66.70900000000006,1681.776,60.0,0.5221142927007136,0.8007984474832703,0.7079037292224181,0.4778857072992863,0.19920155251672972,1
Geophysical_model334,/home/lyara/areswave/models/Geophysical_model334.nd,nd,UNK,,,1016.377,60.0,900.0,198.78300000000002,1016.377,60.0,1132.755,33.251000000000204,1465.261,99.75199999999995,1679.896,60.0,0.565360709379366,0.7791949145991011,0.7079168461925227,0.43463929062063394,0.2208050854008989,1
Geophysical_model477,/home/lyara/areswave/models/Geophysical_model477.nd,nd,UNK,,,1016.377,60.0,900.0,198.78300000000002,1016.377,60.0,1132.755,33.251000000000204,1465.261,99.75199999999995,1679.896,60.0,0.565360709379366,0.7791949145991011,0.7079168461925227,0.43463929062063394,0.2208050854008989,1
CD_model74,/home/lyara/areswave/models/CD_model74.nd,nd,UNK,,,,60.0,,60.0,,60.0,,60.0,,60.0,,60.0,0.6662368509434854,0.7296143509459028,0.7084885176117637,0.3337631490565146,0.2703856490540973,1
Geophysical_model335,/home/lyara/areswave/models/Geophysical_model335.nd,nd,UNK,,,1031.52,60.0,900.0,187.375,1031.52,60.0,1130.159,32.87999999999988,1491.838,82.19900000000007,1673.183,60.0,0.5418041231830932,0.7922964654119793,0.7087990180023507,0.45819587681690677,0.20770353458802068,1
MD_model89,/home/lyara/areswave/models/MD_model89.nd,nd,UNK,,,984.933,60.0,781.659,192.57500000000005,984.933,60.0,1273.795,32.096000000000004,1327.288,74.88999999999987,1611.235,60.0,0.7395228123515447,0.6937939698295551,0.7090369173368849,0.26047718764845523,0.3062060301704449,1
MD_model60,/home/lyara/areswave/models/MD_model60.nd,nd,UNK,,,1089.018,60.0,853.974,190.274,1089.018,60.0,1122.596,11.192999999999984,1357.641,89.54099999999994,1672.31,60.0,0.7408321290657176,0.6940178603465048,0.7096226165862424,0.25916787093428234,0.30598213965349524,1
CD_model72,/home/lyara/areswave/models/CD_model72.nd,nd,UNK,,,,60.0,,60.0,,60.0,,60.0,,60.0,,60.0,0.690178035895235,0.7195639242331275,0.7097686281204968,0.30982196410476504,0.2804360757668725,1
CD_model79,/home/lyara/areswave/models/CD_model79.nd,nd,UNK,,,,60.0,,60.0,,60.0,,60.0,,60.0,,60.0,0.6935190609896251,0.7180344613987433,0.7098626612623705,0.3064809390103749,0.28196553860125667,1
MD_model79,/home/lyara/areswave/models/MD_model79.nd,nd,UNK,,,991.345,60.0,742.39,10.372999999999934,991.345,60.0,1126.195,10.373000000000047,1354.404,93.35799999999995,1580.668,60.0,0.590554468631951,0.7701842082679669,0.710307628389295,0.40944553136804895,0.2298157917320332,1
MD_model15,/home/lyara/areswave/models/MD_model15.nd,nd,UNK,,,994.191,60.0,802.191,10.66700000000003,994.191,60.0,1164.858,149.33400000000006,1463.525,192.0,1618.557,60.0,0.7364075683001501,0.6975961474200199,0.7105332877133966,0.2635924316998499,0.30240385257998015,1
Geophysical_model909,/home/lyara/areswave/models/Geophysical_model909.nd,nd,UNK,,,916.648,60.0,900.0,180.34400000000005,916.648,60.0,1116.419,16.64799999999991,1499.315,99.88499999999999,1680.704,60.0,0.47647552476890653,0.8277375040327825,0.7106501776114905,0.5235244752310935,0.17226249596721752,1
MD_model25,/home/lyara/areswave/models/MD_model25.nd,nd,UNK,,,906.668,60.0,896.424,194.63299999999992,906.668,60.0,1295.935,81.95100000000002,1306.179,30.73199999999997,1500.813,60.924999999999955,0.5985162660583894,0.7667847041018464,0.7106952247540274,0.4014837339416107,0.23321529589815362,1
Geophysical_model487,/home/lyara/areswave/models/Geophysical_model487.nd,nd,UNK,,,1047.872,60.0,900.0,189.36,1047.872,60.0,1130.023,32.8599999999999,1491.488,82.15100000000007,1672.831,60.0,0.6780327549057834,0.7276763434086599,0.7111284805743677,0.3219672450942166,0.2723236565913401,1
Geophysical_model859,/home/lyara/areswave/models/Geophysical_model859.nd,nd,UNK,,,950.013,60.0,900.0,182.12900000000002,950.013,60.0,1133.396,33.3420000000001,1483.489,66.68399999999997,1681.554,60.0,0.5323373432835703,0.8006770496805323,0.711230480881545,0.4676626567164297,0.19932295031946767,1
Geophysical_model793,/home/lyara/areswave/models/Geophysical_model793.nd,nd,UNK,,,933.855,60.0,879.282,186.45799999999997,933.855,60.0,1120.056,33.85500000000002,1492.459,84.63700000000017,1690.835,60.0,0.417053384287276,0.8587271500063162,0.7115025614333028,0.582946615712724,0.1412728499936838,1
Geophysical_model75,/home/lyara/areswave/models/Geophysical_model75.nd,nd,UNK,,,1031.636,60.0,900.0,186.52099999999996,1031.636,60.0,1130.363,32.90899999999988,1492.363,82.27300000000014,1673.71,60.0,0.5007645402137721,0.816973571683782,0.7115705611937787,0.4992354597862278,0.18302642831621793,1
Geophysical_model294,/home/lyara/areswave/models/Geophysical_model294.nd,nd,UNK,,,1001.298,60.0,861.612,191.938,1001.298,60.0,1119.479,33.76700000000005,1474.023,101.298,1689.229,60.0,0.7112238615509976,0.7128062343896083,0.7122787767767381,0.28877613844900246,0.28719376561039167,1
Geophysical_model837,/home/lyara/areswave/models/Geophysical_model837.nd,nd,UNK,,,916.555,60.0,877.951,198.44299999999998,916.555,60.0,1115.217,16.554999999999836,1495.986,99.33100000000013,1677.355,60.0,0.42263187368738453,0.8571025187870185,0.7122789704204738,0.5773681263126155,0.14289748121298146,1
Geophysical_model524,/home/lyara/areswave/models/Geophysical_model524.nd,nd,UNK,,,916.555,60.0,877.951,198.44299999999998,916.555,60.0,1115.217,16.554999999999836,1495.986,99.33100000000013,1677.355,60.0,0.42263187368738453,0.8571025187870185,0.7122789704204738,0.5773681263126155,0.14289748121298146,1
Geophysical_model644,/home/lyara/areswave/models/Geophysical_model644.nd,nd,UNK,,,1099.903,60.0,900.0,21.504999999999995,1099.903,60.0,1116.562,16.65800000000013,1466.392,116.61000000000013,1681.1,60.0,0.5170492523973816,0.8100895417542345,0.7124094453019502,0.48295074760261836,0.1899104582457655,1
Geophysical_model643,/home/lyara/areswave/models/Geophysical_model643.nd,nd,UNK,,,1099.903,60.0,900.0,21.504999999999995,1099.903,60.0,1116.562,16.65800000000013,1466.392,116.61000000000013,1681.1,60.0,0.5170492523973816,0.8100895417542345,0.7124094453019502,0.48295074760261836,0.1899104582457655,1
Geophysical_model877,/home/lyara/areswave/models/Geophysical_model877.nd,nd,UNK,,,933.943,60.0,879.36,185.76099999999997,933.943,60.0,1120.631,33.942999999999984,1477.036,84.85800000000017,1692.437,60.0,0.6431109263587644,0.747721947304669,0.7128516069893674,0.35688907364123557,0.25227805269533093,1
Geophysical_model290,/home/lyara/areswave/models/Geophysical_model290.nd,nd,UNK,,,1001.133,60.0,861.561,192.197,1001.133,60.0,1119.121,33.71100000000001,1473.087,101.13300000000004,1688.231,60.0,0.6034758751529601,0.7676016923659007,0.7128930866282538,0.39652412484703986,0.23239830763409933,1
Geophysical_model283,/home/lyara/areswave/models/Geophysical_model283.nd,nd,UNK,,,983.303,60.0,877.982,198.163,983.303,60.0,1116.588,16.660000000000082,1466.461,116.625,1681.173,60.0,0.4707592196071638,0.8340171484008957,0.7129311721363184,0.5292407803928362,0.1659828515991043,1
Geophysical_model325,/home/lyara/areswave/models/Geophysical_model325.nd,nd,UNK,,,1064.355,60.0,900.0,188.668,1064.355,60.0,1146.533,32.87099999999987,1491.679,65.74200000000019,1673.022,60.0,0.5981278341330505,0.7704522616890033,0.713010785837019,0.4018721658669495,0.2295477383109967,1
Geophysical_model473,/home/lyara/areswave/models/Geophysical_model473.nd,nd,UNK,,,1064.355,60.0,900.0,188.668,1064.355,60.0,1146.533,32.87099999999987,1491.679,65.74200000000019,1673.022,60.0,0.5981278341330505,0.7704522616890033,0.713010785837019,0.4018721658669495,0.2295477383109967,1
Geophysical_model207,/home/lyara/areswave/models/Geophysical_model207.nd,nd,UNK,,,1064.102,60.0,900.0,191.005,1064.102,60.0,1146.153,32.820000000000164,1490.767,65.6400000000001,1672.105,60.0,0.6849342543958482,0.7277688800892527,0.7134906715247845,0.3150657456041518,0.27223111991074733,1
Geophysical_model8,/home/lyara/areswave/models/Geophysical_model8.nd,nd,UNK,,,1064.102,60.0,900.0,191.005,1064.102,60.0,1146.153,32.820000000000164,1490.767,65.6400000000001,1672.105,60.0,0.6849342543958482,0.7277688800892527,0.7134906715247845,0.3150657456041518,0.27223111991074733,1
Geophysical_model33,/home/lyara/areswave/models/Geophysical_model33.nd,nd,UNK,,,1031.756,60.0,900.0,188.22799999999995,1031.756,60.0,1130.574,32.93899999999985,1476.434,82.34799999999996,1674.255,60.0,0.5486109375974434,0.7964338139680044,0.7138261885111508,0.4513890624025566,0.20356618603199558,1
MD_model39,/home/lyara/areswave/models/MD_model39.nd,nd,UNK,,,991.477,60.0,715.811,190.846,991.477,60.0,1298.951,31.807999999999993,1362.566,63.61500000000001,1602.381,60.0,0.8134313506844759,0.6646524686235364,0.7142454293105164,0.18656864931552408,0.3353475313764636,1
Geophysical_model713,/home/lyara/areswave/models/Geophysical_model713.nd,nd,UNK,,,916.672,60.0,877.403,180.774,916.672,60.0,1116.738,33.34500000000003,1483.524,83.36099999999988,1681.59,60.0,0.470130235300111,0.8367998592874322,0.7145766512916585,0.529869764699889,0.1632001407125679,1
Geophysical_model860,/home/lyara/areswave/models/Geophysical_model860.nd,nd,UNK,,,933.943,60.0,900.0,186.52700000000004,933.943,60.0,1120.631,33.942999999999984,1494.007,84.85800000000017,1692.437,60.0,0.5165603094476332,0.8139733446909916,0.7148356662765387,0.48343969055236685,0.18602665530900847,1
Geophysical_model493,/home/lyara/areswave/models/Geophysical_model493.nd,nd,UNK,,,1031.687,60.0,900.0,185.83000000000004,1031.687,60.0,1130.452,32.922000000000025,1476.13,82.30399999999986,1673.94,60.0,0.642140778734615,0.7513574058635082,0.7149518634872104,0.3578592212653851,0.24864259413649178,1
MD_model80,/home/lyara/areswave/models/MD_model80.nd,nd,UNK,,,1000.561,60.0,786.005,10.216999999999985,1000.561,60.0,1164.033,194.12200000000007,1429.673,163.471,1571.993,60.0,0.8305749124077141,0.6574522200127526,0.7151597841444065,0.16942508759228594,0.34254777998724734,1
Geophysical_model746,/home/lyara/areswave/models/Geophysical_model746.nd,nd,UNK,,,966.806,60.0,900.0,177.86599999999999,966.806,60.0,1133.823,33.40299999999979,1484.557,66.80700000000002,1682.659,60.0,0.5823253929578718,0.7823040261314105,0.715644481740231,0.4176746070421283,0.21769597386858947,1
CD_model53,/home/lyara/areswave/models/CD_model53.nd,nd,UNK,,,,60.0,,60.0,,60.0,,60.0,,60.0,,60.0,0.7596176902344632,0.6942928227469929,0.7160677785761497,0.24038230976553673,0.30570717725300706,1
Geophysical_model355,/home/lyara/areswave/models/Geophysical_model355.nd,nd,UNK,,,1063.846,60.0,900.0,187.63800000000003,1063.846,60.0,1145.769,32.769000000000005,1489.845,65.53899999999999,1671.177,60.0,0.7311169439707806,0.7087363238096713,0.7161965305300412,0.26888305602921936,0.29126367619032867,1
AK_model_32,/home/lyara/areswave/models/AK_model_32.nd,nd,UNK,,,1041.652,60.0,799.091,26.951000000000022,1041.652,60.0,1284.214,53.90300000000002,1311.165,53.90300000000002,1709.879,60.0,0.6768202899648268,0.7361418005880498,0.7163679637136422,0.32317971003517315,0.2638581994119502,1
MD_model20,/home/lyara/areswave/models/MD_model20.nd,nd,UNK,,,1028.07,60.0,756.946,192.04600000000005,1028.07,60.0,1299.193,22.593000000000075,1366.974,79.07799999999997,1694.594,60.0,0.7388211195072367,0.705153145955641,0.7163758038061729,0.2611788804927633,0.29484685404435895,1
AK_model_29,/home/lyara/areswave/models/AK_model_29.nd,nd,UNK,,,1044.427,60.0,827.691,27.091999999999985,1044.427,60.0,1288.254,54.18399999999997,1315.346,54.18399999999997,1715.068,60.0,0.7416468303817557,0.7040473090728729,0.7165804828425005,0.2583531696182443,0.29595269092712706,1
Geophysical_model513,/home/lyara/areswave/models/Geophysical_model513.nd,nd,UNK,,,916.847,60.0,879.78,181.97699999999998,916.847,60.0,1119.005,33.69300000000021,1489.628,84.23299999999995,1687.906,60.0,0.656308753407272,0.7472168284644917,0.7169141367787518,0.343691246592728,0.25278317153550833,1
Geophysical_model913,/home/lyara/areswave/models/Geophysical_model913.nd,nd,UNK,,,916.847,60.0,879.78,181.97699999999998,916.847,60.0,1119.005,33.69300000000021,1489.628,84.23299999999995,1687.906,60.0,0.656308753407272,0.7472168284644917,0.7169141367787518,0.343691246592728,0.25278317153550833,1
Geophysical_model1000,/home/lyara/areswave/models/Geophysical_model1000.nd,nd,UNK,,,966.993,60.0,878.426,194.16700000000003,966.993,60.0,1117.726,33.496999999999844,1486.187,100.49000000000001,1684.345,60.0,0.4544174321611638,0.8482061053743614,0.7169432143032956,0.5455825678388362,0.15179389462563864,1
Geophysical_model300,/home/lyara/areswave/models/Geophysical_model300.nd,nd,UNK,,,1033.261,60.0,900.0,184.61199999999997,1033.261,60.0,1133.207,33.315000000000055,1483.019,83.28800000000001,1681.067,60.0,0.5923392656827111,0.7793372755718244,0.7170046056087868,0.40766073431728883,0.22066272442817556,1
MD_model14,/home/lyara/areswave/models/MD_model14.nd,nd,UNK,,,1003.044,60.0,801.326,10.616999999999962,1003.044,60.0,1130.445,138.01800000000003,1321.547,191.10199999999986,1614.289,60.0,0.8908196595842353,0.6308697608749789,0.7175197271113977,0.10918034041576477,0.369130239125021,1
Geophysical_model597,/home/lyara/areswave/models/Geophysical_model597.nd,nd,UNK,,,1099.901,60.0,900.0,21.409999999999968,1099.901,60.0,1116.56,16.65800000000013,1466.387,116.60899999999992,1681.095,60.0,0.7360660910239529,0.7084653081548222,0.7176655691111992,0.26393390897604707,0.29153469184517783,1
MD_model87,/home/lyara/areswave/models/MD_model87.nd,nd,UNK,,,1045.49,60.0,805.604,185.36700000000008,1045.49,60.0,1296.28,185.36699999999996,1361.703,87.231,1638.16,60.0,0.7919759272796878,0.6809073858056097,0.7179302329636358,0.20802407272031223,0.3190926141943903,1
AK_model_78,/home/lyara/areswave/models/AK_model_78.nd,nd,UNK,,,1047.5,60.0,794.889,25.260999999999967,1047.5,60.0,1249.589,75.7829999999999,1300.111,50.52299999999991,1683.921,60.0,0.7428238937863875,0.7058384087223477,0.7181669037436943,0.25717610621361253,0.29416159127765235,1
Geophysical_model147,/home/lyara/areswave/models/Geophysical_model147.nd,nd,UNK,,,1064.034,60.0,900.0,190.61,1064.034,60.0,1146.052,32.807000000000016,1490.524,65.6139999999998,1671.86,60.0,0.5516440043889912,0.8017034217992969,0.7183502826625284,0.44835599561100886,0.19829657820070318,1
MD_model8,/home/lyara/areswave/models/MD_model8.nd,nd,UNK,,,1001.915,60.0,793.775,10.407000000000039,1001.915,60.0,1241.276,145.6980000000001,1449.416,187.32600000000002,1592.569,60.0,0.7561654828990252,0.6994497370783557,0.7183549856852455,0.24383451710097487,0.3005502629216444,1
AK_model_42,/home/lyara/areswave/models/AK_model_42.nd,nd,UNK,,,1023.627,60.0,814.993,26.08000000000004,1023.627,60.0,1284.42,104.31700000000001,1310.5,182.55500000000006,1676.948,60.0,0.6492426671762221,0.7529152947768646,0.7183577522433171,0.35075733282377786,0.24708470522313541,1
Geophysical_model366,/home/lyara/areswave/models/Geophysical_model366.nd,nd,UNK,,,949.973,60.0,900.0,193.913,949.973,60.0,1116.548,16.656999999999925,1449.698,99.94499999999994,1681.061,60.0,0.3747142320938036,0.8911773508629635,0.7190229779399102,0.6252857679061964,0.10882264913703658,1
MD_model38,/home/lyara/areswave/models/MD_model38.nd,nd,UNK,,,1054.062,60.0,780.894,189.11599999999999,1054.062,60.0,1253.684,178.61000000000013,1348.242,10.506000000000085,1597.105,60.0,0.6160913015259898,0.7728378310635161,0.7205889878843407,0.3839086984740102,0.22716216893648386,1
AK_model_84,/home/lyara/areswave/models/AK_model_84.nd,nd,UNK,,,1086.523,60.0,887.59,24.865999999999985,1086.523,60.0,1285.455,24.866999999999962,1360.055,74.60000000000014,1666.648,60.0,0.5720633294413086,0.7952108534171263,0.720828345425187,0.42793667055869145,0.20478914658287378,1
AK_model_87,/home/lyara/areswave/models/AK_model_87.nd,nd,UNK,,,1080.176,60.0,842.943,26.359000000000037,1080.176,60.0,1291.051,26.3599999999999,1343.769,79.07799999999997,1685.704,60.0,0.6341309393575374,0.764683991129434,0.7211663072054684,0.3658690606424626,0.23531600887056606,1
AK_model_100,/home/lyara/areswave/models/AK_model_100.nd,nd,UNK,,,1074.576,60.0,802.778,27.180000000000064,1074.576,60.0,1292.015,54.36000000000013,1319.195,27.180000000000064,1719.458,60.0,0.5737710834039855,0.7952322768102432,0.7214118790081573,0.4262289165960145,0.2047677231897568,1
Geophysical_model179,/home/lyara/areswave/models/Geophysical_model179.nd,nd,UNK,,,1047.142,60.0,900.0,180.534,1047.142,60.0,1145.237,32.69800000000009,1488.569,65.39699999999993,1669.893,60.0,0.6519982619925875,0.7564872011300043,0.7216575547508653,0.3480017380074125,0.2435127988699956,1
Geophysical_model928,/home/lyara/areswave/models/Geophysical_model928.nd,nd,UNK,,,916.707,60.0,900.0,194.01800000000003,916.707,60.0,1117.197,33.414999999999964,1484.761,83.53800000000001,1682.87,60.0,0.6666060117254399,0.7493716748162296,0.721783120452633,0.3333939882745601,0.25062832518377043,1
Geophysical_model655,/home/lyara/areswave/models/Geophysical_model655.nd,nd,UNK,,,916.707,60.0,900.0,194.01800000000003,916.707,60.0,1117.197,33.414999999999964,1484.761,83.53800000000001,1682.87,60.0,0.6666060117254399,0.7493716748162296,0.721783120452633,0.3333939882745601,0.25062832518377043,1
Geophysical_model352,/home/lyara/areswave/models/Geophysical_model352.nd,nd,UNK,,,1064.355,60.0,900.0,189.35799999999995,1064.355,60.0,1146.533,16.435999999999922,1475.244,65.74200000000019,1673.022,60.0,0.60695177380567,0.7792005506781983,0.7217842917206889,0.39304822619433005,0.22079944932180168,1
Geophysical_model329,/home/lyara/areswave/models/Geophysical_model329.nd,nd,UNK,,,1047.872,60.0,900.0,189.034,1047.872,60.0,1130.023,32.8599999999999,1491.488,82.15100000000007,1672.831,60.0,0.5512384874012407,0.8073248841939871,0.7219627519297384,0.4487615125987593,0.1926751158060129,1
Geophysical_model360,/home/lyara/areswave/models/Geophysical_model360.nd,nd,UNK,,,1047.872,60.0,900.0,189.034,1047.872,60.0,1130.023,32.8599999999999,1491.488,82.15100000000007,1672.831,60.0,0.5512384874012407,0.8073248841939871,0.7219627519297384,0.4487615125987593,0.1926751158060129,1
MD_model41,/home/lyara/areswave/models/MD_model41.nd,nd,UNK,,,935.041,60.0,741.286,182.99,935.041,60.0,1268.729,64.58500000000004,1301.021,53.82100000000014,1628.814,60.0,0.8044580381443269,0.6814087647695666,0.7224251892278201,0.19554196185567313,0.3185912352304334,1
Geophysical_model892,/home/lyara/areswave/models/Geophysical_model892.nd,nd,UNK,,,933.943,60.0,900.0,185.966,933.943,60.0,1120.631,33.942999999999984,1477.036,84.85800000000017,1692.437,60.0,0.563965686932481,0.8018265773739035,0.7225396138934294,0.436034313067519,0.19817342262609652,1
Geophysical_model621,/home/lyara/areswave/models/Geophysical_model621.nd,nd,UNK,,,1098.113,60.0,875.932,48.13499999999999,1098.113,60.0,1114.623,16.509000000000015,1444.812,115.5659999999998,1675.699,60.0,0.7378592819891057,0.7150738276239583,0.7226689790790074,0.2621407180108943,0.2849261723760417,1
AK_model_16,/home/lyara/areswave/models/AK_model_16.nd,nd,UNK,,,1032.613,60.0,811.315,24.588999999999942,1032.613,60.0,1278.5,73.76600000000008,1303.088,24.588999999999942,1680.441,60.0,0.7078754114196533,0.7302234716669547,0.7227741182511874,0.2921245885803468,0.2697765283330453,1
Geophysical_model876,/home/lyara/areswave/models/Geophysical_model876.nd,nd,UNK,,,1085.08,60.0,900.0,29.76800000000003,1085.08,60.0,1101.905,16.826000000000022,1455.24,117.77800000000002,1687.143,60.0,0.5963125440412499,0.7860709973106135,0.722818179554159,0.4036874559587501,0.21392900268938647,1
Geophysical_model379,/home/lyara/areswave/models/Geophysical_model379.nd,nd,UNK,,,1047.698,60.0,900.0,189.60400000000004,1047.698,60.0,1146.164,32.82199999999989,1490.792,82.05399999999986,1672.131,60.0,0.5591437094045975,0.8047830777328866,0.7229032882901235,0.4408562905954025,0.19521692226711343,1
CD_model26,/home/lyara/areswave/models/CD_model26.nd,nd,UNK,,,,60.0,,60.0,,60.0,,60.0,,60.0,,60.0,0.5204142219021655,0.8243418172364617,0.7230326187916963,0.4795857780978345,0.17565818276353828,1
Geophysical_model714,/home/lyara/areswave/models/Geophysical_model714.nd,nd,UNK,,,900.0,60.0,900.0,21.451000000000022,900.0,60.0,1116.78,33.350999999999885,1483.638,100.05199999999991,1681.708,60.0,0.6760677096559761,0.7471460622046628,0.7234532780217672,0.32393229034402393,0.2528539377953372,1
AK_model_69,/home/lyara/areswave/models/AK_model_69.nd,nd,UNK,,,1016.862,60.0,866.402,25.076000000000022,1016.862,60.0,1167.322,125.38299999999981,1393.012,50.15300000000002,1675.331,60.0,0.5381873842880198,0.8162364067643167,0.7235533992722178,0.4618126157119801,0.18376359323568325,1
Geophysical_model276,/home/lyara/areswave/models/Geophysical_model276.nd,nd,UNK,,,999.801,60.0,857.053,193.26199999999994,999.801,60.0,1116.236,16.63299999999981,1465.54,99.80099999999993,1680.192,60.0,0.5949847065486704,0.787869813292958,0.7235747777115288,0.4050152934513296,0.21213018670704198,1
Geophysical_model894,/home/lyara/areswave/models/Geophysical_model894.nd,nd,UNK,,,950.013,60.0,900.0,182.41999999999996,950.013,60.0,1133.396,33.3420000000001,1483.489,66.68399999999997,1681.554,60.0,0.6874007149080086,0.7418764336628041,0.7237178607445389,0.3125992850919914,0.25812356633719596,1
Geophysical_model83,/home/lyara/areswave/models/Geophysical_model83.nd,nd,UNK,,,1049.531,60.0,900.0,179.55899999999997,1049.531,60.0,1132.603,33.22900000000004,1498.123,83.07300000000009,1679.504,60.0,0.7778826817972004,0.6973973522369049,0.72422579542367,0.2221173182027995,0.3026026477630951,1
CD_model77,/home/lyara/areswave/models/CD_model77.nd,nd,UNK,,,,60.0,,60.0,,60.0,,60.0,,60.0,,60.0,0.8051277153046212,0.6847564447223249,0.7248802015830904,0.19487228469537882,0.31524355527767506,1
Geophysical_model948,/home/lyara/areswave/models/Geophysical_model948.nd,nd,UNK,,,933.856,60.0,900.0,185.25800000000004,933.856,60.0,1120.061,33.855999999999995,1475.545,84.6389999999999,1690.849,60.0,0.45670168513561615,0.8589867028274514,0.724891696930173,0.5432983148643838,0.1410132971725486,1
Geophysical_model706,/home/lyara/areswave/models/Geophysical_model706.nd,nd,UNK,,,1099.57,60.0,900.0,21.44500000000005,1099.57,60.0,1116.201,16.631000000000085,1465.45,99.78499999999985,1680.096,60.0,0.6514039043432363,0.7619437517265064,0.7250971359320829,0.3485960956567637,0.23805624827349353,1
Geophysical_model807,/home/lyara/areswave/models/Geophysical_model807.nd,nd,UNK,,,1099.57,60.0,900.0,21.44500000000005,1099.57,60.0,1116.201,16.631000000000085,1465.45,99.78499999999985,1680.096,60.0,0.6514039043432363,0.7619437517265064,0.7250971359320829,0.3485960956567637,0.23805624827349353,1
AK_model_27,/home/lyara/areswave/models/AK_model_27.nd,nd,UNK,,,1040.423,60.0,798.576,26.871999999999957,1040.423,60.0,1282.27,53.743999999999915,1309.142,53.743999999999915,1707.264,60.0,0.6285829497035453,0.7740004544612081,0.7255279528753205,0.3714170502964546,0.2259995455387919,1
Geophysical_model340,/home/lyara/areswave/models/Geophysical_model340.nd,nd,UNK,,,1001.133,60.0,861.553,192.23400000000004,1001.133,60.0,1119.121,33.71100000000001,1473.087,101.13300000000004,1688.231,60.0,0.5877388602109025,0.7948787926217318,0.7258321484847886,0.4122611397890975,0.20512120737826817,1
Geophysical_model642,/home/lyara/areswave/models/Geophysical_model642.nd,nd,UNK,,,1099.713,60.0,877.292,22.70900000000006,1099.713,60.0,1116.356,16.64300000000003,1449.211,99.85699999999997,1680.527,60.0,0.5894038707260958,0.7942993835148555,0.7260008792519356,0.41059612927390426,0.2057006164851445,1
Geophysical_model684,/home/lyara/areswave/models/Geophysical_model684.nd,nd,UNK,,,900.0,60.0,900.0,21.480000000000018,900.0,60.0,1116.854,33.36200000000008,1483.837,100.08699999999999,1681.914,60.0,0.49758155342978705,0.8407863247767275,0.7263847343277474,0.502418446570213,0.15921367522327246,1
Geophysical_model517,/home/lyara/areswave/models/Geophysical_model517.nd,nd,UNK,,,933.327,60.0,900.0,186.16499999999996,933.327,60.0,1116.628,16.663999999999987,1499.894,83.31899999999996,1681.286,60.0,0.48253887943245566,0.8488795008654628,0.7267659603877937,0.5174611205675443,0.15112049913453712,1
Geophysical_model231,/home/lyara/areswave/models/Geophysical_model231.nd,nd,UNK,,,1098.133,60.0,900.0,196.25699999999995,1098.133,60.0,1147.666,33.02300000000014,1494.399,66.04399999999987,1675.759,60.0,0.5090066277893686,0.8360080112534899,0.7270075500987828,0.4909933722106315,0.16399198874651008,1
MD_model94,/home/lyara/areswave/models/MD_model94.nd,nd,UNK,,,1025.295,60.0,867.383,10.527999999999906,1025.295,60.0,1288.482,157.913,1351.647,168.44000000000005,1600.766,60.0,0.6667984475725025,0.7573394279528691,0.7271591011594136,0.3332015524274975,0.2426605720471309,1
MD_model76,/home/lyara/areswave/models/MD_model76.nd,nd,UNK,,,989.415,60.0,740.538,10.370000000000005,989.415,60.0,1124.223,176.288,1310.88,114.06899999999996,1578.639,60.0,0.6745359129439974,0.7535365312922084,0.7272029918428048,0.3254640870560026,0.2464634687077916,1
Geophysical_model863,/home/lyara/areswave/models/Geophysical_model863.nd,nd,UNK,,,950.526,60.0,900.0,171.76099999999997,950.526,60.0,1135.789,33.68399999999997,1472.631,67.36899999999991,1687.745,60.0,0.3819270531688317,0.9000359644536381,0.7273329940253692,0.6180729468311683,0.09996403554636187,1
Geophysical_model926,/home/lyara/areswave/models/Geophysical_model926.nd,nd,UNK,,,933.844,60.0,879.594,183.65200000000004,933.844,60.0,1119.984,33.84400000000005,1492.265,84.60900000000015,1690.635,60.0,0.730390360562334,0.7260616180946369,0.7275045322505359,0.269609639437666,0.2739383819053631,1
Geophysical_model319,/home/lyara/areswave/models/Geophysical_model319.nd,nd,UNK,,,1063.521,60.0,900.0,197.86199999999997,1063.521,60.0,1145.281,32.70399999999995,1488.674,65.4079999999999,1669.999,60.0,0.5419901121456877,0.8208962672276751,0.7279275488670126,0.4580098878543123,0.17910373277232494,1
AK_model_38,/home/lyara/areswave/models/AK_model_38.nd,nd,UNK,,,1017.632,60.0,808.958,26.084999999999923,1017.632,60.0,1278.474,104.33699999999999,1304.559,26.08400000000006,1671.473,60.0,0.5223127587298707,0.8310782599823479,0.7281564262315222,0.4776872412701293,0.16892174001765217,1
Geophysical_model85,/home/lyara/areswave/models/Geophysical_model85.nd,nd,UNK,,,1031.784,60.0,900.0,187.68499999999995,1031.784,60.0,1130.622,32.94600000000014,1476.554,82.36500000000001,1674.378,60.0,0.7053817878611909,0.7396686529964667,0.7282396979513748,0.2946182121388091,0.26033134700353333,1
Geophysical_model1,/home/lyara/areswave/models/Geophysical_model1.nd,nd,UNK,,,1033.278,60.0,900.0,182.55399999999997,1033.278,60.0,1133.237,33.319999999999936,1483.093,83.29899999999998,1681.144,60.0,0.7503919415848814,0.7173963626699604,0.728394888974934,0.24960805841511863,0.28260363733003957,1
Geophysical_model2,/home/lyara/areswave/models/Geophysical_model2.nd,nd,UNK,,,1033.278,60.0,900.0,182.55399999999997,1033.278,60.0,1133.237,33.319999999999936,1483.093,83.29899999999998,1681.144,60.0,0.7503919415848814,0.7173963626699604,0.728394888974934,0.24960805841511863,0.28260363733003957,1
CD_model59,/home/lyara/areswave/models/CD_model59.nd,nd,UNK,,,,60.0,,60.0,,60.0,,60.0,,60.0,,60.0,0.8864493285721148,0.6495565733810245,0.7285208251113878,0.11355067142788523,0.3504434266189756,1
AK_model_3,/home/lyara/areswave/models/AK_model_3.nd,nd,UNK,,,1022.298,60.0,814.479,51.95500000000004,1022.298,60.0,1282.072,103.90999999999985,1308.049,25.978000000000065,1673.821,60.0,0.7671682766482799,0.7102176110729685,0.729201166264739,0.2328317233517201,0.2897823889270315,1
Geophysical_model485,/home/lyara/areswave/models/Geophysical_model485.nd,nd,UNK,,,1063.97,60.0,900.0,188.40099999999995,1063.97,60.0,1145.955,32.79399999999987,1490.293,65.58799999999997,1671.628,60.0,0.6328813140887507,0.7775383291578106,0.7293193241347907,0.3671186859112493,0.22246167084218943,1
Geophysical_model374,/home/lyara/areswave/models/Geophysical_model374.nd,nd,UNK,,,1063.97,60.0,900.0,188.40099999999995,1063.97,60.0,1145.955,32.79399999999987,1490.293,65.58799999999997,1671.628,60.0,0.6328813140887507,0.7775383291578106,0.7293193241347907,0.3671186859112493,0.22246167084218943,1
Geophysical_model482,/home/lyara/areswave/models/Geophysical_model482.nd,nd,UNK,,,1063.97,60.0,900.0,188.40099999999995,1063.97,60.0,1145.955,32.79399999999987,1490.293,65.58799999999997,1671.628,60.0,0.6328813140887507,0.7775383291578106,0.7293193241347907,0.3671186859112493,0.22246167084218943,1
AK_model_6,/home/lyara/areswave/models/AK_model_6.nd,nd,UNK,,,1050.566,60.0,816.362,26.023000000000025,1050.566,60.0,1284.77,78.06799999999998,1310.793,26.02300000000014,1676.747,60.0,0.7796411463839532,0.7046195253575827,0.7296267323663729,0.22035885361604676,0.29538047464241735,1
Geophysical_model704,/home/lyara/areswave/models/Geophysical_model704.nd,nd,UNK,,,1099.489,60.0,900.0,21.059999999999945,1099.489,60.0,1116.113,16.624000000000024,1465.218,99.74500000000012,1679.849,60.0,0.733866229421652,0.7275166393979731,0.729633169405866,0.266133770578348,0.2724833606020269,1
MD_model83,/home/lyara/areswave/models/MD_model83.nd,nd,UNK,,,957.498,60.0,725.173,190.08499999999992,957.498,60.0,1263.746,42.240999999999985,1305.987,52.80099999999993,1598.029,60.0,0.6188967773734612,0.7854520914601407,0.7299336534312476,0.38110322262653884,0.21454790853985928,1
MD_model50,/home/lyara/areswave/models/MD_model50.nd,nd,UNK,,,1043.775,60.0,704.13,186.25699999999995,1043.775,60.0,1295.769,186.25700000000006,1361.507,87.65100000000007,1649.586,60.0,0.5713444643255291,0.8092569189909818,0.7299527674358309,0.4286555356744709,0.19074308100901816,1
AK_model_36,/home/lyara/areswave/models/AK_model_36.nd,nd,UNK,,,1018.238,60.0,808.87,26.17100000000005,1018.238,60.0,1227.606,104.6840000000002,1306.119,26.17100000000005,1673.647,60.0,0.7288530462498113,0.730624733402156,0.730034171018041,0.27114695375018877,0.26937526659784405,1
Geophysical_model590,/home/lyara/areswave/models/Geophysical_model590.nd,nd,UNK,,,916.672,60.0,876.867,185.067,916.672,60.0,1116.735,33.343999999999824,1483.517,83.35900000000015,1681.583,60.0,0.5383910870773814,0.8258836729236888,0.7300528109749197,0.4616089129226187,0.17411632707631122,1
MD_model5,/home/lyara/areswave/models/MD_model5.nd,nd,UNK,,,982.978,60.0,734.96,10.33400000000006,982.978,60.0,1106.988,10.333999999999833,1406.677,62.003999999999905,1580.647,60.0,0.7015873171963934,0.7444385910312881,0.7301548330863232,0.29841268280360655,0.2555614089687119,1
AK_model_65,/home/lyara/areswave/models/AK_model_65.nd,nd,UNK,,,1001.408,60.0,796.24,25.645999999999958,1001.408,60.0,1103.992,102.58400000000006,1360.452,25.645999999999958,1695.897,60.0,0.6130593573402987,0.7890730001308432,0.7304017858673285,0.3869406426597013,0.2109269998691568,1
Geophysical_model248,/home/lyara/areswave/models/Geophysical_model248.nd,nd,UNK,,,999.558,60.0,878.729,191.44100000000003,999.558,60.0,1115.708,16.592999999999847,1497.346,99.55799999999999,1678.723,60.0,0.5059417359660545,0.8426846717399765,0.7304370264820026,0.49405826403394554,0.15731532826002345,1
Geophysical_model197,/home/lyara/areswave/models/Geophysical_model197.nd,nd,UNK,,,1049.881,60.0,900.0,183.15499999999997,1049.881,60.0,1133.149,33.307000000000016,1466.219,83.26800000000003,1680.916,60.0,0.7492520953709852,0.7210918945041217,0.7304786281264096,0.25074790462901475,0.2789081054958783,1
AK_model_90,/home/lyara/areswave/models/AK_model_90.nd,nd,UNK,,,1066.591,60.0,798.434,26.81600000000003,1066.591,60.0,1281.116,26.815000000000055,1334.748,53.631000000000085,1705.618,60.0,0.6923780845857728,0.7495483106908905,0.7304915686558512,0.3076219154142273,0.25045168930910955,1
CD_model25,/home/lyara/areswave/models/CD_model25.nd,nd,UNK,,,,60.0,,60.0,,60.0,,60.0,,60.0,,60.0,0.8332866872513802,0.6793302537920669,0.7306490649451712,0.16671331274861975,0.32066974620793315,1
Geophysical_model558,/home/lyara/areswave/models/Geophysical_model558.nd,nd,UNK,,,1097.761,60.0,900.0,24.104000000000042,1097.761,60.0,1114.242,16.480000000000018,1460.324,98.88100000000009,1674.637,60.0,0.5841104862592597,0.8040190811394927,0.730716216179415,0.41588951374074035,0.19598091886050725,1
Geophysical_model933,/home/lyara/areswave/models/Geophysical_model933.nd,nd,UNK,,,950.04,60.0,900.0,179.98800000000006,950.04,60.0,1133.521,50.039999999999964,1483.802,66.7199999999998,1681.878,60.0,0.6883677928871488,0.7521939910746698,0.7309185916788294,0.31163220711285117,0.24780600892533025,1
Geophysical_model4,/home/lyara/areswave/models/Geophysical_model4.nd,nd,UNK,,,1001.298,60.0,880.765,192.35299999999995,1001.298,60.0,1136.363,33.76700000000005,1490.906,101.298,1689.229,60.0,0.7663823705727274,0.7138539948427933,0.731363453419438,0.23361762942727263,0.2861460051572066,1
MD_model73,/home/lyara/areswave/models/MD_model73.nd,nd,UNK,,,995.034,60.0,763.228,10.53699999999992,995.034,60.0,1100.4,147.51299999999992,1395.426,126.44000000000005,1602.505,60.0,0.7541573634471491,0.7209315053390691,0.7320067913750958,0.2458426365528509,0.27906849466093087,1
Geophysical_model451,/home/lyara/areswave/models/Geophysical_model451.nd,nd,UNK,,,1047.105,60.0,900.0,187.49099999999999,1047.105,60.0,1145.175,32.690000000000055,1488.42,65.38000000000011,1669.744,60.0,0.6278325787795003,0.7844590820483742,0.7322502476254162,0.37216742122049973,0.21554091795162578,1
Geophysical_model380,/home/lyara/areswave/models/Geophysical_model380.nd,nd,UNK,,,1047.105,60.0,900.0,187.49099999999999,1047.105,60.0,1145.175,32.690000000000055,1488.42,65.38000000000011,1669.744,60.0,0.6278325787795003,0.7844590820483742,0.7322502476254162,0.37216742122049973,0.21554091795162578,1
Geophysical_model80,/home/lyara/areswave/models/Geophysical_model80.nd,nd,UNK,,,1016.377,60.0,900.0,199.21400000000006,1016.377,60.0,1132.755,33.251000000000204,1498.512,99.75199999999995,1679.896,60.0,0.6151101446001277,0.7913033585662411,0.7325722872442033,0.3848898553998723,0.20869664143375885,1
MD_model12,/home/lyara/areswave/models/MD_model12.nd,nd,UNK,,,998.179,60.0,812.363,10.322999999999979,998.179,60.0,1183.995,165.16999999999985,1442.073,185.81600000000003,1584.814,60.0,0.8510401414733335,0.6736262515462121,0.7327642148552526,0.14895985852666652,0.3263737484537879,1
Geophysical_model393,/home/lyara/areswave/models/Geophysical_model393.nd,nd,UNK,,,1031.867,60.0,900.0,187.779,1031.867,60.0,1130.767,32.96699999999987,1476.918,82.41600000000017,1674.755,60.0,0.7370111229704321,0.7318507812789155,0.7335708951760876,0.2629888770295679,0.2681492187210845,1
MD_model44,/home/lyara/areswave/models/MD_model44.nd,nd,UNK,,,921.056,60.0,890.938,140.55100000000004,921.056,60.0,1262.393,70.27499999999986,1302.55,40.15800000000013,1483.258,61.49199999999996,0.5666424596523323,0.817807220164035,0.7340856333268008,0.43335754034766766,0.1821927798359651,1
Geophysical_model730,/home/lyara/areswave/models/Geophysical_model730.nd,nd,UNK,,,933.948,60.0,900.0,185.625,933.948,60.0,1120.665,33.947999999999865,1494.098,84.87099999999987,1692.531,60.0,0.5826231494975401,0.8101717969763771,0.7343222478167647,0.4173768505024599,0.1898282030236229,1
Geophysical_model952,/home/lyara/areswave/models/Geophysical_model952.nd,nd,UNK,,,950.007,60.0,900.0,178.721,950.007,60.0,1133.367,33.337999999999965,1483.418,66.67599999999993,1681.481,60.0,0.5938614213279665,0.8052627818138312,0.7347956616518762,0.40613857867203346,0.1947372181861688,1
Geophysical_model821,/home/lyara/areswave/models/Geophysical_model821.nd,nd,UNK,,,950.007,60.0,900.0,178.721,950.007,60.0,1133.367,33.337999999999965,1483.418,66.67599999999993,1681.481,60.0,0.5938614213279665,0.8052627818138312,0.7347956616518762,0.40613857867203346,0.1947372181861688,1
MD_model81,/home/lyara/areswave/models/MD_model81.nd,nd,UNK,,,935.619,60.0,731.217,182.88599999999997,935.619,60.0,1290.631,53.79000000000019,1301.389,60.0,1629.021,60.0,0.7582139024145458,0.7237723558323306,0.7352528713597356,0.24178609758545422,0.27622764416766943,1
AK_model_57,/home/lyara/areswave/models/AK_model_57.nd,nd,UNK,,,1014.565,60.0,889.976,24.918000000000006,1014.565,60.0,1164.071,99.67100000000005,1388.331,99.67100000000005,1670.1,60.0,0.7410589728593397,0.7333456010272823,0.7359167249713016,0.2589410271406602,0.26665439897271764,1
Geophysical_model417,/home/lyara/areswave/models/Geophysical_model417.nd,nd,UNK,,,1047.872,60.0,900.0,189.23900000000003,1047.872,60.0,1130.023,32.8599999999999,1491.488,82.15100000000007,1672.831,60.0,0.5787290196856967,0.815400075658046,0.7365097236672629,0.42127098031430327,0.18459992434195407,1
Geophysical_model703,/home/lyara/areswave/models/Geophysical_model703.nd,nd,UNK,,,1099.489,60.0,900.0,20.990999999999985,1099.489,60.0,1116.113,16.624000000000024,1465.218,99.74500000000012,1679.849,60.0,0.7784770567611666,0.7162698272062016,0.7370055703911899,0.22152294323883334,0.2837301727937985,1
Geophysical_model550,/home/lyara/areswave/models/Geophysical_model550.nd,nd,UNK,,,1099.489,60.0,900.0,20.990999999999985,1099.489,60.0,1116.113,16.624000000000024,1465.218,99.74500000000012,1679.849,60.0,0.7784770567611666,0.7162698272062016,0.7370055703911899,0.22152294323883334,0.2837301727937985,1
AK_model_50,/home/lyara/areswave/models/AK_model_50.nd,nd,UNK,,,1030.878,60.0,805.605,25.029999999999973,1030.878,60.0,1281.182,100.12200000000007,1481.425,175.21299999999997,1687.443,60.0,0.6079599512965432,0.8015964565309103,0.7370509547861213,0.3920400487034567,0.19840354346908975,1
Geophysical_model509,/home/lyara/areswave/models/Geophysical_model509.nd,nd,UNK,,,1088.067,60.0,900.0,20.653999999999996,1088.067,60.0,1105.164,17.09699999999998,1464.2,119.67900000000009,1696.976,60.0,0.6575773416634783,0.7772126658426801,0.7373342244496128,0.34242265833652175,0.22278733415731988,1
AK_model_72,/home/lyara/areswave/models/AK_model_72.nd,nd,UNK,,,1026.606,60.0,795.967,25.627000000000066,1026.606,60.0,1282.873,76.88000000000011,1308.499,25.626999999999953,1695.104,60.0,0.6760195552814702,0.7682712592002583,0.737520691227329,0.3239804447185298,0.23172874079974165,1
CD_model18,/home/lyara/areswave/models/CD_model18.nd,nd,UNK,,,,60.0,,60.0,,60.0,,60.0,,60.0,,60.0,0.7318376529018883,0.7404596314668652,0.7375856386118729,0.2681623470981117,0.2595403685331348,1
Geophysical_model843,/home/lyara/areswave/models/Geophysical_model843.nd,nd,UNK,,,900.0,60.0,900.0,183.55899999999997,900.0,60.0,1106.386,17.19900000000007,1467.561,85.99399999999991,1501.958,68.79599999999982,0.6257856066599874,0.7935258349492723,0.7376124255195107,0.37421439334001266,0.20647416505072766,1
Geophysical_model112,/home/lyara/areswave/models/Geophysical_model112.nd,nd,UNK,,,1098.133,60.0,900.0,196.45600000000002,1098.133,60.0,1147.666,33.02300000000014,1477.888,66.04399999999987,1675.759,60.0,0.6421921938486712,0.7864905378810919,0.738391089870285,0.35780780615132884,0.21350946211890812,1
Geophysical_model7,/home/lyara/areswave/models/Geophysical_model7.nd,nd,UNK,,,1063.404,60.0,900.0,197.09799999999996,1063.404,60.0,1145.107,32.68099999999981,1488.256,65.36200000000008,1669.579,60.0,0.569663336424471,0.8231478110102198,0.7386529861483035,0.4303366635755291,0.17685218898978017,1
Geophysical_model333,/home/lyara/areswave/models/Geophysical_model333.nd,nd,UNK,,,1098.133,60.0,900.0,196.23800000000006,1098.133,60.0,1147.666,33.02300000000014,1494.399,66.04399999999987,1675.759,60.0,0.6760370628750553,0.7701391531565194,0.7387717897293647,0.3239629371249447,0.22986084684348068,1
Geophysical_model824,/home/lyara/areswave/models/Geophysical_model824.nd,nd,UNK,,,900.0,60.0,900.0,188.077,900.0,60.0,1115.838,16.60200000000009,1464.498,116.22000000000003,1679.083,60.0,0.6219273681240173,0.797255207492036,0.7388125943693632,0.3780726318759827,0.20274479250796393,1
Geophysical_model315,/home/lyara/areswave/models/Geophysical_model315.nd,nd,UNK,,,1001.068,60.0,900.0,187.65800000000002,1001.068,60.0,1135.824,33.68900000000008,1489.56,101.06700000000001,1687.836,60.0,0.527753455643043,0.8448740109254578,0.7391671591646528,0.47224654435695707,0.15512598907454223,1
Geophysical_model350,/home/lyara/areswave/models/Geophysical_model350.nd,nd,UNK,,,999.844,60.0,878.82,190.61599999999999,999.844,60.0,1116.329,16.6400000000001,1465.783,99.84400000000005,1680.452,60.0,0.5783034999883483,0.8207983646595025,0.7399667431024511,0.42169650001165176,0.17920163534049754,1
Geophysical_model34,/home/lyara/areswave/models/Geophysical_model34.nd,nd,UNK,,,1047.698,60.0,900.0,190.48699999999997,1047.698,60.0,1146.164,32.82199999999989,1490.792,65.64300000000003,1672.131,60.0,0.6728550191104326,0.7741834729314807,0.740407321657798,0.3271449808895675,0.2258165270685193,1
Geophysical_model455,/home/lyara/areswave/models/Geophysical_model455.nd,nd,UNK,,,1049.531,60.0,900.0,179.63599999999997,1049.531,60.0,1132.603,33.22900000000004,1481.508,83.07300000000009,1679.504,60.0,0.5660502146181847,0.8278460245110006,0.7405807545467287,0.4339497853818153,0.1721539754889993,1
MD_model59,/home/lyara/areswave/models/MD_model59.nd,nd,UNK,,,935.775,60.0,826.829,79.23300000000006,935.775,60.0,1262.612,69.33000000000015,1302.229,39.615999999999985,1470.6,61.90000000000009,0.7341814605623995,0.7439778509597406,0.7407123874939602,0.2658185394376004,0.25602214904025944,1
Geophysical_model158,/home/lyara/areswave/models/Geophysical_model158.nd,nd,UNK,,,1017.887,60.0,900.0,186.66499999999996,1017.887,60.0,1135.775,16.841000000000122,1489.437,84.2059999999999,1687.708,60.0,0.5681736110313803,0.8271552848479107,0.7408280602424006,0.4318263889686197,0.17284471515208927,1
Geophysical_model941,/home/lyara/areswave/models/Geophysical_model941.nd,nd,UNK,,,900.0,60.0,900.0,29.79600000000005,900.0,60.0,1101.736,16.810999999999922,1488.396,100.86799999999994,1686.632,60.0,0.7246863218609321,0.7507097359000698,0.7420352645536905,0.275313678139068,0.2492902640999301,1
Geophysical_model284,/home/lyara/areswave/models/Geophysical_model284.nd,nd,UNK,,,1032.872,60.0,900.0,181.64300000000003,1032.872,60.0,1132.525,33.2170000000001,1497.923,83.04500000000007,1679.303,60.0,0.5621840143038329,0.8319968791828547,0.7420592575565141,0.4378159856961671,0.16800312081714527,1
AK_model_24,/home/lyara/areswave/models/AK_model_24.nd,nd,UNK,,,1075.946,60.0,803.518,27.242999999999938,1075.946,60.0,1293.887,54.4849999999999,1321.13,27.242999999999938,1721.839,60.0,0.8288926310951049,0.6988368002871947,0.7421887438898315,0.1711073689048951,0.3011631997128053,1
AK_model_4,/home/lyara/areswave/models/AK_model_4.nd,nd,UNK,,,1037.134,60.0,797.074,26.673000000000002,1037.134,60.0,1277.195,80.01999999999998,1303.868,26.673000000000002,1700.523,60.0,0.664573690435327,0.7810672942301886,0.7422360929652347,0.33542630956467306,0.21893270576981133,1
Geophysical_model819,/home/lyara/areswave/models/Geophysical_model819.nd,nd,UNK,,,1085.015,60.0,900.0,29.636999999999944,1085.015,60.0,1101.834,16.819999999999936,1455.044,117.73700000000008,1686.928,60.0,0.6822802155374659,0.7725614066183766,0.7424676762580731,0.3177197844625341,0.2274385933816234,1
Geophysical_model881,/home/lyara/areswave/models/Geophysical_model881.nd,nd,UNK,,,950.007,60.0,900.0,179.212,950.007,60.0,1133.367,50.00700000000006,1483.418,66.67599999999993,1681.481,60.0,0.5627572394092315,0.8328694865438213,0.7428320708322914,0.4372427605907685,0.16713051345617863,1
CD_model61,/home/lyara/areswave/models/CD_model61.nd,nd,UNK,,,,60.0,,60.0,,60.0,,60.0,,60.0,,60.0,0.7744109031656848,0.7270633910140775,0.7428458950646132,0.2255890968343152,0.27293660898592254,1
AK_model_67,/home/lyara/areswave/models/AK_model_67.nd,nd,UNK,,,1034.55,60.0,885.984,24.75999999999999,1034.55,60.0,1158.354,99.04399999999987,1381.202,99.04299999999989,1662.605,60.0,0.5242925690110116,0.8544440031479826,0.7443935251023257,0.4757074309889884,0.14555599685201734,1
MD_model45,/home/lyara/areswave/models/MD_model45.nd,nd,UNK,,,966.263,60.0,741.442,194.164,966.263,60.0,1262.617,30.6579999999999,1334.151,51.096000000000004,1497.657,60.0,0.6726457766248543,0.7802861988468424,0.7444060581061797,0.32735422337514575,0.21971380115315764,1
Geophysical_model128,/home/lyara/areswave/models/Geophysical_model128.nd,nd,UNK,,,998.736,60.0,900.0,188.68399999999997,998.736,60.0,1130.385,32.91199999999981,1475.961,98.73699999999985,1673.765,60.0,0.6118405597047107,0.8108414688931587,0.7445078324970092,0.3881594402952892,0.18915853110684128,1
AK_model_92,/home/lyara/areswave/models/AK_model_92.nd,nd,UNK,,,1080.172,60.0,777.645,27.502000000000066,1080.172,60.0,1272.689,27.50200000000018,1327.694,55.00499999999988,1730.346,60.0,0.6756047951137751,0.7789842385990444,0.7445244241039547,0.3243952048862249,0.22101576140095552,1
Geophysical_model871,/home/lyara/areswave/models/Geophysical_model871.nd,nd,UNK,,,1099.979,60.0,900.0,21.956999999999994,1099.979,60.0,1116.644,16.664999999999964,1466.608,116.6550000000002,1681.33,60.0,0.47120439356543553,0.8825333195471008,0.7454236775532124,0.5287956064345645,0.11746668045289924,1
MD_model78,/home/lyara/areswave/models/MD_model78.nd,nd,UNK,,,1001.327,60.0,824.502,10.40199999999993,1001.327,60.0,1136.547,166.42399999999998,1302.971,166.42399999999998,1591.73,60.0,0.7414539234765759,0.7497431851305554,0.7469800979125623,0.2585460765234241,0.25025681486944457,1
MD_model67,/home/lyara/areswave/models/MD_model67.nd,nd,UNK,,,988.648,60.0,733.806,10.617999999999938,988.648,60.0,1105.451,10.617999999999938,1424.004,31.855000000000018,1620.994,60.0,0.8381696635563058,0.70223562769489,0.7475469729820287,0.16183033644369418,0.29776437230510994,1
MD_model88,/home/lyara/areswave/models/MD_model88.nd,nd,UNK,,,971.749,60.0,755.911,194.255,971.749,60.0,1273.923,21.58400000000006,1338.675,53.960000000000036,1624.15,60.0,0.7898321532439405,0.7264449002559583,0.7475739845852857,0.21016784675605946,0.2735550997440417,1
Geophysical_model759,/home/lyara/areswave/models/Geophysical_model759.nd,nd,UNK,,,966.806,60.0,900.0,177.51700000000005,966.806,60.0,1133.823,33.40299999999979,1484.557,66.80700000000002,1682.659,60.0,0.5977182161825496,0.8225858539259363,0.7476299746781407,0.40228178381745044,0.17741414607406364,1
Geophysical_model438,/home/lyara/areswave/models/Geophysical_model438.nd,nd,UNK,,,1033.261,60.0,900.0,181.95600000000002,1033.261,60.0,1133.207,33.315000000000055,1499.676,83.28800000000001,1681.067,60.0,0.6909407794566089,0.7761453301009854,0.7477438132195265,0.309059220543391,0.2238546698990146,1
Geophysical_model709,/home/lyara/areswave/models/Geophysical_model709.nd,nd,UNK,,,900.0,60.0,900.0,21.48599999999999,900.0,60.0,1116.829,33.35799999999995,1483.771,100.07500000000005,1681.845,60.0,0.611685734228356,0.8160889406071575,0.7479545384808904,0.38831426577164396,0.18391105939284244,1
Geophysical_model795,/home/lyara/areswave/models/Geophysical_model795.nd,nd,UNK,,,900.0,60.0,900.0,21.48599999999999,900.0,60.0,1116.829,33.35799999999995,1483.771,100.07500000000005,1681.845,60.0,0.7915433169930207,0.7267045192274048,0.7483174518159434,0.20845668300697925,0.27329548077259525,1
Geophysical_model731,/home/lyara/areswave/models/Geophysical_model731.nd,nd,UNK,,,1099.489,60.0,900.0,21.413999999999987,1099.489,60.0,1116.113,16.624000000000024,1465.218,99.74500000000012,1679.849,60.0,0.6769489010198251,0.7858132442835157,0.7495251298622856,0.3230510989801749,0.21418675571648432,1
Geophysical_model624,/home/lyara/areswave/models/Geophysical_model624.nd,nd,UNK,,,1099.489,60.0,900.0,21.413999999999987,1099.489,60.0,1116.113,16.624000000000024,1465.218,99.74500000000012,1679.849,60.0,0.6769489010198251,0.7858132442835157,0.7495251298622856,0.3230510989801749,0.21418675571648432,1
Geophysical_model373,/home/lyara/areswave/models/Geophysical_model373.nd,nd,UNK,,,1031.784,60.0,900.0,188.35000000000002,1031.784,60.0,1130.622,32.94600000000014,1493.027,82.36500000000001,1674.378,60.0,0.7848502606588784,0.732825569606985,0.7501671332909495,0.21514973934112158,0.267174430393015,1
Geophysical_model31,/home/lyara/areswave/models/Geophysical_model31.nd,nd,UNK,,,983.237,60.0,879.302,186.28300000000002,983.237,60.0,1116.417,16.64800000000014,1466.015,99.88400000000001,1680.698,60.0,0.5252462182108053,0.8647579127331095,0.7515873478923414,0.47475378178919464,0.1352420872668904,1
Geophysical_model331,/home/lyara/areswave/models/Geophysical_model331.nd,nd,UNK,,,966.03,60.0,900.0,191.53599999999994,966.03,60.0,1114.598,16.507000000000062,1461.256,99.04499999999985,1675.63,60.0,0.6428381876877411,0.8060027354650571,0.7516145528726185,0.3571618123122588,0.1939972645349429,1
Geophysical_model512,/home/lyara/areswave/models/Geophysical_model512.nd,nd,UNK,,,933.807,60.0,900.0,183.49300000000005,933.807,60.0,1119.743,33.807000000000016,1491.615,84.51700000000005,1689.962,60.0,0.7598110187830642,0.7475802634060729,0.75165718186507,0.24018898121693572,0.2524197365939272,1
Geophysical_model49,/home/lyara/areswave/models/Geophysical_model49.nd,nd,UNK,,,1096.615,60.0,900.0,187.058,1096.615,60.0,1145.769,32.769000000000005,1489.845,65.53899999999999,1671.177,60.0,0.5901555166489596,0.8324808674809069,0.7517057505369245,0.40984448335104035,0.1675191325190931,1
AK_model_19,/home/lyara/areswave/models/AK_model_19.nd,nd,UNK,,,1045.493,60.0,811.971,25.947000000000003,1045.493,60.0,1279.016,25.947000000000116,1330.909,51.89300000000003,1670.7,60.0,0.6346165614160302,0.8104072308792708,0.7518103410581906,0.36538343858396977,0.1895927691207292,1
Geophysical_model160,/home/lyara/areswave/models/Geophysical_model160.nd,nd,UNK,,,1001.362,60.0,862.062,189.68899999999996,1001.362,60.0,1119.617,33.78800000000001,1491.277,101.36200000000008,1689.612,60.0,0.6563176572639002,0.7999090329278244,0.7520452410398497,0.34368234273609977,0.2000909670721756,1
Geophysical_model120,/home/lyara/areswave/models/Geophysical_model120.nd,nd,UNK,,,1033.184,60.0,900.0,188.139,1033.184,60.0,1133.072,33.29500000000007,1482.679,83.24000000000001,1680.716,60.0,0.6820385556021513,0.787456549206814,0.7523172180052597,0.3179614443978486,0.21254345079318607,1
MD_model82,/home/lyara/areswave/models/MD_model82.nd,nd,UNK,,,1052.51,60.0,736.454,189.63400000000001,1052.51,60.0,1263.214,42.13999999999987,1336.96,63.21100000000001,1596.883,60.0,0.8034930906390807,0.7270934575754482,0.7525600019299924,0.19650690936091936,0.27290654242455187,1
Geophysical_model533,/home/lyara/areswave/models/Geophysical_model533.nd,nd,UNK,,,900.0,60.0,877.931,198.62300000000005,900.0,60.0,1104.357,34.05899999999997,1496.041,102.17899999999986,1694.541,60.0,0.741237565599816,0.7600583980638859,0.7537847872425293,0.258762434400184,0.23994160193611414,1
Geophysical_model917,/home/lyara/areswave/models/Geophysical_model917.nd,nd,UNK,,,900.0,60.0,877.931,198.62300000000005,900.0,60.0,1104.357,34.05899999999997,1496.041,102.17899999999986,1694.541,60.0,0.741237565599816,0.7600583980638859,0.7537847872425293,0.258762434400184,0.23994160193611414,1
AK_model_98,/home/lyara/areswave/models/AK_model_98.nd,nd,UNK,,,1045.711,60.0,774.539,27.116999999999962,1045.711,60.0,1289.767,54.23500000000013,1316.884,54.233999999999924,1716.731,60.0,0.7499780956733728,0.7566289815237454,0.7544120195736213,0.25002190432662724,0.2433710184762546,1
MD_model7,/home/lyara/areswave/models/MD_model7.nd,nd,UNK,,,992.399,60.0,762.376,10.455000000000041,992.399,60.0,1107.411,188.20000000000005,1389.712,188.20100000000002,1605.996,60.0,0.854985584166821,0.7042800313983231,0.7545152156544891,0.14501441583317898,0.29571996860167693,1
MD_model21,/home/lyara/areswave/models/MD_model21.nd,nd,UNK,,,1008.575,60.0,761.465,182.64600000000007,1008.575,60.0,1298.66,21.488000000000056,1373.867,75.20700000000011,1615.642,60.0,0.8075462471869871,0.7282131392741724,0.754657508578444,0.19245375281301294,0.2717868607258276,1
Geophysical_model956,/home/lyara/areswave/models/Geophysical_model956.nd,nd,UNK,,,966.616,60.0,900.0,179.216,966.616,60.0,1133.157,33.30799999999999,1499.547,83.26999999999998,1680.937,60.0,0.6257001537228684,0.8198696752424331,0.7551465014025783,0.3742998462771317,0.18013032475756682,1
AK_model_62,/home/lyara/areswave/models/AK_model_62.nd,nd,UNK,,,1016.476,60.0,815.77,25.087999999999965,1016.476,60.0,1116.83,100.35300000000007,1367.713,75.2650000000001,1675.2,60.0,0.6940419454558411,0.7859488830782478,0.7553132372041121,0.3059580545441589,0.2140511169217522,1
Geophysical_model918,/home/lyara/areswave/models/Geophysical_model918.nd,nd,UNK,,,933.4,60.0,900.0,184.586,933.4,60.0,1117.102,33.399999999999864,1484.505,66.80100000000016,1682.605,60.0,0.5857887936712701,0.8415971000735406,0.7563276646061171,0.4142112063287299,0.15840289992645942,1
Geophysical_model19,/home/lyara/areswave/models/Geophysical_model19.nd,nd,UNK,,,1033.261,60.0,900.0,182.78700000000003,1033.261,60.0,1133.207,33.315000000000055,1499.676,83.28800000000001,1681.067,60.0,0.6459057799717267,0.8117853940012587,0.756492189324748,0.3540942200282733,0.18821460599874135,1
Geophysical_model149,/home/lyara/areswave/models/Geophysical_model149.nd,nd,UNK,,,1033.261,60.0,900.0,182.78700000000003,1033.261,60.0,1133.207,33.315000000000055,1499.676,83.28800000000001,1681.067,60.0,0.6459057799717267,0.8117853940012587,0.756492189324748,0.3540942200282733,0.18821460599874135,1
AK_model_22,/home/lyara/areswave/models/AK_model_22.nd,nd,UNK,,,1079.893,60.0,816.324,26.357000000000085,1079.893,60.0,1290.748,52.71399999999994,1317.105,26.35699999999997,1685.402,60.0,0.7504453365343288,0.759591754572583,0.7565429485598316,0.24955466346567126,0.24040824542741696,1
Geophysical_model518,/home/lyara/areswave/models/Geophysical_model518.nd,nd,UNK,,,950.781,60.0,900.0,184.07600000000002,950.781,60.0,1136.977,33.85400000000004,1492.442,67.70700000000011,1690.818,60.0,0.4711267651764345,0.8994256571685934,0.7566593598378737,0.5288732348235655,0.10057434283140662,1
Geophysical_model412,/home/lyara/areswave/models/Geophysical_model412.nd,nd,UNK,,,1030.985,60.0,900.0,188.822,1030.985,60.0,1129.223,32.746000000000095,1489.43,81.86500000000001,1670.76,60.0,0.6439322933773675,0.8130504706311104,0.7566777448798628,0.3560677066226326,0.18694952936888962,1
CD_model63,/home/lyara/areswave/models/CD_model63.nd,nd,UNK,,,,60.0,,60.0,,60.0,,60.0,,60.0,,60.0,0.7499029529533432,0.7602526486884488,0.7568027501100802,0.25009704704665675,0.23974735131155125,1
MD_model54,/home/lyara/areswave/models/MD_model54.nd,nd,UNK,,,954.555,60.0,795.413,148.53200000000004,954.555,60.0,1294.057,60.0,1336.495,53.047000000000025,1618.333,60.0,0.7954285416367383,0.7375556815543216,0.7568466349151272,0.2045714583632617,0.2624443184456784,1
AK_model_51,/home/lyara/areswave/models/AK_model_51.nd,nd,UNK,,,1018.843,60.0,822.06,24.59699999999998,1018.843,60.0,1289.418,122.9889999999998,1486.2,172.18399999999997,1667.832,60.0,0.7166995287439526,0.7775294965916246,0.7572528406424007,0.28330047125604746,0.22247050340837538,1
AK_model_40,/home/lyara/areswave/models/AK_model_40.nd,nd,UNK,,,1044.143,60.0,837.506,25.829999999999927,1044.143,60.0,1276.61,77.4889999999998,1302.439,25.829999999999927,1667.377,60.0,0.6936532561773903,0.7893563174060739,0.7574552969965126,0.30634674382260974,0.2106436825939261,1
Geophysical_model766,/home/lyara/areswave/models/Geophysical_model766.nd,nd,UNK,,,1099.489,60.0,900.0,21.00400000000002,1099.489,60.0,1116.113,16.624000000000024,1465.218,99.74500000000012,1679.849,60.0,0.6612069681499784,0.8060992781748082,0.757801841499865,0.3387930318500216,0.19390072182519177,1
Geophysical_model154,/home/lyara/areswave/models/Geophysical_model154.nd,nd,UNK,,,1096.756,60.0,900.0,198.57399999999996,1096.756,60.0,1145.945,32.79299999999989,1490.267,65.58500000000004,1671.602,60.0,0.658182108867614,0.8083101559957865,0.7582674736197289,0.34181789113238603,0.1916898440042135,1
Geophysical_model507,/home/lyara/areswave/models/Geophysical_model507.nd,nd,UNK,,,950.781,60.0,900.0,183.99,950.781,60.0,1136.977,33.85400000000004,1492.442,67.70700000000011,1690.818,60.0,0.524161354549515,0.8755990121105708,0.7584531262568855,0.47583864545048504,0.12440098788942916,1
Geophysical_model262,/home/lyara/areswave/models/Geophysical_model262.nd,nd,UNK,,,1032.872,60.0,900.0,181.34699999999998,1032.872,60.0,1132.525,33.2170000000001,1497.923,83.04500000000007,1679.303,60.0,0.7470251172053617,0.7646667493736394,0.7587862053175468,0.25297488279463826,0.2353332506263606,1
Geophysical_model295,/home/lyara/areswave/models/Geophysical_model295.nd,nd,UNK,,,1032.872,60.0,900.0,181.34699999999998,1032.872,60.0,1132.525,33.2170000000001,1497.923,83.04500000000007,1679.303,60.0,0.7470251172053617,0.7646667493736394,0.7587862053175468,0.25297488279463826,0.2353332506263606,1
Geophysical_model718,/home/lyara/areswave/models/Geophysical_model718.nd,nd,UNK,,,933.856,60.0,900.0,185.09900000000005,933.856,60.0,1120.061,33.855999999999995,1492.472,84.6389999999999,1690.849,60.0,0.6238726966441568,0.8264722785210613,0.7589390845620931,0.37612730335584327,0.17352772147893872,1
MD_model37,/home/lyara/areswave/models/MD_model37.nd,nd,UNK,,,981.132,60.0,895.92,191.726,981.132,60.0,1290.024,31.95399999999995,1332.63,63.90800000000013,1615.446,60.0,0.7448362418686012,0.7669387073002556,0.7595712188230376,0.25516375813139874,0.23306129269974446,1
MD_model23,/home/lyara/areswave/models/MD_model23.nd,nd,UNK,,,932.566,60.0,762.339,180.86599999999999,932.566,60.0,1273.019,74.47499999999991,1326.215,31.917000000000144,1608.988,60.0,0.6698227394128032,0.8067529783229612,0.7611095653529086,0.33017726058719676,0.19324702167703872,1
AK_model_97,/home/lyara/areswave/models/AK_model_97.nd,nd,UNK,,,1076.276,60.0,775.803,27.315000000000055,1076.276,60.0,1294.802,54.631999999999834,1322.117,27.31600000000003,1723.434,60.0,0.7861892057716806,0.748701716463881,0.7611975462331474,0.21381079422831942,0.251298283536119,1
AK_model_18,/home/lyara/areswave/models/AK_model_18.nd,nd,UNK,,,1030.098,60.0,809.519,24.509000000000015,1030.098,60.0,1275.186,98.03499999999985,1324.204,171.56100000000015,1676.548,60.0,0.7159387475622561,0.7839162749249294,0.7612570991373717,0.284061252437744,0.21608372507507054,1
Geophysical_model732,/home/lyara/areswave/models/Geophysical_model732.nd,nd,UNK,,,933.813,60.0,900.0,183.28999999999996,933.813,60.0,1119.783,33.8130000000001,1491.724,84.53199999999993,1690.075,60.0,0.6634233040388364,0.8106626448357018,0.7615828645700801,0.33657669596116363,0.18933735516429817,1
Geophysical_model572,/home/lyara/areswave/models/Geophysical_model572.nd,nd,UNK,,,1099.901,60.0,900.0,21.404999999999973,1099.901,60.0,1116.56,16.65800000000013,1466.387,116.60899999999992,1681.095,60.0,0.7400925588358721,0.7724183547628694,0.7616430894538703,0.2599074411641279,0.22758164523713065,1
Geophysical_model183,/home/lyara/areswave/models/Geophysical_model183.nd,nd,UNK,,,1031.859,60.0,900.0,187.99699999999996,1031.859,60.0,1130.754,32.965000000000146,1493.366,82.41200000000003,1674.72,60.0,0.6263701095662159,0.8298036465718543,0.7619924675699749,0.37362989043378414,0.17019635342814568,1
Geophysical_model486,/home/lyara/areswave/models/Geophysical_model486.nd,nd,UNK,,,1031.859,60.0,900.0,187.99699999999996,1031.859,60.0,1130.754,32.965000000000146,1493.366,82.41200000000003,1674.72,60.0,0.6263701095662159,0.8298036465718543,0.7619924675699749,0.37362989043378414,0.17019635342814568,1
AK_model_68,/home/lyara/areswave/models/AK_model_68.nd,nd,UNK,,,1018.739,60.0,892.89,25.16999999999996,1018.739,60.0,1220.098,125.85000000000014,1396.287,50.33899999999994,1678.891,60.0,0.7402925334367196,0.7739799161633403,0.7627507885878,0.2597074665632804,0.22602008383665972,1
AK_model_61,/home/lyara/areswave/models/AK_model_61.nd,nd,UNK,,,1018.991,60.0,817.395,25.198999999999955,1018.991,60.0,1119.789,100.798,1371.784,75.59799999999996,1679.704,60.0,0.6870007250944741,0.8009936634842366,0.7629960173543159,0.31299927490552587,0.1990063365157634,1
CD_model22,/home/lyara/areswave/models/CD_model22.nd,nd,UNK,,,,60.0,,60.0,,60.0,,60.0,,60.0,,60.0,0.8032809964662249,0.7443066508187463,0.7639647660345724,0.19671900353377508,0.25569334918125375,1
Geophysical_model291,/home/lyara/areswave/models/Geophysical_model291.nd,nd,UNK,,,1033.201,60.0,900.0,180.11699999999996,1033.201,60.0,1133.102,33.299999999999955,1499.404,83.25,1680.794,60.0,0.5666799426030287,0.8627659415021878,0.7640706085358014,0.43332005739697127,0.13723405849781226,1
Geophysical_model586,/home/lyara/areswave/models/Geophysical_model586.nd,nd,UNK,,,1099.57,60.0,900.0,21.057999999999993,1099.57,60.0,1116.201,16.631000000000085,1465.45,99.78499999999985,1680.096,60.0,0.6166842721984744,0.8383357152957616,0.7644519009299993,0.38331572780152556,0.16166428470423838,1
MD_model68,/home/lyara/areswave/models/MD_model68.nd,nd,UNK,,,1004.173,60.0,810.147,10.212000000000103,1004.173,60.0,1126.717,142.9670000000001,1402.439,112.33100000000013,1575.246,60.0,0.7714023676585351,0.7610806351423097,0.7645212126477182,0.22859763234146485,0.23891936485769025,1
Geophysical_model405,/home/lyara/areswave/models/Geophysical_model405.nd,nd,UNK,,,1047.083,60.0,900.0,186.64499999999998,1047.083,60.0,1145.138,32.684999999999945,1488.33,65.36999999999989,1669.654,60.0,0.74177962575571,0.776929358644782,0.7652127810150913,0.25822037424429,0.22307064135521806,1
Geophysical_model54,/home/lyara/areswave/models/Geophysical_model54.nd,nd,UNK,,,1047.698,60.0,900.0,190.42999999999995,1047.698,60.0,1146.164,32.82199999999989,1490.792,65.64300000000003,1672.131,60.0,0.7866499333101921,0.7550631746805012,0.7655920942237314,0.21335006668980797,0.2449368253194988,1
AK_model_66,/home/lyara/areswave/models/AK_model_66.nd,nd,UNK,,,1018.904,60.0,817.742,25.145999999999958,1018.904,60.0,1169.776,100.5809999999999,1370.939,75.43600000000015,1678.566,60.0,0.7489039854766115,0.7741364630132812,0.7657256371677246,0.25109601452338853,0.22586353698671874,1
Geophysical_model970,/home/lyara/areswave/models/Geophysical_model970.nd,nd,UNK,,,933.805,60.0,900.0,186.68499999999995,933.805,60.0,1119.733,33.805000000000064,1474.687,84.51299999999992,1689.935,60.0,0.7984459099214077,0.7493871856541108,0.7657400937432097,0.2015540900785923,0.25061281434588917,1
Geophysical_model17,/home/lyara/areswave/models/Geophysical_model17.nd,nd,UNK,,,1016.434,60.0,877.32,181.44000000000005,1016.434,60.0,1132.867,33.26700000000005,1498.801,83.16699999999992,1680.187,60.0,0.5182747896294075,0.8897824303627443,0.7659465501182986,0.48172521037059246,0.11021756963725568,1
Geophysical_model169,/home/lyara/areswave/models/Geophysical_model169.nd,nd,UNK,,,1016.434,60.0,877.32,181.44000000000005,1016.434,60.0,1132.867,33.26700000000005,1498.801,83.16699999999992,1680.187,60.0,0.5182747896294075,0.8897824303627443,0.7659465501182986,0.48172521037059246,0.11021756963725568,1
Geophysical_model806,/home/lyara/areswave/models/Geophysical_model806.nd,nd,UNK,,,916.669,60.0,900.0,180.92600000000004,916.669,60.0,1116.699,33.337999999999965,1483.42,83.346,1681.482,60.0,0.5002634207950232,0.9005393292522098,0.7671140264331475,0.4997365792049769,0.09946067074779016,1
Geophysical_model591,/home/lyara/areswave/models/Geophysical_model591.nd,nd,UNK,,,916.669,60.0,900.0,180.92600000000004,916.669,60.0,1116.699,33.337999999999965,1483.42,83.346,1681.482,60.0,0.5002634207950232,0.9005393292522098,0.7671140264331475,0.4997365792049769,0.09946067074779016,1
Geophysical_model787,/home/lyara/areswave/models/Geophysical_model787.nd,nd,UNK,,,933.798,60.0,900.0,182.937,933.798,60.0,1119.688,33.798,1474.568,84.49500000000012,1689.809,60.0,0.6683001117031144,0.8166817757656427,0.7672212210781333,0.3316998882968856,0.18331822423435729,1
AK_model_30,/home/lyara/areswave/models/AK_model_30.nd,nd,UNK,,,1083.305,60.0,820.426,26.28800000000001,1083.305,60.0,1293.608,52.57600000000002,1319.896,52.57600000000002,1687.417,60.0,0.7110105133594835,0.7957575298568869,0.7675085243577525,0.28898948664051655,0.20424247014311314,1
MD_model49,/home/lyara/areswave/models/MD_model49.nd,nd,UNK,,,1035.919,60.0,728.669,186.5440000000001,1035.919,60.0,1299.277,10.972999999999956,1365.116,87.78600000000006,1653.423,60.0,0.8060575839919146,0.7486770016571815,0.767803862435426,0.1939424160080854,0.2513229983428184,1
MD_model63,/home/lyara/areswave/models/MD_model63.nd,nd,UNK,,,1047.057,60.0,708.427,180.60199999999998,1047.057,60.0,1216.372,191.8900000000001,1363.111,90.30099999999993,1690.644,60.0,0.7454199947796164,0.7796741102338636,0.7682560717491146,0.2545800052203836,0.22032588976613648,1
Geophysical_model627,/home/lyara/areswave/models/Geophysical_model627.nd,nd,UNK,,,950.721,60.0,900.0,183.97400000000005,950.721,60.0,1119.792,33.81400000000008,1491.747,67.62800000000016,1690.099,60.0,0.6775271657192348,0.8139536270887318,0.7684781399655661,0.3224728342807653,0.18604637291126824,1
Geophysical_model103,/home/lyara/areswave/models/Geophysical_model103.nd,nd,UNK,,,1016.326,60.0,900.0,195.543,1016.326,60.0,1132.652,33.235999999999876,1498.248,99.70800000000008,1679.631,60.0,0.7084217250007688,0.7995874231523141,0.769198857101799,0.29157827499923117,0.20041257684768587,1
MD_model74,/home/lyara/areswave/models/MD_model74.nd,nd,UNK,,,1018.128,60.0,852.239,10.368000000000052,1018.128,60.0,1246.227,134.78500000000008,1391.38,114.04999999999995,1576.24,60.0,0.7520716320126837,0.7795714874910997,0.7704048689982944,0.24792836798731632,0.2204285125089003,1
Geophysical_model100,/home/lyara/areswave/models/Geophysical_model100.nd,nd,UNK,,,1033.219,60.0,877.55,179.596,1033.219,60.0,1133.134,33.305000000000064,1482.834,83.26200000000017,1680.877,60.0,0.7907400988274633,0.7616990611402032,0.7713794070359565,0.20925990117253665,0.2383009388597968,1
Geophysical_model831,/home/lyara/areswave/models/Geophysical_model831.nd,nd,UNK,,,933.798,60.0,879.696,182.73299999999995,933.798,60.0,1119.688,33.798,1491.467,84.49500000000012,1689.809,60.0,0.6418940733409807,0.8367597598941927,0.771804531043122,0.3581059266590193,0.1632402401058073,1
AK_model_20,/home/lyara/areswave/models/AK_model_20.nd,nd,UNK,,,1062.423,60.0,820.847,26.841999999999985,1062.423,60.0,1277.158,26.84199999999987,1330.842,53.68399999999997,1702.21,60.0,0.6628615961463882,0.8265446700115329,0.771983645389818,0.3371384038536119,0.17345532998846713,1
MD_model16,/home/lyara/areswave/models/MD_model16.nd,nd,UNK,,,999.038,60.0,820.271,10.515999999999963,999.038,60.0,1146.258,94.64100000000008,1346.056,189.28300000000013,1605.327,60.0,0.8093873756781088,0.7533629071188734,0.7720377299719519,0.19061262432189122,0.24663709288112662,1
MD_model46,/home/lyara/areswave/models/MD_model46.nd,nd,UNK,,,1043.145,60.0,863.077,90.03399999999999,1043.145,60.0,1283.235,60.02300000000014,1333.254,10.004000000000133,1483.311,61.49000000000001,0.7308837238752943,0.7926291377141882,0.7720473331012236,0.26911627612470573,0.20737086228581184,1
AK_model_35,/home/lyara/areswave/models/AK_model_35.nd,nd,UNK,,,1083.341,60.0,898.594,26.39300000000003,1083.341,60.0,1294.481,26.392000000000053,1347.266,79.17699999999991,1689.198,60.0,0.7148988462459851,0.801896334733061,0.7728971719040357,0.2851011537540149,0.19810366526693907,1
MD_model90,/home/lyara/areswave/models/MD_model90.nd,nd,UNK,,,1068.089,60.0,754.092,184.067,1068.089,60.0,1252.156,184.067,1382.085,108.27500000000009,1624.97,60.0,0.7274447845122889,0.7975698021599756,0.7741947962774134,0.2725552154877111,0.20243019784002436,1
Geophysical_model549,/home/lyara/areswave/models/Geophysical_model549.nd,nd,UNK,,,1098.51,60.0,900.0,24.052999999999997,1098.51,60.0,1115.052,16.54300000000012,1445.902,115.79700000000003,1676.896,60.0,0.793869044567916,0.7660587929952907,0.7753288768528325,0.2061309554320841,0.23394120700470927,1
MD_model99,/home/lyara/areswave/models/MD_model99.nd,nd,UNK,,,994.256,60.0,719.122,190.4770000000001,994.256,60.0,1290.553,31.746000000000095,1332.882,84.65699999999993,1604.038,60.0,0.7876736964050581,0.7710860336271913,0.776615254553147,0.21232630359494184,0.22891396637280872,1
AK_model_63,/home/lyara/areswave/models/AK_model_63.nd,nd,UNK,,,996.13,60.0,793.624,25.313999999999965,996.13,60.0,1122.696,75.94000000000005,1325.202,75.93900000000008,1684.197,60.0,0.8204753183566662,0.7548620938598898,0.7767331686921487,0.17952468164333385,0.24513790614011016,1
Geophysical_model82,/home/lyara/areswave/models/Geophysical_model82.nd,nd,UNK,,,1096.27,60.0,900.0,198.57399999999996,1096.27,60.0,1145.337,32.71100000000001,1488.81,65.423,1670.136,60.0,0.6457218603910286,0.8428939761789163,0.7771699375829537,0.3542781396089713,0.15710602382108368,1
Geophysical_model667,/home/lyara/areswave/models/Geophysical_model667.nd,nd,UNK,,,900.0,60.0,900.0,21.341999999999985,900.0,60.0,1100.223,33.371000000000095,1483.984,100.11099999999988,1682.066,60.0,0.5848408747160901,0.8736715389975274,0.777394650903715,0.41515912528390986,0.1263284610024727,1
Geophysical_model63,/home/lyara/areswave/models/Geophysical_model63.nd,nd,UNK,,,1048.554,60.0,900.0,194.99300000000005,1048.554,60.0,1147.591,33.011999999999944,1494.218,49.51800000000003,1675.576,60.0,0.7459151033309765,0.793337348411399,0.7775299333845916,0.2540848966690234,0.20666265158860103,1
Geophysical_model267,/home/lyara/areswave/models/Geophysical_model267.nd,nd,UNK,,,1048.554,60.0,900.0,194.99300000000005,1048.554,60.0,1147.591,33.011999999999944,1494.218,49.51800000000003,1675.576,60.0,0.7459151033309765,0.793337348411399,0.7775299333845916,0.2540848966690234,0.20666265158860103,1
Geophysical_model224,/home/lyara/areswave/models/Geophysical_model224.nd,nd,UNK,,,1048.554,60.0,900.0,194.99300000000005,1048.554,60.0,1147.591,33.011999999999944,1494.218,49.51800000000003,1675.576,60.0,0.7459151033309765,0.793337348411399,0.7775299333845916,0.2540848966690234,0.20666265158860103,1
CD_model9,/home/lyara/areswave/models/CD_model9.nd,nd,UNK,,,,60.0,,60.0,,60.0,,60.0,,60.0,,60.0,0.676460546595,0.8288841240227796,0.7780762648801863,0.323539453405,0.1711158759772204,1
Geophysical_model579,/home/lyara/areswave/models/Geophysical_model579.nd,nd,UNK,,,1099.489,60.0,900.0,21.019000000000005,1099.489,60.0,1116.113,16.624000000000024,1465.218,99.74500000000012,1679.849,60.0,0.7694993429411048,0.7833946676183583,0.7787628927259403,0.23050065705889525,0.21660533238164167,1
Geophysical_model803,/home/lyara/areswave/models/Geophysical_model803.nd,nd,UNK,,,1099.489,60.0,900.0,21.019000000000005,1099.489,60.0,1116.113,16.624000000000024,1465.218,99.74500000000012,1679.849,60.0,0.7694993429411048,0.7833946676183583,0.7787628927259403,0.23050065705889525,0.21660533238164167,1
MD_model85,/home/lyara/areswave/models/MD_model85.nd,nd,UNK,,,997.953,60.0,716.651,183.928,997.953,60.0,1290.073,32.458000000000084,1333.35,86.55399999999986,1630.024,60.0,0.819935598262956,0.7588280400126963,0.7791972260961163,0.18006440173704397,0.24117195998730373,1
AK_model_26,/home/lyara/areswave/models/AK_model_26.nd,nd,UNK,,,1062.407,60.0,796.562,26.585000000000036,1062.407,60.0,1275.083,26.58400000000006,1328.252,53.169000000000096,1697.655,60.0,0.7643961865837101,0.7866133022733592,0.7792075970434761,0.23560381341628994,0.2133866977266408,1
Geophysical_model71,/home/lyara/areswave/models/Geophysical_model71.nd,nd,UNK,,,1096.225,60.0,900.0,197.35000000000002,1096.225,60.0,1145.281,32.70399999999995,1488.674,65.4079999999999,1669.999,60.0,0.687488927017345,0.825129162350829,0.7792490839063344,0.31251107298265507,0.17487083764917097,1
Geophysical_model216,/home/lyara/areswave/models/Geophysical_model216.nd,nd,UNK,,,1096.225,60.0,900.0,197.35000000000002,1096.225,60.0,1145.281,32.70399999999995,1488.674,65.4079999999999,1669.999,60.0,0.687488927017345,0.825129162350829,0.7792490839063344,0.31251107298265507,0.17487083764917097,1
MD_model13,/home/lyara/areswave/models/MD_model13.nd,nd,UNK,,,1005.054,60.0,807.542,10.396000000000072,1005.054,60.0,1244.149,145.53600000000006,1358.498,166.32600000000002,1595.035,60.0,0.8730939496336724,0.7326716927029382,0.7794791116798496,0.1269060503663276,0.2673283072970618,1
Geophysical_model155,/home/lyara/areswave/models/Geophysical_model155.nd,nd,UNK,,,1096.935,60.0,900.0,199.07799999999997,1096.935,60.0,1146.169,32.822999999999865,1490.805,65.64499999999998,1672.143,60.0,0.8550878638109114,0.7417040702793385,0.7794986681231961,0.1449121361890886,0.2582959297206615,1
Geophysical_model170,/home/lyara/areswave/models/Geophysical_model170.nd,nd,UNK,,,1096.935,60.0,900.0,199.07799999999997,1096.935,60.0,1146.169,32.822999999999865,1490.805,65.64499999999998,1672.143,60.0,0.8550878638109114,0.7417040702793385,0.7794986681231961,0.1449121361890886,0.2582959297206615,1
Geophysical_model554,/home/lyara/areswave/models/Geophysical_model554.nd,nd,UNK,,,933.939,60.0,879.373,185.64099999999996,933.939,60.0,1120.601,33.93899999999985,1476.955,84.84699999999998,1692.352,60.0,0.6353394047723258,0.8516796168420266,0.7795662128187931,0.3646605952276742,0.1483203831579733,1
Geophysical_model737,/home/lyara/areswave/models/Geophysical_model737.nd,nd,UNK,,,933.939,60.0,879.373,185.64099999999996,933.939,60.0,1120.601,33.93899999999985,1476.955,84.84699999999998,1692.352,60.0,0.6353394047723258,0.8516796168420266,0.7795662128187931,0.3646605952276742,0.1483203831579733,1
Geophysical_model721,/home/lyara/areswave/models/Geophysical_model721.nd,nd,UNK,,,933.939,60.0,879.373,185.64099999999996,933.939,60.0,1120.601,33.93899999999985,1476.955,84.84699999999998,1692.352,60.0,0.6353394047723258,0.8516796168420266,0.7795662128187931,0.3646605952276742,0.1483203831579733,1
AK_model_70,/home/lyara/areswave/models/AK_model_70.nd,nd,UNK,,,1060.0,60.0,825.0,25.0,1060.0,60.0,1300.0,75.0,1300.0,50.0,1634.964,60.0,0.6964013855946256,0.8218947310798044,0.7800636159180782,0.30359861440537445,0.17810526892019568,1
CD_model97,/home/lyara/areswave/models/CD_model97.nd,nd,UNK,,,,60.0,,60.0,,60.0,,60.0,,60.0,,60.0,0.8365145961649174,0.7518859318391228,0.7800954866143877,0.16348540383508256,0.2481140681608772,1
CD_model84,/home/lyara/areswave/models/CD_model84.nd,nd,UNK,,,,60.0,,60.0,,60.0,,60.0,,60.0,,60.0,0.7546880068765294,0.7938189171508523,0.7807752803927447,0.24531199312347057,0.20618108284914766,1
Geophysical_model157,/home/lyara/areswave/models/Geophysical_model157.nd,nd,UNK,,,999.473,60.0,900.0,182.298,999.473,60.0,1115.525,16.57899999999995,1496.838,99.47299999999996,1678.212,60.0,0.6079884646873119,0.8672739820843944,0.7808454762853669,0.39201153531268806,0.13272601791560557,1
Geophysical_model219,/home/lyara/areswave/models/Geophysical_model219.nd,nd,UNK,,,999.473,60.0,900.0,182.298,999.473,60.0,1115.525,16.57899999999995,1496.838,99.47299999999996,1678.212,60.0,0.6079884646873119,0.8672739820843944,0.7808454762853669,0.39201153531268806,0.13272601791560557,1
Geophysical_model86,/home/lyara/areswave/models/Geophysical_model86.nd,nd,UNK,,,1015.239,60.0,900.0,189.35199999999998,1015.239,60.0,1130.479,32.92599999999993,1492.66,98.77700000000004,1674.009,60.0,0.6867918827426649,0.8281073572477389,0.7810021990793808,0.31320811725733505,0.17189264275226113,1
AK_model_99,/home/lyara/areswave/models/AK_model_99.nd,nd,UNK,,,1043.821,60.0,773.927,26.989000000000033,1043.821,60.0,1286.726,53.97900000000004,1313.715,53.97900000000004,1712.601,60.0,0.6679659286939226,0.8398562075838866,0.7825594479538985,0.3320340713060774,0.1601437924161134,1
MD_model64,/home/lyara/areswave/models/MD_model64.nd,nd,UNK,,,1026.644,60.0,732.299,185.32799999999997,1026.644,60.0,1299.185,10.902000000000044,1342.791,76.3119999999999,1640.914,60.0,0.871009824915419,0.7384340259849624,0.7826259589617813,0.12899017508458097,0.2615659740150376,1
Geophysical_model748,/home/lyara/areswave/models/Geophysical_model748.nd,nd,UNK,,,1099.489,60.0,900.0,21.061000000000035,1099.489,60.0,1116.113,16.624000000000024,1465.218,99.74500000000012,1679.849,60.0,0.641861697761637,0.8531998847813476,0.782753822441444,0.35813830223836296,0.1468001152186525,1
CD_model88,/home/lyara/areswave/models/CD_model88.nd,nd,UNK,,,,60.0,,60.0,,60.0,,60.0,,60.0,,60.0,0.8848359574102278,0.7319437064911829,0.7829077901308645,0.11516404258977225,0.26805629350881705,1
MD_model1,/home/lyara/areswave/models/MD_model1.nd,nd,UNK,,,998.962,60.0,781.126,10.372999999999934,998.962,60.0,1102.693,197.08999999999992,1445.007,186.7170000000001,1598.079,60.0,0.7404521815206252,0.8052397246213103,0.783643876921082,0.2595478184793748,0.19476027537868973,1
MD_model24,/home/lyara/areswave/models/MD_model24.nd,nd,UNK,,,1031.407,60.0,893.911,10.575999999999908,1031.407,60.0,1295.822,84.61299999999983,1316.975,95.18900000000008,1609.009,60.0,0.74586031284394,0.8025456632898385,0.783650546474539,0.2541396871560599,0.19745433671016155,1
CD_model70,/home/lyara/areswave/models/CD_model70.nd,nd,UNK,,,,60.0,,60.0,,60.0,,60.0,,60.0,,60.0,0.8321568178508202,0.7600965813415397,0.7841166601779666,0.16784318214917984,0.23990341865846027,1
AK_model_33,/home/lyara/areswave/models/AK_model_33.nd,nd,UNK,,,1079.942,60.0,818.715,26.121999999999957,1079.942,60.0,1288.923,52.24499999999989,1341.169,52.24499999999989,1681.533,60.0,0.7249680761696136,0.8137502197663646,0.784156171900781,0.2750319238303865,0.18624978023363536,1
Geophysical_model680,/home/lyara/areswave/models/Geophysical_model680.nd,nd,UNK,,,1099.489,60.0,900.0,21.152000000000044,1099.489,60.0,1116.113,16.624000000000024,1465.218,99.74500000000012,1679.849,60.0,0.6581652092797905,0.8473438571990316,0.7842843078926179,0.3418347907202095,0.15265614280096843,1
Geophysical_model686,/home/lyara/areswave/models/Geophysical_model686.nd,nd,UNK,,,900.0,60.0,900.0,21.477999999999952,900.0,60.0,1116.829,33.35799999999995,1483.771,100.07500000000005,1681.845,60.0,0.814050892122089,0.7696667454488104,0.78446146100657,0.185949107877911,0.23033325455118964,1
Geophysical_model504,/home/lyara/areswave/models/Geophysical_model504.nd,nd,UNK,,,1050.167,60.0,900.0,21.375999999999976,1050.167,60.0,1100.223,33.371000000000095,1483.984,100.11099999999988,1682.066,60.0,0.7345906097522155,0.8095846060042634,0.7845866072535808,0.26540939024778454,0.19041539399573662,1
Geophysical_model133,/home/lyara/areswave/models/Geophysical_model133.nd,nd,UNK,,,1098.133,60.0,900.0,196.67700000000002,1098.133,60.0,1147.666,16.510999999999967,1494.399,66.04399999999987,1675.759,60.0,0.7309486685020852,0.8127102551887915,0.7854563929598894,0.26905133149791477,0.18728974481120858,1
CD_model38,/home/lyara/areswave/models/CD_model38.nd,nd,UNK,,,,60.0,,60.0,,60.0,,60.0,,60.0,,60.0,0.7510908266790998,0.8050895483748219,0.787089974476248,0.24890917332090023,0.19491045162517803,1
Geophysical_model805,/home/lyara/areswave/models/Geophysical_model805.nd,nd,UNK,,,1085.08,60.0,900.0,29.801000000000045,1085.08,60.0,1101.905,16.826000000000022,1455.24,117.77800000000002,1687.143,60.0,0.8372382602185795,0.7631945369298788,0.7878757780261124,0.16276173978142056,0.23680546307012115,1
Geophysical_model907,/home/lyara/areswave/models/Geophysical_model907.nd,nd,UNK,,,933.855,60.0,900.0,187.78200000000004,933.855,60.0,1120.056,33.85500000000002,1458.604,84.63700000000017,1690.835,60.0,0.7670831503704939,0.8009664439183809,0.7896720127357519,0.23291684962950607,0.19903355608161907,1
Geophysical_model443,/home/lyara/areswave/models/Geophysical_model443.nd,nd,UNK,,,1030.985,60.0,900.0,188.21500000000003,1030.985,60.0,1129.223,32.746000000000095,1489.43,81.86500000000001,1670.76,60.0,0.8000666504547773,0.7869211930939329,0.7913030122142143,0.1999333495452227,0.21307880690606704,1
Geophysical_model464,/home/lyara/areswave/models/Geophysical_model464.nd,nd,UNK,,,1030.985,60.0,900.0,188.21500000000003,1030.985,60.0,1129.223,32.746000000000095,1489.43,81.86500000000001,1670.76,60.0,0.8000666504547773,0.7869211930939329,0.7913030122142143,0.1999333495452227,0.21307880690606704,1
Geophysical_model922,/home/lyara/areswave/models/Geophysical_model922.nd,nd,UNK,,,949.959,60.0,900.0,179.20600000000002,949.959,60.0,1133.142,33.305000000000064,1499.507,83.2650000000001,1680.897,60.0,0.6728849303985514,0.8523397171538216,0.7925214549020648,0.3271150696014487,0.14766028284617833,1
Geophysical_model560,/home/lyara/areswave/models/Geophysical_model560.nd,nd,UNK,,,1099.489,60.0,900.0,21.346000000000004,1099.489,60.0,1116.113,16.624000000000024,1465.218,99.74500000000012,1679.849,60.0,0.7526586948894465,0.8134890323652844,0.7932122532066718,0.2473413051105535,0.18651096763471559,1
Geophysical_model46,/home/lyara/areswave/models/Geophysical_model46.nd,nd,UNK,,,1049.531,60.0,900.0,179.79999999999995,1049.531,60.0,1132.603,33.22900000000004,1498.123,83.07300000000009,1679.504,60.0,0.7404514545838023,0.8196896886993976,0.7932769439941992,0.2595485454161976,0.1803103113006024,1
CD_model80,/home/lyara/areswave/models/CD_model80.nd,nd,UNK,,,,60.0,,60.0,,60.0,,60.0,,60.0,,60.0,0.7752768066848704,0.805856489361275,0.7956632618024734,0.22472319331512955,0.19414351063872504,1
Geophysical_model119,/home/lyara/areswave/models/Geophysical_model119.nd,nd,UNK,,,1064.102,60.0,900.0,191.78599999999994,1064.102,60.0,1146.153,32.819999999999936,1490.767,65.6400000000001,1672.105,60.0,0.8002980096286798,0.7933763921145044,0.7956835979525628,0.19970199037132014,0.2066236078854956,1
Geophysical_model55,/home/lyara/areswave/models/Geophysical_model55.nd,nd,UNK,,,1064.102,60.0,900.0,191.78599999999994,1064.102,60.0,1146.153,32.819999999999936,1490.767,65.6400000000001,1672.105,60.0,0.8002980096286798,0.7933763921145044,0.7956835979525628,0.19970199037132014,0.2066236078854956,1
Geophysical_model736,/home/lyara/areswave/models/Geophysical_model736.nd,nd,UNK,,,1084.925,60.0,900.0,29.855999999999995,1084.925,60.0,1101.736,16.810999999999922,1454.774,100.86799999999994,1686.632,60.0,0.7888153978485752,0.7997578119296012,0.7961103405692592,0.21118460215142473,0.2002421880703988,1
Geophysical_model48,/home/lyara/areswave/models/Geophysical_model48.nd,nd,UNK,,,1047.698,60.0,900.0,190.58799999999997,1047.698,60.0,1146.164,32.82199999999989,1490.792,65.64300000000003,1672.131,60.0,0.651576445095938,0.8693065752125042,0.7967298651736489,0.34842355490406196,0.13069342478749582,1
MD_model43,/home/lyara/areswave/models/MD_model43.nd,nd,UNK,,,928.392,60.0,875.123,191.76799999999992,928.392,60.0,1269.313,63.923,1301.275,53.269000000000005,1616.08,60.0,0.7413139229231713,0.8247309696748935,0.7969252874243195,0.2586860770768286,0.1752690303251066,1
MD_model11,/home/lyara/areswave/models/MD_model11.nd,nd,UNK,,,987.786,60.0,735.63,10.505999999999972,987.786,60.0,1103.357,10.507000000000062,1429.058,84.05199999999991,1604.141,60.0,0.7763822175154109,0.8081056708559151,0.7975311864090804,0.22361778248458905,0.19189432914408483,1
Geophysical_model173,/home/lyara/areswave/models/Geophysical_model173.nd,nd,UNK,,,1063.521,60.0,900.0,197.91200000000003,1063.521,60.0,1145.281,32.70399999999995,1488.674,65.4079999999999,1669.999,60.0,0.698127240901921,0.8475631257113176,0.7977511641081855,0.30187275909807904,0.15243687428868238,1
Geophysical_model135,/home/lyara/areswave/models/Geophysical_model135.nd,nd,UNK,,,1048.611,60.0,900.0,193.514,1048.611,60.0,1147.685,33.02399999999989,1494.444,66.04899999999998,1675.804,60.0,0.7769526639523466,0.8088943684176931,0.798247133595911,0.2230473360476534,0.19110563158230687,1
Geophysical_model177,/home/lyara/areswave/models/Geophysical_model177.nd,nd,UNK,,,1031.636,60.0,900.0,188.04200000000003,1031.636,60.0,1130.363,32.90899999999988,1475.909,82.27300000000014,1673.71,60.0,0.6588114540963383,0.8717815462288122,0.8007915155179877,0.34118854590366166,0.12821845377118782,1
CD_model98,/home/lyara/areswave/models/CD_model98.nd,nd,UNK,,,,60.0,,60.0,,60.0,,60.0,,60.0,,60.0,0.8222259260329738,0.7906040938030745,0.8011447045463743,0.1777740739670262,0.20939590619692552,1
MD_model42,/home/lyara/areswave/models/MD_model42.nd,nd,UNK,,,951.682,60.0,896.388,187.99700000000007,951.682,60.0,1272.382,55.29299999999989,1338.734,99.52800000000002,1661.734,60.0,0.832914590167278,0.7863472996781761,0.8018697298412101,0.167085409832722,0.2136527003218239,1
AK_model_7,/home/lyara/areswave/models/AK_model_7.nd,nd,UNK,,,1075.329,60.0,845.445,25.541999999999916,1075.329,60.0,1279.671,51.085000000000036,1305.214,51.08600000000001,1667.556,60.0,0.6360762319385791,0.8855664553945941,0.8024030475759224,0.36392376806142085,0.11443354460540583,1
Geophysical_model471,/home/lyara/areswave/models/Geophysical_model471.nd,nd,UNK,,,1064.377,60.0,900.0,188.24,1064.377,60.0,1146.565,32.875,1491.756,65.75099999999998,1673.1,60.0,0.7285897805443122,0.839473180226384,0.8025120469990267,0.27141021945568783,0.1605268197736161,1
Geophysical_model433,/home/lyara/areswave/models/Geophysical_model433.nd,nd,UNK,,,1064.377,60.0,900.0,188.24,1064.377,60.0,1146.565,32.875,1491.756,65.75099999999998,1673.1,60.0,0.7285897805443122,0.839473180226384,0.8025120469990267,0.27141021945568783,0.1605268197736161,1
CD_model4,/home/lyara/areswave/models/CD_model4.nd,nd,UNK,,,,60.0,,60.0,,60.0,,60.0,,60.0,,60.0,0.8380440294584823,0.787501523487027,0.8043490254775122,0.16195597054151767,0.21249847651297302,1
Geophysical_model286,/home/lyara/areswave/models/Geophysical_model286.nd,nd,UNK,,,949.973,60.0,900.0,197.89099999999996,949.973,60.0,1116.548,16.656999999999925,1449.698,99.94499999999994,1681.061,60.0,0.7470307030793061,0.8336223617748484,0.804758475543001,0.2529692969206939,0.16637763822515161,1
Geophysical_model525,/home/lyara/areswave/models/Geophysical_model525.nd,nd,UNK,,,933.975,60.0,900.0,186.00699999999995,933.975,60.0,1120.837,33.975000000000136,1494.562,84.9369999999999,1693.011,60.0,0.8490362425237463,0.7857043147873194,0.8068149573661284,0.15096375747625362,0.2142956852126806,1
Geophysical_model496,/home/lyara/areswave/models/Geophysical_model496.nd,nd,UNK,,,1064.195,60.0,900.0,188.313,1064.195,60.0,1146.293,32.83899999999994,1474.684,65.67800000000011,1672.443,60.0,0.799191115560482,0.8108522226070569,0.8069651869248653,0.20080888443951803,0.18914777739294314,1
AK_model_85,/home/lyara/areswave/models/AK_model_85.nd,nd,UNK,,,1079.656,60.0,874.091,182.72400000000005,1079.656,60.0,1285.221,22.839999999999918,1376.584,91.36200000000008,1647.618,60.0,0.7680374741538081,0.82728707433042,0.8075372076048827,0.23196252584619192,0.17271292566957994,1
MD_model48,/home/lyara/areswave/models/MD_model48.nd,nd,UNK,,,929.177,60.0,788.375,191.08799999999997,929.177,60.0,1281.18,60.343000000000075,1301.295,60.0,1482.325,61.521999999999935,0.8402787734958931,0.7952354045516951,0.8102498608664277,0.15972122650410692,0.20476459544830494,1
AK_model_9,/home/lyara/areswave/models/AK_model_9.nd,nd,UNK,,,1080.348,60.0,882.922,24.677999999999997,1080.348,60.0,1277.774,49.355999999999995,1302.453,49.355999999999995,1657.767,60.0,0.7782599853281376,0.827067697361326,0.8107984600169299,0.2217400146718624,0.17293230263867396,1
MD_model86,/home/lyara/areswave/models/MD_model86.nd,nd,UNK,,,1096.037,60.0,822.973,196.606,1096.037,60.0,1128.805,10.923000000000002,1358.179,98.30299999999988,1635.11,60.0,0.7840735736897181,0.8244975704460453,0.8110229048606029,0.21592642631028192,0.17550242955395462,1
MD_model96,/home/lyara/areswave/models/MD_model96.nd,nd,UNK,,,901.131,60.0,890.515,180.45899999999995,901.131,60.0,1293.895,74.30700000000002,1315.126,31.846000000000004,1608.043,60.0,0.6347738265457387,0.89920004367498,0.8110579712985663,0.36522617345426134,0.10079995632502001,1
MD_model92,/home/lyara/areswave/models/MD_model92.nd,nd,UNK,,,957.353,60.0,715.782,186.66899999999998,957.353,60.0,1275.788,54.90300000000002,1308.73,43.922000000000025,1652.135,60.0,0.8769630264210931,0.778508204324361,0.8113264783566051,0.12303697357890689,0.2214917956756391,1
AK_model_23,/home/lyara/areswave/models/AK_model_23.nd,nd,UNK,,,1057.206,60.0,792.209,26.5,1057.206,60.0,1295.703,52.999000000000024,1322.203,26.5,1691.329,60.0,0.8230868594783098,0.8073520865618217,0.8125970108673176,0.17691314052169016,0.19264791343817833,1
Geophysical_model611,/home/lyara/areswave/models/Geophysical_model611.nd,nd,UNK,,,1084.148,60.0,900.0,22.19100000000003,1084.148,60.0,1100.889,16.741000000000213,1469.186,100.44499999999994,1684.076,60.0,0.8368104850966113,0.8007802797118704,0.8127903481734506,0.16318951490338876,0.19921972028812962,1
Geophysical_model675,/home/lyara/areswave/models/Geophysical_model675.nd,nd,UNK,,,1084.148,60.0,900.0,22.19100000000003,1084.148,60.0,1100.889,16.741000000000213,1469.186,100.44499999999994,1684.076,60.0,0.8368104850966113,0.8007802797118704,0.8127903481734506,0.16318951490338876,0.19921972028812962,1
Geophysical_model59,/home/lyara/areswave/models/Geophysical_model59.nd,nd,UNK,,,1063.404,60.0,900.0,196.39999999999998,1063.404,60.0,1145.107,32.68099999999981,1488.256,65.36200000000008,1669.579,60.0,0.7491081076012545,0.8457245892583414,0.8135190953726458,0.2508918923987456,0.15427541074165863,1
Geophysical_model110,/home/lyara/areswave/models/Geophysical_model110.nd,nd,UNK,,,1032.978,60.0,900.0,189.19899999999996,1032.978,60.0,1132.711,33.24400000000014,1498.399,83.11099999999988,1679.782,60.0,0.8018119573997823,0.8193740790037048,0.813520038469064,0.19818804260021775,0.18062592099629513,1
Geophysical_model848,/home/lyara/areswave/models/Geophysical_model848.nd,nd,UNK,,,950.021,60.0,900.0,180.06399999999996,950.021,60.0,1133.429,33.34699999999998,1483.573,66.69400000000019,1681.641,60.0,0.6563673321295271,0.8943605399583943,0.8150294706821052,0.3436326678704728,0.10563946004160578,1
Geophysical_model114,/home/lyara/areswave/models/Geophysical_model114.nd,nd,UNK,,,1098.133,60.0,900.0,196.06600000000003,1098.133,60.0,1147.666,33.02300000000014,1494.399,66.04399999999987,1675.759,60.0,0.7822299826606773,0.834251495002078,0.8169109908882778,0.21777001733932264,0.165748504997922,1
Geophysical_model865,/home/lyara/areswave/models/Geophysical_model865.nd,nd,UNK,,,933.943,60.0,900.0,185.74,933.943,60.0,1120.631,33.942999999999984,1494.007,84.85800000000017,1692.437,60.0,0.7213581847913909,0.8653481580931,0.8173515003258637,0.2786418152086091,0.13465184190690002,1
AK_model_21,/home/lyara/areswave/models/AK_model_21.nd,nd,UNK,,,1060.311,60.0,819.703,53.46900000000005,1060.311,60.0,1274.186,26.733999999999924,1327.655,53.468999999999824,1698.352,60.0,0.8790546052575424,0.7871824665272482,0.8178065127706796,0.12094539474245755,0.21281753347275179,1
MD_model29,/home/lyara/areswave/models/MD_model29.nd,nd,UNK,,,986.476,60.0,738.622,183.197,986.476,60.0,1298.987,32.32900000000018,1352.868,53.881000000000085,1637.567,60.0,0.8410543275186826,0.8068072996645631,0.8182229756159364,0.1589456724813174,0.1931927003354369,1
maak,/home/lyara/areswave/models/maak.npz,npz,UNK,,,1084.528,60.0,858.423,180.88400000000001,1084.528,60.0,1174.97,90.44200000000001,1401.074,67.83199999999988,1695.01,22.6099999999999,0.8495598901898416,0.8030060357094783,0.8185239872029326,0.15044010981015837,0.1969939642905217,1
Geophysical_model614,/home/lyara/areswave/models/Geophysical_model614.nd,nd,UNK,,,933.975,60.0,879.27,186.57299999999998,933.975,60.0,1120.837,33.975000000000136,1494.562,84.9369999999999,1693.011,60.0,0.8257127662535492,0.8159045501529285,0.8191739555198021,0.17428723374645086,0.18409544984707144,1
CD_model52,/home/lyara/areswave/models/CD_model52.nd,nd,UNK,,,,60.0,,60.0,,60.0,,60.0,,60.0,,60.0,0.7978175764440703,0.8305080271373644,0.8196112102395997,0.20218242355592975,0.16949197286263562,1
Geophysical_model660,/home/lyara/areswave/models/Geophysical_model660.nd,nd,UNK,,,1097.761,60.0,900.0,24.192999999999984,1097.761,60.0,1114.242,16.480000000000018,1443.844,115.3610000000001,1674.637,60.0,0.7921571349152227,0.833963727583015,0.8200281966937508,0.20784286508477734,0.166036272416985,1
CD_model35,/home/lyara/areswave/models/CD_model35.nd,nd,UNK,,,,60.0,,60.0,,60.0,,60.0,,60.0,,60.0,0.7865935811929632,0.8371594330905303,0.8203041491246745,0.21340641880703684,0.16284056690946971,1
MD_model9,/home/lyara/areswave/models/MD_model9.nd,nd,UNK,,,993.358,60.0,779.806,10.169000000000096,993.358,60.0,1156.065,193.21399999999994,1430.632,172.87599999999998,1501.816,60.0,0.7372331372458538,0.8628638360684766,0.8209869364609356,0.26276686275414624,0.1371361639315234,1
CD_model67,/home/lyara/areswave/models/CD_model67.nd,nd,UNK,,,,60.0,,60.0,,60.0,,60.0,,60.0,,60.0,0.8383808807893202,0.8123856253528848,0.8210507104983633,0.16161911921067984,0.18761437464711517,1
Geophysical_model662,/home/lyara/areswave/models/Geophysical_model662.nd,nd,UNK,,,1099.905,60.0,900.0,21.075000000000045,1099.905,60.0,1116.564,16.6579999999999,1466.397,99.95299999999997,1681.106,60.0,0.759993017749062,0.8568053806036419,0.8245345929854486,0.24000698225093797,0.14319461939635816,1
Geophysical_model547,/home/lyara/areswave/models/Geophysical_model547.nd,nd,UNK,,,1099.905,60.0,900.0,21.075000000000045,1099.905,60.0,1116.564,16.6579999999999,1466.397,99.95299999999997,1681.106,60.0,0.759993017749062,0.8568053806036419,0.8245345929854486,0.24000698225093797,0.14319461939635816,1
Geophysical_model724,/home/lyara/areswave/models/Geophysical_model724.nd,nd,UNK,,,1099.905,60.0,900.0,21.075000000000045,1099.905,60.0,1116.564,16.6579999999999,1466.397,99.95299999999997,1681.106,60.0,0.759993017749062,0.8568053806036419,0.8245345929854486,0.24000698225093797,0.14319461939635816,1
Geophysical_model951,/home/lyara/areswave/models/Geophysical_model951.nd,nd,UNK,,,933.943,60.0,900.0,186.07399999999996,933.943,60.0,1120.631,33.942999999999984,1477.036,84.85800000000017,1692.437,60.0,0.7165138816184526,0.8800312742470889,0.8255254767042102,0.2834861183815473,0.11996872575291109,1
Geophysical_model567,/home/lyara/areswave/models/Geophysical_model567.nd,nd,UNK,,,933.943,60.0,900.0,186.05499999999995,933.943,60.0,1120.631,33.942999999999984,1477.036,84.85800000000017,1692.437,60.0,0.7165138816184526,0.8800312742470889,0.8255254767042102,0.2834861183815473,0.11996872575291109,1
Geophysical_model869,/home/lyara/areswave/models/Geophysical_model869.nd,nd,UNK,,,933.943,60.0,900.0,186.05499999999995,933.943,60.0,1120.631,33.942999999999984,1477.036,84.85800000000017,1692.437,60.0,0.7165138816184526,0.8800312742470889,0.8255254767042102,0.2834861183815473,0.11996872575291109,1
MD_model65,/home/lyara/areswave/models/MD_model65.nd,nd,UNK,,,1057.396,60.0,710.116,184.49199999999996,1057.396,60.0,1285.298,21.705000000000155,1361.266,75.96800000000007,1636.741,60.0,0.8192668461993119,0.8374003833596819,0.8313558709728919,0.18073315380068808,0.16259961664031813,1
AK_model_25,/home/lyara/areswave/models/AK_model_25.nd,nd,UNK,,,1038.21,60.0,798.179,26.670000000000073,1038.21,60.0,1278.24,26.670000000000073,1331.58,53.33999999999992,1701.46,60.0,0.7874310735841219,0.8588096102493805,0.8350167646942944,0.21256892641587807,0.14119038975061954,1
CD_model85,/home/lyara/areswave/models/CD_model85.nd,nd,UNK,,,,60.0,,60.0,,60.0,,60.0,,60.0,,60.0,0.8185920284122242,0.8447375939523489,0.8360224054389741,0.1814079715877758,0.15526240604765104,1
MD_model51,/home/lyara/areswave/models/MD_model51.nd,nd,UNK,,,983.045,60.0,717.402,191.26300000000003,983.045,60.0,1291.191,31.87799999999993,1354.945,74.37999999999988,1605.669,60.0,0.7346158605609292,0.8885253479507813,0.8372221854874974,0.2653841394390708,0.1114746520492187,1
MD_model4,/home/lyara/areswave/models/MD_model4.nd,nd,UNK,,,994.529,60.0,768.899,10.255999999999972,994.529,60.0,1117.601,164.09400000000005,1394.511,194.86299999999983,1507.326,60.71499999999992,0.8004599114585853,0.8640784128053296,0.8428722456897481,0.19954008854141472,0.13592158719467035,1
CD_model92,/home/lyara/areswave/models/CD_model92.nd,nd,UNK,,,,60.0,,60.0,,60.0,,60.0,,60.0,,60.0,0.9121312629515486,0.8117462347506474,0.8452079108176145,0.08786873704845147,0.1882537652493526,1
AK_model_60,/home/lyara/areswave/models/AK_model_60.nd,nd,UNK,,,997.761,60.0,820.36,25.34299999999996,997.761,60.0,1175.162,101.37199999999984,1352.562,25.343000000000075,1686.32,60.0,0.7433669892959163,0.9075646833481456,0.852832118664069,0.2566330107040838,0.09243531665185441,1
Geophysical_model720,/home/lyara/areswave/models/Geophysical_model720.nd,nd,UNK,,,933.975,60.0,879.241,186.83299999999997,933.975,60.0,1120.837,33.975000000000136,1494.562,84.9369999999999,1693.011,60.0,0.8036539796118021,0.8775756974847251,0.8529351248604174,0.19634602038819796,0.12242430251527486,1
