model_id,source_path,source_format,composition,tpot_K,adiabat_K_km,d_main_km,w_main_km,d_800_km,w_800_km,d_1000_km,w_1000_km,d_1200_km,w_1200_km,d_1400_km,w_1400_km,d_1600_km,w_1600_km,mean_p_misfit,mean_s_misfit,total_misfit,mean_p_cc,mean_s_cc,used_events
CD_model48,/home/lyara/areswave/models/CD_model48.nd,nd,UNK,,,,60,,60,,60,,60,,60,,60,0.190016035,0.4138281,0.339224078,0.809983965,0.5861719,1
CD_model49,/home/lyara/areswave/models/CD_model49.nd,nd,UNK,,,,60,,60,,60,,60,,60,,60,0.190016035,0.4138281,0.339224078,0.809983965,0.5861719,1
CD_model78,/home/lyara/areswave/models/CD_model78.nd,nd,UNK,,,,60,,60,,60,,60,,60,,60,0.24359217,0.424021494,0.363878386,0.75640783,0.575978506,1
CD_model80,/home/lyara/areswave/models/CD_model80.nd,nd,UNK,,,,60,,60,,60,,60,,60,,60,0.296236806,0.463785602,0.407936003,0.703763194,0.536214398,1
CD_model100,/home/lyara/areswave/models/CD_model100.nd,nd,UNK,,,,60,,60,,60,,60,,60,,60,0.407205126,0.408579962,0.408121684,0.592794874,0.591420038,1
MD_model34,/home/lyara/areswave/models/MD_model34.nd,nd,UNK,,,1024.891,60,743.373,194.898,1024.891,60,1295.582,21.655,1371.376,75.793,1635.565,60,0.433122858,0.425225382,0.427857874,0.566877142,0.574774618,1
CD_model76,/home/lyara/areswave/models/CD_model76.nd,nd,UNK,,,,60,,60,,60,,60,,60,,60,0.271294046,0.513953965,0.433067325,0.728705954,0.486046035,1
CD_model43,/home/lyara/areswave/models/CD_model43.nd,nd,UNK,,,,60,,60,,60,,60,,60,,60,0.547869238,0.39646943,0.446936032,0.452130762,0.60353057,1
CD_model30,/home/lyara/areswave/models/CD_model30.nd,nd,UNK,,,,60,,60,,60,,60,,60,,60,0.547869238,0.39646943,0.446936032,0.452130762,0.60353057,1
CD_model85,/home/lyara/areswave/models/CD_model85.nd,nd,UNK,,,,60,,60,,60,,60,,60,,60,0.296119668,0.525762823,0.449215105,0.703880332,0.474237177,1
CD_model14,/home/lyara/areswave/models/CD_model14.nd,nd,UNK,,,,60,,60,,60,,60,,60,,60,0.355033655,0.498554007,0.45071389,0.644966345,0.501445993,1
CD_model70,/home/lyara/areswave/models/CD_model70.nd,nd,UNK,,,,60,,60,,60,,60,,60,,60,0.399205351,0.488522402,0.458750052,0.600794649,0.511477598,1
Gudkova,/home/lyara/areswave/models/Gudkova.nd,nd,UNK,,,819.32,60,819.32,307.727,819.32,60,1174.566,16.704,1443.681,39.918,1567.533,90.135,0.529086881,0.426844496,0.460925291,0.470913119,0.573155504,1
CD_model10,/home/lyara/areswave/models/CD_model10.nd,nd,UNK,,,,60,,60,,60,,60,,60,,60,0.342964733,0.520840121,0.461548325,0.657035267,0.479159879,1
CD_model38,/home/lyara/areswave/models/CD_model38.nd,nd,UNK,,,,60,,60,,60,,60,,60,,60,0.266925395,0.582515392,0.477318726,0.733074605,0.417484608,1
MD_model21,/home/lyara/areswave/models/MD_model21.nd,nd,UNK,,,1008.575,60,761.465,182.646,1008.575,60,1298.66,21.488,1373.867,75.207,1615.642,60,0.315047981,0.563208059,0.480488033,0.684952019,0.436791941,1
CD_model29,/home/lyara/areswave/models/CD_model29.nd,nd,UNK,,,,60,,60,,60,,60,,60,,60,0.265434954,0.593937441,0.484436612,0.734565046,0.406062559,1
CD_model92,/home/lyara/areswave/models/CD_model92.nd,nd,UNK,,,,60,,60,,60,,60,,60,,60,0.373189917,0.542251723,0.485897788,0.626810083,0.457748277,1
CD_model19,/home/lyara/areswave/models/CD_model19.nd,nd,UNK,,,,60,,60,,60,,60,,60,,60,0.344892567,0.561444597,0.489260587,0.655107433,0.438555403,1
Geophysical_model44,/home/lyara/areswave/models/Geophysical_model44.nd,nd,UNK,,,983.376,60,857.898,189.46,983.376,60,1116.777,33.35,1466.955,100.051,1681.7,60,0.503870276,0.482826372,0.489841007,0.496129724,0.517173628,1
MD_model8,/home/lyara/areswave/models/MD_model8.nd,nd,UNK,,,1001.915,60,793.775,10.407,1001.915,60,1241.276,145.698,1449.416,187.326,1592.569,60,0.6127186,0.42934778,0.490471387,0.3872814,0.57065222,1
CD_model61,/home/lyara/areswave/models/CD_model61.nd,nd,UNK,,,,60,,60,,60,,60,,60,,60,0.36883601,0.551775379,0.490795589,0.63116399,0.448224621,1
Geophysical_model137,/home/lyara/areswave/models/Geophysical_model137.nd,nd,UNK,,,966.251,60,900,186.972,966.251,60,1115.315,16.563,1463.132,99.376,1677.628,60,0.49086457,0.498750458,0.496121829,0.50913543,0.501249542,1
CD_model81,/home/lyara/areswave/models/CD_model81.nd,nd,UNK,,,,60,,60,,60,,60,,60,,60,0.262831126,0.614039077,0.49696976,0.737168874,0.385960923,1
CD_model72,/home/lyara/areswave/models/CD_model72.nd,nd,UNK,,,,60,,60,,60,,60,,60,,60,0.306918394,0.604349724,0.505205947,0.693081606,0.395650276,1
AK_model_16,/home/lyara/areswave/models/AK_model_16.nd,nd,UNK,,,1032.613,60,811.315,24.589,1032.613,60,1278.5,73.766,1303.088,24.589,1680.441,60,0.667720883,0.424994802,0.505903496,0.332279117,0.575005198,1
MD_model35,/home/lyara/areswave/models/MD_model35.nd,nd,UNK,,,1018.784,60,751.464,181.778,1018.784,60,1286.105,21.385,1360.954,74.85,1612.653,60,0.67737699,0.426323887,0.510008254,0.32262301,0.573676113,1
MD_model65,/home/lyara/areswave/models/MD_model65.nd,nd,UNK,,,1057.396,60,710.116,184.492,1057.396,60,1285.298,21.705,1361.266,75.968,1636.741,60,0.307533372,0.612558335,0.510883348,0.692466628,0.387441665,1
Geophysical_model101,/home/lyara/areswave/models/Geophysical_model101.nd,nd,UNK,,,967.437,60,900,186.661,967.437,60,1119.169,33.718,1456.352,101.155,1688.364,60,0.579010145,0.482564155,0.514712819,0.420989855,0.517435845,1
Geophysical_model122,/home/lyara/areswave/models/Geophysical_model122.nd,nd,UNK,,,967.437,60,900,186.661,967.437,60,1119.169,33.718,1456.352,101.155,1688.364,60,0.579010145,0.482564155,0.514712819,0.420989855,0.517435845,1
AK_model_76,/home/lyara/areswave/models/AK_model_76.nd,nd,UNK,,,1050.178,60,796.314,25.386,1050.178,60,1278.655,50.773,1304.041,50.773,1688.733,60,0.532680274,0.508670918,0.516674036,0.467319726,0.491329082,1
Geophysical_model315,/home/lyara/areswave/models/Geophysical_model315.nd,nd,UNK,,,1001.068,60,900,187.658,1001.068,60,1135.824,33.689,1489.56,101.067,1687.836,60,0.708413688,0.421155863,0.516908471,0.291586312,0.578844137,1
Geophysical_model47,/home/lyara/areswave/models/Geophysical_model47.nd,nd,UNK,,,1017.887,60,900,183.974,1017.887,60,1135.775,33.682,1472.595,84.206,1687.708,60,0.632781989,0.459384704,0.517183799,0.367218011,0.540615296,1
Geophysical_model740,/home/lyara/areswave/models/Geophysical_model740.nd,nd,UNK,,,1098.51,60,900,23.918,1098.51,60,1115.052,16.543,1462.444,99.255,1676.896,60,0.645150055,0.453335614,0.517273761,0.354849945,0.546664386,1
Geophysical_model316,/home/lyara/areswave/models/Geophysical_model316.nd,nd,UNK,,,1001.288,60,861.085,194.573,1001.288,60,1119.457,33.763,1490.847,101.288,1689.167,60,0.560177484,0.495963477,0.517368146,0.439822516,0.504036523,1
AK_model_91,/home/lyara/areswave/models/AK_model_91.nd,nd,UNK,,,1074.988,60,775.432,27.233,1074.988,60,1292.847,54.464,1320.08,54.464,1720.767,60,0.647959107,0.452343904,0.517548972,0.352040893,0.547656096,1
Geophysical_model652,/home/lyara/areswave/models/Geophysical_model652.nd,nd,UNK,,,900,60,900,180.042,900,60,1101.507,33.585,1470.937,100.753,1685.941,60,0.607145306,0.472891703,0.517642904,0.392854694,0.527108297,1
CD_model91,/home/lyara/areswave/models/CD_model91.nd,nd,UNK,,,,60,,60,,60,,60,,60,,60,0.272200575,0.642041495,0.518761189,0.727799425,0.357958505,1
Geophysical_model328,/home/lyara/areswave/models/Geophysical_model328.nd,nd,UNK,,,1001.288,60,861.171,194.143,1001.288,60,1119.457,33.763,1490.847,101.288,1689.167,60,0.586125182,0.485182401,0.518829995,0.413874818,0.514817599,1
Geophysical_model336,/home/lyara/areswave/models/Geophysical_model336.nd,nd,UNK,,,1001.288,60,861.171,194.143,1001.288,60,1119.457,33.763,1490.847,101.288,1689.167,60,0.586125182,0.485182401,0.518829995,0.413874818,0.514817599,1
CD_model86,/home/lyara/areswave/models/CD_model86.nd,nd,UNK,,,,60,,60,,60,,60,,60,,60,0.368932732,0.595266324,0.519821793,0.631067268,0.404733676,1
CD_model90,/home/lyara/areswave/models/CD_model90.nd,nd,UNK,,,,60,,60,,60,,60,,60,,60,0.368932732,0.595266324,0.519821793,0.631067268,0.404733676,1
MD_model67,/home/lyara/areswave/models/MD_model67.nd,nd,UNK,,,988.648,60,733.806,10.618,988.648,60,1105.451,10.618,1424.004,31.855,1620.994,60,0.691244458,0.434291238,0.519942311,0.308755542,0.565708762,1
Geophysical_model790,/home/lyara/areswave/models/Geophysical_model790.nd,nd,UNK,,,900,60,900,197.837,900,60,1104.416,17.035,1479.179,102.208,1694.72,60,0.654219819,0.453964753,0.520716442,0.345780181,0.546035247,1
Geophysical_model651,/home/lyara/areswave/models/Geophysical_model651.nd,nd,UNK,,,900,60,900,22.409,900,60,1101.621,16.802,1488.061,100.811,1686.284,60,0.663063506,0.449860477,0.520928154,0.336936494,0.550139523,1
CD_model94,/home/lyara/areswave/models/CD_model94.nd,nd,UNK,,,,60,,60,,60,,60,,60,,60,0.256368256,0.653237606,0.520947823,0.743631744,0.346762394,1
MD_model41,/home/lyara/areswave/models/MD_model41.nd,nd,UNK,,,935.041,60,741.286,182.99,935.041,60,1268.729,64.585,1301.021,53.821,1628.814,60,0.483764116,0.540311675,0.521462488,0.516235884,0.459688325,1
CD_model40,/home/lyara/areswave/models/CD_model40.nd,nd,UNK,,,,60,,60,,60,,60,,60,,60,0.292621717,0.635955005,0.521510576,0.707378283,0.364044995,1
CD_model7,/home/lyara/areswave/models/CD_model7.nd,nd,UNK,,,,60,,60,,60,,60,,60,,60,0.410694769,0.581307494,0.524436586,0.589305231,0.418692506,1
CD_model32,/home/lyara/areswave/models/CD_model32.nd,nd,UNK,,,,60,,60,,60,,60,,60,,60,0.46818994,0.560039301,0.529422847,0.53181006,0.439960699,1
AK_model_92,/home/lyara/areswave/models/AK_model_92.nd,nd,UNK,,,1080.172,60,777.645,27.502,1080.172,60,1272.689,27.502,1327.694,55.005,1730.346,60,0.640025456,0.477306947,0.53154645,0.359974544,0.522693053,1
MD_model88,/home/lyara/areswave/models/MD_model88.nd,nd,UNK,,,971.749,60,755.911,194.255,971.749,60,1273.923,21.584,1338.675,53.96,1624.15,60,0.828198742,0.386256112,0.533570322,0.171801258,0.613743888,1
Geophysical_model547,/home/lyara/areswave/models/Geophysical_model547.nd,nd,UNK,,,1099.905,60,900,21.075,1099.905,60,1116.564,16.658,1466.397,99.953,1681.106,60,0.652079565,0.47495312,0.533995268,0.347920435,0.52504688,1
Geophysical_model662,/home/lyara/areswave/models/Geophysical_model662.nd,nd,UNK,,,1099.905,60,900,21.075,1099.905,60,1116.564,16.658,1466.397,99.953,1681.106,60,0.652079565,0.47495312,0.533995268,0.347920435,0.52504688,1
Geophysical_model724,/home/lyara/areswave/models/Geophysical_model724.nd,nd,UNK,,,1099.905,60,900,21.075,1099.905,60,1116.564,16.658,1466.397,99.953,1681.106,60,0.652079565,0.47495312,0.533995268,0.347920435,0.52504688,1
Geophysical_model65,/home/lyara/areswave/models/Geophysical_model65.nd,nd,UNK,,,965.752,60,900,181.314,965.752,60,1113.693,16.437,1442.45,115.065,1673.108,60,0.523134095,0.540071409,0.534425638,0.476865905,0.459928591,1
Geophysical_model613,/home/lyara/areswave/models/Geophysical_model613.nd,nd,UNK,,,1099.905,60,900,21.057,1099.905,60,1116.564,16.658,1466.397,99.953,1681.106,60,0.681171369,0.461456783,0.534694978,0.318828631,0.538543217,1
CD_model25,/home/lyara/areswave/models/CD_model25.nd,nd,UNK,,,,60,,60,,60,,60,,60,,60,0.292574847,0.6561821,0.534979682,0.707425153,0.3438179,1
MD_model39,/home/lyara/areswave/models/MD_model39.nd,nd,UNK,,,991.477,60,715.811,190.846,991.477,60,1298.951,31.808,1362.566,63.615,1602.381,60,0.56387295,0.520541098,0.534985049,0.43612705,0.479458902,1
CD_model83,/home/lyara/areswave/models/CD_model83.nd,nd,UNK,,,,60,,60,,60,,60,,60,,60,0.191534974,0.710562603,0.537553393,0.808465026,0.289437397,1
Geophysical_model847,/home/lyara/areswave/models/Geophysical_model847.nd,nd,UNK,,,916.687,60,876.852,185.181,916.687,60,1116.931,33.374,1484.044,83.435,1682.128,60,0.752868878,0.43030016,0.537823066,0.247131122,0.56969984,1
MD_model54,/home/lyara/areswave/models/MD_model54.nd,nd,UNK,,,954.555,60,795.413,148.532,954.555,60,1294.057,60,1336.495,53.047,1618.333,60,0.774781845,0.420273131,0.538442703,0.225218155,0.579726869,1
CD_model51,/home/lyara/areswave/models/CD_model51.nd,nd,UNK,,,,60,,60,,60,,60,,60,,60,0.365872732,0.626533344,0.539646474,0.634127268,0.373466656,1
CD_model3,/home/lyara/areswave/models/CD_model3.nd,nd,UNK,,,,60,,60,,60,,60,,60,,60,0.292856551,0.664227088,0.540436909,0.707143449,0.335772912,1
Geophysical_model213,/home/lyara/areswave/models/Geophysical_model213.nd,nd,UNK,,,949.973,60,900,193.776,949.973,60,1116.548,16.657,1449.698,99.945,1681.061,60,0.732306693,0.445922719,0.541384044,0.267693307,0.554077281,1
Geophysical_model113,/home/lyara/areswave/models/Geophysical_model113.nd,nd,UNK,,,949.973,60,900,193.776,949.973,60,1116.548,16.657,1449.698,99.945,1681.061,60,0.732306693,0.445922719,0.541384044,0.267693307,0.554077281,1
Geophysical_model408,/home/lyara/areswave/models/Geophysical_model408.nd,nd,UNK,,,949.973,60,900,193.776,949.973,60,1116.548,16.657,1449.698,99.945,1681.061,60,0.732306693,0.445922719,0.541384044,0.267693307,0.554077281,1
Geophysical_model366,/home/lyara/areswave/models/Geophysical_model366.nd,nd,UNK,,,949.973,60,900,193.913,949.973,60,1116.548,16.657,1449.698,99.945,1681.061,60,0.539925667,0.543569711,0.54235503,0.460074333,0.456430289,1
cd_model50,/home/lyara/areswave/models/cd_model50.npz,npz,UNK,,,,60,,60,,60,,60,,60,,60,0.324944511,0.651679199,0.542767637,0.675055489,0.348320801,1
MD_model85,/home/lyara/areswave/models/MD_model85.nd,nd,UNK,,,997.953,60,716.651,183.928,997.953,60,1290.073,32.458,1333.35,86.554,1630.024,60,0.453103598,0.588563402,0.543410134,0.546896402,0.411436598,1
CD_model27,/home/lyara/areswave/models/CD_model27.nd,nd,UNK,,,,60,,60,,60,,60,,60,,60,0.238440796,0.696608266,0.543885776,0.761559204,0.303391734,1
AK_model_14,/home/lyara/areswave/models/AK_model_14.nd,nd,UNK,,,1026.729,60,807.065,24.407,1026.729,60,1270.801,97.629,1319.615,24.407,1671.438,60,0.662638622,0.484986315,0.54420375,0.337361378,0.515013685,1
AK_model_31,/home/lyara/areswave/models/AK_model_31.nd,nd,UNK,,,1063.166,60,823.564,26.623,1063.166,60,1276.145,26.623,1329.39,53.245,1699.028,60,0.714227713,0.460774194,0.5452587,0.285772287,0.539225806,1
CD_model4,/home/lyara/areswave/models/CD_model4.nd,nd,UNK,,,,60,,60,,60,,60,,60,,60,0.418312272,0.608861468,0.545345069,0.581687728,0.391138532,1
MD_model87,/home/lyara/areswave/models/MD_model87.nd,nd,UNK,,,1045.49,60,805.604,185.367,1045.49,60,1296.28,185.367,1361.703,87.231,1638.16,60,0.670952562,0.482614232,0.545393675,0.329047438,0.517385768,1
maak,/home/lyara/areswave/models/maak.npz,npz,UNK,,,1084.528,60,858.423,180.884,1084.528,60,1174.97,90.442,1401.074,67.832,1695.01,22.61,0.67281815,0.483575272,0.546656232,0.32718185,0.516424728,1
CD_model57,/home/lyara/areswave/models/CD_model57.nd,nd,UNK,,,,60,,60,,60,,60,,60,,60,0.483529457,0.578652541,0.546944846,0.516470543,0.421347459,1
Geophysical_model956,/home/lyara/areswave/models/Geophysical_model956.nd,nd,UNK,,,966.616,60,900,179.216,966.616,60,1133.157,33.308,1499.547,83.27,1680.937,60,0.743935502,0.4486544,0.547081434,0.256064498,0.5513456,1
Geophysical_model237,/home/lyara/areswave/models/Geophysical_model237.nd,nd,UNK,,,949.523,60,900,190.596,949.523,60,1114.598,16.507,1461.256,99.045,1675.63,60,0.597556975,0.523038448,0.547877957,0.402443025,0.476961552,1
Geophysical_model6,/home/lyara/areswave/models/Geophysical_model6.nd,nd,UNK,,,966.445,60,900,181.381,966.445,60,1115.945,16.611,1464.778,99.667,1679.382,60,0.538638582,0.555091509,0.5496072,0.461361418,0.444908491,1
CD_model75,/home/lyara/areswave/models/CD_model75.nd,nd,UNK,,,,60,,60,,60,,60,,60,,60,0.344588243,0.652230105,0.549682817,0.655411757,0.347769895,1
Geophysical_model353,/home/lyara/areswave/models/Geophysical_model353.nd,nd,UNK,,,967.499,60,900,184.858,967.499,60,1119.373,33.75,1456.871,101.249,1688.933,60,0.549218781,0.551377572,0.550657975,0.450781219,0.448622428,1
Geophysical_model492,/home/lyara/areswave/models/Geophysical_model492.nd,nd,UNK,,,967.499,60,900,184.858,967.499,60,1119.373,33.75,1456.871,101.249,1688.933,60,0.549218781,0.551377572,0.550657975,0.450781219,0.448622428,1
Geophysical_model252,/home/lyara/areswave/models/Geophysical_model252.nd,nd,UNK,,,950.33,60,900,194.291,950.33,60,1118.099,33.553,1453.635,117.438,1685.382,60,0.61481088,0.520474934,0.55192025,0.38518912,0.479525066,1
CD_model99,/home/lyara/areswave/models/CD_model99.nd,nd,UNK,,,,60,,60,,60,,60,,60,,60,0.175565912,0.740750481,0.552355625,0.824434088,0.259249519,1
Geophysical_model447,/home/lyara/areswave/models/Geophysical_model447.nd,nd,UNK,,,1099.994,60,900,180.502,1099.994,60,1116.66,16.666,1449.983,99.997,1681.374,60,0.765756687,0.44630332,0.552787776,0.234243313,0.55369668,1
Geophysical_model127,/home/lyara/areswave/models/Geophysical_model127.nd,nd,UNK,,,916.861,60,900,181.87,916.861,60,1102.329,16.86,1439.543,101.164,1688.421,60,0.822717346,0.418320061,0.553119156,0.177282654,0.581679939,1
Geophysical_model218,/home/lyara/areswave/models/Geophysical_model218.nd,nd,UNK,,,966.445,60,900,179.847,966.445,60,1115.945,16.611,1464.778,99.667,1679.382,60,0.605409671,0.528118158,0.553881996,0.394590329,0.471881842,1
CD_model52,/home/lyara/areswave/models/CD_model52.nd,nd,UNK,,,,60,,60,,60,,60,,60,,60,0.327032165,0.667972737,0.55432588,0.672967835,0.332027263,1
AK_model_30,/home/lyara/areswave/models/AK_model_30.nd,nd,UNK,,,1083.305,60,820.426,26.288,1083.305,60,1293.608,52.576,1319.896,52.576,1687.417,60,0.562433721,0.551955907,0.555448511,0.437566279,0.448044093,1
Geophysical_model798,/home/lyara/areswave/models/Geophysical_model798.nd,nd,UNK,,,916.723,60,877.548,179.614,916.723,60,1117.396,33.446,1485.297,83.614,1683.425,60,0.766714974,0.450580273,0.555958506,0.233285026,0.549419727,1
Geophysical_model489,/home/lyara/areswave/models/Geophysical_model489.nd,nd,UNK,,,967.872,60,900,180.377,967.872,60,1120.585,33.937,1459.948,101.809,1692.31,60,0.648145669,0.510801315,0.556582767,0.351854331,0.489198685,1
Geophysical_model549,/home/lyara/areswave/models/Geophysical_model549.nd,nd,UNK,,,1098.51,60,900,24.053,1098.51,60,1115.052,16.543,1445.902,115.797,1676.896,60,0.713306883,0.478346156,0.556666398,0.286693117,0.521653844,1
Geophysical_model748,/home/lyara/areswave/models/Geophysical_model748.nd,nd,UNK,,,1099.489,60,900,21.061,1099.489,60,1116.113,16.624,1465.218,99.745,1679.849,60,0.734766777,0.46833135,0.557143159,0.265233223,0.53166865,1
Geophysical_model819,/home/lyara/areswave/models/Geophysical_model819.nd,nd,UNK,,,1085.015,60,900,29.637,1085.015,60,1101.834,16.82,1455.044,117.737,1686.928,60,0.775370467,0.448911103,0.557730891,0.224629533,0.551088897,1
Geophysical_model565,/home/lyara/areswave/models/Geophysical_model565.nd,nd,UNK,,,949.898,60,900,182.376,949.898,60,1132.856,33.265,1498.773,83.163,1680.159,60,0.761678299,0.456072219,0.557940912,0.238321701,0.543927781,1
Geophysical_model968,/home/lyara/areswave/models/Geophysical_model968.nd,nd,UNK,,,949.898,60,900,182.376,949.898,60,1132.856,33.265,1498.773,83.163,1680.159,60,0.761678299,0.456072219,0.557940912,0.238321701,0.543927781,1
Geophysical_model290,/home/lyara/areswave/models/Geophysical_model290.nd,nd,UNK,,,1001.133,60,861.561,192.197,1001.133,60,1119.121,33.711,1473.087,101.133,1688.231,60,0.774643742,0.449963501,0.558190248,0.225356258,0.550036499,1
Geophysical_model191,/home/lyara/areswave/models/Geophysical_model191.nd,nd,UNK,,,966.625,60,900,195.344,966.625,60,1116.53,16.656,1466.308,99.936,1681.011,60,0.612109271,0.532735792,0.559193619,0.387890729,0.467264208,1
CD_model55,/home/lyara/areswave/models/CD_model55.nd,nd,UNK,,,,60,,60,,60,,60,,60,,60,0.393194325,0.642291889,0.559259368,0.606805675,0.357708111,1
Geophysical_model657,/home/lyara/areswave/models/Geophysical_model657.nd,nd,UNK,,,916.728,60,900,191.854,916.728,60,1117.467,33.456,1485.488,83.641,1683.622,60,0.800708786,0.439095908,0.559633534,0.199291214,0.560904092,1
CD_model47,/home/lyara/areswave/models/CD_model47.nd,nd,UNK,,,,60,,60,,60,,60,,60,,60,0.53455573,0.572231871,0.559673157,0.46544427,0.427768129,1
CD_model8,/home/lyara/areswave/models/CD_model8.nd,nd,UNK,,,,60,,60,,60,,60,,60,,60,0.373487605,0.657220802,0.562643069,0.626512395,0.342779198,1
Geophysical_model914,/home/lyara/areswave/models/Geophysical_model914.nd,nd,UNK,,,916.754,60,875.916,192.673,916.754,60,1117.798,33.507,1486.378,83.768,1684.543,60,0.772894911,0.457728193,0.562783766,0.227105089,0.542271807,1
Geophysical_model551,/home/lyara/areswave/models/Geophysical_model551.nd,nd,UNK,,,916.754,60,875.916,192.673,916.754,60,1117.798,33.507,1486.378,83.768,1684.543,60,0.772894911,0.457728193,0.562783766,0.227105089,0.542271807,1
Geophysical_model7,/home/lyara/areswave/models/Geophysical_model7.nd,nd,UNK,,,1063.404,60,900,197.098,1063.404,60,1145.107,32.681,1488.256,65.362,1669.579,60,0.713854643,0.488175322,0.563401763,0.286145357,0.511824678,1
CD_model93,/home/lyara/areswave/models/CD_model93.nd,nd,UNK,,,,60,,60,,60,,60,,60,,60,0.584401465,0.553469517,0.563780166,0.415598535,0.446530483,1
CD_model44,/home/lyara/areswave/models/CD_model44.nd,nd,UNK,,,,60,,60,,60,,60,,60,,60,0.290080548,0.702657687,0.565131974,0.709919452,0.297342313,1
AK_model_58,/home/lyara/areswave/models/AK_model_58.nd,nd,UNK,,,1013.144,60,839.363,24.826,1013.144,60,1162.1,124.13,1385.533,49.652,1666.989,60,0.698161066,0.49888349,0.565309349,0.301838934,0.50111651,1
Geophysical_model921,/home/lyara/areswave/models/Geophysical_model921.nd,nd,UNK,,,916.674,60,877.608,179.137,916.674,60,1116.766,33.348,1483.6,83.371,1681.669,60,0.804246471,0.446281376,0.565603074,0.195753529,0.553718624,1
Geophysical_model221,/home/lyara/areswave/models/Geophysical_model221.nd,nd,UNK,,,1063.523,60,900,189.414,1063.523,60,1145.284,16.352,1488.683,65.409,1670.008,60,0.76768468,0.465430002,0.566181561,0.23231532,0.534569998,1
MD_model22,/home/lyara/areswave/models/MD_model22.nd,nd,UNK,,,1019.062,60,898.164,197.833,1019.062,60,1293.831,21.982,1304.822,76.935,1648.61,60,0.410761632,0.644562689,0.566629003,0.589238368,0.355437311,1
Geophysical_model785,/home/lyara/areswave/models/Geophysical_model785.nd,nd,UNK,,,900,60,900,29.769,900,60,1101.736,16.811,1471.585,100.868,1686.632,60,0.698716513,0.501148176,0.567004288,0.301283487,0.498851824,1
Geophysical_model623,/home/lyara/areswave/models/Geophysical_model623.nd,nd,UNK,,,900,60,900,179.492,900,60,1101.753,33.625,1488.445,100.876,1686.682,60,0.764313662,0.469966379,0.56808214,0.235686338,0.530033621,1
Geophysical_model269,/home/lyara/areswave/models/Geophysical_model269.nd,nd,UNK,,,950.621,60,900,192.721,950.621,60,1119.357,33.747,1456.828,118.116,1688.886,60,0.579525764,0.562833121,0.568397336,0.420474236,0.437166879,1
Geophysical_model964,/home/lyara/areswave/models/Geophysical_model964.nd,nd,UNK,,,933.422,60,900,183.587,933.422,60,1117.244,33.423,1484.889,83.556,1683.002,60,0.690546386,0.507609086,0.568588186,0.309453614,0.492390914,1
Geophysical_model628,/home/lyara/areswave/models/Geophysical_model628.nd,nd,UNK,,,933.422,60,900,183.587,933.422,60,1117.244,33.423,1484.889,83.556,1683.002,60,0.690546386,0.507609086,0.568588186,0.309453614,0.492390914,1
Geophysical_model733,/home/lyara/areswave/models/Geophysical_model733.nd,nd,UNK,,,933.815,60,879.484,184.644,933.815,60,1119.798,33.815,1474.857,84.537,1690.116,60,0.700599219,0.503576674,0.569250856,0.299400781,0.496423326,1
AK_model_54,/home/lyara/areswave/models/AK_model_54.nd,nd,UNK,,,1017.898,60,837.887,25.716,1017.898,60,1172.194,102.864,1377.921,25.715,1664.88,60,0.658073307,0.524969994,0.569337765,0.341926693,0.475030006,1
CD_model22,/home/lyara/areswave/models/CD_model22.nd,nd,UNK,,,,60,,60,,60,,60,,60,,60,0.314309816,0.698313249,0.570312105,0.685690184,0.301686751,1
Geophysical_model340,/home/lyara/areswave/models/Geophysical_model340.nd,nd,UNK,,,1001.133,60,861.553,192.234,1001.133,60,1119.121,33.711,1473.087,101.133,1688.231,60,0.626383221,0.542381057,0.570381778,0.373616779,0.457618943,1
Geophysical_model229,/home/lyara/areswave/models/Geophysical_model229.nd,nd,UNK,,,965.752,60,900,181.724,965.752,60,1113.693,16.437,1458.888,115.065,1673.108,60,0.501640876,0.607704164,0.572349735,0.498359124,0.392295836,1
Geophysical_model539,/home/lyara/areswave/models/Geophysical_model539.nd,nd,UNK,,,950.085,60,900,183.344,950.085,60,1133.728,33.39,1484.32,66.779,1682.414,60,0.767580907,0.475124264,0.572609812,0.232419093,0.524875736,1
Geophysical_model506,/home/lyara/areswave/models/Geophysical_model506.nd,nd,UNK,,,1086.703,60,900,21.099,1086.703,60,1103.676,16.973,1460.108,118.81,1692.486,60,0.771846381,0.473082284,0.572670316,0.228153619,0.526917716,1
MD_model47,/home/lyara/areswave/models/MD_model47.nd,nd,UNK,,,962.295,60,707.928,185.883,962.295,60,1294.928,39.133,1343.845,48.916,1504.511,251.332,0.818767532,0.449825914,0.572806453,0.181232468,0.550174086,1
CD_model21,/home/lyara/areswave/models/CD_model21.nd,nd,UNK,,,,60,,60,,60,,60,,60,,60,0.291943313,0.714276295,0.573498634,0.708056687,0.285723705,1
Geophysical_model251,/home/lyara/areswave/models/Geophysical_model251.nd,nd,UNK,,,967.872,60,900,180.241,967.872,60,1120.585,33.937,1459.948,101.809,1692.31,60,0.606077855,0.558469187,0.574338743,0.393922145,0.441530813,1
Geophysical_model426,/home/lyara/areswave/models/Geophysical_model426.nd,nd,UNK,,,967.872,60,900,180.241,967.872,60,1120.585,33.937,1459.948,101.809,1692.31,60,0.606077855,0.558469187,0.574338743,0.393922145,0.441530813,1
CD_model63,/home/lyara/areswave/models/CD_model63.nd,nd,UNK,,,,60,,60,,60,,60,,60,,60,0.379237553,0.672428516,0.574698195,0.620762447,0.327571484,1
CD_model16,/home/lyara/areswave/models/CD_model16.nd,nd,UNK,,,,60,,60,,60,,60,,60,,60,0.359588649,0.682329149,0.574748982,0.640411351,0.317670851,1
Geophysical_model789,/home/lyara/areswave/models/Geophysical_model789.nd,nd,UNK,,,1088.067,60,900,20.667,1088.067,60,1105.164,17.097,1464.2,119.679,1696.976,60,0.850008692,0.437217639,0.574814656,0.149991308,0.562782361,1
Geophysical_model669,/home/lyara/areswave/models/Geophysical_model669.nd,nd,UNK,,,1088.06,60,900,20.667,1088.06,60,1105.156,17.097,1464.18,119.675,1696.954,60,0.850008692,0.437217639,0.574814656,0.149991308,0.562782361,1
Geophysical_model395,/home/lyara/areswave/models/Geophysical_model395.nd,nd,UNK,,,966.251,60,900,185.626,966.251,60,1115.315,16.563,1463.132,99.376,1677.628,60,0.665627012,0.53037812,0.575461084,0.334372988,0.46962188,1
Geophysical_model468,/home/lyara/areswave/models/Geophysical_model468.nd,nd,UNK,,,966.251,60,900,185.626,966.251,60,1115.315,16.563,1463.132,99.376,1677.628,60,0.665627012,0.53037812,0.575461084,0.334372988,0.46962188,1
Geophysical_model403,/home/lyara/areswave/models/Geophysical_model403.nd,nd,UNK,,,966.251,60,900,185.626,966.251,60,1115.315,16.563,1463.132,99.376,1677.628,60,0.665627012,0.53037812,0.575461084,0.334372988,0.46962188,1
Geophysical_model356,/home/lyara/areswave/models/Geophysical_model356.nd,nd,UNK,,,966.251,60,900,185.626,966.251,60,1115.315,16.563,1463.132,99.376,1677.628,60,0.665627012,0.53037812,0.575461084,0.334372988,0.46962188,1
Geophysical_model64,/home/lyara/areswave/models/Geophysical_model64.nd,nd,UNK,,,967.437,60,900,186.209,967.437,60,1119.169,33.718,1456.352,101.155,1688.364,60,0.625369913,0.551120583,0.57587036,0.374630087,0.448879417,1
CD_model84,/home/lyara/areswave/models/CD_model84.nd,nd,UNK,,,,60,,60,,60,,60,,60,,60,0.456209077,0.636174836,0.57618625,0.543790923,0.363825164,1
MD_model16,/home/lyara/areswave/models/MD_model16.nd,nd,UNK,,,999.038,60,820.271,10.516,999.038,60,1146.258,94.641,1346.056,189.283,1605.327,60,0.410689317,0.66009626,0.576960612,0.589310683,0.33990374,1
Geophysical_model580,/home/lyara/areswave/models/Geophysical_model580.nd,nd,UNK,,,900,60,900,185.402,900,60,1106.136,17.178,1466.874,85.89,1699.91,60,0.774495337,0.478980525,0.577485462,0.225504663,0.521019475,1
Geophysical_model786,/home/lyara/areswave/models/Geophysical_model786.nd,nd,UNK,,,900,60,900,185.402,900,60,1106.136,17.178,1466.874,85.89,1699.91,60,0.774495337,0.478980525,0.577485462,0.225504663,0.521019475,1
Geophysical_model525,/home/lyara/areswave/models/Geophysical_model525.nd,nd,UNK,,,933.975,60,900,186.007,933.975,60,1120.837,33.975,1494.562,84.937,1693.011,60,0.6518596,0.541076085,0.578003923,0.3481404,0.458923915,1
AK_model_85,/home/lyara/areswave/models/AK_model_85.nd,nd,UNK,,,1079.656,60,874.091,182.724,1079.656,60,1285.221,22.84,1376.584,91.362,1647.618,60,0.508265693,0.613250106,0.578255301,0.491734307,0.386749894,1
Geophysical_model59,/home/lyara/areswave/models/Geophysical_model59.nd,nd,UNK,,,1063.404,60,900,196.4,1063.404,60,1145.107,32.681,1488.256,65.362,1669.579,60,0.795398474,0.470136919,0.578557437,0.204601526,0.529863081,1
Geophysical_model129,/home/lyara/areswave/models/Geophysical_model129.nd,nd,UNK,,,1099.26,60,900,178.923,1099.26,60,1115.865,16.605,1431.359,116.234,1679.159,60,0.701852389,0.517035476,0.578641113,0.298147611,0.482964524,1
Geophysical_model510,/home/lyara/areswave/models/Geophysical_model510.nd,nd,UNK,,,1083.742,60,900,21.403,1083.742,60,1100.446,16.704,1484.635,100.223,1682.74,60,0.800473436,0.467734883,0.578647734,0.199526564,0.532265117,1
Geophysical_model999,/home/lyara/areswave/models/Geophysical_model999.nd,nd,UNK,,,1086.489,60,900,21.299,1086.489,60,1103.443,16.953,1459.467,118.675,1691.782,60,0.815136995,0.460634337,0.57880189,0.184863005,0.539365663,1
Geophysical_model762,/home/lyara/areswave/models/Geophysical_model762.nd,nd,UNK,,,933.422,60,900,184.314,933.422,60,1117.244,33.423,1484.889,83.556,1683.002,60,0.767805253,0.484691505,0.579062754,0.232194747,0.515308495,1
Geophysical_model250,/home/lyara/areswave/models/Geophysical_model250.nd,nd,UNK,,,1033.261,60,900,182.415,1033.261,60,1133.207,33.315,1499.676,83.288,1681.067,60,0.77812438,0.47990295,0.579310093,0.22187562,0.52009705,1
CD_model60,/home/lyara/areswave/models/CD_model60.nd,nd,UNK,,,,60,,60,,60,,60,,60,,60,0.289308691,0.724936784,0.57972742,0.710691309,0.275063216,1
Geophysical_model658,/home/lyara/areswave/models/Geophysical_model658.nd,nd,UNK,,,900,60,900,178.05,900,60,1118.724,33.65,1488.873,100.949,1687.125,60,0.575104549,0.58223829,0.579860376,0.424895451,0.41776171,1
Geophysical_model694,/home/lyara/areswave/models/Geophysical_model694.nd,nd,UNK,,,900,60,900,179.832,900,60,1118.299,33.585,1487.729,100.753,1685.941,60,0.739781943,0.500022264,0.579942157,0.260218057,0.499977736,1
Geophysical_model440,/home/lyara/areswave/models/Geophysical_model440.nd,nd,UNK,,,966.559,60,900,181.325,966.559,60,1116.317,16.639,1449.111,99.839,1680.417,60,0.460465748,0.63968841,0.579947522,0.539534252,0.36031159,1
CD_model53,/home/lyara/areswave/models/CD_model53.nd,nd,UNK,,,,60,,60,,60,,60,,60,,60,0.311401925,0.714297403,0.57999891,0.688598075,0.285702597,1
Geophysical_model184,/home/lyara/areswave/models/Geophysical_model184.nd,nd,UNK,,,950.621,60,900,192.919,950.621,60,1119.357,33.747,1456.828,118.116,1688.886,60,0.763952329,0.488315768,0.580194621,0.236047671,0.511684232,1
Geophysical_model761,/home/lyara/areswave/models/Geophysical_model761.nd,nd,UNK,,,900,60,900,179.39,900,60,1101.753,33.625,1488.445,100.876,1686.682,60,0.599840153,0.570607908,0.58035199,0.400159847,0.429392092,1
Geophysical_model370,/home/lyara/areswave/models/Geophysical_model370.nd,nd,UNK,,,966.673,60,900,188.823,966.673,60,1116.688,33.336,1450.054,100.01,1681.453,60,0.581871124,0.579634516,0.580380052,0.418128876,0.420365484,1
AK_model_60,/home/lyara/areswave/models/AK_model_60.nd,nd,UNK,,,997.761,60,820.36,25.343,997.761,60,1175.162,101.372,1352.562,25.343,1686.32,60,0.760417065,0.491226985,0.580957012,0.239582935,0.508773015,1
MD_model23,/home/lyara/areswave/models/MD_model23.nd,nd,UNK,,,932.566,60,762.339,180.866,932.566,60,1273.019,74.475,1326.215,31.917,1608.988,60,0.550245044,0.597925817,0.582032226,0.449754956,0.402074183,1
Geophysical_model636,/home/lyara/areswave/models/Geophysical_model636.nd,nd,UNK,,,900,60,900,178.87,900,60,1118.565,33.625,1471.633,100.876,1686.682,60,0.707076116,0.520302859,0.582560611,0.292923884,0.479697141,1
Geophysical_model902,/home/lyara/areswave/models/Geophysical_model902.nd,nd,UNK,,,900,60,900,29.45,900,60,1102.126,16.844,1455.847,101.063,1687.809,60,0.75130804,0.498207046,0.582574044,0.24869196,0.501792954,1
Geophysical_model586,/home/lyara/areswave/models/Geophysical_model586.nd,nd,UNK,,,1099.57,60,900,21.058,1099.57,60,1116.201,16.631,1465.45,99.785,1680.096,60,0.748758946,0.499569307,0.58263252,0.251241054,0.500430693,1
Geophysical_model617,/home/lyara/areswave/models/Geophysical_model617.nd,nd,UNK,,,900,60,900,22.546,900,60,1101.621,16.802,1454.457,100.811,1686.284,60,0.80760184,0.470691822,0.582995161,0.19239816,0.529308178,1
CD_model5,/home/lyara/areswave/models/CD_model5.nd,nd,UNK,,,,60,,60,,60,,60,,60,,60,0.172156615,0.788445155,0.583015641,0.827843385,0.211554845,1
Geophysical_model682,/home/lyara/areswave/models/Geophysical_model682.nd,nd,UNK,,,966.806,60,900,177.611,966.806,60,1133.823,33.403,1484.557,66.807,1682.659,60,0.822678029,0.463185103,0.583016078,0.177321971,0.536814897,1
Geophysical_model776,/home/lyara/areswave/models/Geophysical_model776.nd,nd,UNK,,,916.728,60,900,193.209,916.728,60,1117.459,33.456,1468.739,83.638,1683.6,60,0.75885287,0.495292172,0.583145738,0.24114713,0.504707828,1
Geophysical_model573,/home/lyara/areswave/models/Geophysical_model573.nd,nd,UNK,,,1098.113,60,900,23.974,1098.113,60,1114.623,16.509,1444.812,115.566,1675.699,60,0.59300604,0.578509658,0.583341785,0.40699396,0.421490342,1
Geophysical_model665,/home/lyara/areswave/models/Geophysical_model665.nd,nd,UNK,,,1086.489,60,900,21.158,1086.489,60,1103.443,16.953,1459.467,118.675,1691.782,60,0.804225318,0.473359844,0.583648335,0.195774682,0.526640156,1
Geophysical_model583,/home/lyara/areswave/models/Geophysical_model583.nd,nd,UNK,,,1086.489,60,900,21.158,1086.489,60,1103.443,16.953,1459.467,118.675,1691.782,60,0.804225318,0.473359844,0.583648335,0.195774682,0.526640156,1
Geophysical_model404,/home/lyara/areswave/models/Geophysical_model404.nd,nd,UNK,,,966.706,60,900,186.464,966.706,60,1116.796,33.353,1467.004,100.06,1681.752,60,0.676024666,0.538192024,0.584136238,0.323975334,0.461807976,1
AK_model_52,/home/lyara/areswave/models/AK_model_52.nd,nd,UNK,,,1026.612,60,827.005,24.951,1026.612,60,1276.121,74.852,1301.072,24.951,1681.933,60,0.830075707,0.461641063,0.584452611,0.169924293,0.538358937,1
MD_model83,/home/lyara/areswave/models/MD_model83.nd,nd,UNK,,,957.498,60,725.173,190.085,957.498,60,1263.746,42.241,1305.987,52.801,1598.029,60,0.849454832,0.452151658,0.584586049,0.150545168,0.547848342,1
CD_model39,/home/lyara/areswave/models/CD_model39.nd,nd,UNK,,,,60,,60,,60,,60,,60,,60,0.32307526,0.71737408,0.58594114,0.67692474,0.28262592,1
Geophysical_model397,/home/lyara/areswave/models/Geophysical_model397.nd,nd,UNK,,,967.7,60,900,181.908,967.7,60,1120.025,33.85,1458.525,118.475,1690.748,60,0.633401674,0.563030067,0.58648727,0.366598326,0.436969933,1
Geophysical_model386,/home/lyara/areswave/models/Geophysical_model386.nd,nd,UNK,,,967.7,60,900,181.908,967.7,60,1120.025,33.85,1458.525,118.475,1690.748,60,0.633401674,0.563030067,0.58648727,0.366598326,0.436969933,1
Geophysical_model553,/home/lyara/areswave/models/Geophysical_model553.nd,nd,UNK,,,900,60,900,178.562,900,60,1118.724,33.65,1472.049,100.949,1687.125,60,0.675769981,0.541948775,0.586555844,0.324230019,0.458051225,1
CD_model54,/home/lyara/areswave/models/CD_model54.nd,nd,UNK,,,,60,,60,,60,,60,,60,,60,0.433303154,0.663411988,0.586709043,0.566696846,0.336588012,1
MD_model66,/home/lyara/areswave/models/MD_model66.nd,nd,UNK,,,988.043,60,741.78,10.261,988.043,60,1131.696,30.783,1429.263,41.043,1581.866,60,0.617886011,0.571483069,0.586950716,0.382113989,0.428516931,1
CD_model11,/home/lyara/areswave/models/CD_model11.nd,nd,UNK,,,,60,,60,,60,,60,,60,,60,0.401720948,0.680950504,0.587873985,0.598279052,0.319049496,1
MD_model75,/home/lyara/areswave/models/MD_model75.nd,nd,UNK,,,1024.463,60,849.461,10.295,1024.463,60,1240.642,51.471,1302.407,123.531,1508.292,60.684,0.800118458,0.482683617,0.588495231,0.199881542,0.517316383,1
Geophysical_model803,/home/lyara/areswave/models/Geophysical_model803.nd,nd,UNK,,,1099.489,60,900,21.019,1099.489,60,1116.113,16.624,1465.218,99.745,1679.849,60,0.705588221,0.530108439,0.588601699,0.294411779,0.469891561,1
Geophysical_model579,/home/lyara/areswave/models/Geophysical_model579.nd,nd,UNK,,,1099.489,60,900,21.019,1099.489,60,1116.113,16.624,1465.218,99.745,1679.849,60,0.705588221,0.530108439,0.588601699,0.294411779,0.469891561,1
Geophysical_model450,/home/lyara/areswave/models/Geophysical_model450.nd,nd,UNK,,,966.559,60,900,181.651,966.559,60,1116.317,16.639,1465.751,99.839,1680.417,60,0.769017999,0.49918024,0.589126159,0.230982001,0.50081976,1
Geophysical_model363,/home/lyara/areswave/models/Geophysical_model363.nd,nd,UNK,,,949.973,60,900,197.183,949.973,60,1116.548,16.657,1449.698,116.603,1681.061,60,0.467074819,0.650486215,0.589349083,0.532925181,0.349513785,1
Geophysical_model375,/home/lyara/areswave/models/Geophysical_model375.nd,nd,UNK,,,949.973,60,900,197.183,949.973,60,1116.548,16.657,1449.698,116.603,1681.061,60,0.467074819,0.650486215,0.589349083,0.532925181,0.349513785,1
MD_model19,/home/lyara/areswave/models/MD_model19.nd,nd,UNK,,,1059.774,60,728.117,192.576,1059.774,60,1209.555,192.575,1348.637,106.987,1611.188,60,0.68173662,0.544005495,0.58991587,0.31826338,0.455994505,1
Geophysical_model176,/home/lyara/areswave/models/Geophysical_model176.nd,nd,UNK,,,966.298,60,900,189.209,966.298,60,1115.469,16.574,1463.533,99.447,1678.056,60,0.563326134,0.603431285,0.590062901,0.436673866,0.396568715,1
AK_model_26,/home/lyara/areswave/models/AK_model_26.nd,nd,UNK,,,1062.407,60,796.562,26.585,1062.407,60,1275.083,26.584,1328.252,53.169,1697.655,60,0.745351258,0.513575042,0.590833781,0.254648742,0.486424958,1
MD_model93,/home/lyara/areswave/models/MD_model93.nd,nd,UNK,,,1028.365,60,811.573,195.113,1028.365,60,1288.514,75.877,1321.033,21.679,1639.515,60,0.665601554,0.553451627,0.590834936,0.334398446,0.446548373,1
Geophysical_model106,/home/lyara/areswave/models/Geophysical_model106.nd,nd,UNK,,,966.673,60,900,186.183,966.673,60,1116.688,33.336,1483.391,100.01,1681.453,60,0.657136221,0.557983579,0.59103446,0.342863779,0.442016421,1
AK_model_38,/home/lyara/areswave/models/AK_model_38.nd,nd,UNK,,,1017.632,60,808.958,26.085,1017.632,60,1278.474,104.337,1304.559,26.084,1671.473,60,0.611128021,0.581202327,0.591177558,0.388871979,0.418797673,1
Geophysical_model625,/home/lyara/areswave/models/Geophysical_model625.nd,nd,UNK,,,916.728,60,900,191.686,916.728,60,1117.467,33.456,1485.488,83.641,1683.622,60,0.777780526,0.49903152,0.591947856,0.222219474,0.50096848,1
ceylan,/home/lyara/areswave/models/ceylan.nd,nd,UNK,,,1086.523,60,887.59,24.866,1086.523,60,1285.455,24.867,1360.055,74.6,1666.648,60,0.642036021,0.567262453,0.592186975,0.357963979,0.432737547,1
CD_model33,/home/lyara/areswave/models/CD_model33.nd,nd,UNK,,,,60,,60,,60,,60,,60,,60,0.404056435,0.686498341,0.592351039,0.595943565,0.313501659,1
Geophysical_model303,/home/lyara/areswave/models/Geophysical_model303.nd,nd,UNK,,,949.55,60,900,192.862,949.55,60,1114.715,16.516,1461.562,99.099,1675.956,60,0.742850472,0.517361841,0.592524718,0.257149528,0.482638159,1
AK_model_96,/home/lyara/areswave/models/AK_model_96.nd,nd,UNK,,,1066.783,60,771.908,26.807,1066.783,60,1281.238,26.807,1334.851,53.613,1705.64,60,0.843501887,0.467200026,0.59263398,0.156498113,0.532799974,1
Geophysical_model298,/home/lyara/areswave/models/Geophysical_model298.nd,nd,UNK,,,950.621,60,900,193.215,950.621,60,1119.357,33.747,1439.955,118.116,1688.886,60,0.780591384,0.498719981,0.592677116,0.219408616,0.501280019,1
CD_model45,/home/lyara/areswave/models/CD_model45.nd,nd,UNK,,,,60,,60,,60,,60,,60,,60,0.199940663,0.789228221,0.592799035,0.800059337,0.210771779,1
CD_model46,/home/lyara/areswave/models/CD_model46.nd,nd,UNK,,,,60,,60,,60,,60,,60,,60,0.199940663,0.789228221,0.592799035,0.800059337,0.210771779,1
AK_model_37,/home/lyara/areswave/models/AK_model_37.nd,nd,UNK,,,1028.349,60,814.506,26.73,1028.349,60,1295.654,106.922,1482.767,160.383,1693.426,60,0.842248901,0.468461165,0.593057077,0.157751099,0.531538835,1
Geophysical_model910,/home/lyara/areswave/models/Geophysical_model910.nd,nd,UNK,,,950.007,60,900,179.014,950.007,60,1133.367,33.338,1483.418,66.676,1681.481,60,0.786474868,0.496457949,0.593130256,0.213525132,0.503542051,1
Geophysical_model359,/home/lyara/areswave/models/Geophysical_model359.nd,nd,UNK,,,949.517,60,900,193.344,949.517,60,1114.574,16.506,1444.688,115.54,1675.563,60,0.730939116,0.525168817,0.593758916,0.269060884,0.474831183,1
Geophysical_model296,/home/lyara/areswave/models/Geophysical_model296.nd,nd,UNK,,,949.517,60,900,193.344,949.517,60,1114.574,16.506,1444.688,115.54,1675.563,60,0.730939116,0.525168817,0.593758916,0.269060884,0.474831183,1
CD_model37,/home/lyara/areswave/models/CD_model37.nd,nd,UNK,,,,60,,60,,60,,60,,60,,60,0.438143705,0.671731529,0.593868921,0.561856295,0.328268471,1
Geophysical_model234,/home/lyara/areswave/models/Geophysical_model234.nd,nd,UNK,,,966.829,60,900,198.796,966.829,60,1117.194,33.414,1451.339,100.243,1682.862,60,0.845543349,0.46865348,0.594283436,0.154456651,0.53134652,1
Geophysical_model96,/home/lyara/areswave/models/Geophysical_model96.nd,nd,UNK,,,966.829,60,900,198.796,966.829,60,1117.194,33.414,1451.339,100.243,1682.862,60,0.845543349,0.46865348,0.594283436,0.154456651,0.53134652,1
CD_model89,/home/lyara/areswave/models/CD_model89.nd,nd,UNK,,,,60,,60,,60,,60,,60,,60,0.516171207,0.634962041,0.595365096,0.483828793,0.365037959,1
Geophysical_model862,/home/lyara/areswave/models/Geophysical_model862.nd,nd,UNK,,,916.702,60,877.518,179.857,916.702,60,1117.126,33.404,1484.569,83.51,1682.671,60,0.778289509,0.50401731,0.595441377,0.221710491,0.49598269,1
CD_model58,/home/lyara/areswave/models/CD_model58.nd,nd,UNK,,,,60,,60,,60,,60,,60,,60,0.37068562,0.708461397,0.595869472,0.62931438,0.291538603,1
Geophysical_model349,/home/lyara/areswave/models/Geophysical_model349.nd,nd,UNK,,,983.203,60,878.832,190.513,983.203,60,1116.329,16.64,1465.783,99.844,1680.452,60,0.601881165,0.592919344,0.595906618,0.398118835,0.407080656,1
Geophysical_model878,/home/lyara/areswave/models/Geophysical_model878.nd,nd,UNK,,,916.648,60,900,180.388,916.648,60,1116.419,16.648,1499.315,99.885,1680.704,60,0.842415073,0.472960797,0.596112222,0.157584927,0.527039203,1
CD_model31,/home/lyara/areswave/models/CD_model31.nd,nd,UNK,,,,60,,60,,60,,60,,60,,60,0.369381551,0.710010934,0.596467806,0.630618449,0.289989066,1
Geophysical_model698,/home/lyara/areswave/models/Geophysical_model698.nd,nd,UNK,,,1067.222,60,900,22.057,1067.222,60,1100.667,16.722,1451.834,100.333,1683.405,60,0.613668958,0.58942482,0.597506199,0.386331042,0.41057518,1
Geophysical_model141,/home/lyara/areswave/models/Geophysical_model141.nd,nd,UNK,,,1098.572,60,877.483,180.132,1098.572,60,1115.12,16.548,1446.074,99.286,1677.084,60,0.84213992,0.475588147,0.597772072,0.15786008,0.524411853,1
Geophysical_model912,/home/lyara/areswave/models/Geophysical_model912.nd,nd,UNK,,,916.723,60,900,178.987,916.723,60,1117.396,33.446,1468.574,83.614,1683.425,60,0.619327797,0.587285736,0.597966423,0.380672203,0.412714264,1
Geophysical_model632,/home/lyara/areswave/models/Geophysical_model632.nd,nd,UNK,,,900,60,900,22.42,900,60,1101.621,16.802,1488.061,100.811,1686.284,60,0.845405876,0.47462892,0.598221239,0.154594124,0.52537108,1
MD_model33,/home/lyara/areswave/models/MD_model33.nd,nd,UNK,,,1018.87,60,748.052,187.49,1018.87,60,1279.273,20.832,1362.602,72.913,1579.187,60,0.73535763,0.52975988,0.598292463,0.26464237,0.47024012,1
Geophysical_model174,/home/lyara/areswave/models/Geophysical_model174.nd,nd,UNK,,,999.816,60,900,195.881,999.816,60,1116.267,16.636,1498.893,99.815,1680.28,60,0.771921842,0.511898242,0.598572775,0.228078158,0.488101758,1
Geophysical_model198,/home/lyara/areswave/models/Geophysical_model198.nd,nd,UNK,,,983.727,60,878.886,190.026,983.727,60,1117.689,33.49,1486.086,100.472,1684.241,60,0.480570298,0.657828315,0.59874231,0.519429702,0.342171685,1
CD_model95,/home/lyara/areswave/models/CD_model95.nd,nd,UNK,,,,60,,60,,60,,60,,60,,60,0.270746884,0.764855165,0.600152404,0.729253116,0.235144835,1
AK_model_22,/home/lyara/areswave/models/AK_model_22.nd,nd,UNK,,,1079.893,60,816.324,26.357,1079.893,60,1290.748,52.714,1317.105,26.357,1685.402,60,0.755683206,0.522500844,0.600228298,0.244316794,0.477499156,1
Geophysical_model225,/home/lyara/areswave/models/Geophysical_model225.nd,nd,UNK,,,983.376,60,900,189.029,983.376,60,1116.777,33.35,1483.63,100.051,1681.7,60,0.442287444,0.681548777,0.601795,0.557712556,0.318451223,1
Geophysical_model3,/home/lyara/areswave/models/Geophysical_model3.nd,nd,UNK,,,1098.645,60,900,180.725,1098.645,60,1115.199,16.554,1429.721,99.322,1677.304,60,0.74644722,0.531074333,0.602865295,0.25355278,0.468925667,1
AK_model_90,/home/lyara/areswave/models/AK_model_90.nd,nd,UNK,,,1066.591,60,798.434,26.816,1066.591,60,1281.116,26.815,1334.748,53.631,1705.618,60,0.761906264,0.523722154,0.603116857,0.238093736,0.476277846,1
Geophysical_model852,/home/lyara/areswave/models/Geophysical_model852.nd,nd,UNK,,,900,60,900,22.33,900,60,1104.307,17.025,1461.843,119.179,1694.389,60,0.820684359,0.494737138,0.603386211,0.179315641,0.505262862,1
AK_model_10,/home/lyara/areswave/models/AK_model_10.nd,nd,UNK,,,1032.783,60,836.001,24.598,1032.783,60,1278.762,73.794,1303.36,24.597,1680.778,60,0.577381232,0.617368156,0.604039181,0.422618768,0.382631844,1
Geophysical_model277,/home/lyara/areswave/models/Geophysical_model277.nd,nd,UNK,,,1099.994,60,900,181.191,1099.994,60,1116.66,16.666,1449.983,99.997,1681.374,60,0.535567183,0.639780373,0.605042643,0.464432817,0.360219627,1
Geophysical_model410,/home/lyara/areswave/models/Geophysical_model410.nd,nd,UNK,,,1099.994,60,900,181.191,1099.994,60,1116.66,16.666,1449.983,99.997,1681.374,60,0.535567183,0.639780373,0.605042643,0.464432817,0.360219627,1
CD_model56,/home/lyara/areswave/models/CD_model56.nd,nd,UNK,,,,60,,60,,60,,60,,60,,60,0.365944091,0.724720779,0.60512855,0.634055909,0.275279221,1
MD_model63,/home/lyara/areswave/models/MD_model63.nd,nd,UNK,,,1047.057,60,708.427,180.602,1047.057,60,1216.372,191.89,1363.111,90.301,1690.644,60,0.636598447,0.590046136,0.605563573,0.363401553,0.409953864,1
MD_model92,/home/lyara/areswave/models/MD_model92.nd,nd,UNK,,,957.353,60,715.782,186.669,957.353,60,1275.788,54.903,1308.73,43.922,1652.135,60,0.414502555,0.701303199,0.605702984,0.585497445,0.298696801,1
AK_model_24,/home/lyara/areswave/models/AK_model_24.nd,nd,UNK,,,1075.946,60,803.518,27.243,1075.946,60,1293.887,54.485,1321.13,27.243,1721.839,60,0.818365761,0.50039972,0.6063884,0.181634239,0.49960028,1
AK_model_33,/home/lyara/areswave/models/AK_model_33.nd,nd,UNK,,,1079.942,60,818.715,26.122,1079.942,60,1288.923,52.245,1341.169,52.245,1681.533,60,0.849630347,0.485412646,0.606818546,0.150369653,0.514587354,1
Geophysical_model695,/home/lyara/areswave/models/Geophysical_model695.nd,nd,UNK,,,900,60,857.316,192.076,900,60,1116.56,16.658,1466.387,116.609,1681.095,60,0.718669319,0.551734375,0.607379357,0.281330681,0.448265625,1
Geophysical_model293,/home/lyara/areswave/models/Geophysical_model293.nd,nd,UNK,,,916.874,60,900,181.649,916.874,60,1102.492,16.874,1439.978,101.246,1688.913,60,0.720667794,0.55091624,0.607500091,0.279332206,0.44908376,1
AK_model_65,/home/lyara/areswave/models/AK_model_65.nd,nd,UNK,,,1001.408,60,796.24,25.646,1001.408,60,1103.992,102.584,1360.452,25.646,1695.897,60,0.783980183,0.520078937,0.608046019,0.216019817,0.479921063,1
CD_model98,/home/lyara/areswave/models/CD_model98.nd,nd,UNK,,,,60,,60,,60,,60,,60,,60,0.466417176,0.679050401,0.608172659,0.533582824,0.320949599,1
Geophysical_model312,/home/lyara/areswave/models/Geophysical_model312.nd,nd,UNK,,,966.712,60,878.564,192.925,966.712,60,1116.813,33.356,1483.727,100.067,1681.8,60,0.595247107,0.614838213,0.608307844,0.404752893,0.385161787,1
Geophysical_model594,/home/lyara/areswave/models/Geophysical_model594.nd,nd,UNK,,,900,60,900,179.42,900,60,1118.565,33.625,1488.445,100.876,1686.682,60,0.805453607,0.5098228,0.608366402,0.194546393,0.4901772,1
Geophysical_model690,/home/lyara/areswave/models/Geophysical_model690.nd,nd,UNK,,,900,60,900,179.968,900,60,1118.266,33.579,1470.849,100.738,1685.847,60,0.715127714,0.555018816,0.608388449,0.284872286,0.444981184,1
AK_model_13,/home/lyara/areswave/models/AK_model_13.nd,nd,UNK,,,1077.549,60,882.305,24.405,1077.549,60,1297.199,73.217,1321.604,24.406,1673.271,60,0.581648713,0.621988907,0.608542176,0.418351287,0.378011093,1
Geophysical_model936,/home/lyara/areswave/models/Geophysical_model936.nd,nd,UNK,,,1086.703,60,900,21.596,1086.703,60,1103.676,16.973,1460.108,118.81,1692.486,60,0.799014816,0.513580067,0.608724983,0.200985184,0.486419933,1
Geophysical_model532,/home/lyara/areswave/models/Geophysical_model532.nd,nd,UNK,,,916.612,60,878.548,193.069,916.612,60,1115.955,16.612,1498.03,99.672,1679.411,60,0.802818808,0.51201514,0.608949696,0.197181192,0.48798486,1
CD_model23,/home/lyara/areswave/models/CD_model23.nd,nd,UNK,,,,60,,60,,60,,60,,60,,60,0.419566493,0.704133775,0.609278014,0.580433507,0.295866225,1
Geophysical_model348,/home/lyara/areswave/models/Geophysical_model348.nd,nd,UNK,,,1032.872,60,877.308,181.535,1032.872,60,1132.525,33.217,1481.314,83.045,1679.303,60,0.73552959,0.546962814,0.609818406,0.26447041,0.453037186,1
Geophysical_model495,/home/lyara/areswave/models/Geophysical_model495.nd,nd,UNK,,,966.559,60,900,180.907,966.559,60,1116.317,16.639,1465.751,99.839,1680.417,60,0.632875583,0.598304607,0.609828266,0.367124417,0.401695393,1
Geophysical_model896,/home/lyara/areswave/models/Geophysical_model896.nd,nd,UNK,,,900,60,900,198.325,900,60,1104.416,17.035,1479.179,102.208,1694.72,60,0.732829755,0.54869459,0.610072978,0.267170245,0.45130541,1
CD_model77,/home/lyara/areswave/models/CD_model77.nd,nd,UNK,,,,60,,60,,60,,60,,60,,60,0.287858976,0.773519481,0.611632646,0.712141024,0.226480519,1
Geophysical_model283,/home/lyara/areswave/models/Geophysical_model283.nd,nd,UNK,,,983.303,60,877.982,198.163,983.303,60,1116.588,16.66,1466.461,116.625,1681.173,60,0.504456703,0.665466236,0.611796392,0.495543297,0.334533764,1
MD_model74,/home/lyara/areswave/models/MD_model74.nd,nd,UNK,,,1018.128,60,852.239,10.368,1018.128,60,1246.227,134.785,1391.38,114.05,1576.24,60,0.742712933,0.546602942,0.611972939,0.257287067,0.453397058,1
Geophysical_model24,/home/lyara/areswave/models/Geophysical_model24.nd,nd,UNK,,,1098.645,60,900,181.856,1098.645,60,1115.199,16.554,1429.721,99.322,1677.304,60,0.74009239,0.548316253,0.612241632,0.25990761,0.451683747,1
Geophysical_model289,/home/lyara/areswave/models/Geophysical_model289.nd,nd,UNK,,,966.724,60,900,180.027,966.724,60,1116.853,33.362,1467.154,100.086,1681.912,60,0.593280787,0.621836451,0.612317896,0.406719213,0.378163549,1
Geophysical_model729,/home/lyara/areswave/models/Geophysical_model729.nd,nd,UNK,,,1088.334,60,900,20.706,1088.334,60,1105.456,17.121,1465.003,102.728,1697.857,60,0.778294027,0.529859804,0.612671211,0.221705973,0.470140196,1
Geophysical_model552,/home/lyara/areswave/models/Geophysical_model552.nd,nd,UNK,,,916.714,60,876.024,191.807,916.714,60,1117.284,33.428,1484.996,83.571,1683.113,60,0.755633677,0.541416904,0.612822495,0.244366323,0.458583096,1
Geophysical_model650,/home/lyara/areswave/models/Geophysical_model650.nd,nd,UNK,,,916.714,60,876.024,191.807,916.714,60,1117.284,33.428,1484.996,83.571,1683.113,60,0.755633677,0.541416904,0.612822495,0.244366323,0.458583096,1
CD_model97,/home/lyara/areswave/models/CD_model97.nd,nd,UNK,,,,60,,60,,60,,60,,60,,60,0.389793871,0.725122986,0.613346614,0.610206129,0.274877014,1
CD_model67,/home/lyara/areswave/models/CD_model67.nd,nd,UNK,,,,60,,60,,60,,60,,60,,60,0.397487952,0.722370841,0.614076545,0.602512048,0.277629159,1
Geophysical_model639,/home/lyara/areswave/models/Geophysical_model639.nd,nd,UNK,,,1099.754,60,900,21.455,1099.754,60,1116.4,16.646,1465.97,116.523,1680.651,60,0.793185352,0.525614541,0.614804811,0.206814648,0.474385459,1
Geophysical_model750,/home/lyara/areswave/models/Geophysical_model750.nd,nd,UNK,,,916.648,60,877.568,179.456,916.648,60,1116.419,16.648,1482.668,99.885,1680.704,60,0.771539843,0.536696531,0.614977635,0.228460157,0.463303469,1
CD_model1,/home/lyara/areswave/models/CD_model1.nd,nd,UNK,,,,60,,60,,60,,60,,60,,60,0.279234209,0.783676683,0.615529192,0.720765791,0.216323317,1
CD_model64,/home/lyara/areswave/models/CD_model64.nd,nd,UNK,,,,60,,60,,60,,60,,60,,60,0.279234209,0.783676683,0.615529192,0.720765791,0.216323317,1
Geophysical_model301,/home/lyara/areswave/models/Geophysical_model301.nd,nd,UNK,,,949.517,60,900,192.185,949.517,60,1114.574,16.506,1444.688,115.54,1675.563,60,0.639333986,0.604415502,0.616054997,0.360666014,0.395584498,1
CD_model13,/home/lyara/areswave/models/CD_model13.nd,nd,UNK,,,,60,,60,,60,,60,,60,,60,0.363923285,0.742413507,0.6162501,0.636076715,0.257586493,1
CD_model12,/home/lyara/areswave/models/CD_model12.nd,nd,UNK,,,,60,,60,,60,,60,,60,,60,0.363923285,0.742413507,0.6162501,0.636076715,0.257586493,1
Geophysical_model967,/home/lyara/areswave/models/Geophysical_model967.nd,nd,UNK,,,916.672,60,877.4,180.797,916.672,60,1116.741,33.345,1483.532,83.362,1681.599,60,0.803486835,0.522728106,0.616314349,0.196513165,0.477271894,1
MD_model80,/home/lyara/areswave/models/MD_model80.nd,nd,UNK,,,1000.561,60,786.005,10.217,1000.561,60,1164.033,194.122,1429.673,163.471,1571.993,60,0.459375417,0.695180985,0.616579129,0.540624583,0.304819015,1
Geophysical_model200,/home/lyara/areswave/models/Geophysical_model200.nd,nd,UNK,,,933.606,60,900,183.887,933.606,60,1101.635,16.803,1437.694,117.621,1686.328,60,0.766245691,0.542011874,0.61675648,0.233754309,0.457988126,1
Geophysical_model890,/home/lyara/areswave/models/Geophysical_model890.nd,nd,UNK,,,917.024,60,877.908,198.826,917.024,60,1121.318,34.049,1495.857,102.147,1694.351,60,0.72837734,0.561411751,0.617066947,0.27162266,0.438588249,1
Geophysical_model519,/home/lyara/areswave/models/Geophysical_model519.nd,nd,UNK,,,917.024,60,877.908,198.826,917.024,60,1121.318,34.049,1495.857,102.147,1694.351,60,0.72837734,0.561411751,0.617066947,0.27162266,0.438588249,1
Geophysical_model474,/home/lyara/areswave/models/Geophysical_model474.nd,nd,UNK,,,949.523,60,900,189.937,949.523,60,1114.598,16.507,1461.256,99.045,1675.63,60,0.671171306,0.591276449,0.617908068,0.328828694,0.408723551,1
Geophysical_model384,/home/lyara/areswave/models/Geophysical_model384.nd,nd,UNK,,,949.523,60,900,189.937,949.523,60,1114.598,16.507,1461.256,99.045,1675.63,60,0.671171306,0.591276449,0.617908068,0.328828694,0.408723551,1
Geophysical_model774,/home/lyara/areswave/models/Geophysical_model774.nd,nd,UNK,,,1099.57,60,900,21.535,1099.57,60,1116.201,16.631,1465.45,99.785,1680.096,60,0.83308561,0.511287882,0.618553792,0.16691439,0.488712118,1
Geophysical_model596,/home/lyara/areswave/models/Geophysical_model596.nd,nd,UNK,,,900,60,900,178.565,900,60,1118.724,33.65,1472.049,100.949,1687.125,60,0.709748686,0.573950193,0.619216358,0.290251314,0.426049807,1
CD_model69,/home/lyara/areswave/models/CD_model69.nd,nd,UNK,,,,60,,60,,60,,60,,60,,60,0.466251552,0.696205389,0.61955411,0.533748448,0.303794611,1
CD_model88,/home/lyara/areswave/models/CD_model88.nd,nd,UNK,,,,60,,60,,60,,60,,60,,60,0.443062029,0.707879764,0.619607186,0.556937971,0.292120236,1
Geophysical_model814,/home/lyara/areswave/models/Geophysical_model814.nd,nd,UNK,,,1088.465,60,900,20.695,1088.465,60,1105.598,17.133,1465.394,102.799,1698.287,60,0.846082217,0.506688167,0.619819517,0.153917783,0.493311833,1
Geophysical_model515,/home/lyara/areswave/models/Geophysical_model515.nd,nd,UNK,,,1099.766,60,900,22.442,1099.766,60,1116.413,16.647,1466.003,99.883,1680.686,60,0.808950662,0.525786964,0.620174864,0.191049338,0.474213036,1
Geophysical_model674,/home/lyara/areswave/models/Geophysical_model674.nd,nd,UNK,,,916.672,60,900,180.517,916.672,60,1116.738,33.345,1483.524,83.361,1681.59,60,0.820959048,0.51993774,0.620278176,0.179040952,0.48006226,1
Geophysical_model294,/home/lyara/areswave/models/Geophysical_model294.nd,nd,UNK,,,1001.298,60,861.612,191.938,1001.298,60,1119.479,33.767,1474.023,101.298,1689.229,60,0.826314153,0.51744184,0.620399277,0.173685847,0.48255816,1
Geophysical_model734,/home/lyara/areswave/models/Geophysical_model734.nd,nd,UNK,,,1084.693,60,900,22.441,1084.693,60,1101.483,16.79,1487.659,100.742,1685.869,60,0.706667082,0.577312198,0.620430493,0.293332918,0.422687802,1
Geophysical_model791,/home/lyara/areswave/models/Geophysical_model791.nd,nd,UNK,,,1084.693,60,900,22.441,1084.693,60,1101.483,16.79,1487.659,100.742,1685.869,60,0.706667082,0.577312198,0.620430493,0.293332918,0.422687802,1
AK_model_51,/home/lyara/areswave/models/AK_model_51.nd,nd,UNK,,,1018.843,60,822.06,24.597,1018.843,60,1289.418,122.989,1486.2,172.184,1667.832,60,0.70763934,0.578726575,0.621697496,0.29236066,0.421273425,1
MD_model12,/home/lyara/areswave/models/MD_model12.nd,nd,UNK,,,998.179,60,812.363,10.323,998.179,60,1183.995,165.17,1442.073,185.816,1584.814,60,0.56540129,0.650381995,0.622055093,0.43459871,0.349618005,1
Geophysical_model285,/home/lyara/areswave/models/Geophysical_model285.nd,nd,UNK,,,949.973,60,900,194.575,949.973,60,1116.548,16.657,1449.698,99.945,1681.061,60,0.617507917,0.625244523,0.622665655,0.382492083,0.374755477,1
Geophysical_model427,/home/lyara/areswave/models/Geophysical_model427.nd,nd,UNK,,,949.973,60,900,194.575,949.973,60,1116.548,16.657,1449.698,99.945,1681.061,60,0.617507917,0.625244523,0.622665655,0.382492083,0.374755477,1
Geophysical_model144,/home/lyara/areswave/models/Geophysical_model144.nd,nd,UNK,,,966.251,60,900,186.748,966.251,60,1115.315,16.563,1463.132,99.376,1677.628,60,0.736738164,0.565764549,0.622755754,0.263261836,0.434235451,1
CD_model73,/home/lyara/areswave/models/CD_model73.nd,nd,UNK,,,,60,,60,,60,,60,,60,,60,0.255022156,0.807956128,0.623644804,0.744977844,0.192043872,1
Geophysical_model555,/home/lyara/areswave/models/Geophysical_model555.nd,nd,UNK,,,916.902,60,900,181.079,916.902,60,1119.729,33.804,1474.676,84.511,1689.924,60,0.718243655,0.576380929,0.623668504,0.281756345,0.423619071,1
Geophysical_model687,/home/lyara/areswave/models/Geophysical_model687.nd,nd,UNK,,,916.902,60,900,181.079,916.902,60,1119.729,33.804,1474.676,84.511,1689.924,60,0.718243655,0.576380929,0.623668504,0.281756345,0.423619071,1
Geophysical_model849,/home/lyara/areswave/models/Geophysical_model849.nd,nd,UNK,,,916.902,60,900,181.079,916.902,60,1119.729,33.804,1474.676,84.511,1689.924,60,0.718243655,0.576380929,0.623668504,0.281756345,0.423619071,1
Geophysical_model150,/home/lyara/areswave/models/Geophysical_model150.nd,nd,UNK,,,1099.378,60,900,179.668,1099.378,60,1115.993,16.614,1431.674,99.689,1679.515,60,0.692952315,0.589129041,0.623736799,0.307047685,0.410870959,1
MD_model1,/home/lyara/areswave/models/MD_model1.nd,nd,UNK,,,998.962,60,781.126,10.373,998.962,60,1102.693,197.09,1445.007,186.717,1598.079,60,0.475699581,0.698147488,0.623998186,0.524300419,0.301852512,1
Geophysical_model568,/home/lyara/areswave/models/Geophysical_model568.nd,nd,UNK,,,900,60,900,181.523,900,60,1118.976,33.689,1472.706,101.066,1687.825,60,0.885877833,0.494344521,0.624855625,0.114122167,0.505655479,1
CD_model96,/home/lyara/areswave/models/CD_model96.nd,nd,UNK,,,,60,,60,,60,,60,,60,,60,0.518552905,0.678706057,0.625321673,0.481447095,0.321293943,1
Geophysical_model232,/home/lyara/areswave/models/Geophysical_model232.nd,nd,UNK,,,1033.403,60,900,187.379,1033.403,60,1133.456,16.675,1483.64,66.702,1681.71,60,0.729207734,0.574256547,0.625906943,0.270792266,0.425743453,1
Geophysical_model156,/home/lyara/areswave/models/Geophysical_model156.nd,nd,UNK,,,1033.403,60,900,187.379,1033.403,60,1133.456,16.675,1483.64,66.702,1681.71,60,0.729207734,0.574256547,0.625906943,0.270792266,0.425743453,1
Geophysical_model9,/home/lyara/areswave/models/Geophysical_model9.nd,nd,UNK,,,949.517,60,900,192.452,949.517,60,1114.574,16.506,1444.688,115.54,1675.563,60,0.866121434,0.506152141,0.626141905,0.133878566,0.493847859,1
Geophysical_model719,/home/lyara/areswave/models/Geophysical_model719.nd,nd,UNK,,,917.055,60,877.919,198.725,917.055,60,1121.71,34.109,1496.91,102.327,1695.441,60,0.75223493,0.563823139,0.626627069,0.24776507,0.436176861,1
Geophysical_model443,/home/lyara/areswave/models/Geophysical_model443.nd,nd,UNK,,,1030.985,60,900,188.215,1030.985,60,1129.223,32.746,1489.43,81.865,1670.76,60,0.761654536,0.559349625,0.626784595,0.238345464,0.440650375,1
Geophysical_model464,/home/lyara/areswave/models/Geophysical_model464.nd,nd,UNK,,,1030.985,60,900,188.215,1030.985,60,1129.223,32.746,1489.43,81.865,1670.76,60,0.761654536,0.559349625,0.626784595,0.238345464,0.440650375,1
Geophysical_model570,/home/lyara/areswave/models/Geophysical_model570.nd,nd,UNK,,,933.815,60,879.527,184.253,933.815,60,1119.798,33.815,1474.857,84.537,1690.116,60,0.808722648,0.536405269,0.627177729,0.191277352,0.463594731,1
Geophysical_model755,/home/lyara/areswave/models/Geophysical_model755.nd,nd,UNK,,,933.815,60,879.527,184.253,933.815,60,1119.798,33.815,1474.857,84.537,1690.116,60,0.808722648,0.536405269,0.627177729,0.191277352,0.463594731,1
Geophysical_model742,/home/lyara/areswave/models/Geophysical_model742.nd,nd,UNK,,,966.694,60,900,192.658,966.694,60,1133.428,33.346,1483.57,66.694,1681.638,60,0.851052494,0.515527401,0.627369099,0.148947506,0.484472599,1
Geophysical_model523,/home/lyara/areswave/models/Geophysical_model523.nd,nd,UNK,,,966.694,60,900,192.658,966.694,60,1133.428,33.346,1483.57,66.694,1681.638,60,0.851052494,0.515527401,0.627369099,0.148947506,0.484472599,1
CD_model34,/home/lyara/areswave/models/CD_model34.nd,nd,UNK,,,,60,,60,,60,,60,,60,,60,0.419883112,0.731130695,0.627381501,0.580116888,0.268869305,1
Geophysical_model575,/home/lyara/areswave/models/Geophysical_model575.nd,nd,UNK,,,900,60,900,191.037,900,60,1116.744,33.345,1483.543,100.036,1681.61,60,0.751803367,0.565462359,0.627576029,0.248196633,0.434537641,1
Geophysical_model574,/home/lyara/areswave/models/Geophysical_model574.nd,nd,UNK,,,900,60,900,191.037,900,60,1116.744,33.345,1483.543,100.036,1681.61,60,0.751803367,0.565462359,0.627576029,0.248196633,0.434537641,1
Geophysical_model339,/home/lyara/areswave/models/Geophysical_model339.nd,nd,UNK,,,949.973,60,900,195.965,949.973,60,1116.548,16.657,1449.698,116.603,1681.061,60,0.594555729,0.644332845,0.627740473,0.405444271,0.355667155,1
Geophysical_model499,/home/lyara/areswave/models/Geophysical_model499.nd,nd,UNK,,,949.973,60,900,195.965,949.973,60,1116.548,16.657,1449.698,116.603,1681.061,60,0.594555729,0.644332845,0.627740473,0.405444271,0.355667155,1
MD_model53,/home/lyara/areswave/models/MD_model53.nd,nd,UNK,,,903.72,60,838.985,183.413,903.72,60,1292.124,75.523,1324.491,32.367,1620.805,60,0.800049142,0.542293096,0.628211778,0.199950858,0.457706904,1
Geophysical_model660,/home/lyara/areswave/models/Geophysical_model660.nd,nd,UNK,,,1097.761,60,900,24.193,1097.761,60,1114.242,16.48,1443.844,115.361,1674.637,60,0.712358627,0.587363942,0.629028837,0.287641373,0.412636058,1
Geophysical_model67,/home/lyara/areswave/models/Geophysical_model67.nd,nd,UNK,,,1017.871,60,900,184.989,1017.871,60,1135.742,16.839,1489.354,84.193,1687.623,60,0.557440703,0.664976958,0.62913154,0.442559297,0.335023042,1
MD_model29,/home/lyara/areswave/models/MD_model29.nd,nd,UNK,,,986.476,60,738.622,183.197,986.476,60,1298.987,32.329,1352.868,53.881,1637.567,60,0.463908451,0.712349492,0.629535812,0.536091549,0.287650508,1
Geophysical_model805,/home/lyara/areswave/models/Geophysical_model805.nd,nd,UNK,,,1085.08,60,900,29.801,1085.08,60,1101.905,16.826,1455.24,117.778,1687.143,60,0.732695948,0.578367979,0.629810635,0.267304052,0.421632021,1
Geophysical_model152,/home/lyara/areswave/models/Geophysical_model152.nd,nd,UNK,,,950.042,60,900,197.911,950.042,60,1116.847,33.361,1450.457,116.764,1681.894,60,0.707503296,0.591331893,0.630055694,0.292496704,0.408668107,1
Geophysical_model854,/home/lyara/areswave/models/Geophysical_model854.nd,nd,UNK,,,900,60,900,184.477,900,60,1106.204,17.184,1467.062,85.919,1501.429,68.735,0.861297809,0.514562153,0.630140705,0.138702191,0.485437847,1
Geophysical_model738,/home/lyara/areswave/models/Geophysical_model738.nd,nd,UNK,,,900,60,900,184.477,900,60,1106.204,17.184,1467.062,85.919,1501.429,68.735,0.861297809,0.514562153,0.630140705,0.138702191,0.485437847,1
Geophysical_model249,/home/lyara/areswave/models/Geophysical_model249.nd,nd,UNK,,,967.872,60,900,181.004,967.872,60,1120.585,33.937,1459.948,101.809,1692.31,60,0.846541828,0.522015432,0.630190897,0.153458172,0.477984568,1
AK_model_42,/home/lyara/areswave/models/AK_model_42.nd,nd,UNK,,,1023.627,60,814.993,26.08,1023.627,60,1284.42,104.317,1310.5,182.555,1676.948,60,0.712592506,0.589048987,0.63023016,0.287407494,0.410951013,1
MD_model52,/home/lyara/areswave/models/MD_model52.nd,nd,UNK,,,1047.919,60,764.485,185.323,1047.919,60,1265.946,32.704,1331.354,54.507,1640.388,60,0.732534393,0.579650687,0.630611922,0.267465607,0.420349313,1
Geophysical_model15,/home/lyara/areswave/models/Geophysical_model15.nd,nd,UNK,,,966.855,60,900,194.182,966.855,60,1117.28,33.428,1484.985,100.283,1683.102,60,0.771080041,0.562019733,0.631706502,0.228919959,0.437980267,1
Geophysical_model653,/home/lyara/areswave/models/Geophysical_model653.nd,nd,UNK,,,916.721,60,875.849,193.209,916.721,60,1117.378,33.443,1485.25,83.608,1683.376,60,0.838520495,0.529216503,0.632317834,0.161479505,0.470783497,1
Geophysical_model396,/home/lyara/areswave/models/Geophysical_model396.nd,nd,UNK,,,949.68,60,900,188.732,949.68,60,1115.279,16.56,1446.478,99.36,1677.528,60,0.75017028,0.574467077,0.633034811,0.24982972,0.425532923,1
MD_model100,/home/lyara/areswave/models/MD_model100.nd,nd,UNK,,,1053.462,60,725.562,190.393,1053.462,60,1275.587,31.732,1349.629,74.042,1609.919,60,0.673718096,0.612700847,0.63303993,0.326281904,0.387299153,1
Geophysical_model950,/home/lyara/areswave/models/Geophysical_model950.nd,nd,UNK,,,950.057,60,900,199.649,950.057,60,1133.601,33.371,1484.001,66.743,1682.084,60,0.85059739,0.524511156,0.633206567,0.14940261,0.475488844,1
Geophysical_model997,/home/lyara/areswave/models/Geophysical_model997.nd,nd,UNK,,,950.057,60,900,199.649,950.057,60,1133.601,33.371,1484.001,66.743,1682.084,60,0.85059739,0.524511156,0.633206567,0.14940261,0.475488844,1
Geophysical_model37,/home/lyara/areswave/models/Geophysical_model37.nd,nd,UNK,,,966.337,60,900,193.897,966.337,60,1115.594,16.584,1463.861,116.089,1678.405,60,0.606383,0.646910578,0.633401386,0.393617,0.353089422,1
Geophysical_model88,/home/lyara/areswave/models/Geophysical_model88.nd,nd,UNK,,,966.337,60,900,193.897,966.337,60,1115.594,16.584,1463.861,116.089,1678.405,60,0.606383,0.646910578,0.633401386,0.393617,0.353089422,1
Geophysical_model640,/home/lyara/areswave/models/Geophysical_model640.nd,nd,UNK,,,900,60,877.345,181.238,900,60,1119.204,33.724,1490.165,101.171,1688.461,60,0.785447941,0.557679081,0.633602035,0.214552059,0.442320919,1
Geophysical_model758,/home/lyara/areswave/models/Geophysical_model758.nd,nd,UNK,,,950.526,60,900,173.241,950.526,60,1135.789,33.684,1489.473,67.369,1687.745,60,0.76039622,0.570330122,0.633685488,0.23960378,0.429669878,1
Geophysical_model503,/home/lyara/areswave/models/Geophysical_model503.nd,nd,UNK,,,950.526,60,900,173.241,950.526,60,1135.789,33.684,1489.473,67.369,1687.745,60,0.76039622,0.570330122,0.633685488,0.23960378,0.429669878,1
Geophysical_model886,/home/lyara/areswave/models/Geophysical_model886.nd,nd,UNK,,,950.526,60,900,173.241,950.526,60,1135.789,33.684,1489.473,67.369,1687.745,60,0.76039622,0.570330122,0.633685488,0.23960378,0.429669878,1
Geophysical_model504,/home/lyara/areswave/models/Geophysical_model504.nd,nd,UNK,,,1050.167,60,900,21.376,1050.167,60,1100.223,33.371,1483.984,100.111,1682.066,60,0.804971919,0.548134738,0.633747132,0.195028081,0.451865262,1
Geophysical_model588,/home/lyara/areswave/models/Geophysical_model588.nd,nd,UNK,,,916.714,60,900,191.837,916.714,60,1117.284,33.428,1468.281,83.571,1683.113,60,0.739591112,0.580985322,0.633853919,0.260408888,0.419014678,1
Geophysical_model11,/home/lyara/areswave/models/Geophysical_model11.nd,nd,UNK,,,1001.216,60,861.153,194.233,1001.216,60,1119.301,33.738,1490.426,101.216,1688.731,60,0.648623638,0.626616913,0.633952488,0.351376362,0.373383087,1
MD_model15,/home/lyara/areswave/models/MD_model15.nd,nd,UNK,,,994.191,60,802.191,10.667,994.191,60,1164.858,149.334,1463.525,192,1618.557,60,0.59983334,0.651461751,0.634252281,0.40016666,0.348538249,1
AK_model_71,/home/lyara/areswave/models/AK_model_71.nd,nd,UNK,,,1027.518,60,797.261,25.584,1027.518,60,1283.359,76.752,1308.944,25.584,1695.121,60,0.855445373,0.524321974,0.63469644,0.144554627,0.475678026,1
CD_model18,/home/lyara/areswave/models/CD_model18.nd,nd,UNK,,,,60,,60,,60,,60,,60,,60,0.388570735,0.758441939,0.635151538,0.611429265,0.241558061,1
CD_model20,/home/lyara/areswave/models/CD_model20.nd,nd,UNK,,,,60,,60,,60,,60,,60,,60,0.388703874,0.758401124,0.635168707,0.611296126,0.241598876,1
Geophysical_model27,/home/lyara/areswave/models/Geophysical_model27.nd,nd,UNK,,,983.983,60,900,186.254,983.983,60,1118.355,33.593,1487.879,100.779,1686.096,60,0.700692167,0.60283929,0.635456916,0.299307833,0.39716071,1
Geophysical_model162,/home/lyara/areswave/models/Geophysical_model162.nd,nd,UNK,,,983.983,60,900,186.254,983.983,60,1118.355,33.593,1487.879,100.779,1686.096,60,0.700692167,0.60283929,0.635456916,0.299307833,0.39716071,1
Geophysical_model672,/home/lyara/areswave/models/Geophysical_model672.nd,nd,UNK,,,900,60,900,180.972,900,60,1119.116,33.71,1489.927,101.131,1688.215,60,0.827278932,0.539751507,0.635593982,0.172721068,0.460248493,1
Geophysical_model990,/home/lyara/areswave/models/Geophysical_model990.nd,nd,UNK,,,950.721,60,900,183.737,950.721,60,1119.792,33.814,1491.747,84.535,1690.099,60,0.668683178,0.620303311,0.636429933,0.331316822,0.379696689,1
Geophysical_model614,/home/lyara/areswave/models/Geophysical_model614.nd,nd,UNK,,,933.975,60,879.27,186.573,933.975,60,1120.837,33.975,1494.562,84.937,1693.011,60,0.783739444,0.563035088,0.636603207,0.216260556,0.436964912,1
Geophysical_model272,/home/lyara/areswave/models/Geophysical_model272.nd,nd,UNK,,,949.973,60,900,197.754,949.973,60,1116.548,16.657,1449.698,99.945,1681.061,60,0.77638072,0.5667918,0.636654773,0.22361928,0.4332082,1
Geophysical_model958,/home/lyara/areswave/models/Geophysical_model958.nd,nd,UNK,,,900,60,900,188.84,900,60,1116,16.615,1498.154,99.692,1679.536,60,0.680581149,0.614727105,0.636678453,0.319418851,0.385272895,1
AK_model_3,/home/lyara/areswave/models/AK_model_3.nd,nd,UNK,,,1022.298,60,814.479,51.955,1022.298,60,1282.072,103.91,1308.049,25.978,1673.821,60,0.592588421,0.658769506,0.636709144,0.407411579,0.341230494,1
Geophysical_model400,/home/lyara/areswave/models/Geophysical_model400.nd,nd,UNK,,,949.523,60,900,191.149,949.523,60,1114.598,16.507,1461.256,99.045,1675.63,60,0.598372634,0.65616234,0.636899105,0.401627366,0.34383766,1
CD_model59,/home/lyara/areswave/models/CD_model59.nd,nd,UNK,,,,60,,60,,60,,60,,60,,60,0.466329968,0.722353422,0.637012271,0.533670032,0.277646578,1
CD_model6,/home/lyara/areswave/models/CD_model6.nd,nd,UNK,,,,60,,60,,60,,60,,60,,60,0.490818082,0.710372749,0.63718786,0.509181918,0.289627251,1
AK_model_72,/home/lyara/areswave/models/AK_model_72.nd,nd,UNK,,,1026.606,60,795.967,25.627,1026.606,60,1282.873,76.88,1308.499,25.627,1695.104,60,0.705133126,0.60336384,0.637286935,0.294866874,0.39663616,1
CD_model36,/home/lyara/areswave/models/CD_model36.nd,nd,UNK,,,,60,,60,,60,,60,,60,,60,0.347057383,0.783241861,0.637847035,0.652942617,0.216758139,1
CD_model82,/home/lyara/areswave/models/CD_model82.nd,nd,UNK,,,,60,,60,,60,,60,,60,,60,0.347057383,0.783241861,0.637847035,0.652942617,0.216758139,1
MD_model58,/home/lyara/areswave/models/MD_model58.nd,nd,UNK,,,900.043,60,768.768,121.177,900.043,60,1293.868,80.785,1314.064,30.294,1495.829,61.086,0.662519542,0.62574755,0.638004881,0.337480458,0.37425245,1
Geophysical_model273,/home/lyara/areswave/models/Geophysical_model273.nd,nd,UNK,,,950.621,60,900,192.233,950.621,60,1119.357,33.747,1456.828,101.242,1688.886,60,0.831377912,0.542217568,0.638604349,0.168622088,0.457782432,1
Geophysical_model182,/home/lyara/areswave/models/Geophysical_model182.nd,nd,UNK,,,1099.994,60,900,180.69,1099.994,60,1116.66,16.666,1449.983,99.997,1681.374,60,0.745320966,0.585488654,0.638766091,0.254679034,0.414511346,1
Geophysical_model62,/home/lyara/areswave/models/Geophysical_model62.nd,nd,UNK,,,1099.133,60,900,181.776,1099.133,60,1115.728,16.594,1431.022,99.567,1678.777,60,0.862874284,0.527186648,0.639082527,0.137125716,0.472813352,1
Geophysical_model444,/home/lyara/areswave/models/Geophysical_model444.nd,nd,UNK,,,949.55,60,900,192.741,949.55,60,1114.715,16.516,1461.562,99.099,1675.956,60,0.706770597,0.605697558,0.639388571,0.293229403,0.394302442,1
Geophysical_model542,/home/lyara/areswave/models/Geophysical_model542.nd,nd,UNK,,,1088.045,60,900,20.704,1088.045,60,1105.14,17.095,1464.136,119.665,1696.906,60,0.884108093,0.517089146,0.639428795,0.115891907,0.482910854,1
Geophysical_model214,/home/lyara/areswave/models/Geophysical_model214.nd,nd,UNK,,,949.92,60,900,183.216,949.92,60,1116.318,16.64,1449.115,116.479,1680.421,60,0.821739394,0.548766396,0.639757395,0.178260606,0.451233604,1
Geophysical_model732,/home/lyara/areswave/models/Geophysical_model732.nd,nd,UNK,,,933.813,60,900,183.29,933.813,60,1119.783,33.813,1491.724,84.532,1690.075,60,0.74309847,0.588100001,0.639766157,0.25690153,0.411899999,1
CD_model74,/home/lyara/areswave/models/CD_model74.nd,nd,UNK,,,,60,,60,,60,,60,,60,,60,0.496583099,0.711430422,0.639814647,0.503416901,0.288569578,1
AK_model_2,/home/lyara/areswave/models/AK_model_2.nd,nd,UNK,,,1042.278,60,836.749,25.691,1042.278,60,1273.498,102.764,1324.88,25.691,1663.202,60,0.603131096,0.658567347,0.640088596,0.396868904,0.341432653,1
Geophysical_model829,/home/lyara/areswave/models/Geophysical_model829.nd,nd,UNK,,,949.985,60,900,199.43,949.985,60,1133.262,33.323,1483.154,83.308,1681.208,60,0.762213714,0.579268074,0.640249954,0.237786286,0.420731926,1
Geophysical_model957,/home/lyara/areswave/models/Geophysical_model957.nd,nd,UNK,,,949.985,60,900,199.43,949.985,60,1133.262,33.323,1483.154,83.308,1681.208,60,0.762213714,0.579268074,0.640249954,0.237786286,0.420731926,1
Geophysical_model876,/home/lyara/areswave/models/Geophysical_model876.nd,nd,UNK,,,1085.08,60,900,29.768,1085.08,60,1101.905,16.826,1455.24,117.778,1687.143,60,0.712869311,0.604895653,0.640886872,0.287130689,0.395104347,1
CD_model15,/home/lyara/areswave/models/CD_model15.nd,nd,UNK,,,,60,,60,,60,,60,,60,,60,0.315867453,0.803617885,0.641034408,0.684132547,0.196382115,1
MD_model36,/home/lyara/areswave/models/MD_model36.nd,nd,UNK,,,943.636,60,709.932,180.589,943.636,60,1272.946,63.738,1304.815,10.623,1608.508,60,0.878955793,0.522503327,0.641320815,0.121044207,0.477496673,1
Geophysical_model100,/home/lyara/areswave/models/Geophysical_model100.nd,nd,UNK,,,1033.219,60,877.55,179.596,1033.219,60,1133.134,33.305,1482.834,83.262,1680.877,60,0.782595148,0.572060862,0.642238958,0.217404852,0.427939138,1
Geophysical_model264,/home/lyara/areswave/models/Geophysical_model264.nd,nd,UNK,,,966.81,60,900,179.331,966.81,60,1117.132,33.405,1451.182,100.215,1682.69,60,0.46070678,0.73303086,0.642256167,0.53929322,0.26696914,1
AK_model_89,/home/lyara/areswave/models/AK_model_89.nd,nd,UNK,,,1067.757,60,799.181,26.857,1067.757,60,1282.617,26.857,1336.333,53.715,1707.44,60,0.77896537,0.574054609,0.642358196,0.22103463,0.425945391,1
Geophysical_model893,/home/lyara/areswave/models/Geophysical_model893.nd,nd,UNK,,,950.04,60,900,197.965,950.04,60,1133.518,33.36,1483.796,66.72,1681.871,60,0.823710756,0.552756162,0.64307436,0.176289244,0.447243838,1
Geophysical_model969,/home/lyara/areswave/models/Geophysical_model969.nd,nd,UNK,,,900,60,900,180.861,900,60,1106.104,17.175,1483.961,103.052,1699.813,60,0.835389031,0.54710784,0.64320157,0.164610969,0.45289216,1
CD_model26,/home/lyara/areswave/models/CD_model26.nd,nd,UNK,,,,60,,60,,60,,60,,60,,60,0.27836216,0.825880764,0.643374563,0.72163784,0.174119236,1
AK_model_97,/home/lyara/areswave/models/AK_model_97.nd,nd,UNK,,,1076.276,60,775.803,27.315,1076.276,60,1294.802,54.632,1322.117,27.316,1723.434,60,0.722476587,0.604678064,0.643944239,0.277523413,0.395321936,1
Geophysical_model230,/home/lyara/areswave/models/Geophysical_model230.nd,nd,UNK,,,949.483,60,900,193.526,949.483,60,1114.426,16.494,1460.805,98.966,1675.15,60,0.622611048,0.654873107,0.644119087,0.377388952,0.345126893,1
Geophysical_model766,/home/lyara/areswave/models/Geophysical_model766.nd,nd,UNK,,,1099.489,60,900,21.004,1099.489,60,1116.113,16.624,1465.218,99.745,1679.849,60,0.732519608,0.600560268,0.644546714,0.267480392,0.399439732,1
Geophysical_model699,/home/lyara/areswave/models/Geophysical_model699.nd,nd,UNK,,,900,60,900,179.615,900,60,1118.724,33.65,1488.873,100.949,1687.125,60,0.801384756,0.566169997,0.644574917,0.198615244,0.433830003,1
Geophysical_model483,/home/lyara/areswave/models/Geophysical_model483.nd,nd,UNK,,,966.664,60,900,186.704,966.664,60,1116.657,16.666,1466.64,99.995,1681.365,60,0.608387353,0.663494337,0.645125343,0.391612647,0.336505663,1
Geophysical_model20,/home/lyara/areswave/models/Geophysical_model20.nd,nd,UNK,,,966.664,60,900,186.704,966.664,60,1116.657,16.666,1466.64,99.995,1681.365,60,0.608387353,0.663494337,0.645125343,0.391612647,0.336505663,1
Geophysical_model357,/home/lyara/areswave/models/Geophysical_model357.nd,nd,UNK,,,949.68,60,900,188.743,949.68,60,1115.279,16.56,1446.478,99.36,1677.528,60,0.76853756,0.583680221,0.645299334,0.23146244,0.416319779,1
Geophysical_model424,/home/lyara/areswave/models/Geophysical_model424.nd,nd,UNK,,,1001.023,60,900,187.887,1001.023,60,1118.883,33.675,1472.464,101.024,1687.568,60,0.605802786,0.665223285,0.645416452,0.394197214,0.334776715,1
CD_model28,/home/lyara/areswave/models/CD_model28.nd,nd,UNK,,,,60,,60,,60,,60,,60,,60,0.33368408,0.801605383,0.645631615,0.66631592,0.198394617,1
Geophysical_model556,/home/lyara/areswave/models/Geophysical_model556.nd,nd,UNK,,,900,60,900,179.901,900,60,1119.137,33.714,1473.128,101.141,1688.275,60,0.754612202,0.59226898,0.646383387,0.245387798,0.40773102,1
Geophysical_model666,/home/lyara/areswave/models/Geophysical_model666.nd,nd,UNK,,,900,60,900,179.901,900,60,1119.137,33.714,1473.128,101.141,1688.275,60,0.754612202,0.59226898,0.646383387,0.245387798,0.40773102,1
Geophysical_model731,/home/lyara/areswave/models/Geophysical_model731.nd,nd,UNK,,,1099.489,60,900,21.414,1099.489,60,1116.113,16.624,1465.218,99.745,1679.849,60,0.701547701,0.618850748,0.646416399,0.298452299,0.381149252,1
Geophysical_model624,/home/lyara/areswave/models/Geophysical_model624.nd,nd,UNK,,,1099.489,60,900,21.414,1099.489,60,1116.113,16.624,1465.218,99.745,1679.849,60,0.701547701,0.618850748,0.646416399,0.298452299,0.381149252,1
MD_model60,/home/lyara/areswave/models/MD_model60.nd,nd,UNK,,,1089.018,60,853.974,190.274,1089.018,60,1122.596,11.193,1357.641,89.541,1672.31,60,0.737514721,0.601073345,0.646553804,0.262485279,0.398926655,1
Geophysical_model941,/home/lyara/areswave/models/Geophysical_model941.nd,nd,UNK,,,900,60,900,29.796,900,60,1101.736,16.811,1488.396,100.868,1686.632,60,0.742372049,0.598694136,0.646586774,0.257627951,0.401305864,1
Geophysical_model451,/home/lyara/areswave/models/Geophysical_model451.nd,nd,UNK,,,1047.105,60,900,187.491,1047.105,60,1145.175,32.69,1488.42,65.38,1669.744,60,0.866609734,0.53724972,0.647036391,0.133390266,0.46275028,1
Geophysical_model380,/home/lyara/areswave/models/Geophysical_model380.nd,nd,UNK,,,1047.105,60,900,187.491,1047.105,60,1145.175,32.69,1488.42,65.38,1669.744,60,0.866609734,0.53724972,0.647036391,0.133390266,0.46275028,1
CD_model62,/home/lyara/areswave/models/CD_model62.nd,nd,UNK,,,,60,,60,,60,,60,,60,,60,0.266534386,0.838149095,0.647610859,0.733465614,0.161850905,1
MD_model46,/home/lyara/areswave/models/MD_model46.nd,nd,UNK,,,1043.145,60,863.077,90.034,1043.145,60,1283.235,60.023,1333.254,10.004,1483.311,61.49,0.82909109,0.557464446,0.648006661,0.17090891,0.442535554,1
AK_model_23,/home/lyara/areswave/models/AK_model_23.nd,nd,UNK,,,1057.206,60,792.209,26.5,1057.206,60,1295.703,52.999,1322.203,26.5,1691.329,60,0.729593233,0.607623041,0.648279772,0.270406767,0.392376959,1
Geophysical_model795,/home/lyara/areswave/models/Geophysical_model795.nd,nd,UNK,,,900,60,900,21.486,900,60,1116.829,33.358,1483.771,100.075,1681.845,60,0.751394639,0.596872422,0.648379828,0.248605361,0.403127578,1
Geophysical_model324,/home/lyara/areswave/models/Geophysical_model324.nd,nd,UNK,,,1049.881,60,900,182.401,1049.881,60,1133.149,33.307,1482.872,83.268,1680.916,60,0.746530556,0.600467383,0.649155108,0.253469444,0.399532617,1
Geophysical_model201,/home/lyara/areswave/models/Geophysical_model201.nd,nd,UNK,,,1049.881,60,900,182.401,1049.881,60,1133.149,33.307,1482.872,83.268,1680.916,60,0.746530556,0.600467383,0.649155108,0.253469444,0.399532617,1
CD_model9,/home/lyara/areswave/models/CD_model9.nd,nd,UNK,,,,60,,60,,60,,60,,60,,60,0.431248943,0.75888621,0.649673788,0.568751057,0.24111379,1
CD_model2,/home/lyara/areswave/models/CD_model2.nd,nd,UNK,,,,60,,60,,60,,60,,60,,60,0.402072018,0.773958275,0.64999619,0.597927982,0.226041725,1
Geophysical_model142,/home/lyara/areswave/models/Geophysical_model142.nd,nd,UNK,,,966.81,60,900,180.188,966.81,60,1117.132,33.405,1484.587,100.215,1682.69,60,0.836843901,0.556942282,0.650242822,0.163156099,0.443057718,1
Geophysical_model799,/home/lyara/areswave/models/Geophysical_model799.nd,nd,UNK,,,933.862,60,900,186.987,933.862,60,1120.105,33.862,1492.59,84.656,1690.97,60,0.725792607,0.612719898,0.650410801,0.274207393,0.387280102,1
Geophysical_model633,/home/lyara/areswave/models/Geophysical_model633.nd,nd,UNK,,,916.648,60,877.507,179.943,916.648,60,1116.419,16.648,1499.315,99.885,1680.704,60,0.87899647,0.537316653,0.651209925,0.12100353,0.462683347,1
Geophysical_model781,/home/lyara/areswave/models/Geophysical_model781.nd,nd,UNK,,,916.648,60,877.507,179.943,916.648,60,1116.419,16.648,1499.315,99.885,1680.704,60,0.87899647,0.537316653,0.651209925,0.12100353,0.462683347,1
Geophysical_model299,/home/lyara/areswave/models/Geophysical_model299.nd,nd,UNK,,,1098.572,60,900,179.417,1098.572,60,1115.12,16.548,1446.074,99.286,1677.084,60,0.74785868,0.603133085,0.65137495,0.25214132,0.396866915,1
Geophysical_model322,/home/lyara/areswave/models/Geophysical_model322.nd,nd,UNK,,,983.19,60,900,194.819,983.19,60,1116.294,16.638,1465.692,116.466,1680.354,60,0.783186192,0.585808558,0.651601103,0.216813808,0.414191442,1
CD_model24,/home/lyara/areswave/models/CD_model24.nd,nd,UNK,,,,60,,60,,60,,60,,60,,60,0.475175069,0.739893061,0.65165373,0.524824931,0.260106939,1
Geophysical_model759,/home/lyara/areswave/models/Geophysical_model759.nd,nd,UNK,,,966.806,60,900,177.517,966.806,60,1133.823,33.403,1484.557,66.807,1682.659,60,0.831511126,0.562176557,0.651954747,0.168488874,0.437823443,1
Geophysical_model751,/home/lyara/areswave/models/Geophysical_model751.nd,nd,UNK,,,1050.167,60,900,21.376,1050.167,60,1100.223,33.371,1483.984,100.111,1682.066,60,0.815626277,0.570157218,0.651980238,0.184373723,0.429842782,1
Geophysical_model760,/home/lyara/areswave/models/Geophysical_model760.nd,nd,UNK,,,1050.167,60,900,21.376,1050.167,60,1100.223,33.371,1483.984,100.111,1682.066,60,0.815626277,0.570157218,0.651980238,0.184373723,0.429842782,1
Geophysical_model676,/home/lyara/areswave/models/Geophysical_model676.nd,nd,UNK,,,1050.167,60,900,21.376,1050.167,60,1100.223,33.371,1483.984,100.111,1682.066,60,0.815626277,0.570157218,0.651980238,0.184373723,0.429842782,1
Geophysical_model677,/home/lyara/areswave/models/Geophysical_model677.nd,nd,UNK,,,1050.167,60,900,21.376,1050.167,60,1100.223,33.371,1483.984,100.111,1682.066,60,0.815626277,0.570157218,0.651980238,0.184373723,0.429842782,1
MD_model81,/home/lyara/areswave/models/MD_model81.nd,nd,UNK,,,935.619,60,731.217,182.886,935.619,60,1290.631,53.79,1301.389,60,1629.021,60,0.906464307,0.525161092,0.652262164,0.093535693,0.474838908,1
Geophysical_model603,/home/lyara/areswave/models/Geophysical_model603.nd,nd,UNK,,,1099.625,60,900,21.542,1099.625,60,1116.26,16.636,1465.604,99.812,1680.261,60,0.688877263,0.634045275,0.652322605,0.311122737,0.365954725,1
AK_model_86,/home/lyara/areswave/models/AK_model_86.nd,nd,UNK,,,1049.938,60,885.794,23.449,1049.938,60,1284.43,23.45,1354.777,70.347,1674.308,60,0.710941788,0.623159153,0.652420031,0.289058212,0.376840847,1
MD_model71,/home/lyara/areswave/models/MD_model71.nd,nd,UNK,,,988.56,60,746.594,10.52,988.56,60,1114.804,178.845,1440.933,21.04,1605.599,60,0.52161501,0.717825757,0.652422174,0.47838499,0.282174243,1
Geophysical_model91,/home/lyara/areswave/models/Geophysical_model91.nd,nd,UNK,,,1001.362,60,880.983,190.173,1001.362,60,1119.617,33.788,1491.277,101.362,1689.612,60,0.672911705,0.642254039,0.652473261,0.327088295,0.357745961,1
Geophysical_model168,/home/lyara/areswave/models/Geophysical_model168.nd,nd,UNK,,,1001.362,60,880.983,190.173,1001.362,60,1119.617,33.788,1491.277,101.362,1689.612,60,0.672911705,0.642254039,0.652473261,0.327088295,0.357745961,1
Geophysical_model72,/home/lyara/areswave/models/Geophysical_model72.nd,nd,UNK,,,1032.978,60,900,188.982,1032.978,60,1132.711,33.244,1481.777,83.111,1679.782,60,0.760765679,0.598745131,0.65275198,0.239234321,0.401254869,1
MD_model25,/home/lyara/areswave/models/MD_model25.nd,nd,UNK,,,906.668,60,896.424,194.633,906.668,60,1295.935,81.951,1306.179,30.732,1500.813,60.925,0.717506283,0.620634882,0.652925349,0.282493717,0.379365118,1
Geophysical_model255,/home/lyara/areswave/models/Geophysical_model255.nd,nd,UNK,,,1017.871,60,900,185.688,1017.871,60,1135.742,16.839,1489.354,84.193,1687.623,60,0.738485853,0.610895234,0.65342544,0.261514147,0.389104766,1
MD_model84,/home/lyara/areswave/models/MD_model84.nd,nd,UNK,,,957.206,60,743.892,191.983,957.206,60,1277.177,53.329,1341.172,74.66,1613.68,60,0.744655119,0.608028188,0.653570498,0.255344881,0.391971812,1
AK_model_36,/home/lyara/areswave/models/AK_model_36.nd,nd,UNK,,,1018.238,60,808.87,26.171,1018.238,60,1227.606,104.684,1306.119,26.171,1673.647,60,0.391608595,0.784813627,0.653745283,0.608391405,0.215186373,1
AK_model_63,/home/lyara/areswave/models/AK_model_63.nd,nd,UNK,,,996.13,60,793.624,25.314,996.13,60,1122.696,75.94,1325.202,75.939,1684.197,60,0.735552296,0.612844842,0.653747327,0.264447704,0.387155158,1
CD_model66,/home/lyara/areswave/models/CD_model66.nd,nd,UNK,,,,60,,60,,60,,60,,60,,60,0.404924141,0.778223019,0.65379006,0.595075859,0.221776981,1
Geophysical_model81,/home/lyara/areswave/models/Geophysical_model81.nd,nd,UNK,,,950.269,60,900,194.508,950.269,60,1117.834,33.513,1452.962,117.295,1684.644,60,0.792725923,0.584605566,0.653979018,0.207274077,0.415394434,1
AK_model_94,/home/lyara/areswave/models/AK_model_94.nd,nd,UNK,,,1080.51,60,778.064,27.495,1080.51,60,1272.975,27.495,1327.965,54.99,1730.529,60,0.736206495,0.613311788,0.65427669,0.263793505,0.386688212,1
Geophysical_model478,/home/lyara/areswave/models/Geophysical_model478.nd,nd,UNK,,,983.19,60,858.498,186.757,983.19,60,1116.294,16.638,1465.692,116.465,1680.354,60,0.616022167,0.673547058,0.654372094,0.383977833,0.326452942,1
Geophysical_model516,/home/lyara/areswave/models/Geophysical_model516.nd,nd,UNK,,,1086.489,60,900,21.269,1086.489,60,1103.443,16.953,1459.467,118.675,1691.782,60,0.812556069,0.575352645,0.654420453,0.187443931,0.424647355,1
Geophysical_model630,/home/lyara/areswave/models/Geophysical_model630.nd,nd,UNK,,,916.693,60,877.619,179.047,916.693,60,1117.015,33.386,1484.271,83.467,1682.363,60,0.83884465,0.562963444,0.654923846,0.16115535,0.437036556,1
Geophysical_model621,/home/lyara/areswave/models/Geophysical_model621.nd,nd,UNK,,,1098.113,60,875.932,48.135,1098.113,60,1114.623,16.509,1444.812,115.566,1675.699,60,0.843744429,0.561115687,0.655325267,0.156255571,0.438884313,1
Geophysical_model680,/home/lyara/areswave/models/Geophysical_model680.nd,nd,UNK,,,1099.489,60,900,21.152,1099.489,60,1116.113,16.624,1465.218,99.745,1679.849,60,0.735550761,0.615801983,0.655718243,0.264449239,0.384198017,1
CD_model68,/home/lyara/areswave/models/CD_model68.nd,nd,UNK,,,,60,,60,,60,,60,,60,,60,0.575234499,0.696434598,0.656034565,0.424765501,0.303565402,1
AK_model_45,/home/lyara/areswave/models/AK_model_45.nd,nd,UNK,,,1013.382,60,800.038,26.667,1013.382,60,1280.062,106.672,1493.405,26.668,1703.13,60,0.868670089,0.549817222,0.656101511,0.131329911,0.450182778,1
Geophysical_model954,/home/lyara/areswave/models/Geophysical_model954.nd,nd,UNK,,,900,60,900,187.087,900,60,1116.17,16.628,1448.739,116.4,1680.009,60,0.758276397,0.606250694,0.656925928,0.241723603,0.393749306,1
Geophysical_model915,/home/lyara/areswave/models/Geophysical_model915.nd,nd,UNK,,,950.085,60,900,182.607,950.085,60,1133.728,33.39,1484.32,66.779,1682.414,60,0.714752016,0.628453693,0.657219801,0.285247984,0.371546307,1
CD_model41,/home/lyara/areswave/models/CD_model41.nd,nd,UNK,,,,60,,60,,60,,60,,60,,60,0.410398986,0.780759785,0.657306186,0.589601014,0.219240215,1
Geophysical_model165,/home/lyara/areswave/models/Geophysical_model165.nd,nd,UNK,,,1016.295,60,900,197.503,1016.295,60,1132.589,33.227,1481.473,99.682,1679.468,60,0.688100213,0.642394348,0.657629637,0.311899787,0.357605652,1
Geophysical_model236,/home/lyara/areswave/models/Geophysical_model236.nd,nd,UNK,,,933.558,60,900,195.82,933.558,60,1101.346,16.779,1436.922,117.452,1685.455,60,0.649266148,0.662806111,0.65829279,0.350733852,0.337193889,1
MD_model69,/home/lyara/areswave/models/MD_model69.nd,nd,UNK,,,1009.071,60,829.529,10.561,1009.071,60,1135.807,137.296,1347.033,190.104,1617.331,60,0.708164966,0.633585773,0.658445504,0.291835034,0.366414227,1
Geophysical_model242,/home/lyara/areswave/models/Geophysical_model242.nd,nd,UNK,,,967.494,60,900,192.867,967.494,60,1119.357,33.747,1456.828,118.116,1688.886,60,0.760163513,0.607653179,0.658489957,0.239836487,0.392346821,1
Geophysical_model346,/home/lyara/areswave/models/Geophysical_model346.nd,nd,UNK,,,967.494,60,900,192.867,967.494,60,1119.357,33.747,1456.828,118.116,1688.886,60,0.760163513,0.607653179,0.658489957,0.239836487,0.392346821,1
Geophysical_model197,/home/lyara/areswave/models/Geophysical_model197.nd,nd,UNK,,,1049.881,60,900,183.155,1049.881,60,1133.149,33.307,1466.219,83.268,1680.916,60,0.798237375,0.588802717,0.65861427,0.201762625,0.411197283,1
Geophysical_model57,/home/lyara/areswave/models/Geophysical_model57.nd,nd,UNK,,,984.104,60,876.704,186.372,984.104,60,1118.67,33.641,1488.726,100.924,1686.973,60,0.727419729,0.624885964,0.659063886,0.272580271,0.375114036,1
Geophysical_model977,/home/lyara/areswave/models/Geophysical_model977.nd,nd,UNK,,,1086.703,60,900,21.204,1086.703,60,1103.676,16.973,1460.108,118.81,1692.486,60,0.742366648,0.617842089,0.659350275,0.257633352,0.382157911,1
MD_model27,/home/lyara/areswave/models/MD_model27.nd,nd,UNK,,,1030.409,60,895.244,10.397,1030.409,60,1259.149,83.178,1311.135,31.191,1589.478,60,0.791244794,0.593522447,0.659429896,0.208755206,0.406477553,1
Geophysical_model708,/home/lyara/areswave/models/Geophysical_model708.nd,nd,UNK,,,900,60,900,178.573,900,60,1118.565,33.625,1471.633,100.876,1686.682,60,0.556466391,0.711555257,0.659858968,0.443533609,0.288444743,1
Geophysical_model331,/home/lyara/areswave/models/Geophysical_model331.nd,nd,UNK,,,966.03,60,900,191.536,966.03,60,1114.598,16.507,1461.256,99.045,1675.63,60,0.775811002,0.601983781,0.659926188,0.224188998,0.398016219,1
MD_model3,/home/lyara/areswave/models/MD_model3.nd,nd,UNK,,,1000.461,60,799.496,10.577,1000.461,60,1137.964,190.388,1434.124,190.389,1609.796,60,0.629191481,0.675375395,0.659980757,0.370808519,0.324624605,1
Geophysical_model362,/home/lyara/areswave/models/Geophysical_model362.nd,nd,UNK,,,1001.068,60,900,188.049,1001.068,60,1135.824,33.689,1489.56,101.067,1687.836,60,0.826751862,0.577034041,0.660273315,0.173248138,0.422965959,1
Geophysical_model645,/home/lyara/areswave/models/Geophysical_model645.nd,nd,UNK,,,917.055,60,877.857,199.287,917.055,60,1121.71,34.109,1496.91,102.327,1695.441,60,0.827334166,0.576847325,0.660342939,0.172665834,0.423152675,1
AK_model_32,/home/lyara/areswave/models/AK_model_32.nd,nd,UNK,,,1041.652,60,799.091,26.951,1041.652,60,1284.214,53.903,1311.165,53.903,1709.879,60,0.758465719,0.612229972,0.660975221,0.241534281,0.387770028,1
Geophysical_model584,/home/lyara/areswave/models/Geophysical_model584.nd,nd,UNK,,,916.701,60,877.696,178.433,916.701,60,1117.112,33.402,1484.532,83.504,1682.633,60,0.865337656,0.558803399,0.660981485,0.134662344,0.441196601,1
MD_model40,/home/lyara/areswave/models/MD_model40.nd,nd,UNK,,,1052.24,60,752.637,181.902,1052.24,60,1266.242,32.1,1351.843,53.501,1614.318,60,0.801387969,0.59083254,0.661017683,0.198612031,0.40916746,1
Geophysical_model238,/home/lyara/areswave/models/Geophysical_model238.nd,nd,UNK,,,983.209,60,877.982,198.163,983.209,60,1116.342,16.642,1465.818,116.492,1680.489,60,0.65644257,0.663731303,0.661301725,0.34355743,0.336268697,1
Geophysical_model368,/home/lyara/areswave/models/Geophysical_model368.nd,nd,UNK,,,1031.52,60,900,186.956,1031.52,60,1130.159,32.88,1491.838,82.199,1673.183,60,0.805924428,0.58911531,0.661385016,0.194075572,0.41088469,1
Geophysical_model43,/home/lyara/areswave/models/Geophysical_model43.nd,nd,UNK,,,1099.378,60,900,180.832,1099.378,60,1115.993,16.614,1431.674,99.689,1679.515,60,0.621231702,0.683213233,0.662552723,0.378768298,0.316786767,1
AK_model_19,/home/lyara/areswave/models/AK_model_19.nd,nd,UNK,,,1045.493,60,811.971,25.947,1045.493,60,1279.016,25.947,1330.909,51.893,1670.7,60,0.721250495,0.633300372,0.66261708,0.278749505,0.366699628,1
MD_model32,/home/lyara/areswave/models/MD_model32.nd,nd,UNK,,,997.466,60,794.657,10.14,997.466,60,1129.292,141.967,1352.383,111.545,1504.49,60.807,0.778122104,0.604891666,0.662635146,0.221877896,0.395108334,1
MD_model61,/home/lyara/areswave/models/MD_model61.nd,nd,UNK,,,1068.978,60,864.088,193.507,1068.978,60,1194.188,193.507,1399.077,102.445,1694.611,60,0.60009863,0.693907034,0.662637566,0.39990137,0.306092966,1
Geophysical_model136,/home/lyara/areswave/models/Geophysical_model136.nd,nd,UNK,,,949.483,60,900,193.526,949.483,60,1114.426,16.494,1460.805,98.966,1675.15,60,0.598115088,0.695168062,0.662817071,0.401884912,0.304831938,1
Geophysical_model12,/home/lyara/areswave/models/Geophysical_model12.nd,nd,UNK,,,949.483,60,900,193.526,949.483,60,1114.426,16.494,1460.805,98.966,1675.15,60,0.598115088,0.695168062,0.662817071,0.401884912,0.304831938,1
Geophysical_model211,/home/lyara/areswave/models/Geophysical_model211.nd,nd,UNK,,,949.483,60,900,193.526,949.483,60,1114.426,16.494,1460.805,98.966,1675.15,60,0.598115088,0.695168062,0.662817071,0.401884912,0.304831938,1
Geophysical_model963,/home/lyara/areswave/models/Geophysical_model963.nd,nd,UNK,,,916.719,60,876.023,191.813,916.719,60,1117.351,33.439,1485.177,83.597,1683.3,60,0.832127604,0.578365367,0.662952779,0.167872396,0.421634633,1
Geophysical_model973,/home/lyara/areswave/models/Geophysical_model973.nd,nd,UNK,,,916.719,60,876.023,191.813,916.719,60,1117.351,33.439,1485.177,83.597,1683.3,60,0.832127604,0.578365367,0.662952779,0.167872396,0.421634633,1
Geophysical_model723,/home/lyara/areswave/models/Geophysical_model723.nd,nd,UNK,,,916.644,60,876.961,184.315,916.644,60,1116.374,16.644,1499.19,99.865,1680.578,60,0.634414575,0.677416821,0.663082739,0.365585425,0.322583179,1
Geophysical_model608,/home/lyara/areswave/models/Geophysical_model608.nd,nd,UNK,,,916.644,60,876.961,184.315,916.644,60,1116.374,16.644,1499.19,99.865,1680.578,60,0.634414575,0.677416821,0.663082739,0.365585425,0.322583179,1
CD_model71,/home/lyara/areswave/models/CD_model71.nd,nd,UNK,,,,60,,60,,60,,60,,60,,60,0.465440855,0.762191326,0.663274503,0.534559145,0.237808674,1
Geophysical_model788,/home/lyara/areswave/models/Geophysical_model788.nd,nd,UNK,,,900,60,900,178.308,900,60,1120.035,33.851,1492.403,101.555,1690.777,60,0.817667949,0.586172411,0.66333759,0.182332051,0.413827589,1
Geophysical_model668,/home/lyara/areswave/models/Geophysical_model668.nd,nd,UNK,,,1099.489,60,900,21.059,1099.489,60,1116.113,16.624,1465.218,99.745,1679.849,60,0.770337624,0.609900255,0.663379378,0.229662376,0.390099745,1
AK_model_39,/home/lyara/areswave/models/AK_model_39.nd,nd,UNK,,,1029.679,60,815.46,26.777,1029.679,60,1297.451,107.109,1431.337,160.664,1695.529,60,0.692918099,0.648767342,0.663484261,0.307081901,0.351232658,1
Geophysical_model725,/home/lyara/areswave/models/Geophysical_model725.nd,nd,UNK,,,916.724,60,876.418,188.653,916.724,60,1117.416,33.448,1485.35,83.621,1683.48,60,0.865825179,0.562938985,0.663901049,0.134174821,0.437061015,1
Geophysical_model522,/home/lyara/areswave/models/Geophysical_model522.nd,nd,UNK,,,916.711,60,877.48,180.159,916.711,60,1117.248,33.423,1484.898,83.557,1683.012,60,0.7895382,0.601224295,0.663995596,0.2104618,0.398775705,1
Geophysical_model459,/home/lyara/areswave/models/Geophysical_model459.nd,nd,UNK,,,966.557,60,877.418,180.655,966.557,60,1116.31,16.639,1465.734,99.835,1680.4,60,0.770491428,0.61096799,0.664142469,0.229508572,0.38903201,1
Geophysical_model775,/home/lyara/areswave/models/Geophysical_model775.nd,nd,UNK,,,900,60,877.329,181.367,900,60,1119.204,33.724,1490.165,101.171,1688.461,60,0.777025626,0.609019116,0.665021286,0.222974374,0.390980884,1
Geophysical_model743,/home/lyara/areswave/models/Geophysical_model743.nd,nd,UNK,,,1086.489,60,900,21.323,1086.489,60,1103.443,16.953,1459.467,118.675,1691.782,60,0.832055444,0.58172239,0.665166741,0.167944556,0.41827761,1
Geophysical_model429,/home/lyara/areswave/models/Geophysical_model429.nd,nd,UNK,,,965.996,60,900,194.13,965.996,60,1114.487,16.499,1460.966,98.994,1675.321,60,0.704274849,0.646680185,0.665878406,0.295725151,0.353319815,1
Geophysical_model302,/home/lyara/areswave/models/Geophysical_model302.nd,nd,UNK,,,933.563,60,900,195.716,933.563,60,1101.377,16.781,1453.786,100.689,1685.548,60,0.745987942,0.62590413,0.665932067,0.254012058,0.37409587,1
Geophysical_model66,/home/lyara/areswave/models/Geophysical_model66.nd,nd,UNK,,,983.237,60,879.302,186.283,983.237,60,1116.417,16.648,1466.015,99.884,1680.698,60,0.586228029,0.705819606,0.665955747,0.413771971,0.294180394,1
Geophysical_model880,/home/lyara/areswave/models/Geophysical_model880.nd,nd,UNK,,,916.693,60,877.556,179.548,916.693,60,1117.015,33.386,1484.271,83.467,1682.363,60,0.872102473,0.562903209,0.66596963,0.127897527,0.437096791,1
Geophysical_model546,/home/lyara/areswave/models/Geophysical_model546.nd,nd,UNK,,,916.694,60,877.651,178.792,916.694,60,1117.027,33.389,1467.608,83.472,1682.396,60,0.827526563,0.585274929,0.666025474,0.172473437,0.414725071,1
Geophysical_model946,/home/lyara/areswave/models/Geophysical_model946.nd,nd,UNK,,,916.702,60,877.535,179.72,916.702,60,1117.126,33.404,1484.569,83.51,1682.671,60,0.876659969,0.560719315,0.666032866,0.123340031,0.439280685,1
Geophysical_model712,/home/lyara/areswave/models/Geophysical_model712.nd,nd,UNK,,,916.714,60,900,193.2,916.714,60,1117.28,33.427,1484.983,83.569,1683.1,60,0.802976782,0.597678735,0.666111417,0.197023218,0.402321265,1
Geophysical_model656,/home/lyara/areswave/models/Geophysical_model656.nd,nd,UNK,,,900,60,900,179.015,900,60,1119.258,33.732,1490.311,101.196,1688.613,60,0.754079102,0.622537581,0.666384755,0.245920898,0.377462419,1
Geophysical_model782,/home/lyara/areswave/models/Geophysical_model782.nd,nd,UNK,,,900,60,900,179.015,900,60,1119.258,33.732,1490.311,101.196,1688.613,60,0.754079102,0.622537581,0.666384755,0.245920898,0.377462419,1
Geophysical_model691,/home/lyara/areswave/models/Geophysical_model691.nd,nd,UNK,,,900,60,900,179.015,900,60,1119.258,33.732,1490.311,101.196,1688.613,60,0.754079102,0.622537581,0.666384755,0.245920898,0.377462419,1
AK_model_6,/home/lyara/areswave/models/AK_model_6.nd,nd,UNK,,,1050.566,60,816.362,26.023,1050.566,60,1284.77,78.068,1310.793,26.023,1676.747,60,0.490794968,0.754356012,0.666502331,0.509205032,0.245643988,1
Geophysical_model527,/home/lyara/areswave/models/Geophysical_model527.nd,nd,UNK,,,966.867,60,900,178.185,966.867,60,1134.035,33.434,1485.088,66.867,1683.208,60,0.872719671,0.563906353,0.666844126,0.127280329,0.436093647,1
Geophysical_model275,/home/lyara/areswave/models/Geophysical_model275.nd,nd,UNK,,,984.083,60,876.527,187.788,984.083,60,1118.616,33.633,1488.58,100.899,1686.822,60,0.682990337,0.65898789,0.666988705,0.317009663,0.34101211,1
Geophysical_model21,/home/lyara/areswave/models/Geophysical_model21.nd,nd,UNK,,,1014.96,60,900,184.462,1014.96,60,1129.919,32.846,1491.22,82.113,1672.561,60,0.686175965,0.657738425,0.667217605,0.313824035,0.342261575,1
AK_model_5,/home/lyara/areswave/models/AK_model_5.nd,nd,UNK,,,1050.493,60,815.949,26.06,1050.493,60,1285.037,78.182,1311.097,26.06,1677.345,60,0.54255535,0.729923212,0.667467258,0.45744465,0.270076788,1
Geophysical_model279,/home/lyara/areswave/models/Geophysical_model279.nd,nd,UNK,,,966.81,60,900,178.021,966.81,60,1117.132,33.405,1484.587,100.215,1682.69,60,0.597954438,0.70313022,0.668071626,0.402045562,0.29686978,1
Geophysical_model927,/home/lyara/areswave/models/Geophysical_model927.nd,nd,UNK,,,933.844,60,879.592,183.668,933.844,60,1119.984,33.844,1492.265,84.609,1690.635,60,0.672140967,0.666289222,0.668239804,0.327859033,0.333710778,1
Geophysical_model607,/home/lyara/areswave/models/Geophysical_model607.nd,nd,UNK,,,900,60,900,180.738,900,60,1116.617,16.663,1466.537,99.977,1681.255,60,0.751974306,0.626442654,0.668286538,0.248025694,0.373557346,1
AK_model_46,/home/lyara/areswave/models/AK_model_46.nd,nd,UNK,,,1017.265,60,775.483,26.865,1017.265,60,1285.911,134.323,1473.964,26.865,1710.571,60,0.859888479,0.572756044,0.668466856,0.140111521,0.427243956,1
Geophysical_model247,/home/lyara/areswave/models/Geophysical_model247.nd,nd,UNK,,,966.552,60,900,193.11,966.552,60,1116.294,16.638,1465.692,99.828,1680.354,60,0.604257302,0.701105678,0.668822886,0.395742698,0.298894322,1
Geophysical_model319,/home/lyara/areswave/models/Geophysical_model319.nd,nd,UNK,,,1063.521,60,900,197.862,1063.521,60,1145.281,32.704,1488.674,65.408,1669.999,60,0.890099738,0.559237218,0.669524725,0.109900262,0.440762782,1
Geophysical_model378,/home/lyara/areswave/models/Geophysical_model378.nd,nd,UNK,,,1063.97,60,900,189.307,1063.97,60,1145.955,16.397,1490.293,65.588,1671.628,60,0.798720353,0.60536197,0.669814764,0.201279647,0.39463803,1
Geophysical_model354,/home/lyara/areswave/models/Geophysical_model354.nd,nd,UNK,,,1063.97,60,900,189.307,1063.97,60,1145.955,16.397,1490.293,65.588,1671.628,60,0.798720353,0.60536197,0.669814764,0.201279647,0.39463803,1
AK_model_55,/home/lyara/areswave/models/AK_model_55.nd,nd,UNK,,,1024.297,60,845.36,25.562,1024.297,60,1152.109,102.249,1382.171,51.125,1667.971,60,0.795619711,0.607416218,0.670150716,0.204380289,0.392583782,1
Geophysical_model659,/home/lyara/areswave/models/Geophysical_model659.nd,nd,UNK,,,916.847,60,879.824,181.587,916.847,60,1119.005,33.693,1489.628,84.233,1687.906,60,0.848407368,0.581172904,0.670251059,0.151592632,0.418827096,1
Geophysical_model31,/home/lyara/areswave/models/Geophysical_model31.nd,nd,UNK,,,983.237,60,879.302,186.283,983.237,60,1116.417,16.648,1466.015,99.884,1680.698,60,0.531234205,0.739764373,0.670254317,0.468765795,0.260235627,1
CD_model65,/home/lyara/areswave/models/CD_model65.nd,nd,UNK,,,,60,,60,,60,,60,,60,,60,0.646924529,0.682517731,0.67065333,0.353075471,0.317482269,1
MD_model7,/home/lyara/areswave/models/MD_model7.nd,nd,UNK,,,992.399,60,762.376,10.455,992.399,60,1107.411,188.2,1389.712,188.201,1605.996,60,0.503576686,0.755524304,0.671541764,0.496423314,0.244475696,1
Geophysical_model634,/home/lyara/areswave/models/Geophysical_model634.nd,nd,UNK,,,900,60,900,22.418,900,60,1101.621,16.802,1488.061,100.811,1686.284,60,0.792455429,0.61166112,0.67192589,0.207544571,0.38833888,1
CD_model87,/home/lyara/areswave/models/CD_model87.nd,nd,UNK,,,,60,,60,,60,,60,,60,,60,0.52918797,0.743648095,0.672161386,0.47081203,0.256351905,1
Geophysical_model938,/home/lyara/areswave/models/Geophysical_model938.nd,nd,UNK,,,1068.438,60,900,29.464,1068.438,60,1102.126,16.844,1455.847,117.907,1687.809,60,0.636013964,0.69029078,0.672198508,0.363986036,0.30970922,1
MD_model24,/home/lyara/areswave/models/MD_model24.nd,nd,UNK,,,1031.407,60,893.911,10.576,1031.407,60,1295.822,84.613,1316.975,95.189,1609.009,60,0.641992735,0.688246774,0.672828761,0.358007265,0.311753226,1
MD_model5,/home/lyara/areswave/models/MD_model5.nd,nd,UNK,,,982.978,60,734.96,10.334,982.978,60,1106.988,10.334,1406.677,62.004,1580.647,60,0.555978,0.731709019,0.673132013,0.444022,0.268290981,1
Geophysical_model813,/home/lyara/areswave/models/Geophysical_model813.nd,nd,UNK,,,933.856,60,900,185.649,933.856,60,1120.061,33.856,1492.472,84.639,1690.849,60,0.783355772,0.618179659,0.673238363,0.216644228,0.381820341,1
MD_model26,/home/lyara/areswave/models/MD_model26.nd,nd,UNK,,,1011.624,60,870.538,10.078,1011.624,60,1293.796,151.164,1354.261,60.466,1485.27,60,0.755747121,0.632489916,0.673575651,0.244252879,0.367510084,1
Geophysical_model428,/home/lyara/areswave/models/Geophysical_model428.nd,nd,UNK,,,966.066,60,900,192.78,966.066,60,1114.715,16.516,1461.562,99.099,1675.956,60,0.71202304,0.654510881,0.673681601,0.28797696,0.345489119,1
Geophysical_model40,/home/lyara/areswave/models/Geophysical_model40.nd,nd,UNK,,,1063.521,60,900,197.404,1063.521,60,1145.281,32.704,1488.674,65.408,1669.999,60,0.816495217,0.602582174,0.673886521,0.183504783,0.397417826,1
Geophysical_model718,/home/lyara/areswave/models/Geophysical_model718.nd,nd,UNK,,,933.856,60,900,185.099,933.856,60,1120.061,33.856,1492.472,84.639,1690.849,60,0.705615933,0.659401547,0.674806342,0.294384067,0.340598453,1
Geophysical_model131,/home/lyara/areswave/models/Geophysical_model131.nd,nd,UNK,,,966.637,60,900,189.175,966.637,60,1116.57,16.66,1466.415,99.956,1681.124,60,0.711976361,0.656541992,0.675020115,0.288023639,0.343458008,1
Geophysical_model438,/home/lyara/areswave/models/Geophysical_model438.nd,nd,UNK,,,1033.261,60,900,181.956,1033.261,60,1133.207,33.315,1499.676,83.288,1681.067,60,0.726101819,0.650228774,0.675519789,0.273898181,0.349771226,1
Geophysical_model166,/home/lyara/areswave/models/Geophysical_model166.nd,nd,UNK,,,1063.464,60,900,197.098,1063.464,60,1145.196,32.693,1472.124,65.386,1669.795,60,0.820678265,0.603453081,0.675861476,0.179321735,0.396546919,1
Geophysical_model76,/home/lyara/areswave/models/Geophysical_model76.nd,nd,UNK,,,1063.404,60,900,196.758,1063.404,60,1145.107,32.681,1488.256,65.362,1669.579,60,0.778312046,0.624797089,0.675968741,0.221687954,0.375202911,1
Geophysical_model904,/home/lyara/areswave/models/Geophysical_model904.nd,nd,UNK,,,950.128,60,900,199.445,950.128,60,1133.929,50.128,1484.824,66.837,1682.935,60,0.798495537,0.61493686,0.676123086,0.201504463,0.38506314,1
Geophysical_model120,/home/lyara/areswave/models/Geophysical_model120.nd,nd,UNK,,,1033.184,60,900,188.139,1033.184,60,1133.072,33.295,1482.679,83.24,1680.716,60,0.839016724,0.594687799,0.676130774,0.160983276,0.405312201,1
CD_model79,/home/lyara/areswave/models/CD_model79.nd,nd,UNK,,,,60,,60,,60,,60,,60,,60,0.443345345,0.792987125,0.676439865,0.556654655,0.207012875,1
Geophysical_model564,/home/lyara/areswave/models/Geophysical_model564.nd,nd,UNK,,,1099.625,60,900,21.492,1099.625,60,1116.26,16.636,1465.604,99.812,1680.261,60,0.646424869,0.691707979,0.676613609,0.353575131,0.308292021,1
Geophysical_model392,/home/lyara/areswave/models/Geophysical_model392.nd,nd,UNK,,,1031.687,60,900,185.872,1031.687,60,1130.452,32.922,1492.591,82.304,1673.94,60,0.808049411,0.611059205,0.676722607,0.191950589,0.388940795,1
Geophysical_model646,/home/lyara/areswave/models/Geophysical_model646.nd,nd,UNK,,,950.013,60,900,182.469,950.013,60,1133.396,50.013,1483.489,66.684,1681.554,60,0.867804687,0.581606795,0.677006092,0.132195313,0.418393205,1
Geophysical_model26,/home/lyara/areswave/models/Geophysical_model26.nd,nd,UNK,,,1049.919,60,900,181.611,1049.919,60,1133.207,33.315,1483.019,83.288,1681.067,60,0.816815875,0.607168394,0.677050888,0.183184125,0.392831606,1
Geophysical_model297,/home/lyara/areswave/models/Geophysical_model297.nd,nd,UNK,,,1049.919,60,900,181.611,1049.919,60,1133.207,33.315,1483.019,83.288,1681.067,60,0.816815875,0.607168394,0.677050888,0.183184125,0.392831606,1
Geophysical_model61,/home/lyara/areswave/models/Geophysical_model61.nd,nd,UNK,,,982.649,60,900,184.153,982.649,60,1114.887,16.53,1462.012,115.708,1676.435,60,0.584969912,0.723157814,0.67709518,0.415030088,0.276842186,1
Geophysical_model832,/home/lyara/areswave/models/Geophysical_model832.nd,nd,UNK,,,949.951,60,900,180.493,949.951,60,1116.453,16.65,1499.409,83.251,1680.798,60,0.813182423,0.609917432,0.677672429,0.186817577,0.390082568,1
AK_model_11,/home/lyara/areswave/models/AK_model_11.nd,nd,UNK,,,1040.425,60,848.992,23.929,1040.425,60,1279.717,71.788,1303.646,23.929,1652.614,60,0.568963085,0.732203393,0.677789957,0.431036915,0.267796607,1
Geophysical_model10,/home/lyara/areswave/models/Geophysical_model10.nd,nd,UNK,,,983.111,60,878.833,190.503,983.111,60,1116.088,16.622,1465.153,116.355,1679.781,60,0.55293424,0.740791951,0.678172714,0.44706576,0.259208049,1
Geophysical_model278,/home/lyara/areswave/models/Geophysical_model278.nd,nd,UNK,,,950.857,60,900,199.145,950.857,60,1120.38,33.904,1459.426,101.713,1691.737,60,0.747416431,0.643629733,0.678225299,0.252583569,0.356370267,1
Geophysical_model263,/home/lyara/areswave/models/Geophysical_model263.nd,nd,UNK,,,950.857,60,900,199.145,950.857,60,1120.38,33.904,1459.426,101.713,1691.737,60,0.747416431,0.643629733,0.678225299,0.252583569,0.356370267,1
Geophysical_model414,/home/lyara/areswave/models/Geophysical_model414.nd,nd,UNK,,,950.857,60,900,199.145,950.857,60,1120.38,33.904,1459.426,101.713,1691.737,60,0.747416431,0.643629733,0.678225299,0.252583569,0.356370267,1
Geophysical_model204,/home/lyara/areswave/models/Geophysical_model204.nd,nd,UNK,,,982.32,60,900,191.809,982.32,60,1114.032,16.465,1459.777,115.248,1674.055,60,0.497814879,0.768500632,0.678272048,0.502185121,0.231499368,1
Geophysical_model413,/home/lyara/areswave/models/Geophysical_model413.nd,nd,UNK,,,1063.846,60,900,187.439,1063.846,60,1145.769,32.769,1489.845,65.539,1671.177,60,0.93470518,0.550172685,0.678350183,0.06529482,0.449827315,1
Geophysical_model376,/home/lyara/areswave/models/Geophysical_model376.nd,nd,UNK,,,983.203,60,878.839,190.451,983.203,60,1116.329,16.64,1465.783,99.844,1680.452,60,0.533271455,0.751034908,0.67844709,0.466728545,0.248965092,1
AK_model_20,/home/lyara/areswave/models/AK_model_20.nd,nd,UNK,,,1062.423,60,820.847,26.842,1062.423,60,1277.158,26.842,1330.842,53.684,1702.21,60,0.707487678,0.664260575,0.67866961,0.292512322,0.335739425,1
Geophysical_model146,/home/lyara/areswave/models/Geophysical_model146.nd,nd,UNK,,,950.269,60,900,194.931,950.269,60,1117.834,33.513,1452.962,117.295,1684.644,60,0.708877291,0.663645386,0.678722688,0.291122709,0.336354614,1
MD_model17,/home/lyara/areswave/models/MD_model17.nd,nd,UNK,,,1094.831,60,723.03,196.836,1094.831,60,1193.249,185.9,1411.956,98.418,1645.069,60,0.514693661,0.760741386,0.678725478,0.485306339,0.239258614,1
Geophysical_model195,/home/lyara/areswave/models/Geophysical_model195.nd,nd,UNK,,,966.712,60,900,192.405,966.712,60,1116.813,33.356,1483.727,100.067,1681.8,60,0.659205609,0.688790385,0.678928793,0.340794391,0.311209615,1
Geophysical_model60,/home/lyara/areswave/models/Geophysical_model60.nd,nd,UNK,,,966.712,60,900,192.405,966.712,60,1116.813,33.356,1483.727,100.067,1681.8,60,0.659205609,0.688790385,0.678928793,0.340794391,0.311209615,1
Geophysical_model826,/home/lyara/areswave/models/Geophysical_model826.nd,nd,UNK,,,1088.334,60,900,20.699,1088.334,60,1105.456,17.121,1465.003,119.85,1697.857,60,0.723115388,0.657171021,0.679152476,0.276884612,0.342828979,1
Geophysical_model641,/home/lyara/areswave/models/Geophysical_model641.nd,nd,UNK,,,916.669,60,877.464,180.285,916.669,60,1116.699,33.338,1483.42,83.346,1681.482,60,0.746765659,0.647321941,0.680469847,0.253234341,0.352678059,1
Geophysical_model74,/home/lyara/areswave/models/Geophysical_model74.nd,nd,UNK,,,950.042,60,900,197.932,950.042,60,1116.847,33.361,1450.457,116.764,1681.894,60,0.75206114,0.644812565,0.68056209,0.24793886,0.355187435,1
Geophysical_model745,/home/lyara/areswave/models/Geophysical_model745.nd,nd,UNK,,,916.716,60,875.992,192.064,916.716,60,1117.309,33.432,1451.63,83.58,1683.182,60,0.830421756,0.605810172,0.6806807,0.169578244,0.394189828,1
Geophysical_model807,/home/lyara/areswave/models/Geophysical_model807.nd,nd,UNK,,,1099.57,60,900,21.445,1099.57,60,1116.201,16.631,1465.45,99.785,1680.096,60,0.801412113,0.620373288,0.680719563,0.198587887,0.379626712,1
Geophysical_model706,/home/lyara/areswave/models/Geophysical_model706.nd,nd,UNK,,,1099.57,60,900,21.445,1099.57,60,1116.201,16.631,1465.45,99.785,1680.096,60,0.801412113,0.620373288,0.680719563,0.198587887,0.379626712,1
Geophysical_model210,/home/lyara/areswave/models/Geophysical_model210.nd,nd,UNK,,,984.407,60,861.669,191.654,984.407,60,1119.457,33.763,1490.847,101.288,1689.167,60,0.602388944,0.71989601,0.680726988,0.397611056,0.28010399,1
CD_model17,/home/lyara/areswave/models/CD_model17.nd,nd,UNK,,,,60,,60,,60,,60,,60,,60,0.53160601,0.755394641,0.680798431,0.46839399,0.244605359,1
Geophysical_model32,/home/lyara/areswave/models/Geophysical_model32.nd,nd,UNK,,,1032.98,60,900,182.25,1032.98,60,1132.715,33.245,1498.411,83.113,1679.794,60,0.866844798,0.58793896,0.680907572,0.133155202,0.41206104,1
Geophysical_model194,/home/lyara/areswave/models/Geophysical_model194.nd,nd,UNK,,,1032.98,60,900,182.25,1032.98,60,1132.715,33.245,1498.411,83.113,1679.794,60,0.866844798,0.58793896,0.680907572,0.133155202,0.41206104,1
Geophysical_model685,/home/lyara/areswave/models/Geophysical_model685.nd,nd,UNK,,,933.11,60,877.665,178.677,933.11,60,1115.217,16.555,1495.986,99.331,1677.355,60,0.776764185,0.63445675,0.681892562,0.223235815,0.36554325,1
AK_model_28,/home/lyara/areswave/models/AK_model_28.nd,nd,UNK,,,1043.88,60,800.399,27.054,1043.88,60,1287.361,54.107,1314.414,27.054,1713.845,60,0.816941868,0.614558913,0.682019898,0.183058132,0.385441087,1
AK_model_84,/home/lyara/areswave/models/AK_model_84.nd,nd,UNK,,,1086.523,60,887.59,24.866,1086.523,60,1285.455,24.867,1360.055,74.6,1666.648,60,0.879980982,0.583180867,0.682114239,0.120019018,0.416819133,1
Geophysical_model70,/home/lyara/areswave/models/Geophysical_model70.nd,nd,UNK,,,1000.927,60,900,186.956,1000.927,60,1135.497,33.643,1488.742,84.106,1686.989,60,0.676653927,0.685013083,0.682226698,0.323346073,0.314986917,1
MD_model6,/home/lyara/areswave/models/MD_model6.nd,nd,UNK,,,984.528,60,728.132,10.256,984.528,60,1107.599,184.605,1384.507,102.559,1507.577,60,0.820000885,0.613822211,0.682548436,0.179999115,0.386177789,1
Geophysical_model282,/home/lyara/areswave/models/Geophysical_model282.nd,nd,UNK,,,999.884,60,900,194.892,999.884,60,1116.415,16.647,1482.655,99.884,1680.691,60,0.660676425,0.693507292,0.68256367,0.339323575,0.306492708,1
AK_model_98,/home/lyara/areswave/models/AK_model_98.nd,nd,UNK,,,1045.711,60,774.539,27.117,1045.711,60,1289.767,54.235,1316.884,54.234,1716.731,60,0.7872233,0.630994855,0.683071004,0.2127767,0.369005145,1
Geophysical_model661,/home/lyara/areswave/models/Geophysical_model661.nd,nd,UNK,,,933.422,60,900,184.004,933.422,60,1117.244,33.423,1484.889,83.556,1683.002,60,0.78716563,0.631057863,0.683093786,0.21283437,0.368942137,1
Geophysical_model58,/home/lyara/areswave/models/Geophysical_model58.nd,nd,UNK,,,966.592,60,900,182.842,966.592,60,1116.423,16.648,1466.03,99.888,1680.715,60,0.678266691,0.685713564,0.683231273,0.321733309,0.314286436,1
AK_model_88,/home/lyara/areswave/models/AK_model_88.nd,nd,UNK,,,1071.541,60,800.713,27.083,1071.541,60,1288.203,27.083,1342.368,54.165,1714.927,60,0.715656861,0.667816228,0.683763106,0.284343139,0.332183772,1
Geophysical_model773,/home/lyara/areswave/models/Geophysical_model773.nd,nd,UNK,,,900,60,900,177.993,900,60,1118.724,33.65,1488.873,100.949,1687.125,60,0.845289595,0.604686972,0.684887846,0.154710405,0.395313028,1
AK_model_18,/home/lyara/areswave/models/AK_model_18.nd,nd,UNK,,,1030.098,60,809.519,24.509,1030.098,60,1275.186,98.035,1324.204,171.561,1676.548,60,0.650564281,0.702149748,0.684954592,0.349435719,0.297850252,1
Geophysical_model415,/home/lyara/areswave/models/Geophysical_model415.nd,nd,UNK,,,949.68,60,900,189.936,949.68,60,1115.279,16.56,1463.038,99.36,1677.528,60,0.707564489,0.674577465,0.68557314,0.292435511,0.325422535,1
Geophysical_model189,/home/lyara/areswave/models/Geophysical_model189.nd,nd,UNK,,,1047.171,60,900,194.523,1047.171,60,1145.284,32.704,1488.683,65.409,1670.008,60,0.794555165,0.631594963,0.685915031,0.205444835,0.368405037,1
Geophysical_model203,/home/lyara/areswave/models/Geophysical_model203.nd,nd,UNK,,,1047.171,60,900,194.523,1047.171,60,1145.284,32.704,1488.683,65.409,1670.008,60,0.794555165,0.631594963,0.685915031,0.205444835,0.368405037,1
Geophysical_model196,/home/lyara/areswave/models/Geophysical_model196.nd,nd,UNK,,,1047.171,60,900,194.523,1047.171,60,1145.284,32.704,1488.683,65.409,1670.008,60,0.794555165,0.631594963,0.685915031,0.205444835,0.368405037,1
Geophysical_model387,/home/lyara/areswave/models/Geophysical_model387.nd,nd,UNK,,,966.673,60,900,186.434,966.673,60,1116.688,33.336,1483.391,100.01,1681.453,60,0.639745577,0.709061595,0.685956256,0.360254423,0.290938405,1
Geophysical_model97,/home/lyara/areswave/models/Geophysical_model97.nd,nd,UNK,,,983.19,60,878.419,194.225,983.19,60,1116.294,16.638,1465.692,116.466,1680.354,60,0.711981398,0.673095744,0.686057629,0.288018602,0.326904256,1
Geophysical_model372,/home/lyara/areswave/models/Geophysical_model372.nd,nd,UNK,,,966.596,60,900,180.875,966.596,60,1116.437,16.649,1466.066,99.894,1680.753,60,0.642568799,0.708705471,0.686659914,0.357431201,0.291294529,1
MD_model48,/home/lyara/areswave/models/MD_model48.nd,nd,UNK,,,929.177,60,788.375,191.088,929.177,60,1281.18,60.343,1301.295,60,1482.325,61.522,0.579574932,0.740327121,0.686743058,0.420425068,0.259672879,1
AK_model_100,/home/lyara/areswave/models/AK_model_100.nd,nd,UNK,,,1074.576,60,802.778,27.18,1074.576,60,1292.015,54.36,1319.195,27.18,1719.458,60,0.72407269,0.668772793,0.687206092,0.27592731,0.331227207,1
MD_model59,/home/lyara/areswave/models/MD_model59.nd,nd,UNK,,,935.775,60,826.829,79.233,935.775,60,1262.612,69.33,1302.229,39.616,1470.6,61.9,0.477276113,0.79241563,0.687369124,0.522723887,0.20758437,1
Geophysical_model983,/home/lyara/areswave/models/Geophysical_model983.nd,nd,UNK,,,933.343,60,900,178.964,933.343,60,1116.73,33.343,1483.505,83.358,1681.57,60,0.782645262,0.64010088,0.687615674,0.217354738,0.35989912,1
Geophysical_model857,/home/lyara/areswave/models/Geophysical_model857.nd,nd,UNK,,,933.943,60,879.277,186.506,933.943,60,1120.631,33.943,1494.007,84.858,1692.437,60,0.868886147,0.597073745,0.687677879,0.131113853,0.402926255,1
Geophysical_model986,/home/lyara/areswave/models/Geophysical_model986.nd,nd,UNK,,,1086.703,60,900,20.995,1086.703,60,1103.676,16.973,1460.108,118.81,1692.486,60,0.65613717,0.703630358,0.687799295,0.34386283,0.296369642,1
MD_model28,/home/lyara/areswave/models/MD_model28.nd,nd,UNK,,,969.799,60,817.032,185.502,969.799,60,1297.155,43.648,1340.802,98.206,1649.766,60,0.436799818,0.813374178,0.687849391,0.563200182,0.186625822,1
Geophysical_model406,/home/lyara/areswave/models/Geophysical_model406.nd,nd,UNK,,,999.801,60,900,193.607,999.801,60,1116.236,16.633,1482.173,99.801,1680.192,60,0.592414756,0.735664217,0.687914397,0.407585244,0.264335783,1
Geophysical_model502,/home/lyara/areswave/models/Geophysical_model502.nd,nd,UNK,,,967.586,60,900,190.608,967.586,60,1136.55,33.793,1491.375,67.586,1689.713,60,0.907201991,0.578388816,0.687993208,0.092798009,0.421611184,1
Geophysical_model265,/home/lyara/areswave/models/Geophysical_model265.nd,nd,UNK,,,983.111,60,878.726,191.464,983.111,60,1116.088,16.622,1465.153,99.733,1679.781,60,0.647009109,0.708793594,0.688198766,0.352990891,0.291206406,1
AK_model_27,/home/lyara/areswave/models/AK_model_27.nd,nd,UNK,,,1040.423,60,798.576,26.872,1040.423,60,1282.27,53.744,1309.142,53.744,1707.264,60,0.750619176,0.657019214,0.688219202,0.249380824,0.342980786,1
AK_model_34,/home/lyara/areswave/models/AK_model_34.nd,nd,UNK,,,1087.427,60,875.207,26.527,1087.427,60,1299.646,26.528,1352.701,53.055,1695.247,60,0.899849468,0.582755061,0.688453197,0.100150532,0.417244939,1
Geophysical_model109,/home/lyara/areswave/models/Geophysical_model109.nd,nd,UNK,,,983.19,60,900,192.453,983.19,60,1116.294,16.638,1465.692,116.466,1680.354,60,0.590129316,0.7384238,0.688992305,0.409870684,0.2615762,1
Geophysical_model92,/home/lyara/areswave/models/Geophysical_model92.nd,nd,UNK,,,983.004,60,878.65,192.148,983.004,60,1115.809,16.601,1497.625,99.604,1679.004,60,0.692758814,0.687315966,0.689130248,0.307241186,0.312684034,1
Geophysical_model98,/home/lyara/areswave/models/Geophysical_model98.nd,nd,UNK,,,1098.133,60,900,197.5,1098.133,60,1147.666,16.511,1494.399,66.044,1675.759,60,0.863366227,0.603372941,0.69003737,0.136633773,0.396627059,1
Geophysical_model126,/home/lyara/areswave/models/Geophysical_model126.nd,nd,UNK,,,966.298,60,878.977,189.208,966.298,60,1115.469,16.574,1463.533,116.022,1678.056,60,0.540661084,0.76477527,0.690070542,0.459338916,0.23522473,1
Geophysical_model270,/home/lyara/areswave/models/Geophysical_model270.nd,nd,UNK,,,1001.288,60,880.467,195.334,1001.288,60,1119.457,33.763,1490.847,101.288,1689.167,60,0.796015333,0.63715599,0.690109105,0.203984667,0.36284401,1
Geophysical_model898,/home/lyara/areswave/models/Geophysical_model898.nd,nd,UNK,,,916.672,60,877.434,180.529,916.672,60,1116.741,33.345,1483.532,83.362,1681.599,60,0.73635139,0.667264701,0.690293597,0.26364861,0.332735299,1
Geophysical_model288,/home/lyara/areswave/models/Geophysical_model288.nd,nd,UNK,,,949.52,60,900,193.249,949.52,60,1114.585,16.507,1461.223,99.04,1675.595,60,0.64572546,0.712773252,0.690423988,0.35427454,0.287226748,1
Geophysical_model710,/home/lyara/areswave/models/Geophysical_model710.nd,nd,UNK,,,900,60,900,22.457,900,60,1101.621,16.802,1488.061,100.811,1686.284,60,0.807684091,0.63181625,0.690438864,0.192315909,0.36818375,1
Geophysical_model437,/home/lyara/areswave/models/Geophysical_model437.nd,nd,UNK,,,1000.927,60,900,186.895,1000.927,60,1135.497,33.643,1488.742,84.106,1686.989,60,0.800200838,0.6357836,0.690589346,0.199799162,0.3642164,1
Geophysical_model508,/home/lyara/areswave/models/Geophysical_model508.nd,nd,UNK,,,1083.952,60,900,22.324,1083.952,60,1100.674,16.723,1485.3,100.337,1683.428,60,0.668526267,0.701774992,0.690692083,0.331473733,0.298225008,1
Geophysical_model206,/home/lyara/areswave/models/Geophysical_model206.nd,nd,UNK,,,916.863,60,900,181.388,916.863,60,1102.35,16.863,1439.601,101.176,1688.486,60,0.663418739,0.704468569,0.690785292,0.336581261,0.295531431,1
Geophysical_model585,/home/lyara/areswave/models/Geophysical_model585.nd,nd,UNK,,,916.965,60,878.056,197.492,916.965,60,1120.546,33.93,1476.812,101.791,1692.199,60,0.752026296,0.660422822,0.690957313,0.247973704,0.339577178,1
Geophysical_model716,/home/lyara/areswave/models/Geophysical_model716.nd,nd,UNK,,,916.965,60,878.056,197.492,916.965,60,1120.546,33.93,1476.812,101.791,1692.199,60,0.752026296,0.660422822,0.690957313,0.247973704,0.339577178,1
Geophysical_model838,/home/lyara/areswave/models/Geophysical_model838.nd,nd,UNK,,,916.965,60,878.056,197.492,916.965,60,1120.546,33.93,1476.812,101.791,1692.199,60,0.752026296,0.660422822,0.690957313,0.247973704,0.339577178,1
Geophysical_model984,/home/lyara/areswave/models/Geophysical_model984.nd,nd,UNK,,,933.11,60,877.605,179.157,933.11,60,1115.217,16.555,1495.986,99.331,1677.355,60,0.855761892,0.608816651,0.691131731,0.144238108,0.391183349,1
Geophysical_model442,/home/lyara/areswave/models/Geophysical_model442.nd,nd,UNK,,,949.524,60,900,193.257,949.524,60,1114.604,16.509,1461.273,99.048,1675.648,60,0.578427796,0.747638327,0.691234817,0.421572204,0.252361673,1
MD_model20,/home/lyara/areswave/models/MD_model20.nd,nd,UNK,,,1028.07,60,756.946,192.046,1028.07,60,1299.193,22.593,1366.974,79.078,1694.594,60,0.778010615,0.64872602,0.691820885,0.221989385,0.35127398,1
Geophysical_model629,/home/lyara/areswave/models/Geophysical_model629.nd,nd,UNK,,,900,60,900,21.487,900,60,1116.854,33.362,1483.837,100.087,1681.914,60,0.811386511,0.632118028,0.691874189,0.188613489,0.367881972,1
Geophysical_model160,/home/lyara/areswave/models/Geophysical_model160.nd,nd,UNK,,,1001.362,60,862.062,189.689,1001.362,60,1119.617,33.788,1491.277,101.362,1689.612,60,0.742135182,0.666912353,0.691986629,0.257864818,0.333087647,1
CD_model42,/home/lyara/areswave/models/CD_model42.nd,nd,UNK,,,,60,,60,,60,,60,,60,,60,0.450620524,0.81267084,0.691987402,0.549379476,0.18732916,1
Geophysical_model190,/home/lyara/areswave/models/Geophysical_model190.nd,nd,UNK,,,966.508,60,900,193.799,966.508,60,1116.152,16.627,1465.32,99.762,1679.958,60,0.644215843,0.716027381,0.692090201,0.355784157,0.283972619,1
Geophysical_model53,/home/lyara/areswave/models/Geophysical_model53.nd,nd,UNK,,,966.508,60,900,193.799,966.508,60,1116.152,16.627,1465.32,99.762,1679.958,60,0.644215843,0.716027381,0.692090201,0.355784157,0.283972619,1
Geophysical_model208,/home/lyara/areswave/models/Geophysical_model208.nd,nd,UNK,,,966.508,60,900,193.799,966.508,60,1116.152,16.627,1465.32,99.762,1679.958,60,0.644215843,0.716027381,0.692090201,0.355784157,0.283972619,1
Geophysical_model874,/home/lyara/areswave/models/Geophysical_model874.nd,nd,UNK,,,916.644,60,876.99,184.081,916.644,60,1116.374,16.644,1499.19,99.865,1680.578,60,0.76682707,0.654902344,0.692210586,0.23317293,0.345097656,1
Geophysical_model989,/home/lyara/areswave/models/Geophysical_model989.nd,nd,UNK,,,966.597,60,900,179.632,966.597,60,1133.089,33.298,1499.372,83.246,1680.761,60,0.764319316,0.656878722,0.692692253,0.235680684,0.343121278,1
Geophysical_model648,/home/lyara/areswave/models/Geophysical_model648.nd,nd,UNK,,,1099.754,60,900,21.49,1099.754,60,1116.4,16.646,1465.97,116.523,1680.651,60,0.791165733,0.643629035,0.692807934,0.208834267,0.356370965,1
Geophysical_model411,/home/lyara/areswave/models/Geophysical_model411.nd,nd,UNK,,,1047.083,60,900,187.138,1047.083,60,1145.138,32.685,1488.33,65.37,1669.654,60,0.777594075,0.650788609,0.693057098,0.222405925,0.349211391,1
Geophysical_model420,/home/lyara/areswave/models/Geophysical_model420.nd,nd,UNK,,,1047.083,60,900,187.138,1047.083,60,1145.138,32.685,1488.33,65.37,1669.654,60,0.777594075,0.650788609,0.693057098,0.222405925,0.349211391,1
Geophysical_model441,/home/lyara/areswave/models/Geophysical_model441.nd,nd,UNK,,,1047.083,60,900,187.138,1047.083,60,1145.138,32.685,1488.33,65.37,1669.654,60,0.777594075,0.650788609,0.693057098,0.222405925,0.349211391,1
MD_model62,/home/lyara/areswave/models/MD_model62.nd,nd,UNK,,,1060.259,60,730.357,182.015,1060.259,60,1276.401,193.391,1356.032,45.504,1696.852,60,0.780852096,0.649344725,0.693180516,0.219147904,0.350655275,1
Geophysical_model261,/home/lyara/areswave/models/Geophysical_model261.nd,nd,UNK,,,983.358,60,900,178.326,983.358,60,1116.73,33.343,1483.504,100.03,1681.569,60,0.598160108,0.741083453,0.693442338,0.401839892,0.258916547,1
Geophysical_model153,/home/lyara/areswave/models/Geophysical_model153.nd,nd,UNK,,,983.358,60,900,178.326,983.358,60,1116.73,33.343,1483.504,100.03,1681.569,60,0.598160108,0.741083453,0.693442338,0.401839892,0.258916547,1
AK_model_64,/home/lyara/areswave/models/AK_model_64.nd,nd,UNK,,,998.537,60,795.118,25.427,998.537,60,1151.102,101.71,1354.521,76.282,1688.766,60,0.904198359,0.588430352,0.693686354,0.095801641,0.411569648,1
Geophysical_model955,/home/lyara/areswave/models/Geophysical_model955.nd,nd,UNK,,,949.954,60,900,178.876,949.954,60,1133.117,33.303,1482.794,83.256,1680.834,60,0.758546819,0.661667839,0.693960832,0.241453181,0.338332161,1
Geophysical_model497,/home/lyara/areswave/models/Geophysical_model497.nd,nd,UNK,,,1063.97,60,900,188.359,1063.97,60,1145.955,32.794,1490.293,65.588,1671.628,60,0.810607201,0.635661847,0.693976965,0.189392799,0.364338153,1
Geophysical_model704,/home/lyara/areswave/models/Geophysical_model704.nd,nd,UNK,,,1099.489,60,900,21.06,1099.489,60,1116.113,16.624,1465.218,99.745,1679.849,60,0.802378809,0.640268361,0.694305177,0.197621191,0.359731639,1
Geophysical_model988,/home/lyara/areswave/models/Geophysical_model988.nd,nd,UNK,,,950.085,60,900,182.547,950.085,60,1133.728,33.39,1484.32,66.779,1682.414,60,0.788494025,0.647366858,0.694409247,0.211505975,0.352633142,1
Geophysical_model185,/home/lyara/areswave/models/Geophysical_model185.nd,nd,UNK,,,1001.288,60,861.569,192.154,1001.288,60,1119.457,33.763,1490.847,101.288,1689.167,60,0.554232031,0.764884602,0.694667079,0.445767969,0.235115398,1
AK_model_47,/home/lyara/areswave/models/AK_model_47.nd,nd,UNK,,,1007.565,60,771.239,26.258,1007.565,60,1270.15,131.292,1480.218,26.259,1689.744,60,0.684827043,0.699923771,0.694891528,0.315172957,0.300076229,1
Geophysical_model78,/home/lyara/areswave/models/Geophysical_model78.nd,nd,UNK,,,916.795,60,900,184.466,916.795,60,1101.543,16.795,1437.448,100.771,1686.049,60,0.696389422,0.694477536,0.695114831,0.303610578,0.305522464,1
Geophysical_model792,/home/lyara/areswave/models/Geophysical_model792.nd,nd,UNK,,,900,60,900,20.66,900,60,1106.104,17.175,1483.961,103.052,1699.813,60,0.75456932,0.665388262,0.695115281,0.24543068,0.334611738,1
Geophysical_model882,/home/lyara/areswave/models/Geophysical_model882.nd,nd,UNK,,,900,60,900,20.66,900,60,1106.104,17.175,1483.961,103.052,1699.813,60,0.75456932,0.665388262,0.695115281,0.24543068,0.334611738,1
Geophysical_model697,/home/lyara/areswave/models/Geophysical_model697.nd,nd,UNK,,,900,60,900,20.66,900,60,1106.104,17.175,1483.961,103.052,1699.813,60,0.75456932,0.665388262,0.695115281,0.24543068,0.334611738,1
Geophysical_model600,/home/lyara/areswave/models/Geophysical_model600.nd,nd,UNK,,,1098.51,60,900,23.878,1098.51,60,1115.052,16.543,1462.444,99.255,1676.896,60,0.839207318,0.623276492,0.695253434,0.160792682,0.376723508,1
Geophysical_model605,/home/lyara/areswave/models/Geophysical_model605.nd,nd,UNK,,,916.648,60,900,180.158,916.648,60,1116.419,16.648,1499.315,99.885,1680.704,60,0.803604472,0.64160205,0.695602857,0.196395528,0.35839795,1
Geophysical_model684,/home/lyara/areswave/models/Geophysical_model684.nd,nd,UNK,,,900,60,900,21.48,900,60,1116.854,33.362,1483.837,100.087,1681.914,60,0.652091156,0.717404665,0.695633495,0.347908844,0.282595335,1
Geophysical_model966,/home/lyara/areswave/models/Geophysical_model966.nd,nd,UNK,,,950.781,60,900,183.639,950.781,60,1136.977,33.854,1492.442,67.707,1690.818,60,0.654522952,0.716310267,0.695714495,0.345477048,0.283689733,1
Geophysical_model337,/home/lyara/areswave/models/Geophysical_model337.nd,nd,UNK,,,967.872,60,900,180.907,967.872,60,1120.585,33.937,1459.948,101.809,1692.31,60,0.820447857,0.633433199,0.695771418,0.179552143,0.366566801,1
Geophysical_model245,/home/lyara/areswave/models/Geophysical_model245.nd,nd,UNK,,,967.7,60,900,181.096,967.7,60,1120.025,33.85,1458.525,118.475,1690.748,60,0.794456161,0.646972524,0.696133736,0.205543839,0.353027476,1
Geophysical_model382,/home/lyara/areswave/models/Geophysical_model382.nd,nd,UNK,,,1063.521,60,900,197.657,1063.521,60,1145.281,32.704,1488.674,65.408,1669.999,60,0.776473613,0.656491602,0.696485606,0.223526387,0.343508398,1
Geophysical_model399,/home/lyara/areswave/models/Geophysical_model399.nd,nd,UNK,,,1098.226,60,900,179.576,1098.226,60,1114.745,16.519,1445.122,99.113,1676.04,60,0.649411508,0.720131497,0.696558167,0.350588492,0.279868503,1
Geophysical_model998,/home/lyara/areswave/models/Geophysical_model998.nd,nd,UNK,,,933.856,60,879.282,186.458,933.856,60,1120.061,33.856,1492.472,84.639,1690.849,60,0.713989162,0.688523818,0.697012266,0.286010838,0.311476182,1
Geophysical_model947,/home/lyara/areswave/models/Geophysical_model947.nd,nd,UNK,,,966.806,60,900,177.404,966.806,60,1133.823,33.403,1484.557,66.807,1682.659,60,0.809782554,0.641022092,0.697275579,0.190217446,0.358977908,1
MD_model30,/home/lyara/areswave/models/MD_model30.nd,nd,UNK,,,1031.761,60,887.465,10.307,1031.761,60,1279.127,154.604,1330.661,61.842,1586.589,60,0.666349954,0.712768051,0.697295352,0.333650046,0.287231949,1
Geophysical_model541,/home/lyara/areswave/models/Geophysical_model541.nd,nd,UNK,,,916.672,60,900,180.17,916.672,60,1116.741,33.345,1483.532,83.362,1681.599,60,0.735781853,0.678368015,0.697505961,0.264218147,0.321631985,1
Geophysical_model833,/home/lyara/areswave/models/Geophysical_model833.nd,nd,UNK,,,950.007,60,900,178.795,950.007,60,1133.367,50.007,1483.418,66.676,1681.481,60,0.774890283,0.658876326,0.697547645,0.225109717,0.341123674,1
Geophysical_model812,/home/lyara/areswave/models/Geophysical_model812.nd,nd,UNK,,,916.648,60,900,180.024,916.648,60,1116.419,16.648,1499.315,99.885,1680.704,60,0.87609114,0.6082996,0.697563447,0.12390886,0.3917004,1
Geophysical_model435,/home/lyara/areswave/models/Geophysical_model435.nd,nd,UNK,,,949.68,60,900,189.869,949.68,60,1115.279,16.56,1463.038,99.36,1677.528,60,0.671027748,0.710916376,0.697620167,0.328972252,0.289083624,1
Geophysical_model702,/home/lyara/areswave/models/Geophysical_model702.nd,nd,UNK,,,916.728,60,900,193.447,916.728,60,1117.459,33.456,1485.467,83.638,1683.6,60,0.713161729,0.690019124,0.697733326,0.286838271,0.309980876,1
Geophysical_model103,/home/lyara/areswave/models/Geophysical_model103.nd,nd,UNK,,,1016.326,60,900,195.543,1016.326,60,1132.652,33.236,1498.248,99.708,1679.631,60,0.799822545,0.647090339,0.698001074,0.200177455,0.352909661,1
Geophysical_model388,/home/lyara/areswave/models/Geophysical_model388.nd,nd,UNK,,,950.857,60,900,180.539,950.857,60,1120.38,33.904,1459.426,101.713,1691.737,60,0.725597774,0.684494535,0.698195614,0.274402226,0.315505465,1
Geophysical_model16,/home/lyara/areswave/models/Geophysical_model16.nd,nd,UNK,,,999.738,60,878.116,196.952,999.738,60,1116.099,16.623,1481.804,99.738,1679.811,60,0.578795086,0.75808857,0.698324075,0.421204914,0.24191143,1
Geophysical_model128,/home/lyara/areswave/models/Geophysical_model128.nd,nd,UNK,,,998.736,60,900,188.684,998.736,60,1130.385,32.912,1475.961,98.737,1673.765,60,0.657439534,0.718785461,0.698336819,0.342560466,0.281214539,1
Geophysical_model654,/home/lyara/areswave/models/Geophysical_model654.nd,nd,UNK,,,916.721,60,875.945,192.439,916.721,60,1117.378,33.443,1485.25,83.608,1683.376,60,0.865565317,0.614870068,0.698435151,0.134434683,0.385129932,1
Geophysical_model205,/home/lyara/areswave/models/Geophysical_model205.nd,nd,UNK,,,965.752,60,900,182.01,965.752,60,1113.693,16.437,1458.888,115.065,1673.108,60,0.684097159,0.705742307,0.698527257,0.315902841,0.294257693,1
AK_model_67,/home/lyara/areswave/models/AK_model_67.nd,nd,UNK,,,1034.55,60,885.984,24.76,1034.55,60,1158.354,99.044,1381.202,99.043,1662.605,60,0.791453976,0.652156217,0.698588803,0.208546024,0.347843783,1
Geophysical_model913,/home/lyara/areswave/models/Geophysical_model913.nd,nd,UNK,,,916.847,60,879.78,181.977,916.847,60,1119.005,33.693,1489.628,84.233,1687.906,60,0.849147289,0.623563833,0.698758318,0.150852711,0.376436167,1
Geophysical_model513,/home/lyara/areswave/models/Geophysical_model513.nd,nd,UNK,,,916.847,60,879.78,181.977,916.847,60,1119.005,33.693,1489.628,84.233,1687.906,60,0.849147289,0.623563833,0.698758318,0.150852711,0.376436167,1
MD_model70,/home/lyara/areswave/models/MD_model70.nd,nd,UNK,,,1005.796,60,809.43,10.335,1005.796,60,1243.502,165.361,1439.868,165.361,1592.774,60,0.746533966,0.676069517,0.699557666,0.253466034,0.323930483,1
Geophysical_model286,/home/lyara/areswave/models/Geophysical_model286.nd,nd,UNK,,,949.973,60,900,197.891,949.973,60,1116.548,16.657,1449.698,99.945,1681.061,60,0.680604382,0.709196375,0.699665711,0.319395618,0.290803625,1
Geophysical_model601,/home/lyara/areswave/models/Geophysical_model601.nd,nd,UNK,,,916.693,60,877.681,178.549,916.693,60,1117.015,33.386,1484.271,83.467,1682.363,60,0.73661617,0.681506901,0.699876658,0.26338383,0.318493099,1
Geophysical_model167,/home/lyara/areswave/models/Geophysical_model167.nd,nd,UNK,,,984.407,60,861.42,192.901,984.407,60,1119.457,33.763,1490.847,101.288,1689.167,60,0.697688754,0.701137847,0.699988149,0.302311246,0.298862153,1
MD_model97,/home/lyara/areswave/models/MD_model97.nd,nd,UNK,,,969.857,60,861.889,183.546,969.857,60,1293.761,32.391,1347.745,64.78,1633.027,60,0.851437323,0.624643115,0.700241184,0.148562677,0.375356885,1
Geophysical_model769,/home/lyara/areswave/models/Geophysical_model769.nd,nd,UNK,,,950.91,60,900,199.563,950.91,60,1137.578,33.94,1476.975,67.879,1692.373,60,0.787514445,0.656754961,0.700341456,0.212485555,0.343245039,1
Geophysical_model164,/home/lyara/areswave/models/Geophysical_model164.nd,nd,UNK,,,950.866,60,900,193.895,950.866,60,1120.421,33.911,1459.531,101.733,1691.853,60,0.710594452,0.69560144,0.70059911,0.289405548,0.30439856,1
Geophysical_model736,/home/lyara/areswave/models/Geophysical_model736.nd,nd,UNK,,,1084.925,60,900,29.856,1084.925,60,1101.736,16.811,1454.774,100.868,1686.632,60,0.77316829,0.665904671,0.701659211,0.22683171,0.334095329,1
Geophysical_model124,/home/lyara/areswave/models/Geophysical_model124.nd,nd,UNK,,,966.637,60,900,190.476,966.637,60,1116.57,16.66,1466.415,99.956,1681.124,60,0.672743006,0.716279947,0.701767633,0.327256994,0.283720053,1
MD_model94,/home/lyara/areswave/models/MD_model94.nd,nd,UNK,,,1025.295,60,867.383,10.528,1025.295,60,1288.482,157.913,1351.647,168.44,1600.766,60,0.609573784,0.749103367,0.702593506,0.390426216,0.250896633,1
Geophysical_model563,/home/lyara/areswave/models/Geophysical_model563.nd,nd,UNK,,,1087.281,60,900,22.386,1087.281,60,1104.307,17.025,1461.843,119.179,1694.389,60,0.754458258,0.676922554,0.702767789,0.245541742,0.323077446,1
MD_model91,/home/lyara/areswave/models/MD_model91.nd,nd,UNK,,,1010.241,60,823.126,10.395,1010.241,60,1155.775,155.93,1301.31,166.324,1600.05,60,0.77446705,0.667043967,0.702851661,0.22553295,0.332956033,1
Geophysical_model79,/home/lyara/areswave/models/Geophysical_model79.nd,nd,UNK,,,982.905,60,879.721,182.515,982.905,60,1115.552,16.581,1463.752,116.067,1678.288,60,0.755517592,0.677415966,0.703449841,0.244482408,0.322584034,1
AK_model_40,/home/lyara/areswave/models/AK_model_40.nd,nd,UNK,,,1044.143,60,837.506,25.83,1044.143,60,1276.61,77.489,1302.439,25.83,1667.377,60,0.582714505,0.764120292,0.703651696,0.417285495,0.235879708,1
Geophysical_model643,/home/lyara/areswave/models/Geophysical_model643.nd,nd,UNK,,,1099.903,60,900,21.505,1099.903,60,1116.562,16.658,1466.392,116.61,1681.1,60,0.818625144,0.646576062,0.703925756,0.181374856,0.353423938,1
Geophysical_model644,/home/lyara/areswave/models/Geophysical_model644.nd,nd,UNK,,,1099.903,60,900,21.505,1099.903,60,1116.562,16.658,1466.392,116.61,1681.1,60,0.818625144,0.646576062,0.703925756,0.181374856,0.353423938,1
Geophysical_model840,/home/lyara/areswave/models/Geophysical_model840.nd,nd,UNK,,,950.057,60,900,178.012,950.057,60,1133.601,33.371,1484.001,66.743,1682.084,60,0.807565105,0.6523516,0.704089435,0.192434895,0.3476484,1
AK_model_4,/home/lyara/areswave/models/AK_model_4.nd,nd,UNK,,,1037.134,60,797.074,26.673,1037.134,60,1277.195,80.02,1303.868,26.673,1700.523,60,0.652522279,0.730726702,0.704658561,0.347477721,0.269273298,1
Geophysical_model667,/home/lyara/areswave/models/Geophysical_model667.nd,nd,UNK,,,900,60,900,21.342,900,60,1100.223,33.371,1483.984,100.111,1682.066,60,0.676655344,0.719161289,0.704992641,0.323344656,0.280838711,1
MD_model4,/home/lyara/areswave/models/MD_model4.nd,nd,UNK,,,994.529,60,768.899,10.256,994.529,60,1117.601,164.094,1394.511,194.863,1507.326,60.715,0.813964218,0.650846237,0.705218897,0.186035782,0.349153763,1
Geophysical_model134,/home/lyara/areswave/models/Geophysical_model134.nd,nd,UNK,,,982.649,60,876.764,185.889,982.649,60,1114.887,16.53,1462.012,115.708,1676.435,60,0.496566621,0.810005808,0.705526079,0.503433379,0.189994192,1
Geophysical_model834,/home/lyara/areswave/models/Geophysical_model834.nd,nd,UNK,,,1088.334,60,900,20.671,1088.334,60,1105.456,17.121,1465.003,102.728,1697.857,60,0.77805303,0.669275787,0.705534868,0.22194697,0.330724213,1
Geophysical_model934,/home/lyara/areswave/models/Geophysical_model934.nd,nd,UNK,,,950.013,60,900,182.28,950.013,60,1133.396,33.342,1483.489,66.684,1681.554,60,0.811661672,0.653128997,0.705973222,0.188338328,0.346871003,1
Geophysical_model735,/home/lyara/areswave/models/Geophysical_model735.nd,nd,UNK,,,900,60,900,179.565,900,60,1118.565,33.625,1488.445,100.876,1686.682,60,0.780408768,0.668794138,0.705999015,0.219591232,0.331205862,1
AK_model_49,/home/lyara/areswave/models/AK_model_49.nd,nd,UNK,,,1010.726,60,802.494,26.029,1010.726,60,1271.017,130.146,1479.249,26.029,1688.205,60,0.880956251,0.618635993,0.706076079,0.119043749,0.381364007,1
AK_model_25,/home/lyara/areswave/models/AK_model_25.nd,nd,UNK,,,1038.21,60,798.179,26.67,1038.21,60,1278.24,26.67,1331.58,53.34,1701.46,60,0.721019166,0.698708276,0.70614524,0.278980834,0.301291724,1
Geophysical_model559,/home/lyara/areswave/models/Geophysical_model559.nd,nd,UNK,,,900,60,900,181.122,900,60,1119.137,33.714,1473.128,101.141,1688.275,60,0.813155449,0.653184496,0.706508147,0.186844551,0.346815504,1
Geophysical_model981,/home/lyara/areswave/models/Geophysical_model981.nd,nd,UNK,,,933.4,60,900,184.236,933.4,60,1117.102,33.4,1484.505,83.501,1682.605,60,0.816253934,0.651889077,0.706677363,0.183746066,0.348110923,1
Geophysical_model647,/home/lyara/areswave/models/Geophysical_model647.nd,nd,UNK,,,916.648,60,877.465,180.284,916.648,60,1116.419,16.648,1499.315,99.885,1680.704,60,0.763041746,0.678797287,0.706878773,0.236958254,0.321202713,1
AK_model_82,/home/lyara/areswave/models/AK_model_82.nd,nd,UNK,,,1066.874,60,841.141,25.081,1066.874,60,1292.606,50.162,1342.769,50.163,1675.283,60,0.773137706,0.674131238,0.707133394,0.226862294,0.325868762,1
Geophysical_model266,/home/lyara/areswave/models/Geophysical_model266.nd,nd,UNK,,,949.973,60,900,197.605,949.973,60,1116.548,16.657,1449.698,99.945,1681.061,60,0.872062164,0.624752174,0.707188837,0.127937836,0.375247826,1
AK_model_59,/home/lyara/areswave/models/AK_model_59.nd,nd,UNK,,,1013.735,60,839.485,24.892,1013.735,60,1163.093,124.465,1387.13,49.786,1668.845,60,0.874768691,0.623453688,0.707225356,0.125231309,0.376546312,1
Geophysical_model793,/home/lyara/areswave/models/Geophysical_model793.nd,nd,UNK,,,933.855,60,879.282,186.458,933.855,60,1120.056,33.855,1492.459,84.637,1690.835,60,0.689327365,0.716188563,0.70723483,0.310672635,0.283811437,1
Geophysical_model55,/home/lyara/areswave/models/Geophysical_model55.nd,nd,UNK,,,1064.102,60,900,191.786,1064.102,60,1146.153,32.82,1490.767,65.64,1672.105,60,0.788773926,0.666897065,0.707522686,0.211226074,0.333102935,1
Geophysical_model119,/home/lyara/areswave/models/Geophysical_model119.nd,nd,UNK,,,1064.102,60,900,191.786,1064.102,60,1146.153,32.82,1490.767,65.64,1672.105,60,0.788773926,0.666897065,0.707522686,0.211226074,0.333102935,1
Geophysical_model550,/home/lyara/areswave/models/Geophysical_model550.nd,nd,UNK,,,1099.489,60,900,20.991,1099.489,60,1116.113,16.624,1465.218,99.745,1679.849,60,0.781802341,0.67069212,0.70772886,0.218197659,0.32930788,1
Geophysical_model703,/home/lyara/areswave/models/Geophysical_model703.nd,nd,UNK,,,1099.489,60,900,20.991,1099.489,60,1116.113,16.624,1465.218,99.745,1679.849,60,0.781802341,0.67069212,0.70772886,0.218197659,0.32930788,1
AK_model_62,/home/lyara/areswave/models/AK_model_62.nd,nd,UNK,,,1016.476,60,815.77,25.088,1016.476,60,1116.83,100.353,1367.713,75.265,1675.2,60,0.836183622,0.643580938,0.707781832,0.163816378,0.356419062,1
AK_model_81,/home/lyara/areswave/models/AK_model_81.nd,nd,UNK,,,1048.351,60,819.977,25.375,1048.351,60,1276.724,50.749,1327.474,50.75,1686.823,60,0.841709007,0.640925291,0.707853196,0.158290993,0.359074709,1
CD_model35,/home/lyara/areswave/models/CD_model35.nd,nd,UNK,,,,60,,60,,60,,60,,60,,60,0.33529598,0.894247625,0.70793041,0.66470402,0.105752375,1
Geophysical_model558,/home/lyara/areswave/models/Geophysical_model558.nd,nd,UNK,,,1097.761,60,900,24.104,1097.761,60,1114.242,16.48,1460.324,98.881,1674.637,60,0.661215985,0.731465517,0.708049006,0.338784015,0.268534483,1
Geophysical_model535,/home/lyara/areswave/models/Geophysical_model535.nd,nd,UNK,,,950.109,60,900,178.347,950.109,60,1133.844,33.406,1484.609,66.812,1682.713,60,0.765974592,0.679552345,0.708359761,0.234025408,0.320447655,1
MD_model2,/home/lyara/areswave/models/MD_model2.nd,nd,UNK,,,986.891,60,741.65,21.326,986.891,60,1114.842,42.65,1445.384,42.651,1631.921,60,0.49110319,0.817171765,0.70848224,0.50889681,0.182828235,1
Geophysical_model405,/home/lyara/areswave/models/Geophysical_model405.nd,nd,UNK,,,1047.083,60,900,186.645,1047.083,60,1145.138,32.685,1488.33,65.37,1669.654,60,0.771363836,0.677435188,0.708744737,0.228636164,0.322564812,1
Geophysical_model305,/home/lyara/areswave/models/Geophysical_model305.nd,nd,UNK,,,966.81,60,900,178.452,966.81,60,1117.132,33.405,1451.182,100.215,1682.69,60,0.841426391,0.643049336,0.709175021,0.158573609,0.356950664,1
Geophysical_model935,/home/lyara/areswave/models/Geophysical_model935.nd,nd,UNK,,,933.4,60,876.829,185.365,933.4,60,1117.102,33.4,1484.505,83.501,1682.605,60,0.841357428,0.643663059,0.709561182,0.158642572,0.356336941,1
Geophysical_model926,/home/lyara/areswave/models/Geophysical_model926.nd,nd,UNK,,,933.844,60,879.594,183.652,933.844,60,1119.984,33.844,1492.265,84.609,1690.635,60,0.856257639,0.63632834,0.709638106,0.143742361,0.36367166,1
AK_model_12,/home/lyara/areswave/models/AK_model_12.nd,nd,UNK,,,1035.663,60,813.003,24.74,1035.663,60,1283.062,74.22,1307.802,24.74,1686.223,60,0.609747626,0.759863029,0.709824561,0.390252374,0.240136971,1
MD_model56,/home/lyara/areswave/models/MD_model56.nd,nd,UNK,,,903.728,60,798.823,115.396,903.728,60,1291.878,73.434,1312.859,31.471,1613.347,60,0.572179186,0.778835441,0.709950023,0.427820814,0.221164559,1
Geophysical_model148,/home/lyara/areswave/models/Geophysical_model148.nd,nd,UNK,,,983.062,60,858.582,186.381,983.062,60,1115.961,16.613,1464.822,116.287,1679.428,60,0.598205086,0.766944949,0.710698328,0.401794914,0.233055051,1
Geophysical_model494,/home/lyara/areswave/models/Geophysical_model494.nd,nd,UNK,,,999.801,60,857.502,191.241,999.801,60,1116.236,16.633,1465.54,99.801,1680.192,60,0.524307052,0.804072731,0.710817505,0.475692948,0.195927269,1
Geophysical_model259,/home/lyara/areswave/models/Geophysical_model259.nd,nd,UNK,,,984.104,60,876.799,185.605,984.104,60,1118.67,33.641,1488.726,100.924,1686.973,60,0.786851317,0.672986944,0.710941735,0.213148683,0.327013056,1
Geophysical_model923,/home/lyara/areswave/models/Geophysical_model923.nd,nd,UNK,,,933.343,60,900,180.439,933.343,60,1116.73,33.343,1483.505,83.358,1681.57,60,0.78122412,0.675928931,0.711027327,0.21877588,0.324071069,1
Geophysical_model536,/home/lyara/areswave/models/Geophysical_model536.nd,nd,UNK,,,916.773,60,856.044,197.802,916.773,60,1118.053,33.547,1487.065,83.866,1685.254,60,0.766317566,0.683807309,0.711310728,0.233682434,0.316192691,1
Geophysical_model476,/home/lyara/areswave/models/Geophysical_model476.nd,nd,UNK,,,967.7,60,900,181.488,967.7,60,1120.025,33.85,1458.525,118.475,1690.748,60,0.71991579,0.707466835,0.711616487,0.28008421,0.292533165,1
Geophysical_model419,/home/lyara/areswave/models/Geophysical_model419.nd,nd,UNK,,,983.998,60,876.703,186.373,983.998,60,1118.394,33.599,1471.183,100.797,1686.203,60,0.768044355,0.683422129,0.711629538,0.231955645,0.316577871,1
Geophysical_model151,/home/lyara/areswave/models/Geophysical_model151.nd,nd,UNK,,,916.88,60,900,182.473,916.88,60,1102.557,16.88,1440.153,101.278,1689.11,60,0.811676224,0.662011185,0.711899531,0.188323776,0.337988815,1
Geophysical_model369,/home/lyara/areswave/models/Geophysical_model369.nd,nd,UNK,,,1031.52,60,900,186.47,1031.52,60,1130.159,32.88,1475.398,82.199,1673.183,60,0.858240771,0.639003733,0.712082746,0.141759229,0.360996267,1
Geophysical_model418,/home/lyara/areswave/models/Geophysical_model418.nd,nd,UNK,,,1031.52,60,900,186.47,1031.52,60,1130.159,32.88,1475.398,82.199,1673.183,60,0.858240771,0.639003733,0.712082746,0.141759229,0.360996267,1
Geophysical_model432,/home/lyara/areswave/models/Geophysical_model432.nd,nd,UNK,,,1031.52,60,900,186.47,1031.52,60,1130.159,32.88,1475.398,82.199,1673.183,60,0.858240771,0.639003733,0.712082746,0.141759229,0.360996267,1
Geophysical_model338,/home/lyara/areswave/models/Geophysical_model338.nd,nd,UNK,,,983.209,60,878.088,197.21,983.209,60,1116.344,16.642,1465.824,116.493,1680.495,60,0.764558089,0.686113674,0.712261812,0.235441911,0.313886326,1
Geophysical_model180,/home/lyara/areswave/models/Geophysical_model180.nd,nd,UNK,,,966.993,60,856.89,193.996,966.993,60,1117.726,33.497,1486.187,100.49,1684.345,60,0.80662645,0.665086396,0.712266414,0.19337355,0.334913604,1
MD_model57,/home/lyara/areswave/models/MD_model57.nd,nd,UNK,,,943.736,60,850.536,93.2,943.736,60,1285.469,62.133,1306.18,31.066,1593.857,60,0.587182778,0.774838025,0.712286276,0.412817222,0.225161975,1
Geophysical_model178,/home/lyara/areswave/models/Geophysical_model178.nd,nd,UNK,,,999.801,60,857.307,192.118,999.801,60,1116.236,16.633,1482.173,99.801,1680.192,60,0.567199477,0.785505089,0.712736551,0.432800523,0.214494911,1
Geophysical_model566,/home/lyara/areswave/models/Geophysical_model566.nd,nd,UNK,,,916.723,60,877.828,199.549,916.723,60,1117.396,33.446,1485.297,83.614,1683.425,60,0.868092836,0.635065641,0.712741373,0.131907164,0.364934359,1
Geophysical_model996,/home/lyara/areswave/models/Geophysical_model996.nd,nd,UNK,,,916.723,60,877.828,199.549,916.723,60,1117.396,33.446,1485.297,83.614,1683.425,60,0.868092836,0.635065641,0.712741373,0.131907164,0.364934359,1
Geophysical_model681,/home/lyara/areswave/models/Geophysical_model681.nd,nd,UNK,,,916.723,60,877.828,199.549,916.723,60,1117.396,33.446,1485.297,83.614,1683.425,60,0.868092836,0.635065641,0.712741373,0.131907164,0.364934359,1
Geophysical_model858,/home/lyara/areswave/models/Geophysical_model858.nd,nd,UNK,,,933.805,60,900,184.518,933.805,60,1119.733,33.805,1491.589,84.513,1689.935,60,0.892338797,0.623111534,0.712853955,0.107661203,0.376888466,1
Geophysical_model86,/home/lyara/areswave/models/Geophysical_model86.nd,nd,UNK,,,1015.239,60,900,189.352,1015.239,60,1130.479,32.926,1492.66,98.777,1674.009,60,0.680816122,0.72892192,0.712886654,0.319183878,0.27107808,1
Geophysical_model68,/home/lyara/areswave/models/Geophysical_model68.nd,nd,UNK,,,933.76,60,900,182.039,933.76,60,1102.557,16.88,1440.153,101.278,1689.11,60,0.694067733,0.722494823,0.713019126,0.305932267,0.277505177,1
MD_model44,/home/lyara/areswave/models/MD_model44.nd,nd,UNK,,,921.056,60,890.938,140.551,921.056,60,1262.393,70.275,1302.55,40.158,1483.258,61.492,0.800656083,0.669892032,0.713480049,0.199343917,0.330107968,1
Geophysical_model815,/home/lyara/areswave/models/Geophysical_model815.nd,nd,UNK,,,950.781,60,900,183.496,950.781,60,1136.977,33.854,1475.515,67.707,1690.818,60,0.715129394,0.712997868,0.713708377,0.284870606,0.287002132,1
Geophysical_model577,/home/lyara/areswave/models/Geophysical_model577.nd,nd,UNK,,,1099.625,60,900,21.533,1099.625,60,1116.26,16.636,1465.604,99.812,1680.261,60,0.715392738,0.713694937,0.71426087,0.284607262,0.286305063,1
Geophysical_model894,/home/lyara/areswave/models/Geophysical_model894.nd,nd,UNK,,,950.013,60,900,182.42,950.013,60,1133.396,33.342,1483.489,66.684,1681.554,60,0.775261846,0.684144246,0.714516779,0.224738154,0.315855754,1
Geophysical_model138,/home/lyara/areswave/models/Geophysical_model138.nd,nd,UNK,,,982.921,60,900,196.419,982.921,60,1115.594,16.584,1463.861,116.089,1678.405,60,0.584946123,0.779331045,0.714536071,0.415053877,0.220668955,1
Geophysical_model841,/home/lyara/areswave/models/Geophysical_model841.nd,nd,UNK,,,916.723,60,877.735,178.117,916.723,60,1117.396,33.446,1485.297,83.614,1683.425,60,0.811271011,0.666343275,0.714652521,0.188728989,0.333656725,1
Geophysical_model117,/home/lyara/areswave/models/Geophysical_model117.nd,nd,UNK,,,966.508,60,900,194.013,966.508,60,1116.152,16.627,1465.32,99.762,1679.958,60,0.762465923,0.6909951,0.714818708,0.237534077,0.3090049,1
Geophysical_model260,/home/lyara/areswave/models/Geophysical_model260.nd,nd,UNK,,,982.805,60,860.802,195.988,982.805,60,1115.292,16.561,1496.194,99.365,1677.564,60,0.732691855,0.706052544,0.714932314,0.267308145,0.293947456,1
Geophysical_model36,/home/lyara/areswave/models/Geophysical_model36.nd,nd,UNK,,,1049.308,60,900,180.2,1049.308,60,1132.256,33.179,1497.231,82.949,1678.607,60,0.710499048,0.717263824,0.715008898,0.289500952,0.282736176,1
Geophysical_model4,/home/lyara/areswave/models/Geophysical_model4.nd,nd,UNK,,,1001.298,60,880.765,192.353,1001.298,60,1136.363,33.767,1490.906,101.298,1689.229,60,0.795071421,0.675287874,0.715215723,0.204928579,0.324712126,1
Geophysical_model505,/home/lyara/areswave/models/Geophysical_model505.nd,nd,UNK,,,949.989,60,900,178.015,949.989,60,1116.619,16.663,1499.867,83.315,1681.259,60,0.736428729,0.704669203,0.715255712,0.263571271,0.295330797,1
AK_model_99,/home/lyara/areswave/models/AK_model_99.nd,nd,UNK,,,1043.821,60,773.927,26.989,1043.821,60,1286.726,53.979,1313.715,53.979,1712.601,60,0.760535387,0.692790237,0.715371954,0.239464613,0.307209763,1
Geophysical_model529,/home/lyara/areswave/models/Geophysical_model529.nd,nd,UNK,,,916.577,60,878.227,195.957,916.577,60,1115.503,16.577,1480.2,99.463,1678.151,60,0.869744279,0.638580263,0.715634935,0.130255721,0.361419737,1
AK_model_21,/home/lyara/areswave/models/AK_model_21.nd,nd,UNK,,,1060.311,60,819.703,53.469,1060.311,60,1274.186,26.734,1327.655,53.469,1698.352,60,0.786002007,0.681152126,0.716102086,0.213997993,0.318847874,1
MD_model89,/home/lyara/areswave/models/MD_model89.nd,nd,UNK,,,984.933,60,781.659,192.575,984.933,60,1273.795,32.096,1327.288,74.89,1611.235,60,0.845343845,0.651829812,0.71633449,0.154656155,0.348170188,1
Geophysical_model671,/home/lyara/areswave/models/Geophysical_model671.nd,nd,UNK,,,1099.625,60,900,21.47,1099.625,60,1116.26,16.636,1465.604,99.812,1680.261,60,0.702042904,0.72374365,0.716510068,0.297957096,0.27625635,1
Geophysical_model498,/home/lyara/areswave/models/Geophysical_model498.nd,nd,UNK,,,1016.295,60,900,198.368,1016.295,60,1132.589,33.227,1498.087,99.682,1679.468,60,0.632869182,0.758362659,0.7165315,0.367130818,0.241637341,1
Geophysical_model313,/home/lyara/areswave/models/Geophysical_model313.nd,nd,UNK,,,1016.295,60,900,198.368,1016.295,60,1132.589,33.227,1498.087,99.682,1679.468,60,0.632869182,0.758362659,0.7165315,0.367130818,0.241637341,1
Geophysical_model364,/home/lyara/areswave/models/Geophysical_model364.nd,nd,UNK,,,1016.295,60,900,198.368,1016.295,60,1132.589,33.227,1498.087,99.682,1679.468,60,0.632869182,0.758362659,0.7165315,0.367130818,0.241637341,1
Geophysical_model521,/home/lyara/areswave/models/Geophysical_model521.nd,nd,UNK,,,966.806,60,900,176.748,966.806,60,1133.823,33.403,1484.557,66.807,1682.659,60,0.839748092,0.655136983,0.716674019,0.160251908,0.344863017,1
Geophysical_model215,/home/lyara/areswave/models/Geophysical_model215.nd,nd,UNK,,,949.483,60,900,193.481,949.483,60,1114.426,16.494,1460.805,98.966,1675.15,60,0.793292211,0.678966406,0.717075008,0.206707789,0.321033594,1
Geophysical_model560,/home/lyara/areswave/models/Geophysical_model560.nd,nd,UNK,,,1099.489,60,900,21.346,1099.489,60,1116.113,16.624,1465.218,99.745,1679.849,60,0.844997636,0.653388608,0.717258284,0.155002364,0.346611392,1
Geophysical_model638,/home/lyara/areswave/models/Geophysical_model638.nd,nd,UNK,,,916.693,60,877.71,178.319,916.693,60,1117.015,33.386,1484.271,83.467,1682.363,60,0.768639928,0.691584633,0.717269732,0.231360072,0.308415367,1
MD_model77,/home/lyara/areswave/models/MD_model77.nd,nd,UNK,,,993.197,60,753.202,10.435,993.197,60,1139.281,187.822,1400.145,125.214,1595.591,60,0.823634521,0.664237837,0.717370065,0.176365479,0.335762163,1
Geophysical_model892,/home/lyara/areswave/models/Geophysical_model892.nd,nd,UNK,,,933.943,60,900,185.966,933.943,60,1120.631,33.943,1477.036,84.858,1692.437,60,0.796313158,0.678819077,0.71798377,0.203686842,0.321180923,1
Geophysical_model895,/home/lyara/areswave/models/Geophysical_model895.nd,nd,UNK,,,900,60,900,197.881,900,60,1104.246,17.02,1461.676,102.123,1694.206,60,0.731955806,0.711092792,0.71804713,0.268044194,0.288907208,1
Geophysical_model25,/home/lyara/areswave/models/Geophysical_model25.nd,nd,UNK,,,983.376,60,879.05,188.546,983.376,60,1116.777,33.35,1466.955,100.051,1681.7,60,0.651272459,0.751976775,0.71840867,0.348727541,0.248023225,1
Geophysical_model93,/home/lyara/areswave/models/Geophysical_model93.nd,nd,UNK,,,967.494,60,900,192.453,967.494,60,1119.357,33.747,1456.828,118.116,1688.886,60,0.513813867,0.820790752,0.718465124,0.486186133,0.179209248,1
AK_model_77,/home/lyara/areswave/models/AK_model_77.nd,nd,UNK,,,1027.629,60,797.873,25.528,1027.629,60,1282.914,76.586,1308.442,25.528,1694.139,60,0.615999561,0.769860958,0.718573826,0.384000439,0.230139042,1
Geophysical_model343,/home/lyara/areswave/models/Geophysical_model343.nd,nd,UNK,,,1033.278,60,900,182.297,1033.278,60,1133.237,33.32,1499.753,83.299,1681.144,60,0.864057863,0.646052207,0.718720759,0.135942137,0.353947793,1
Geophysical_model922,/home/lyara/areswave/models/Geophysical_model922.nd,nd,UNK,,,949.959,60,900,179.206,949.959,60,1133.142,33.305,1499.507,83.265,1680.897,60,0.800374378,0.678391919,0.719052738,0.199625622,0.321608081,1
Geophysical_model960,/home/lyara/areswave/models/Geophysical_model960.nd,nd,UNK,,,916.969,60,856.194,197.127,916.969,60,1120.603,33.939,1476.962,84.847,1692.359,60,0.797695531,0.679809411,0.719104784,0.202304469,0.320190589,1
Geophysical_model562,/home/lyara/areswave/models/Geophysical_model562.nd,nd,UNK,,,916.969,60,856.194,197.127,916.969,60,1120.603,33.939,1476.962,84.847,1692.359,60,0.797695531,0.679809411,0.719104784,0.202304469,0.320190589,1
Geophysical_model571,/home/lyara/areswave/models/Geophysical_model571.nd,nd,UNK,,,916.969,60,856.194,197.127,916.969,60,1120.603,33.939,1476.962,84.847,1692.359,60,0.797695531,0.679809411,0.719104784,0.202304469,0.320190589,1
Geophysical_model576,/home/lyara/areswave/models/Geophysical_model576.nd,nd,UNK,,,916.723,60,877.532,179.741,916.723,60,1117.396,33.446,1468.574,83.614,1683.425,60,0.8584503,0.649457673,0.719121882,0.1415497,0.350542327,1
Geophysical_model741,/home/lyara/areswave/models/Geophysical_model741.nd,nd,UNK,,,916.648,60,900,180.181,916.648,60,1116.419,16.648,1499.315,99.885,1680.704,60,0.757859878,0.699836109,0.719177366,0.242140122,0.300163891,1
Geophysical_model248,/home/lyara/areswave/models/Geophysical_model248.nd,nd,UNK,,,999.558,60,878.729,191.441,999.558,60,1115.708,16.593,1497.346,99.558,1678.723,60,0.58588195,0.78673905,0.719786683,0.41411805,0.21326095,1
Geophysical_model820,/home/lyara/areswave/models/Geophysical_model820.nd,nd,UNK,,,950.007,60,900,178.976,950.007,60,1133.367,33.338,1483.418,66.676,1681.481,60,0.83058811,0.66470083,0.71999659,0.16941189,0.33529917,1
Geophysical_model402,/home/lyara/areswave/models/Geophysical_model402.nd,nd,UNK,,,1031.655,60,900,189.512,1031.655,60,1130.397,32.914,1492.449,82.285,1673.797,60,0.615539584,0.77225286,0.720015101,0.384460416,0.22774714,1
Geophysical_model422,/home/lyara/areswave/models/Geophysical_model422.nd,nd,UNK,,,1031.655,60,900,189.512,1031.655,60,1130.397,32.914,1492.449,82.285,1673.797,60,0.615539584,0.77225286,0.720015101,0.384460416,0.22774714,1
Geophysical_model188,/home/lyara/areswave/models/Geophysical_model188.nd,nd,UNK,,,967.494,60,900,188.938,967.494,60,1119.357,33.747,1456.828,118.116,1688.886,60,0.792873902,0.684433973,0.720580616,0.207126098,0.315566027,1
Geophysical_model281,/home/lyara/areswave/models/Geophysical_model281.nd,nd,UNK,,,999.737,60,878.076,197.316,999.737,60,1116.097,16.623,1465.176,99.737,1679.805,60,0.554298195,0.803781249,0.720620231,0.445701805,0.196218751,1
Geophysical_model352,/home/lyara/areswave/models/Geophysical_model352.nd,nd,UNK,,,1064.355,60,900,189.358,1064.355,60,1146.533,16.436,1475.244,65.742,1673.022,60,0.770899133,0.695594009,0.720695717,0.229100867,0.304405991,1
Geophysical_model884,/home/lyara/areswave/models/Geophysical_model884.nd,nd,UNK,,,933.365,60,900,186.283,933.365,60,1116.871,33.365,1483.885,83.412,1681.963,60,0.811664344,0.67545301,0.720856788,0.188335656,0.32454699,1
Geophysical_model801,/home/lyara/areswave/models/Geophysical_model801.nd,nd,UNK,,,966.694,60,900,192.625,966.694,60,1133.428,33.346,1483.57,66.694,1681.638,60,0.835275701,0.664049333,0.721124789,0.164724299,0.335950667,1
Geophysical_model868,/home/lyara/areswave/models/Geophysical_model868.nd,nd,UNK,,,949.989,60,900,186.742,949.989,60,1133.282,33.326,1483.205,83.315,1681.261,60,0.907472423,0.628007437,0.721162432,0.092527577,0.371992563,1
Geophysical_model722,/home/lyara/areswave/models/Geophysical_model722.nd,nd,UNK,,,900,60,900,22.447,900,60,1101.621,16.802,1488.061,100.811,1686.284,60,0.787898452,0.687890817,0.721226695,0.212101548,0.312109183,1
Geophysical_model861,/home/lyara/areswave/models/Geophysical_model861.nd,nd,UNK,,,949.959,60,900,179.65,949.959,60,1133.142,33.305,1499.507,83.265,1680.897,60,0.806505296,0.678722011,0.72131644,0.193494704,0.321277989,1
Geophysical_model961,/home/lyara/areswave/models/Geophysical_model961.nd,nd,UNK,,,949.959,60,900,179.65,949.959,60,1133.142,33.305,1499.507,83.265,1680.897,60,0.806505296,0.678722011,0.72131644,0.193494704,0.321277989,1
Geophysical_model881,/home/lyara/areswave/models/Geophysical_model881.nd,nd,UNK,,,950.007,60,900,179.212,950.007,60,1133.367,50.007,1483.418,66.676,1681.481,60,0.863879047,0.650971935,0.721940972,0.136120953,0.349028065,1
Geophysical_model976,/home/lyara/areswave/models/Geophysical_model976.nd,nd,UNK,,,916.837,60,900,181.468,916.837,60,1118.884,33.674,1489.303,84.186,1687.57,60,0.755274848,0.70557016,0.72213839,0.244725152,0.29442984,1
Geophysical_model73,/home/lyara/areswave/models/Geophysical_model73.nd,nd,UNK,,,1032.872,60,900,180.681,1032.872,60,1132.525,33.217,1497.923,83.045,1679.303,60,0.819116472,0.673940416,0.722332435,0.180883528,0.326059584,1
AK_model_79,/home/lyara/areswave/models/AK_model_79.nd,nd,UNK,,,1048.231,60,820.541,25.299,1048.231,60,1275.921,50.598,1326.519,50.598,1685.301,60,0.739163855,0.713954979,0.722357938,0.260836145,0.286045021,1
Geophysical_model949,/home/lyara/areswave/models/Geophysical_model949.nd,nd,UNK,,,916.648,60,877.517,179.866,916.648,60,1116.419,16.648,1499.315,99.885,1680.704,60,0.897218721,0.63494348,0.72236856,0.102781279,0.36505652,1
Geophysical_model42,/home/lyara/areswave/models/Geophysical_model42.nd,nd,UNK,,,949.68,60,900,189.971,949.68,60,1115.279,16.56,1446.478,115.92,1677.528,60,0.817952383,0.674999585,0.722650517,0.182047617,0.325000415,1
Geophysical_model186,/home/lyara/areswave/models/Geophysical_model186.nd,nd,UNK,,,933.038,60,900,199.34,933.038,60,1114.745,16.519,1445.122,99.113,1676.04,60,0.728324726,0.719862681,0.722683363,0.271675274,0.280137319,1
Geophysical_model850,/home/lyara/areswave/models/Geophysical_model850.nd,nd,UNK,,,950.127,60,900,199.684,950.127,60,1133.926,50.127,1484.815,66.836,1682.926,60,0.787144664,0.690836138,0.72293898,0.212855336,0.309163862,1
Geophysical_model139,/home/lyara/areswave/models/Geophysical_model139.nd,nd,UNK,,,1033.067,60,900,182.583,1033.067,60,1132.867,33.267,1498.801,83.167,1680.187,60,0.681606465,0.743810313,0.723075697,0.318393535,0.256189687,1
MD_model42,/home/lyara/areswave/models/MD_model42.nd,nd,UNK,,,951.682,60,896.388,187.997,951.682,60,1272.382,55.293,1338.734,99.528,1661.734,60,0.845826931,0.663678454,0.724394613,0.154173069,0.336321546,1
Geophysical_model90,/home/lyara/areswave/models/Geophysical_model90.nd,nd,UNK,,,949.68,60,900,190.494,949.68,60,1115.279,16.56,1446.478,115.92,1677.528,60,0.771361403,0.701081833,0.724508356,0.228638597,0.298918167,1
AK_model_73,/home/lyara/areswave/models/AK_model_73.nd,nd,UNK,,,1039.669,60,790.268,24.94,1039.669,60,1264.13,74.82,1314.011,24.94,1670.688,60,0.756679495,0.708938689,0.724852291,0.243320505,0.291061311,1
Geophysical_model951,/home/lyara/areswave/models/Geophysical_model951.nd,nd,UNK,,,933.943,60,900,186.074,933.943,60,1120.631,33.943,1477.036,84.858,1692.437,60,0.836551829,0.66925663,0.725021697,0.163448171,0.33074337,1
Geophysical_model869,/home/lyara/areswave/models/Geophysical_model869.nd,nd,UNK,,,933.943,60,900,186.055,933.943,60,1120.631,33.943,1477.036,84.858,1692.437,60,0.836551829,0.66925663,0.725021697,0.163448171,0.33074337,1
Geophysical_model567,/home/lyara/areswave/models/Geophysical_model567.nd,nd,UNK,,,933.943,60,900,186.055,933.943,60,1120.631,33.943,1477.036,84.858,1692.437,60,0.836551829,0.66925663,0.725021697,0.163448171,0.33074337,1
Geophysical_model479,/home/lyara/areswave/models/Geophysical_model479.nd,nd,UNK,,,983.998,60,876.544,187.65,983.998,60,1118.394,33.599,1487.983,100.797,1686.203,60,0.709013938,0.733042984,0.725033302,0.290986062,0.266957016,1
Geophysical_model572,/home/lyara/areswave/models/Geophysical_model572.nd,nd,UNK,,,1099.901,60,900,21.405,1099.901,60,1116.56,16.658,1466.387,116.609,1681.095,60,0.791131829,0.692734378,0.725533528,0.208868171,0.307265622,1
Geophysical_model227,/home/lyara/areswave/models/Geophysical_model227.nd,nd,UNK,,,967.56,60,879.511,184.397,967.56,60,1119.571,33.78,1457.372,101.34,1689.483,60,0.786068505,0.695678648,0.725808601,0.213931495,0.304321352,1
Geophysical_model707,/home/lyara/areswave/models/Geophysical_model707.nd,nd,UNK,,,933.674,60,879.802,181.785,933.674,60,1118.884,33.674,1489.303,84.186,1687.57,60,0.799035873,0.689213583,0.725821013,0.200964127,0.310786417,1
Geophysical_model879,/home/lyara/areswave/models/Geophysical_model879.nd,nd,UNK,,,933.674,60,879.802,181.785,933.674,60,1118.884,33.674,1489.303,84.186,1687.57,60,0.799035873,0.689213583,0.725821013,0.200964127,0.310786417,1
Geophysical_model321,/home/lyara/areswave/models/Geophysical_model321.nd,nd,UNK,,,1064.355,60,900,189.894,1064.355,60,1146.533,32.871,1491.679,65.742,1673.022,60,0.691524329,0.742985337,0.725831668,0.308475671,0.257014663,1
Geophysical_model673,/home/lyara/areswave/models/Geophysical_model673.nd,nd,UNK,,,900,60,900,180.989,900,60,1118.976,33.689,1489.55,101.066,1687.825,60,0.851368793,0.664129656,0.726542702,0.148631207,0.335870344,1
Geophysical_model903,/home/lyara/areswave/models/Geophysical_model903.nd,nd,UNK,,,916.669,60,877.364,181.085,916.669,60,1116.699,33.338,1483.42,83.346,1681.482,60,0.91087803,0.634792503,0.726821012,0.08912197,0.365207497,1
Geophysical_model796,/home/lyara/areswave/models/Geophysical_model796.nd,nd,UNK,,,916.669,60,877.364,181.085,916.669,60,1116.699,33.338,1483.42,83.346,1681.482,60,0.91087803,0.634792503,0.726821012,0.08912197,0.365207497,1
Geophysical_model593,/home/lyara/areswave/models/Geophysical_model593.nd,nd,UNK,,,916.669,60,877.364,181.085,916.669,60,1116.699,33.338,1483.42,83.346,1681.482,60,0.91087803,0.634792503,0.726821012,0.08912197,0.365207497,1
Geophysical_model970,/home/lyara/areswave/models/Geophysical_model970.nd,nd,UNK,,,933.805,60,900,186.685,933.805,60,1119.733,33.805,1474.687,84.513,1689.935,60,0.811883017,0.68460937,0.727033919,0.188116983,0.31539063,1
Geophysical_model383,/home/lyara/areswave/models/Geophysical_model383.nd,nd,UNK,,,1031.555,60,900,185.833,1031.555,60,1130.221,32.889,1475.552,82.221,1673.341,60,0.768401775,0.706598257,0.72719943,0.231598225,0.293401743,1
Geophysical_model401,/home/lyara/areswave/models/Geophysical_model401.nd,nd,UNK,,,933.558,60,900,195.534,933.558,60,1101.346,16.779,1436.922,117.452,1685.455,60,0.84852569,0.666756154,0.727346,0.15147431,0.333243846,1
Geophysical_model711,/home/lyara/areswave/models/Geophysical_model711.nd,nd,UNK,,,916.837,60,879.831,181.521,916.837,60,1118.884,33.674,1489.303,84.186,1687.57,60,0.721984631,0.730851126,0.727895628,0.278015369,0.269148874,1
Geophysical_model587,/home/lyara/areswave/models/Geophysical_model587.nd,nd,UNK,,,916.728,60,900,191.665,916.728,60,1117.459,33.456,1485.467,83.638,1683.6,60,0.824562412,0.679586361,0.727911711,0.175437588,0.320413639,1
Geophysical_model118,/home/lyara/areswave/models/Geophysical_model118.nd,nd,UNK,,,965.822,60,859.686,181.412,965.822,60,1113.92,16.456,1459.484,115.187,1673.742,60,0.792369024,0.696253925,0.728292291,0.207630976,0.303746075,1
Geophysical_model883,/home/lyara/areswave/models/Geophysical_model883.nd,nd,UNK,,,966.653,60,900,192.909,966.653,60,1133.286,33.327,1499.88,66.654,1681.272,60,0.830532714,0.677243578,0.728339957,0.169467286,0.322756422,1
Geophysical_model965,/home/lyara/areswave/models/Geophysical_model965.nd,nd,UNK,,,966.653,60,900,192.909,966.653,60,1133.286,33.327,1499.88,66.654,1681.272,60,0.830532714,0.677243578,0.728339957,0.169467286,0.322756422,1
Geophysical_model908,/home/lyara/areswave/models/Geophysical_model908.nd,nd,UNK,,,966.653,60,900,192.909,966.653,60,1133.286,33.327,1499.88,66.654,1681.272,60,0.830532714,0.677243578,0.728339957,0.169467286,0.322756422,1
Geophysical_model514,/home/lyara/areswave/models/Geophysical_model514.nd,nd,UNK,,,916.991,60,878.264,195.623,916.991,60,1120.887,33.983,1494.697,84.957,1693.151,60,0.872053056,0.656492521,0.728346033,0.127946944,0.343507479,1
MD_model78,/home/lyara/areswave/models/MD_model78.nd,nd,UNK,,,1001.327,60,824.502,10.402,1001.327,60,1136.547,166.424,1302.971,166.424,1591.73,60,0.723383745,0.731558344,0.728833478,0.276616255,0.268441656,1
Geophysical_model434,/home/lyara/areswave/models/Geophysical_model434.nd,nd,UNK,,,983.203,60,878.839,190.447,983.203,60,1116.329,16.64,1465.783,116.484,1680.452,60,0.737817856,0.724911786,0.72921381,0.262182144,0.275088214,1
Geophysical_model320,/home/lyara/areswave/models/Geophysical_model320.nd,nd,UNK,,,983.203,60,878.839,190.447,983.203,60,1116.329,16.64,1465.783,116.484,1680.452,60,0.737817856,0.724911786,0.72921381,0.262182144,0.275088214,1
Geophysical_model512,/home/lyara/areswave/models/Geophysical_model512.nd,nd,UNK,,,933.807,60,900,183.493,933.807,60,1119.743,33.807,1491.615,84.517,1689.962,60,0.871607237,0.658343222,0.729431227,0.128392763,0.341656778,1
Geophysical_model115,/home/lyara/areswave/models/Geophysical_model115.nd,nd,UNK,,,966.552,60,900,195.293,966.552,60,1116.294,16.638,1465.692,99.828,1680.354,60,0.57168436,0.808308674,0.729433903,0.42831564,0.191691326,1
Geophysical_model469,/home/lyara/areswave/models/Geophysical_model469.nd,nd,UNK,,,966.552,60,900,195.293,966.552,60,1116.294,16.638,1465.692,99.828,1680.354,60,0.57168436,0.808308674,0.729433903,0.42831564,0.191691326,1
Geophysical_model909,/home/lyara/areswave/models/Geophysical_model909.nd,nd,UNK,,,916.648,60,900,180.344,916.648,60,1116.419,16.648,1499.315,99.885,1680.704,60,0.809578324,0.690563889,0.730235367,0.190421676,0.309436111,1
Geophysical_model416,/home/lyara/areswave/models/Geophysical_model416.nd,nd,UNK,,,965.961,60,900,191.536,965.961,60,1114.373,16.491,1460.669,98.942,1675.004,60,0.768805975,0.711248536,0.730434349,0.231194025,0.288751464,1
Geophysical_model258,/home/lyara/areswave/models/Geophysical_model258.nd,nd,UNK,,,999.884,60,900,194.945,999.884,60,1116.415,16.647,1499.302,99.884,1680.691,60,0.755505968,0.717946006,0.730465993,0.244494032,0.282053994,1
Geophysical_model540,/home/lyara/areswave/models/Geophysical_model540.nd,nd,UNK,,,916.576,60,879.318,186.135,916.576,60,1115.488,16.576,1496.736,99.456,1678.109,60,0.693930356,0.748964744,0.730619948,0.306069644,0.251035256,1
Geophysical_model518,/home/lyara/areswave/models/Geophysical_model518.nd,nd,UNK,,,950.781,60,900,184.076,950.781,60,1136.977,33.854,1492.442,67.707,1690.818,60,0.867766453,0.662298902,0.730788085,0.132233547,0.337701098,1
Geophysical_model590,/home/lyara/areswave/models/Geophysical_model590.nd,nd,UNK,,,916.672,60,876.867,185.067,916.672,60,1116.735,33.344,1483.517,83.359,1681.583,60,0.820016398,0.686290706,0.730865937,0.179983602,0.313709294,1
Geophysical_model140,/home/lyara/areswave/models/Geophysical_model140.nd,nd,UNK,,,965.752,60,900,181.095,965.752,60,1113.693,16.437,1458.888,115.065,1673.108,60,0.820785255,0.68629741,0.731126692,0.179214745,0.31370259,1
Geophysical_model787,/home/lyara/areswave/models/Geophysical_model787.nd,nd,UNK,,,933.798,60,900,182.937,933.798,60,1119.688,33.798,1474.568,84.495,1689.809,60,0.796229411,0.698992575,0.731404854,0.203770589,0.301007425,1
Geophysical_model948,/home/lyara/areswave/models/Geophysical_model948.nd,nd,UNK,,,933.856,60,900,185.258,933.856,60,1120.061,33.856,1475.545,84.639,1690.849,60,0.674358886,0.760005593,0.731456691,0.325641114,0.239994407,1
Geophysical_model844,/home/lyara/areswave/models/Geophysical_model844.nd,nd,UNK,,,933.261,60,900,184.559,933.261,60,1116.199,16.631,1498.706,99.784,1680.091,60,0.694511032,0.750280129,0.73169043,0.305488968,0.249719871,1
MD_model86,/home/lyara/areswave/models/MD_model86.nd,nd,UNK,,,1096.037,60,822.973,196.606,1096.037,60,1128.805,10.923,1358.179,98.303,1635.11,60,0.791903488,0.701613463,0.731710138,0.208096512,0.298386537,1
Geophysical_model581,/home/lyara/areswave/models/Geophysical_model581.nd,nd,UNK,,,916.965,60,900,195.103,916.965,60,1120.539,33.929,1493.758,84.822,1692.179,60,0.820561432,0.687347693,0.731752273,0.179438568,0.312652307,1
Geophysical_model827,/home/lyara/areswave/models/Geophysical_model827.nd,nd,UNK,,,916.589,60,878.476,193.716,916.589,60,1115.651,16.589,1497.188,99.531,1678.564,60,0.769229928,0.714778674,0.732929092,0.230770072,0.285221326,1
Geophysical_model604,/home/lyara/areswave/models/Geophysical_model604.nd,nd,UNK,,,900,60,900,180.015,900,60,1118.266,33.579,1487.638,100.738,1685.847,60,0.790068158,0.704782946,0.73321135,0.209931842,0.295217054,1
Geophysical_model534,/home/lyara/areswave/models/Geophysical_model534.nd,nd,UNK,,,900,60,877.409,180.727,900,60,1118.976,33.689,1489.55,101.066,1687.825,60,0.834987517,0.682839824,0.733555722,0.165012483,0.317160176,1
Geophysical_model18,/home/lyara/areswave/models/Geophysical_model18.nd,nd,UNK,,,1098.133,60,900,196.457,1098.133,60,1147.666,16.511,1494.399,66.044,1675.759,60,0.814591957,0.693625252,0.733947487,0.185408043,0.306374748,1
Geophysical_model610,/home/lyara/areswave/models/Geophysical_model610.nd,nd,UNK,,,916.648,60,900,179.429,916.648,60,1116.419,16.648,1482.668,99.885,1680.704,60,0.850425567,0.675897193,0.734073318,0.149574433,0.324102807,1
Geophysical_model985,/home/lyara/areswave/models/Geophysical_model985.nd,nd,UNK,,,950.721,60,900,182.836,950.721,60,1119.792,33.814,1491.747,84.535,1690.099,60,0.710112295,0.746330964,0.734258075,0.289887705,0.253669036,1
Geophysical_model859,/home/lyara/areswave/models/Geophysical_model859.nd,nd,UNK,,,950.013,60,900,182.129,950.013,60,1133.396,33.342,1483.489,66.684,1681.554,60,0.812888831,0.695038161,0.734321717,0.187111169,0.304961839,1
Geophysical_model942,/home/lyara/areswave/models/Geophysical_model942.nd,nd,UNK,,,900,60,900,184.999,900,60,1106.204,17.184,1484.246,85.919,1535.797,68.735,0.866824131,0.668112208,0.734349516,0.133175869,0.331887792,1
Geophysical_model533,/home/lyara/areswave/models/Geophysical_model533.nd,nd,UNK,,,900,60,877.931,198.623,900,60,1104.357,34.059,1496.041,102.179,1694.541,60,0.725597772,0.738936589,0.734490317,0.274402228,0.261063411,1
Geophysical_model917,/home/lyara/areswave/models/Geophysical_model917.nd,nd,UNK,,,900,60,877.931,198.623,900,60,1104.357,34.059,1496.041,102.179,1694.541,60,0.725597772,0.738936589,0.734490317,0.274402228,0.261063411,1
Geophysical_model664,/home/lyara/areswave/models/Geophysical_model664.nd,nd,UNK,,,1099.489,60,900,21.426,1099.489,60,1116.113,16.624,1465.218,99.745,1679.849,60,0.813666959,0.694989583,0.734548709,0.186333041,0.305010417,1
Geophysical_model753,/home/lyara/areswave/models/Geophysical_model753.nd,nd,UNK,,,1099.489,60,900,21.426,1099.489,60,1116.113,16.624,1465.218,99.745,1679.849,60,0.813666959,0.694989583,0.734548709,0.186333041,0.305010417,1
Geophysical_model739,/home/lyara/areswave/models/Geophysical_model739.nd,nd,UNK,,,1099.489,60,900,21.426,1099.489,60,1116.113,16.624,1465.218,99.745,1679.849,60,0.813666959,0.694989583,0.734548709,0.186333041,0.305010417,1
Geophysical_model873,/home/lyara/areswave/models/Geophysical_model873.nd,nd,UNK,,,966.709,60,875.782,193.746,966.709,60,1133.481,33.355,1483.703,66.709,1681.776,60,0.85114189,0.676557986,0.734752621,0.14885811,0.323442014,1
Geophysical_model830,/home/lyara/areswave/models/Geophysical_model830.nd,nd,UNK,,,966.709,60,875.782,193.746,966.709,60,1133.481,33.355,1483.703,66.709,1681.776,60,0.85114189,0.676557986,0.734752621,0.14885811,0.323442014,1
Geophysical_model848,/home/lyara/areswave/models/Geophysical_model848.nd,nd,UNK,,,950.021,60,900,180.064,950.021,60,1133.429,33.347,1483.573,66.694,1681.641,60,0.740509265,0.73203924,0.734862582,0.259490735,0.26796076,1
MD_model55,/home/lyara/areswave/models/MD_model55.nd,nd,UNK,,,936.329,60,822.179,103.773,936.329,60,1299.533,62.263,1309.91,31.132,1597.929,60,0.781632261,0.711587813,0.734935962,0.218367739,0.288412187,1
Geophysical_model163,/home/lyara/areswave/models/Geophysical_model163.nd,nd,UNK,,,967.551,60,900,181.758,967.551,60,1119.539,33.775,1457.292,118.213,1689.395,60,0.573917893,0.815655667,0.735076409,0.426082107,0.184344333,1
Geophysical_model318,/home/lyara/areswave/models/Geophysical_model318.nd,nd,UNK,,,983.209,60,878.051,197.538,983.209,60,1116.342,16.642,1465.818,116.492,1680.489,60,0.72078217,0.742266116,0.735104801,0.27921783,0.257733884,1
Geophysical_model87,/home/lyara/areswave/models/Geophysical_model87.nd,nd,UNK,,,1031.859,60,900,186.92,1031.859,60,1130.753,32.964,1476.882,82.412,1674.718,60,0.721371696,0.742269353,0.735303467,0.278628304,0.257730647,1
Geophysical_model692,/home/lyara/areswave/models/Geophysical_model692.nd,nd,UNK,,,1099.489,60,900,20.906,1099.489,60,1116.113,16.624,1465.218,99.745,1679.849,60,0.888202179,0.659614446,0.735810357,0.111797821,0.340385554,1
Geophysical_model157,/home/lyara/areswave/models/Geophysical_model157.nd,nd,UNK,,,999.473,60,900,182.298,999.473,60,1115.525,16.579,1496.838,99.473,1678.212,60,0.686564588,0.760641123,0.735948944,0.313435412,0.239358877,1
Geophysical_model219,/home/lyara/areswave/models/Geophysical_model219.nd,nd,UNK,,,999.473,60,900,182.298,999.473,60,1115.525,16.579,1496.838,99.473,1678.212,60,0.686564588,0.760641123,0.735948944,0.313435412,0.239358877,1
Geophysical_model453,/home/lyara/areswave/models/Geophysical_model453.nd,nd,UNK,,,1031.555,60,876.742,186.064,1031.555,60,1130.221,32.889,1475.552,82.221,1673.341,60,0.640059327,0.784321035,0.736233799,0.359940673,0.215678965,1
Geophysical_model431,/home/lyara/areswave/models/Geophysical_model431.nd,nd,UNK,,,999.807,60,900,191.389,999.807,60,1116.249,16.634,1465.574,99.807,1680.229,60,0.65414157,0.778004835,0.73671708,0.34585843,0.221995165,1
Geophysical_model855,/home/lyara/areswave/models/Geophysical_model855.nd,nd,UNK,,,916.736,60,875.945,192.441,916.736,60,1117.572,33.472,1469.034,83.681,1683.914,60,0.742193962,0.734187777,0.736856505,0.257806038,0.265812223,1
AK_model_93,/home/lyara/areswave/models/AK_model_93.nd,nd,UNK,,,1064.542,60,770.65,26.718,1064.542,60,1278.281,26.717,1331.716,53.435,1701.982,60,0.785603179,0.71279133,0.737061946,0.214396821,0.28720867,1
Geophysical_model34,/home/lyara/areswave/models/Geophysical_model34.nd,nd,UNK,,,1047.698,60,900,190.487,1047.698,60,1146.164,32.822,1490.792,65.643,1672.131,60,0.768009729,0.7218777,0.737255043,0.231990271,0.2781223,1
Geophysical_model728,/home/lyara/areswave/models/Geophysical_model728.nd,nd,UNK,,,933.805,60,879.401,185.387,933.805,60,1119.733,33.805,1491.589,84.513,1689.935,60,0.869833026,0.671365853,0.737521577,0.130166974,0.328634147,1
Geophysical_model679,/home/lyara/areswave/models/Geophysical_model679.nd,nd,UNK,,,933.365,60,900,185.196,933.365,60,1116.872,33.365,1483.886,83.413,1681.964,60,0.80893847,0.701921943,0.737594118,0.19106153,0.298078057,1
Geophysical_model831,/home/lyara/areswave/models/Geophysical_model831.nd,nd,UNK,,,933.798,60,879.696,182.733,933.798,60,1119.688,33.798,1491.467,84.495,1689.809,60,0.68120435,0.765921362,0.737682358,0.31879565,0.234078638,1
Geophysical_model548,/home/lyara/areswave/models/Geophysical_model548.nd,nd,UNK,,,916.902,60,879.896,180.939,916.902,60,1119.729,33.804,1474.676,84.511,1689.924,60,0.713256519,0.749934766,0.737708683,0.286743481,0.250065234,1
Geophysical_model421,/home/lyara/areswave/models/Geophysical_model421.nd,nd,UNK,,,999.836,60,900,191.389,999.836,60,1116.312,16.639,1465.739,99.837,1680.405,60,0.644578704,0.784552028,0.737894254,0.355421296,0.215447972,1
Geophysical_model693,/home/lyara/areswave/models/Geophysical_model693.nd,nd,UNK,,,916.721,60,876.007,191.944,916.721,60,1117.378,33.443,1485.25,83.608,1683.376,60,0.802328768,0.705683387,0.737898514,0.197671232,0.294316613,1
Geophysical_model158,/home/lyara/areswave/models/Geophysical_model158.nd,nd,UNK,,,1017.887,60,900,186.665,1017.887,60,1135.775,16.841,1489.437,84.206,1687.708,60,0.647315401,0.783491818,0.738099679,0.352684599,0.216508182,1
Geophysical_model597,/home/lyara/areswave/models/Geophysical_model597.nd,nd,UNK,,,1099.901,60,900,21.41,1099.901,60,1116.56,16.658,1466.387,116.609,1681.095,60,0.74076588,0.737369467,0.738501605,0.25923412,0.262630533,1
Geophysical_model995,/home/lyara/areswave/models/Geophysical_model995.nd,nd,UNK,,,950.91,60,900,199.279,950.91,60,1137.578,33.94,1493.945,84.849,1692.373,60,0.765678347,0.725076211,0.738610256,0.234321653,0.274923789,1
Geophysical_model924,/home/lyara/areswave/models/Geophysical_model924.nd,nd,UNK,,,966.648,60,900,192.323,966.648,60,1133.268,33.324,1483.17,83.31,1681.223,60,0.838234908,0.688935369,0.738701882,0.161765092,0.311064631,1
Geophysical_model606,/home/lyara/areswave/models/Geophysical_model606.nd,nd,UNK,,,916.576,60,877.86,199.257,916.576,60,1115.491,16.576,1496.743,99.457,1678.117,60,0.853434667,0.681936948,0.739102855,0.146565333,0.318063052,1
AK_model_43,/home/lyara/areswave/models/AK_model_43.nd,nd,UNK,,,1028.345,60,817.934,26.302,1028.345,60,1291.359,105.206,1475.469,157.809,1685.454,60,0.603631517,0.807203977,0.73934649,0.396368483,0.192796023,1
Geophysical_model284,/home/lyara/areswave/models/Geophysical_model284.nd,nd,UNK,,,1032.872,60,900,181.643,1032.872,60,1132.525,33.217,1497.923,83.045,1679.303,60,0.795134086,0.711838047,0.739603394,0.204865914,0.288161953,1
Geophysical_model175,/home/lyara/areswave/models/Geophysical_model175.nd,nd,UNK,,,949.72,60,900,186.754,949.72,60,1115.452,16.573,1463.49,99.44,1678.009,60,0.80241672,0.708845579,0.740035959,0.19758328,0.291154421,1
Geophysical_model454,/home/lyara/areswave/models/Geophysical_model454.nd,nd,UNK,,,1031.52,60,900,186.462,1031.52,60,1130.159,32.88,1475.398,82.199,1673.183,60,0.781992558,0.719252042,0.740165547,0.218007442,0.280747958,1
Geophysical_model531,/home/lyara/areswave/models/Geophysical_model531.nd,nd,UNK,,,950.068,60,900,179.991,950.068,60,1133.65,50.068,1484.125,66.757,1682.212,60,0.695445276,0.765643201,0.742243893,0.304554724,0.234356799,1
Geophysical_model959,/home/lyara/areswave/models/Geophysical_model959.nd,nd,UNK,,,900,60,900,181.498,900,60,1106.522,17.21,1467.935,86.05,1502.356,68.84,0.815593037,0.705588814,0.742256889,0.184406963,0.294411186,1
Geophysical_model811,/home/lyara/areswave/models/Geophysical_model811.nd,nd,UNK,,,900,60,900,181.498,900,60,1106.522,17.21,1467.935,86.05,1502.356,68.84,0.815593037,0.705588814,0.742256889,0.184406963,0.294411186,1
Geophysical_model595,/home/lyara/areswave/models/Geophysical_model595.nd,nd,UNK,,,933.533,60,900,190.855,933.533,60,1117.965,33.533,1486.828,83.833,1685.009,60,0.737629509,0.744879231,0.742462657,0.262370491,0.255120769,1
Geophysical_model619,/home/lyara/areswave/models/Geophysical_model619.nd,nd,UNK,,,916.969,60,878.268,195.584,916.969,60,1120.603,33.939,1493.931,84.847,1692.359,60,0.844268211,0.691578689,0.742475196,0.155731789,0.308421311,1
Geophysical_model980,/home/lyara/areswave/models/Geophysical_model980.nd,nd,UNK,,,916.969,60,878.268,195.584,916.969,60,1120.603,33.939,1493.931,84.847,1692.359,60,0.844268211,0.691578689,0.742475196,0.155731789,0.308421311,1
Geophysical_model982,/home/lyara/areswave/models/Geophysical_model982.nd,nd,UNK,,,966.67,60,900,192.35,966.67,60,1133.345,33.335,1483.363,66.67,1681.424,60,0.875109281,0.676689453,0.742829396,0.124890719,0.323310547,1
Geophysical_model901,/home/lyara/areswave/models/Geophysical_model901.nd,nd,UNK,,,966.67,60,900,192.35,966.67,60,1133.345,33.335,1483.363,66.67,1681.424,60,0.875109281,0.676689453,0.742829396,0.124890719,0.323310547,1
Geophysical_model891,/home/lyara/areswave/models/Geophysical_model891.nd,nd,UNK,,,933.072,60,900,199.226,933.072,60,1114.966,16.536,1495.291,82.679,1676.656,60,0.705492122,0.761731798,0.742985239,0.294507878,0.238268202,1
Geophysical_model226,/home/lyara/areswave/models/Geophysical_model226.nd,nd,UNK,,,1096.615,60,900,186.499,1096.615,60,1145.769,32.769,1489.845,65.539,1671.177,60,0.859929199,0.684869792,0.743222928,0.140070801,0.315130208,1
Geophysical_model187,/home/lyara/areswave/models/Geophysical_model187.nd,nd,UNK,,,1016.434,60,877.254,181.965,1016.434,60,1132.867,33.267,1498.801,99.8,1680.187,60,0.763056824,0.733368465,0.743264585,0.236943176,0.266631535,1
Geophysical_model885,/home/lyara/areswave/models/Geophysical_model885.nd,nd,UNK,,,916.648,60,900,180.379,916.648,60,1116.419,16.648,1499.315,99.885,1680.704,60,0.760757737,0.734560676,0.74329303,0.239242263,0.265439324,1
Geophysical_model757,/home/lyara/areswave/models/Geophysical_model757.nd,nd,UNK,,,916.648,60,900,180.379,916.648,60,1116.419,16.648,1499.315,99.885,1680.704,60,0.760757737,0.734560676,0.74329303,0.239242263,0.265439324,1
Geophysical_model28,/home/lyara/areswave/models/Geophysical_model28.nd,nd,UNK,,,999.738,60,900,196.459,999.738,60,1116.099,16.623,1465.181,99.738,1679.811,60,0.794438024,0.719022727,0.744161159,0.205561976,0.280977273,1
Geophysical_model655,/home/lyara/areswave/models/Geophysical_model655.nd,nd,UNK,,,916.707,60,900,194.018,916.707,60,1117.197,33.415,1484.761,83.538,1682.87,60,0.854722196,0.689291065,0.744434775,0.145277804,0.310708935,1
Geophysical_model928,/home/lyara/areswave/models/Geophysical_model928.nd,nd,UNK,,,916.707,60,900,194.018,916.707,60,1117.197,33.415,1484.761,83.538,1682.87,60,0.854722196,0.689291065,0.744434775,0.145277804,0.310708935,1
Geophysical_model642,/home/lyara/areswave/models/Geophysical_model642.nd,nd,UNK,,,1099.713,60,877.292,22.709,1099.713,60,1116.356,16.643,1449.211,99.857,1680.527,60,0.762633951,0.735858295,0.744783513,0.237366049,0.264141705,1
Geophysical_model472,/home/lyara/areswave/models/Geophysical_model472.nd,nd,UNK,,,1048.112,60,900,188.297,1048.112,60,1130.397,32.914,1492.449,82.285,1673.797,60,0.776011865,0.729946739,0.745301781,0.223988135,0.270053261,1
Geophysical_model394,/home/lyara/areswave/models/Geophysical_model394.nd,nd,UNK,,,1048.112,60,900,188.297,1048.112,60,1130.397,32.914,1492.449,82.285,1673.797,60,0.776011865,0.729946739,0.745301781,0.223988135,0.270053261,1
Geophysical_model475,/home/lyara/areswave/models/Geophysical_model475.nd,nd,UNK,,,1048.112,60,900,188.297,1048.112,60,1130.397,32.914,1492.449,82.285,1673.797,60,0.776011865,0.729946739,0.745301781,0.223988135,0.270053261,1
Geophysical_model323,/home/lyara/areswave/models/Geophysical_model323.nd,nd,UNK,,,1048.112,60,900,188.297,1048.112,60,1130.397,32.914,1492.449,82.285,1673.797,60,0.776011865,0.729946739,0.745301781,0.223988135,0.270053261,1
Geophysical_model816,/home/lyara/areswave/models/Geophysical_model816.nd,nd,UNK,,,1087.5,60,900,22.588,1087.5,60,1104.545,17.046,1445.454,119.318,1695.109,60,0.817577423,0.711505234,0.746862631,0.182422577,0.288494766,1
AK_model_75,/home/lyara/areswave/models/AK_model_75.nd,nd,UNK,,,1055.732,60,825.114,51.248,1055.732,60,1286.349,51.248,1311.974,51.248,1698.307,60,0.820440407,0.710154957,0.746916774,0.179559593,0.289845043,1
Geophysical_model23,/home/lyara/areswave/models/Geophysical_model23.nd,nd,UNK,,,1017.871,60,900,184.52,1017.871,60,1135.742,16.839,1489.354,84.193,1687.623,60,0.820816541,0.710307401,0.747143781,0.179183459,0.289692599,1
Geophysical_model463,/home/lyara/areswave/models/Geophysical_model463.nd,nd,UNK,,,1017.871,60,900,184.52,1017.871,60,1135.742,16.839,1489.354,84.193,1687.623,60,0.820816541,0.710307401,0.747143781,0.179183459,0.289692599,1
Geophysical_model423,/home/lyara/areswave/models/Geophysical_model423.nd,nd,UNK,,,966.246,60,900,188.279,966.246,60,1115.299,16.561,1463.089,99.369,1677.583,60,0.834255267,0.703881996,0.747339753,0.165744733,0.296118004,1
Geophysical_model254,/home/lyara/areswave/models/Geophysical_model254.nd,nd,UNK,,,966.246,60,900,188.279,966.246,60,1115.299,16.561,1463.089,99.369,1677.583,60,0.834255267,0.703881996,0.747339753,0.165744733,0.296118004,1
Geophysical_model953,/home/lyara/areswave/models/Geophysical_model953.nd,nd,UNK,,,916.648,60,877.533,179.737,916.648,60,1116.419,16.648,1499.315,99.885,1680.704,60,0.795172525,0.723506822,0.74739539,0.204827475,0.276493178,1
Geophysical_model481,/home/lyara/areswave/models/Geophysical_model481.nd,nd,UNK,,,1096.615,60,900,187.257,1096.615,60,1145.769,32.769,1489.845,65.539,1671.177,60,0.832095902,0.705736611,0.747856375,0.167904098,0.294263389,1
Geophysical_model169,/home/lyara/areswave/models/Geophysical_model169.nd,nd,UNK,,,1016.434,60,877.32,181.44,1016.434,60,1132.867,33.267,1498.801,83.167,1680.187,60,0.878688397,0.682531142,0.747916894,0.121311603,0.317468858,1
Geophysical_model17,/home/lyara/areswave/models/Geophysical_model17.nd,nd,UNK,,,1016.434,60,877.32,181.44,1016.434,60,1132.867,33.267,1498.801,83.167,1680.187,60,0.878688397,0.682531142,0.747916894,0.121311603,0.317468858,1
Geophysical_model436,/home/lyara/areswave/models/Geophysical_model436.nd,nd,UNK,,,949.631,60,900,190.808,949.631,60,1115.067,16.544,1462.484,99.262,1676.937,60,0.682246675,0.780865908,0.74799283,0.317753325,0.219134092,1
Geophysical_model905,/home/lyara/areswave/models/Geophysical_model905.nd,nd,UNK,,,933.943,60,879.311,186.198,933.943,60,1120.631,33.943,1494.007,84.858,1692.437,60,0.787222247,0.72840828,0.748012936,0.212777753,0.27159172,1
Geophysical_model391,/home/lyara/areswave/models/Geophysical_model391.nd,nd,UNK,,,1030.76,60,900,187.679,1030.76,60,1128.83,32.69,1488.42,81.725,1669.744,60,0.847064355,0.699807379,0.748893037,0.152935645,0.300192621,1
Geophysical_model746,/home/lyara/areswave/models/Geophysical_model746.nd,nd,UNK,,,966.806,60,900,177.866,966.806,60,1133.823,33.403,1484.557,66.807,1682.659,60,0.769138779,0.739239311,0.7492058,0.230861221,0.260760689,1
Geophysical_model779,/home/lyara/areswave/models/Geophysical_model779.nd,nd,UNK,,,933.604,60,877.962,198.343,933.604,60,1118.427,33.604,1488.074,84.011,1686.298,60,0.696228713,0.775711723,0.749217386,0.303771287,0.224288277,1
Geophysical_model530,/home/lyara/areswave/models/Geophysical_model530.nd,nd,UNK,,,1086.696,60,900,21.4,1086.696,60,1103.669,16.972,1460.089,118.807,1692.465,60,0.903796791,0.673336223,0.750156412,0.096203209,0.326663777,1
Geophysical_model863,/home/lyara/areswave/models/Geophysical_model863.nd,nd,UNK,,,950.526,60,900,171.761,950.526,60,1135.789,33.684,1472.631,67.369,1687.745,60,0.801552678,0.724716494,0.750328555,0.198447322,0.275283506,1
Geophysical_model763,/home/lyara/areswave/models/Geophysical_model763.nd,nd,UNK,,,950.013,60,900,182.68,950.013,60,1133.396,33.342,1483.489,66.684,1681.554,60,0.843046172,0.704074576,0.750398441,0.156953828,0.295925424,1
Geophysical_model649,/home/lyara/areswave/models/Geophysical_model649.nd,nd,UNK,,,950.013,60,900,182.68,950.013,60,1133.396,33.342,1483.489,66.684,1681.554,60,0.843046172,0.704074576,0.750398441,0.156953828,0.295925424,1
Geophysical_model69,/home/lyara/areswave/models/Geophysical_model69.nd,nd,UNK,,,1016.434,60,877.14,182.876,1016.434,60,1132.867,33.267,1498.801,99.8,1680.187,60,0.646203689,0.802540943,0.750428525,0.353796311,0.197459057,1
Geophysical_model132,/home/lyara/areswave/models/Geophysical_model132.nd,nd,UNK,,,1048.611,60,900,194.704,1048.611,60,1147.685,33.024,1494.444,66.049,1675.804,60,0.78339412,0.734038125,0.750490123,0.21660588,0.265961875,1
Geophysical_model678,/home/lyara/areswave/models/Geophysical_model678.nd,nd,UNK,,,916.693,60,877.488,180.095,916.693,60,1117.015,33.386,1484.271,83.467,1682.363,60,0.770333106,0.740924607,0.75072744,0.229666894,0.259075393,1
Geophysical_model618,/home/lyara/areswave/models/Geophysical_model618.nd,nd,UNK,,,933.862,60,900,186.585,933.862,60,1120.105,33.862,1492.59,84.656,1690.97,60,0.825320117,0.714371707,0.75135451,0.174679883,0.285628293,1
Geophysical_model683,/home/lyara/areswave/models/Geophysical_model683.nd,nd,UNK,,,900,60,900,179.635,900,60,1101.753,16.812,1488.445,100.876,1686.682,60,0.80981366,0.722350726,0.751505037,0.19018634,0.277649274,1
Geophysical_model783,/home/lyara/areswave/models/Geophysical_model783.nd,nd,UNK,,,916.648,60,877.515,179.878,916.648,60,1116.419,16.648,1499.315,99.885,1680.704,60,0.838080608,0.708738368,0.751852448,0.161919392,0.291261632,1
AK_model_35,/home/lyara/areswave/models/AK_model_35.nd,nd,UNK,,,1083.341,60,898.594,26.393,1083.341,60,1294.481,26.392,1347.266,79.177,1689.198,60,0.839611346,0.708031187,0.75189124,0.160388654,0.291968813,1
Geophysical_model835,/home/lyara/areswave/models/Geophysical_model835.nd,nd,UNK,,,949.989,60,900,178.124,949.989,60,1116.619,16.663,1483.204,83.315,1681.259,60,0.7443415,0.755978271,0.752099347,0.2556585,0.244021729,1
Geophysical_model843,/home/lyara/areswave/models/Geophysical_model843.nd,nd,UNK,,,900,60,900,183.559,900,60,1106.386,17.199,1467.561,85.994,1501.958,68.796,0.865518856,0.695416584,0.752117341,0.134481144,0.304583416,1
Geophysical_model937,/home/lyara/areswave/models/Geophysical_model937.nd,nd,UNK,,,916.589,60,878.454,193.918,916.589,60,1115.651,16.589,1497.188,99.531,1678.564,60,0.758850464,0.748783961,0.752139462,0.241149536,0.251216039,1
Geophysical_model856,/home/lyara/areswave/models/Geophysical_model856.nd,nd,UNK,,,933.454,60,900,180.499,933.454,60,1134.179,33.454,1485.447,66.908,1683.58,60,0.844822614,0.705902184,0.752208994,0.155177386,0.294097816,1
Geophysical_model41,/home/lyara/areswave/models/Geophysical_model41.nd,nd,UNK,,,949.973,60,900,192.694,949.973,60,1116.548,16.657,1449.698,116.603,1681.061,60,0.775733116,0.740522065,0.752259082,0.224266884,0.259477935,1
Geophysical_model887,/home/lyara/areswave/models/Geophysical_model887.nd,nd,UNK,,,966.653,60,900,193.256,966.653,60,1133.286,33.327,1499.88,83.317,1681.272,60,0.867300454,0.695434949,0.75272345,0.132699546,0.304565051,1
AK_model_48,/home/lyara/areswave/models/AK_model_48.nd,nd,UNK,,,1008.347,60,797.627,26.34,1008.347,60,1298.086,131.7,1482.466,52.68,1692.058,60,0.721337638,0.768448001,0.752744547,0.278662362,0.231551999,1
Geophysical_model121,/home/lyara/areswave/models/Geophysical_model121.nd,nd,UNK,,,1063.821,60,900,185.535,1063.821,60,1145.731,32.764,1489.755,65.529,1671.087,60,0.793380116,0.732484599,0.752783105,0.206619884,0.267515401,1
Geophysical_model952,/home/lyara/areswave/models/Geophysical_model952.nd,nd,UNK,,,950.007,60,900,178.721,950.007,60,1133.367,33.338,1483.418,66.676,1681.481,60,0.83734673,0.710524324,0.75279846,0.16265327,0.289475676,1
Geophysical_model821,/home/lyara/areswave/models/Geophysical_model821.nd,nd,UNK,,,950.007,60,900,178.721,950.007,60,1133.367,33.338,1483.418,66.676,1681.481,60,0.83734673,0.710524324,0.75279846,0.16265327,0.289475676,1
Geophysical_model688,/home/lyara/areswave/models/Geophysical_model688.nd,nd,UNK,,,933.943,60,879.28,186.476,933.943,60,1120.631,33.943,1494.007,84.858,1692.437,60,0.787897798,0.735507757,0.752971104,0.212102202,0.264492243,1
MD_model79,/home/lyara/areswave/models/MD_model79.nd,nd,UNK,,,991.345,60,742.39,10.373,991.345,60,1126.195,10.373,1354.404,93.358,1580.668,60,0.728794753,0.765374351,0.753181152,0.271205247,0.234625649,1
Geophysical_model726,/home/lyara/areswave/models/Geophysical_model726.nd,nd,UNK,,,916.736,60,875.955,192.357,916.736,60,1117.572,33.472,1485.77,83.681,1683.914,60,0.7439473,0.758592208,0.753710572,0.2560527,0.241407792,1
Geophysical_model770,/home/lyara/areswave/models/Geophysical_model770.nd,nd,UNK,,,950.781,60,900,183.569,950.781,60,1136.977,33.854,1492.442,67.707,1690.818,60,0.815271983,0.722986671,0.753748441,0.184728017,0.277013329,1
Geophysical_model455,/home/lyara/areswave/models/Geophysical_model455.nd,nd,UNK,,,1049.531,60,900,179.636,1049.531,60,1132.603,33.229,1481.508,83.073,1679.504,60,0.813210621,0.72506208,0.754444927,0.186789379,0.27493792,1
Geophysical_model800,/home/lyara/areswave/models/Geophysical_model800.nd,nd,UNK,,,1088.334,60,900,20.74,1088.334,60,1105.456,17.121,1465.003,102.728,1697.857,60,0.872534193,0.695644437,0.754607689,0.127465807,0.304355563,1
Geophysical_model971,/home/lyara/areswave/models/Geophysical_model971.nd,nd,UNK,,,1099.979,60,900,22.013,1099.979,60,1116.644,16.665,1466.608,116.655,1681.33,60,0.850146056,0.707902352,0.75531692,0.149853944,0.292097648,1
Geophysical_model870,/home/lyara/areswave/models/Geophysical_model870.nd,nd,UNK,,,900,60,859.178,183.701,900,60,1106.522,17.21,1485.145,86.05,1502.356,68.84,0.760411363,0.753009094,0.755476517,0.239588637,0.246990906,1
Geophysical_model235,/home/lyara/areswave/models/Geophysical_model235.nd,nd,UNK,,,916.874,60,900,181.138,916.874,60,1102.492,16.874,1439.978,101.246,1688.913,60,0.709811333,0.778669629,0.755716864,0.290188667,0.221330371,1
MD_model31,/home/lyara/areswave/models/MD_model31.nd,nd,UNK,,,1004.85,60,809.075,10.304,1004.85,60,1252.146,154.56,1303.666,103.04,1580.355,60,0.686864293,0.790619973,0.756034746,0.313135707,0.209380027,1
Geophysical_model325,/home/lyara/areswave/models/Geophysical_model325.nd,nd,UNK,,,1064.355,60,900,188.668,1064.355,60,1146.533,32.871,1491.679,65.742,1673.022,60,0.804266604,0.732281963,0.756276843,0.195733396,0.267718037,1
Geophysical_model473,/home/lyara/areswave/models/Geophysical_model473.nd,nd,UNK,,,1064.355,60,900,188.668,1064.355,60,1146.533,32.871,1491.679,65.742,1673.022,60,0.804266604,0.732281963,0.756276843,0.195733396,0.267718037,1
Geophysical_model216,/home/lyara/areswave/models/Geophysical_model216.nd,nd,UNK,,,1096.225,60,900,197.35,1096.225,60,1145.281,32.704,1488.674,65.408,1669.999,60,0.878191634,0.695501463,0.756398187,0.121808366,0.304498537,1
Geophysical_model71,/home/lyara/areswave/models/Geophysical_model71.nd,nd,UNK,,,1096.225,60,900,197.35,1096.225,60,1145.281,32.704,1488.674,65.408,1669.999,60,0.878191634,0.695501463,0.756398187,0.121808366,0.304498537,1
Geophysical_model578,/home/lyara/areswave/models/Geophysical_model578.nd,nd,UNK,,,933.943,60,879.345,185.891,933.943,60,1120.631,33.943,1494.007,84.858,1692.437,60,0.751598599,0.759177728,0.756651352,0.248401401,0.240822272,1
Geophysical_model727,/home/lyara/areswave/models/Geophysical_model727.nd,nd,UNK,,,933.943,60,879.345,185.891,933.943,60,1120.631,33.943,1494.007,84.858,1692.437,60,0.751598599,0.759177728,0.756651352,0.248401401,0.240822272,1
Geophysical_model609,/home/lyara/areswave/models/Geophysical_model609.nd,nd,UNK,,,933.943,60,879.345,185.891,933.943,60,1120.631,33.943,1494.007,84.858,1692.437,60,0.751598599,0.759177728,0.756651352,0.248401401,0.240822272,1
Geophysical_model932,/home/lyara/areswave/models/Geophysical_model932.nd,nd,UNK,,,966.597,60,900,179.619,966.597,60,1133.089,33.298,1499.372,83.246,1680.761,60,0.660410808,0.804861549,0.756711302,0.339589192,0.195138451,1
Geophysical_model602,/home/lyara/areswave/models/Geophysical_model602.nd,nd,UNK,,,1099.903,60,900,21.411,1099.903,60,1116.562,16.658,1466.392,116.61,1681.1,60,0.890288977,0.691224227,0.757579144,0.109711023,0.308775773,1
Geophysical_model920,/home/lyara/areswave/models/Geophysical_model920.nd,nd,UNK,,,949.962,60,900,178.868,949.962,60,1133.157,33.308,1499.547,83.27,1680.937,60,0.805026061,0.734127824,0.75776057,0.194973939,0.265872176,1
Geophysical_model851,/home/lyara/areswave/models/Geophysical_model851.nd,nd,UNK,,,916.576,60,877.831,199.521,916.576,60,1115.491,16.576,1496.743,99.457,1678.117,60,0.735210958,0.769148807,0.757836191,0.264789042,0.230851193,1
Geophysical_model108,/home/lyara/areswave/models/Geophysical_model108.nd,nd,UNK,,,999.816,60,900,195.837,999.816,60,1116.267,16.636,1498.893,99.815,1680.28,60,0.705998939,0.783767861,0.757844887,0.294001061,0.216232139,1
Geophysical_model875,/home/lyara/areswave/models/Geophysical_model875.nd,nd,UNK,,,933.693,60,900,181.546,933.693,60,1119.005,33.693,1455.935,84.233,1687.906,60,0.87771122,0.698216546,0.758048104,0.12228878,0.301783454,1
MD_model72,/home/lyara/areswave/models/MD_model72.nd,nd,UNK,,,905.619,60,705.837,189.267,905.619,60,1294.668,84.119,1305.183,31.545,1596.284,60,0.799479807,0.737839448,0.758386234,0.200520193,0.262160552,1
Geophysical_model663,/home/lyara/areswave/models/Geophysical_model663.nd,nd,UNK,,,900,60,900,180.983,900,60,1119.116,33.71,1473.072,101.131,1688.215,60,0.808426922,0.734055677,0.758846092,0.191573078,0.265944323,1
Geophysical_model825,/home/lyara/areswave/models/Geophysical_model825.nd,nd,UNK,,,916.714,60,876.157,190.746,916.714,60,1117.284,33.428,1484.996,83.571,1683.113,60,0.821724941,0.727932358,0.759196552,0.178275059,0.272067642,1
Geophysical_model589,/home/lyara/areswave/models/Geophysical_model589.nd,nd,UNK,,,1086.489,60,900,21.264,1086.489,60,1103.443,16.953,1459.467,118.675,1691.782,60,0.82766589,0.725181724,0.759343113,0.17233411,0.274818276,1
Geophysical_model877,/home/lyara/areswave/models/Geophysical_model877.nd,nd,UNK,,,933.943,60,879.36,185.761,933.943,60,1120.631,33.943,1477.036,84.858,1692.437,60,0.701312694,0.788514496,0.759447229,0.298687306,0.211485504,1
Geophysical_model906,/home/lyara/areswave/models/Geophysical_model906.nd,nd,UNK,,,916.577,60,900,196.183,916.577,60,1115.503,16.577,1480.2,99.463,1678.151,60,0.872250842,0.703427771,0.759702128,0.127749158,0.296572229,1
Geophysical_model112,/home/lyara/areswave/models/Geophysical_model112.nd,nd,UNK,,,1098.133,60,900,196.456,1098.133,60,1147.666,33.023,1477.888,66.044,1675.759,60,0.822851498,0.728148436,0.759716124,0.177148502,0.271851564,1
Geophysical_model491,/home/lyara/areswave/models/Geophysical_model491.nd,nd,UNK,,,1098.226,60,900,179.373,1098.226,60,1114.745,16.519,1445.122,99.113,1676.04,60,0.840519111,0.719826147,0.760057135,0.159480889,0.280173853,1
Geophysical_model228,/home/lyara/areswave/models/Geophysical_model228.nd,nd,UNK,,,1000.927,60,900,186.836,1000.927,60,1135.497,33.643,1488.742,84.106,1686.989,60,0.553153978,0.863662888,0.760159918,0.446846022,0.136337112,1
Geophysical_model430,/home/lyara/areswave/models/Geophysical_model430.nd,nd,UNK,,,982.965,60,878.763,191.132,982.965,60,1115.708,16.593,1497.346,99.558,1678.723,60,0.741125354,0.770111689,0.760449578,0.258874646,0.229888311,1
Geophysical_model611,/home/lyara/areswave/models/Geophysical_model611.nd,nd,UNK,,,1084.148,60,900,22.191,1084.148,60,1100.889,16.741,1469.186,100.445,1684.076,60,0.589265279,0.846182887,0.760543684,0.410734721,0.153817113,1
Geophysical_model675,/home/lyara/areswave/models/Geophysical_model675.nd,nd,UNK,,,1084.148,60,900,22.191,1084.148,60,1100.889,16.741,1469.186,100.445,1684.076,60,0.589265279,0.846182887,0.760543684,0.410734721,0.153817113,1
Geophysical_model445,/home/lyara/areswave/models/Geophysical_model445.nd,nd,UNK,,,1047.789,60,900,189.394,1047.789,60,1146.314,32.842,1491.154,65.684,1672.494,60,0.727587059,0.777073238,0.760577845,0.272412941,0.222926762,1
Geophysical_model557,/home/lyara/areswave/models/Geophysical_model557.nd,nd,UNK,,,916.669,60,877.429,180.568,916.669,60,1116.699,33.338,1483.42,83.346,1681.482,60,0.756223678,0.762893557,0.760670264,0.243776322,0.237106443,1
Geophysical_model110,/home/lyara/areswave/models/Geophysical_model110.nd,nd,UNK,,,1032.978,60,900,189.199,1032.978,60,1132.711,33.244,1498.399,83.111,1679.782,60,0.712614794,0.784751499,0.760705931,0.287385206,0.215248501,1
Geophysical_model598,/home/lyara/areswave/models/Geophysical_model598.nd,nd,UNK,,,933.261,60,900,182.732,933.261,60,1116.199,16.631,1498.706,83.154,1680.091,60,0.805101046,0.738605061,0.760770389,0.194898954,0.261394939,1
Geophysical_model931,/home/lyara/areswave/models/Geophysical_model931.nd,nd,UNK,,,1099.979,60,900,21.803,1099.979,60,1116.644,16.665,1466.608,116.655,1681.33,60,0.785550883,0.748801176,0.761051079,0.214449117,0.251198824,1
Geophysical_model342,/home/lyara/areswave/models/Geophysical_model342.nd,nd,UNK,,,1031.762,60,900,188.3,1031.762,60,1130.583,32.941,1492.929,82.351,1674.28,60,0.622399065,0.830396024,0.761063705,0.377600935,0.169603976,1
Geophysical_model327,/home/lyara/areswave/models/Geophysical_model327.nd,nd,UNK,,,1031.687,60,900,185.683,1031.687,60,1130.452,32.922,1492.591,82.304,1673.94,60,0.821378675,0.731010024,0.761132907,0.178621325,0.268989976,1
Geophysical_model817,/home/lyara/areswave/models/Geophysical_model817.nd,nd,UNK,,,950.91,60,900,185.165,950.91,60,1120.608,33.94,1476.975,84.849,1692.373,60,0.857639547,0.713250967,0.761380494,0.142360453,0.286749033,1
Geophysical_model802,/home/lyara/areswave/models/Geophysical_model802.nd,nd,UNK,,,1085.338,60,900,29.762,1085.338,60,1102.186,16.849,1456.013,101.093,1687.991,60,0.782041126,0.751670834,0.761794264,0.217958874,0.248329166,1
Geophysical_model823,/home/lyara/areswave/models/Geophysical_model823.nd,nd,UNK,,,1085.338,60,900,29.762,1085.338,60,1102.186,16.849,1456.013,101.093,1687.991,60,0.782041126,0.751670834,0.761794264,0.217958874,0.248329166,1
Geophysical_model709,/home/lyara/areswave/models/Geophysical_model709.nd,nd,UNK,,,900,60,900,21.486,900,60,1116.829,33.358,1483.771,100.075,1681.845,60,0.821096163,0.732326369,0.7619163,0.178903837,0.267673631,1
AK_model_50,/home/lyara/areswave/models/AK_model_50.nd,nd,UNK,,,1030.878,60,805.605,25.03,1030.878,60,1281.182,100.122,1481.425,175.213,1687.443,60,0.821833904,0.732363719,0.762187114,0.178166096,0.267636281,1
MD_model37,/home/lyara/areswave/models/MD_model37.nd,nd,UNK,,,981.132,60,895.92,191.726,981.132,60,1290.024,31.954,1332.63,63.908,1615.446,60,0.93038868,0.678099538,0.762195919,0.06961132,0.321900462,1
Geophysical_model52,/home/lyara/areswave/models/Geophysical_model52.nd,nd,UNK,,,983.376,60,879.036,188.678,983.376,60,1116.777,33.35,1483.63,100.051,1681.7,60,0.781089725,0.752807599,0.762234975,0.218910275,0.247192401,1
Geophysical_model199,/home/lyara/areswave/models/Geophysical_model199.nd,nd,UNK,,,1032.98,60,900,181.668,1032.98,60,1132.715,33.245,1498.411,83.113,1679.794,60,0.660898171,0.813378205,0.762551527,0.339101829,0.186621795,1
Geophysical_model104,/home/lyara/areswave/models/Geophysical_model104.nd,nd,UNK,,,1032.98,60,900,181.668,1032.98,60,1132.715,33.245,1498.411,83.113,1679.794,60,0.660898171,0.813378205,0.762551527,0.339101829,0.186621795,1
Geophysical_model705,/home/lyara/areswave/models/Geophysical_model705.nd,nd,UNK,,,933.862,60,879.268,186.584,933.862,60,1120.105,33.862,1492.59,84.656,1690.97,60,0.768745995,0.759585711,0.762639139,0.231254005,0.240414289,1
Geophysical_model864,/home/lyara/areswave/models/Geophysical_model864.nd,nd,UNK,,,933.862,60,879.268,186.584,933.862,60,1120.105,33.862,1492.59,84.656,1690.97,60,0.768745995,0.759585711,0.762639139,0.231254005,0.240414289,1
Geophysical_model701,/home/lyara/areswave/models/Geophysical_model701.nd,nd,UNK,,,933.862,60,879.268,186.584,933.862,60,1120.105,33.862,1492.59,84.656,1690.97,60,0.768745995,0.759585711,0.762639139,0.231254005,0.240414289,1
Geophysical_model978,/home/lyara/areswave/models/Geophysical_model978.nd,nd,UNK,,,950.781,60,900,183.604,950.781,60,1136.977,33.854,1492.442,67.707,1690.818,60,0.853154222,0.717472675,0.762699857,0.146845778,0.282527325,1
Geophysical_model217,/home/lyara/areswave/models/Geophysical_model217.nd,nd,UNK,,,1033.184,60,900,187.92,1033.184,60,1133.072,33.295,1499.327,83.24,1680.716,60,0.710267785,0.788999491,0.762755589,0.289732215,0.211000509,1
Geophysical_model490,/home/lyara/areswave/models/Geophysical_model490.nd,nd,UNK,,,1096.615,60,900,187.4,1096.615,60,1145.769,32.769,1489.845,65.539,1671.177,60,0.811539142,0.738377768,0.762764893,0.188460858,0.261622232,1
Geophysical_model526,/home/lyara/areswave/models/Geophysical_model526.nd,nd,UNK,,,916.589,60,878.506,193.444,916.589,60,1115.651,16.589,1497.188,99.531,1678.564,60,0.81820844,0.73518813,0.762861567,0.18179156,0.26481187,1
Geophysical_model145,/home/lyara/areswave/models/Geophysical_model145.nd,nd,UNK,,,966.251,60,900,186.316,966.251,60,1115.315,16.563,1463.132,99.376,1677.628,60,0.718671107,0.785914554,0.763500072,0.281328893,0.214085446,1
Geophysical_model173,/home/lyara/areswave/models/Geophysical_model173.nd,nd,UNK,,,1063.521,60,900,197.912,1063.521,60,1145.281,32.704,1488.674,65.408,1669.999,60,0.875378691,0.708260771,0.763966744,0.124621309,0.291739229,1
Geophysical_model179,/home/lyara/areswave/models/Geophysical_model179.nd,nd,UNK,,,1047.142,60,900,180.534,1047.142,60,1145.237,32.698,1488.569,65.397,1669.893,60,0.675519898,0.808385416,0.76409691,0.324480102,0.191614584,1
Geophysical_model223,/home/lyara/areswave/models/Geophysical_model223.nd,nd,UNK,,,1016.377,60,900,197.923,1016.377,60,1132.755,33.251,1498.512,99.752,1679.896,60,0.723980419,0.784287296,0.764185004,0.276019581,0.215712704,1
Geophysical_model537,/home/lyara/areswave/models/Geophysical_model537.nd,nd,UNK,,,933.394,60,900,184.939,933.394,60,1133.76,33.395,1484.399,66.788,1682.496,60,0.795167009,0.749669369,0.764835249,0.204832991,0.250330631,1
MD_model18,/home/lyara/areswave/models/MD_model18.nd,nd,UNK,,,1091.8,60,713.204,194.706,1091.8,60,1102.617,10.817,1416.311,108.17,1626.516,60,0.600815607,0.847048127,0.76497062,0.399184393,0.152951873,1
Geophysical_model147,/home/lyara/areswave/models/Geophysical_model147.nd,nd,UNK,,,1064.034,60,900,190.61,1064.034,60,1146.052,32.807,1490.524,65.614,1671.86,60,0.735504087,0.780067886,0.765213286,0.264495913,0.219932114,1
Geophysical_model929,/home/lyara/areswave/models/Geophysical_model929.nd,nd,UNK,,,933.343,60,900,179.355,933.343,60,1116.73,33.343,1483.505,83.358,1681.57,60,0.727813187,0.784353726,0.765506879,0.272186813,0.215646274,1
AK_model_87,/home/lyara/areswave/models/AK_model_87.nd,nd,UNK,,,1080.176,60,842.943,26.359,1080.176,60,1291.051,26.36,1343.769,79.078,1685.704,60,0.791578736,0.75248587,0.765516825,0.208421264,0.24751413,1
Geophysical_model212,/home/lyara/areswave/models/Geophysical_model212.nd,nd,UNK,,,1001.068,60,876.475,188.203,1001.068,60,1118.98,33.689,1489.56,101.067,1687.836,60,0.764171955,0.767470229,0.766370804,0.235828045,0.232529771,1
Geophysical_model351,/home/lyara/areswave/models/Geophysical_model351.nd,nd,UNK,,,916.856,60,900,181.22,916.856,60,1102.271,16.856,1439.389,101.135,1688.246,60,0.704111791,0.79762776,0.76645577,0.295888209,0.20237224,1
Geophysical_model457,/home/lyara/areswave/models/Geophysical_model457.nd,nd,UNK,,,1000.924,60,900,185.799,1000.924,60,1118.67,33.641,1488.726,100.924,1686.973,60,0.59983237,0.849908717,0.766549934,0.40016763,0.150091283,1
AK_model_44,/home/lyara/areswave/models/AK_model_44.nd,nd,UNK,,,1024.918,60,790.32,26.067,1024.918,60,1285.582,130.332,1494.114,26.067,1677.908,60,0.80785119,0.745943133,0.766579152,0.19214881,0.254056867,1
Geophysical_model355,/home/lyara/areswave/models/Geophysical_model355.nd,nd,UNK,,,1063.846,60,900,187.638,1063.846,60,1145.769,32.769,1489.845,65.539,1671.177,60,0.827213031,0.736300458,0.766604649,0.172786969,0.263699542,1
AK_model_78,/home/lyara/areswave/models/AK_model_78.nd,nd,UNK,,,1047.5,60,794.889,25.261,1047.5,60,1249.589,75.783,1300.111,50.523,1683.921,60,0.83337026,0.733924994,0.767073416,0.16662974,0.266075006,1
Geophysical_model486,/home/lyara/areswave/models/Geophysical_model486.nd,nd,UNK,,,1031.859,60,900,187.997,1031.859,60,1130.754,32.965,1493.366,82.412,1674.72,60,0.722784729,0.789406361,0.76719915,0.277215271,0.210593639,1
Geophysical_model183,/home/lyara/areswave/models/Geophysical_model183.nd,nd,UNK,,,1031.859,60,900,187.997,1031.859,60,1130.754,32.965,1493.366,82.412,1674.72,60,0.722784729,0.789406361,0.76719915,0.277215271,0.210593639,1
Geophysical_model202,/home/lyara/areswave/models/Geophysical_model202.nd,nd,UNK,,,1000.927,60,900,187.87,1000.927,60,1135.497,33.643,1488.742,84.106,1686.989,60,0.685656805,0.808137981,0.767310923,0.314343195,0.191862019,1
AK_model_57,/home/lyara/areswave/models/AK_model_57.nd,nd,UNK,,,1014.565,60,889.976,24.918,1014.565,60,1164.071,99.671,1388.331,99.671,1670.1,60,0.675792155,0.813326823,0.767481934,0.324207845,0.186673177,1
Geophysical_model867,/home/lyara/areswave/models/Geophysical_model867.nd,nd,UNK,,,900,60,859.276,183.257,900,60,1106.522,17.21,1485.145,86.05,1502.356,68.84,0.830326117,0.736406814,0.767713248,0.169673883,0.263593186,1
Geophysical_model919,/home/lyara/areswave/models/Geophysical_model919.nd,nd,UNK,,,900,60,859.276,183.257,900,60,1106.522,17.21,1485.145,86.05,1502.356,68.84,0.830326117,0.736406814,0.767713248,0.169673883,0.263593186,1
Geophysical_model1000,/home/lyara/areswave/models/Geophysical_model1000.nd,nd,UNK,,,966.993,60,878.426,194.167,966.993,60,1117.726,33.497,1486.187,100.49,1684.345,60,0.684727391,0.80967546,0.768026103,0.315272609,0.19032454,1
Geophysical_model287,/home/lyara/areswave/models/Geophysical_model287.nd,nd,UNK,,,1001.133,60,861.705,191.475,1001.133,60,1119.121,33.711,1489.942,101.133,1688.231,60,0.831755264,0.736732719,0.768406901,0.168244736,0.263267281,1
AK_model_66,/home/lyara/areswave/models/AK_model_66.nd,nd,UNK,,,1018.904,60,817.742,25.146,1018.904,60,1169.776,100.581,1370.939,75.436,1678.566,60,0.829845858,0.73842989,0.76890188,0.170154142,0.26157011,1
Geophysical_model49,/home/lyara/areswave/models/Geophysical_model49.nd,nd,UNK,,,1096.615,60,900,187.058,1096.615,60,1145.769,32.769,1489.845,65.539,1671.177,60,0.878270036,0.714711809,0.769231218,0.121729964,0.285288191,1
Geophysical_model105,/home/lyara/areswave/models/Geophysical_model105.nd,nd,UNK,,,1001.023,60,876.565,187.477,1001.023,60,1118.883,33.675,1489.302,101.024,1687.568,60,0.792048592,0.757999957,0.769349502,0.207951408,0.242000043,1
Geophysical_model715,/home/lyara/areswave/models/Geophysical_model715.nd,nd,UNK,,,900,60,900,180.04,900,60,1118.266,33.579,1470.849,100.738,1685.847,60,0.783636746,0.762609629,0.769618668,0.216363254,0.237390371,1
Geophysical_model240,/home/lyara/areswave/models/Geophysical_model240.nd,nd,UNK,,,999.801,60,878.469,193.778,999.801,60,1116.236,16.633,1498.807,99.801,1680.192,60,0.769734941,0.76969243,0.7697066,0.230265059,0.23030757,1
Geophysical_model77,/home/lyara/areswave/models/Geophysical_model77.nd,nd,UNK,,,1049.531,60,900,181.051,1049.531,60,1132.603,33.229,1498.123,83.073,1679.504,60,0.885017099,0.712124409,0.769755305,0.114982901,0.287875591,1
MD_model38,/home/lyara/areswave/models/MD_model38.nd,nd,UNK,,,1054.062,60,780.894,189.116,1054.062,60,1253.684,178.61,1348.242,10.506,1597.105,60,0.664306814,0.822618615,0.769848015,0.335693186,0.177381385,1
MD_model49,/home/lyara/areswave/models/MD_model49.nd,nd,UNK,,,1035.919,60,728.669,186.544,1035.919,60,1299.277,10.973,1365.116,87.786,1653.423,60,0.73897396,0.785579406,0.770044257,0.26102604,0.214420594,1
AK_model_80,/home/lyara/areswave/models/AK_model_80.nd,nd,UNK,,,1048.834,60,845.714,25.39,1048.834,60,1277.345,50.78,1328.125,50.78,1687.555,60,0.640538727,0.83483732,0.770071123,0.359461273,0.16516268,1
Geophysical_model291,/home/lyara/areswave/models/Geophysical_model291.nd,nd,UNK,,,1033.201,60,900,180.117,1033.201,60,1133.102,33.3,1499.404,83.25,1680.794,60,0.863811583,0.723556493,0.77030819,0.136188417,0.276443507,1
Geophysical_model804,/home/lyara/areswave/models/Geophysical_model804.nd,nd,UNK,,,900,60,900,59.597,900,60,1101.608,33.601,1488.023,100.804,1686.245,60,0.8341024,0.739040626,0.770727884,0.1658976,0.260959374,1
Geophysical_model777,/home/lyara/areswave/models/Geophysical_model777.nd,nd,UNK,,,900,60,900,59.597,900,60,1101.608,33.601,1488.023,100.804,1686.245,60,0.8341024,0.739040626,0.770727884,0.1658976,0.260959374,1
Geophysical_model465,/home/lyara/areswave/models/Geophysical_model465.nd,nd,UNK,,,982.905,60,859.324,183.043,982.905,60,1115.552,16.581,1463.752,116.067,1678.288,60,0.795801637,0.758642251,0.771028713,0.204198363,0.241357749,1
MD_model9,/home/lyara/areswave/models/MD_model9.nd,nd,UNK,,,993.358,60,779.806,10.169,993.358,60,1156.065,193.214,1430.632,172.876,1501.816,60,0.564426013,0.874517467,0.771153649,0.435573987,0.125482533,1
Geophysical_model717,/home/lyara/areswave/models/Geophysical_model717.nd,nd,UNK,,,916.648,60,877.434,180.527,916.648,60,1116.419,16.648,1499.315,99.885,1680.704,60,0.855288576,0.729241595,0.771257256,0.144711424,0.270758405,1
Geophysical_model925,/home/lyara/areswave/models/Geophysical_model925.nd,nd,UNK,,,950.093,60,900,199.768,950.093,60,1133.767,50.093,1484.418,66.791,1682.515,60,0.858263352,0.727848902,0.771320385,0.141736648,0.272151098,1
Geophysical_model993,/home/lyara/areswave/models/Geophysical_model993.nd,nd,UNK,,,950.093,60,900,199.768,950.093,60,1133.767,50.093,1484.418,66.791,1682.515,60,0.858263352,0.727848902,0.771320385,0.141736648,0.272151098,1
MD_model90,/home/lyara/areswave/models/MD_model90.nd,nd,UNK,,,1068.089,60,754.092,184.067,1068.089,60,1252.156,184.067,1382.085,108.275,1624.97,60,0.896043698,0.710718023,0.772493248,0.103956302,0.289281977,1
Geophysical_model991,/home/lyara/areswave/models/Geophysical_model991.nd,nd,UNK,,,933.856,60,900,186.073,933.856,60,1120.061,33.856,1492.472,84.639,1690.849,60,0.83815105,0.739675281,0.772500537,0.16184895,0.260324719,1
Geophysical_model888,/home/lyara/areswave/models/Geophysical_model888.nd,nd,UNK,,,1088.465,60,900,20.73,1088.465,60,1105.598,17.133,1465.394,102.799,1698.287,60,0.856393714,0.730880035,0.772717928,0.143606286,0.269119965,1
Geophysical_model425,/home/lyara/areswave/models/Geophysical_model425.nd,nd,UNK,,,1031.687,60,900,185.741,1031.687,60,1130.452,32.922,1476.13,82.304,1673.94,60,0.809181472,0.754546378,0.772758076,0.190818528,0.245453622,1
Geophysical_model172,/home/lyara/areswave/models/Geophysical_model172.nd,nd,UNK,,,966.367,60,900,189.356,966.367,60,1115.693,16.592,1464.12,116.143,1678.681,60,0.7868907,0.765773481,0.772812554,0.2131093,0.234226519,1
Geophysical_model30,/home/lyara/areswave/models/Geophysical_model30.nd,nd,UNK,,,966.367,60,900,189.356,966.367,60,1115.693,16.592,1464.12,116.143,1678.681,60,0.7868907,0.765773481,0.772812554,0.2131093,0.234226519,1
Geophysical_model29,/home/lyara/areswave/models/Geophysical_model29.nd,nd,UNK,,,966.367,60,900,189.356,966.367,60,1115.693,16.592,1464.12,116.143,1678.681,60,0.7868907,0.765773481,0.772812554,0.2131093,0.234226519,1
Geophysical_model177,/home/lyara/areswave/models/Geophysical_model177.nd,nd,UNK,,,1031.636,60,900,188.042,1031.636,60,1130.363,32.909,1475.909,82.273,1673.71,60,0.769771016,0.774406049,0.772861038,0.230228984,0.225593951,1
Geophysical_model822,/home/lyara/areswave/models/Geophysical_model822.nd,nd,UNK,,,933.261,60,876.904,184.765,933.261,60,1116.199,16.631,1482.075,99.784,1680.091,60,0.73505879,0.792170594,0.773133326,0.26494121,0.207829406,1
Geophysical_model713,/home/lyara/areswave/models/Geophysical_model713.nd,nd,UNK,,,916.672,60,877.403,180.774,916.672,60,1116.738,33.345,1483.524,83.361,1681.59,60,0.843000441,0.738656728,0.773437966,0.156999559,0.261343272,1
Geophysical_model836,/home/lyara/areswave/models/Geophysical_model836.nd,nd,UNK,,,900,60,900,187.837,900,60,1115.838,16.602,1464.498,116.22,1679.083,60,0.810995599,0.755421748,0.773946365,0.189004401,0.244578252,1
Geophysical_model979,/home/lyara/areswave/models/Geophysical_model979.nd,nd,UNK,,,916.648,60,877.439,180.489,916.648,60,1116.419,16.648,1482.668,99.885,1680.704,60,0.819937491,0.750989174,0.773971946,0.180062509,0.249010826,1
AK_model_61,/home/lyara/areswave/models/AK_model_61.nd,nd,UNK,,,1018.991,60,817.395,25.199,1018.991,60,1119.789,100.798,1371.784,75.598,1679.704,60,0.733323515,0.796044564,0.775137548,0.266676485,0.203955436,1
Geophysical_model114,/home/lyara/areswave/models/Geophysical_model114.nd,nd,UNK,,,1098.133,60,900,196.066,1098.133,60,1147.666,33.023,1494.399,66.044,1675.759,60,0.82393074,0.750792852,0.775172148,0.17606926,0.249207148,1
Geophysical_model794,/home/lyara/areswave/models/Geophysical_model794.nd,nd,UNK,,,950.91,60,900,184.586,950.91,60,1120.608,33.94,1493.945,84.849,1692.373,60,0.812140875,0.756992297,0.775375156,0.187859125,0.243007703,1
Geophysical_model449,/home/lyara/areswave/models/Geophysical_model449.nd,nd,UNK,,,1031.442,60,900,189.754,1031.442,60,1130.023,32.86,1491.488,82.151,1672.831,60,0.700188941,0.813053238,0.775431806,0.299811059,0.186946762,1
MD_model43,/home/lyara/areswave/models/MD_model43.nd,nd,UNK,,,928.392,60,875.123,191.768,928.392,60,1269.313,63.923,1301.275,53.269,1616.08,60,0.808236697,0.759090371,0.77547248,0.191763303,0.240909629,1
Geophysical_model111,/home/lyara/areswave/models/Geophysical_model111.nd,nd,UNK,,,982.65,60,900,192.13,982.65,60,1114.889,16.53,1462.017,115.71,1676.44,60,0.760335246,0.783245125,0.775608499,0.239664754,0.216754875,1
Geophysical_model46,/home/lyara/areswave/models/Geophysical_model46.nd,nd,UNK,,,1049.531,60,900,179.8,1049.531,60,1132.603,33.229,1498.123,83.073,1679.504,60,0.803977065,0.761555533,0.775696044,0.196022935,0.238444467,1
Geophysical_model361,/home/lyara/areswave/models/Geophysical_model361.nd,nd,UNK,,,1047.698,60,900,190.282,1047.698,60,1146.164,32.822,1490.792,82.054,1672.131,60,0.846957011,0.742165617,0.777096081,0.153042989,0.257834383,1
Geophysical_model627,/home/lyara/areswave/models/Geophysical_model627.nd,nd,UNK,,,950.721,60,900,183.974,950.721,60,1119.792,33.814,1491.747,67.628,1690.099,60,0.797042719,0.767298149,0.777213006,0.202957281,0.232701851,1
AK_model_53,/home/lyara/areswave/models/AK_model_53.nd,nd,UNK,,,1012.109,60,833.338,25.538,1012.109,60,1114.263,102.154,1369.649,76.616,1656.21,60,0.804129201,0.764374106,0.777625804,0.195870799,0.235625894,1
Geophysical_model520,/home/lyara/areswave/models/Geophysical_model520.nd,nd,UNK,,,933.507,60,900,193.371,933.507,60,1117.798,33.507,1486.378,83.768,1684.543,60,0.789690701,0.772026197,0.777914365,0.210309299,0.227973803,1
Geophysical_model889,/home/lyara/areswave/models/Geophysical_model889.nd,nd,UNK,,,933.507,60,900,193.371,933.507,60,1117.798,33.507,1486.378,83.768,1684.543,60,0.789690701,0.772026197,0.777914365,0.210309299,0.227973803,1
Geophysical_model670,/home/lyara/areswave/models/Geophysical_model670.nd,nd,UNK,,,933.507,60,900,193.371,933.507,60,1117.798,33.507,1486.378,83.768,1684.543,60,0.789690701,0.772026197,0.777914365,0.210309299,0.227973803,1
Geophysical_model900,/home/lyara/areswave/models/Geophysical_model900.nd,nd,UNK,,,916.728,60,875.978,192.176,916.728,60,1117.467,33.456,1485.488,83.641,1683.622,60,0.828564018,0.753194585,0.778317729,0.171435982,0.246805415,1
MD_model50,/home/lyara/areswave/models/MD_model50.nd,nd,UNK,,,1043.775,60,704.13,186.257,1043.775,60,1295.769,186.257,1361.507,87.651,1649.586,60,0.721837633,0.806848691,0.778511671,0.278162367,0.193151309,1
Geophysical_model828,/home/lyara/areswave/models/Geophysical_model828.nd,nd,UNK,,,966.709,60,900,193.616,966.709,60,1133.481,33.355,1483.703,66.709,1681.776,60,0.898353664,0.718697033,0.778582576,0.101646336,0.281302967,1
Geophysical_model916,/home/lyara/areswave/models/Geophysical_model916.nd,nd,UNK,,,916.693,60,900,178.836,916.693,60,1117.015,33.386,1484.271,83.467,1682.363,60,0.747040105,0.794648457,0.778779007,0.252959895,0.205351543,1
Geophysical_model517,/home/lyara/areswave/models/Geophysical_model517.nd,nd,UNK,,,933.327,60,900,186.165,933.327,60,1116.628,16.664,1499.894,83.319,1681.286,60,0.629904344,0.853487672,0.778959896,0.370095656,0.146512328,1
Geophysical_model987,/home/lyara/areswave/models/Geophysical_model987.nd,nd,UNK,,,916.714,60,900,189.303,916.714,60,1117.284,33.428,1484.996,83.571,1683.113,60,0.877837514,0.729524132,0.778961926,0.122162486,0.270475868,1
Geophysical_model511,/home/lyara/areswave/models/Geophysical_model511.nd,nd,UNK,,,900,60,900,179.82,900,60,1118.724,33.65,1488.873,100.949,1687.125,60,0.846817405,0.74530711,0.779143875,0.153182595,0.25469289,1
Geophysical_model170,/home/lyara/areswave/models/Geophysical_model170.nd,nd,UNK,,,1096.935,60,900,199.078,1096.935,60,1146.169,32.823,1490.805,65.645,1672.143,60,0.801814546,0.767887708,0.779196654,0.198185454,0.232112292,1
Geophysical_model155,/home/lyara/areswave/models/Geophysical_model155.nd,nd,UNK,,,1096.935,60,900,199.078,1096.935,60,1146.169,32.823,1490.805,65.645,1672.143,60,0.801814546,0.767887708,0.779196654,0.198185454,0.232112292,1
Geophysical_model845,/home/lyara/areswave/models/Geophysical_model845.nd,nd,UNK,,,950.781,60,900,184.211,950.781,60,1136.977,33.854,1492.442,67.707,1690.818,60,0.812273623,0.762665065,0.779201251,0.187726377,0.237334935,1
Geophysical_model974,/home/lyara/areswave/models/Geophysical_model974.nd,nd,UNK,,,950.781,60,900,184.211,950.781,60,1136.977,33.854,1492.442,67.707,1690.818,60,0.812273623,0.762665065,0.779201251,0.187726377,0.237334935,1
Geophysical_model839,/home/lyara/areswave/models/Geophysical_model839.nd,nd,UNK,,,950.781,60,900,184.211,950.781,60,1136.977,33.854,1492.442,67.707,1690.818,60,0.812273623,0.762665065,0.779201251,0.187726377,0.237334935,1
Geophysical_model224,/home/lyara/areswave/models/Geophysical_model224.nd,nd,UNK,,,1048.554,60,900,194.993,1048.554,60,1147.591,33.012,1494.218,49.518,1675.576,60,0.76032576,0.78888027,0.7793621,0.23967424,0.21111973,1
Geophysical_model63,/home/lyara/areswave/models/Geophysical_model63.nd,nd,UNK,,,1048.554,60,900,194.993,1048.554,60,1147.591,33.012,1494.218,49.518,1675.576,60,0.76032576,0.78888027,0.7793621,0.23967424,0.21111973,1
Geophysical_model267,/home/lyara/areswave/models/Geophysical_model267.nd,nd,UNK,,,1048.554,60,900,194.993,1048.554,60,1147.591,33.012,1494.218,49.518,1675.576,60,0.76032576,0.78888027,0.7793621,0.23967424,0.21111973,1
Geophysical_model51,/home/lyara/areswave/models/Geophysical_model51.nd,nd,UNK,,,983.004,60,878.652,192.136,983.004,60,1115.809,16.601,1481.025,116.205,1679.004,60,0.773552856,0.782467102,0.779495686,0.226447144,0.217532898,1
AK_model_8,/home/lyara/areswave/models/AK_model_8.nd,nd,UNK,,,1058.295,60,876.798,25.928,1058.295,60,1291.649,77.785,1317.577,25.928,1682.257,60,0.761440139,0.788865295,0.779723576,0.238559861,0.211134705,1
Geophysical_model561,/home/lyara/areswave/models/Geophysical_model561.nd,nd,UNK,,,900,60,900,22.397,900,60,1101.621,16.802,1488.061,100.811,1686.284,60,0.819145371,0.760480589,0.780035516,0.180854629,0.239519411,1
AK_model_69,/home/lyara/areswave/models/AK_model_69.nd,nd,UNK,,,1016.862,60,866.402,25.076,1016.862,60,1167.322,125.383,1393.012,50.153,1675.331,60,0.815869494,0.763197705,0.780754968,0.184130506,0.236802295,1
Geophysical_model268,/home/lyara/areswave/models/Geophysical_model268.nd,nd,UNK,,,965.961,60,900,192.22,965.961,60,1114.373,16.491,1460.669,98.942,1675.004,60,0.856406595,0.743165962,0.78091284,0.143593405,0.256834038,1
Geophysical_model509,/home/lyara/areswave/models/Geophysical_model509.nd,nd,UNK,,,1088.067,60,900,20.654,1088.067,60,1105.164,17.097,1464.2,119.679,1696.976,60,0.790191448,0.77729591,0.781594423,0.209808552,0.22270409,1
Geophysical_model730,/home/lyara/areswave/models/Geophysical_model730.nd,nd,UNK,,,933.948,60,900,185.625,933.948,60,1120.665,33.948,1494.098,84.871,1692.531,60,0.787778777,0.779316372,0.782137174,0.212221223,0.220683628,1
Geophysical_model116,/home/lyara/areswave/models/Geophysical_model116.nd,nd,UNK,,,933.558,60,900,194.474,933.558,60,1101.346,16.779,1436.922,100.673,1685.455,60,0.728218847,0.809778049,0.782591648,0.271781153,0.190221951,1
Geophysical_model334,/home/lyara/areswave/models/Geophysical_model334.nd,nd,UNK,,,1016.377,60,900,198.783,1016.377,60,1132.755,33.251,1465.261,99.752,1679.896,60,0.680142288,0.83493341,0.783336369,0.319857712,0.16506659,1
Geophysical_model477,/home/lyara/areswave/models/Geophysical_model477.nd,nd,UNK,,,1016.377,60,900,198.783,1016.377,60,1132.755,33.251,1465.261,99.752,1679.896,60,0.680142288,0.83493341,0.783336369,0.319857712,0.16506659,1
Geophysical_model637,/home/lyara/areswave/models/Geophysical_model637.nd,nd,UNK,,,933.365,60,876.693,186.455,933.365,60,1116.871,33.365,1483.885,83.412,1681.963,60,0.761436636,0.794411099,0.783419612,0.238563364,0.205588901,1
Geophysical_model939,/home/lyara/areswave/models/Geophysical_model939.nd,nd,UNK,,,933.365,60,876.693,186.455,933.365,60,1116.871,33.365,1483.885,83.412,1681.963,60,0.761436636,0.794411099,0.783419612,0.238563364,0.205588901,1
Geophysical_model545,/home/lyara/areswave/models/Geophysical_model545.nd,nd,UNK,,,916.767,60,900,191.729,916.767,60,1117.965,33.533,1486.828,83.833,1685.009,60,0.716668233,0.816897135,0.783487501,0.283331767,0.183102865,1
Geophysical_model686,/home/lyara/areswave/models/Geophysical_model686.nd,nd,UNK,,,900,60,900,21.478,900,60,1116.829,33.358,1483.771,100.075,1681.845,60,0.804291253,0.773334208,0.783653223,0.195708747,0.226665792,1
Geophysical_model493,/home/lyara/areswave/models/Geophysical_model493.nd,nd,UNK,,,1031.687,60,900,185.83,1031.687,60,1130.452,32.922,1476.13,82.304,1673.94,60,0.862828212,0.744212465,0.783751047,0.137171788,0.255787535,1
Geophysical_model866,/home/lyara/areswave/models/Geophysical_model866.nd,nd,UNK,,,950.119,60,900,181,950.119,60,1133.89,50.12,1484.726,66.826,1682.834,60,0.701297834,0.825906043,0.784369973,0.298702166,0.174093957,1
Geophysical_model295,/home/lyara/areswave/models/Geophysical_model295.nd,nd,UNK,,,1032.872,60,900,181.347,1032.872,60,1132.525,33.217,1497.923,83.045,1679.303,60,0.720129619,0.816738809,0.784535745,0.279870381,0.183261191,1
Geophysical_model262,/home/lyara/areswave/models/Geophysical_model262.nd,nd,UNK,,,1032.872,60,900,181.347,1032.872,60,1132.525,33.217,1497.923,83.045,1679.303,60,0.720129619,0.816738809,0.784535745,0.279870381,0.183261191,1
Geophysical_model446,/home/lyara/areswave/models/Geophysical_model446.nd,nd,UNK,,,1031.442,60,900,188.767,1031.442,60,1130.023,32.86,1491.488,82.151,1672.831,60,0.79614775,0.77878258,0.78457097,0.20385225,0.22121742,1
Geophysical_model764,/home/lyara/areswave/models/Geophysical_model764.nd,nd,UNK,,,933.862,60,900,186.67,933.862,60,1120.105,33.862,1492.59,84.656,1690.97,60,0.834850358,0.75990551,0.784887126,0.165149642,0.24009449,1
Geophysical_model333,/home/lyara/areswave/models/Geophysical_model333.nd,nd,UNK,,,1098.133,60,900,196.238,1098.133,60,1147.666,33.023,1494.399,66.044,1675.759,60,0.819652545,0.767607686,0.784955972,0.180347455,0.232392314,1
MD_model14,/home/lyara/areswave/models/MD_model14.nd,nd,UNK,,,1003.044,60,801.326,10.617,1003.044,60,1130.445,138.018,1321.547,191.102,1614.289,60,0.829007681,0.762932129,0.784957313,0.170992319,0.237067871,1
Geophysical_model33,/home/lyara/areswave/models/Geophysical_model33.nd,nd,UNK,,,1031.756,60,900,188.228,1031.756,60,1130.574,32.939,1476.434,82.348,1674.255,60,0.724536709,0.816112665,0.785587346,0.275463291,0.183887335,1
Geophysical_model171,/home/lyara/areswave/models/Geophysical_model171.nd,nd,UNK,,,1016.326,60,900,195.567,1016.326,60,1132.652,33.236,1498.248,99.708,1679.631,60,0.718374262,0.819245652,0.785621855,0.281625738,0.180754348,1
Geophysical_model460,/home/lyara/areswave/models/Geophysical_model460.nd,nd,UNK,,,1016.377,60,900,198.875,1016.377,60,1116.129,33.251,1498.512,99.752,1679.896,60,0.867721114,0.744797414,0.785771981,0.132278886,0.255202586,1
Geophysical_model271,/home/lyara/areswave/models/Geophysical_model271.nd,nd,UNK,,,1016.377,60,900,198.875,1016.377,60,1116.129,33.251,1498.512,99.752,1679.896,60,0.867721114,0.744797414,0.785771981,0.132278886,0.255202586,1
Geophysical_model767,/home/lyara/areswave/models/Geophysical_model767.nd,nd,UNK,,,933.693,60,900,180.94,933.693,60,1119.005,33.693,1489.628,84.233,1687.906,60,0.812786778,0.772366291,0.785839787,0.187213222,0.227633709,1
Geophysical_model975,/home/lyara/areswave/models/Geophysical_model975.nd,nd,UNK,,,933.693,60,900,180.94,933.693,60,1119.005,33.693,1489.628,84.233,1687.906,60,0.812786778,0.772366291,0.785839787,0.187213222,0.227633709,1
Geophysical_model765,/home/lyara/areswave/models/Geophysical_model765.nd,nd,UNK,,,933.693,60,900,180.94,933.693,60,1119.005,33.693,1489.628,84.233,1687.906,60,0.812786778,0.772366291,0.785839787,0.187213222,0.227633709,1
Geophysical_model616,/home/lyara/areswave/models/Geophysical_model616.nd,nd,UNK,,,933.693,60,900,180.94,933.693,60,1119.005,33.693,1489.628,84.233,1687.906,60,0.812786778,0.772366291,0.785839787,0.187213222,0.227633709,1
Geophysical_model696,/home/lyara/areswave/models/Geophysical_model696.nd,nd,UNK,,,933.693,60,900,180.94,933.693,60,1119.005,33.693,1489.628,84.233,1687.906,60,0.812786778,0.772366291,0.785839787,0.187213222,0.227633709,1
Geophysical_model19,/home/lyara/areswave/models/Geophysical_model19.nd,nd,UNK,,,1033.261,60,900,182.787,1033.261,60,1133.207,33.315,1499.676,83.288,1681.067,60,0.818367038,0.769704177,0.785925131,0.181632962,0.230295823,1
Geophysical_model149,/home/lyara/areswave/models/Geophysical_model149.nd,nd,UNK,,,1033.261,60,900,182.787,1033.261,60,1133.207,33.315,1499.676,83.288,1681.067,60,0.818367038,0.769704177,0.785925131,0.181632962,0.230295823,1
Geophysical_model292,/home/lyara/areswave/models/Geophysical_model292.nd,nd,UNK,,,967.499,60,858.902,184.941,967.499,60,1119.373,33.75,1456.871,101.249,1688.933,60,0.817018183,0.770552707,0.786041199,0.182981817,0.229447293,1
Geophysical_model379,/home/lyara/areswave/models/Geophysical_model379.nd,nd,UNK,,,1047.698,60,900,189.604,1047.698,60,1146.164,32.822,1490.792,82.054,1672.131,60,0.734141763,0.812441534,0.78634161,0.265858237,0.187558466,1
Geophysical_model220,/home/lyara/areswave/models/Geophysical_model220.nd,nd,UNK,,,982.959,60,900,190.43,982.959,60,1115.693,16.592,1464.12,116.143,1678.681,60,0.656737084,0.85130978,0.786452215,0.343262916,0.14869022,1
Geophysical_model373,/home/lyara/areswave/models/Geophysical_model373.nd,nd,UNK,,,1031.784,60,900,188.35,1031.784,60,1130.622,32.946,1493.027,82.365,1674.378,60,0.792297751,0.783612213,0.786507392,0.207702249,0.216387787,1
MD_model10,/home/lyara/areswave/models/MD_model10.nd,nd,UNK,,,1002.201,60,801.147,10.582,1002.201,60,1245.582,137.564,1372.563,190.472,1611.713,60,0.604191584,0.877982784,0.786719051,0.395808416,0.122017216,1
Geophysical_model102,/home/lyara/areswave/models/Geophysical_model102.nd,nd,UNK,,,1016.295,60,900,198.324,1016.295,60,1132.589,33.227,1464.86,99.682,1679.468,60,0.757860519,0.801159318,0.786726385,0.242139481,0.198840682,1
Geophysical_model462,/home/lyara/areswave/models/Geophysical_model462.nd,nd,UNK,,,1030.985,60,900,189.882,1030.985,60,1129.223,32.746,1489.43,81.865,1670.76,60,0.792778495,0.784016158,0.786936937,0.207221505,0.215983842,1
Geophysical_model507,/home/lyara/areswave/models/Geophysical_model507.nd,nd,UNK,,,950.781,60,900,183.99,950.781,60,1136.977,33.854,1492.442,67.707,1690.818,60,0.755243386,0.802885492,0.78700479,0.244756614,0.197114508,1
Geophysical_model84,/home/lyara/areswave/models/Geophysical_model84.nd,nd,UNK,,,1064.355,60,900,188.627,1064.355,60,1146.533,16.436,1475.244,65.742,1673.022,60,0.809190734,0.775916608,0.787007983,0.190809266,0.224083392,1
Geophysical_model747,/home/lyara/areswave/models/Geophysical_model747.nd,nd,UNK,,,900,60,900,29.784,900,60,1101.736,16.811,1471.585,100.868,1686.632,60,0.741431441,0.809858359,0.787049386,0.258568559,0.190141641,1
Geophysical_model592,/home/lyara/areswave/models/Geophysical_model592.nd,nd,UNK,,,916.736,60,875.96,192.319,916.736,60,1117.572,33.472,1485.77,83.681,1683.914,60,0.781604849,0.789785095,0.787058346,0.218395151,0.210214905,1
Geophysical_model389,/home/lyara/areswave/models/Geophysical_model389.nd,nd,UNK,,,949.524,60,900,193.339,949.524,60,1114.604,16.509,1461.273,99.048,1675.648,60,0.780079714,0.791006008,0.78736391,0.219920286,0.208993992,1
Geophysical_model612,/home/lyara/areswave/models/Geophysical_model612.nd,nd,UNK,,,916.714,60,900,193.355,916.714,60,1117.28,33.427,1484.983,83.569,1683.1,60,0.757361534,0.802475812,0.787437719,0.242638466,0.197524188,1
MD_model82,/home/lyara/areswave/models/MD_model82.nd,nd,UNK,,,1052.51,60,736.454,189.634,1052.51,60,1263.214,42.14,1336.96,63.211,1596.883,60,0.824300123,0.76908445,0.787489675,0.175699877,0.23091555,1
Geophysical_model1,/home/lyara/areswave/models/Geophysical_model1.nd,nd,UNK,,,1033.278,60,900,182.554,1033.278,60,1133.237,33.32,1483.093,83.299,1681.144,60,0.81618367,0.773291421,0.787588837,0.18381633,0.226708579,1
Geophysical_model2,/home/lyara/areswave/models/Geophysical_model2.nd,nd,UNK,,,1033.278,60,900,182.554,1033.278,60,1133.237,33.32,1483.093,83.299,1681.144,60,0.81618367,0.773291421,0.787588837,0.18381633,0.226708579,1
Geophysical_model241,/home/lyara/areswave/models/Geophysical_model241.nd,nd,UNK,,,1033.228,60,900,182.392,1033.228,60,1133.149,33.307,1482.872,83.268,1680.916,60,0.907845841,0.727485938,0.787605906,0.092154159,0.272514062,1
Geophysical_model253,/home/lyara/areswave/models/Geophysical_model253.nd,nd,UNK,,,999.801,60,900,195.203,999.801,60,1116.236,16.633,1465.54,99.801,1680.192,60,0.749329983,0.80707603,0.787827347,0.250670017,0.19292397,1
Geophysical_model398,/home/lyara/areswave/models/Geophysical_model398.nd,nd,UNK,,,999.801,60,900,195.203,999.801,60,1116.236,16.633,1465.54,99.801,1680.192,60,0.749329983,0.80707603,0.787827347,0.250670017,0.19292397,1
Geophysical_model181,/home/lyara/areswave/models/Geophysical_model181.nd,nd,UNK,,,999.801,60,900,195.203,999.801,60,1116.236,16.633,1465.54,99.801,1680.192,60,0.749329983,0.80707603,0.787827347,0.250670017,0.19292397,1
Geophysical_model720,/home/lyara/areswave/models/Geophysical_model720.nd,nd,UNK,,,933.975,60,879.241,186.833,933.975,60,1120.837,33.975,1494.562,84.937,1693.011,60,0.838622838,0.762742194,0.788035742,0.161377162,0.237257806,1
MD_model73,/home/lyara/areswave/models/MD_model73.nd,nd,UNK,,,995.034,60,763.228,10.537,995.034,60,1100.4,147.513,1395.426,126.44,1602.505,60,0.774840131,0.794913991,0.788222705,0.225159869,0.205086009,1
MD_model11,/home/lyara/areswave/models/MD_model11.nd,nd,UNK,,,987.786,60,735.63,10.506,987.786,60,1103.357,10.507,1429.058,84.052,1604.141,60,0.852938656,0.756829328,0.788865771,0.147061344,0.243170672,1
Geophysical_model501,/home/lyara/areswave/models/Geophysical_model501.nd,nd,UNK,,,916.672,60,900,180.688,916.672,60,1116.741,33.345,1483.532,83.362,1681.599,60,0.75436327,0.806319753,0.789000925,0.24563673,0.193680247,1
Geophysical_model808,/home/lyara/areswave/models/Geophysical_model808.nd,nd,UNK,,,916.724,60,900,188.917,916.724,60,1117.416,33.448,1468.626,83.621,1683.48,60,0.802416209,0.782892745,0.789400567,0.197583791,0.217107255,1
Geophysical_model945,/home/lyara/areswave/models/Geophysical_model945.nd,nd,UNK,,,916.672,60,900,180.795,916.672,60,1116.738,33.345,1483.524,83.361,1681.59,60,0.714065969,0.827109899,0.789428589,0.285934031,0.172890101,1
AK_model_56,/home/lyara/areswave/models/AK_model_56.nd,nd,UNK,,,1018.998,60,842.972,25.147,1018.998,60,1144.731,100.586,1371.051,50.293,1678.679,60,0.700557549,0.835308875,0.790391766,0.299442451,0.164691125,1
Geophysical_model341,/home/lyara/areswave/models/Geophysical_model341.nd,nd,UNK,,,999.558,60,857.532,191.104,999.558,60,1115.708,16.593,1497.346,99.558,1678.723,60,0.704962873,0.833178854,0.790440194,0.295037127,0.166821146,1
Geophysical_model899,/home/lyara/areswave/models/Geophysical_model899.nd,nd,UNK,,,933.35,60,853.741,185.034,933.35,60,1116.776,33.35,1483.627,83.375,1681.697,60,0.869721862,0.750978679,0.79055974,0.130278138,0.249021321,1
Geophysical_model940,/home/lyara/areswave/models/Geophysical_model940.nd,nd,UNK,,,933.35,60,853.741,185.034,933.35,60,1116.776,33.35,1483.627,83.375,1681.697,60,0.869721862,0.750978679,0.79055974,0.130278138,0.249021321,1
Geophysical_model496,/home/lyara/areswave/models/Geophysical_model496.nd,nd,UNK,,,1064.195,60,900,188.313,1064.195,60,1146.293,32.839,1474.684,65.678,1672.443,60,0.769654858,0.801801596,0.791086017,0.230345142,0.198198404,1
Geophysical_model193,/home/lyara/areswave/models/Geophysical_model193.nd,nd,UNK,,,999.708,60,900,195.71,999.708,60,1132.652,33.236,1498.248,99.708,1679.631,60,0.727546167,0.823064181,0.791224843,0.272453833,0.176935819,1
Geophysical_model311,/home/lyara/areswave/models/Geophysical_model311.nd,nd,UNK,,,999.708,60,900,195.71,999.708,60,1132.652,33.236,1498.248,99.708,1679.631,60,0.727546167,0.823064181,0.791224843,0.272453833,0.176935819,1
Geophysical_model246,/home/lyara/areswave/models/Geophysical_model246.nd,nd,UNK,,,1033.219,60,900,180.109,1033.219,60,1133.134,33.305,1482.834,83.262,1680.877,60,0.785072348,0.79441706,0.791302156,0.214927652,0.20558294,1
MD_model64,/home/lyara/areswave/models/MD_model64.nd,nd,UNK,,,1026.644,60,732.299,185.328,1026.644,60,1299.185,10.902,1342.791,76.312,1640.914,60,0.840247916,0.76695544,0.791386265,0.159752084,0.23304456,1
Geophysical_model911,/home/lyara/areswave/models/Geophysical_model911.nd,nd,UNK,,,933.365,60,900,186.46,933.365,60,1116.871,33.365,1483.885,83.412,1681.963,60,0.740517081,0.816863186,0.791414484,0.259482919,0.183136814,1
Geophysical_model860,/home/lyara/areswave/models/Geophysical_model860.nd,nd,UNK,,,933.943,60,900,186.527,933.943,60,1120.631,33.943,1494.007,84.858,1692.437,60,0.721508713,0.826857801,0.791741439,0.278491287,0.173142199,1
Geophysical_model329,/home/lyara/areswave/models/Geophysical_model329.nd,nd,UNK,,,1047.872,60,900,189.034,1047.872,60,1130.023,32.86,1491.488,82.151,1672.831,60,0.679742611,0.848042356,0.791942441,0.320257389,0.151957644,1
Geophysical_model360,/home/lyara/areswave/models/Geophysical_model360.nd,nd,UNK,,,1047.872,60,900,189.034,1047.872,60,1130.023,32.86,1491.488,82.151,1672.831,60,0.679742611,0.848042356,0.791942441,0.320257389,0.151957644,1
Geophysical_model872,/home/lyara/areswave/models/Geophysical_model872.nd,nd,UNK,,,916.706,60,876.388,188.893,916.706,60,1117.178,33.412,1484.711,83.53,1682.818,60,0.818746122,0.778869678,0.792161826,0.181253878,0.221130322,1
Geophysical_model439,/home/lyara/areswave/models/Geophysical_model439.nd,nd,UNK,,,1030.76,60,900,188.125,1030.76,60,1128.83,32.69,1488.42,81.725,1669.744,60,0.860500114,0.759538326,0.793192255,0.139499886,0.240461674,1
Geophysical_model818,/home/lyara/areswave/models/Geophysical_model818.nd,nd,UNK,,,966.709,60,900,193.666,966.709,60,1133.481,33.355,1483.703,66.709,1681.776,60,0.760639866,0.810306016,0.793750633,0.239360134,0.189693984,1
MD_model95,/home/lyara/areswave/models/MD_model95.nd,nd,UNK,,,1010.926,60,859.539,10.813,1010.926,60,1248.82,140.574,1356.954,194.64,1642.275,60,0.707517899,0.836954639,0.793809059,0.292482101,0.163045361,1
Geophysical_model38,/home/lyara/areswave/models/Geophysical_model38.nd,nd,UNK,,,1033.254,60,900,187.682,1033.254,60,1133.195,33.313,1482.987,83.283,1681.034,60,0.794468638,0.79452734,0.794507773,0.205531362,0.20547266,1
Geophysical_model159,/home/lyara/areswave/models/Geophysical_model159.nd,nd,UNK,,,1048.843,60,900,194.704,1048.843,60,1148.071,33.076,1495.37,66.152,1676.736,60,0.844189116,0.769832818,0.79461825,0.155810884,0.230167182,1
Geophysical_model239,/home/lyara/areswave/models/Geophysical_model239.nd,nd,UNK,,,1048.843,60,900,194.704,1048.843,60,1148.071,33.076,1495.37,66.152,1676.736,60,0.844189116,0.769832818,0.79461825,0.155810884,0.230167182,1
AK_model_68,/home/lyara/areswave/models/AK_model_68.nd,nd,UNK,,,1018.739,60,892.89,25.17,1018.739,60,1220.098,125.85,1396.287,50.339,1678.891,60,0.891133423,0.746947948,0.795009773,0.108866577,0.253052052,1
Geophysical_model714,/home/lyara/areswave/models/Geophysical_model714.nd,nd,UNK,,,900,60,900,21.451,900,60,1116.78,33.351,1483.638,100.052,1681.708,60,0.836048304,0.77471202,0.795157448,0.163951696,0.22528798,1
Geophysical_model485,/home/lyara/areswave/models/Geophysical_model485.nd,nd,UNK,,,1063.97,60,900,188.401,1063.97,60,1145.955,32.794,1490.293,65.588,1671.628,60,0.840894003,0.773190169,0.795758114,0.159105997,0.226809831,1
Geophysical_model374,/home/lyara/areswave/models/Geophysical_model374.nd,nd,UNK,,,1063.97,60,900,188.401,1063.97,60,1145.955,32.794,1490.293,65.588,1671.628,60,0.840894003,0.773190169,0.795758114,0.159105997,0.226809831,1
Geophysical_model482,/home/lyara/areswave/models/Geophysical_model482.nd,nd,UNK,,,1063.97,60,900,188.401,1063.97,60,1145.955,32.794,1490.293,65.588,1671.628,60,0.840894003,0.773190169,0.795758114,0.159105997,0.226809831,1
Geophysical_model274,/home/lyara/areswave/models/Geophysical_model274.nd,nd,UNK,,,1032.808,60,900,180.658,1032.808,60,1132.413,33.201,1481.034,83.005,1679.013,60,0.875122653,0.756108576,0.795779935,0.124877347,0.243891424,1
MD_model13,/home/lyara/areswave/models/MD_model13.nd,nd,UNK,,,1005.054,60,807.542,10.396,1005.054,60,1244.149,145.536,1358.498,166.326,1595.035,60,0.793077288,0.797245479,0.795856082,0.206922712,0.202754521,1
Geophysical_model50,/home/lyara/areswave/models/Geophysical_model50.nd,nd,UNK,,,982.805,60,860.982,195.088,982.805,60,1115.292,16.561,1463.072,99.365,1677.564,60,0.660697235,0.863957963,0.796204387,0.339302765,0.136042037,1
Geophysical_model310,/home/lyara/areswave/models/Geophysical_model310.nd,nd,UNK,,,1016.326,60,878.266,195.602,1016.326,60,1132.652,33.236,1498.248,99.708,1679.631,60,0.737920467,0.82597328,0.796622342,0.262079533,0.17402672,1
Geophysical_model130,/home/lyara/areswave/models/Geophysical_model130.nd,nd,UNK,,,1031.687,60,900,185.294,1031.687,60,1130.452,32.922,1492.591,82.304,1673.94,60,0.827550933,0.781276959,0.796701617,0.172449067,0.218723041,1
Geophysical_model768,/home/lyara/areswave/models/Geophysical_model768.nd,nd,UNK,,,933.507,60,875.918,192.657,933.507,60,1117.798,33.507,1469.624,83.768,1684.543,60,0.84344524,0.774366367,0.797392658,0.15655476,0.225633633,1
Geophysical_model599,/home/lyara/areswave/models/Geophysical_model599.nd,nd,UNK,,,933.507,60,875.918,192.657,933.507,60,1117.798,33.507,1469.624,83.768,1684.543,60,0.84344524,0.774366367,0.797392658,0.15655476,0.225633633,1
Geophysical_model56,/home/lyara/areswave/models/Geophysical_model56.nd,nd,UNK,,,1015.15,60,876.661,186.713,1015.15,60,1130.3,32.901,1475.751,82.25,1673.548,60,0.822203388,0.785162854,0.797509699,0.177796612,0.214837146,1
Geophysical_model304,/home/lyara/areswave/models/Geophysical_model304.nd,nd,UNK,,,1033.067,60,877.206,182.354,1033.067,60,1132.867,33.267,1498.801,83.167,1680.187,60,0.783388369,0.804958178,0.797768242,0.216611631,0.195041822,1
MD_model45,/home/lyara/areswave/models/MD_model45.nd,nd,UNK,,,966.263,60,741.442,194.164,966.263,60,1262.617,30.658,1334.151,51.096,1497.657,60,0.767278727,0.813177433,0.797877864,0.232721273,0.186822567,1
Geophysical_model308,/home/lyara/areswave/models/Geophysical_model308.nd,nd,UNK,,,1016.273,60,878.266,195.602,1016.273,60,1132.546,33.221,1497.976,99.663,1679.357,60,0.741753293,0.827903523,0.79918678,0.258246707,0.172096477,1
Geophysical_model5,/home/lyara/areswave/models/Geophysical_model5.nd,nd,UNK,,,1015.251,60,900,187.659,1015.251,60,1130.502,32.929,1492.719,82.322,1674.068,60,0.694860694,0.852108601,0.799692632,0.305139306,0.147891399,1
Geophysical_model846,/home/lyara/areswave/models/Geophysical_model846.nd,nd,UNK,,,916.714,60,900,188.969,916.714,60,1117.284,33.428,1468.281,83.571,1683.113,60,0.829409136,0.784904108,0.799739117,0.170590864,0.215095892,1
Geophysical_model809,/home/lyara/areswave/models/Geophysical_model809.nd,nd,UNK,,,916.969,60,878.195,196.244,916.969,60,1120.603,33.939,1493.931,84.847,1692.359,60,0.839008811,0.780235307,0.799826475,0.160991189,0.219764693,1
Geophysical_model626,/home/lyara/areswave/models/Geophysical_model626.nd,nd,UNK,,,933.4,60,876.875,184.998,933.4,60,1117.102,33.4,1484.505,83.501,1682.605,60,0.740787282,0.829475229,0.79991258,0.259212718,0.170524771,1
Geophysical_model631,/home/lyara/areswave/models/Geophysical_model631.nd,nd,UNK,,,933.855,60,900,186.076,933.855,60,1120.056,33.855,1492.459,84.637,1690.835,60,0.890468028,0.755288507,0.800348347,0.109531972,0.244711493,1
Geophysical_model22,/home/lyara/areswave/models/Geophysical_model22.nd,nd,UNK,,,1063.523,60,900,194.688,1063.523,60,1145.284,32.704,1488.683,65.409,1670.008,60,0.75459391,0.823728562,0.800683678,0.24540609,0.176271438,1
MD_model76,/home/lyara/areswave/models/MD_model76.nd,nd,UNK,,,989.415,60,740.538,10.37,989.415,60,1124.223,176.288,1310.88,114.069,1578.639,60,0.664828218,0.869058803,0.800981941,0.335171782,0.130941197,1
Geophysical_model528,/home/lyara/areswave/models/Geophysical_model528.nd,nd,UNK,,,933.804,60,900,181.169,933.804,60,1119.729,33.804,1491.578,84.511,1689.924,60,0.742689016,0.830594493,0.801292667,0.257310984,0.169405507,1
Geophysical_model918,/home/lyara/areswave/models/Geophysical_model918.nd,nd,UNK,,,933.4,60,900,184.586,933.4,60,1117.102,33.4,1484.505,66.801,1682.605,60,0.870758701,0.766662614,0.801361309,0.129241299,0.233337386,1
Geophysical_model107,/home/lyara/areswave/models/Geophysical_model107.nd,nd,UNK,,,983.232,60,900,182.335,983.232,60,1116.402,16.646,1465.975,116.524,1680.656,60,0.78710434,0.80877589,0.80155204,0.21289566,0.19122411,1
Geophysical_model381,/home/lyara/areswave/models/Geophysical_model381.nd,nd,UNK,,,999.558,60,878.755,191.207,999.558,60,1115.708,16.593,1497.346,99.558,1678.723,60,0.777024366,0.815145767,0.802438634,0.222975634,0.184854233,1
Geophysical_model243,/home/lyara/areswave/models/Geophysical_model243.nd,nd,UNK,,,982.905,60,900,182.575,982.905,60,1115.552,16.581,1463.752,116.067,1678.288,60,0.761941851,0.82305375,0.802683117,0.238058149,0.17694625,1
AK_model_70,/home/lyara/areswave/models/AK_model_70.nd,nd,UNK,,,1060,60,825,25,1060,60,1300,75,1300,50,1634.964,60,0.757574822,0.826088794,0.803250803,0.242425178,0.173911206,1
Geophysical_model317,/home/lyara/areswave/models/Geophysical_model317.nd,nd,UNK,,,1031.442,60,900,189.023,1031.442,60,1130.023,32.86,1491.488,82.151,1672.831,60,0.827963731,0.791529847,0.803674475,0.172036269,0.208470153,1
Geophysical_model367,/home/lyara/areswave/models/Geophysical_model367.nd,nd,UNK,,,1031.442,60,900,189.023,1031.442,60,1130.023,32.86,1491.488,82.151,1672.831,60,0.827963731,0.791529847,0.803674475,0.172036269,0.208470153,1
AK_model_7,/home/lyara/areswave/models/AK_model_7.nd,nd,UNK,,,1075.329,60,845.445,25.542,1075.329,60,1279.671,51.085,1305.214,51.086,1667.556,60,0.82332933,0.795135964,0.804533753,0.17667067,0.204864036,1
Geophysical_model80,/home/lyara/areswave/models/Geophysical_model80.nd,nd,UNK,,,1016.377,60,900,199.214,1016.377,60,1132.755,33.251,1498.512,99.752,1679.896,60,0.747816441,0.832941651,0.804566581,0.252183559,0.167058349,1
Geophysical_model907,/home/lyara/areswave/models/Geophysical_model907.nd,nd,UNK,,,933.855,60,900,187.782,933.855,60,1120.056,33.855,1458.604,84.637,1690.835,60,0.754355102,0.831231319,0.805605913,0.245644898,0.168768681,1
Geophysical_model749,/home/lyara/areswave/models/Geophysical_model749.nd,nd,UNK,,,900,60,900,197.837,900,60,1104.246,17.02,1478.696,102.123,1694.206,60,0.79758755,0.809741546,0.805690214,0.20241245,0.190258454,1
Geophysical_model350,/home/lyara/areswave/models/Geophysical_model350.nd,nd,UNK,,,999.844,60,878.82,190.616,999.844,60,1116.329,16.64,1465.783,99.844,1680.452,60,0.732720637,0.842302019,0.805774892,0.267279363,0.157697981,1
Geophysical_model407,/home/lyara/areswave/models/Geophysical_model407.nd,nd,UNK,,,1047.872,60,900,189.285,1047.872,60,1130.023,32.86,1491.488,82.151,1672.831,60,0.807283275,0.805123824,0.805843641,0.192716725,0.194876176,1
Geophysical_model615,/home/lyara/areswave/models/Geophysical_model615.nd,nd,UNK,,,900,60,900,21.485,900,60,1116.829,33.358,1467.092,100.075,1681.845,60,0.881563344,0.768609757,0.806260953,0.118436656,0.231390243,1
Geophysical_model466,/home/lyara/areswave/models/Geophysical_model466.nd,nd,UNK,,,1031.687,60,900,185.189,1031.687,60,1130.452,32.922,1492.591,82.304,1673.94,60,0.742724287,0.838855949,0.806812062,0.257275713,0.161144051,1
Geophysical_model842,/home/lyara/areswave/models/Geophysical_model842.nd,nd,UNK,,,950.91,60,900,184.808,950.91,60,1120.608,33.94,1476.975,84.849,1692.373,60,0.815293247,0.803551343,0.807465311,0.184706753,0.196448657,1
Geophysical_model797,/home/lyara/areswave/models/Geophysical_model797.nd,nd,UNK,,,933.11,60,878.025,197.778,933.11,60,1115.217,16.555,1479.431,99.331,1677.355,60,0.768576374,0.827019307,0.807538329,0.231423626,0.172980693,1
Geophysical_model467,/home/lyara/areswave/models/Geophysical_model467.nd,nd,UNK,,,999.884,60,900,193.036,999.884,60,1116.415,16.647,1499.302,99.884,1680.691,60,0.790776564,0.816926858,0.808210093,0.209223436,0.183073142,1
Geophysical_model330,/home/lyara/areswave/models/Geophysical_model330.nd,nd,UNK,,,1047.741,60,900,190.022,1047.741,60,1146.235,32.831,1490.965,82.078,1672.304,60,0.740219253,0.842278169,0.80825853,0.259780747,0.157721831,1
Geophysical_model409,/home/lyara/areswave/models/Geophysical_model409.nd,nd,UNK,,,1047.741,60,900,190.022,1047.741,60,1146.235,32.831,1490.965,82.078,1672.304,60,0.740219253,0.842278169,0.80825853,0.259780747,0.157721831,1
Geophysical_model554,/home/lyara/areswave/models/Geophysical_model554.nd,nd,UNK,,,933.939,60,879.373,185.641,933.939,60,1120.601,33.939,1476.955,84.847,1692.352,60,0.805051379,0.811778628,0.809536212,0.194948621,0.188221372,1
Geophysical_model737,/home/lyara/areswave/models/Geophysical_model737.nd,nd,UNK,,,933.939,60,879.373,185.641,933.939,60,1120.601,33.939,1476.955,84.847,1692.352,60,0.805051379,0.811778628,0.809536212,0.194948621,0.188221372,1
Geophysical_model721,/home/lyara/areswave/models/Geophysical_model721.nd,nd,UNK,,,933.939,60,879.373,185.641,933.939,60,1120.601,33.939,1476.955,84.847,1692.352,60,0.805051379,0.811778628,0.809536212,0.194948621,0.188221372,1
Geophysical_model45,/home/lyara/areswave/models/Geophysical_model45.nd,nd,UNK,,,1016.295,60,900,198.297,1016.295,60,1132.589,33.227,1481.473,99.682,1679.468,60,0.766649781,0.831740794,0.81004379,0.233350219,0.168259206,1
Geophysical_model865,/home/lyara/areswave/models/Geophysical_model865.nd,nd,UNK,,,933.943,60,900,185.74,933.943,60,1120.631,33.943,1494.007,84.858,1692.437,60,0.893939092,0.768416719,0.81025751,0.106060908,0.231583281,1
Geophysical_model133,/home/lyara/areswave/models/Geophysical_model133.nd,nd,UNK,,,1098.133,60,900,196.677,1098.133,60,1147.666,16.511,1494.399,66.044,1675.759,60,0.886199902,0.772860745,0.810640464,0.113800098,0.227139255,1
Geophysical_model943,/home/lyara/areswave/models/Geophysical_model943.nd,nd,UNK,,,900,60,900,188.602,900,60,1115.838,16.602,1464.498,116.22,1679.083,60,0.854325315,0.789604302,0.811177973,0.145674685,0.210395698,1
Geophysical_model35,/home/lyara/areswave/models/Geophysical_model35.nd,nd,UNK,,,1049.765,60,900,179.803,1049.765,60,1132.968,33.281,1499.059,83.202,1680.447,60,0.857636953,0.787999607,0.811212056,0.142363047,0.212000393,1
Geophysical_model622,/home/lyara/areswave/models/Geophysical_model622.nd,nd,UNK,,,933.416,60,900,184.268,933.416,60,1117.203,33.416,1484.777,83.54,1682.887,60,0.744861364,0.844783011,0.811475796,0.255138636,0.155216989,1
Geophysical_model772,/home/lyara/areswave/models/Geophysical_model772.nd,nd,UNK,,,933.784,60,900,183.013,933.784,60,1119.594,33.784,1491.215,84.459,1689.548,60,0.707847985,0.863297691,0.811481122,0.292152015,0.136702309,1
Geophysical_model771,/home/lyara/areswave/models/Geophysical_model771.nd,nd,UNK,,,933.784,60,900,183.013,933.784,60,1119.594,33.784,1491.215,84.459,1689.548,60,0.707847985,0.863297691,0.811481122,0.292152015,0.136702309,1
Geophysical_model257,/home/lyara/areswave/models/Geophysical_model257.nd,nd,UNK,,,967.872,60,900,180.547,967.872,60,1120.585,33.937,1459.948,101.809,1692.31,60,0.823465114,0.80552707,0.811506418,0.176534886,0.19447293,1
Geophysical_model231,/home/lyara/areswave/models/Geophysical_model231.nd,nd,UNK,,,1098.133,60,900,196.257,1098.133,60,1147.666,33.023,1494.399,66.044,1675.759,60,0.848866364,0.793559397,0.811995053,0.151133636,0.206440603,1
Geophysical_model933,/home/lyara/areswave/models/Geophysical_model933.nd,nd,UNK,,,950.04,60,900,179.988,950.04,60,1133.521,50.04,1483.802,66.72,1681.878,60,0.78737311,0.824825045,0.812341067,0.21262689,0.175174955,1
Geophysical_model456,/home/lyara/areswave/models/Geophysical_model456.nd,nd,UNK,,,1016.299,60,877.225,182.2,1016.299,60,1132.599,33.228,1498.111,99.685,1679.493,60,0.789376733,0.823870967,0.812372889,0.210623267,0.176129033,1
AK_model_95,/home/lyara/areswave/models/AK_model_95.nd,nd,UNK,,,1073.564,60,774.981,27.144,1073.564,60,1290.715,27.144,1345.002,54.288,1717.883,60,0.855283475,0.791143145,0.812523255,0.144716525,0.208856855,1
Geophysical_model972,/home/lyara/areswave/models/Geophysical_model972.nd,nd,UNK,,,950.91,60,900,184.519,950.91,60,1120.608,33.94,1493.945,84.849,1692.373,60,0.832504493,0.803034585,0.812857887,0.167495507,0.196965415,1
Geophysical_model944,/home/lyara/areswave/models/Geophysical_model944.nd,nd,UNK,,,950.91,60,900,184.519,950.91,60,1120.608,33.94,1493.945,84.849,1692.373,60,0.832504493,0.803034585,0.812857887,0.167495507,0.196965415,1
Geophysical_model244,/home/lyara/areswave/models/Geophysical_model244.nd,nd,UNK,,,1099.378,60,900,179.283,1099.378,60,1115.993,16.614,1431.674,99.689,1679.515,60,0.840440158,0.799204147,0.812949484,0.159559842,0.200795853,1
Geophysical_model569,/home/lyara/areswave/models/Geophysical_model569.nd,nd,UNK,,,916.707,60,875.814,193.485,916.707,60,1117.197,33.415,1484.761,83.538,1682.87,60,0.845933599,0.796616645,0.81305563,0.154066401,0.203383355,1
Geophysical_model780,/home/lyara/areswave/models/Geophysical_model780.nd,nd,UNK,,,916.707,60,875.814,193.485,916.707,60,1117.197,33.415,1484.761,83.538,1682.87,60,0.845933599,0.796616645,0.81305563,0.154066401,0.203383355,1
Geophysical_model897,/home/lyara/areswave/models/Geophysical_model897.nd,nd,UNK,,,950.093,60,900,199.612,950.093,60,1133.767,50.093,1484.418,66.791,1682.515,60,0.844444942,0.797735821,0.813305528,0.155555058,0.202264179,1
Geophysical_model744,/home/lyara/areswave/models/Geophysical_model744.nd,nd,UNK,,,1088.067,60,900,20.64,1088.067,60,1105.164,17.097,1464.2,119.679,1696.976,60,0.853792378,0.7945351,0.814287526,0.146207622,0.2054649,1
Geophysical_model280,/home/lyara/areswave/models/Geophysical_model280.nd,nd,UNK,,,999.558,60,878.735,191.384,999.558,60,1115.708,16.593,1480.753,99.558,1678.723,60,0.76228269,0.841837068,0.815318942,0.23771731,0.158162932,1
Geophysical_model95,/home/lyara/areswave/models/Geophysical_model95.nd,nd,UNK,,,999.558,60,878.735,191.384,999.558,60,1115.708,16.593,1480.753,99.558,1678.723,60,0.76228269,0.841837068,0.815318942,0.23771731,0.158162932,1
Geophysical_model307,/home/lyara/areswave/models/Geophysical_model307.nd,nd,UNK,,,999.558,60,878.735,191.384,999.558,60,1115.708,16.593,1480.753,99.558,1678.723,60,0.76228269,0.841837068,0.815318942,0.23771731,0.158162932,1
Geophysical_model377,/home/lyara/areswave/models/Geophysical_model377.nd,nd,UNK,,,1031.555,60,900,185.679,1031.555,60,1130.221,32.889,1491.996,82.221,1673.341,60,0.711657736,0.869227035,0.816703935,0.288342264,0.130772965,1
Geophysical_model930,/home/lyara/areswave/models/Geophysical_model930.nd,nd,UNK,,,1085.282,60,900,29.508,1085.282,60,1102.126,16.844,1455.847,101.063,1687.809,60,0.888742328,0.780791188,0.816774901,0.111257672,0.219208812,1
Geophysical_model962,/home/lyara/areswave/models/Geophysical_model962.nd,nd,UNK,,,1085.282,60,900,29.508,1085.282,60,1102.126,16.844,1455.847,101.063,1687.809,60,0.888742328,0.780791188,0.816774901,0.111257672,0.219208812,1
Geophysical_model83,/home/lyara/areswave/models/Geophysical_model83.nd,nd,UNK,,,1049.531,60,900,179.559,1049.531,60,1132.603,33.229,1498.123,83.073,1679.504,60,0.73146453,0.859603265,0.816890353,0.26853547,0.140396735,1
Geophysical_model209,/home/lyara/areswave/models/Geophysical_model209.nd,nd,UNK,,,1033.403,60,900,187.4,1033.403,60,1133.456,16.675,1483.64,66.702,1681.71,60,0.918718484,0.76623053,0.817059848,0.081281516,0.23376947,1
Geophysical_model335,/home/lyara/areswave/models/Geophysical_model335.nd,nd,UNK,,,1031.52,60,900,187.375,1031.52,60,1130.159,32.88,1491.838,82.199,1673.183,60,0.822172751,0.814643879,0.817153503,0.177827249,0.185356121,1
Geophysical_model806,/home/lyara/areswave/models/Geophysical_model806.nd,nd,UNK,,,916.669,60,900,180.926,916.669,60,1116.699,33.338,1483.42,83.346,1681.482,60,0.81608406,0.817890477,0.817288338,0.18391594,0.182109523,1
Geophysical_model591,/home/lyara/areswave/models/Geophysical_model591.nd,nd,UNK,,,916.669,60,900,180.926,916.669,60,1116.699,33.338,1483.42,83.346,1681.482,60,0.81608406,0.817890477,0.817288338,0.18391594,0.182109523,1
Geophysical_model89,/home/lyara/areswave/models/Geophysical_model89.nd,nd,UNK,,,1000.663,60,900,199.839,1000.663,60,1134.88,33.554,1470.423,83.886,1685.394,60,0.791391547,0.830609469,0.817536828,0.208608453,0.169390531,1
AK_model_29,/home/lyara/areswave/models/AK_model_29.nd,nd,UNK,,,1044.427,60,827.691,27.092,1044.427,60,1288.254,54.184,1315.346,54.184,1715.068,60,0.656204264,0.898282046,0.817589452,0.343795736,0.101717954,1
Geophysical_model345,/home/lyara/areswave/models/Geophysical_model345.nd,nd,UNK,,,1031.859,60,900,187.371,1031.859,60,1130.753,32.964,1476.882,82.412,1674.718,60,0.857091169,0.798166605,0.817808126,0.142908831,0.201833395,1
Geophysical_model784,/home/lyara/areswave/models/Geophysical_model784.nd,nd,UNK,,,916.796,60,855.883,198.528,916.796,60,1118.345,33.592,1487.852,83.979,1686.068,60,0.843673365,0.804964224,0.817867271,0.156326635,0.195035776,1
Geophysical_model385,/home/lyara/areswave/models/Geophysical_model385.nd,nd,UNK,,,999.801,60,900,191.803,999.801,60,1116.236,16.633,1498.807,99.801,1680.192,60,0.785718127,0.834566421,0.818283656,0.214281873,0.165433579,1
Geophysical_model125,/home/lyara/areswave/models/Geophysical_model125.nd,nd,UNK,,,983.004,60,878.65,192.148,983.004,60,1115.809,16.601,1497.625,99.604,1679.004,60,0.850088642,0.802708206,0.818501685,0.149911358,0.197291794,1
Geophysical_model75,/home/lyara/areswave/models/Geophysical_model75.nd,nd,UNK,,,1031.636,60,900,186.521,1031.636,60,1130.363,32.909,1492.363,82.273,1673.71,60,0.758206483,0.849324412,0.818951769,0.241793517,0.150675588,1
Geophysical_model276,/home/lyara/areswave/models/Geophysical_model276.nd,nd,UNK,,,999.801,60,857.053,193.262,999.801,60,1116.236,16.633,1465.54,99.801,1680.192,60,0.791386986,0.835492411,0.820790603,0.208613014,0.164507589,1
Geophysical_model824,/home/lyara/areswave/models/Geophysical_model824.nd,nd,UNK,,,900,60,900,188.077,900,60,1115.838,16.602,1464.498,116.22,1679.083,60,0.81284868,0.825825386,0.821499817,0.18715132,0.174174614,1
Geophysical_model207,/home/lyara/areswave/models/Geophysical_model207.nd,nd,UNK,,,1064.102,60,900,191.005,1064.102,60,1146.153,32.82,1490.767,65.64,1672.105,60,0.873150764,0.795717361,0.821528495,0.126849236,0.204282639,1
Geophysical_model8,/home/lyara/areswave/models/Geophysical_model8.nd,nd,UNK,,,1064.102,60,900,191.005,1064.102,60,1146.153,32.82,1490.767,65.64,1672.105,60,0.873150764,0.795717361,0.821528495,0.126849236,0.204282639,1
AK_model_83,/home/lyara/areswave/models/AK_model_83.nd,nd,UNK,,,1062.342,60,838.335,24.89,1062.342,60,1261.459,49.779,1336.127,49.779,1667.691,60,0.897769134,0.784337978,0.822148363,0.102230866,0.215662022,1
Geophysical_model412,/home/lyara/areswave/models/Geophysical_model412.nd,nd,UNK,,,1030.985,60,900,188.822,1030.985,60,1129.223,32.746,1489.43,81.865,1670.76,60,0.883131325,0.791746857,0.822208346,0.116868675,0.208253143,1
AK_model_41,/home/lyara/areswave/models/AK_model_41.nd,nd,UNK,,,1033.676,60,821.492,26.524,1033.676,60,1298.907,106.092,1484.568,159.138,1694.521,60,0.862061726,0.802286413,0.822211517,0.137938274,0.197713587,1
Geophysical_model314,/home/lyara/areswave/models/Geophysical_model314.nd,nd,UNK,,,999.894,60,878.151,196.638,999.894,60,1116.438,16.649,1499.366,99.894,1680.755,60,0.86955344,0.798643232,0.822279968,0.13044656,0.201356768,1
Geophysical_model448,/home/lyara/areswave/models/Geophysical_model448.nd,nd,UNK,,,999.894,60,878.151,196.638,999.894,60,1116.438,16.649,1499.366,99.894,1680.755,60,0.86955344,0.798643232,0.822279968,0.13044656,0.201356768,1
Geophysical_model256,/home/lyara/areswave/models/Geophysical_model256.nd,nd,UNK,,,999.894,60,878.151,196.638,999.894,60,1116.438,16.649,1499.366,99.894,1680.755,60,0.86955344,0.798643232,0.822279968,0.13044656,0.201356768,1
Geophysical_model810,/home/lyara/areswave/models/Geophysical_model810.nd,nd,UNK,,,966.616,60,900,178.757,966.616,60,1133.157,33.308,1499.547,83.27,1680.937,60,0.917418938,0.774764524,0.822315995,0.082581062,0.225235476,1
Geophysical_model635,/home/lyara/areswave/models/Geophysical_model635.nd,nd,UNK,,,916.706,60,900,188.093,916.706,60,1117.178,33.412,1484.711,83.53,1682.818,60,0.759787106,0.853600394,0.822329298,0.240212894,0.146399606,1
Geophysical_model154,/home/lyara/areswave/models/Geophysical_model154.nd,nd,UNK,,,1096.756,60,900,198.574,1096.756,60,1145.945,32.793,1490.267,65.585,1671.602,60,0.878599201,0.794218175,0.822345184,0.121400799,0.205781825,1
Geophysical_model544,/home/lyara/areswave/models/Geophysical_model544.nd,nd,UNK,,,950.085,60,900,182.621,950.085,60,1133.728,33.39,1484.32,66.779,1682.414,60,0.837577676,0.815696307,0.822990096,0.162422324,0.184303693,1
Geophysical_model538,/home/lyara/areswave/models/Geophysical_model538.nd,nd,UNK,,,950.085,60,900,182.621,950.085,60,1133.728,33.39,1484.32,66.779,1682.414,60,0.837577676,0.815696307,0.822990096,0.162422324,0.184303693,1
AK_model_9,/home/lyara/areswave/models/AK_model_9.nd,nd,UNK,,,1080.348,60,882.922,24.678,1080.348,60,1277.774,49.356,1302.453,49.356,1657.767,60,0.772874184,0.848075905,0.823008664,0.227125816,0.151924095,1
Geophysical_model700,/home/lyara/areswave/models/Geophysical_model700.nd,nd,UNK,,,916.847,60,879.958,180.374,916.847,60,1119.005,33.693,1489.628,84.233,1687.906,60,0.850090221,0.809923005,0.823312077,0.149909779,0.190076995,1
Geophysical_model85,/home/lyara/areswave/models/Geophysical_model85.nd,nd,UNK,,,1031.784,60,900,187.685,1031.784,60,1130.622,32.946,1476.554,82.365,1674.378,60,0.786906015,0.843594862,0.82469858,0.213093985,0.156405138,1
MD_model51,/home/lyara/areswave/models/MD_model51.nd,nd,UNK,,,983.045,60,717.402,191.263,983.045,60,1291.191,31.878,1354.945,74.38,1605.669,60,0.887476918,0.794053157,0.825194411,0.112523082,0.205946843,1
Geophysical_model306,/home/lyara/areswave/models/Geophysical_model306.nd,nd,UNK,,,1031.853,60,900,187.839,1031.853,60,1130.743,32.964,1493.339,82.408,1674.693,60,0.764524195,0.855655917,0.825278676,0.235475805,0.144344083,1
Geophysical_model347,/home/lyara/areswave/models/Geophysical_model347.nd,nd,UNK,,,1031.853,60,900,187.839,1031.853,60,1130.743,32.964,1493.339,82.408,1674.693,60,0.764524195,0.855655917,0.825278676,0.235475805,0.144344083,1
Geophysical_model461,/home/lyara/areswave/models/Geophysical_model461.nd,nd,UNK,,,1031.853,60,900,187.839,1031.853,60,1130.743,32.964,1493.339,82.408,1674.693,60,0.764524195,0.855655917,0.825278676,0.235475805,0.144344083,1
Geophysical_model752,/home/lyara/areswave/models/Geophysical_model752.nd,nd,UNK,,,933.856,60,900,185.07,933.856,60,1120.061,33.856,1458.617,84.639,1690.849,60,0.777716429,0.849147373,0.825337058,0.222283571,0.150852627,1
Geophysical_model994,/home/lyara/areswave/models/Geophysical_model994.nd,nd,UNK,,,933.856,60,900,185.07,933.856,60,1120.061,33.856,1458.617,84.639,1690.849,60,0.777716429,0.849147373,0.825337058,0.222283571,0.150852627,1
Geophysical_model754,/home/lyara/areswave/models/Geophysical_model754.nd,nd,UNK,,,933.856,60,900,185.07,933.856,60,1120.061,33.856,1458.617,84.639,1690.849,60,0.777716429,0.849147373,0.825337058,0.222283571,0.150852627,1
Geophysical_model123,/home/lyara/areswave/models/Geophysical_model123.nd,nd,UNK,,,1032.872,60,900,181.792,1032.872,60,1132.525,33.217,1481.314,83.045,1679.303,60,0.817285423,0.831597138,0.826826567,0.182714577,0.168402862,1
Geophysical_model484,/home/lyara/areswave/models/Geophysical_model484.nd,nd,UNK,,,1031.853,60,900,187.855,1031.853,60,1130.743,32.964,1493.339,82.408,1674.693,60,0.814197943,0.835930435,0.828686271,0.185802057,0.164069565,1
Geophysical_model853,/home/lyara/areswave/models/Geophysical_model853.nd,nd,UNK,,,950.057,60,900,199.349,950.057,60,1133.601,33.371,1484.001,66.743,1682.084,60,0.841220544,0.825600976,0.830807499,0.158779456,0.174399024,1
Geophysical_model39,/home/lyara/areswave/models/Geophysical_model39.nd,nd,UNK,,,1032.972,60,877.469,180.251,1032.972,60,1132.701,33.243,1498.374,83.107,1679.757,60,0.809487798,0.842529817,0.83151581,0.190512202,0.157470183,1
Geophysical_model365,/home/lyara/areswave/models/Geophysical_model365.nd,nd,UNK,,,999.752,60,900,199.119,999.752,60,1132.755,33.251,1481.887,99.752,1679.896,60,0.834754582,0.830644253,0.832014363,0.165245418,0.169355747,1
Geophysical_model300,/home/lyara/areswave/models/Geophysical_model300.nd,nd,UNK,,,1033.261,60,900,184.612,1033.261,60,1133.207,33.315,1483.019,83.288,1681.067,60,0.80011916,0.848126179,0.832123839,0.19988084,0.151873821,1
Geophysical_model871,/home/lyara/areswave/models/Geophysical_model871.nd,nd,UNK,,,1099.979,60,900,21.957,1099.979,60,1116.644,16.665,1466.608,116.655,1681.33,60,0.822788532,0.839320207,0.833809649,0.177211468,0.160679793,1
Geophysical_model143,/home/lyara/areswave/models/Geophysical_model143.nd,nd,UNK,,,984.095,60,900,186.254,984.095,60,1118.647,33.638,1488.665,100.914,1686.91,60,0.842951488,0.829457233,0.833955318,0.157048512,0.170542767,1
MD_model98,/home/lyara/areswave/models/MD_model98.nd,nd,UNK,,,964.445,60,700.606,189.964,964.445,60,1270.498,42.215,1333.82,105.536,1604.395,60,0.882477529,0.810085969,0.834216489,0.117522471,0.189914031,1
Geophysical_model390,/home/lyara/areswave/models/Geophysical_model390.nd,nd,UNK,,,1033.228,60,900,182.297,1033.228,60,1133.149,33.307,1499.526,83.268,1680.916,60,0.849883183,0.82743825,0.834919894,0.150116817,0.17256175,1
Geophysical_model689,/home/lyara/areswave/models/Geophysical_model689.nd,nd,UNK,,,949.989,60,900,178.211,949.989,60,1116.619,16.663,1499.867,83.315,1681.259,60,0.746598962,0.879842354,0.83542789,0.253401038,0.120157646,1
Geophysical_model837,/home/lyara/areswave/models/Geophysical_model837.nd,nd,UNK,,,916.555,60,877.951,198.443,916.555,60,1115.217,16.555,1495.986,99.331,1677.355,60,0.782848177,0.862126984,0.835700715,0.217151823,0.137873016,1
Geophysical_model524,/home/lyara/areswave/models/Geophysical_model524.nd,nd,UNK,,,916.555,60,877.951,198.443,916.555,60,1115.217,16.555,1495.986,99.331,1677.355,60,0.782848177,0.862126984,0.835700715,0.217151823,0.137873016,1
Geophysical_model135,/home/lyara/areswave/models/Geophysical_model135.nd,nd,UNK,,,1048.611,60,900,193.514,1048.611,60,1147.685,33.024,1494.444,66.049,1675.804,60,0.815721568,0.846654707,0.83634366,0.184278432,0.153345293,1
Geophysical_model222,/home/lyara/areswave/models/Geophysical_model222.nd,nd,UNK,,,1063.846,60,900,185.688,1063.846,60,1145.769,32.769,1489.845,65.539,1671.177,60,0.87701045,0.81691438,0.836946403,0.12298955,0.18308562,1
Geophysical_model480,/home/lyara/areswave/models/Geophysical_model480.nd,nd,UNK,,,999.558,60,878.726,191.466,999.558,60,1115.708,16.593,1497.346,99.558,1678.723,60,0.891343584,0.811507536,0.838119552,0.108656416,0.188492464,1
Geophysical_model543,/home/lyara/areswave/models/Geophysical_model543.nd,nd,UNK,,,1086.489,60,900,21.246,1086.489,60,1103.443,16.953,1459.467,118.675,1691.782,60,0.880359398,0.817874278,0.838702652,0.119640602,0.182125722,1
MD_model68,/home/lyara/areswave/models/MD_model68.nd,nd,UNK,,,1004.173,60,810.147,10.212,1004.173,60,1126.717,142.967,1402.439,112.331,1575.246,60,0.702318653,0.907165373,0.838883133,0.297681347,0.092834627,1
Geophysical_model192,/home/lyara/areswave/models/Geophysical_model192.nd,nd,UNK,,,1016.377,60,900,199.297,1016.377,60,1132.755,33.251,1498.512,99.752,1679.896,60,0.782801741,0.866964701,0.838910381,0.217198259,0.133035299,1
Geophysical_model620,/home/lyara/areswave/models/Geophysical_model620.nd,nd,UNK,,,933.4,60,900,184.228,933.4,60,1117.102,33.4,1484.505,83.501,1682.605,60,0.871011246,0.823283572,0.839192797,0.128988754,0.176716428,1
Geophysical_model393,/home/lyara/areswave/models/Geophysical_model393.nd,nd,UNK,,,1031.867,60,900,187.779,1031.867,60,1130.767,32.967,1476.918,82.416,1674.755,60,0.734871373,0.891535113,0.839313866,0.265128627,0.108464887,1
Geophysical_model344,/home/lyara/areswave/models/Geophysical_model344.nd,nd,UNK,,,1063.97,60,900,188.129,1063.97,60,1145.955,32.794,1490.293,65.588,1671.628,60,0.895015973,0.813299693,0.840538453,0.104984027,0.186700307,1
Geophysical_model332,/home/lyara/areswave/models/Geophysical_model332.nd,nd,UNK,,,1063.97,60,900,188.129,1063.97,60,1145.955,32.794,1490.293,65.588,1671.628,60,0.895015973,0.813299693,0.840538453,0.104984027,0.186700307,1
Geophysical_model487,/home/lyara/areswave/models/Geophysical_model487.nd,nd,UNK,,,1047.872,60,900,189.36,1047.872,60,1130.023,32.86,1491.488,82.151,1672.831,60,0.676358611,0.925169498,0.842232536,0.323641389,0.074830502,1
Geophysical_model500,/home/lyara/areswave/models/Geophysical_model500.nd,nd,UNK,,,950.39,60,900,189.022,950.39,60,1135.153,33.594,1487.881,67.186,1686.099,60,0.873329966,0.829171609,0.843891062,0.126670034,0.170828391,1
Geophysical_model778,/home/lyara/areswave/models/Geophysical_model778.nd,nd,UNK,,,933.288,60,876.97,184.237,933.288,60,1116.374,16.644,1499.19,99.865,1680.578,60,0.85379182,0.839036355,0.843954843,0.14620818,0.160963645,1
MD_model96,/home/lyara/areswave/models/MD_model96.nd,nd,UNK,,,901.131,60,890.515,180.459,901.131,60,1293.895,74.307,1315.126,31.846,1608.043,60,0.877156543,0.829814179,0.845594967,0.122843457,0.170185821,1
Geophysical_model756,/home/lyara/areswave/models/Geophysical_model756.nd,nd,UNK,,,949.989,60,900,199.915,949.989,60,1116.619,16.663,1483.204,83.315,1681.259,60,0.870066426,0.841126969,0.850773454,0.129933574,0.158873031,1
Geophysical_model13,/home/lyara/areswave/models/Geophysical_model13.nd,nd,UNK,,,1000.969,60,876.459,188.33,1000.969,60,1135.595,33.656,1488.989,100.97,1687.244,60,0.832293512,0.860247174,0.850929287,0.167706488,0.139752826,1
Geophysical_model161,/home/lyara/areswave/models/Geophysical_model161.nd,nd,UNK,,,1032.538,60,900,187.972,1032.538,60,1131.941,33.135,1496.421,82.836,1677.792,60,0.743494871,0.905629092,0.851584352,0.256505129,0.094370908,1
Geophysical_model14,/home/lyara/areswave/models/Geophysical_model14.nd,nd,UNK,,,1032.538,60,900,187.972,1032.538,60,1131.941,33.135,1496.421,82.836,1677.792,60,0.743494871,0.905629092,0.851584352,0.256505129,0.094370908,1
Geophysical_model99,/home/lyara/areswave/models/Geophysical_model99.nd,nd,UNK,,,1032.538,60,900,187.972,1032.538,60,1131.941,33.135,1496.421,82.836,1677.792,60,0.743494871,0.905629092,0.851584352,0.256505129,0.094370908,1
Geophysical_model470,/home/lyara/areswave/models/Geophysical_model470.nd,nd,UNK,,,1063.97,60,900,188.422,1063.97,60,1145.955,32.794,1490.293,65.588,1671.628,60,0.802669533,0.876434977,0.851846496,0.197330467,0.123565023,1
Geophysical_model488,/home/lyara/areswave/models/Geophysical_model488.nd,nd,UNK,,,1031.555,60,900,185.927,1031.555,60,1130.221,32.889,1491.996,82.221,1673.341,60,0.84941474,0.853088237,0.851863738,0.15058526,0.146911763,1
Geophysical_model992,/home/lyara/areswave/models/Geophysical_model992.nd,nd,UNK,,,950.127,60,900,199.969,950.127,60,1133.926,50.127,1484.815,66.836,1682.926,60,0.893182155,0.833150388,0.853160977,0.106817845,0.166849612,1
Geophysical_model358,/home/lyara/areswave/models/Geophysical_model358.nd,nd,UNK,,,1049.881,60,900,182.431,1049.881,60,1133.149,33.307,1482.872,83.268,1680.916,60,0.808411242,0.876851065,0.854037791,0.191588758,0.123148935,1
AK_model_74,/home/lyara/areswave/models/AK_model_74.nd,nd,UNK,,,1048.917,60,820.552,25.374,1048.917,60,1277.282,50.748,1328.03,50.748,1687.331,60,0.885901825,0.838437129,0.854258694,0.114098175,0.161562871,1
Geophysical_model94,/home/lyara/areswave/models/Geophysical_model94.nd,nd,UNK,,,983.071,60,878.665,192.014,983.071,60,1115.985,16.614,1464.884,99.686,1679.494,60,0.878282498,0.847552341,0.857795727,0.121717502,0.152447659,1
Geophysical_model82,/home/lyara/areswave/models/Geophysical_model82.nd,nd,UNK,,,1096.27,60,900,198.574,1096.27,60,1145.337,32.711,1488.81,65.423,1670.136,60,0.924869209,0.827553341,0.859991964,0.075130791,0.172446659,1
Geophysical_model452,/home/lyara/areswave/models/Geophysical_model452.nd,nd,UNK,,,1031.687,60,900,185.72,1031.687,60,1130.452,32.922,1492.591,82.304,1673.94,60,0.812901491,0.883750124,0.860133913,0.187098509,0.116249876,1
MD_model99,/home/lyara/areswave/models/MD_model99.nd,nd,UNK,,,994.256,60,719.122,190.477,994.256,60,1290.553,31.746,1332.882,84.657,1604.038,60,0.874846068,0.856918488,0.862894348,0.125153932,0.143081512,1
Geophysical_model309,/home/lyara/areswave/models/Geophysical_model309.nd,nd,UNK,,,1031.555,60,900,186.048,1031.555,60,1130.221,32.889,1491.996,82.221,1673.341,60,0.768174708,0.910645562,0.863155277,0.231825292,0.089354438,1
Geophysical_model54,/home/lyara/areswave/models/Geophysical_model54.nd,nd,UNK,,,1047.698,60,900,190.43,1047.698,60,1146.164,32.822,1490.792,65.643,1672.131,60,0.770742026,0.912046548,0.864945041,0.229257974,0.087953452,1
Geophysical_model471,/home/lyara/areswave/models/Geophysical_model471.nd,nd,UNK,,,1064.377,60,900,188.24,1064.377,60,1146.565,32.875,1491.756,65.751,1673.1,60,0.867123671,0.865688198,0.866166689,0.132876329,0.134311802,1
Geophysical_model433,/home/lyara/areswave/models/Geophysical_model433.nd,nd,UNK,,,1064.377,60,900,188.24,1064.377,60,1146.565,32.875,1491.756,65.751,1673.1,60,0.867123671,0.865688198,0.866166689,0.132876329,0.134311802,1
Geophysical_model582,/home/lyara/areswave/models/Geophysical_model582.nd,nd,UNK,,,916.922,60,900,183.743,916.922,60,1119.984,33.844,1475.344,84.609,1690.635,60,0.899181254,0.853117353,0.868471987,0.100818746,0.146882647,1
Geophysical_model233,/home/lyara/areswave/models/Geophysical_model233.nd,nd,UNK,,,1033.403,60,900,187.835,1033.403,60,1133.456,16.675,1483.64,66.702,1681.71,60,0.864084461,0.871591569,0.8690892,0.135915539,0.128408431,1
Geophysical_model371,/home/lyara/areswave/models/Geophysical_model371.nd,nd,UNK,,,1031.52,60,900,186.703,1031.52,60,1130.159,32.88,1491.838,82.199,1673.183,60,0.890058216,0.866677398,0.874471004,0.109941784,0.133322602,1
Geophysical_model417,/home/lyara/areswave/models/Geophysical_model417.nd,nd,UNK,,,1047.872,60,900,189.239,1047.872,60,1130.023,32.86,1491.488,82.151,1672.831,60,0.81167583,0.907441267,0.875519454,0.18832417,0.092558733,1
Geophysical_model458,/home/lyara/areswave/models/Geophysical_model458.nd,nd,UNK,,,1031.442,60,900,189.443,1031.442,60,1130.023,32.86,1491.488,82.151,1672.831,60,0.826486447,0.901016605,0.876173219,0.173513553,0.098983395,1
Geophysical_model48,/home/lyara/areswave/models/Geophysical_model48.nd,nd,UNK,,,1047.698,60,900,190.588,1047.698,60,1146.164,32.822,1490.792,65.643,1672.131,60,0.853482261,0.890734542,0.878317115,0.146517739,0.109265458,1
Geophysical_model326,/home/lyara/areswave/models/Geophysical_model326.nd,nd,UNK,,,1031.555,60,900,186.065,1031.555,60,1130.221,32.889,1491.996,82.221,1673.341,60,0.82331273,0.906877935,0.879022866,0.17668727,0.093122065,1
