model_id,source_path,source_format,composition,tpot_K,adiabat_K_km,d_main_km,w_main_km,d_800_km,w_800_km,d_1000_km,w_1000_km,d_1200_km,w_1200_km,d_1400_km,w_1400_km,d_1600_km,w_1600_km,mean_p_misfit,mean_s_misfit,total_misfit,mean_p_cc,mean_s_cc,used_events
CD_model69,/home/lyara/areswave/models/CD_model69.nd,nd,UNK,,,,60,,60,,60,,60,,60,,60,0.134624579,0.349884939,0.278131486,0.865375421,0.650115061,1
MD_model37,/home/lyara/areswave/models/MD_model37.nd,nd,UNK,,,981.132,60,895.92,191.726,981.132,60,1290.024,31.954,1332.63,63.908,1615.446,60,0.425276764,0.210178368,0.281877833,0.574723236,0.789821632,1
CD_model11,/home/lyara/areswave/models/CD_model11.nd,nd,UNK,,,,60,,60,,60,,60,,60,,60,0.221525631,0.351981147,0.308495975,0.778474369,0.648018853,1
CD_model79,/home/lyara/areswave/models/CD_model79.nd,nd,UNK,,,,60,,60,,60,,60,,60,,60,0.233530333,0.36280569,0.319713904,0.766469667,0.63719431,1
Geophysical_model685,/home/lyara/areswave/models/Geophysical_model685.nd,nd,UNK,,,933.11,60,877.665,178.677,933.11,60,1115.217,16.555,1495.986,99.331,1677.355,60,0.304539476,0.337999635,0.326846249,0.695460524,0.662000365,1
Geophysical_model605,/home/lyara/areswave/models/Geophysical_model605.nd,nd,UNK,,,916.648,60,900,180.158,916.648,60,1116.419,16.648,1499.315,99.885,1680.704,60,0.160368881,0.4345399,0.343149561,0.839631119,0.5654601,1
CD_model96,/home/lyara/areswave/models/CD_model96.nd,nd,UNK,,,,60,,60,,60,,60,,60,,60,0.216608577,0.408451961,0.344504166,0.783391423,0.591548039,1
Geophysical_model632,/home/lyara/areswave/models/Geophysical_model632.nd,nd,UNK,,,900,60,900,22.42,900,60,1101.621,16.802,1488.061,100.811,1686.284,60,0.117727293,0.466091776,0.349970281,0.882272707,0.533908224,1
CD_model84,/home/lyara/areswave/models/CD_model84.nd,nd,UNK,,,,60,,60,,60,,60,,60,,60,0.239124076,0.412845445,0.354938322,0.760875924,0.587154555,1
CD_model23,/home/lyara/areswave/models/CD_model23.nd,nd,UNK,,,,60,,60,,60,,60,,60,,60,0.11278796,0.48361055,0.36000302,0.88721204,0.51638945,1
CD_model85,/home/lyara/areswave/models/CD_model85.nd,nd,UNK,,,,60,,60,,60,,60,,60,,60,0.15513896,0.46609403,0.36244234,0.84486104,0.53390597,1
CD_model88,/home/lyara/areswave/models/CD_model88.nd,nd,UNK,,,,60,,60,,60,,60,,60,,60,0.369625976,0.358869858,0.362455231,0.630374024,0.641130142,1
CD_model18,/home/lyara/areswave/models/CD_model18.nd,nd,UNK,,,,60,,60,,60,,60,,60,,60,0.155616582,0.474022986,0.367887518,0.844383418,0.525977014,1
Geophysical_model681,/home/lyara/areswave/models/Geophysical_model681.nd,nd,UNK,,,916.723,60,877.828,199.549,916.723,60,1117.396,33.446,1485.297,83.614,1683.425,60,0.073940003,0.542474328,0.38629622,0.926059997,0.457525672,1
Geophysical_model996,/home/lyara/areswave/models/Geophysical_model996.nd,nd,UNK,,,916.723,60,877.828,199.549,916.723,60,1117.396,33.446,1485.297,83.614,1683.425,60,0.073940003,0.542474328,0.38629622,0.926059997,0.457525672,1
Geophysical_model566,/home/lyara/areswave/models/Geophysical_model566.nd,nd,UNK,,,916.723,60,877.828,199.549,916.723,60,1117.396,33.446,1485.297,83.614,1683.425,60,0.073940003,0.542474328,0.38629622,0.926059997,0.457525672,1
Geophysical_model847,/home/lyara/areswave/models/Geophysical_model847.nd,nd,UNK,,,916.687,60,876.852,185.181,916.687,60,1116.931,33.374,1484.044,83.435,1682.128,60,0.244507545,0.462472712,0.389817656,0.755492455,0.537527288,1
MD_model91,/home/lyara/areswave/models/MD_model91.nd,nd,UNK,,,1010.241,60,823.126,10.395,1010.241,60,1155.775,155.93,1301.31,166.324,1600.05,60,0.450155813,0.37420616,0.399522711,0.549844187,0.62579384,1
Geophysical_model641,/home/lyara/areswave/models/Geophysical_model641.nd,nd,UNK,,,916.669,60,877.464,180.285,916.669,60,1116.699,33.338,1483.42,83.346,1681.482,60,0.094201461,0.560624398,0.405150086,0.905798539,0.439375602,1
CD_model24,/home/lyara/areswave/models/CD_model24.nd,nd,UNK,,,,60,,60,,60,,60,,60,,60,0.162877782,0.531967094,0.408937324,0.837122218,0.468032906,1
CD_model5,/home/lyara/areswave/models/CD_model5.nd,nd,UNK,,,,60,,60,,60,,60,,60,,60,0.184605752,0.521778992,0.409387912,0.815394248,0.478221008,1
Geophysical_model896,/home/lyara/areswave/models/Geophysical_model896.nd,nd,UNK,,,900,60,900,198.325,900,60,1104.416,17.035,1479.179,102.208,1694.72,60,0.234184239,0.499297545,0.410926443,0.765815761,0.500702455,1
Geophysical_model650,/home/lyara/areswave/models/Geophysical_model650.nd,nd,UNK,,,916.714,60,876.024,191.807,916.714,60,1117.284,33.428,1484.996,83.571,1683.113,60,0.121210341,0.558663211,0.412845588,0.878789659,0.441336789,1
Geophysical_model552,/home/lyara/areswave/models/Geophysical_model552.nd,nd,UNK,,,916.714,60,876.024,191.807,916.714,60,1117.284,33.428,1484.996,83.571,1683.113,60,0.121210341,0.558663211,0.412845588,0.878789659,0.441336789,1
CD_model87,/home/lyara/areswave/models/CD_model87.nd,nd,UNK,,,,60,,60,,60,,60,,60,,60,0.159123213,0.542663874,0.414816987,0.840876787,0.457336126,1
Geophysical_model633,/home/lyara/areswave/models/Geophysical_model633.nd,nd,UNK,,,916.648,60,877.507,179.943,916.648,60,1116.419,16.648,1499.315,99.885,1680.704,60,0.134366053,0.567017212,0.422800159,0.865633947,0.432982788,1
Geophysical_model781,/home/lyara/areswave/models/Geophysical_model781.nd,nd,UNK,,,916.648,60,877.507,179.943,916.648,60,1116.419,16.648,1499.315,99.885,1680.704,60,0.134366053,0.567017212,0.422800159,0.865633947,0.432982788,1
Geophysical_model906,/home/lyara/areswave/models/Geophysical_model906.nd,nd,UNK,,,916.577,60,900,196.183,916.577,60,1115.503,16.577,1480.2,99.463,1678.151,60,0.14456463,0.565488932,0.425180831,0.85543537,0.434511068,1
CD_model19,/home/lyara/areswave/models/CD_model19.nd,nd,UNK,,,,60,,60,,60,,60,,60,,60,0.130778586,0.57851499,0.429269522,0.869221414,0.42148501,1
Geophysical_model635,/home/lyara/areswave/models/Geophysical_model635.nd,nd,UNK,,,916.706,60,900,188.093,916.706,60,1117.178,33.412,1484.711,83.53,1682.818,60,0.201926166,0.546924455,0.431925025,0.798073834,0.453075545,1
Geophysical_model717,/home/lyara/areswave/models/Geophysical_model717.nd,nd,UNK,,,916.648,60,877.434,180.527,916.648,60,1116.419,16.648,1499.315,99.885,1680.704,60,0.100764493,0.597534662,0.431944606,0.899235507,0.402465338,1
CD_model10,/home/lyara/areswave/models/CD_model10.nd,nd,UNK,,,,60,,60,,60,,60,,60,,60,0.139115863,0.578618509,0.432117627,0.860884137,0.421381491,1
Geophysical_model684,/home/lyara/areswave/models/Geophysical_model684.nd,nd,UNK,,,900,60,900,21.48,900,60,1116.854,33.362,1483.837,100.087,1681.914,60,0.268467832,0.513951446,0.432123574,0.731532168,0.486048554,1
MD_model71,/home/lyara/areswave/models/MD_model71.nd,nd,UNK,,,988.56,60,746.594,10.52,988.56,60,1114.804,178.845,1440.933,21.04,1605.599,60,0.351015268,0.475669231,0.43411791,0.648984732,0.524330769,1
Geophysical_model600,/home/lyara/areswave/models/Geophysical_model600.nd,nd,UNK,,,1098.51,60,900,23.878,1098.51,60,1115.052,16.543,1462.444,99.255,1676.896,60,0.243013645,0.539701342,0.440805443,0.756986355,0.460298658,1
CD_model33,/home/lyara/areswave/models/CD_model33.nd,nd,UNK,,,,60,,60,,60,,60,,60,,60,0.584899257,0.368851833,0.440867641,0.415100743,0.631148167,1
Geophysical_model909,/home/lyara/areswave/models/Geophysical_model909.nd,nd,UNK,,,916.648,60,900,180.344,916.648,60,1116.419,16.648,1499.315,99.885,1680.704,60,0.240062127,0.544553456,0.443056346,0.759937873,0.455446544,1
Geophysical_model647,/home/lyara/areswave/models/Geophysical_model647.nd,nd,UNK,,,916.648,60,877.465,180.284,916.648,60,1116.419,16.648,1499.315,99.885,1680.704,60,0.186655879,0.572638659,0.443977732,0.813344121,0.427361341,1
MD_model81,/home/lyara/areswave/models/MD_model81.nd,nd,UNK,,,935.619,60,731.217,182.886,935.619,60,1290.631,53.79,1301.389,60,1629.021,60,0.531852843,0.400983575,0.444606664,0.468147157,0.599016425,1
Geophysical_model761,/home/lyara/areswave/models/Geophysical_model761.nd,nd,UNK,,,900,60,900,179.39,900,60,1101.753,33.625,1488.445,100.876,1686.682,60,0.269925757,0.532119058,0.444721291,0.730074243,0.467880942,1
CD_model73,/home/lyara/areswave/models/CD_model73.nd,nd,UNK,,,,60,,60,,60,,60,,60,,60,0.149307283,0.59409736,0.445834001,0.850692717,0.40590264,1
CD_model16,/home/lyara/areswave/models/CD_model16.nd,nd,UNK,,,,60,,60,,60,,60,,60,,60,0.205050321,0.566868296,0.446262304,0.794949679,0.433131704,1
Geophysical_model709,/home/lyara/areswave/models/Geophysical_model709.nd,nd,UNK,,,900,60,900,21.486,900,60,1116.829,33.358,1483.771,100.075,1681.845,60,0.248511226,0.547840919,0.448064355,0.751488774,0.452159081,1
Geophysical_model808,/home/lyara/areswave/models/Geophysical_model808.nd,nd,UNK,,,916.724,60,900,188.917,916.724,60,1117.416,33.448,1468.626,83.621,1683.48,60,0.131707521,0.611602567,0.451637552,0.868292479,0.388397433,1
Geophysical_model586,/home/lyara/areswave/models/Geophysical_model586.nd,nd,UNK,,,1099.57,60,900,21.058,1099.57,60,1116.201,16.631,1465.45,99.785,1680.096,60,0.239737252,0.55801416,0.451921858,0.760262748,0.44198584,1
Geophysical_model819,/home/lyara/areswave/models/Geophysical_model819.nd,nd,UNK,,,1085.015,60,900,29.637,1085.015,60,1101.834,16.82,1455.044,117.737,1686.928,60,0.200748673,0.583439977,0.455876209,0.799251327,0.416560023,1
Geophysical_model891,/home/lyara/areswave/models/Geophysical_model891.nd,nd,UNK,,,933.072,60,900,199.226,933.072,60,1114.966,16.536,1495.291,82.679,1676.656,60,0.117786122,0.628419794,0.45820857,0.882213878,0.371580206,1
Geophysical_model601,/home/lyara/areswave/models/Geophysical_model601.nd,nd,UNK,,,916.693,60,877.681,178.549,916.693,60,1117.015,33.386,1484.271,83.467,1682.363,60,0.151826245,0.611433626,0.458231166,0.848173755,0.388566374,1
Geophysical_model699,/home/lyara/areswave/models/Geophysical_model699.nd,nd,UNK,,,900,60,900,179.615,900,60,1118.724,33.65,1488.873,100.949,1687.125,60,0.221953699,0.57700218,0.458652686,0.778046301,0.42299782,1
maak,/home/lyara/areswave/models/maak.npz,npz,UNK,,,1084.528,60,858.423,180.884,1084.528,60,1174.97,90.442,1401.074,67.832,1695.01,22.61,0.211163543,0.585384673,0.460644296,0.788836457,0.414615327,1
Geophysical_model679,/home/lyara/areswave/models/Geophysical_model679.nd,nd,UNK,,,933.365,60,900,185.196,933.365,60,1116.872,33.365,1483.886,83.413,1681.964,60,0.111599233,0.635477924,0.460851693,0.888400767,0.364522076,1
Geophysical_model872,/home/lyara/areswave/models/Geophysical_model872.nd,nd,UNK,,,916.706,60,876.388,188.893,916.706,60,1117.178,33.412,1484.711,83.53,1682.818,60,0.230875139,0.577141173,0.461719162,0.769124861,0.422858827,1
Geophysical_model620,/home/lyara/areswave/models/Geophysical_model620.nd,nd,UNK,,,933.4,60,900,184.228,933.4,60,1117.102,33.4,1484.505,83.501,1682.605,60,0.488608746,0.45224491,0.464366189,0.511391254,0.54775509,1
Geophysical_model918,/home/lyara/areswave/models/Geophysical_model918.nd,nd,UNK,,,933.4,60,900,184.586,933.4,60,1117.102,33.4,1484.505,66.801,1682.605,60,0.108562129,0.642735916,0.464677987,0.891437871,0.357264084,1
Geophysical_model822,/home/lyara/areswave/models/Geophysical_model822.nd,nd,UNK,,,933.261,60,876.904,184.765,933.261,60,1116.199,16.631,1482.075,99.784,1680.091,60,0.20240007,0.600124514,0.467549699,0.79759993,0.399875486,1
Geophysical_model612,/home/lyara/areswave/models/Geophysical_model612.nd,nd,UNK,,,916.714,60,900,193.355,916.714,60,1117.28,33.427,1484.983,83.569,1683.1,60,0.178457168,0.612268355,0.467664626,0.821542832,0.387731645,1
MD_model51,/home/lyara/areswave/models/MD_model51.nd,nd,UNK,,,983.045,60,717.402,191.263,983.045,60,1291.191,31.878,1354.945,74.38,1605.669,60,0.292713432,0.557213194,0.469046607,0.707286568,0.442786806,1
CD_model89,/home/lyara/areswave/models/CD_model89.nd,nd,UNK,,,,60,,60,,60,,60,,60,,60,0.683721549,0.365055177,0.471277301,0.316278451,0.634944823,1
Geophysical_model689,/home/lyara/areswave/models/Geophysical_model689.nd,nd,UNK,,,949.989,60,900,178.211,949.989,60,1116.619,16.663,1499.867,83.315,1681.259,60,0.328315238,0.544479717,0.47242489,0.671684762,0.455520283,1
CD_model74,/home/lyara/areswave/models/CD_model74.nd,nd,UNK,,,,60,,60,,60,,60,,60,,60,0.123638562,0.647830842,0.473100082,0.876361438,0.352169158,1
Geophysical_model798,/home/lyara/areswave/models/Geophysical_model798.nd,nd,UNK,,,916.723,60,877.548,179.614,916.723,60,1117.396,33.446,1485.297,83.614,1683.425,60,0.346911784,0.53754704,0.474001955,0.653088216,0.46245296,1
Geophysical_model796,/home/lyara/areswave/models/Geophysical_model796.nd,nd,UNK,,,916.669,60,877.364,181.085,916.669,60,1116.699,33.338,1483.42,83.346,1681.482,60,0.299658292,0.563038965,0.475245407,0.700341708,0.436961035,1
Geophysical_model903,/home/lyara/areswave/models/Geophysical_model903.nd,nd,UNK,,,916.669,60,877.364,181.085,916.669,60,1116.699,33.338,1483.42,83.346,1681.482,60,0.299658292,0.563038965,0.475245407,0.700341708,0.436961035,1
Geophysical_model593,/home/lyara/areswave/models/Geophysical_model593.nd,nd,UNK,,,916.669,60,877.364,181.085,916.669,60,1116.699,33.338,1483.42,83.346,1681.482,60,0.299658292,0.563038965,0.475245407,0.700341708,0.436961035,1
Geophysical_model678,/home/lyara/areswave/models/Geophysical_model678.nd,nd,UNK,,,916.693,60,877.488,180.095,916.693,60,1117.015,33.386,1484.271,83.467,1682.363,60,0.320213944,0.556589842,0.477797876,0.679786056,0.443410158,1
Geophysical_model987,/home/lyara/areswave/models/Geophysical_model987.nd,nd,UNK,,,916.714,60,900,189.303,916.714,60,1117.284,33.428,1484.996,83.571,1683.113,60,0.217703286,0.610736127,0.47972518,0.782296714,0.389263873,1
Geophysical_model795,/home/lyara/areswave/models/Geophysical_model795.nd,nd,UNK,,,900,60,900,21.486,900,60,1116.829,33.358,1483.771,100.075,1681.845,60,0.342489866,0.549119568,0.480243,0.657510134,0.450880432,1
Geophysical_model710,/home/lyara/areswave/models/Geophysical_model710.nd,nd,UNK,,,900,60,900,22.457,900,60,1101.621,16.802,1488.061,100.811,1686.284,60,0.357018705,0.543524156,0.481355673,0.642981295,0.456475844,1
Geophysical_model584,/home/lyara/areswave/models/Geophysical_model584.nd,nd,UNK,,,916.701,60,877.696,178.433,916.701,60,1117.112,33.402,1484.532,83.504,1682.633,60,0.234252618,0.604921149,0.481364972,0.765747382,0.395078851,1
MD_model31,/home/lyara/areswave/models/MD_model31.nd,nd,UNK,,,1004.85,60,809.075,10.304,1004.85,60,1252.146,154.56,1303.666,103.04,1580.355,60,0.622800586,0.411666885,0.482044786,0.377199414,0.588333115,1
Geophysical_model195,/home/lyara/areswave/models/Geophysical_model195.nd,nd,UNK,,,966.712,60,900,192.405,966.712,60,1116.813,33.356,1483.727,100.067,1681.8,60,0.500925613,0.47495039,0.483608798,0.499074387,0.52504961,1
Geophysical_model60,/home/lyara/areswave/models/Geophysical_model60.nd,nd,UNK,,,966.712,60,900,192.405,966.712,60,1116.813,33.356,1483.727,100.067,1681.8,60,0.500925613,0.47495039,0.483608798,0.499074387,0.52504961,1
Geophysical_model529,/home/lyara/areswave/models/Geophysical_model529.nd,nd,UNK,,,916.577,60,878.227,195.957,916.577,60,1115.503,16.577,1480.2,99.463,1678.151,60,0.228547248,0.614192926,0.485644367,0.771452752,0.385807074,1
Geophysical_model587,/home/lyara/areswave/models/Geophysical_model587.nd,nd,UNK,,,916.728,60,900,191.665,916.728,60,1117.459,33.456,1485.467,83.638,1683.6,60,0.415125636,0.521018398,0.48572081,0.584874364,0.478981602,1
Geophysical_model667,/home/lyara/areswave/models/Geophysical_model667.nd,nd,UNK,,,900,60,900,21.342,900,60,1100.223,33.371,1483.984,100.111,1682.066,60,0.196942545,0.630947325,0.486279065,0.803057455,0.369052675,1
Geophysical_model639,/home/lyara/areswave/models/Geophysical_model639.nd,nd,UNK,,,1099.754,60,900,21.455,1099.754,60,1116.4,16.646,1465.97,116.523,1680.651,60,0.419849469,0.521538825,0.487642373,0.580150531,0.478461175,1
Geophysical_model931,/home/lyara/areswave/models/Geophysical_model931.nd,nd,UNK,,,1099.979,60,900,21.803,1099.979,60,1116.644,16.665,1466.608,116.655,1681.33,60,0.412879785,0.525527565,0.487978305,0.587120215,0.474472435,1
MD_model86,/home/lyara/areswave/models/MD_model86.nd,nd,UNK,,,1096.037,60,822.973,196.606,1096.037,60,1128.805,10.923,1358.179,98.303,1635.11,60,0.782265057,0.342152289,0.488856545,0.217734943,0.657847711,1
Geophysical_model912,/home/lyara/areswave/models/Geophysical_model912.nd,nd,UNK,,,916.723,60,900,178.987,916.723,60,1117.396,33.446,1468.574,83.614,1683.425,60,0.17899256,0.647309883,0.491204109,0.82100744,0.352690117,1
Geophysical_model579,/home/lyara/areswave/models/Geophysical_model579.nd,nd,UNK,,,1099.489,60,900,21.019,1099.489,60,1116.113,16.624,1465.218,99.745,1679.849,60,0.34464199,0.566499811,0.492547204,0.65535801,0.433500189,1
Geophysical_model803,/home/lyara/areswave/models/Geophysical_model803.nd,nd,UNK,,,1099.489,60,900,21.019,1099.489,60,1116.113,16.624,1465.218,99.745,1679.849,60,0.34464199,0.566499811,0.492547204,0.65535801,0.433500189,1
Geophysical_model851,/home/lyara/areswave/models/Geophysical_model851.nd,nd,UNK,,,916.576,60,877.831,199.521,916.576,60,1115.491,16.576,1496.743,99.457,1678.117,60,0.441293469,0.518833911,0.492987097,0.558706531,0.481166089,1
Geophysical_model613,/home/lyara/areswave/models/Geophysical_model613.nd,nd,UNK,,,1099.905,60,900,21.057,1099.905,60,1116.564,16.658,1466.397,99.953,1681.106,60,0.202358367,0.638931881,0.493407376,0.797641633,0.361068119,1
Geophysical_model588,/home/lyara/areswave/models/Geophysical_model588.nd,nd,UNK,,,916.714,60,900,191.837,916.714,60,1117.284,33.428,1468.281,83.571,1683.113,60,0.423866938,0.528302449,0.493490612,0.576133062,0.471697551,1
Geophysical_model674,/home/lyara/areswave/models/Geophysical_model674.nd,nd,UNK,,,916.672,60,900,180.517,916.672,60,1116.738,33.345,1483.524,83.361,1681.59,60,0.543541998,0.46928651,0.49403834,0.456458002,0.53071349,1
Geophysical_model741,/home/lyara/areswave/models/Geophysical_model741.nd,nd,UNK,,,916.648,60,900,180.181,916.648,60,1116.419,16.648,1499.315,99.885,1680.704,60,0.267729,0.608070471,0.494623314,0.732271,0.391929529,1
Geophysical_model663,/home/lyara/areswave/models/Geophysical_model663.nd,nd,UNK,,,900,60,900,180.983,900,60,1119.116,33.71,1473.072,101.131,1688.215,60,0.360433034,0.563665164,0.495921121,0.639566966,0.436334836,1
CD_model86,/home/lyara/areswave/models/CD_model86.nd,nd,UNK,,,,60,,60,,60,,60,,60,,60,0.105410172,0.691291142,0.495997485,0.894589828,0.308708858,1
CD_model90,/home/lyara/areswave/models/CD_model90.nd,nd,UNK,,,,60,,60,,60,,60,,60,,60,0.105410172,0.691291142,0.495997485,0.894589828,0.308708858,1
Geophysical_model911,/home/lyara/areswave/models/Geophysical_model911.nd,nd,UNK,,,933.365,60,900,186.46,933.365,60,1116.871,33.365,1483.885,83.412,1681.963,60,0.12597685,0.6810553,0.49602915,0.87402315,0.3189447,1
Geophysical_model405,/home/lyara/areswave/models/Geophysical_model405.nd,nd,UNK,,,1047.083,60,900,186.645,1047.083,60,1145.138,32.685,1488.33,65.37,1669.654,60,0.347895336,0.570303704,0.496167581,0.652104664,0.429696296,1
MD_model7,/home/lyara/areswave/models/MD_model7.nd,nd,UNK,,,992.399,60,762.376,10.455,992.399,60,1107.411,188.2,1389.712,188.201,1605.996,60,0.303090151,0.593548341,0.496728944,0.696909849,0.406451659,1
Geophysical_model644,/home/lyara/areswave/models/Geophysical_model644.nd,nd,UNK,,,1099.903,60,900,21.505,1099.903,60,1116.562,16.658,1466.392,116.61,1681.1,60,0.299123003,0.596027355,0.497059238,0.700876997,0.403972645,1
Geophysical_model643,/home/lyara/areswave/models/Geophysical_model643.nd,nd,UNK,,,1099.903,60,900,21.505,1099.903,60,1116.562,16.658,1466.392,116.61,1681.1,60,0.299123003,0.596027355,0.497059238,0.700876997,0.403972645,1
Geophysical_model561,/home/lyara/areswave/models/Geophysical_model561.nd,nd,UNK,,,900,60,900,22.397,900,60,1101.621,16.802,1488.061,100.811,1686.284,60,0.335690672,0.578050669,0.497264003,0.664309328,0.421949331,1
Geophysical_model594,/home/lyara/areswave/models/Geophysical_model594.nd,nd,UNK,,,900,60,900,179.42,900,60,1118.565,33.625,1488.445,100.876,1686.682,60,0.268655942,0.611636449,0.497309613,0.731344058,0.388363551,1
Geophysical_model733,/home/lyara/areswave/models/Geophysical_model733.nd,nd,UNK,,,933.815,60,879.484,184.644,933.815,60,1119.798,33.815,1474.857,84.537,1690.116,60,0.403768721,0.544380726,0.497510058,0.596231279,0.455619274,1
MD_model80,/home/lyara/areswave/models/MD_model80.nd,nd,UNK,,,1000.561,60,786.005,10.217,1000.561,60,1164.033,194.122,1429.673,163.471,1571.993,60,0.678864601,0.407128937,0.497707492,0.321135399,0.592871063,1
Geophysical_model775,/home/lyara/areswave/models/Geophysical_model775.nd,nd,UNK,,,900,60,877.329,181.367,900,60,1119.204,33.724,1490.165,101.171,1688.461,60,0.504078093,0.495104658,0.498095803,0.495921907,0.504895342,1
Geophysical_model386,/home/lyara/areswave/models/Geophysical_model386.nd,nd,UNK,,,967.7,60,900,181.908,967.7,60,1120.025,33.85,1458.525,118.475,1690.748,60,0.677041293,0.409248769,0.498512943,0.322958707,0.590751231,1
Geophysical_model397,/home/lyara/areswave/models/Geophysical_model397.nd,nd,UNK,,,967.7,60,900,181.908,967.7,60,1120.025,33.85,1458.525,118.475,1690.748,60,0.677041293,0.409248769,0.498512943,0.322958707,0.590751231,1
Geophysical_model648,/home/lyara/areswave/models/Geophysical_model648.nd,nd,UNK,,,1099.754,60,900,21.49,1099.754,60,1116.4,16.646,1465.97,116.523,1680.651,60,0.347942461,0.575019069,0.499326866,0.652057539,0.424980931,1
Geophysical_model592,/home/lyara/areswave/models/Geophysical_model592.nd,nd,UNK,,,916.736,60,875.96,192.319,916.736,60,1117.572,33.472,1485.77,83.681,1683.914,60,0.371695304,0.563993347,0.499893999,0.628304696,0.436006653,1
AK_model_40,/home/lyara/areswave/models/AK_model_40.nd,nd,UNK,,,1044.143,60,837.506,25.83,1044.143,60,1276.61,77.489,1302.439,25.83,1667.377,60,0.532127866,0.484959324,0.500682171,0.467872134,0.515040676,1
Geophysical_model711,/home/lyara/areswave/models/Geophysical_model711.nd,nd,UNK,,,916.837,60,879.831,181.521,916.837,60,1118.884,33.674,1489.303,84.186,1687.57,60,0.64151631,0.433210541,0.502645798,0.35848369,0.566789459,1
Geophysical_model780,/home/lyara/areswave/models/Geophysical_model780.nd,nd,UNK,,,916.707,60,875.814,193.485,916.707,60,1117.197,33.415,1484.761,83.538,1682.87,60,0.166276663,0.672595242,0.503822382,0.833723337,0.327404758,1
Geophysical_model569,/home/lyara/areswave/models/Geophysical_model569.nd,nd,UNK,,,916.707,60,875.814,193.485,916.707,60,1117.197,33.415,1484.761,83.538,1682.87,60,0.166276663,0.672595242,0.503822382,0.833723337,0.327404758,1
Geophysical_model658,/home/lyara/areswave/models/Geophysical_model658.nd,nd,UNK,,,900,60,900,178.05,900,60,1118.724,33.65,1488.873,100.949,1687.125,60,0.087997196,0.711821683,0.503880188,0.912002804,0.288178317,1
Geophysical_model624,/home/lyara/areswave/models/Geophysical_model624.nd,nd,UNK,,,1099.489,60,900,21.414,1099.489,60,1116.113,16.624,1465.218,99.745,1679.849,60,0.343174785,0.584250159,0.503891701,0.656825215,0.415749841,1
Geophysical_model731,/home/lyara/areswave/models/Geophysical_model731.nd,nd,UNK,,,1099.489,60,900,21.414,1099.489,60,1116.113,16.624,1465.218,99.745,1679.849,60,0.343174785,0.584250159,0.503891701,0.656825215,0.415749841,1
Geophysical_model777,/home/lyara/areswave/models/Geophysical_model777.nd,nd,UNK,,,900,60,900,59.597,900,60,1101.608,33.601,1488.023,100.804,1686.245,60,0.412794453,0.549831428,0.504152436,0.587205547,0.450168572,1
Geophysical_model804,/home/lyara/areswave/models/Geophysical_model804.nd,nd,UNK,,,900,60,900,59.597,900,60,1101.608,33.601,1488.023,100.804,1686.245,60,0.412794453,0.549831428,0.504152436,0.587205547,0.450168572,1
Geophysical_model919,/home/lyara/areswave/models/Geophysical_model919.nd,nd,UNK,,,900,60,859.276,183.257,900,60,1106.522,17.21,1485.145,86.05,1502.356,68.84,0.566678709,0.4734379,0.50451817,0.433321291,0.5265621,1
Geophysical_model867,/home/lyara/areswave/models/Geophysical_model867.nd,nd,UNK,,,900,60,859.276,183.257,900,60,1106.522,17.21,1485.145,86.05,1502.356,68.84,0.566678709,0.4734379,0.50451817,0.433321291,0.5265621,1
Geophysical_model784,/home/lyara/areswave/models/Geophysical_model784.nd,nd,UNK,,,916.796,60,855.883,198.528,916.796,60,1118.345,33.592,1487.852,83.979,1686.068,60,0.152386545,0.681311049,0.505002881,0.847613455,0.318688951,1
MD_model4,/home/lyara/areswave/models/MD_model4.nd,nd,UNK,,,994.529,60,768.899,10.256,994.529,60,1117.601,164.094,1394.511,194.863,1507.326,60.715,0.593595825,0.462059361,0.505904849,0.406404175,0.537940639,1
Geophysical_model967,/home/lyara/areswave/models/Geophysical_model967.nd,nd,UNK,,,916.672,60,877.4,180.797,916.672,60,1116.741,33.345,1483.532,83.362,1681.599,60,0.286676036,0.615743242,0.506054174,0.713323964,0.384256758,1
AK_model_43,/home/lyara/areswave/models/AK_model_43.nd,nd,UNK,,,1028.345,60,817.934,26.302,1028.345,60,1291.359,105.206,1475.469,157.809,1685.454,60,0.667618024,0.428208197,0.508011473,0.332381976,0.571791803,1
Geophysical_model806,/home/lyara/areswave/models/Geophysical_model806.nd,nd,UNK,,,916.669,60,900,180.926,916.669,60,1116.699,33.338,1483.42,83.346,1681.482,60,0.512018303,0.506613539,0.508415127,0.487981697,0.493386461,1
Geophysical_model591,/home/lyara/areswave/models/Geophysical_model591.nd,nd,UNK,,,916.669,60,900,180.926,916.669,60,1116.699,33.338,1483.42,83.346,1681.482,60,0.512018303,0.506613539,0.508415127,0.487981697,0.493386461,1
Geophysical_model856,/home/lyara/areswave/models/Geophysical_model856.nd,nd,UNK,,,933.454,60,900,180.499,933.454,60,1134.179,33.454,1485.447,66.908,1683.58,60,0.480555888,0.522406459,0.508456268,0.519444112,0.477593541,1
CD_model7,/home/lyara/areswave/models/CD_model7.nd,nd,UNK,,,,60,,60,,60,,60,,60,,60,0.164132603,0.680849892,0.508610796,0.835867397,0.319150108,1
Geophysical_model576,/home/lyara/areswave/models/Geophysical_model576.nd,nd,UNK,,,916.723,60,877.532,179.741,916.723,60,1117.396,33.446,1468.574,83.614,1683.425,60,0.171124572,0.678098743,0.509107353,0.828875428,0.321901257,1
Geophysical_model954,/home/lyara/areswave/models/Geophysical_model954.nd,nd,UNK,,,900,60,900,187.087,900,60,1116.17,16.628,1448.739,116.4,1680.009,60,0.425662418,0.5512067,0.509358606,0.574337582,0.4487933,1
Geophysical_model255,/home/lyara/areswave/models/Geophysical_model255.nd,nd,UNK,,,1017.871,60,900,185.688,1017.871,60,1135.742,16.839,1489.354,84.193,1687.623,60,0.793265703,0.367921548,0.509702933,0.206734297,0.632078452,1
CD_model66,/home/lyara/areswave/models/CD_model66.nd,nd,UNK,,,,60,,60,,60,,60,,60,,60,0.622864763,0.456065892,0.511665515,0.377135237,0.543934108,1
CD_model26,/home/lyara/areswave/models/CD_model26.nd,nd,UNK,,,,60,,60,,60,,60,,60,,60,0.111316577,0.713667638,0.512883951,0.888683423,0.286332362,1
Geophysical_model913,/home/lyara/areswave/models/Geophysical_model913.nd,nd,UNK,,,916.847,60,879.78,181.977,916.847,60,1119.005,33.693,1489.628,84.233,1687.906,60,0.639455455,0.450165673,0.513262267,0.360544545,0.549834327,1
Geophysical_model513,/home/lyara/areswave/models/Geophysical_model513.nd,nd,UNK,,,916.847,60,879.78,181.977,916.847,60,1119.005,33.693,1489.628,84.233,1687.906,60,0.639455455,0.450165673,0.513262267,0.360544545,0.549834327,1
AK_model_77,/home/lyara/areswave/models/AK_model_77.nd,nd,UNK,,,1027.629,60,797.873,25.528,1027.629,60,1282.914,76.586,1308.442,25.528,1694.139,60,0.577420522,0.483733027,0.514962192,0.422579478,0.516266973,1
Geophysical_model294,/home/lyara/areswave/models/Geophysical_model294.nd,nd,UNK,,,1001.298,60,861.612,191.938,1001.298,60,1119.479,33.767,1474.023,101.298,1689.229,60,0.871490186,0.337794752,0.51569323,0.128509814,0.662205248,1
Geophysical_model541,/home/lyara/areswave/models/Geophysical_model541.nd,nd,UNK,,,916.672,60,900,180.17,916.672,60,1116.741,33.345,1483.532,83.362,1681.599,60,0.145138198,0.702493773,0.516708581,0.854861802,0.297506227,1
Geophysical_model846,/home/lyara/areswave/models/Geophysical_model846.nd,nd,UNK,,,916.714,60,900,188.969,916.714,60,1117.284,33.428,1468.281,83.571,1683.113,60,0.206300095,0.673943385,0.518062288,0.793699905,0.326056615,1
Geophysical_model964,/home/lyara/areswave/models/Geophysical_model964.nd,nd,UNK,,,933.422,60,900,183.587,933.422,60,1117.244,33.423,1484.889,83.556,1683.002,60,0.129268061,0.713111913,0.518497296,0.870731939,0.286888087,1
Geophysical_model628,/home/lyara/areswave/models/Geophysical_model628.nd,nd,UNK,,,933.422,60,900,183.587,933.422,60,1117.244,33.423,1484.889,83.556,1683.002,60,0.129268061,0.713111913,0.518497296,0.870731939,0.286888087,1
Geophysical_model691,/home/lyara/areswave/models/Geophysical_model691.nd,nd,UNK,,,900,60,900,179.015,900,60,1119.258,33.732,1490.311,101.196,1688.613,60,0.690747334,0.432811082,0.518789832,0.309252666,0.567188918,1
Geophysical_model782,/home/lyara/areswave/models/Geophysical_model782.nd,nd,UNK,,,900,60,900,179.015,900,60,1119.258,33.732,1490.311,101.196,1688.613,60,0.690747334,0.432811082,0.518789832,0.309252666,0.567188918,1
Geophysical_model656,/home/lyara/areswave/models/Geophysical_model656.nd,nd,UNK,,,900,60,900,179.015,900,60,1119.258,33.732,1490.311,101.196,1688.613,60,0.690747334,0.432811082,0.518789832,0.309252666,0.567188918,1
Geophysical_model898,/home/lyara/areswave/models/Geophysical_model898.nd,nd,UNK,,,916.672,60,877.434,180.529,916.672,60,1116.741,33.345,1483.532,83.362,1681.599,60,0.416041569,0.570399351,0.518946757,0.583958431,0.429600649,1
Geophysical_model217,/home/lyara/areswave/models/Geophysical_model217.nd,nd,UNK,,,1033.184,60,900,187.92,1033.184,60,1133.072,33.295,1499.327,83.24,1680.716,60,0.591801139,0.482929307,0.519219918,0.408198861,0.517070693,1
CD_model93,/home/lyara/areswave/models/CD_model93.nd,nd,UNK,,,,60,,60,,60,,60,,60,,60,0.480853372,0.541294246,0.521147288,0.519146628,0.458705754,1
Geophysical_model470,/home/lyara/areswave/models/Geophysical_model470.nd,nd,UNK,,,1063.97,60,900,188.422,1063.97,60,1145.955,32.794,1490.293,65.588,1671.628,60,0.416034632,0.575355599,0.52224861,0.583965368,0.424644401,1
Geophysical_model844,/home/lyara/areswave/models/Geophysical_model844.nd,nd,UNK,,,933.261,60,900,184.559,933.261,60,1116.199,16.631,1498.706,99.784,1680.091,60,0.200185278,0.684708394,0.523200689,0.799814722,0.315291606,1
Geophysical_model946,/home/lyara/areswave/models/Geophysical_model946.nd,nd,UNK,,,916.702,60,877.535,179.72,916.702,60,1117.126,33.404,1484.569,83.51,1682.671,60,0.243840845,0.663328427,0.523499233,0.756159155,0.336671573,1
Geophysical_model24,/home/lyara/areswave/models/Geophysical_model24.nd,nd,UNK,,,1098.645,60,900,181.856,1098.645,60,1115.199,16.554,1429.721,99.322,1677.304,60,0.48524676,0.54311998,0.523828907,0.51475324,0.45688002,1
Geophysical_model653,/home/lyara/areswave/models/Geophysical_model653.nd,nd,UNK,,,916.721,60,875.849,193.209,916.721,60,1117.378,33.443,1485.25,83.608,1683.376,60,0.370392379,0.601737841,0.524622687,0.629607621,0.398262159,1
Geophysical_model608,/home/lyara/areswave/models/Geophysical_model608.nd,nd,UNK,,,916.644,60,876.961,184.315,916.644,60,1116.374,16.644,1499.19,99.865,1680.578,60,0.096139959,0.738983582,0.524702374,0.903860041,0.261016418,1
Geophysical_model723,/home/lyara/areswave/models/Geophysical_model723.nd,nd,UNK,,,916.644,60,876.961,184.315,916.644,60,1116.374,16.644,1499.19,99.865,1680.578,60,0.096139959,0.738983582,0.524702374,0.903860041,0.261016418,1
CD_model4,/home/lyara/areswave/models/CD_model4.nd,nd,UNK,,,,60,,60,,60,,60,,60,,60,0.857286017,0.358498456,0.524760976,0.142713983,0.641501544,1
Geophysical_model540,/home/lyara/areswave/models/Geophysical_model540.nd,nd,UNK,,,916.576,60,879.318,186.135,916.576,60,1115.488,16.576,1496.736,99.456,1678.109,60,0.179854985,0.699269313,0.526131204,0.820145015,0.300730687,1
Geophysical_model849,/home/lyara/areswave/models/Geophysical_model849.nd,nd,UNK,,,916.902,60,900,181.079,916.902,60,1119.729,33.804,1474.676,84.511,1689.924,60,0.33798897,0.622093109,0.527391729,0.66201103,0.377906891,1
Geophysical_model687,/home/lyara/areswave/models/Geophysical_model687.nd,nd,UNK,,,916.902,60,900,181.079,916.902,60,1119.729,33.804,1474.676,84.511,1689.924,60,0.33798897,0.622093109,0.527391729,0.66201103,0.377906891,1
Geophysical_model555,/home/lyara/areswave/models/Geophysical_model555.nd,nd,UNK,,,916.902,60,900,181.079,916.902,60,1119.729,33.804,1474.676,84.511,1689.924,60,0.33798897,0.622093109,0.527391729,0.66201103,0.377906891,1
Geophysical_model526,/home/lyara/areswave/models/Geophysical_model526.nd,nd,UNK,,,916.589,60,878.506,193.444,916.589,60,1115.651,16.589,1497.188,99.531,1678.564,60,0.455753953,0.564499887,0.528251242,0.544246047,0.435500113,1
Geophysical_model778,/home/lyara/areswave/models/Geophysical_model778.nd,nd,UNK,,,933.288,60,876.97,184.237,933.288,60,1116.374,16.644,1499.19,99.865,1680.578,60,0.367084868,0.60979182,0.528889503,0.632915132,0.39020818,1
Geophysical_model314,/home/lyara/areswave/models/Geophysical_model314.nd,nd,UNK,,,999.894,60,878.151,196.638,999.894,60,1116.438,16.649,1499.366,99.894,1680.755,60,0.496253414,0.546603233,0.52981996,0.503746586,0.453396767,1
Geophysical_model448,/home/lyara/areswave/models/Geophysical_model448.nd,nd,UNK,,,999.894,60,878.151,196.638,999.894,60,1116.438,16.649,1499.366,99.894,1680.755,60,0.496253414,0.546603233,0.52981996,0.503746586,0.453396767,1
Geophysical_model256,/home/lyara/areswave/models/Geophysical_model256.nd,nd,UNK,,,999.894,60,878.151,196.638,999.894,60,1116.438,16.649,1499.366,99.894,1680.755,60,0.496253414,0.546603233,0.52981996,0.503746586,0.453396767,1
Geophysical_model615,/home/lyara/areswave/models/Geophysical_model615.nd,nd,UNK,,,900,60,900,21.485,900,60,1116.829,33.358,1467.092,100.075,1681.845,60,0.472062815,0.559229088,0.530173664,0.527937185,0.440770912,1
Geophysical_model362,/home/lyara/areswave/models/Geophysical_model362.nd,nd,UNK,,,1001.068,60,900,188.049,1001.068,60,1135.824,33.689,1489.56,101.067,1687.836,60,0.815193701,0.388619488,0.530810893,0.184806299,0.611380512,1
MD_model97,/home/lyara/areswave/models/MD_model97.nd,nd,UNK,,,969.857,60,861.889,183.546,969.857,60,1293.761,32.391,1347.745,64.78,1633.027,60,0.747442969,0.428134661,0.534570764,0.252557031,0.571865339,1
Geophysical_model703,/home/lyara/areswave/models/Geophysical_model703.nd,nd,UNK,,,1099.489,60,900,20.991,1099.489,60,1116.113,16.624,1465.218,99.745,1679.849,60,0.474239514,0.565582465,0.535134815,0.525760486,0.434417535,1
Geophysical_model550,/home/lyara/areswave/models/Geophysical_model550.nd,nd,UNK,,,1099.489,60,900,20.991,1099.489,60,1116.113,16.624,1465.218,99.745,1679.849,60,0.474239514,0.565582465,0.535134815,0.525760486,0.434417535,1
Geophysical_model953,/home/lyara/areswave/models/Geophysical_model953.nd,nd,UNK,,,916.648,60,877.533,179.737,916.648,60,1116.419,16.648,1499.315,99.885,1680.704,60,0.188727755,0.709344343,0.53580548,0.811272245,0.290655657,1
Geophysical_model185,/home/lyara/areswave/models/Geophysical_model185.nd,nd,UNK,,,1001.288,60,861.569,192.154,1001.288,60,1119.457,33.763,1490.847,101.288,1689.167,60,0.734299578,0.437819804,0.536646395,0.265700422,0.562180196,1
Geophysical_model557,/home/lyara/areswave/models/Geophysical_model557.nd,nd,UNK,,,916.669,60,877.429,180.568,916.669,60,1116.699,33.338,1483.42,83.346,1681.482,60,0.304112013,0.653570287,0.537084196,0.695887987,0.346429713,1
MD_model96,/home/lyara/areswave/models/MD_model96.nd,nd,UNK,,,901.131,60,890.515,180.459,901.131,60,1293.895,74.307,1315.126,31.846,1608.043,60,0.389956203,0.612665213,0.538428876,0.610043797,0.387334787,1
Geophysical_model634,/home/lyara/areswave/models/Geophysical_model634.nd,nd,UNK,,,900,60,900,22.418,900,60,1101.621,16.802,1488.061,100.811,1686.284,60,0.478784996,0.569029058,0.538947704,0.521215004,0.430970942,1
CD_model49,/home/lyara/areswave/models/CD_model49.nd,nd,UNK,,,,60,,60,,60,,60,,60,,60,0.063838097,0.777250163,0.539446141,0.936161903,0.222749837,1
CD_model48,/home/lyara/areswave/models/CD_model48.nd,nd,UNK,,,,60,,60,,60,,60,,60,,60,0.063838097,0.777250163,0.539446141,0.936161903,0.222749837,1
MD_model74,/home/lyara/areswave/models/MD_model74.nd,nd,UNK,,,1018.128,60,852.239,10.368,1018.128,60,1246.227,134.785,1391.38,114.05,1576.24,60,0.85456367,0.382235993,0.539678552,0.14543633,0.617764007,1
Geophysical_model623,/home/lyara/areswave/models/Geophysical_model623.nd,nd,UNK,,,900,60,900,179.492,900,60,1101.753,33.625,1488.445,100.876,1686.682,60,0.430239932,0.594714738,0.539889803,0.569760068,0.405285262,1
MD_model36,/home/lyara/areswave/models/MD_model36.nd,nd,UNK,,,943.636,60,709.932,180.589,943.636,60,1272.946,63.738,1304.815,10.623,1608.508,60,0.503829418,0.558506765,0.540280983,0.496170582,0.441493235,1
Geophysical_model564,/home/lyara/areswave/models/Geophysical_model564.nd,nd,UNK,,,1099.625,60,900,21.492,1099.625,60,1116.26,16.636,1465.604,99.812,1680.261,60,0.476376119,0.574485068,0.541782085,0.523623881,0.425514932,1
Geophysical_model511,/home/lyara/areswave/models/Geophysical_model511.nd,nd,UNK,,,900,60,900,179.82,900,60,1118.724,33.65,1488.873,100.949,1687.125,60,0.560347076,0.532866399,0.542026625,0.439652924,0.467133601,1
Geophysical_model597,/home/lyara/areswave/models/Geophysical_model597.nd,nd,UNK,,,1099.901,60,900,21.41,1099.901,60,1116.56,16.658,1466.387,116.609,1681.095,60,0.434629464,0.596359288,0.542449346,0.565370536,0.403640712,1
Geophysical_model862,/home/lyara/areswave/models/Geophysical_model862.nd,nd,UNK,,,916.702,60,877.518,179.857,916.702,60,1117.126,33.404,1484.569,83.51,1682.671,60,0.315019762,0.656509597,0.542679652,0.684980238,0.343490403,1
Geophysical_model206,/home/lyara/areswave/models/Geophysical_model206.nd,nd,UNK,,,916.863,60,900,181.388,916.863,60,1102.35,16.863,1439.601,101.176,1688.486,60,0.835751514,0.397918238,0.543862664,0.164248486,0.602081762,1
Geophysical_model610,/home/lyara/areswave/models/Geophysical_model610.nd,nd,UNK,,,916.648,60,900,179.429,916.648,60,1116.419,16.648,1482.668,99.885,1680.704,60,0.563028131,0.534772381,0.544190964,0.436971869,0.465227619,1
Geophysical_model534,/home/lyara/areswave/models/Geophysical_model534.nd,nd,UNK,,,900,60,877.409,180.727,900,60,1118.976,33.689,1489.55,101.066,1687.825,60,0.440748189,0.596915277,0.544859581,0.559251811,0.403084723,1
Geophysical_model549,/home/lyara/areswave/models/Geophysical_model549.nd,nd,UNK,,,1098.51,60,900,24.053,1098.51,60,1115.052,16.543,1445.902,115.797,1676.896,60,0.536933633,0.551868948,0.546890509,0.463066367,0.448131052,1
CD_model59,/home/lyara/areswave/models/CD_model59.nd,nd,UNK,,,,60,,60,,60,,60,,60,,60,0.179651614,0.732004018,0.54788655,0.820348386,0.267995982,1
Geophysical_model828,/home/lyara/areswave/models/Geophysical_model828.nd,nd,UNK,,,966.709,60,900,193.616,966.709,60,1133.481,33.355,1483.703,66.709,1681.776,60,0.458965743,0.592681702,0.548109715,0.541034257,0.407318298,1
Geophysical_model760,/home/lyara/areswave/models/Geophysical_model760.nd,nd,UNK,,,1050.167,60,900,21.376,1050.167,60,1100.223,33.371,1483.984,100.111,1682.066,60,0.290253941,0.677928291,0.548703507,0.709746059,0.322071709,1
Geophysical_model751,/home/lyara/areswave/models/Geophysical_model751.nd,nd,UNK,,,1050.167,60,900,21.376,1050.167,60,1100.223,33.371,1483.984,100.111,1682.066,60,0.290253941,0.677928291,0.548703507,0.709746059,0.322071709,1
Geophysical_model676,/home/lyara/areswave/models/Geophysical_model676.nd,nd,UNK,,,1050.167,60,900,21.376,1050.167,60,1100.223,33.371,1483.984,100.111,1682.066,60,0.290253941,0.677928291,0.548703507,0.709746059,0.322071709,1
Geophysical_model677,/home/lyara/areswave/models/Geophysical_model677.nd,nd,UNK,,,1050.167,60,900,21.376,1050.167,60,1100.223,33.371,1483.984,100.111,1682.066,60,0.290253941,0.677928291,0.548703507,0.709746059,0.322071709,1
Geophysical_model820,/home/lyara/areswave/models/Geophysical_model820.nd,nd,UNK,,,950.007,60,900,178.976,950.007,60,1133.367,33.338,1483.418,66.676,1681.481,60,0.57747245,0.534359928,0.548730769,0.42252755,0.465640072,1
MD_model89,/home/lyara/areswave/models/MD_model89.nd,nd,UNK,,,984.933,60,781.659,192.575,984.933,60,1273.795,32.096,1327.288,74.89,1611.235,60,0.675864511,0.485765619,0.549131917,0.324135489,0.514234381,1
Geophysical_model671,/home/lyara/areswave/models/Geophysical_model671.nd,nd,UNK,,,1099.625,60,900,21.47,1099.625,60,1116.26,16.636,1465.604,99.812,1680.261,60,0.420984535,0.614336835,0.549886068,0.579015465,0.385663165,1
Geophysical_model875,/home/lyara/areswave/models/Geophysical_model875.nd,nd,UNK,,,933.693,60,900,181.546,933.693,60,1119.005,33.693,1455.935,84.233,1687.906,60,0.733872041,0.458493899,0.550286613,0.266127959,0.541506101,1
Geophysical_model536,/home/lyara/areswave/models/Geophysical_model536.nd,nd,UNK,,,916.773,60,856.044,197.802,916.773,60,1118.053,33.547,1487.065,83.866,1685.254,60,0.111530212,0.770319292,0.550722932,0.888469788,0.229680708,1
Geophysical_model141,/home/lyara/areswave/models/Geophysical_model141.nd,nd,UNK,,,1098.572,60,877.483,180.132,1098.572,60,1115.12,16.548,1446.074,99.286,1677.084,60,0.670628109,0.491024733,0.550892525,0.329371891,0.508975267,1
Geophysical_model661,/home/lyara/areswave/models/Geophysical_model661.nd,nd,UNK,,,933.422,60,900,184.004,933.422,60,1117.244,33.423,1484.889,83.556,1683.002,60,0.081088972,0.786441433,0.551323946,0.918911028,0.213558567,1
CD_model70,/home/lyara/areswave/models/CD_model70.nd,nd,UNK,,,,60,,60,,60,,60,,60,,60,0.493695816,0.580385963,0.551489248,0.506304184,0.419614037,1
AK_model_59,/home/lyara/areswave/models/AK_model_59.nd,nd,UNK,,,1013.735,60,839.485,24.892,1013.735,60,1163.093,124.465,1387.13,49.786,1668.845,60,0.836535596,0.410413498,0.552454198,0.163464404,0.589586502,1
Geophysical_model260,/home/lyara/areswave/models/Geophysical_model260.nd,nd,UNK,,,982.805,60,860.802,195.988,982.805,60,1115.292,16.561,1496.194,99.365,1677.564,60,0.546966472,0.556465175,0.553298941,0.453033528,0.443534825,1
Geophysical_model971,/home/lyara/areswave/models/Geophysical_model971.nd,nd,UNK,,,1099.979,60,900,22.013,1099.979,60,1116.644,16.665,1466.608,116.655,1681.33,60,0.241059261,0.709503886,0.553355677,0.758940739,0.290496114,1
Geophysical_model275,/home/lyara/areswave/models/Geophysical_model275.nd,nd,UNK,,,984.083,60,876.527,187.788,984.083,60,1118.616,33.633,1488.58,100.899,1686.822,60,0.569958355,0.545815796,0.553863315,0.430041645,0.454184204,1
AK_model_39,/home/lyara/areswave/models/AK_model_39.nd,nd,UNK,,,1029.679,60,815.46,26.777,1029.679,60,1297.451,107.109,1431.337,160.664,1695.529,60,0.860381472,0.400941231,0.554087978,0.139618528,0.599058769,1
Geophysical_model558,/home/lyara/areswave/models/Geophysical_model558.nd,nd,UNK,,,1097.761,60,900,24.104,1097.761,60,1114.242,16.48,1460.324,98.881,1674.637,60,0.431375629,0.616152767,0.554560387,0.568624371,0.383847233,1
Geophysical_model272,/home/lyara/areswave/models/Geophysical_model272.nd,nd,UNK,,,949.973,60,900,197.754,949.973,60,1116.548,16.657,1449.698,99.945,1681.061,60,0.518917629,0.572730571,0.554792924,0.481082371,0.427269429,1
Geophysical_model779,/home/lyara/areswave/models/Geophysical_model779.nd,nd,UNK,,,933.604,60,877.962,198.343,933.604,60,1118.427,33.604,1488.074,84.011,1686.298,60,0.334293784,0.666933309,0.556053467,0.665706216,0.333066691,1
Geophysical_model981,/home/lyara/areswave/models/Geophysical_model981.nd,nd,UNK,,,933.4,60,900,184.236,933.4,60,1117.102,33.4,1484.505,83.501,1682.605,60,0.191751863,0.738420326,0.556197505,0.808248137,0.261579674,1
Geophysical_model469,/home/lyara/areswave/models/Geophysical_model469.nd,nd,UNK,,,966.552,60,900,195.293,966.552,60,1116.294,16.638,1465.692,99.828,1680.354,60,0.576694545,0.546321675,0.556445965,0.423305455,0.453678325,1
Geophysical_model115,/home/lyara/areswave/models/Geophysical_model115.nd,nd,UNK,,,966.552,60,900,195.293,966.552,60,1116.294,16.638,1465.692,99.828,1680.354,60,0.576694545,0.546321675,0.556445965,0.423305455,0.453678325,1
Geophysical_model695,/home/lyara/areswave/models/Geophysical_model695.nd,nd,UNK,,,900,60,857.316,192.076,900,60,1116.56,16.658,1466.387,116.609,1681.095,60,0.273578931,0.698021067,0.556540355,0.726421069,0.301978933,1
Geophysical_model182,/home/lyara/areswave/models/Geophysical_model182.nd,nd,UNK,,,1099.994,60,900,180.69,1099.994,60,1116.66,16.666,1449.983,99.997,1681.374,60,0.88106382,0.39637806,0.55793998,0.11893618,0.60362194,1
CD_model25,/home/lyara/areswave/models/CD_model25.nd,nd,UNK,,,,60,,60,,60,,60,,60,,60,0.876709798,0.399971355,0.558884169,0.123290202,0.600028645,1
Geophysical_model929,/home/lyara/areswave/models/Geophysical_model929.nd,nd,UNK,,,933.343,60,900,179.355,933.343,60,1116.73,33.343,1483.505,83.358,1681.57,60,0.163074472,0.757622961,0.559440131,0.836925528,0.242377039,1
Geophysical_model551,/home/lyara/areswave/models/Geophysical_model551.nd,nd,UNK,,,916.754,60,875.916,192.673,916.754,60,1117.798,33.507,1486.378,83.768,1684.543,60,0.176549706,0.752655826,0.560620453,0.823450294,0.247344174,1
Geophysical_model914,/home/lyara/areswave/models/Geophysical_model914.nd,nd,UNK,,,916.754,60,875.916,192.673,916.754,60,1117.798,33.507,1486.378,83.768,1684.543,60,0.176549706,0.752655826,0.560620453,0.823450294,0.247344174,1
Geophysical_model515,/home/lyara/areswave/models/Geophysical_model515.nd,nd,UNK,,,1099.766,60,900,22.442,1099.766,60,1116.413,16.647,1466.003,99.883,1680.686,60,0.363910318,0.661729749,0.562456606,0.636089682,0.338270251,1
CD_model92,/home/lyara/areswave/models/CD_model92.nd,nd,UNK,,,,60,,60,,60,,60,,60,,60,0.300026957,0.694076278,0.562726504,0.699973043,0.305923722,1
Geophysical_model712,/home/lyara/areswave/models/Geophysical_model712.nd,nd,UNK,,,916.714,60,900,193.2,916.714,60,1117.28,33.427,1484.983,83.569,1683.1,60,0.088974997,0.800036343,0.563015895,0.911025003,0.199963657,1
CD_model38,/home/lyara/areswave/models/CD_model38.nd,nd,UNK,,,,60,,60,,60,,60,,60,,60,0.247497517,0.721780592,0.563686233,0.752502483,0.278219408,1
Geophysical_model602,/home/lyara/areswave/models/Geophysical_model602.nd,nd,UNK,,,1099.903,60,900,21.411,1099.903,60,1116.562,16.658,1466.392,116.61,1681.1,60,0.316331241,0.687467074,0.563755129,0.683668759,0.312532926,1
Geophysical_model715,/home/lyara/areswave/models/Geophysical_model715.nd,nd,UNK,,,900,60,900,180.04,900,60,1118.266,33.579,1470.849,100.738,1685.847,60,0.34398377,0.673898391,0.56392685,0.65601623,0.326101609,1
MD_model18,/home/lyara/areswave/models/MD_model18.nd,nd,UNK,,,1091.8,60,713.204,194.706,1091.8,60,1102.617,10.817,1416.311,108.17,1626.516,60,0.792282091,0.452011542,0.565435058,0.207717909,0.547988458,1
Geophysical_model725,/home/lyara/areswave/models/Geophysical_model725.nd,nd,UNK,,,916.724,60,876.418,188.653,916.724,60,1117.416,33.448,1485.35,83.621,1683.48,60,0.450836879,0.622882369,0.565533872,0.549163121,0.377117631,1
Geophysical_model604,/home/lyara/areswave/models/Geophysical_model604.nd,nd,UNK,,,900,60,900,180.015,900,60,1118.266,33.579,1487.638,100.738,1685.847,60,0.428209838,0.634859601,0.565976346,0.571790162,0.365140399,1
Geophysical_model692,/home/lyara/areswave/models/Geophysical_model692.nd,nd,UNK,,,1099.489,60,900,20.906,1099.489,60,1116.113,16.624,1465.218,99.745,1679.849,60,0.178362908,0.760102808,0.566189508,0.821637092,0.239897192,1
Geophysical_model158,/home/lyara/areswave/models/Geophysical_model158.nd,nd,UNK,,,1017.887,60,900,186.665,1017.887,60,1135.775,16.841,1489.437,84.206,1687.708,60,0.791541499,0.454726994,0.566998496,0.208458501,0.545273006,1
Geophysical_model507,/home/lyara/areswave/models/Geophysical_model507.nd,nd,UNK,,,950.781,60,900,183.99,950.781,60,1136.977,33.854,1492.442,67.707,1690.818,60,0.874792819,0.413400202,0.567197741,0.125207181,0.586599798,1
Geophysical_model290,/home/lyara/areswave/models/Geophysical_model290.nd,nd,UNK,,,1001.133,60,861.561,192.197,1001.133,60,1119.121,33.711,1473.087,101.133,1688.231,60,0.851477399,0.425111253,0.567233302,0.148522601,0.574888747,1
AK_model_69,/home/lyara/areswave/models/AK_model_69.nd,nd,UNK,,,1016.862,60,866.402,25.076,1016.862,60,1167.322,125.383,1393.012,50.153,1675.331,60,0.610563502,0.545621033,0.567268523,0.389436498,0.454378967,1
Geophysical_model690,/home/lyara/areswave/models/Geophysical_model690.nd,nd,UNK,,,900,60,900,179.968,900,60,1118.266,33.579,1470.849,100.738,1685.847,60,0.45639806,0.624247119,0.568297433,0.54360194,0.375752881,1
Geophysical_model318,/home/lyara/areswave/models/Geophysical_model318.nd,nd,UNK,,,983.209,60,878.051,197.538,983.209,60,1116.342,16.642,1465.818,116.492,1680.489,60,0.511548213,0.598197342,0.569314299,0.488451787,0.401802658,1
Geophysical_model614,/home/lyara/areswave/models/Geophysical_model614.nd,nd,UNK,,,933.975,60,879.27,186.573,933.975,60,1120.837,33.975,1494.562,84.937,1693.011,60,0.818802141,0.445792289,0.570128906,0.181197859,0.554207711,1
Geophysical_model629,/home/lyara/areswave/models/Geophysical_model629.nd,nd,UNK,,,900,60,900,21.487,900,60,1116.854,33.362,1483.837,100.087,1681.914,60,0.157351262,0.777679083,0.570903143,0.842648738,0.222320917,1
AK_model_95,/home/lyara/areswave/models/AK_model_95.nd,nd,UNK,,,1073.564,60,774.981,27.144,1073.564,60,1290.715,27.144,1345.002,54.288,1717.883,60,0.627310463,0.543475932,0.571420776,0.372689537,0.456524068,1
Geophysical_model728,/home/lyara/areswave/models/Geophysical_model728.nd,nd,UNK,,,933.805,60,879.401,185.387,933.805,60,1119.733,33.805,1491.589,84.513,1689.935,60,0.627081761,0.543614368,0.571436832,0.372918239,0.456385632,1
Geophysical_model235,/home/lyara/areswave/models/Geophysical_model235.nd,nd,UNK,,,916.874,60,900,181.138,916.874,60,1102.492,16.874,1439.978,101.246,1688.913,60,0.853555993,0.432576445,0.572902961,0.146444007,0.567423555,1
Geophysical_model42,/home/lyara/areswave/models/Geophysical_model42.nd,nd,UNK,,,949.68,60,900,189.971,949.68,60,1115.279,16.56,1446.478,115.92,1677.528,60,0.864467959,0.42860878,0.573895173,0.135532041,0.57139122,1
Geophysical_model299,/home/lyara/areswave/models/Geophysical_model299.nd,nd,UNK,,,1098.572,60,900,179.417,1098.572,60,1115.12,16.548,1446.074,99.286,1677.084,60,0.547736522,0.587132613,0.574000583,0.452263478,0.412867387,1
Geophysical_model494,/home/lyara/areswave/models/Geophysical_model494.nd,nd,UNK,,,999.801,60,857.502,191.241,999.801,60,1116.236,16.633,1465.54,99.801,1680.192,60,0.613386024,0.554620924,0.574209291,0.386613976,0.445379076,1
Geophysical_model698,/home/lyara/areswave/models/Geophysical_model698.nd,nd,UNK,,,1067.222,60,900,22.057,1067.222,60,1100.667,16.722,1451.834,100.333,1683.405,60,0.545741518,0.59006316,0.575289279,0.454258482,0.40993684,1
Geophysical_model993,/home/lyara/areswave/models/Geophysical_model993.nd,nd,UNK,,,950.093,60,900,199.768,950.093,60,1133.767,50.093,1484.418,66.791,1682.515,60,0.313298354,0.706775846,0.575616682,0.686701646,0.293224154,1
Geophysical_model925,/home/lyara/areswave/models/Geophysical_model925.nd,nd,UNK,,,950.093,60,900,199.768,950.093,60,1133.767,50.093,1484.418,66.791,1682.515,60,0.313298354,0.706775846,0.575616682,0.686701646,0.293224154,1
Geophysical_model337,/home/lyara/areswave/models/Geophysical_model337.nd,nd,UNK,,,967.872,60,900,180.907,967.872,60,1120.585,33.937,1459.948,101.809,1692.31,60,0.815773001,0.456182483,0.576045989,0.184226999,0.543817517,1
Geophysical_model670,/home/lyara/areswave/models/Geophysical_model670.nd,nd,UNK,,,933.507,60,900,193.371,933.507,60,1117.798,33.507,1486.378,83.768,1684.543,60,0.281255847,0.723701484,0.576219605,0.718744153,0.276298516,1
Geophysical_model520,/home/lyara/areswave/models/Geophysical_model520.nd,nd,UNK,,,933.507,60,900,193.371,933.507,60,1117.798,33.507,1486.378,83.768,1684.543,60,0.281255847,0.723701484,0.576219605,0.718744153,0.276298516,1
Geophysical_model889,/home/lyara/areswave/models/Geophysical_model889.nd,nd,UNK,,,933.507,60,900,193.371,933.507,60,1117.798,33.507,1486.378,83.768,1684.543,60,0.281255847,0.723701484,0.576219605,0.718744153,0.276298516,1
Geophysical_model884,/home/lyara/areswave/models/Geophysical_model884.nd,nd,UNK,,,933.365,60,900,186.283,933.365,60,1116.871,33.365,1483.885,83.412,1681.963,60,0.603180423,0.563635696,0.576817272,0.396819577,0.436364304,1
Geophysical_model167,/home/lyara/areswave/models/Geophysical_model167.nd,nd,UNK,,,984.407,60,861.42,192.901,984.407,60,1119.457,33.763,1490.847,101.288,1689.167,60,0.892205573,0.419915973,0.57734584,0.107794427,0.580084027,1
Geophysical_model745,/home/lyara/areswave/models/Geophysical_model745.nd,nd,UNK,,,916.716,60,875.992,192.064,916.716,60,1117.309,33.432,1451.63,83.58,1683.182,60,0.565165916,0.583873156,0.577637409,0.434834084,0.416126844,1
MD_model66,/home/lyara/areswave/models/MD_model66.nd,nd,UNK,,,988.043,60,741.78,10.261,988.043,60,1131.696,30.783,1429.263,41.043,1581.866,60,0.698100963,0.519464608,0.57901006,0.301899037,0.480535392,1
Geophysical_model52,/home/lyara/areswave/models/Geophysical_model52.nd,nd,UNK,,,983.376,60,879.036,188.678,983.376,60,1116.777,33.35,1483.63,100.051,1681.7,60,0.500304979,0.620378084,0.580353715,0.499695021,0.379621916,1
MD_model90,/home/lyara/areswave/models/MD_model90.nd,nd,UNK,,,1068.089,60,754.092,184.067,1068.089,60,1252.156,184.067,1382.085,108.275,1624.97,60,0.839987532,0.451676175,0.581113294,0.160012468,0.548323825,1
CD_model12,/home/lyara/areswave/models/CD_model12.nd,nd,UNK,,,,60,,60,,60,,60,,60,,60,0.198615643,0.772752561,0.581373588,0.801384357,0.227247439,1
CD_model13,/home/lyara/areswave/models/CD_model13.nd,nd,UNK,,,,60,,60,,60,,60,,60,,60,0.198615643,0.772752561,0.581373588,0.801384357,0.227247439,1
CD_model91,/home/lyara/areswave/models/CD_model91.nd,nd,UNK,,,,60,,60,,60,,60,,60,,60,0.105175471,0.820313131,0.581933911,0.894824529,0.179686869,1
Geophysical_model649,/home/lyara/areswave/models/Geophysical_model649.nd,nd,UNK,,,950.013,60,900,182.68,950.013,60,1133.396,33.342,1483.489,66.684,1681.554,60,0.778173723,0.484122095,0.582139304,0.221826277,0.515877905,1
Geophysical_model763,/home/lyara/areswave/models/Geophysical_model763.nd,nd,UNK,,,950.013,60,900,182.68,950.013,60,1133.396,33.342,1483.489,66.684,1681.554,60,0.778173723,0.484122095,0.582139304,0.221826277,0.515877905,1
AK_model_89,/home/lyara/areswave/models/AK_model_89.nd,nd,UNK,,,1067.757,60,799.181,26.857,1067.757,60,1282.617,26.857,1336.333,53.715,1707.44,60,0.715393482,0.517056885,0.583169084,0.284606518,0.482943115,1
Geophysical_model504,/home/lyara/areswave/models/Geophysical_model504.nd,nd,UNK,,,1050.167,60,900,21.376,1050.167,60,1100.223,33.371,1483.984,100.111,1682.066,60,0.399065177,0.676204803,0.583824927,0.600934823,0.323795197,1
AK_model_78,/home/lyara/areswave/models/AK_model_78.nd,nd,UNK,,,1047.5,60,794.889,25.261,1047.5,60,1249.589,75.783,1300.111,50.523,1683.921,60,0.662708684,0.544663964,0.584012204,0.337291316,0.455336036,1
Geophysical_model427,/home/lyara/areswave/models/Geophysical_model427.nd,nd,UNK,,,949.973,60,900,194.575,949.973,60,1116.548,16.657,1449.698,99.945,1681.061,60,0.619617048,0.56637067,0.584119462,0.380382952,0.43362933,1
Geophysical_model285,/home/lyara/areswave/models/Geophysical_model285.nd,nd,UNK,,,949.973,60,900,194.575,949.973,60,1116.548,16.657,1449.698,99.945,1681.061,60,0.619617048,0.56637067,0.584119462,0.380382952,0.43362933,1
Geophysical_model62,/home/lyara/areswave/models/Geophysical_model62.nd,nd,UNK,,,1099.133,60,900,181.776,1099.133,60,1115.728,16.594,1431.022,99.567,1678.777,60,0.633973435,0.559848103,0.584556547,0.366026565,0.440151897,1
CD_model1,/home/lyara/areswave/models/CD_model1.nd,nd,UNK,,,,60,,60,,60,,60,,60,,60,0.072246305,0.842904951,0.586018736,0.927753695,0.157095049,1
CD_model64,/home/lyara/areswave/models/CD_model64.nd,nd,UNK,,,,60,,60,,60,,60,,60,,60,0.072246305,0.842904951,0.586018736,0.927753695,0.157095049,1
Geophysical_model937,/home/lyara/areswave/models/Geophysical_model937.nd,nd,UNK,,,916.589,60,878.454,193.918,916.589,60,1115.651,16.589,1497.188,99.531,1678.564,60,0.557418436,0.601458662,0.586778587,0.442581564,0.398541338,1
Geophysical_model142,/home/lyara/areswave/models/Geophysical_model142.nd,nd,UNK,,,966.81,60,900,180.188,966.81,60,1117.132,33.405,1484.587,100.215,1682.69,60,0.743693707,0.508329767,0.586784414,0.256306293,0.491670233,1
Geophysical_model772,/home/lyara/areswave/models/Geophysical_model772.nd,nd,UNK,,,933.784,60,900,183.013,933.784,60,1119.594,33.784,1491.215,84.459,1689.548,60,0.882266133,0.439740628,0.58724913,0.117733867,0.560259372,1
Geophysical_model771,/home/lyara/areswave/models/Geophysical_model771.nd,nd,UNK,,,933.784,60,900,183.013,933.784,60,1119.594,33.784,1491.215,84.459,1689.548,60,0.882266133,0.439740628,0.58724913,0.117733867,0.560259372,1
MD_model88,/home/lyara/areswave/models/MD_model88.nd,nd,UNK,,,971.749,60,755.911,194.255,971.749,60,1273.923,21.584,1338.675,53.96,1624.15,60,0.654247715,0.555818874,0.588628488,0.345752285,0.444181126,1
MD_model40,/home/lyara/areswave/models/MD_model40.nd,nd,UNK,,,1052.24,60,752.637,181.902,1052.24,60,1266.242,32.1,1351.843,53.501,1614.318,60,0.583686872,0.591516329,0.58890651,0.416313128,0.408483671,1
Geophysical_model282,/home/lyara/areswave/models/Geophysical_model282.nd,nd,UNK,,,999.884,60,900,194.892,999.884,60,1116.415,16.647,1482.655,99.884,1680.691,60,0.646301656,0.560941839,0.589395111,0.353698344,0.439058161,1
Geophysical_model603,/home/lyara/areswave/models/Geophysical_model603.nd,nd,UNK,,,1099.625,60,900,21.542,1099.625,60,1116.26,16.636,1465.604,99.812,1680.261,60,0.385747755,0.691383739,0.589505078,0.614252245,0.308616261,1
Geophysical_model518,/home/lyara/areswave/models/Geophysical_model518.nd,nd,UNK,,,950.781,60,900,184.076,950.781,60,1136.977,33.854,1492.442,67.707,1690.818,60,0.915811706,0.429202392,0.591405497,0.084188294,0.570797608,1
MD_model29,/home/lyara/areswave/models/MD_model29.nd,nd,UNK,,,986.476,60,738.622,183.197,986.476,60,1298.987,32.329,1352.868,53.881,1637.567,60,0.680280505,0.547112067,0.591501546,0.319719495,0.452887933,1
MD_model99,/home/lyara/areswave/models/MD_model99.nd,nd,UNK,,,994.256,60,719.122,190.477,994.256,60,1290.553,31.746,1332.882,84.657,1604.038,60,0.780800035,0.496882729,0.591521831,0.219199965,0.503117271,1
AK_model_62,/home/lyara/areswave/models/AK_model_62.nd,nd,UNK,,,1016.476,60,815.77,25.088,1016.476,60,1116.83,100.353,1367.713,75.265,1675.2,60,0.865437114,0.454572854,0.591527608,0.134562886,0.545427146,1
Geophysical_model983,/home/lyara/areswave/models/Geophysical_model983.nd,nd,UNK,,,933.343,60,900,178.964,933.343,60,1116.73,33.343,1483.505,83.358,1681.57,60,0.244096767,0.765430957,0.591652894,0.755903233,0.234569043,1
Geophysical_model49,/home/lyara/areswave/models/Geophysical_model49.nd,nd,UNK,,,1096.615,60,900,187.058,1096.615,60,1145.769,32.769,1489.845,65.539,1671.177,60,0.477026164,0.651151836,0.593109945,0.522973836,0.348848164,1
Geophysical_model718,/home/lyara/areswave/models/Geophysical_model718.nd,nd,UNK,,,933.856,60,900,185.099,933.856,60,1120.061,33.856,1492.472,84.639,1690.849,60,0.87877143,0.45055132,0.593291356,0.12122857,0.54944868,1
CD_model60,/home/lyara/areswave/models/CD_model60.nd,nd,UNK,,,,60,,60,,60,,60,,60,,60,0.155917511,0.812502706,0.593640975,0.844082489,0.187497294,1
Geophysical_model230,/home/lyara/areswave/models/Geophysical_model230.nd,nd,UNK,,,949.483,60,900,193.526,949.483,60,1114.426,16.494,1460.805,98.966,1675.15,60,0.717702467,0.531774086,0.593750213,0.282297533,0.468225914,1
Geophysical_model522,/home/lyara/areswave/models/Geophysical_model522.nd,nd,UNK,,,916.711,60,877.48,180.159,916.711,60,1117.248,33.423,1484.898,83.557,1683.012,60,0.757187928,0.512896263,0.594326818,0.242812072,0.487103737,1
AK_model_52,/home/lyara/areswave/models/AK_model_52.nd,nd,UNK,,,1026.612,60,827.005,24.951,1026.612,60,1276.121,74.852,1301.072,24.951,1681.933,60,0.858250998,0.463985967,0.595407644,0.141749002,0.536014033,1
CD_model76,/home/lyara/areswave/models/CD_model76.nd,nd,UNK,,,,60,,60,,60,,60,,60,,60,0.150656194,0.818250179,0.595718851,0.849343806,0.181749821,1
AK_model_74,/home/lyara/areswave/models/AK_model_74.nd,nd,UNK,,,1048.917,60,820.552,25.374,1048.917,60,1277.282,50.748,1328.03,50.748,1687.331,60,0.911214329,0.438869388,0.596317702,0.088785671,0.561130612,1
Geophysical_model973,/home/lyara/areswave/models/Geophysical_model973.nd,nd,UNK,,,916.719,60,876.023,191.813,916.719,60,1117.351,33.439,1485.177,83.597,1683.3,60,0.449482031,0.671881523,0.597748359,0.550517969,0.328118477,1
Geophysical_model963,/home/lyara/areswave/models/Geophysical_model963.nd,nd,UNK,,,916.719,60,876.023,191.813,916.719,60,1117.351,33.439,1485.177,83.597,1683.3,60,0.449482031,0.671881523,0.597748359,0.550517969,0.328118477,1
CD_model29,/home/lyara/areswave/models/CD_model29.nd,nd,UNK,,,,60,,60,,60,,60,,60,,60,0.125459719,0.834668913,0.598265848,0.874540281,0.165331087,1
Geophysical_model56,/home/lyara/areswave/models/Geophysical_model56.nd,nd,UNK,,,1015.15,60,876.661,186.713,1015.15,60,1130.3,32.901,1475.751,82.25,1673.548,60,0.758605748,0.518105691,0.598272377,0.241394252,0.481894309,1
Geophysical_model833,/home/lyara/areswave/models/Geophysical_model833.nd,nd,UNK,,,950.007,60,900,178.795,950.007,60,1133.367,50.007,1483.418,66.676,1681.481,60,0.453771705,0.670992571,0.598585616,0.546228295,0.329007429,1
Geophysical_model824,/home/lyara/areswave/models/Geophysical_model824.nd,nd,UNK,,,900,60,900,188.077,900,60,1115.838,16.602,1464.498,116.22,1679.083,60,0.127113493,0.83437505,0.598621197,0.872886507,0.16562495,1
AK_model_19,/home/lyara/areswave/models/AK_model_19.nd,nd,UNK,,,1045.493,60,811.971,25.947,1045.493,60,1279.016,25.947,1330.909,51.893,1670.7,60,0.128049024,0.83486293,0.599258294,0.871950976,0.16513707,1
Geophysical_model430,/home/lyara/areswave/models/Geophysical_model430.nd,nd,UNK,,,982.965,60,878.763,191.132,982.965,60,1115.708,16.593,1497.346,99.558,1678.723,60,0.614365792,0.591728017,0.599273942,0.385634208,0.408271983,1
Geophysical_model11,/home/lyara/areswave/models/Geophysical_model11.nd,nd,UNK,,,1001.216,60,861.153,194.233,1001.216,60,1119.301,33.738,1490.426,101.216,1688.731,60,0.913630584,0.442642141,0.599638289,0.086369416,0.557357859,1
CD_model31,/home/lyara/areswave/models/CD_model31.nd,nd,UNK,,,,60,,60,,60,,60,,60,,60,0.168413601,0.815841881,0.600032454,0.831586399,0.184158119,1
Geophysical_model68,/home/lyara/areswave/models/Geophysical_model68.nd,nd,UNK,,,933.76,60,900,182.039,933.76,60,1102.557,16.88,1440.153,101.278,1689.11,60,0.89491512,0.452592337,0.600033265,0.10508488,0.547407663,1
Geophysical_model28,/home/lyara/areswave/models/Geophysical_model28.nd,nd,UNK,,,999.738,60,900,196.459,999.738,60,1116.099,16.623,1465.181,99.738,1679.811,60,0.684989622,0.557963326,0.600305424,0.315010378,0.442036674,1
Geophysical_model606,/home/lyara/areswave/models/Geophysical_model606.nd,nd,UNK,,,916.576,60,877.86,199.257,916.576,60,1115.491,16.576,1496.743,99.457,1678.117,60,0.320956694,0.74002522,0.600335711,0.679043306,0.25997478,1
Geophysical_model797,/home/lyara/areswave/models/Geophysical_model797.nd,nd,UNK,,,933.11,60,878.025,197.778,933.11,60,1115.217,16.555,1479.431,99.331,1677.355,60,0.861667894,0.470369766,0.600802475,0.138332106,0.529630234,1
CD_model14,/home/lyara/areswave/models/CD_model14.nd,nd,UNK,,,,60,,60,,60,,60,,60,,60,0.114853932,0.844349175,0.601184094,0.885146068,0.155650825,1
Geophysical_model127,/home/lyara/areswave/models/Geophysical_model127.nd,nd,UNK,,,916.861,60,900,181.87,916.861,60,1102.329,16.86,1439.543,101.164,1688.421,60,0.874341208,0.466001119,0.602114482,0.125658792,0.533998881,1
Geophysical_model464,/home/lyara/areswave/models/Geophysical_model464.nd,nd,UNK,,,1030.985,60,900,188.215,1030.985,60,1129.223,32.746,1489.43,81.865,1670.76,60,0.689538745,0.559006598,0.602517314,0.310461255,0.440993402,1
Geophysical_model443,/home/lyara/areswave/models/Geophysical_model443.nd,nd,UNK,,,1030.985,60,900,188.215,1030.985,60,1129.223,32.746,1489.43,81.865,1670.76,60,0.689538745,0.559006598,0.602517314,0.310461255,0.440993402,1
CD_model100,/home/lyara/areswave/models/CD_model100.nd,nd,UNK,,,,60,,60,,60,,60,,60,,60,0.14209118,0.834006849,0.603368293,0.85790882,0.165993151,1
Geophysical_model582,/home/lyara/areswave/models/Geophysical_model582.nd,nd,UNK,,,916.922,60,900,183.743,916.922,60,1119.984,33.844,1475.344,84.609,1690.635,60,0.857825996,0.476591168,0.603669444,0.142174004,0.523408832,1
Geophysical_model451,/home/lyara/areswave/models/Geophysical_model451.nd,nd,UNK,,,1047.105,60,900,187.491,1047.105,60,1145.175,32.69,1488.42,65.38,1669.744,60,0.623092605,0.595067039,0.604408894,0.376907395,0.404932961,1
Geophysical_model380,/home/lyara/areswave/models/Geophysical_model380.nd,nd,UNK,,,1047.105,60,900,187.491,1047.105,60,1145.175,32.69,1488.42,65.38,1669.744,60,0.623092605,0.595067039,0.604408894,0.376907395,0.404932961,1
Geophysical_model646,/home/lyara/areswave/models/Geophysical_model646.nd,nd,UNK,,,950.013,60,900,182.469,950.013,60,1133.396,50.013,1483.489,66.684,1681.554,60,0.800901706,0.507444828,0.605263788,0.199098294,0.492555172,1
Geophysical_model719,/home/lyara/areswave/models/Geophysical_model719.nd,nd,UNK,,,917.055,60,877.919,198.725,917.055,60,1121.71,34.109,1496.91,102.327,1695.441,60,0.669775719,0.573754195,0.60576137,0.330224281,0.426245805,1
AK_model_13,/home/lyara/areswave/models/AK_model_13.nd,nd,UNK,,,1077.549,60,882.305,24.405,1077.549,60,1297.199,73.217,1321.604,24.406,1673.271,60,0.873520769,0.473666267,0.606951101,0.126479231,0.526333733,1
Geophysical_model837,/home/lyara/areswave/models/Geophysical_model837.nd,nd,UNK,,,916.555,60,877.951,198.443,916.555,60,1115.217,16.555,1495.986,99.331,1677.355,60,0.183632354,0.818996533,0.607208473,0.816367646,0.181003467,1
Geophysical_model524,/home/lyara/areswave/models/Geophysical_model524.nd,nd,UNK,,,916.555,60,877.951,198.443,916.555,60,1115.217,16.555,1495.986,99.331,1677.355,60,0.183632354,0.818996533,0.607208473,0.816367646,0.181003467,1
Geophysical_model491,/home/lyara/areswave/models/Geophysical_model491.nd,nd,UNK,,,1098.226,60,900,179.373,1098.226,60,1114.745,16.519,1445.122,99.113,1676.04,60,0.741282956,0.540865607,0.60767139,0.258717044,0.459134393,1
AK_model_64,/home/lyara/areswave/models/AK_model_64.nd,nd,UNK,,,998.537,60,795.118,25.427,998.537,60,1151.102,101.71,1354.521,76.282,1688.766,60,0.845710035,0.488883578,0.60782573,0.154289965,0.511116422,1
Geophysical_model257,/home/lyara/areswave/models/Geophysical_model257.nd,nd,UNK,,,967.872,60,900,180.547,967.872,60,1120.585,33.937,1459.948,101.809,1692.31,60,0.818280555,0.503523921,0.608442799,0.181719445,0.496476079,1
Geophysical_model693,/home/lyara/areswave/models/Geophysical_model693.nd,nd,UNK,,,916.721,60,876.007,191.944,916.721,60,1117.378,33.443,1485.25,83.608,1683.376,60,0.388220707,0.719062515,0.608781912,0.611779293,0.280937485,1
Geophysical_model93,/home/lyara/areswave/models/Geophysical_model93.nd,nd,UNK,,,967.494,60,900,192.453,967.494,60,1119.357,33.747,1456.828,118.116,1688.886,60,0.910185044,0.458290639,0.608922107,0.089814956,0.541709361,1
Geophysical_model399,/home/lyara/areswave/models/Geophysical_model399.nd,nd,UNK,,,1098.226,60,900,179.576,1098.226,60,1114.745,16.519,1445.122,99.113,1676.04,60,0.775095353,0.526572166,0.609413228,0.224904647,0.473427834,1
Geophysical_model923,/home/lyara/areswave/models/Geophysical_model923.nd,nd,UNK,,,933.343,60,900,180.439,933.343,60,1116.73,33.343,1483.505,83.358,1681.57,60,0.27203134,0.779100974,0.610077763,0.72796866,0.220899026,1
Geophysical_model172,/home/lyara/areswave/models/Geophysical_model172.nd,nd,UNK,,,966.367,60,900,189.356,966.367,60,1115.693,16.592,1464.12,116.143,1678.681,60,0.611333591,0.610444868,0.610741109,0.388666409,0.389555132,1
Geophysical_model30,/home/lyara/areswave/models/Geophysical_model30.nd,nd,UNK,,,966.367,60,900,189.356,966.367,60,1115.693,16.592,1464.12,116.143,1678.681,60,0.611333591,0.610444868,0.610741109,0.388666409,0.389555132,1
Geophysical_model29,/home/lyara/areswave/models/Geophysical_model29.nd,nd,UNK,,,966.367,60,900,189.356,966.367,60,1115.693,16.592,1464.12,116.143,1678.681,60,0.611333591,0.610444868,0.610741109,0.388666409,0.389555132,1
ceylan,/home/lyara/areswave/models/ceylan.nd,nd,UNK,,,1086.523,60,887.59,24.866,1086.523,60,1285.455,24.867,1360.055,74.6,1666.648,60,0.86784914,0.482813253,0.611158549,0.13215086,0.517186747,1
Geophysical_model813,/home/lyara/areswave/models/Geophysical_model813.nd,nd,UNK,,,933.856,60,900,185.649,933.856,60,1120.061,33.856,1492.472,84.639,1690.849,60,0.87652108,0.479661046,0.611947724,0.12347892,0.520338954,1
Geophysical_model696,/home/lyara/areswave/models/Geophysical_model696.nd,nd,UNK,,,933.693,60,900,180.94,933.693,60,1119.005,33.693,1489.628,84.233,1687.906,60,0.822382108,0.506905351,0.61206427,0.177617892,0.493094649,1
Geophysical_model765,/home/lyara/areswave/models/Geophysical_model765.nd,nd,UNK,,,933.693,60,900,180.94,933.693,60,1119.005,33.693,1489.628,84.233,1687.906,60,0.822382108,0.506905351,0.61206427,0.177617892,0.493094649,1
Geophysical_model616,/home/lyara/areswave/models/Geophysical_model616.nd,nd,UNK,,,933.693,60,900,180.94,933.693,60,1119.005,33.693,1489.628,84.233,1687.906,60,0.822382108,0.506905351,0.61206427,0.177617892,0.493094649,1
Geophysical_model767,/home/lyara/areswave/models/Geophysical_model767.nd,nd,UNK,,,933.693,60,900,180.94,933.693,60,1119.005,33.693,1489.628,84.233,1687.906,60,0.822382108,0.506905351,0.61206427,0.177617892,0.493094649,1
Geophysical_model975,/home/lyara/areswave/models/Geophysical_model975.nd,nd,UNK,,,933.693,60,900,180.94,933.693,60,1119.005,33.693,1489.628,84.233,1687.906,60,0.822382108,0.506905351,0.61206427,0.177617892,0.493094649,1
AK_model_4,/home/lyara/areswave/models/AK_model_4.nd,nd,UNK,,,1037.134,60,797.074,26.673,1037.134,60,1277.195,80.02,1303.868,26.673,1700.523,60,0.930942236,0.452953701,0.612283213,0.069057764,0.547046299,1
Geophysical_model680,/home/lyara/areswave/models/Geophysical_model680.nd,nd,UNK,,,1099.489,60,900,21.152,1099.489,60,1116.113,16.624,1465.218,99.745,1679.849,60,0.438904459,0.699674575,0.612751203,0.561095541,0.300325425,1
Geophysical_model885,/home/lyara/areswave/models/Geophysical_model885.nd,nd,UNK,,,916.648,60,900,180.379,916.648,60,1116.419,16.648,1499.315,99.885,1680.704,60,0.494253107,0.67208151,0.612805375,0.505746893,0.32791849,1
Geophysical_model757,/home/lyara/areswave/models/Geophysical_model757.nd,nd,UNK,,,916.648,60,900,180.379,916.648,60,1116.419,16.648,1499.315,99.885,1680.704,60,0.494253107,0.67208151,0.612805375,0.505746893,0.32791849,1
CD_model83,/home/lyara/areswave/models/CD_model83.nd,nd,UNK,,,,60,,60,,60,,60,,60,,60,0.111523972,0.863521328,0.612855543,0.888476028,0.136478672,1
Geophysical_model444,/home/lyara/areswave/models/Geophysical_model444.nd,nd,UNK,,,949.55,60,900,192.741,949.55,60,1114.715,16.516,1461.562,99.099,1675.956,60,0.499945275,0.669377181,0.612899879,0.500054725,0.330622819,1
Geophysical_model440,/home/lyara/areswave/models/Geophysical_model440.nd,nd,UNK,,,966.559,60,900,181.325,966.559,60,1116.317,16.639,1449.111,99.839,1680.417,60,0.749203049,0.545614291,0.61347721,0.250796951,0.454385709,1
Geophysical_model381,/home/lyara/areswave/models/Geophysical_model381.nd,nd,UNK,,,999.558,60,878.755,191.207,999.558,60,1115.708,16.593,1497.346,99.558,1678.723,60,0.680802452,0.580112414,0.61367576,0.319197548,0.419887586,1
Geophysical_model774,/home/lyara/areswave/models/Geophysical_model774.nd,nd,UNK,,,1099.57,60,900,21.535,1099.57,60,1116.201,16.631,1465.45,99.785,1680.096,60,0.736085344,0.55371168,0.614502902,0.263914656,0.44628832,1
CD_model71,/home/lyara/areswave/models/CD_model71.nd,nd,UNK,,,,60,,60,,60,,60,,60,,60,0.138220012,0.853010586,0.614747062,0.861779988,0.146989414,1
Geophysical_model910,/home/lyara/areswave/models/Geophysical_model910.nd,nd,UNK,,,950.007,60,900,179.014,950.007,60,1133.367,33.338,1483.418,66.676,1681.481,60,0.714425282,0.564937196,0.614766558,0.285574718,0.435062804,1
AK_model_10,/home/lyara/areswave/models/AK_model_10.nd,nd,UNK,,,1032.783,60,836.001,24.598,1032.783,60,1278.762,73.794,1303.36,24.597,1680.778,60,0.770519003,0.537075773,0.614890183,0.229480997,0.462924227,1
Geophysical_model668,/home/lyara/areswave/models/Geophysical_model668.nd,nd,UNK,,,1099.489,60,900,21.059,1099.489,60,1116.113,16.624,1465.218,99.745,1679.849,60,0.68450389,0.580479515,0.615154307,0.31549611,0.419520485,1
Geophysical_model140,/home/lyara/areswave/models/Geophysical_model140.nd,nd,UNK,,,965.752,60,900,181.095,965.752,60,1113.693,16.437,1458.888,115.065,1673.108,60,0.743749452,0.551427872,0.615535065,0.256250548,0.448572128,1
AK_model_51,/home/lyara/areswave/models/AK_model_51.nd,nd,UNK,,,1018.843,60,822.06,24.597,1018.843,60,1289.418,122.989,1486.2,172.184,1667.832,60,0.80923598,0.518788604,0.615604396,0.19076402,0.481211396,1
Geophysical_model619,/home/lyara/areswave/models/Geophysical_model619.nd,nd,UNK,,,916.969,60,878.268,195.584,916.969,60,1120.603,33.939,1493.931,84.847,1692.359,60,0.766145644,0.540547343,0.615746776,0.233854356,0.459452657,1
Geophysical_model980,/home/lyara/areswave/models/Geophysical_model980.nd,nd,UNK,,,916.969,60,878.268,195.584,916.969,60,1120.603,33.939,1493.931,84.847,1692.359,60,0.766145644,0.540547343,0.615746776,0.233854356,0.459452657,1
CD_model55,/home/lyara/areswave/models/CD_model55.nd,nd,UNK,,,,60,,60,,60,,60,,60,,60,0.244612665,0.802642644,0.616632651,0.755387335,0.197357356,1
Geophysical_model259,/home/lyara/areswave/models/Geophysical_model259.nd,nd,UNK,,,984.104,60,876.799,185.605,984.104,60,1118.67,33.641,1488.726,100.924,1686.973,60,0.709281757,0.570889613,0.617020327,0.290718243,0.429110387,1
MD_model11,/home/lyara/areswave/models/MD_model11.nd,nd,UNK,,,987.786,60,735.63,10.506,987.786,60,1103.357,10.507,1429.058,84.052,1604.141,60,0.686560661,0.583299027,0.617719571,0.313439339,0.416700973,1
MD_model61,/home/lyara/areswave/models/MD_model61.nd,nd,UNK,,,1068.978,60,864.088,193.507,1068.978,60,1194.188,193.507,1399.077,102.445,1694.611,60,0.685099402,0.584242416,0.617861411,0.314900598,0.415757584,1
Geophysical_model547,/home/lyara/areswave/models/Geophysical_model547.nd,nd,UNK,,,1099.905,60,900,21.075,1099.905,60,1116.564,16.658,1466.397,99.953,1681.106,60,0.428541034,0.712922974,0.618128994,0.571458966,0.287077026,1
Geophysical_model662,/home/lyara/areswave/models/Geophysical_model662.nd,nd,UNK,,,1099.905,60,900,21.075,1099.905,60,1116.564,16.658,1466.397,99.953,1681.106,60,0.428541034,0.712922974,0.618128994,0.571458966,0.287077026,1
Geophysical_model724,/home/lyara/areswave/models/Geophysical_model724.nd,nd,UNK,,,1099.905,60,900,21.075,1099.905,60,1116.564,16.658,1466.397,99.953,1681.106,60,0.428541034,0.712922974,0.618128994,0.571458966,0.287077026,1
MD_model54,/home/lyara/areswave/models/MD_model54.nd,nd,UNK,,,954.555,60,795.413,148.532,954.555,60,1294.057,60,1336.495,53.047,1618.333,60,0.832233201,0.511712752,0.618552901,0.167766799,0.488287248,1
MD_model42,/home/lyara/areswave/models/MD_model42.nd,nd,UNK,,,951.682,60,896.388,187.997,951.682,60,1272.382,55.293,1338.734,99.528,1661.734,60,0.812287882,0.521698795,0.618561824,0.187712118,0.478301205,1
Geophysical_model855,/home/lyara/areswave/models/Geophysical_model855.nd,nd,UNK,,,916.736,60,875.945,192.441,916.736,60,1117.572,33.472,1469.034,83.681,1683.914,60,0.580511067,0.638186046,0.618961053,0.419488933,0.361813954,1
Geophysical_model245,/home/lyara/areswave/models/Geophysical_model245.nd,nd,UNK,,,967.7,60,900,181.096,967.7,60,1120.025,33.85,1458.525,118.475,1690.748,60,0.749258827,0.555199002,0.61988561,0.250741173,0.444800998,1
Geophysical_model740,/home/lyara/areswave/models/Geophysical_model740.nd,nd,UNK,,,1098.51,60,900,23.918,1098.51,60,1115.052,16.543,1462.444,99.255,1676.896,60,0.647606006,0.606245288,0.620032194,0.352393994,0.393754712,1
Geophysical_model288,/home/lyara/areswave/models/Geophysical_model288.nd,nd,UNK,,,949.52,60,900,193.249,949.52,60,1114.585,16.507,1461.223,99.04,1675.595,60,0.745325743,0.559221615,0.621256324,0.254674257,0.440778385,1
Geophysical_model706,/home/lyara/areswave/models/Geophysical_model706.nd,nd,UNK,,,1099.57,60,900,21.445,1099.57,60,1116.201,16.631,1465.45,99.785,1680.096,60,0.348167744,0.757902745,0.621324412,0.651832256,0.242097255,1
Geophysical_model807,/home/lyara/areswave/models/Geophysical_model807.nd,nd,UNK,,,1099.57,60,900,21.445,1099.57,60,1116.201,16.631,1465.45,99.785,1680.096,60,0.348167744,0.757902745,0.621324412,0.651832256,0.242097255,1
CD_model47,/home/lyara/areswave/models/CD_model47.nd,nd,UNK,,,,60,,60,,60,,60,,60,,60,0.146809954,0.859332779,0.621825171,0.853190046,0.140667221,1
Geophysical_model16,/home/lyara/areswave/models/Geophysical_model16.nd,nd,UNK,,,999.738,60,878.116,196.952,999.738,60,1116.099,16.623,1481.804,99.738,1679.811,60,0.612337737,0.627324775,0.622329095,0.387662263,0.372675225,1
Geophysical_model714,/home/lyara/areswave/models/Geophysical_model714.nd,nd,UNK,,,900,60,900,21.451,900,60,1116.78,33.351,1483.638,100.052,1681.708,60,0.278741236,0.795123851,0.622996313,0.721258764,0.204876149,1
Geophysical_model880,/home/lyara/areswave/models/Geophysical_model880.nd,nd,UNK,,,916.693,60,877.556,179.548,916.693,60,1117.015,33.386,1484.271,83.467,1682.363,60,0.372433791,0.748854857,0.623381168,0.627566209,0.251145143,1
Geophysical_model805,/home/lyara/areswave/models/Geophysical_model805.nd,nd,UNK,,,1085.08,60,900,29.801,1085.08,60,1101.905,16.826,1455.24,117.778,1687.143,60,0.193549462,0.838615747,0.623593652,0.806450538,0.161384253,1
Geophysical_model720,/home/lyara/areswave/models/Geophysical_model720.nd,nd,UNK,,,933.975,60,879.241,186.833,933.975,60,1120.837,33.975,1494.562,84.937,1693.011,60,0.835792073,0.518676995,0.624382021,0.164207927,0.481323005,1
Geophysical_model454,/home/lyara/areswave/models/Geophysical_model454.nd,nd,UNK,,,1031.52,60,900,186.462,1031.52,60,1130.159,32.88,1475.398,82.199,1673.183,60,0.542043613,0.666644533,0.625110893,0.457956387,0.333355467,1
Geophysical_model924,/home/lyara/areswave/models/Geophysical_model924.nd,nd,UNK,,,966.648,60,900,192.323,966.648,60,1133.268,33.324,1483.17,83.31,1681.223,60,0.638799303,0.620418274,0.626545284,0.361200697,0.379581726,1
Geophysical_model553,/home/lyara/areswave/models/Geophysical_model553.nd,nd,UNK,,,900,60,900,178.562,900,60,1118.724,33.65,1472.049,100.949,1687.125,60,0.354302403,0.762997486,0.626765791,0.645697597,0.237002514,1
CD_model3,/home/lyara/areswave/models/CD_model3.nd,nd,UNK,,,,60,,60,,60,,60,,60,,60,0.741042719,0.569647453,0.626779208,0.258957281,0.430352547,1
Geophysical_model445,/home/lyara/areswave/models/Geophysical_model445.nd,nd,UNK,,,1047.789,60,900,189.394,1047.789,60,1146.314,32.842,1491.154,65.684,1672.494,60,0.404423309,0.739083607,0.627530174,0.595576691,0.260916393,1
Geophysical_model482,/home/lyara/areswave/models/Geophysical_model482.nd,nd,UNK,,,1063.97,60,900,188.401,1063.97,60,1145.955,32.794,1490.293,65.588,1671.628,60,0.574051268,0.657576833,0.629734978,0.425948732,0.342423167,1
Geophysical_model485,/home/lyara/areswave/models/Geophysical_model485.nd,nd,UNK,,,1063.97,60,900,188.401,1063.97,60,1145.955,32.794,1490.293,65.588,1671.628,60,0.574051268,0.657576833,0.629734978,0.425948732,0.342423167,1
Geophysical_model374,/home/lyara/areswave/models/Geophysical_model374.nd,nd,UNK,,,1063.97,60,900,188.401,1063.97,60,1145.955,32.794,1490.293,65.588,1671.628,60,0.574051268,0.657576833,0.629734978,0.425948732,0.342423167,1
Geophysical_model223,/home/lyara/areswave/models/Geophysical_model223.nd,nd,UNK,,,1016.377,60,900,197.923,1016.377,60,1132.755,33.251,1498.512,99.752,1679.896,60,0.684003075,0.602765658,0.629844797,0.315996925,0.397234342,1
Geophysical_model408,/home/lyara/areswave/models/Geophysical_model408.nd,nd,UNK,,,949.973,60,900,193.776,949.973,60,1116.548,16.657,1449.698,99.945,1681.061,60,0.830448135,0.532181247,0.631603543,0.169551865,0.467818753,1
Geophysical_model113,/home/lyara/areswave/models/Geophysical_model113.nd,nd,UNK,,,949.973,60,900,193.776,949.973,60,1116.548,16.657,1449.698,99.945,1681.061,60,0.830448135,0.532181247,0.631603543,0.169551865,0.467818753,1
Geophysical_model213,/home/lyara/areswave/models/Geophysical_model213.nd,nd,UNK,,,949.973,60,900,193.776,949.973,60,1116.548,16.657,1449.698,99.945,1681.061,60,0.830448135,0.532181247,0.631603543,0.169551865,0.467818753,1
AK_model_73,/home/lyara/areswave/models/AK_model_73.nd,nd,UNK,,,1039.669,60,790.268,24.94,1039.669,60,1264.13,74.82,1314.011,24.94,1670.688,60,0.564024444,0.666001481,0.632009135,0.435975556,0.333998519,1
Geophysical_model827,/home/lyara/areswave/models/Geophysical_model827.nd,nd,UNK,,,916.589,60,878.476,193.716,916.589,60,1115.651,16.589,1497.188,99.531,1678.564,60,0.832014733,0.532226072,0.632155625,0.167985267,0.467773928,1
AK_model_49,/home/lyara/areswave/models/AK_model_49.nd,nd,UNK,,,1010.726,60,802.494,26.029,1010.726,60,1271.017,130.146,1479.249,26.029,1688.205,60,0.85013766,0.523512364,0.632387463,0.14986234,0.476487636,1
CD_model95,/home/lyara/areswave/models/CD_model95.nd,nd,UNK,,,,60,,60,,60,,60,,60,,60,0.147590214,0.875729129,0.633016158,0.852409786,0.124270871,1
AK_model_91,/home/lyara/areswave/models/AK_model_91.nd,nd,UNK,,,1074.988,60,775.432,27.233,1074.988,60,1292.847,54.464,1320.08,54.464,1720.767,60,0.694960095,0.60253178,0.633341218,0.305039905,0.39746822,1
Geophysical_model769,/home/lyara/areswave/models/Geophysical_model769.nd,nd,UNK,,,950.91,60,900,199.563,950.91,60,1137.578,33.94,1476.975,67.879,1692.373,60,0.9302226,0.48497611,0.633391606,0.0697774,0.51502389,1
Geophysical_model568,/home/lyara/areswave/models/Geophysical_model568.nd,nd,UNK,,,900,60,900,181.523,900,60,1118.976,33.689,1472.706,101.066,1687.825,60,0.726520868,0.587799602,0.634040024,0.273479132,0.412200398,1
Geophysical_model744,/home/lyara/areswave/models/Geophysical_model744.nd,nd,UNK,,,1088.067,60,900,20.64,1088.067,60,1105.164,17.097,1464.2,119.679,1696.976,60,0.740732765,0.582279638,0.635097347,0.259267235,0.417720362,1
Geophysical_model191,/home/lyara/areswave/models/Geophysical_model191.nd,nd,UNK,,,966.625,60,900,195.344,966.625,60,1116.53,16.656,1466.308,99.936,1681.011,60,0.872701524,0.516635843,0.635324403,0.127298476,0.483364157,1
AK_model_60,/home/lyara/areswave/models/AK_model_60.nd,nd,UNK,,,997.761,60,820.36,25.343,997.761,60,1175.162,101.372,1352.562,25.343,1686.32,60,0.799151455,0.553488625,0.635376235,0.200848545,0.446511375,1
Geophysical_model949,/home/lyara/areswave/models/Geophysical_model949.nd,nd,UNK,,,916.648,60,877.517,179.866,916.648,60,1116.419,16.648,1499.315,99.885,1680.704,60,0.103323311,0.901741701,0.635602237,0.896676689,0.098258299,1
Geophysical_model749,/home/lyara/areswave/models/Geophysical_model749.nd,nd,UNK,,,900,60,900,197.837,900,60,1104.246,17.02,1478.696,102.123,1694.206,60,0.656398336,0.625859148,0.636038878,0.343601664,0.374140852,1
Geophysical_model976,/home/lyara/areswave/models/Geophysical_model976.nd,nd,UNK,,,916.837,60,900,181.468,916.837,60,1118.884,33.674,1489.303,84.186,1687.57,60,0.868159335,0.520381127,0.636307196,0.131840665,0.479618873,1
Geophysical_model232,/home/lyara/areswave/models/Geophysical_model232.nd,nd,UNK,,,1033.403,60,900,187.379,1033.403,60,1133.456,16.675,1483.64,66.702,1681.71,60,0.482406308,0.713327456,0.63635374,0.517593692,0.286672544,1
Geophysical_model156,/home/lyara/areswave/models/Geophysical_model156.nd,nd,UNK,,,1033.403,60,900,187.379,1033.403,60,1133.456,16.675,1483.64,66.702,1681.71,60,0.482406308,0.713327456,0.63635374,0.517593692,0.286672544,1
Geophysical_model945,/home/lyara/areswave/models/Geophysical_model945.nd,nd,UNK,,,916.672,60,900,180.795,916.672,60,1116.738,33.345,1483.524,83.361,1681.59,60,0.554066502,0.678725575,0.637172551,0.445933498,0.321274425,1
Geophysical_model577,/home/lyara/areswave/models/Geophysical_model577.nd,nd,UNK,,,1099.625,60,900,21.533,1099.625,60,1116.26,16.636,1465.604,99.812,1680.261,60,0.389430033,0.761389751,0.637403178,0.610569967,0.238610249,1
CD_model75,/home/lyara/areswave/models/CD_model75.nd,nd,UNK,,,,60,,60,,60,,60,,60,,60,0.675153768,0.618645761,0.637481763,0.324846232,0.381354239,1
Geophysical_model573,/home/lyara/areswave/models/Geophysical_model573.nd,nd,UNK,,,1098.113,60,900,23.974,1098.113,60,1114.623,16.509,1444.812,115.566,1675.699,60,0.41612622,0.750259757,0.638881911,0.58387378,0.249740243,1
Geophysical_model729,/home/lyara/areswave/models/Geophysical_model729.nd,nd,UNK,,,1088.334,60,900,20.706,1088.334,60,1105.456,17.121,1465.003,102.728,1697.857,60,0.843611922,0.536731278,0.639024826,0.156388078,0.463268722,1
Geophysical_model762,/home/lyara/areswave/models/Geophysical_model762.nd,nd,UNK,,,933.422,60,900,184.314,933.422,60,1117.244,33.423,1484.889,83.556,1683.002,60,0.926434074,0.49611111,0.639552098,0.073565926,0.50388889,1
Geophysical_model683,/home/lyara/areswave/models/Geophysical_model683.nd,nd,UNK,,,900,60,900,179.635,900,60,1101.753,16.812,1488.445,100.876,1686.682,60,0.684953887,0.617759482,0.640157617,0.315046113,0.382240518,1
Geophysical_model283,/home/lyara/areswave/models/Geophysical_model283.nd,nd,UNK,,,983.303,60,877.982,198.163,983.303,60,1116.588,16.66,1466.461,116.625,1681.173,60,0.533961393,0.694405075,0.640923847,0.466038607,0.305594925,1
MD_model21,/home/lyara/areswave/models/MD_model21.nd,nd,UNK,,,1008.575,60,761.465,182.646,1008.575,60,1298.66,21.488,1373.867,75.207,1615.642,60,0.720091493,0.602314571,0.641573545,0.279908507,0.397685429,1
CD_model56,/home/lyara/areswave/models/CD_model56.nd,nd,UNK,,,,60,,60,,60,,60,,60,,60,0.230706658,0.847099588,0.641635278,0.769293342,0.152900412,1
MD_model3,/home/lyara/areswave/models/MD_model3.nd,nd,UNK,,,1000.461,60,799.496,10.577,1000.461,60,1137.964,190.388,1434.124,190.389,1609.796,60,0.215324465,0.854918816,0.641720699,0.784675535,0.145081184,1
AK_model_5,/home/lyara/areswave/models/AK_model_5.nd,nd,UNK,,,1050.493,60,815.949,26.06,1050.493,60,1285.037,78.182,1311.097,26.06,1677.345,60,0.807944412,0.559684428,0.642437756,0.192055588,0.440315572,1
CD_model44,/home/lyara/areswave/models/CD_model44.nd,nd,UNK,,,,60,,60,,60,,60,,60,,60,0.18803666,0.869809409,0.642551826,0.81196334,0.130190591,1
Geophysical_model446,/home/lyara/areswave/models/Geophysical_model446.nd,nd,UNK,,,1031.442,60,900,188.767,1031.442,60,1130.023,32.86,1491.488,82.151,1672.831,60,0.659195237,0.634353064,0.642633788,0.340804763,0.365646936,1
Geophysical_model365,/home/lyara/areswave/models/Geophysical_model365.nd,nd,UNK,,,999.752,60,900,199.119,999.752,60,1132.755,33.251,1481.887,99.752,1679.896,60,0.75336617,0.58762173,0.642869877,0.24663383,0.41237827,1
Geophysical_model84,/home/lyara/areswave/models/Geophysical_model84.nd,nd,UNK,,,1064.355,60,900,188.627,1064.355,60,1146.533,16.436,1475.244,65.742,1673.022,60,0.647147737,0.641998246,0.643714743,0.352852263,0.358001754,1
Geophysical_model207,/home/lyara/areswave/models/Geophysical_model207.nd,nd,UNK,,,1064.102,60,900,191.005,1064.102,60,1146.153,32.82,1490.767,65.64,1672.105,60,0.70301502,0.614261934,0.643846296,0.29698498,0.385738066,1
Geophysical_model8,/home/lyara/areswave/models/Geophysical_model8.nd,nd,UNK,,,1064.102,60,900,191.005,1064.102,60,1146.153,32.82,1490.767,65.64,1672.105,60,0.70301502,0.614261934,0.643846296,0.29698498,0.385738066,1
MD_model1,/home/lyara/areswave/models/MD_model1.nd,nd,UNK,,,998.962,60,781.126,10.373,998.962,60,1102.693,197.09,1445.007,186.717,1598.079,60,0.519681278,0.706071709,0.643941565,0.480318722,0.293928291,1
Geophysical_model825,/home/lyara/areswave/models/Geophysical_model825.nd,nd,UNK,,,916.714,60,876.157,190.746,916.714,60,1117.284,33.428,1484.996,83.571,1683.113,60,0.362345333,0.785150054,0.644215147,0.637654667,0.214849946,1
Geophysical_model756,/home/lyara/areswave/models/Geophysical_model756.nd,nd,UNK,,,949.989,60,900,199.915,949.989,60,1116.619,16.663,1483.204,83.315,1681.259,60,0.746348469,0.593873166,0.644698267,0.253651531,0.406126834,1
CD_model22,/home/lyara/areswave/models/CD_model22.nd,nd,UNK,,,,60,,60,,60,,60,,60,,60,0.433274784,0.751108859,0.645164168,0.566725216,0.248891141,1
Geophysical_model783,/home/lyara/areswave/models/Geophysical_model783.nd,nd,UNK,,,916.648,60,877.515,179.878,916.648,60,1116.419,16.648,1499.315,99.885,1680.704,60,0.604848372,0.665563684,0.645325246,0.395151628,0.334436316,1
CD_model30,/home/lyara/areswave/models/CD_model30.nd,nd,UNK,,,,60,,60,,60,,60,,60,,60,0.222584511,0.857302988,0.645730162,0.777415489,0.142697012,1
CD_model43,/home/lyara/areswave/models/CD_model43.nd,nd,UNK,,,,60,,60,,60,,60,,60,,60,0.222584511,0.857302988,0.645730162,0.777415489,0.142697012,1
Geophysical_model871,/home/lyara/areswave/models/Geophysical_model871.nd,nd,UNK,,,1099.979,60,900,21.957,1099.979,60,1116.644,16.665,1466.608,116.655,1681.33,60,0.602531245,0.667650639,0.645944174,0.397468755,0.332349361,1
Geophysical_model651,/home/lyara/areswave/models/Geophysical_model651.nd,nd,UNK,,,900,60,900,22.409,900,60,1101.621,16.802,1488.061,100.811,1686.284,60,0.214473547,0.862444646,0.646454279,0.785526453,0.137555354,1
MD_model45,/home/lyara/areswave/models/MD_model45.nd,nd,UNK,,,966.263,60,741.442,194.164,966.263,60,1262.617,30.658,1334.151,51.096,1497.657,60,0.8429925,0.548263604,0.646506569,0.1570075,0.451736396,1
Geophysical_model596,/home/lyara/areswave/models/Geophysical_model596.nd,nd,UNK,,,900,60,900,178.565,900,60,1118.724,33.65,1472.049,100.949,1687.125,60,0.710469776,0.615314154,0.647032695,0.289530224,0.384685846,1
CD_model62,/home/lyara/areswave/models/CD_model62.nd,nd,UNK,,,,60,,60,,60,,60,,60,,60,0.263411575,0.838883032,0.647059213,0.736588425,0.161116968,1
Geophysical_model750,/home/lyara/areswave/models/Geophysical_model750.nd,nd,UNK,,,916.648,60,877.568,179.456,916.648,60,1116.419,16.648,1482.668,99.885,1680.704,60,0.85394644,0.544033148,0.647337579,0.14605356,0.455966852,1
Geophysical_model636,/home/lyara/areswave/models/Geophysical_model636.nd,nd,UNK,,,900,60,900,178.87,900,60,1118.565,33.625,1471.633,100.876,1686.682,60,0.29272173,0.825467033,0.647885265,0.70727827,0.174532967,1
CD_model17,/home/lyara/areswave/models/CD_model17.nd,nd,UNK,,,,60,,60,,60,,60,,60,,60,0.24710891,0.848287623,0.647894718,0.75289109,0.151712377,1
Geophysical_model726,/home/lyara/areswave/models/Geophysical_model726.nd,nd,UNK,,,916.736,60,875.955,192.357,916.736,60,1117.572,33.472,1485.77,83.681,1683.914,60,0.708057447,0.617893247,0.64794798,0.291942553,0.382106753,1
Geophysical_model373,/home/lyara/areswave/models/Geophysical_model373.nd,nd,UNK,,,1031.784,60,900,188.35,1031.784,60,1130.622,32.946,1493.027,82.365,1674.378,60,0.520107067,0.712297321,0.648233903,0.479892933,0.287702679,1
Geophysical_model252,/home/lyara/areswave/models/Geophysical_model252.nd,nd,UNK,,,950.33,60,900,194.291,950.33,60,1118.099,33.553,1453.635,117.438,1685.382,60,0.714885849,0.615117479,0.648373602,0.285114151,0.384882521,1
Geophysical_model543,/home/lyara/areswave/models/Geophysical_model543.nd,nd,UNK,,,1086.489,60,900,21.246,1086.489,60,1103.443,16.953,1459.467,118.675,1691.782,60,0.830353704,0.557629637,0.648537659,0.169646296,0.442370363,1
Geophysical_model341,/home/lyara/areswave/models/Geophysical_model341.nd,nd,UNK,,,999.558,60,857.532,191.104,999.558,60,1115.708,16.593,1497.346,99.558,1678.723,60,0.430091884,0.758188587,0.648823019,0.569908116,0.241811413,1
MD_model75,/home/lyara/areswave/models/MD_model75.nd,nd,UNK,,,1024.463,60,849.461,10.295,1024.463,60,1240.642,51.471,1302.407,123.531,1508.292,60.684,0.906781799,0.519936577,0.648884984,0.093218201,0.480063423,1
Geophysical_model708,/home/lyara/areswave/models/Geophysical_model708.nd,nd,UNK,,,900,60,900,178.573,900,60,1118.565,33.625,1471.633,100.876,1686.682,60,0.52422993,0.711713039,0.649218669,0.47577007,0.288286961,1
Geophysical_model916,/home/lyara/areswave/models/Geophysical_model916.nd,nd,UNK,,,916.693,60,900,178.836,916.693,60,1117.015,33.386,1484.271,83.467,1682.363,60,0.631969017,0.658051303,0.649357207,0.368030983,0.341948697,1
AK_model_90,/home/lyara/areswave/models/AK_model_90.nd,nd,UNK,,,1066.591,60,798.434,26.816,1066.591,60,1281.116,26.815,1334.748,53.631,1705.618,60,0.901974402,0.523166081,0.649435521,0.098025598,0.476833919,1
Geophysical_model514,/home/lyara/areswave/models/Geophysical_model514.nd,nd,UNK,,,916.991,60,878.264,195.623,916.991,60,1120.887,33.983,1494.697,84.957,1693.151,60,0.602398948,0.673693743,0.649928811,0.397601052,0.326306257,1
Geophysical_model43,/home/lyara/areswave/models/Geophysical_model43.nd,nd,UNK,,,1099.378,60,900,180.832,1099.378,60,1115.993,16.614,1431.674,99.689,1679.515,60,0.682796858,0.633894735,0.650195443,0.317203142,0.366105265,1
Geophysical_model960,/home/lyara/areswave/models/Geophysical_model960.nd,nd,UNK,,,916.969,60,856.194,197.127,916.969,60,1120.603,33.939,1476.962,84.847,1692.359,60,0.831610804,0.560111966,0.650611578,0.168389196,0.439888034,1
Geophysical_model571,/home/lyara/areswave/models/Geophysical_model571.nd,nd,UNK,,,916.969,60,856.194,197.127,916.969,60,1120.603,33.939,1476.962,84.847,1692.359,60,0.831610804,0.560111966,0.650611578,0.168389196,0.439888034,1
Geophysical_model562,/home/lyara/areswave/models/Geophysical_model562.nd,nd,UNK,,,916.969,60,856.194,197.127,916.969,60,1120.603,33.939,1476.962,84.847,1692.359,60,0.831610804,0.560111966,0.650611578,0.168389196,0.439888034,1
Geophysical_model675,/home/lyara/areswave/models/Geophysical_model675.nd,nd,UNK,,,1084.148,60,900,22.191,1084.148,60,1100.889,16.741,1469.186,100.445,1684.076,60,0.339123696,0.806619515,0.650787575,0.660876304,0.193380485,1
Geophysical_model611,/home/lyara/areswave/models/Geophysical_model611.nd,nd,UNK,,,1084.148,60,900,22.191,1084.148,60,1100.889,16.741,1469.186,100.445,1684.076,60,0.339123696,0.806619515,0.650787575,0.660876304,0.193380485,1
Geophysical_model748,/home/lyara/areswave/models/Geophysical_model748.nd,nd,UNK,,,1099.489,60,900,21.061,1099.489,60,1116.113,16.624,1465.218,99.745,1679.849,60,0.263966033,0.844910447,0.651262309,0.736033967,0.155089553,1
MD_model27,/home/lyara/areswave/models/MD_model27.nd,nd,UNK,,,1030.409,60,895.244,10.397,1030.409,60,1259.149,83.178,1311.135,31.191,1589.478,60,0.878314138,0.537750539,0.651271739,0.121685862,0.462249461,1
Geophysical_model657,/home/lyara/areswave/models/Geophysical_model657.nd,nd,UNK,,,916.728,60,900,191.854,916.728,60,1117.467,33.456,1485.488,83.641,1683.622,60,0.671572982,0.641488567,0.651516705,0.328427018,0.358511433,1
CD_model35,/home/lyara/areswave/models/CD_model35.nd,nd,UNK,,,,60,,60,,60,,60,,60,,60,0.299147344,0.828116345,0.651793344,0.700852656,0.171883655,1
MD_model94,/home/lyara/areswave/models/MD_model94.nd,nd,UNK,,,1025.295,60,867.383,10.528,1025.295,60,1288.482,157.913,1351.647,168.44,1600.766,60,0.276044339,0.839849677,0.651914564,0.723955661,0.160150323,1
Geophysical_model478,/home/lyara/areswave/models/Geophysical_model478.nd,nd,UNK,,,983.19,60,858.498,186.757,983.19,60,1116.294,16.638,1465.692,116.465,1680.354,60,0.728931363,0.613836823,0.65220167,0.271068637,0.386163177,1
Geophysical_model40,/home/lyara/areswave/models/Geophysical_model40.nd,nd,UNK,,,1063.521,60,900,197.404,1063.521,60,1145.281,32.704,1488.674,65.408,1669.999,60,0.765061704,0.596509422,0.652693516,0.234938296,0.403490578,1
MD_model76,/home/lyara/areswave/models/MD_model76.nd,nd,UNK,,,989.415,60,740.538,10.37,989.415,60,1124.223,176.288,1310.88,114.069,1578.639,60,0.28735055,0.835824103,0.652999585,0.71264945,0.164175897,1
Geophysical_model168,/home/lyara/areswave/models/Geophysical_model168.nd,nd,UNK,,,1001.362,60,880.983,190.173,1001.362,60,1119.617,33.788,1491.277,101.362,1689.612,60,0.825402261,0.567479819,0.653453966,0.174597739,0.432520181,1
Geophysical_model91,/home/lyara/areswave/models/Geophysical_model91.nd,nd,UNK,,,1001.362,60,880.983,190.173,1001.362,60,1119.617,33.788,1491.277,101.362,1689.612,60,0.825402261,0.567479819,0.653453966,0.174597739,0.432520181,1
Geophysical_model537,/home/lyara/areswave/models/Geophysical_model537.nd,nd,UNK,,,933.394,60,900,184.939,933.394,60,1133.76,33.395,1484.399,66.788,1682.496,60,0.880543503,0.54025115,0.653681935,0.119456497,0.45974885,1
Geophysical_model947,/home/lyara/areswave/models/Geophysical_model947.nd,nd,UNK,,,966.806,60,900,177.404,966.806,60,1133.823,33.403,1484.557,66.807,1682.659,60,0.7873362,0.587139161,0.653871507,0.2126638,0.412860839,1
Geophysical_model357,/home/lyara/areswave/models/Geophysical_model357.nd,nd,UNK,,,949.68,60,900,188.743,949.68,60,1115.279,16.56,1446.478,99.36,1677.528,60,0.865757936,0.548300774,0.654119828,0.134242064,0.451699226,1
Geophysical_model521,/home/lyara/areswave/models/Geophysical_model521.nd,nd,UNK,,,966.806,60,900,176.748,966.806,60,1133.823,33.403,1484.557,66.807,1682.659,60,0.597834091,0.682348783,0.654177219,0.402165909,0.317651217,1
CD_model21,/home/lyara/areswave/models/CD_model21.nd,nd,UNK,,,,60,,60,,60,,60,,60,,60,0.237900174,0.862435067,0.65425677,0.762099826,0.137564933,1
Geophysical_model766,/home/lyara/areswave/models/Geophysical_model766.nd,nd,UNK,,,1099.489,60,900,21.004,1099.489,60,1116.113,16.624,1465.218,99.745,1679.849,60,0.729793425,0.617362126,0.654839226,0.270206575,0.382637874,1
Geophysical_model15,/home/lyara/areswave/models/Geophysical_model15.nd,nd,UNK,,,966.855,60,900,194.182,966.855,60,1117.28,33.428,1484.985,100.283,1683.102,60,0.844402915,0.560095191,0.654864432,0.155597085,0.439904809,1
Geophysical_model545,/home/lyara/areswave/models/Geophysical_model545.nd,nd,UNK,,,916.767,60,900,191.729,916.767,60,1117.965,33.533,1486.828,83.833,1685.009,60,0.747519016,0.609488836,0.655498896,0.252480984,0.390511164,1
Geophysical_model351,/home/lyara/areswave/models/Geophysical_model351.nd,nd,UNK,,,916.856,60,900,181.22,916.856,60,1102.271,16.856,1439.389,101.135,1688.246,60,0.910574489,0.528027864,0.655543406,0.089425511,0.471972136,1
CD_model40,/home/lyara/areswave/models/CD_model40.nd,nd,UNK,,,,60,,60,,60,,60,,60,,60,0.292467688,0.83789127,0.656083409,0.707532312,0.16210873,1
Geophysical_model801,/home/lyara/areswave/models/Geophysical_model801.nd,nd,UNK,,,966.694,60,900,192.625,966.694,60,1133.428,33.346,1483.57,66.694,1681.638,60,0.440967927,0.764550292,0.656689504,0.559032073,0.235449708,1
Geophysical_model78,/home/lyara/areswave/models/Geophysical_model78.nd,nd,UNK,,,916.795,60,900,184.466,916.795,60,1101.543,16.795,1437.448,100.771,1686.049,60,0.49800346,0.736374816,0.656917698,0.50199654,0.263625184,1
CD_model72,/home/lyara/areswave/models/CD_model72.nd,nd,UNK,,,,60,,60,,60,,60,,60,,60,0.446689905,0.762615003,0.657306637,0.553310095,0.237384997,1
Geophysical_model858,/home/lyara/areswave/models/Geophysical_model858.nd,nd,UNK,,,933.805,60,900,184.518,933.805,60,1119.733,33.805,1491.589,84.513,1689.935,60,0.871469134,0.551702169,0.658291157,0.128530866,0.448297831,1
MD_model53,/home/lyara/areswave/models/MD_model53.nd,nd,UNK,,,903.72,60,838.985,183.413,903.72,60,1292.124,75.523,1324.491,32.367,1620.805,60,0.681287153,0.647555773,0.658799566,0.318712847,0.352444227,1
Geophysical_model743,/home/lyara/areswave/models/Geophysical_model743.nd,nd,UNK,,,1086.489,60,900,21.323,1086.489,60,1103.443,16.953,1459.467,118.675,1691.782,60,0.785144807,0.595851367,0.65894918,0.214855193,0.404148633,1
Geophysical_model396,/home/lyara/areswave/models/Geophysical_model396.nd,nd,UNK,,,949.68,60,900,188.732,949.68,60,1115.279,16.56,1446.478,99.36,1677.528,60,0.79158891,0.593083241,0.659251797,0.20841109,0.406916759,1
Geophysical_model417,/home/lyara/areswave/models/Geophysical_model417.nd,nd,UNK,,,1047.872,60,900,189.239,1047.872,60,1130.023,32.86,1491.488,82.151,1672.831,60,0.73889748,0.620833597,0.660188225,0.26110252,0.379166403,1
Geophysical_model268,/home/lyara/areswave/models/Geophysical_model268.nd,nd,UNK,,,965.961,60,900,192.22,965.961,60,1114.373,16.491,1460.669,98.942,1675.004,60,0.687193735,0.646801155,0.660265348,0.312806265,0.353198845,1
Geophysical_model853,/home/lyara/areswave/models/Geophysical_model853.nd,nd,UNK,,,950.057,60,900,199.349,950.057,60,1133.601,33.371,1484.001,66.743,1682.084,60,0.871037807,0.55506354,0.660388296,0.128962193,0.44493646,1
Geophysical_model175,/home/lyara/areswave/models/Geophysical_model175.nd,nd,UNK,,,949.72,60,900,186.754,949.72,60,1115.452,16.573,1463.49,99.44,1678.009,60,0.872155925,0.554721436,0.660532933,0.127844075,0.445278564,1
Geophysical_model701,/home/lyara/areswave/models/Geophysical_model701.nd,nd,UNK,,,933.862,60,879.268,186.584,933.862,60,1120.105,33.862,1492.59,84.656,1690.97,60,0.878216908,0.552261454,0.660913272,0.121783092,0.447738546,1
Geophysical_model864,/home/lyara/areswave/models/Geophysical_model864.nd,nd,UNK,,,933.862,60,879.268,186.584,933.862,60,1120.105,33.862,1492.59,84.656,1690.97,60,0.878216908,0.552261454,0.660913272,0.121783092,0.447738546,1
Geophysical_model705,/home/lyara/areswave/models/Geophysical_model705.nd,nd,UNK,,,933.862,60,879.268,186.584,933.862,60,1120.105,33.862,1492.59,84.656,1690.97,60,0.878216908,0.552261454,0.660913272,0.121783092,0.447738546,1
Geophysical_model449,/home/lyara/areswave/models/Geophysical_model449.nd,nd,UNK,,,1031.442,60,900,189.754,1031.442,60,1130.023,32.86,1491.488,82.151,1672.831,60,0.801739866,0.590599574,0.660979671,0.198260134,0.409400426,1
Geophysical_model122,/home/lyara/areswave/models/Geophysical_model122.nd,nd,UNK,,,967.437,60,900,186.661,967.437,60,1119.169,33.718,1456.352,101.155,1688.364,60,0.910859116,0.53669426,0.661415878,0.089140884,0.46330574,1
Geophysical_model101,/home/lyara/areswave/models/Geophysical_model101.nd,nd,UNK,,,967.437,60,900,186.661,967.437,60,1119.169,33.718,1456.352,101.155,1688.364,60,0.910859116,0.53669426,0.661415878,0.089140884,0.46330574,1
CD_model57,/home/lyara/areswave/models/CD_model57.nd,nd,UNK,,,,60,,60,,60,,60,,60,,60,0.237789693,0.873854402,0.661832832,0.762210307,0.126145598,1
Geophysical_model682,/home/lyara/areswave/models/Geophysical_model682.nd,nd,UNK,,,966.806,60,900,177.611,966.806,60,1133.823,33.403,1484.557,66.807,1682.659,60,0.911845321,0.53774343,0.66244406,0.088154679,0.46225657,1
Geophysical_model503,/home/lyara/areswave/models/Geophysical_model503.nd,nd,UNK,,,950.526,60,900,173.241,950.526,60,1135.789,33.684,1489.473,67.369,1687.745,60,0.873818093,0.556992251,0.662600865,0.126181907,0.443007749,1
Geophysical_model886,/home/lyara/areswave/models/Geophysical_model886.nd,nd,UNK,,,950.526,60,900,173.241,950.526,60,1135.789,33.684,1489.473,67.369,1687.745,60,0.873818093,0.556992251,0.662600865,0.126181907,0.443007749,1
Geophysical_model758,/home/lyara/areswave/models/Geophysical_model758.nd,nd,UNK,,,950.526,60,900,173.241,950.526,60,1135.789,33.684,1489.473,67.369,1687.745,60,0.873818093,0.556992251,0.662600865,0.126181907,0.443007749,1
Geophysical_model330,/home/lyara/areswave/models/Geophysical_model330.nd,nd,UNK,,,1047.741,60,900,190.022,1047.741,60,1146.235,32.831,1490.965,82.078,1672.304,60,0.641351963,0.673888682,0.663043109,0.358648037,0.326111318,1
Geophysical_model409,/home/lyara/areswave/models/Geophysical_model409.nd,nd,UNK,,,1047.741,60,900,190.022,1047.741,60,1146.235,32.831,1490.965,82.078,1672.304,60,0.641351963,0.673888682,0.663043109,0.358648037,0.326111318,1
Geophysical_model181,/home/lyara/areswave/models/Geophysical_model181.nd,nd,UNK,,,999.801,60,900,195.203,999.801,60,1116.236,16.633,1465.54,99.801,1680.192,60,0.716350425,0.636605192,0.663186936,0.283649575,0.363394808,1
Geophysical_model398,/home/lyara/areswave/models/Geophysical_model398.nd,nd,UNK,,,999.801,60,900,195.203,999.801,60,1116.236,16.633,1465.54,99.801,1680.192,60,0.716350425,0.636605192,0.663186936,0.283649575,0.363394808,1
Geophysical_model253,/home/lyara/areswave/models/Geophysical_model253.nd,nd,UNK,,,999.801,60,900,195.203,999.801,60,1116.236,16.633,1465.54,99.801,1680.192,60,0.716350425,0.636605192,0.663186936,0.283649575,0.363394808,1
Geophysical_model979,/home/lyara/areswave/models/Geophysical_model979.nd,nd,UNK,,,916.648,60,877.439,180.489,916.648,60,1116.419,16.648,1482.668,99.885,1680.704,60,0.579431832,0.705267397,0.663322209,0.420568168,0.294732603,1
Geophysical_model484,/home/lyara/areswave/models/Geophysical_model484.nd,nd,UNK,,,1031.853,60,900,187.855,1031.853,60,1130.743,32.964,1493.339,82.408,1674.693,60,0.755073234,0.618167862,0.663802986,0.244926766,0.381832138,1
CD_model6,/home/lyara/areswave/models/CD_model6.nd,nd,UNK,,,,60,,60,,60,,60,,60,,60,0.280708048,0.855816005,0.664113353,0.719291952,0.144183995,1
Geophysical_model572,/home/lyara/areswave/models/Geophysical_model572.nd,nd,UNK,,,1099.901,60,900,21.405,1099.901,60,1116.56,16.658,1466.387,116.609,1681.095,60,0.524237367,0.734258749,0.664251621,0.475762633,0.265741251,1
AK_model_42,/home/lyara/areswave/models/AK_model_42.nd,nd,UNK,,,1023.627,60,814.993,26.08,1023.627,60,1284.42,104.317,1310.5,182.555,1676.948,60,0.767095056,0.612928603,0.66431742,0.232904944,0.387071397,1
Geophysical_model625,/home/lyara/areswave/models/Geophysical_model625.nd,nd,UNK,,,916.728,60,900,191.686,916.728,60,1117.467,33.456,1485.488,83.641,1683.622,60,0.545001231,0.724196795,0.66446494,0.454998769,0.275803205,1
CD_model52,/home/lyara/areswave/models/CD_model52.nd,nd,UNK,,,,60,,60,,60,,60,,60,,60,0.30101957,0.846195981,0.664470511,0.69898043,0.153804019,1
Geophysical_model33,/home/lyara/areswave/models/Geophysical_model33.nd,nd,UNK,,,1031.756,60,900,188.228,1031.756,60,1130.574,32.939,1476.434,82.348,1674.255,60,0.742199486,0.626412772,0.665008343,0.257800514,0.373587228,1
Geophysical_model307,/home/lyara/areswave/models/Geophysical_model307.nd,nd,UNK,,,999.558,60,878.735,191.384,999.558,60,1115.708,16.593,1480.753,99.558,1678.723,60,0.852634927,0.571547613,0.665243385,0.147365073,0.428452387,1
Geophysical_model280,/home/lyara/areswave/models/Geophysical_model280.nd,nd,UNK,,,999.558,60,878.735,191.384,999.558,60,1115.708,16.593,1480.753,99.558,1678.723,60,0.852634927,0.571547613,0.665243385,0.147365073,0.428452387,1
Geophysical_model95,/home/lyara/areswave/models/Geophysical_model95.nd,nd,UNK,,,999.558,60,878.735,191.384,999.558,60,1115.708,16.593,1480.753,99.558,1678.723,60,0.852634927,0.571547613,0.665243385,0.147365073,0.428452387,1
CD_model8,/home/lyara/areswave/models/CD_model8.nd,nd,UNK,,,,60,,60,,60,,60,,60,,60,0.439600202,0.778323773,0.665415916,0.560399798,0.221676227,1
Geophysical_model392,/home/lyara/areswave/models/Geophysical_model392.nd,nd,UNK,,,1031.687,60,900,185.872,1031.687,60,1130.452,32.922,1492.591,82.304,1673.94,60,0.713870633,0.641554474,0.665659861,0.286129367,0.358445526,1
Geophysical_model927,/home/lyara/areswave/models/Geophysical_model927.nd,nd,UNK,,,933.844,60,879.592,183.668,933.844,60,1119.984,33.844,1492.265,84.609,1690.635,60,0.409789987,0.793921729,0.665877815,0.590210013,0.206078271,1
Geophysical_model266,/home/lyara/areswave/models/Geophysical_model266.nd,nd,UNK,,,949.973,60,900,197.605,949.973,60,1116.548,16.657,1449.698,99.945,1681.061,60,0.369825872,0.814507933,0.666280579,0.630174128,0.185492067,1
Geophysical_model71,/home/lyara/areswave/models/Geophysical_model71.nd,nd,UNK,,,1096.225,60,900,197.35,1096.225,60,1145.281,32.704,1488.674,65.408,1669.999,60,0.658189098,0.671521862,0.667077607,0.341810902,0.328478138,1
Geophysical_model216,/home/lyara/areswave/models/Geophysical_model216.nd,nd,UNK,,,1096.225,60,900,197.35,1096.225,60,1145.281,32.704,1488.674,65.408,1669.999,60,0.658189098,0.671521862,0.667077607,0.341810902,0.328478138,1
Geophysical_model31,/home/lyara/areswave/models/Geophysical_model31.nd,nd,UNK,,,983.237,60,879.302,186.283,983.237,60,1116.417,16.648,1466.015,99.884,1680.698,60,0.604624359,0.698906134,0.667478876,0.395375641,0.301093866,1
MD_model67,/home/lyara/areswave/models/MD_model67.nd,nd,UNK,,,988.648,60,733.806,10.618,988.648,60,1105.451,10.618,1424.004,31.855,1620.994,60,0.841997461,0.580222039,0.667480513,0.158002539,0.419777961,1
Geophysical_model501,/home/lyara/areswave/models/Geophysical_model501.nd,nd,UNK,,,916.672,60,900,180.688,916.672,60,1116.741,33.345,1483.532,83.362,1681.599,60,0.595224464,0.703735303,0.667565023,0.404775536,0.296264697,1
AK_model_22,/home/lyara/areswave/models/AK_model_22.nd,nd,UNK,,,1079.893,60,816.324,26.357,1079.893,60,1290.748,52.714,1317.105,26.357,1685.402,60,0.421520513,0.790665283,0.667617026,0.578479487,0.209334717,1
MD_model58,/home/lyara/areswave/models/MD_model58.nd,nd,UNK,,,900.043,60,768.768,121.177,900.043,60,1293.868,80.785,1314.064,30.294,1495.829,61.086,0.593293822,0.705157616,0.667869684,0.406706178,0.294842384,1
Geophysical_model958,/home/lyara/areswave/models/Geophysical_model958.nd,nd,UNK,,,900,60,900,188.84,900,60,1116,16.615,1498.154,99.692,1679.536,60,0.851050526,0.576302966,0.667885486,0.148949474,0.423697034,1
Geophysical_model607,/home/lyara/areswave/models/Geophysical_model607.nd,nd,UNK,,,900,60,900,180.738,900,60,1116.617,16.663,1466.537,99.977,1681.255,60,0.388495172,0.808458429,0.668470677,0.611504828,0.191541571,1
Geophysical_model732,/home/lyara/areswave/models/Geophysical_model732.nd,nd,UNK,,,933.813,60,900,183.29,933.813,60,1119.783,33.813,1491.724,84.532,1690.075,60,0.881438824,0.562152315,0.668581151,0.118561176,0.437847685,1
Geophysical_model617,/home/lyara/areswave/models/Geophysical_model617.nd,nd,UNK,,,900,60,900,22.546,900,60,1101.621,16.802,1454.457,100.811,1686.284,60,0.611041749,0.697586655,0.668738353,0.388958251,0.302413345,1
CD_model77,/home/lyara/areswave/models/CD_model77.nd,nd,UNK,,,,60,,60,,60,,60,,60,,60,0.280958451,0.863362742,0.669227978,0.719041549,0.136637258,1
MD_model22,/home/lyara/areswave/models/MD_model22.nd,nd,UNK,,,1019.062,60,898.164,197.833,1019.062,60,1293.831,21.982,1304.822,76.935,1648.61,60,0.902367028,0.553003573,0.669458058,0.097632972,0.446996427,1
Geophysical_model816,/home/lyara/areswave/models/Geophysical_model816.nd,nd,UNK,,,1087.5,60,900,22.588,1087.5,60,1104.545,17.046,1445.454,119.318,1695.109,60,0.89673095,0.556063801,0.669619517,0.10326905,0.443936199,1
MD_model49,/home/lyara/areswave/models/MD_model49.nd,nd,UNK,,,1035.919,60,728.669,186.544,1035.919,60,1299.277,10.973,1365.116,87.786,1653.423,60,0.804768337,0.602559524,0.669962462,0.195231663,0.397440476,1
Geophysical_model866,/home/lyara/areswave/models/Geophysical_model866.nd,nd,UNK,,,950.119,60,900,181,950.119,60,1133.89,50.12,1484.726,66.826,1682.834,60,0.853402012,0.578811415,0.670341614,0.146597988,0.421188585,1
Geophysical_model250,/home/lyara/areswave/models/Geophysical_model250.nd,nd,UNK,,,1033.261,60,900,182.415,1033.261,60,1133.207,33.315,1499.676,83.288,1681.067,60,0.572313348,0.720068823,0.670816998,0.427686652,0.279931177,1
Geophysical_model108,/home/lyara/areswave/models/Geophysical_model108.nd,nd,UNK,,,999.816,60,900,195.837,999.816,60,1116.267,16.636,1498.893,99.815,1680.28,60,0.690516447,0.661320473,0.671052464,0.309483553,0.338679527,1
MD_model39,/home/lyara/areswave/models/MD_model39.nd,nd,UNK,,,991.477,60,715.811,190.846,991.477,60,1298.951,31.808,1362.566,63.615,1602.381,60,0.724066636,0.645235607,0.671512617,0.275933364,0.354764393,1
Geophysical_model139,/home/lyara/areswave/models/Geophysical_model139.nd,nd,UNK,,,1033.067,60,900,182.583,1033.067,60,1132.867,33.267,1498.801,83.167,1680.187,60,0.659943163,0.677532917,0.671669666,0.340056837,0.322467083,1
AK_model_26,/home/lyara/areswave/models/AK_model_26.nd,nd,UNK,,,1062.407,60,796.562,26.585,1062.407,60,1275.083,26.584,1328.252,53.169,1697.655,60,0.638531713,0.688948686,0.672143028,0.361468287,0.311051314,1
AK_model_80,/home/lyara/areswave/models/AK_model_80.nd,nd,UNK,,,1048.834,60,845.714,25.39,1048.834,60,1277.345,50.78,1328.125,50.78,1687.555,60,0.409675117,0.803400537,0.67215873,0.590324883,0.196599463,1
Geophysical_model431,/home/lyara/areswave/models/Geophysical_model431.nd,nd,UNK,,,999.807,60,900,191.389,999.807,60,1116.249,16.634,1465.574,99.807,1680.229,60,0.787628492,0.614505909,0.672213436,0.212371508,0.385494091,1
Geophysical_model999,/home/lyara/areswave/models/Geophysical_model999.nd,nd,UNK,,,1086.489,60,900,21.299,1086.489,60,1103.443,16.953,1459.467,118.675,1691.782,60,0.818575741,0.59965484,0.672628474,0.181424259,0.40034516,1
Geophysical_model841,/home/lyara/areswave/models/Geophysical_model841.nd,nd,UNK,,,916.723,60,877.735,178.117,916.723,60,1117.396,33.446,1485.297,83.614,1683.425,60,0.394826895,0.811554723,0.672645447,0.605173105,0.188445277,1
MD_model68,/home/lyara/areswave/models/MD_model68.nd,nd,UNK,,,1004.173,60,810.147,10.212,1004.173,60,1126.717,142.967,1402.439,112.331,1575.246,60,0.934368223,0.54302002,0.673469421,0.065631777,0.45697998,1
Geophysical_model598,/home/lyara/areswave/models/Geophysical_model598.nd,nd,UNK,,,933.261,60,900,182.732,933.261,60,1116.199,16.631,1498.706,83.154,1680.091,60,0.771559993,0.624553642,0.673555759,0.228440007,0.375446358,1
Geophysical_model300,/home/lyara/areswave/models/Geophysical_model300.nd,nd,UNK,,,1033.261,60,900,184.612,1033.261,60,1133.207,33.315,1483.019,83.288,1681.067,60,0.63271237,0.694275282,0.673754311,0.36728763,0.305724718,1
Geophysical_model98,/home/lyara/areswave/models/Geophysical_model98.nd,nd,UNK,,,1098.133,60,900,197.5,1098.133,60,1147.666,16.511,1494.399,66.044,1675.759,60,0.643580822,0.688946031,0.673824295,0.356419178,0.311053969,1
Geophysical_model352,/home/lyara/areswave/models/Geophysical_model352.nd,nd,UNK,,,1064.355,60,900,189.358,1064.355,60,1146.533,16.436,1475.244,65.742,1673.022,60,0.752596992,0.635240278,0.674359183,0.247403008,0.364759722,1
MD_model77,/home/lyara/areswave/models/MD_model77.nd,nd,UNK,,,993.197,60,753.202,10.435,993.197,60,1139.281,187.822,1400.145,125.214,1595.591,60,0.529799575,0.746938119,0.674558605,0.470200425,0.253061881,1
Geophysical_model686,/home/lyara/areswave/models/Geophysical_model686.nd,nd,UNK,,,900,60,900,21.478,900,60,1116.829,33.358,1483.771,100.075,1681.845,60,0.629834853,0.698425365,0.675561861,0.370165147,0.301574635,1
MD_model100,/home/lyara/areswave/models/MD_model100.nd,nd,UNK,,,1053.462,60,725.562,190.393,1053.462,60,1275.587,31.732,1349.629,74.042,1609.919,60,0.91213084,0.55772385,0.675859513,0.08786916,0.44227615,1
Geophysical_model621,/home/lyara/areswave/models/Geophysical_model621.nd,nd,UNK,,,1098.113,60,875.932,48.135,1098.113,60,1114.623,16.509,1444.812,115.566,1675.699,60,0.756233326,0.635688802,0.67587031,0.243766674,0.364311198,1
Geophysical_model843,/home/lyara/areswave/models/Geophysical_model843.nd,nd,UNK,,,900,60,900,183.559,900,60,1106.386,17.199,1467.561,85.994,1501.958,68.796,0.619123201,0.704958682,0.676346855,0.380876799,0.295041318,1
Geophysical_model812,/home/lyara/areswave/models/Geophysical_model812.nd,nd,UNK,,,916.648,60,900,180.024,916.648,60,1116.419,16.648,1499.315,99.885,1680.704,60,0.573138873,0.728874855,0.676962861,0.426861127,0.271125145,1
Geophysical_model955,/home/lyara/areswave/models/Geophysical_model955.nd,nd,UNK,,,949.954,60,900,178.876,949.954,60,1133.117,33.303,1482.794,83.256,1680.834,60,0.504628378,0.763303961,0.677078767,0.495371622,0.236696039,1
Geophysical_model468,/home/lyara/areswave/models/Geophysical_model468.nd,nd,UNK,,,966.251,60,900,185.626,966.251,60,1115.315,16.563,1463.132,99.376,1677.628,60,0.860519849,0.585801176,0.677374067,0.139480151,0.414198824,1
Geophysical_model356,/home/lyara/areswave/models/Geophysical_model356.nd,nd,UNK,,,966.251,60,900,185.626,966.251,60,1115.315,16.563,1463.132,99.376,1677.628,60,0.860519849,0.585801176,0.677374067,0.139480151,0.414198824,1
Geophysical_model403,/home/lyara/areswave/models/Geophysical_model403.nd,nd,UNK,,,966.251,60,900,185.626,966.251,60,1115.315,16.563,1463.132,99.376,1677.628,60,0.860519849,0.585801176,0.677374067,0.139480151,0.414198824,1
Geophysical_model395,/home/lyara/areswave/models/Geophysical_model395.nd,nd,UNK,,,966.251,60,900,185.626,966.251,60,1115.315,16.563,1463.132,99.376,1677.628,60,0.860519849,0.585801176,0.677374067,0.139480151,0.414198824,1
Geophysical_model985,/home/lyara/areswave/models/Geophysical_model985.nd,nd,UNK,,,950.721,60,900,182.836,950.721,60,1119.792,33.814,1491.747,84.535,1690.099,60,0.8918218,0.570983421,0.677929548,0.1081782,0.429016579,1
Geophysical_model535,/home/lyara/areswave/models/Geophysical_model535.nd,nd,UNK,,,950.109,60,900,178.347,950.109,60,1133.844,33.406,1484.609,66.812,1682.713,60,0.858490278,0.587721589,0.677977819,0.141509722,0.412278411,1
Geophysical_model209,/home/lyara/areswave/models/Geophysical_model209.nd,nd,UNK,,,1033.403,60,900,187.4,1033.403,60,1133.456,16.675,1483.64,66.702,1681.71,60,0.589462325,0.722701361,0.678288349,0.410537675,0.277298639,1
AK_model_85,/home/lyara/areswave/models/AK_model_85.nd,nd,UNK,,,1079.656,60,874.091,182.724,1079.656,60,1285.221,22.84,1376.584,91.362,1647.618,60,0.833405807,0.600766474,0.678312918,0.166594193,0.399233526,1
Geophysical_model3,/home/lyara/areswave/models/Geophysical_model3.nd,nd,UNK,,,1098.645,60,900,180.725,1098.645,60,1115.199,16.554,1429.721,99.322,1677.304,60,0.721612547,0.656908432,0.678476471,0.278387453,0.343091568,1
Geophysical_model453,/home/lyara/areswave/models/Geophysical_model453.nd,nd,UNK,,,1031.555,60,876.742,186.064,1031.555,60,1130.221,32.889,1475.552,82.221,1673.341,60,0.734569527,0.650606206,0.67859398,0.265430473,0.349393794,1
Geophysical_model303,/home/lyara/areswave/models/Geophysical_model303.nd,nd,UNK,,,949.55,60,900,192.862,949.55,60,1114.715,16.516,1461.562,99.099,1675.956,60,0.740164368,0.648126009,0.678805462,0.259835632,0.351873991,1
Geophysical_model533,/home/lyara/areswave/models/Geophysical_model533.nd,nd,UNK,,,900,60,877.931,198.623,900,60,1104.357,34.059,1496.041,102.179,1694.541,60,0.788235393,0.624964335,0.679388021,0.211764607,0.375035665,1
Geophysical_model917,/home/lyara/areswave/models/Geophysical_model917.nd,nd,UNK,,,900,60,877.931,198.623,900,60,1104.357,34.059,1496.041,102.179,1694.541,60,0.788235393,0.624964335,0.679388021,0.211764607,0.375035665,1
Geophysical_model37,/home/lyara/areswave/models/Geophysical_model37.nd,nd,UNK,,,966.337,60,900,193.897,966.337,60,1115.594,16.584,1463.861,116.089,1678.405,60,0.928228579,0.554983598,0.679398592,0.071771421,0.445016402,1
Geophysical_model88,/home/lyara/areswave/models/Geophysical_model88.nd,nd,UNK,,,966.337,60,900,193.897,966.337,60,1115.594,16.584,1463.861,116.089,1678.405,60,0.928228579,0.554983598,0.679398592,0.071771421,0.445016402,1
AK_model_30,/home/lyara/areswave/models/AK_model_30.nd,nd,UNK,,,1083.305,60,820.426,26.288,1083.305,60,1293.608,52.576,1319.896,52.576,1687.417,60,0.617693823,0.710260579,0.679404994,0.382306177,0.289739421,1
AK_model_11,/home/lyara/areswave/models/AK_model_11.nd,nd,UNK,,,1040.425,60,848.992,23.929,1040.425,60,1279.717,71.788,1303.646,23.929,1652.614,60,0.725597068,0.656310994,0.679406352,0.274402932,0.343689006,1
Geophysical_model319,/home/lyara/areswave/models/Geophysical_model319.nd,nd,UNK,,,1063.521,60,900,197.862,1063.521,60,1145.281,32.704,1488.674,65.408,1669.999,60,0.401774941,0.818358335,0.679497203,0.598225059,0.181641665,1
AK_model_8,/home/lyara/areswave/models/AK_model_8.nd,nd,UNK,,,1058.295,60,876.798,25.928,1058.295,60,1291.649,77.785,1317.577,25.928,1682.257,60,0.628107189,0.705244666,0.679532174,0.371892811,0.294755334,1
MD_model82,/home/lyara/areswave/models/MD_model82.nd,nd,UNK,,,1052.51,60,736.454,189.634,1052.51,60,1263.214,42.14,1336.96,63.211,1596.883,60,0.902076448,0.568265066,0.679535527,0.097923552,0.431734934,1
Geophysical_model57,/home/lyara/areswave/models/Geophysical_model57.nd,nd,UNK,,,984.104,60,876.704,186.372,984.104,60,1118.67,33.641,1488.726,100.924,1686.973,60,0.598337808,0.720668585,0.679891659,0.401662192,0.279331415,1
Geophysical_model499,/home/lyara/areswave/models/Geophysical_model499.nd,nd,UNK,,,949.973,60,900,195.965,949.973,60,1116.548,16.657,1449.698,116.603,1681.061,60,0.898298156,0.570697185,0.679897509,0.101701844,0.429302815,1
Geophysical_model339,/home/lyara/areswave/models/Geophysical_model339.nd,nd,UNK,,,949.973,60,900,195.965,949.973,60,1116.548,16.657,1449.698,116.603,1681.061,60,0.898298156,0.570697185,0.679897509,0.101701844,0.429302815,1
Geophysical_model590,/home/lyara/areswave/models/Geophysical_model590.nd,nd,UNK,,,916.672,60,876.867,185.067,916.672,60,1116.735,33.344,1483.517,83.359,1681.583,60,0.268706406,0.88591212,0.680176882,0.731293594,0.11408788,1
Geophysical_model189,/home/lyara/areswave/models/Geophysical_model189.nd,nd,UNK,,,1047.171,60,900,194.523,1047.171,60,1145.284,32.704,1488.683,65.409,1670.008,60,0.725953511,0.657397959,0.680249809,0.274046489,0.342602041,1
Geophysical_model196,/home/lyara/areswave/models/Geophysical_model196.nd,nd,UNK,,,1047.171,60,900,194.523,1047.171,60,1145.284,32.704,1488.683,65.409,1670.008,60,0.725953511,0.657397959,0.680249809,0.274046489,0.342602041,1
Geophysical_model203,/home/lyara/areswave/models/Geophysical_model203.nd,nd,UNK,,,1047.171,60,900,194.523,1047.171,60,1145.284,32.704,1488.683,65.409,1670.008,60,0.725953511,0.657397959,0.680249809,0.274046489,0.342602041,1
Geophysical_model897,/home/lyara/areswave/models/Geophysical_model897.nd,nd,UNK,,,950.093,60,900,199.612,950.093,60,1133.767,50.093,1484.418,66.791,1682.515,60,0.846545441,0.597273978,0.680364465,0.153454559,0.402726022,1
Geophysical_model830,/home/lyara/areswave/models/Geophysical_model830.nd,nd,UNK,,,966.709,60,875.782,193.746,966.709,60,1133.481,33.355,1483.703,66.709,1681.776,60,0.854087227,0.593997768,0.680694254,0.145912773,0.406002232,1
Geophysical_model873,/home/lyara/areswave/models/Geophysical_model873.nd,nd,UNK,,,966.709,60,875.782,193.746,966.709,60,1133.481,33.355,1483.703,66.709,1681.776,60,0.854087227,0.593997768,0.680694254,0.145912773,0.406002232,1
Geophysical_model907,/home/lyara/areswave/models/Geophysical_model907.nd,nd,UNK,,,933.855,60,900,187.782,933.855,60,1120.056,33.855,1458.604,84.637,1690.835,60,0.903774537,0.569166094,0.680702242,0.096225463,0.430833906,1
Geophysical_model353,/home/lyara/areswave/models/Geophysical_model353.nd,nd,UNK,,,967.499,60,900,184.858,967.499,60,1119.373,33.75,1456.871,101.249,1688.933,60,0.896858094,0.572788625,0.680811781,0.103141906,0.427211375,1
Geophysical_model492,/home/lyara/areswave/models/Geophysical_model492.nd,nd,UNK,,,967.499,60,900,184.858,967.499,60,1119.373,33.75,1456.871,101.249,1688.933,60,0.896858094,0.572788625,0.680811781,0.103141906,0.427211375,1
Geophysical_model742,/home/lyara/areswave/models/Geophysical_model742.nd,nd,UNK,,,966.694,60,900,192.658,966.694,60,1133.428,33.346,1483.57,66.694,1681.638,60,0.782548859,0.630722397,0.681331218,0.217451141,0.369277603,1
Geophysical_model523,/home/lyara/areswave/models/Geophysical_model523.nd,nd,UNK,,,966.694,60,900,192.658,966.694,60,1133.428,33.346,1483.57,66.694,1681.638,60,0.782548859,0.630722397,0.681331218,0.217451141,0.369277603,1
Geophysical_model505,/home/lyara/areswave/models/Geophysical_model505.nd,nd,UNK,,,949.989,60,900,178.015,949.989,60,1116.619,16.663,1499.867,83.315,1681.259,60,0.556800746,0.744825212,0.68215039,0.443199254,0.255174788,1
Geophysical_model546,/home/lyara/areswave/models/Geophysical_model546.nd,nd,UNK,,,916.694,60,877.651,178.792,916.694,60,1117.027,33.389,1467.608,83.472,1682.396,60,0.788464035,0.628996274,0.682152194,0.211535965,0.371003726,1
AK_model_57,/home/lyara/areswave/models/AK_model_57.nd,nd,UNK,,,1014.565,60,889.976,24.918,1014.565,60,1164.071,99.671,1388.331,99.671,1670.1,60,0.823268566,0.612632455,0.682844492,0.176731434,0.387367545,1
Geophysical_model89,/home/lyara/areswave/models/Geophysical_model89.nd,nd,UNK,,,1000.663,60,900,199.839,1000.663,60,1134.88,33.554,1470.423,83.886,1685.394,60,0.573696164,0.737693949,0.683028021,0.426303836,0.262306051,1
Geophysical_model401,/home/lyara/areswave/models/Geophysical_model401.nd,nd,UNK,,,933.558,60,900,195.534,933.558,60,1101.346,16.779,1436.922,117.452,1685.455,60,0.767123146,0.641299294,0.683240578,0.232876854,0.358700706,1
Geophysical_model73,/home/lyara/areswave/models/Geophysical_model73.nd,nd,UNK,,,1032.872,60,900,180.681,1032.872,60,1132.525,33.217,1497.923,83.045,1679.303,60,0.75297515,0.649240024,0.6838184,0.24702485,0.350759976,1
Geophysical_model921,/home/lyara/areswave/models/Geophysical_model921.nd,nd,UNK,,,916.674,60,877.608,179.137,916.674,60,1116.766,33.348,1483.6,83.371,1681.669,60,0.742933157,0.654649057,0.68407709,0.257066843,0.345350943,1
Geophysical_model296,/home/lyara/areswave/models/Geophysical_model296.nd,nd,UNK,,,949.517,60,900,193.344,949.517,60,1114.574,16.506,1444.688,115.54,1675.563,60,0.845618603,0.603476815,0.684190744,0.154381397,0.396523185,1
Geophysical_model359,/home/lyara/areswave/models/Geophysical_model359.nd,nd,UNK,,,949.517,60,900,193.344,949.517,60,1114.574,16.506,1444.688,115.54,1675.563,60,0.845618603,0.603476815,0.684190744,0.154381397,0.396523185,1
AK_model_36,/home/lyara/areswave/models/AK_model_36.nd,nd,UNK,,,1018.238,60,808.87,26.171,1018.238,60,1227.606,104.684,1306.119,26.171,1673.647,60,0.775580392,0.641364705,0.686103267,0.224419608,0.358635295,1
Geophysical_model575,/home/lyara/areswave/models/Geophysical_model575.nd,nd,UNK,,,900,60,900,191.037,900,60,1116.744,33.345,1483.543,100.036,1681.61,60,0.681620319,0.688578841,0.686259333,0.318379681,0.311421159,1
Geophysical_model574,/home/lyara/areswave/models/Geophysical_model574.nd,nd,UNK,,,900,60,900,191.037,900,60,1116.744,33.345,1483.543,100.036,1681.61,60,0.681620319,0.688578841,0.686259333,0.318379681,0.311421159,1
Geophysical_model948,/home/lyara/areswave/models/Geophysical_model948.nd,nd,UNK,,,933.856,60,900,185.258,933.856,60,1120.061,33.856,1475.545,84.639,1690.849,60,0.810520427,0.624772823,0.686688691,0.189479573,0.375227177,1
Geophysical_model500,/home/lyara/areswave/models/Geophysical_model500.nd,nd,UNK,,,950.39,60,900,189.022,950.39,60,1135.153,33.594,1487.881,67.186,1686.099,60,0.750540796,0.65496,0.686820265,0.249459204,0.34504,1
AK_model_14,/home/lyara/areswave/models/AK_model_14.nd,nd,UNK,,,1026.729,60,807.065,24.407,1026.729,60,1270.801,97.629,1319.615,24.407,1671.438,60,0.886009533,0.589079903,0.688056446,0.113990467,0.410920097,1
Geophysical_model227,/home/lyara/areswave/models/Geophysical_model227.nd,nd,UNK,,,967.56,60,879.511,184.397,967.56,60,1119.571,33.78,1457.372,101.34,1689.483,60,0.767288979,0.64878276,0.688284833,0.232711021,0.35121724,1
Geophysical_model776,/home/lyara/areswave/models/Geophysical_model776.nd,nd,UNK,,,916.728,60,900,193.209,916.728,60,1117.459,33.456,1468.739,83.638,1683.6,60,0.302838008,0.881233939,0.688435295,0.697161992,0.118766061,1
Geophysical_model622,/home/lyara/areswave/models/Geophysical_model622.nd,nd,UNK,,,933.416,60,900,184.268,933.416,60,1117.203,33.416,1484.777,83.54,1682.887,60,0.381831751,0.842633181,0.689032704,0.618168249,0.157366819,1
AK_model_66,/home/lyara/areswave/models/AK_model_66.nd,nd,UNK,,,1018.904,60,817.742,25.146,1018.904,60,1169.776,100.581,1370.939,75.436,1678.566,60,0.901707442,0.582909788,0.689175673,0.098292558,0.417090212,1
CD_model46,/home/lyara/areswave/models/CD_model46.nd,nd,UNK,,,,60,,60,,60,,60,,60,,60,0.411910304,0.828490321,0.689630316,0.588089696,0.171509679,1
CD_model45,/home/lyara/areswave/models/CD_model45.nd,nd,UNK,,,,60,,60,,60,,60,,60,,60,0.411910304,0.828490321,0.689630316,0.588089696,0.171509679,1
Geophysical_model859,/home/lyara/areswave/models/Geophysical_model859.nd,nd,UNK,,,950.013,60,900,182.129,950.013,60,1133.396,33.342,1483.489,66.684,1681.554,60,0.691651584,0.688679929,0.68967048,0.308348416,0.311320071,1
Geophysical_model510,/home/lyara/areswave/models/Geophysical_model510.nd,nd,UNK,,,1083.742,60,900,21.403,1083.742,60,1100.446,16.704,1484.635,100.223,1682.74,60,0.330393532,0.869387764,0.68972302,0.669606468,0.130612236,1
Geophysical_model860,/home/lyara/areswave/models/Geophysical_model860.nd,nd,UNK,,,933.943,60,900,186.527,933.943,60,1120.631,33.943,1494.007,84.858,1692.437,60,0.883163842,0.593419884,0.690001203,0.116836158,0.406580116,1
Geophysical_model630,/home/lyara/areswave/models/Geophysical_model630.nd,nd,UNK,,,916.693,60,877.619,179.047,916.693,60,1117.015,33.386,1484.271,83.467,1682.363,60,0.761918223,0.655095997,0.690703406,0.238081777,0.344904003,1
Geophysical_model111,/home/lyara/areswave/models/Geophysical_model111.nd,nd,UNK,,,982.65,60,900,192.13,982.65,60,1114.889,16.53,1462.017,115.71,1676.44,60,0.706635492,0.683364976,0.691121814,0.293364508,0.316635024,1
Geophysical_model539,/home/lyara/areswave/models/Geophysical_model539.nd,nd,UNK,,,950.085,60,900,183.344,950.085,60,1133.728,33.39,1484.32,66.779,1682.414,60,0.545712066,0.763930451,0.691190989,0.454287934,0.236069549,1
Geophysical_model790,/home/lyara/areswave/models/Geophysical_model790.nd,nd,UNK,,,900,60,900,197.837,900,60,1104.416,17.035,1479.179,102.208,1694.72,60,0.695252926,0.689291877,0.691278893,0.304747074,0.310708123,1
Geophysical_model125,/home/lyara/areswave/models/Geophysical_model125.nd,nd,UNK,,,983.004,60,878.65,192.148,983.004,60,1115.809,16.601,1497.625,99.604,1679.004,60,0.574861134,0.749533465,0.691309355,0.425138866,0.250466535,1
Geophysical_model164,/home/lyara/areswave/models/Geophysical_model164.nd,nd,UNK,,,950.866,60,900,193.895,950.866,60,1120.421,33.911,1459.531,101.733,1691.853,60,0.830391146,0.622414515,0.691740059,0.169608854,0.377585485,1
Geophysical_model487,/home/lyara/areswave/models/Geophysical_model487.nd,nd,UNK,,,1047.872,60,900,189.36,1047.872,60,1130.023,32.86,1491.488,82.151,1672.831,60,0.776737901,0.650240418,0.692406245,0.223262099,0.349759582,1
Geophysical_model86,/home/lyara/areswave/models/Geophysical_model86.nd,nd,UNK,,,1015.239,60,900,189.352,1015.239,60,1130.479,32.926,1492.66,98.777,1674.009,60,0.622859911,0.727258075,0.692458687,0.377140089,0.272741925,1
AK_model_20,/home/lyara/areswave/models/AK_model_20.nd,nd,UNK,,,1062.423,60,820.847,26.842,1062.423,60,1277.158,26.842,1330.842,53.684,1702.21,60,0.720943237,0.679182692,0.693102874,0.279056763,0.320817308,1
Geophysical_model103,/home/lyara/areswave/models/Geophysical_model103.nd,nd,UNK,,,1016.326,60,900,195.543,1016.326,60,1132.652,33.236,1498.248,99.708,1679.631,60,0.567731255,0.756468013,0.69355576,0.432268745,0.243531987,1
MD_model10,/home/lyara/areswave/models/MD_model10.nd,nd,UNK,,,1002.201,60,801.147,10.582,1002.201,60,1245.582,137.564,1372.563,190.472,1611.713,60,0.352350411,0.864949419,0.694083083,0.647649589,0.135050581,1
MD_model72,/home/lyara/areswave/models/MD_model72.nd,nd,UNK,,,905.619,60,705.837,189.267,905.619,60,1294.668,84.119,1305.183,31.545,1596.284,60,0.93093001,0.575814961,0.694186644,0.06906999,0.424185039,1
AK_model_63,/home/lyara/areswave/models/AK_model_63.nd,nd,UNK,,,996.13,60,793.624,25.314,996.13,60,1122.696,75.94,1325.202,75.939,1684.197,60,0.909254966,0.588255984,0.695255645,0.090745034,0.411744016,1
MD_model43,/home/lyara/areswave/models/MD_model43.nd,nd,UNK,,,928.392,60,875.123,191.768,928.392,60,1269.313,63.923,1301.275,53.269,1616.08,60,0.389249007,0.848276328,0.695267221,0.610750993,0.151723672,1
Geophysical_model700,/home/lyara/areswave/models/Geophysical_model700.nd,nd,UNK,,,916.847,60,879.958,180.374,916.847,60,1119.005,33.693,1489.628,84.233,1687.906,60,0.421469002,0.832274384,0.695339257,0.578530998,0.167725616,1
MD_model84,/home/lyara/areswave/models/MD_model84.nd,nd,UNK,,,957.206,60,743.892,191.983,957.206,60,1277.177,53.329,1341.172,74.66,1613.68,60,0.861590696,0.612512289,0.695538425,0.138409304,0.387487711,1
Geophysical_model80,/home/lyara/areswave/models/Geophysical_model80.nd,nd,UNK,,,1016.377,60,900,199.214,1016.377,60,1132.755,33.251,1498.512,99.752,1679.896,60,0.618076655,0.735501909,0.696360158,0.381923345,0.264498091,1
Geophysical_model739,/home/lyara/areswave/models/Geophysical_model739.nd,nd,UNK,,,1099.489,60,900,21.426,1099.489,60,1116.113,16.624,1465.218,99.745,1679.849,60,0.358783583,0.866182022,0.697049209,0.641216417,0.133817978,1
Geophysical_model664,/home/lyara/areswave/models/Geophysical_model664.nd,nd,UNK,,,1099.489,60,900,21.426,1099.489,60,1116.113,16.624,1465.218,99.745,1679.849,60,0.358783583,0.866182022,0.697049209,0.641216417,0.133817978,1
Geophysical_model753,/home/lyara/areswave/models/Geophysical_model753.nd,nd,UNK,,,1099.489,60,900,21.426,1099.489,60,1116.113,16.624,1465.218,99.745,1679.849,60,0.358783583,0.866182022,0.697049209,0.641216417,0.133817978,1
Geophysical_model559,/home/lyara/areswave/models/Geophysical_model559.nd,nd,UNK,,,900,60,900,181.122,900,60,1119.137,33.714,1473.128,101.141,1688.275,60,0.519288161,0.787765653,0.698273156,0.480711839,0.212234347,1
CD_model15,/home/lyara/areswave/models/CD_model15.nd,nd,UNK,,,,60,,60,,60,,60,,60,,60,0.386301772,0.854374405,0.698350194,0.613698228,0.145625595,1
Geophysical_model659,/home/lyara/areswave/models/Geophysical_model659.nd,nd,UNK,,,916.847,60,879.824,181.587,916.847,60,1119.005,33.693,1489.628,84.233,1687.906,60,0.844239461,0.62651491,0.69908976,0.155760539,0.37348509,1
Geophysical_model877,/home/lyara/areswave/models/Geophysical_model877.nd,nd,UNK,,,933.943,60,879.36,185.761,933.943,60,1120.631,33.943,1477.036,84.858,1692.437,60,0.83227943,0.633198216,0.699558621,0.16772057,0.366801784,1
CD_model78,/home/lyara/areswave/models/CD_model78.nd,nd,UNK,,,,60,,60,,60,,60,,60,,60,0.42612369,0.836465245,0.699684727,0.57387631,0.163534755,1
MD_model30,/home/lyara/areswave/models/MD_model30.nd,nd,UNK,,,1031.761,60,887.465,10.307,1031.761,60,1279.127,154.604,1330.661,61.842,1586.589,60,0.815208967,0.64363846,0.700828629,0.184791033,0.35636154,1
Geophysical_model326,/home/lyara/areswave/models/Geophysical_model326.nd,nd,UNK,,,1031.555,60,900,186.065,1031.555,60,1130.221,32.889,1491.996,82.221,1673.341,60,0.89614035,0.603265321,0.700890331,0.10385965,0.396734679,1
MD_model34,/home/lyara/areswave/models/MD_model34.nd,nd,UNK,,,1024.891,60,743.373,194.898,1024.891,60,1295.582,21.655,1371.376,75.793,1635.565,60,0.412538837,0.845622256,0.701261116,0.587461163,0.154377744,1
Geophysical_model428,/home/lyara/areswave/models/Geophysical_model428.nd,nd,UNK,,,966.066,60,900,192.78,966.066,60,1114.715,16.516,1461.562,99.099,1675.956,60,0.883055641,0.61041688,0.701296467,0.116944359,0.38958312,1
Geophysical_model376,/home/lyara/areswave/models/Geophysical_model376.nd,nd,UNK,,,983.203,60,878.839,190.451,983.203,60,1116.329,16.64,1465.783,99.844,1680.452,60,0.771473469,0.666974495,0.701807486,0.228526531,0.333025505,1
Geophysical_model387,/home/lyara/areswave/models/Geophysical_model387.nd,nd,UNK,,,966.673,60,900,186.434,966.673,60,1116.688,33.336,1483.391,100.01,1681.453,60,0.855461013,0.625067604,0.701865407,0.144538987,0.374932396,1
Geophysical_model344,/home/lyara/areswave/models/Geophysical_model344.nd,nd,UNK,,,1063.97,60,900,188.129,1063.97,60,1145.955,32.794,1490.293,65.588,1671.628,60,0.632479187,0.736677296,0.701944593,0.367520813,0.263322704,1
Geophysical_model332,/home/lyara/areswave/models/Geophysical_model332.nd,nd,UNK,,,1063.97,60,900,188.129,1063.97,60,1145.955,32.794,1490.293,65.588,1671.628,60,0.632479187,0.736677296,0.701944593,0.367520813,0.263322704,1
Geophysical_model666,/home/lyara/areswave/models/Geophysical_model666.nd,nd,UNK,,,900,60,900,179.901,900,60,1119.137,33.714,1473.128,101.141,1688.275,60,0.724928889,0.691286007,0.702500301,0.275071111,0.308713993,1
Geophysical_model556,/home/lyara/areswave/models/Geophysical_model556.nd,nd,UNK,,,900,60,900,179.901,900,60,1119.137,33.714,1473.128,101.141,1688.275,60,0.724928889,0.691286007,0.702500301,0.275071111,0.308713993,1
Geophysical_model114,/home/lyara/areswave/models/Geophysical_model114.nd,nd,UNK,,,1098.133,60,900,196.066,1098.133,60,1147.666,33.023,1494.399,66.044,1675.759,60,0.676547157,0.71616219,0.702957179,0.323452843,0.28383781,1
Geophysical_model109,/home/lyara/areswave/models/Geophysical_model109.nd,nd,UNK,,,983.19,60,900,192.453,983.19,60,1116.294,16.638,1465.692,116.466,1680.354,60,0.627468625,0.74118518,0.703279661,0.372531375,0.25881482,1
Geophysical_model129,/home/lyara/areswave/models/Geophysical_model129.nd,nd,UNK,,,1099.26,60,900,178.923,1099.26,60,1115.865,16.605,1431.359,116.234,1679.159,60,0.826897461,0.641877728,0.703550972,0.173102539,0.358122272,1
Geophysical_model826,/home/lyara/areswave/models/Geophysical_model826.nd,nd,UNK,,,1088.334,60,900,20.699,1088.334,60,1105.456,17.121,1465.003,119.85,1697.857,60,0.824216037,0.643746869,0.703903258,0.175783963,0.356253131,1
Geophysical_model116,/home/lyara/areswave/models/Geophysical_model116.nd,nd,UNK,,,933.558,60,900,194.474,933.558,60,1101.346,16.779,1436.922,100.673,1685.455,60,0.822158623,0.64510404,0.704122234,0.177841377,0.35489596,1
MD_model33,/home/lyara/areswave/models/MD_model33.nd,nd,UNK,,,1018.87,60,748.052,187.49,1018.87,60,1279.273,20.832,1362.602,72.913,1579.187,60,0.884623566,0.613931705,0.704162325,0.115376434,0.386068295,1
Geophysical_model422,/home/lyara/areswave/models/Geophysical_model422.nd,nd,UNK,,,1031.655,60,900,189.512,1031.655,60,1130.397,32.914,1492.449,82.285,1673.797,60,0.486603504,0.81342149,0.704482162,0.513396496,0.18657851,1
Geophysical_model402,/home/lyara/areswave/models/Geophysical_model402.nd,nd,UNK,,,1031.655,60,900,189.512,1031.655,60,1130.397,32.914,1492.449,82.285,1673.797,60,0.486603504,0.81342149,0.704482162,0.513396496,0.18657851,1
Geophysical_model563,/home/lyara/areswave/models/Geophysical_model563.nd,nd,UNK,,,1087.281,60,900,22.386,1087.281,60,1104.307,17.025,1461.843,119.179,1694.389,60,0.797091037,0.658185653,0.704487447,0.202908963,0.341814347,1
Geophysical_model6,/home/lyara/areswave/models/Geophysical_model6.nd,nd,UNK,,,966.445,60,900,181.381,966.445,60,1115.945,16.611,1464.778,99.667,1679.382,60,0.797842546,0.658026566,0.704631893,0.202157454,0.341973434,1
Geophysical_model13,/home/lyara/areswave/models/Geophysical_model13.nd,nd,UNK,,,1000.969,60,876.459,188.33,1000.969,60,1135.595,33.656,1488.989,100.97,1687.244,60,0.601273436,0.756818365,0.704970056,0.398726564,0.243181635,1
Geophysical_model375,/home/lyara/areswave/models/Geophysical_model375.nd,nd,UNK,,,949.973,60,900,197.183,949.973,60,1116.548,16.657,1449.698,116.603,1681.061,60,0.546235643,0.784634388,0.70516814,0.453764357,0.215365612,1
Geophysical_model363,/home/lyara/areswave/models/Geophysical_model363.nd,nd,UNK,,,949.973,60,900,197.183,949.973,60,1116.548,16.657,1449.698,116.603,1681.061,60,0.546235643,0.784634388,0.70516814,0.453764357,0.215365612,1
Geophysical_model134,/home/lyara/areswave/models/Geophysical_model134.nd,nd,UNK,,,982.649,60,876.764,185.889,982.649,60,1114.887,16.53,1462.012,115.708,1676.435,60,0.617984014,0.748968136,0.705306762,0.382015986,0.251031864,1
AK_model_58,/home/lyara/areswave/models/AK_model_58.nd,nd,UNK,,,1013.144,60,839.363,24.826,1013.144,60,1162.1,124.13,1385.533,49.652,1666.989,60,0.802793902,0.657285417,0.705788246,0.197206098,0.342714583,1
Geophysical_model305,/home/lyara/areswave/models/Geophysical_model305.nd,nd,UNK,,,966.81,60,900,178.452,966.81,60,1117.132,33.405,1451.182,100.215,1682.69,60,0.851929547,0.633486174,0.706300632,0.148070453,0.366513826,1
AK_model_2,/home/lyara/areswave/models/AK_model_2.nd,nd,UNK,,,1042.278,60,836.749,25.691,1042.278,60,1273.498,102.764,1324.88,25.691,1663.202,60,0.578080283,0.770462877,0.706335346,0.421919717,0.229537123,1
Geophysical_model770,/home/lyara/areswave/models/Geophysical_model770.nd,nd,UNK,,,950.781,60,900,183.569,950.781,60,1136.977,33.854,1492.442,67.707,1690.818,60,0.873609323,0.622841863,0.706431016,0.126390677,0.377158137,1
AK_model_21,/home/lyara/areswave/models/AK_model_21.nd,nd,UNK,,,1060.311,60,819.703,53.469,1060.311,60,1274.186,26.734,1327.655,53.469,1698.352,60,0.67632899,0.721812099,0.706651063,0.32367101,0.278187901,1
Geophysical_model377,/home/lyara/areswave/models/Geophysical_model377.nd,nd,UNK,,,1031.555,60,900,185.679,1031.555,60,1130.221,32.889,1491.996,82.221,1673.341,60,0.622001259,0.749406765,0.706938263,0.377998741,0.250593235,1
Geophysical_model94,/home/lyara/areswave/models/Geophysical_model94.nd,nd,UNK,,,983.071,60,878.665,192.014,983.071,60,1115.985,16.614,1464.884,99.686,1679.494,60,0.8744202,0.624149483,0.707573055,0.1255798,0.375850517,1
Geophysical_model138,/home/lyara/areswave/models/Geophysical_model138.nd,nd,UNK,,,982.921,60,900,196.419,982.921,60,1115.594,16.584,1463.861,116.089,1678.405,60,0.847074233,0.638280508,0.707878416,0.152925767,0.361719492,1
Geophysical_model486,/home/lyara/areswave/models/Geophysical_model486.nd,nd,UNK,,,1031.859,60,900,187.997,1031.859,60,1130.754,32.965,1493.366,82.412,1674.72,60,0.391581872,0.866529015,0.708213301,0.608418128,0.133470985,1
Geophysical_model183,/home/lyara/areswave/models/Geophysical_model183.nd,nd,UNK,,,1031.859,60,900,187.997,1031.859,60,1130.754,32.965,1493.366,82.412,1674.72,60,0.391581872,0.866529015,0.708213301,0.608418128,0.133470985,1
Geophysical_model809,/home/lyara/areswave/models/Geophysical_model809.nd,nd,UNK,,,916.969,60,878.195,196.244,916.969,60,1120.603,33.939,1493.931,84.847,1692.359,60,0.824814584,0.650068789,0.708317387,0.175185416,0.349931211,1
CD_model68,/home/lyara/areswave/models/CD_model68.nd,nd,UNK,,,,60,,60,,60,,60,,60,,60,0.504443694,0.810918687,0.708760356,0.495556306,0.189081313,1
Geophysical_model735,/home/lyara/areswave/models/Geophysical_model735.nd,nd,UNK,,,900,60,900,179.565,900,60,1118.565,33.625,1488.445,100.876,1686.682,60,0.342212192,0.893227073,0.709555446,0.657787808,0.106772927,1
Geophysical_model672,/home/lyara/areswave/models/Geophysical_model672.nd,nd,UNK,,,900,60,900,180.972,900,60,1119.116,33.71,1489.927,101.131,1688.215,60,0.826254936,0.65134976,0.709651485,0.173745064,0.34865024,1
MD_model73,/home/lyara/areswave/models/MD_model73.nd,nd,UNK,,,995.034,60,763.228,10.537,995.034,60,1100.4,147.513,1395.426,126.44,1602.505,60,0.911755706,0.608943651,0.709881003,0.088244294,0.391056349,1
Geophysical_model132,/home/lyara/areswave/models/Geophysical_model132.nd,nd,UNK,,,1048.611,60,900,194.704,1048.611,60,1147.685,33.024,1494.444,66.049,1675.804,60,0.611468515,0.75934767,0.710054618,0.388531485,0.24065233,1
Geophysical_model419,/home/lyara/areswave/models/Geophysical_model419.nd,nd,UNK,,,983.998,60,876.703,186.373,983.998,60,1118.394,33.599,1471.183,100.797,1686.203,60,0.523970021,0.803522939,0.710338633,0.476029979,0.196477061,1
Geophysical_model144,/home/lyara/areswave/models/Geophysical_model144.nd,nd,UNK,,,966.251,60,900,186.748,966.251,60,1115.315,16.563,1463.132,99.376,1677.628,60,0.782909817,0.674172256,0.71041811,0.217090183,0.325827744,1
Geophysical_model688,/home/lyara/areswave/models/Geophysical_model688.nd,nd,UNK,,,933.943,60,879.28,186.476,933.943,60,1120.631,33.943,1494.007,84.858,1692.437,60,0.875619653,0.628145797,0.710637082,0.124380347,0.371854203,1
Geophysical_model208,/home/lyara/areswave/models/Geophysical_model208.nd,nd,UNK,,,966.508,60,900,193.799,966.508,60,1116.152,16.627,1465.32,99.762,1679.958,60,0.800621999,0.665733553,0.710696368,0.199378001,0.334266447,1
Geophysical_model190,/home/lyara/areswave/models/Geophysical_model190.nd,nd,UNK,,,966.508,60,900,193.799,966.508,60,1116.152,16.627,1465.32,99.762,1679.958,60,0.800621999,0.665733553,0.710696368,0.199378001,0.334266447,1
Geophysical_model53,/home/lyara/areswave/models/Geophysical_model53.nd,nd,UNK,,,966.508,60,900,193.799,966.508,60,1116.152,16.627,1465.32,99.762,1679.958,60,0.800621999,0.665733553,0.710696368,0.199378001,0.334266447,1
Geophysical_model474,/home/lyara/areswave/models/Geophysical_model474.nd,nd,UNK,,,949.523,60,900,189.937,949.523,60,1114.598,16.507,1461.256,99.045,1675.63,60,0.860678806,0.635858165,0.710798379,0.139321194,0.364141835,1
Geophysical_model384,/home/lyara/areswave/models/Geophysical_model384.nd,nd,UNK,,,949.523,60,900,189.937,949.523,60,1114.598,16.507,1461.256,99.045,1675.63,60,0.860678806,0.635858165,0.710798379,0.139321194,0.364141835,1
CD_model80,/home/lyara/areswave/models/CD_model80.nd,nd,UNK,,,,60,,60,,60,,60,,60,,60,0.48989873,0.821507331,0.710971131,0.51010127,0.178492669,1
Geophysical_model542,/home/lyara/areswave/models/Geophysical_model542.nd,nd,UNK,,,1088.045,60,900,20.704,1088.045,60,1105.14,17.095,1464.136,119.665,1696.906,60,0.715049742,0.708997659,0.71101502,0.284950258,0.291002341,1
Geophysical_model845,/home/lyara/areswave/models/Geophysical_model845.nd,nd,UNK,,,950.781,60,900,184.211,950.781,60,1136.977,33.854,1492.442,67.707,1690.818,60,0.858428897,0.637508355,0.711148536,0.141571103,0.362491645,1
Geophysical_model974,/home/lyara/areswave/models/Geophysical_model974.nd,nd,UNK,,,950.781,60,900,184.211,950.781,60,1136.977,33.854,1492.442,67.707,1690.818,60,0.858428897,0.637508355,0.711148536,0.141571103,0.362491645,1
Geophysical_model839,/home/lyara/areswave/models/Geophysical_model839.nd,nd,UNK,,,950.781,60,900,184.211,950.781,60,1136.977,33.854,1492.442,67.707,1690.818,60,0.858428897,0.637508355,0.711148536,0.141571103,0.362491645,1
Gudkova,/home/lyara/areswave/models/Gudkova.nd,nd,UNK,,,819.32,60,819.32,307.727,819.32,60,1174.566,16.704,1443.681,39.918,1567.533,90.135,0.697368451,0.718586015,0.711513494,0.302631549,0.281413985,1
CD_model54,/home/lyara/areswave/models/CD_model54.nd,nd,UNK,,,,60,,60,,60,,60,,60,,60,0.556767686,0.789273205,0.711771366,0.443232314,0.210726795,1
MD_model2,/home/lyara/areswave/models/MD_model2.nd,nd,UNK,,,986.891,60,741.65,21.326,986.891,60,1114.842,42.65,1445.384,42.651,1631.921,60,0.580237457,0.778540131,0.71243924,0.419762543,0.221459869,1
Geophysical_model943,/home/lyara/areswave/models/Geophysical_model943.nd,nd,UNK,,,900,60,900,188.602,900,60,1115.838,16.602,1464.498,116.22,1679.083,60,0.698586241,0.719421782,0.712476602,0.301413759,0.280578218,1
Geophysical_model834,/home/lyara/areswave/models/Geophysical_model834.nd,nd,UNK,,,1088.334,60,900,20.671,1088.334,60,1105.456,17.121,1465.003,102.728,1697.857,60,0.798009329,0.670106721,0.712740924,0.201990671,0.329893279,1
Geophysical_model940,/home/lyara/areswave/models/Geophysical_model940.nd,nd,UNK,,,933.35,60,853.741,185.034,933.35,60,1116.776,33.35,1483.627,83.375,1681.697,60,0.485762867,0.82695524,0.713224449,0.514237133,0.17304476,1
Geophysical_model899,/home/lyara/areswave/models/Geophysical_model899.nd,nd,UNK,,,933.35,60,853.741,185.034,933.35,60,1116.776,33.35,1483.627,83.375,1681.697,60,0.485762867,0.82695524,0.713224449,0.514237133,0.17304476,1
Geophysical_model736,/home/lyara/areswave/models/Geophysical_model736.nd,nd,UNK,,,1084.925,60,900,29.856,1084.925,60,1101.736,16.811,1454.774,100.868,1686.632,60,0.434993591,0.852459345,0.713304094,0.565006409,0.147540655,1
Geophysical_model483,/home/lyara/areswave/models/Geophysical_model483.nd,nd,UNK,,,966.664,60,900,186.704,966.664,60,1116.657,16.666,1466.64,99.995,1681.365,60,0.903027864,0.618645224,0.713439437,0.096972136,0.381354776,1
Geophysical_model20,/home/lyara/areswave/models/Geophysical_model20.nd,nd,UNK,,,966.664,60,900,186.704,966.664,60,1116.657,16.666,1466.64,99.995,1681.365,60,0.903027864,0.618645224,0.713439437,0.096972136,0.381354776,1
AK_model_33,/home/lyara/areswave/models/AK_model_33.nd,nd,UNK,,,1079.942,60,818.715,26.122,1079.942,60,1288.923,52.245,1341.169,52.245,1681.533,60,0.651156768,0.744711962,0.713526897,0.348843232,0.255288038,1
Geophysical_model360,/home/lyara/areswave/models/Geophysical_model360.nd,nd,UNK,,,1047.872,60,900,189.034,1047.872,60,1130.023,32.86,1491.488,82.151,1672.831,60,0.479929825,0.830867772,0.713888456,0.520070175,0.169132228,1
Geophysical_model329,/home/lyara/areswave/models/Geophysical_model329.nd,nd,UNK,,,1047.872,60,900,189.034,1047.872,60,1130.023,32.86,1491.488,82.151,1672.831,60,0.479929825,0.830867772,0.713888456,0.520070175,0.169132228,1
Geophysical_model957,/home/lyara/areswave/models/Geophysical_model957.nd,nd,UNK,,,949.985,60,900,199.43,949.985,60,1133.262,33.323,1483.154,83.308,1681.208,60,0.637583506,0.752283358,0.714050074,0.362416494,0.247716642,1
Geophysical_model829,/home/lyara/areswave/models/Geophysical_model829.nd,nd,UNK,,,949.985,60,900,199.43,949.985,60,1133.262,33.323,1483.154,83.308,1681.208,60,0.637583506,0.752283358,0.714050074,0.362416494,0.247716642,1
Geophysical_model425,/home/lyara/areswave/models/Geophysical_model425.nd,nd,UNK,,,1031.687,60,900,185.741,1031.687,60,1130.452,32.922,1476.13,82.304,1673.94,60,0.810316645,0.666365606,0.714349285,0.189683355,0.333634394,1
Geophysical_model106,/home/lyara/areswave/models/Geophysical_model106.nd,nd,UNK,,,966.673,60,900,186.183,966.673,60,1116.688,33.336,1483.391,100.01,1681.453,60,0.453633767,0.844778293,0.714396784,0.546366233,0.155221707,1
Geophysical_model554,/home/lyara/areswave/models/Geophysical_model554.nd,nd,UNK,,,933.939,60,879.373,185.641,933.939,60,1120.601,33.939,1476.955,84.847,1692.352,60,0.82117539,0.661215722,0.714535611,0.17882461,0.338784278,1
Geophysical_model721,/home/lyara/areswave/models/Geophysical_model721.nd,nd,UNK,,,933.939,60,879.373,185.641,933.939,60,1120.601,33.939,1476.955,84.847,1692.352,60,0.82117539,0.661215722,0.714535611,0.17882461,0.338784278,1
Geophysical_model737,/home/lyara/areswave/models/Geophysical_model737.nd,nd,UNK,,,933.939,60,879.373,185.641,933.939,60,1120.601,33.939,1476.955,84.847,1692.352,60,0.82117539,0.661215722,0.714535611,0.17882461,0.338784278,1
Geophysical_model249,/home/lyara/areswave/models/Geophysical_model249.nd,nd,UNK,,,967.872,60,900,181.004,967.872,60,1120.585,33.937,1459.948,101.809,1692.31,60,0.857747282,0.643264525,0.714758778,0.142252718,0.356735475,1
MD_model15,/home/lyara/areswave/models/MD_model15.nd,nd,UNK,,,994.191,60,802.191,10.667,994.191,60,1164.858,149.334,1463.525,192,1618.557,60,0.552047789,0.796212483,0.714824252,0.447952211,0.203787517,1
Geophysical_model789,/home/lyara/areswave/models/Geophysical_model789.nd,nd,UNK,,,1088.067,60,900,20.667,1088.067,60,1105.164,17.097,1464.2,119.679,1696.976,60,0.594858055,0.774809926,0.714825969,0.405141945,0.225190074,1
Geophysical_model669,/home/lyara/areswave/models/Geophysical_model669.nd,nd,UNK,,,1088.06,60,900,20.667,1088.06,60,1105.156,17.097,1464.18,119.675,1696.954,60,0.594858055,0.774809926,0.714825969,0.405141945,0.225190074,1
Geophysical_model654,/home/lyara/areswave/models/Geophysical_model654.nd,nd,UNK,,,916.721,60,875.945,192.439,916.721,60,1117.378,33.443,1485.25,83.608,1683.376,60,0.661326129,0.743323249,0.715990875,0.338673871,0.256676751,1
Geophysical_model941,/home/lyara/areswave/models/Geophysical_model941.nd,nd,UNK,,,900,60,900,29.796,900,60,1101.736,16.811,1488.396,100.868,1686.632,60,0.472731433,0.837952402,0.716212079,0.527268567,0.162047598,1
Geophysical_model836,/home/lyara/areswave/models/Geophysical_model836.nd,nd,UNK,,,900,60,900,187.837,900,60,1115.838,16.602,1464.498,116.22,1679.083,60,0.609293629,0.769836376,0.716322127,0.390706371,0.230163624,1
Geophysical_model874,/home/lyara/areswave/models/Geophysical_model874.nd,nd,UNK,,,916.644,60,876.99,184.081,916.644,60,1116.374,16.644,1499.19,99.865,1680.578,60,0.808346835,0.670908348,0.716721177,0.191653165,0.329091652,1
CD_model27,/home/lyara/areswave/models/CD_model27.nd,nd,UNK,,,,60,,60,,60,,60,,60,,60,0.413167833,0.868504375,0.716725527,0.586832167,0.131495625,1
Geophysical_model148,/home/lyara/areswave/models/Geophysical_model148.nd,nd,UNK,,,983.062,60,858.582,186.381,983.062,60,1115.961,16.613,1464.822,116.287,1679.428,60,0.834452244,0.657917353,0.716762317,0.165547756,0.342082647,1
Geophysical_model939,/home/lyara/areswave/models/Geophysical_model939.nd,nd,UNK,,,933.365,60,876.693,186.455,933.365,60,1116.871,33.365,1483.885,83.412,1681.963,60,0.79190217,0.679382727,0.716889208,0.20809783,0.320617273,1
Geophysical_model637,/home/lyara/areswave/models/Geophysical_model637.nd,nd,UNK,,,933.365,60,876.693,186.455,933.365,60,1116.871,33.365,1483.885,83.412,1681.963,60,0.79190217,0.679382727,0.716889208,0.20809783,0.320617273,1
Geophysical_model410,/home/lyara/areswave/models/Geophysical_model410.nd,nd,UNK,,,1099.994,60,900,181.191,1099.994,60,1116.66,16.666,1449.983,99.997,1681.374,60,0.858360828,0.646619267,0.717199787,0.141639172,0.353380733,1
Geophysical_model277,/home/lyara/areswave/models/Geophysical_model277.nd,nd,UNK,,,1099.994,60,900,181.191,1099.994,60,1116.66,16.666,1449.983,99.997,1681.374,60,0.858360828,0.646619267,0.717199787,0.141639172,0.353380733,1
MD_model87,/home/lyara/areswave/models/MD_model87.nd,nd,UNK,,,1045.49,60,805.604,185.367,1045.49,60,1296.28,185.367,1361.703,87.231,1638.16,60,0.675810497,0.738135495,0.717360496,0.324189503,0.261864505,1
Geophysical_model228,/home/lyara/areswave/models/Geophysical_model228.nd,nd,UNK,,,1000.927,60,900,186.836,1000.927,60,1135.497,33.643,1488.742,84.106,1686.989,60,0.76094566,0.695609841,0.717388447,0.23905434,0.304390159,1
Geophysical_model560,/home/lyara/areswave/models/Geophysical_model560.nd,nd,UNK,,,1099.489,60,900,21.346,1099.489,60,1116.113,16.624,1465.218,99.745,1679.849,60,0.422491794,0.864862417,0.717405543,0.577508206,0.135137583,1
Geophysical_model868,/home/lyara/areswave/models/Geophysical_model868.nd,nd,UNK,,,949.989,60,900,186.742,949.989,60,1133.282,33.326,1483.205,83.315,1681.261,60,0.939283493,0.607207995,0.717899828,0.060716507,0.392792005,1
Geophysical_model799,/home/lyara/areswave/models/Geophysical_model799.nd,nd,UNK,,,933.862,60,900,186.987,933.862,60,1120.105,33.862,1492.59,84.656,1690.97,60,0.883639822,0.635210605,0.718020344,0.116360178,0.364789395,1
Geophysical_model660,/home/lyara/areswave/models/Geophysical_model660.nd,nd,UNK,,,1097.761,60,900,24.193,1097.761,60,1114.242,16.48,1443.844,115.361,1674.637,60,0.703692756,0.725362847,0.718139483,0.296307244,0.274637153,1
MD_model44,/home/lyara/areswave/models/MD_model44.nd,nd,UNK,,,921.056,60,890.938,140.551,921.056,60,1262.393,70.275,1302.55,40.158,1483.258,61.492,0.85616568,0.649263603,0.718230962,0.14383432,0.350736397,1
Geophysical_model112,/home/lyara/areswave/models/Geophysical_model112.nd,nd,UNK,,,1098.133,60,900,196.456,1098.133,60,1147.666,33.023,1477.888,66.044,1675.759,60,0.570974229,0.792619015,0.71873742,0.429025771,0.207380985,1
CD_model53,/home/lyara/areswave/models/CD_model53.nd,nd,UNK,,,,60,,60,,60,,60,,60,,60,0.547399104,0.80496811,0.719111775,0.452600896,0.19503189,1
Geophysical_model143,/home/lyara/areswave/models/Geophysical_model143.nd,nd,UNK,,,984.095,60,900,186.254,984.095,60,1118.647,33.638,1488.665,100.914,1686.91,60,0.85836009,0.649801968,0.719321342,0.14163991,0.350198032,1
Geophysical_model437,/home/lyara/areswave/models/Geophysical_model437.nd,nd,UNK,,,1000.927,60,900,186.895,1000.927,60,1135.497,33.643,1488.742,84.106,1686.989,60,0.730754445,0.713629617,0.719337893,0.269245555,0.286370383,1
Geophysical_model70,/home/lyara/areswave/models/Geophysical_model70.nd,nd,UNK,,,1000.927,60,900,186.956,1000.927,60,1135.497,33.643,1488.742,84.106,1686.989,60,0.770762646,0.694028642,0.719606643,0.229237354,0.305971358,1
Geophysical_model595,/home/lyara/areswave/models/Geophysical_model595.nd,nd,UNK,,,933.533,60,900,190.855,933.533,60,1117.965,33.533,1486.828,83.833,1685.009,60,0.852345665,0.653608857,0.71985446,0.147654335,0.346391143,1
Geophysical_model214,/home/lyara/areswave/models/Geophysical_model214.nd,nd,UNK,,,949.92,60,900,183.216,949.92,60,1116.318,16.64,1449.115,116.479,1680.421,60,0.731442185,0.715202141,0.720615489,0.268557815,0.284797859,1
Geophysical_model412,/home/lyara/areswave/models/Geophysical_model412.nd,nd,UNK,,,1030.985,60,900,188.822,1030.985,60,1129.223,32.746,1489.43,81.865,1670.76,60,0.523957738,0.81925257,0.720820959,0.476042262,0.18074743,1
Geophysical_model734,/home/lyara/areswave/models/Geophysical_model734.nd,nd,UNK,,,1084.693,60,900,22.441,1084.693,60,1101.483,16.79,1487.659,100.742,1685.869,60,0.677527761,0.742881349,0.721096819,0.322472239,0.257118651,1
Geophysical_model791,/home/lyara/areswave/models/Geophysical_model791.nd,nd,UNK,,,1084.693,60,900,22.441,1084.693,60,1101.483,16.79,1487.659,100.742,1685.869,60,0.677527761,0.742881349,0.721096819,0.322472239,0.257118651,1
AK_model_12,/home/lyara/areswave/models/AK_model_12.nd,nd,UNK,,,1035.663,60,813.003,24.74,1035.663,60,1283.062,74.22,1307.802,24.74,1686.223,60,0.813210845,0.67602855,0.721755982,0.186789155,0.32397145,1
AK_model_3,/home/lyara/areswave/models/AK_model_3.nd,nd,UNK,,,1022.298,60,814.479,51.955,1022.298,60,1282.072,103.91,1308.049,25.978,1673.821,60,0.901707126,0.631888045,0.721827738,0.098292874,0.368111955,1
Geophysical_model988,/home/lyara/areswave/models/Geophysical_model988.nd,nd,UNK,,,950.085,60,900,182.547,950.085,60,1133.728,33.39,1484.32,66.779,1682.414,60,0.814091632,0.675989874,0.722023793,0.185908368,0.324010126,1
Geophysical_model548,/home/lyara/areswave/models/Geophysical_model548.nd,nd,UNK,,,916.902,60,879.896,180.939,916.902,60,1119.729,33.804,1474.676,84.511,1689.924,60,0.7377868,0.715026306,0.722613137,0.2622132,0.284973694,1
AK_model_70,/home/lyara/areswave/models/AK_model_70.nd,nd,UNK,,,1060,60,825,25,1060,60,1300,75,1300,50,1634.964,60,0.943070116,0.612641532,0.722784393,0.056929884,0.387358468,1
Geophysical_model58,/home/lyara/areswave/models/Geophysical_model58.nd,nd,UNK,,,966.592,60,900,182.842,966.592,60,1116.423,16.648,1466.03,99.888,1680.715,60,0.694002593,0.739109952,0.724074166,0.305997407,0.260890048,1
MD_model41,/home/lyara/areswave/models/MD_model41.nd,nd,UNK,,,935.041,60,741.286,182.99,935.041,60,1268.729,64.585,1301.021,53.821,1628.814,60,0.560730642,0.805834578,0.724133266,0.439269358,0.194165422,1
Geophysical_model59,/home/lyara/areswave/models/Geophysical_model59.nd,nd,UNK,,,1063.404,60,900,196.4,1063.404,60,1145.107,32.681,1488.256,65.362,1669.579,60,0.704953885,0.734918299,0.724930161,0.295046115,0.265081701,1
MD_model79,/home/lyara/areswave/models/MD_model79.nd,nd,UNK,,,991.345,60,742.39,10.373,991.345,60,1126.195,10.373,1354.404,93.358,1580.668,60,0.415048706,0.880119798,0.725096101,0.584951294,0.119880202,1
CD_model58,/home/lyara/areswave/models/CD_model58.nd,nd,UNK,,,,60,,60,,60,,60,,60,,60,0.592171477,0.791657136,0.725161916,0.407828523,0.208342864,1
CD_model20,/home/lyara/areswave/models/CD_model20.nd,nd,UNK,,,,60,,60,,60,,60,,60,,60,0.515960792,0.830043065,0.725348974,0.484039208,0.169956935,1
AK_model_55,/home/lyara/areswave/models/AK_model_55.nd,nd,UNK,,,1024.297,60,845.36,25.562,1024.297,60,1152.109,102.249,1382.171,51.125,1667.971,60,0.864129364,0.656868224,0.72595527,0.135870636,0.343131776,1
AK_model_41,/home/lyara/areswave/models/AK_model_41.nd,nd,UNK,,,1033.676,60,821.492,26.524,1033.676,60,1298.907,106.092,1484.568,159.138,1694.521,60,0.888018818,0.64506505,0.726049639,0.111981182,0.35493495,1
Geophysical_model163,/home/lyara/areswave/models/Geophysical_model163.nd,nd,UNK,,,967.551,60,900,181.758,967.551,60,1119.539,33.775,1457.292,118.213,1689.395,60,0.776189702,0.701863086,0.726638625,0.223810298,0.298136914,1
Geophysical_model413,/home/lyara/areswave/models/Geophysical_model413.nd,nd,UNK,,,1063.846,60,900,187.439,1063.846,60,1145.769,32.769,1489.845,65.539,1671.177,60,0.794124229,0.69303458,0.726731129,0.205875771,0.30696542,1
Geophysical_model188,/home/lyara/areswave/models/Geophysical_model188.nd,nd,UNK,,,967.494,60,900,188.938,967.494,60,1119.357,33.747,1456.828,118.116,1688.886,60,0.892300043,0.644097087,0.726831405,0.107699957,0.355902913,1
MD_model25,/home/lyara/areswave/models/MD_model25.nd,nd,UNK,,,906.668,60,896.424,194.633,906.668,60,1295.935,81.951,1306.179,30.732,1500.813,60.925,0.652764617,0.76413352,0.727010552,0.347235383,0.23586648,1
MD_model64,/home/lyara/areswave/models/MD_model64.nd,nd,UNK,,,1026.644,60,732.299,185.328,1026.644,60,1299.185,10.902,1342.791,76.312,1640.914,60,0.631177217,0.775293372,0.727254654,0.368822783,0.224706628,1
Geophysical_model135,/home/lyara/areswave/models/Geophysical_model135.nd,nd,UNK,,,1048.611,60,900,193.514,1048.611,60,1147.685,33.024,1494.444,66.049,1675.804,60,0.588836408,0.796734978,0.727435455,0.411163592,0.203265022,1
Geophysical_model942,/home/lyara/areswave/models/Geophysical_model942.nd,nd,UNK,,,900,60,900,184.999,900,60,1106.204,17.184,1484.246,85.919,1535.797,68.735,0.726753904,0.728477161,0.727902742,0.273246096,0.271522839,1
AK_model_50,/home/lyara/areswave/models/AK_model_50.nd,nd,UNK,,,1030.878,60,805.605,25.03,1030.878,60,1281.182,100.122,1481.425,175.213,1687.443,60,0.879737738,0.652441471,0.728206893,0.120262262,0.347558529,1
AK_model_32,/home/lyara/areswave/models/AK_model_32.nd,nd,UNK,,,1041.652,60,799.091,26.951,1041.652,60,1284.214,53.903,1311.165,53.903,1709.879,60,0.547006187,0.819145228,0.728432214,0.452993813,0.180854772,1
Geophysical_model447,/home/lyara/areswave/models/Geophysical_model447.nd,nd,UNK,,,1099.994,60,900,180.502,1099.994,60,1116.66,16.666,1449.983,99.997,1681.374,60,0.552705721,0.817510255,0.729242077,0.447294279,0.182489745,1
Geophysical_model922,/home/lyara/areswave/models/Geophysical_model922.nd,nd,UNK,,,949.959,60,900,179.206,949.959,60,1133.142,33.305,1499.507,83.265,1680.897,60,0.923894447,0.632322484,0.729513138,0.076105553,0.367677516,1
Geophysical_model439,/home/lyara/areswave/models/Geophysical_model439.nd,nd,UNK,,,1030.76,60,900,188.125,1030.76,60,1128.83,32.69,1488.42,81.725,1669.744,60,0.80833429,0.692588093,0.731170158,0.19166571,0.307411907,1
Geophysical_model870,/home/lyara/areswave/models/Geophysical_model870.nd,nd,UNK,,,900,60,859.178,183.701,900,60,1106.522,17.21,1485.145,86.05,1502.356,68.84,0.449482079,0.872070095,0.731207423,0.550517921,0.127929905,1
Geophysical_model415,/home/lyara/areswave/models/Geophysical_model415.nd,nd,UNK,,,949.68,60,900,189.936,949.68,60,1115.279,16.56,1463.038,99.36,1677.528,60,0.502556413,0.845842462,0.731413779,0.497443587,0.154157538,1
Geophysical_model293,/home/lyara/areswave/models/Geophysical_model293.nd,nd,UNK,,,916.874,60,900,181.649,916.874,60,1102.492,16.874,1439.978,101.246,1688.913,60,0.840828315,0.676909285,0.731548962,0.159171685,0.323090715,1
Geophysical_model627,/home/lyara/areswave/models/Geophysical_model627.nd,nd,UNK,,,950.721,60,900,183.974,950.721,60,1119.792,33.814,1491.747,67.628,1690.099,60,0.926879517,0.63474563,0.732123592,0.073120483,0.36525437,1
Geophysical_model34,/home/lyara/areswave/models/Geophysical_model34.nd,nd,UNK,,,1047.698,60,900,190.487,1047.698,60,1146.164,32.822,1490.792,65.643,1672.131,60,0.53317828,0.832113673,0.732468542,0.46682172,0.167886327,1
Geophysical_model291,/home/lyara/areswave/models/Geophysical_model291.nd,nd,UNK,,,1033.201,60,900,180.117,1033.201,60,1133.102,33.3,1499.404,83.25,1680.794,60,0.5106722,0.843585315,0.732614276,0.4893278,0.156414685,1
MD_model12,/home/lyara/areswave/models/MD_model12.nd,nd,UNK,,,998.179,60,812.363,10.323,998.179,60,1183.995,165.17,1442.073,185.816,1584.814,60,0.58420357,0.806842961,0.73262983,0.41579643,0.193157039,1
Geophysical_model935,/home/lyara/areswave/models/Geophysical_model935.nd,nd,UNK,,,933.4,60,876.829,185.365,933.4,60,1117.102,33.4,1484.505,83.501,1682.605,60,0.769101517,0.714691383,0.732828095,0.230898483,0.285308617,1
Geophysical_model400,/home/lyara/areswave/models/Geophysical_model400.nd,nd,UNK,,,949.523,60,900,191.149,949.523,60,1114.598,16.507,1461.256,99.045,1675.63,60,0.772813714,0.713290273,0.73313142,0.227186286,0.286709727,1
Geophysical_model35,/home/lyara/areswave/models/Geophysical_model35.nd,nd,UNK,,,1049.765,60,900,179.803,1049.765,60,1132.968,33.281,1499.059,83.202,1680.447,60,0.601463455,0.799038183,0.73317994,0.398536545,0.200961817,1
Geophysical_model107,/home/lyara/areswave/models/Geophysical_model107.nd,nd,UNK,,,983.232,60,900,182.335,983.232,60,1116.402,16.646,1465.975,116.524,1680.656,60,0.908530851,0.645668576,0.733289334,0.091469149,0.354331424,1
Geophysical_model583,/home/lyara/areswave/models/Geophysical_model583.nd,nd,UNK,,,1086.489,60,900,21.158,1086.489,60,1103.443,16.953,1459.467,118.675,1691.782,60,0.816151119,0.692515985,0.733727696,0.183848881,0.307484015,1
Geophysical_model665,/home/lyara/areswave/models/Geophysical_model665.nd,nd,UNK,,,1086.489,60,900,21.158,1086.489,60,1103.443,16.953,1459.467,118.675,1691.782,60,0.816151119,0.692515985,0.733727696,0.183848881,0.307484015,1
Geophysical_model338,/home/lyara/areswave/models/Geophysical_model338.nd,nd,UNK,,,983.209,60,878.088,197.21,983.209,60,1116.344,16.642,1465.824,116.493,1680.495,60,0.749110394,0.726460268,0.73401031,0.250889606,0.273539732,1
Geophysical_model977,/home/lyara/areswave/models/Geophysical_model977.nd,nd,UNK,,,1086.703,60,900,21.204,1086.703,60,1103.676,16.973,1460.108,118.81,1692.486,60,0.795373915,0.70408308,0.734513359,0.204626085,0.29591692,1
AK_model_7,/home/lyara/areswave/models/AK_model_7.nd,nd,UNK,,,1075.329,60,845.445,25.542,1075.329,60,1279.671,51.085,1305.214,51.086,1667.556,60,0.500128855,0.85172361,0.734525358,0.499871145,0.14827639,1
Geophysical_model544,/home/lyara/areswave/models/Geophysical_model544.nd,nd,UNK,,,950.085,60,900,182.621,950.085,60,1133.728,33.39,1484.32,66.779,1682.414,60,0.662295579,0.77069966,0.734564966,0.337704421,0.22930034,1
Geophysical_model538,/home/lyara/areswave/models/Geophysical_model538.nd,nd,UNK,,,950.085,60,900,182.621,950.085,60,1133.728,33.39,1484.32,66.779,1682.414,60,0.662295579,0.77069966,0.734564966,0.337704421,0.22930034,1
CD_model34,/home/lyara/areswave/models/CD_model34.nd,nd,UNK,,,,60,,60,,60,,60,,60,,60,0.540304943,0.83199697,0.734766294,0.459695057,0.16800303,1
Geophysical_model488,/home/lyara/areswave/models/Geophysical_model488.nd,nd,UNK,,,1031.555,60,900,185.927,1031.555,60,1130.221,32.889,1491.996,82.221,1673.341,60,0.460250297,0.87242958,0.735036485,0.539749703,0.12757042,1
Geophysical_model382,/home/lyara/areswave/models/Geophysical_model382.nd,nd,UNK,,,1063.521,60,900,197.657,1063.521,60,1145.281,32.704,1488.674,65.408,1669.999,60,0.524191354,0.840595807,0.735127656,0.475808646,0.159404193,1
Geophysical_model429,/home/lyara/areswave/models/Geophysical_model429.nd,nd,UNK,,,965.996,60,900,194.13,965.996,60,1114.487,16.499,1460.966,98.994,1675.321,60,0.895124918,0.655510695,0.735382102,0.104875082,0.344489305,1
Geophysical_model366,/home/lyara/areswave/models/Geophysical_model366.nd,nd,UNK,,,949.973,60,900,193.913,949.973,60,1116.548,16.657,1449.698,99.945,1681.061,60,0.901849493,0.654013888,0.736625757,0.098150507,0.345986112,1
AK_model_54,/home/lyara/areswave/models/AK_model_54.nd,nd,UNK,,,1017.898,60,837.887,25.716,1017.898,60,1172.194,102.864,1377.921,25.715,1664.88,60,0.714151167,0.748204035,0.736853079,0.285848833,0.251795965,1
Geophysical_model308,/home/lyara/areswave/models/Geophysical_model308.nd,nd,UNK,,,1016.273,60,878.266,195.602,1016.273,60,1132.546,33.221,1497.976,99.663,1679.357,60,0.672602305,0.769353496,0.737103099,0.327397695,0.230646504,1
Geophysical_model697,/home/lyara/areswave/models/Geophysical_model697.nd,nd,UNK,,,900,60,900,20.66,900,60,1106.104,17.175,1483.961,103.052,1699.813,60,0.828110621,0.691935066,0.737326917,0.171889379,0.308064934,1
Geophysical_model792,/home/lyara/areswave/models/Geophysical_model792.nd,nd,UNK,,,900,60,900,20.66,900,60,1106.104,17.175,1483.961,103.052,1699.813,60,0.828110621,0.691935066,0.737326917,0.171889379,0.308064934,1
Geophysical_model882,/home/lyara/areswave/models/Geophysical_model882.nd,nd,UNK,,,900,60,900,20.66,900,60,1106.104,17.175,1483.961,103.052,1699.813,60,0.828110621,0.691935066,0.737326917,0.171889379,0.308064934,1
Geophysical_model244,/home/lyara/areswave/models/Geophysical_model244.nd,nd,UNK,,,1099.378,60,900,179.283,1099.378,60,1115.993,16.614,1431.674,99.689,1679.515,60,0.774535412,0.718780479,0.737365456,0.225464588,0.281219521,1
Geophysical_model989,/home/lyara/areswave/models/Geophysical_model989.nd,nd,UNK,,,966.597,60,900,179.632,966.597,60,1133.089,33.298,1499.372,83.246,1680.761,60,0.899749974,0.657570905,0.738297261,0.100250026,0.342429095,1
Geophysical_model704,/home/lyara/areswave/models/Geophysical_model704.nd,nd,UNK,,,1099.489,60,900,21.06,1099.489,60,1116.113,16.624,1465.218,99.745,1679.849,60,0.569326519,0.82282608,0.738326226,0.430673481,0.17717392,1
Geophysical_model713,/home/lyara/areswave/models/Geophysical_model713.nd,nd,UNK,,,916.672,60,877.403,180.774,916.672,60,1116.738,33.345,1483.524,83.361,1681.59,60,0.881728923,0.666683559,0.738365347,0.118271077,0.333316441,1
Geophysical_model902,/home/lyara/areswave/models/Geophysical_model902.nd,nd,UNK,,,900,60,900,29.45,900,60,1102.126,16.844,1455.847,101.063,1687.809,60,0.798097588,0.708955331,0.738669417,0.201902412,0.291044669,1
Geophysical_model55,/home/lyara/areswave/models/Geophysical_model55.nd,nd,UNK,,,1064.102,60,900,191.786,1064.102,60,1146.153,32.82,1490.767,65.64,1672.105,60,0.469950719,0.873575505,0.739033909,0.530049281,0.126424495,1
Geophysical_model119,/home/lyara/areswave/models/Geophysical_model119.nd,nd,UNK,,,1064.102,60,900,191.786,1064.102,60,1146.153,32.82,1490.767,65.64,1672.105,60,0.469950719,0.873575505,0.739033909,0.530049281,0.126424495,1
Geophysical_model174,/home/lyara/areswave/models/Geophysical_model174.nd,nd,UNK,,,999.816,60,900,195.881,999.816,60,1116.267,16.636,1498.893,99.815,1680.28,60,0.62012078,0.798776522,0.739224608,0.37987922,0.201223478,1
CD_model61,/home/lyara/areswave/models/CD_model61.nd,nd,UNK,,,,60,,60,,60,,60,,60,,60,0.42972532,0.894129904,0.739328376,0.57027468,0.105870096,1
Geophysical_model506,/home/lyara/areswave/models/Geophysical_model506.nd,nd,UNK,,,1086.703,60,900,21.099,1086.703,60,1103.676,16.973,1460.108,118.81,1692.486,60,0.868918224,0.674641623,0.73940049,0.131081776,0.325358377,1
Geophysical_model508,/home/lyara/areswave/models/Geophysical_model508.nd,nd,UNK,,,1083.952,60,900,22.324,1083.952,60,1100.674,16.723,1485.3,100.337,1683.428,60,0.497670652,0.860478813,0.739542759,0.502329348,0.139521187,1
Geophysical_model225,/home/lyara/areswave/models/Geophysical_model225.nd,nd,UNK,,,983.376,60,900,189.029,983.376,60,1116.777,33.35,1483.63,100.051,1681.7,60,0.765418196,0.727557737,0.74017789,0.234581804,0.272442263,1
Geophysical_model465,/home/lyara/areswave/models/Geophysical_model465.nd,nd,UNK,,,982.905,60,859.324,183.043,982.905,60,1115.552,16.581,1463.752,116.067,1678.288,60,0.75944741,0.731763909,0.740991743,0.24055259,0.268236091,1
Geophysical_model85,/home/lyara/areswave/models/Geophysical_model85.nd,nd,UNK,,,1031.784,60,900,187.685,1031.784,60,1130.622,32.946,1476.554,82.365,1674.378,60,0.723217049,0.750019284,0.741085206,0.276782951,0.249980716,1
Geophysical_model900,/home/lyara/areswave/models/Geophysical_model900.nd,nd,UNK,,,916.728,60,875.978,192.176,916.728,60,1117.467,33.456,1485.488,83.641,1683.622,60,0.583453488,0.820159587,0.741257554,0.416546512,0.179840413,1
Geophysical_model379,/home/lyara/areswave/models/Geophysical_model379.nd,nd,UNK,,,1047.698,60,900,189.604,1047.698,60,1146.164,32.822,1490.792,82.054,1672.131,60,0.578037219,0.822951128,0.741313158,0.421962781,0.177048872,1
MD_model95,/home/lyara/areswave/models/MD_model95.nd,nd,UNK,,,1010.926,60,859.539,10.813,1010.926,60,1248.82,140.574,1356.954,194.64,1642.275,60,0.648962319,0.787884346,0.741577004,0.351037681,0.212115654,1
Geophysical_model342,/home/lyara/areswave/models/Geophysical_model342.nd,nd,UNK,,,1031.762,60,900,188.3,1031.762,60,1130.583,32.941,1492.929,82.351,1674.28,60,0.68851062,0.769135606,0.742260611,0.31148938,0.230864394,1
Geophysical_model45,/home/lyara/areswave/models/Geophysical_model45.nd,nd,UNK,,,1016.295,60,900,198.297,1016.295,60,1132.589,33.227,1481.473,99.682,1679.468,60,0.67675571,0.775331288,0.742472762,0.32324429,0.224668712,1
Geophysical_model878,/home/lyara/areswave/models/Geophysical_model878.nd,nd,UNK,,,916.648,60,900,180.388,916.648,60,1116.419,16.648,1499.315,99.885,1680.704,60,0.833020706,0.697956825,0.742978119,0.166979294,0.302043175,1
Geophysical_model87,/home/lyara/areswave/models/Geophysical_model87.nd,nd,UNK,,,1031.859,60,900,186.92,1031.859,60,1130.753,32.964,1476.882,82.412,1674.718,60,0.521159985,0.855207564,0.743858371,0.478840015,0.144792436,1
Geophysical_model152,/home/lyara/areswave/models/Geophysical_model152.nd,nd,UNK,,,950.042,60,900,197.911,950.042,60,1116.847,33.361,1450.457,116.764,1681.894,60,0.631587554,0.800031497,0.743883516,0.368412446,0.199968503,1
AK_model_53,/home/lyara/areswave/models/AK_model_53.nd,nd,UNK,,,1012.109,60,833.338,25.538,1012.109,60,1114.263,102.154,1369.649,76.616,1656.21,60,0.789910352,0.7215524,0.744338384,0.210089648,0.2784476,1
Geophysical_model994,/home/lyara/areswave/models/Geophysical_model994.nd,nd,UNK,,,933.856,60,900,185.07,933.856,60,1120.061,33.856,1458.617,84.639,1690.849,60,0.834051871,0.69953198,0.744371943,0.165948129,0.30046802,1
Geophysical_model754,/home/lyara/areswave/models/Geophysical_model754.nd,nd,UNK,,,933.856,60,900,185.07,933.856,60,1120.061,33.856,1458.617,84.639,1690.849,60,0.834051871,0.69953198,0.744371943,0.165948129,0.30046802,1
Geophysical_model752,/home/lyara/areswave/models/Geophysical_model752.nd,nd,UNK,,,933.856,60,900,185.07,933.856,60,1120.061,33.856,1458.617,84.639,1690.849,60,0.834051871,0.69953198,0.744371943,0.165948129,0.30046802,1
CD_model41,/home/lyara/areswave/models/CD_model41.nd,nd,UNK,,,,60,,60,,60,,60,,60,,60,0.746087311,0.744111294,0.744769966,0.253912689,0.255888706,1
Geophysical_model324,/home/lyara/areswave/models/Geophysical_model324.nd,nd,UNK,,,1049.881,60,900,182.401,1049.881,60,1133.149,33.307,1482.872,83.268,1680.916,60,0.796679155,0.719350891,0.745126979,0.203320845,0.280649109,1
Geophysical_model201,/home/lyara/areswave/models/Geophysical_model201.nd,nd,UNK,,,1049.881,60,900,182.401,1049.881,60,1133.149,33.307,1482.872,83.268,1680.916,60,0.796679155,0.719350891,0.745126979,0.203320845,0.280649109,1
Geophysical_model9,/home/lyara/areswave/models/Geophysical_model9.nd,nd,UNK,,,949.517,60,900,192.452,949.517,60,1114.574,16.506,1444.688,115.54,1675.563,60,0.916057068,0.65986986,0.745265596,0.083942932,0.34013014,1
MD_model85,/home/lyara/areswave/models/MD_model85.nd,nd,UNK,,,997.953,60,716.651,183.928,997.953,60,1290.073,32.458,1333.35,86.554,1630.024,60,0.743987331,0.746024022,0.745345125,0.256012669,0.253975978,1
Geophysical_model200,/home/lyara/areswave/models/Geophysical_model200.nd,nd,UNK,,,933.606,60,900,183.887,933.606,60,1101.635,16.803,1437.694,117.621,1686.328,60,0.781511097,0.728624656,0.74625347,0.218488903,0.271375344,1
Geophysical_model371,/home/lyara/areswave/models/Geophysical_model371.nd,nd,UNK,,,1031.52,60,900,186.703,1031.52,60,1130.159,32.88,1491.838,82.199,1673.183,60,0.494664549,0.872501471,0.74655583,0.505335451,0.127498529,1
AK_model_61,/home/lyara/areswave/models/AK_model_61.nd,nd,UNK,,,1018.991,60,817.395,25.199,1018.991,60,1119.789,100.798,1371.784,75.598,1679.704,60,0.887703088,0.67804843,0.747933316,0.112296912,0.32195157,1
Geophysical_model480,/home/lyara/areswave/models/Geophysical_model480.nd,nd,UNK,,,999.558,60,878.726,191.466,999.558,60,1115.708,16.593,1497.346,99.558,1678.723,60,0.791520141,0.726787202,0.748364848,0.208479859,0.273212798,1
Geophysical_model389,/home/lyara/areswave/models/Geophysical_model389.nd,nd,UNK,,,949.524,60,900,193.339,949.524,60,1114.604,16.509,1461.273,99.048,1675.648,60,0.718630189,0.763346122,0.748440811,0.281369811,0.236653878,1
Geophysical_model768,/home/lyara/areswave/models/Geophysical_model768.nd,nd,UNK,,,933.507,60,875.918,192.657,933.507,60,1117.798,33.507,1469.624,83.768,1684.543,60,0.855522789,0.695079294,0.748560459,0.144477211,0.304920706,1
Geophysical_model599,/home/lyara/areswave/models/Geophysical_model599.nd,nd,UNK,,,933.507,60,875.918,192.657,933.507,60,1117.798,33.507,1469.624,83.768,1684.543,60,0.855522789,0.695079294,0.748560459,0.144477211,0.304920706,1
Geophysical_model532,/home/lyara/areswave/models/Geophysical_model532.nd,nd,UNK,,,916.612,60,878.548,193.069,916.612,60,1115.955,16.612,1498.03,99.672,1679.411,60,0.788528203,0.72864497,0.748606048,0.211471797,0.27135503,1
Geophysical_model63,/home/lyara/areswave/models/Geophysical_model63.nd,nd,UNK,,,1048.554,60,900,194.993,1048.554,60,1147.591,33.012,1494.218,49.518,1675.576,60,0.533702141,0.856455733,0.748871202,0.466297859,0.143544267,1
Geophysical_model267,/home/lyara/areswave/models/Geophysical_model267.nd,nd,UNK,,,1048.554,60,900,194.993,1048.554,60,1147.591,33.012,1494.218,49.518,1675.576,60,0.533702141,0.856455733,0.748871202,0.466297859,0.143544267,1
Geophysical_model224,/home/lyara/areswave/models/Geophysical_model224.nd,nd,UNK,,,1048.554,60,900,194.993,1048.554,60,1147.591,33.012,1494.218,49.518,1675.576,60,0.533702141,0.856455733,0.748871202,0.466297859,0.143544267,1
MD_model98,/home/lyara/areswave/models/MD_model98.nd,nd,UNK,,,964.445,60,700.606,189.964,964.445,60,1270.498,42.215,1333.82,105.536,1604.395,60,0.550443935,0.848807785,0.749353168,0.449556065,0.151192215,1
Geophysical_model246,/home/lyara/areswave/models/Geophysical_model246.nd,nd,UNK,,,1033.219,60,900,180.109,1033.219,60,1133.134,33.305,1482.834,83.262,1680.877,60,0.59076807,0.8292186,0.74973509,0.40923193,0.1707814,1
Geophysical_model638,/home/lyara/areswave/models/Geophysical_model638.nd,nd,UNK,,,916.693,60,877.71,178.319,916.693,60,1117.015,33.386,1484.271,83.467,1682.363,60,0.808034353,0.72126881,0.750190658,0.191965647,0.27873119,1
MD_model83,/home/lyara/areswave/models/MD_model83.nd,nd,UNK,,,957.498,60,725.173,190.085,957.498,60,1263.746,42.241,1305.987,52.801,1598.029,60,0.810267516,0.720948935,0.750721795,0.189732484,0.279051065,1
Geophysical_model302,/home/lyara/areswave/models/Geophysical_model302.nd,nd,UNK,,,933.563,60,900,195.716,933.563,60,1101.377,16.781,1453.786,100.689,1685.548,60,0.743496119,0.754613053,0.750907408,0.256503881,0.245386947,1
Geophysical_model652,/home/lyara/areswave/models/Geophysical_model652.nd,nd,UNK,,,900,60,900,180.042,900,60,1101.507,33.585,1470.937,100.753,1685.941,60,0.448721955,0.902247509,0.751072325,0.551278045,0.097752491,1
Geophysical_model461,/home/lyara/areswave/models/Geophysical_model461.nd,nd,UNK,,,1031.853,60,900,187.839,1031.853,60,1130.743,32.964,1493.339,82.408,1674.693,60,0.558018349,0.847659557,0.751112488,0.441981651,0.152340443,1
Geophysical_model347,/home/lyara/areswave/models/Geophysical_model347.nd,nd,UNK,,,1031.853,60,900,187.839,1031.853,60,1130.743,32.964,1493.339,82.408,1674.693,60,0.558018349,0.847659557,0.751112488,0.441981651,0.152340443,1
Geophysical_model306,/home/lyara/areswave/models/Geophysical_model306.nd,nd,UNK,,,1031.853,60,900,187.839,1031.853,60,1130.743,32.964,1493.339,82.408,1674.693,60,0.558018349,0.847659557,0.751112488,0.441981651,0.152340443,1
Geophysical_model265,/home/lyara/areswave/models/Geophysical_model265.nd,nd,UNK,,,983.111,60,878.726,191.464,983.111,60,1116.088,16.622,1465.153,99.733,1679.781,60,0.570206757,0.842676855,0.751853489,0.429793243,0.157323145,1
Geophysical_model773,/home/lyara/areswave/models/Geophysical_model773.nd,nd,UNK,,,900,60,900,177.993,900,60,1118.724,33.65,1488.873,100.949,1687.125,60,0.547283367,0.854625283,0.752177978,0.452716633,0.145374717,1
Geophysical_model331,/home/lyara/areswave/models/Geophysical_model331.nd,nd,UNK,,,966.03,60,900,191.536,966.03,60,1114.598,16.507,1461.256,99.045,1675.63,60,0.948720871,0.654429375,0.752526541,0.051279129,0.345570625,1
CD_model67,/home/lyara/areswave/models/CD_model67.nd,nd,UNK,,,,60,,60,,60,,60,,60,,60,0.578944831,0.839386196,0.752572407,0.421055169,0.160613804,1
Geophysical_model970,/home/lyara/areswave/models/Geophysical_model970.nd,nd,UNK,,,933.805,60,900,186.685,933.805,60,1119.733,33.805,1474.687,84.513,1689.935,60,0.839367866,0.709399873,0.752722537,0.160632134,0.290600127,1
Geophysical_model321,/home/lyara/areswave/models/Geophysical_model321.nd,nd,UNK,,,1064.355,60,900,189.894,1064.355,60,1146.533,32.871,1491.679,65.742,1673.022,60,0.572064169,0.843704329,0.753157609,0.427935831,0.156295671,1
Geophysical_model442,/home/lyara/areswave/models/Geophysical_model442.nd,nd,UNK,,,949.524,60,900,193.257,949.524,60,1114.604,16.509,1461.273,99.048,1675.648,60,0.83583209,0.711911783,0.753218552,0.16416791,0.288088217,1
CD_model81,/home/lyara/areswave/models/CD_model81.nd,nd,UNK,,,,60,,60,,60,,60,,60,,60,0.580769608,0.839480404,0.753243472,0.419230392,0.160519596,1
Geophysical_model894,/home/lyara/areswave/models/Geophysical_model894.nd,nd,UNK,,,950.013,60,900,182.42,950.013,60,1133.396,33.342,1483.489,66.684,1681.554,60,0.531113578,0.864978164,0.753689969,0.468886422,0.135021836,1
Geophysical_model173,/home/lyara/areswave/models/Geophysical_model173.nd,nd,UNK,,,1063.521,60,900,197.912,1063.521,60,1145.281,32.704,1488.674,65.408,1669.999,60,0.834223877,0.714833985,0.754630616,0.165776123,0.285166015,1
Geophysical_model848,/home/lyara/areswave/models/Geophysical_model848.nd,nd,UNK,,,950.021,60,900,180.064,950.021,60,1133.429,33.347,1483.573,66.694,1681.641,60,0.463874104,0.900117857,0.754703273,0.536125896,0.099882143,1
Geophysical_model233,/home/lyara/areswave/models/Geophysical_model233.nd,nd,UNK,,,1033.403,60,900,187.835,1033.403,60,1133.456,16.675,1483.64,66.702,1681.71,60,0.778033294,0.743335458,0.754901404,0.221966706,0.256664542,1
Geophysical_model177,/home/lyara/areswave/models/Geophysical_model177.nd,nd,UNK,,,1031.636,60,900,188.042,1031.636,60,1130.363,32.909,1475.909,82.273,1673.71,60,0.643854924,0.811738635,0.755777398,0.356145076,0.188261365,1
Geophysical_model236,/home/lyara/areswave/models/Geophysical_model236.nd,nd,UNK,,,933.558,60,900,195.82,933.558,60,1101.346,16.779,1436.922,117.452,1685.455,60,0.666186714,0.800849289,0.755961764,0.333813286,0.199150711,1
Geophysical_model155,/home/lyara/areswave/models/Geophysical_model155.nd,nd,UNK,,,1096.935,60,900,199.078,1096.935,60,1146.169,32.823,1490.805,65.645,1672.143,60,0.596115397,0.836267864,0.756217042,0.403884603,0.163732136,1
Geophysical_model170,/home/lyara/areswave/models/Geophysical_model170.nd,nd,UNK,,,1096.935,60,900,199.078,1096.935,60,1146.169,32.823,1490.805,65.645,1672.143,60,0.596115397,0.836267864,0.756217042,0.403884603,0.163732136,1
Geophysical_model904,/home/lyara/areswave/models/Geophysical_model904.nd,nd,UNK,,,950.128,60,900,199.445,950.128,60,1133.929,50.128,1484.824,66.837,1682.935,60,0.879595288,0.69472052,0.756345443,0.120404712,0.30527948,1
Geophysical_model346,/home/lyara/areswave/models/Geophysical_model346.nd,nd,UNK,,,967.494,60,900,192.867,967.494,60,1119.357,33.747,1456.828,118.116,1688.886,60,0.733712343,0.76776401,0.756413455,0.266287657,0.23223599,1
Geophysical_model242,/home/lyara/areswave/models/Geophysical_model242.nd,nd,UNK,,,967.494,60,900,192.867,967.494,60,1119.357,33.747,1456.828,118.116,1688.886,60,0.733712343,0.76776401,0.756413455,0.266287657,0.23223599,1
Geophysical_model802,/home/lyara/areswave/models/Geophysical_model802.nd,nd,UNK,,,1085.338,60,900,29.762,1085.338,60,1102.186,16.849,1456.013,101.093,1687.991,60,0.876519924,0.697259214,0.757012784,0.123480076,0.302740786,1
Geophysical_model823,/home/lyara/areswave/models/Geophysical_model823.nd,nd,UNK,,,1085.338,60,900,29.762,1085.338,60,1102.186,16.849,1456.013,101.093,1687.991,60,0.876519924,0.697259214,0.757012784,0.123480076,0.302740786,1
Geophysical_model176,/home/lyara/areswave/models/Geophysical_model176.nd,nd,UNK,,,966.298,60,900,189.209,966.298,60,1115.469,16.574,1463.533,99.447,1678.056,60,0.693856929,0.789208389,0.757424569,0.306143071,0.210791611,1
Geophysical_model273,/home/lyara/areswave/models/Geophysical_model273.nd,nd,UNK,,,950.621,60,900,192.233,950.621,60,1119.357,33.747,1456.828,101.242,1688.886,60,0.857948179,0.708155274,0.758086243,0.142051821,0.291844726,1
Geophysical_model383,/home/lyara/areswave/models/Geophysical_model383.nd,nd,UNK,,,1031.555,60,900,185.833,1031.555,60,1130.221,32.889,1475.552,82.221,1673.341,60,0.556210931,0.859178817,0.758189522,0.443789069,0.140821183,1
Geophysical_model496,/home/lyara/areswave/models/Geophysical_model496.nd,nd,UNK,,,1064.195,60,900,188.313,1064.195,60,1146.293,32.839,1474.684,65.678,1672.443,60,0.697715581,0.789248887,0.758737785,0.302284419,0.210751113,1
Geophysical_model5,/home/lyara/areswave/models/Geophysical_model5.nd,nd,UNK,,,1015.251,60,900,187.659,1015.251,60,1130.502,32.929,1492.719,82.322,1674.068,60,0.743247559,0.767187796,0.759207717,0.256752441,0.232812204,1
Geophysical_model424,/home/lyara/areswave/models/Geophysical_model424.nd,nd,UNK,,,1001.023,60,900,187.887,1001.023,60,1118.883,33.675,1472.464,101.024,1687.568,60,0.881338545,0.698502521,0.759447862,0.118661455,0.301497479,1
Geophysical_model274,/home/lyara/areswave/models/Geophysical_model274.nd,nd,UNK,,,1032.808,60,900,180.658,1032.808,60,1132.413,33.201,1481.034,83.005,1679.013,60,0.835480901,0.721915628,0.759770719,0.164519099,0.278084372,1
CD_model42,/home/lyara/areswave/models/CD_model42.nd,nd,UNK,,,,60,,60,,60,,60,,60,,60,0.63269725,0.823928503,0.760184752,0.36730275,0.176071497,1
Geophysical_model22,/home/lyara/areswave/models/Geophysical_model22.nd,nd,UNK,,,1063.523,60,900,194.688,1063.523,60,1145.284,32.704,1488.683,65.409,1670.008,60,0.570772138,0.855195321,0.760387593,0.429227862,0.144804679,1
Geophysical_model147,/home/lyara/areswave/models/Geophysical_model147.nd,nd,UNK,,,1064.034,60,900,190.61,1064.034,60,1146.052,32.807,1490.524,65.614,1671.86,60,0.596399673,0.842684025,0.760589241,0.403600327,0.157315975,1
Geophysical_model231,/home/lyara/areswave/models/Geophysical_model231.nd,nd,UNK,,,1098.133,60,900,196.257,1098.133,60,1147.666,33.023,1494.399,66.044,1675.759,60,0.784107449,0.748934289,0.760658676,0.215892551,0.251065711,1
AK_model_46,/home/lyara/areswave/models/AK_model_46.nd,nd,UNK,,,1017.265,60,775.483,26.865,1017.265,60,1285.911,134.323,1473.964,26.865,1710.571,60,0.885012078,0.698506063,0.760674735,0.114987922,0.301493937,1
MD_model69,/home/lyara/areswave/models/MD_model69.nd,nd,UNK,,,1009.071,60,829.529,10.561,1009.071,60,1135.807,137.296,1347.033,190.104,1617.331,60,0.606928899,0.837643233,0.760738455,0.393071101,0.162356767,1
Geophysical_model354,/home/lyara/areswave/models/Geophysical_model354.nd,nd,UNK,,,1063.97,60,900,189.307,1063.97,60,1145.955,16.397,1490.293,65.588,1671.628,60,0.748408966,0.767197211,0.760934463,0.251591034,0.232802789,1
Geophysical_model378,/home/lyara/areswave/models/Geophysical_model378.nd,nd,UNK,,,1063.97,60,900,189.307,1063.97,60,1145.955,16.397,1490.293,65.588,1671.628,60,0.748408966,0.767197211,0.760934463,0.251591034,0.232802789,1
AK_model_86,/home/lyara/areswave/models/AK_model_86.nd,nd,UNK,,,1049.938,60,885.794,23.449,1049.938,60,1284.43,23.45,1354.777,70.347,1674.308,60,0.870382842,0.706493365,0.761123191,0.129617158,0.293506635,1
Geophysical_model205,/home/lyara/areswave/models/Geophysical_model205.nd,nd,UNK,,,965.752,60,900,182.01,965.752,60,1113.693,16.437,1458.888,115.065,1673.108,60,0.908144759,0.688273691,0.761564047,0.091855241,0.311726309,1
Geophysical_model863,/home/lyara/areswave/models/Geophysical_model863.nd,nd,UNK,,,950.526,60,900,171.761,950.526,60,1135.789,33.684,1472.631,67.369,1687.745,60,0.921203986,0.681959927,0.761707947,0.078796014,0.318040073,1
AK_model_96,/home/lyara/areswave/models/AK_model_96.nd,nd,UNK,,,1066.783,60,771.908,26.807,1066.783,60,1281.238,26.807,1334.851,53.613,1705.64,60,0.662130438,0.811938447,0.762002444,0.337869562,0.188061553,1
AK_model_72,/home/lyara/areswave/models/AK_model_72.nd,nd,UNK,,,1026.606,60,795.967,25.627,1026.606,60,1282.873,76.88,1308.499,25.627,1695.104,60,0.921214224,0.683701541,0.762872435,0.078785776,0.316298459,1
Geophysical_model926,/home/lyara/areswave/models/Geophysical_model926.nd,nd,UNK,,,933.844,60,879.594,183.652,933.844,60,1119.984,33.844,1492.265,84.609,1690.635,60,0.838952622,0.725037251,0.763009042,0.161047378,0.274962749,1
Geophysical_model888,/home/lyara/areswave/models/Geophysical_model888.nd,nd,UNK,,,1088.465,60,900,20.73,1088.465,60,1105.598,17.133,1465.394,102.799,1698.287,60,0.79337761,0.748235097,0.763282602,0.20662239,0.251764903,1
Geophysical_model110,/home/lyara/areswave/models/Geophysical_model110.nd,nd,UNK,,,1032.978,60,900,189.199,1032.978,60,1132.711,33.244,1498.399,83.111,1679.782,60,0.831317028,0.729881314,0.763693219,0.168682972,0.270118686,1
Geophysical_model585,/home/lyara/areswave/models/Geophysical_model585.nd,nd,UNK,,,916.965,60,878.056,197.492,916.965,60,1120.546,33.93,1476.812,101.791,1692.199,60,0.804478834,0.744025167,0.764176389,0.195521166,0.255974833,1
Geophysical_model838,/home/lyara/areswave/models/Geophysical_model838.nd,nd,UNK,,,916.965,60,878.056,197.492,916.965,60,1120.546,33.93,1476.812,101.791,1692.199,60,0.804478834,0.744025167,0.764176389,0.195521166,0.255974833,1
Geophysical_model716,/home/lyara/areswave/models/Geophysical_model716.nd,nd,UNK,,,916.965,60,878.056,197.492,916.965,60,1120.546,33.93,1476.812,101.791,1692.199,60,0.804478834,0.744025167,0.764176389,0.195521166,0.255974833,1
Geophysical_model118,/home/lyara/areswave/models/Geophysical_model118.nd,nd,UNK,,,965.822,60,859.686,181.412,965.822,60,1113.92,16.456,1459.484,115.187,1673.742,60,0.842292675,0.72577769,0.764616018,0.157707325,0.27422231,1
Geophysical_model818,/home/lyara/areswave/models/Geophysical_model818.nd,nd,UNK,,,966.709,60,900,193.666,966.709,60,1133.481,33.355,1483.703,66.709,1681.776,60,0.76252258,0.766898357,0.765439765,0.23747742,0.233101643,1
MD_model24,/home/lyara/areswave/models/MD_model24.nd,nd,UNK,,,1031.407,60,893.911,10.576,1031.407,60,1295.822,84.613,1316.975,95.189,1609.009,60,0.548346973,0.874459346,0.765755221,0.451653027,0.125540654,1
AK_model_82,/home/lyara/areswave/models/AK_model_82.nd,nd,UNK,,,1066.874,60,841.141,25.081,1066.874,60,1292.606,50.162,1342.769,50.163,1675.283,60,0.808144232,0.74598323,0.766703564,0.191855768,0.25401677,1
Geophysical_model166,/home/lyara/areswave/models/Geophysical_model166.nd,nd,UNK,,,1063.464,60,900,197.098,1063.464,60,1145.196,32.693,1472.124,65.386,1669.795,60,0.599029296,0.850974612,0.76699284,0.400970704,0.149025388,1
Geophysical_model126,/home/lyara/areswave/models/Geophysical_model126.nd,nd,UNK,,,966.298,60,878.977,189.208,966.298,60,1115.469,16.574,1463.533,116.022,1678.056,60,0.865776322,0.71778081,0.767112647,0.134223678,0.28221919,1
Geophysical_model316,/home/lyara/areswave/models/Geophysical_model316.nd,nd,UNK,,,1001.288,60,861.085,194.573,1001.288,60,1119.457,33.763,1490.847,101.288,1689.167,60,0.86889937,0.716224388,0.767116049,0.13110063,0.283775612,1
Geophysical_model452,/home/lyara/areswave/models/Geophysical_model452.nd,nd,UNK,,,1031.687,60,900,185.72,1031.687,60,1130.452,32.922,1492.591,82.304,1673.94,60,0.715115359,0.793218568,0.767184165,0.284884641,0.206781432,1
Geophysical_model240,/home/lyara/areswave/models/Geophysical_model240.nd,nd,UNK,,,999.801,60,878.469,193.778,999.801,60,1116.236,16.633,1498.807,99.801,1680.192,60,0.713561961,0.794121084,0.767268043,0.286438039,0.205878916,1
AK_model_44,/home/lyara/areswave/models/AK_model_44.nd,nd,UNK,,,1024.918,60,790.32,26.067,1024.918,60,1285.582,130.332,1494.114,26.067,1677.908,60,0.841566969,0.73013271,0.767277463,0.158433031,0.26986729,1
Geophysical_model516,/home/lyara/areswave/models/Geophysical_model516.nd,nd,UNK,,,1086.489,60,900,21.269,1086.489,60,1103.443,16.953,1459.467,118.675,1691.782,60,0.593907515,0.854263325,0.767478055,0.406092485,0.145736675,1
MD_model32,/home/lyara/areswave/models/MD_model32.nd,nd,UNK,,,997.466,60,794.657,10.14,997.466,60,1129.292,141.967,1352.383,111.545,1504.49,60.807,0.663207432,0.819820999,0.767616477,0.336792568,0.180179001,1
CD_model37,/home/lyara/areswave/models/CD_model37.nd,nd,UNK,,,,60,,60,,60,,60,,60,,60,0.567951474,0.867528225,0.767669308,0.432048526,0.132471775,1
MD_model60,/home/lyara/areswave/models/MD_model60.nd,nd,UNK,,,1089.018,60,853.974,190.274,1089.018,60,1122.596,11.193,1357.641,89.541,1672.31,60,0.739492168,0.781766894,0.767675319,0.260507832,0.218233106,1
Geophysical_model457,/home/lyara/areswave/models/Geophysical_model457.nd,nd,UNK,,,1000.924,60,900,185.799,1000.924,60,1118.67,33.641,1488.726,100.924,1686.973,60,0.795494276,0.755244717,0.768661236,0.204505724,0.244755283,1
Geophysical_model54,/home/lyara/areswave/models/Geophysical_model54.nd,nd,UNK,,,1047.698,60,900,190.43,1047.698,60,1146.164,32.822,1490.792,65.643,1672.131,60,0.815809495,0.745396018,0.768867177,0.184190505,0.254603982,1
Geophysical_model432,/home/lyara/areswave/models/Geophysical_model432.nd,nd,UNK,,,1031.52,60,900,186.47,1031.52,60,1130.159,32.88,1475.398,82.199,1673.183,60,0.628047954,0.839371834,0.768930541,0.371952046,0.160628166,1
Geophysical_model418,/home/lyara/areswave/models/Geophysical_model418.nd,nd,UNK,,,1031.52,60,900,186.47,1031.52,60,1130.159,32.88,1475.398,82.199,1673.183,60,0.628047954,0.839371834,0.768930541,0.371952046,0.160628166,1
Geophysical_model369,/home/lyara/areswave/models/Geophysical_model369.nd,nd,UNK,,,1031.52,60,900,186.47,1031.52,60,1130.159,32.88,1475.398,82.199,1673.183,60,0.628047954,0.839371834,0.768930541,0.371952046,0.160628166,1
Geophysical_model944,/home/lyara/areswave/models/Geophysical_model944.nd,nd,UNK,,,950.91,60,900,184.519,950.91,60,1120.608,33.94,1493.945,84.849,1692.373,60,0.882483345,0.712447444,0.769126078,0.117516655,0.287552556,1
Geophysical_model972,/home/lyara/areswave/models/Geophysical_model972.nd,nd,UNK,,,950.91,60,900,184.519,950.91,60,1120.608,33.94,1493.945,84.849,1692.373,60,0.882483345,0.712447444,0.769126078,0.117516655,0.287552556,1
Geophysical_model956,/home/lyara/areswave/models/Geophysical_model956.nd,nd,UNK,,,966.616,60,900,179.216,966.616,60,1133.157,33.308,1499.547,83.27,1680.937,60,0.867133793,0.720829767,0.769597776,0.132866207,0.279170233,1
Geophysical_model210,/home/lyara/areswave/models/Geophysical_model210.nd,nd,UNK,,,984.407,60,861.669,191.654,984.407,60,1119.457,33.763,1490.847,101.288,1689.167,60,0.884524658,0.712639496,0.76993455,0.115475342,0.287360504,1
MD_model35,/home/lyara/areswave/models/MD_model35.nd,nd,UNK,,,1018.784,60,751.464,181.778,1018.784,60,1286.105,21.385,1360.954,74.85,1612.653,60,0.759516703,0.775790942,0.770366196,0.240483297,0.224209058,1
Geophysical_model861,/home/lyara/areswave/models/Geophysical_model861.nd,nd,UNK,,,949.959,60,900,179.65,949.959,60,1133.142,33.305,1499.507,83.265,1680.897,60,0.811138884,0.751005946,0.771050258,0.188861116,0.248994054,1
Geophysical_model961,/home/lyara/areswave/models/Geophysical_model961.nd,nd,UNK,,,949.959,60,900,179.65,949.959,60,1133.142,33.305,1499.507,83.265,1680.897,60,0.811138884,0.751005946,0.771050258,0.188861116,0.248994054,1
Geophysical_model328,/home/lyara/areswave/models/Geophysical_model328.nd,nd,UNK,,,1001.288,60,861.171,194.143,1001.288,60,1119.457,33.763,1490.847,101.288,1689.167,60,0.742872732,0.786131572,0.771711959,0.257127268,0.213868428,1
Geophysical_model336,/home/lyara/areswave/models/Geophysical_model336.nd,nd,UNK,,,1001.288,60,861.171,194.143,1001.288,60,1119.457,33.763,1490.847,101.288,1689.167,60,0.742872732,0.786131572,0.771711959,0.257127268,0.213868428,1
AK_model_71,/home/lyara/areswave/models/AK_model_71.nd,nd,UNK,,,1027.518,60,797.261,25.584,1027.518,60,1283.359,76.752,1308.944,25.584,1695.121,60,0.928957585,0.693278271,0.771838042,0.071042415,0.306721729,1
Geophysical_model239,/home/lyara/areswave/models/Geophysical_model239.nd,nd,UNK,,,1048.843,60,900,194.704,1048.843,60,1148.071,33.076,1495.37,66.152,1676.736,60,0.680137092,0.818039469,0.77207201,0.319862908,0.181960531,1
Geophysical_model159,/home/lyara/areswave/models/Geophysical_model159.nd,nd,UNK,,,1048.843,60,900,194.704,1048.843,60,1148.071,33.076,1495.37,66.152,1676.736,60,0.680137092,0.818039469,0.77207201,0.319862908,0.181960531,1
Geophysical_model154,/home/lyara/areswave/models/Geophysical_model154.nd,nd,UNK,,,1096.756,60,900,198.574,1096.756,60,1145.945,32.793,1490.267,65.585,1671.602,60,0.843311477,0.736489128,0.772096578,0.156688523,0.263510872,1
Geophysical_model7,/home/lyara/areswave/models/Geophysical_model7.nd,nd,UNK,,,1063.404,60,900,197.098,1063.404,60,1145.107,32.681,1488.256,65.362,1669.579,60,0.596097261,0.860304009,0.772235093,0.403902739,0.139695991,1
Geophysical_model67,/home/lyara/areswave/models/Geophysical_model67.nd,nd,UNK,,,1017.871,60,900,184.989,1017.871,60,1135.742,16.839,1489.354,84.193,1687.623,60,0.801587034,0.757588346,0.772254576,0.198412966,0.242411654,1
Geophysical_model50,/home/lyara/areswave/models/Geophysical_model50.nd,nd,UNK,,,982.805,60,860.982,195.088,982.805,60,1115.292,16.561,1463.072,99.365,1677.564,60,0.834893175,0.741303464,0.772500034,0.165106825,0.258696536,1
AK_model_38,/home/lyara/areswave/models/AK_model_38.nd,nd,UNK,,,1017.632,60,808.958,26.085,1017.632,60,1278.474,104.337,1304.559,26.084,1671.473,60,0.90623819,0.705744443,0.772575692,0.09376181,0.294255557,1
Geophysical_model186,/home/lyara/areswave/models/Geophysical_model186.nd,nd,UNK,,,933.038,60,900,199.34,933.038,60,1114.745,16.519,1445.122,99.113,1676.04,60,0.918069686,0.699861398,0.772597494,0.081930314,0.300138602,1
MD_model52,/home/lyara/areswave/models/MD_model52.nd,nd,UNK,,,1047.919,60,764.485,185.323,1047.919,60,1265.946,32.704,1331.354,54.507,1640.388,60,0.624832535,0.846671506,0.772725182,0.375167465,0.153328494,1
Geophysical_model406,/home/lyara/areswave/models/Geophysical_model406.nd,nd,UNK,,,999.801,60,900,193.607,999.801,60,1116.236,16.633,1482.173,99.801,1680.192,60,0.699784272,0.810748588,0.773760482,0.300215728,0.189251412,1
Geophysical_model1000,/home/lyara/areswave/models/Geophysical_model1000.nd,nd,UNK,,,966.993,60,878.426,194.167,966.993,60,1117.726,33.497,1486.187,100.49,1684.345,60,0.585554801,0.868404206,0.774121071,0.414445199,0.131595794,1
Geophysical_model180,/home/lyara/areswave/models/Geophysical_model180.nd,nd,UNK,,,966.993,60,856.89,193.996,966.993,60,1117.726,33.497,1486.187,100.49,1684.345,60,0.826581336,0.748117041,0.774271806,0.173418664,0.251882959,1
Geophysical_model626,/home/lyara/areswave/models/Geophysical_model626.nd,nd,UNK,,,933.4,60,876.875,184.998,933.4,60,1117.102,33.4,1484.505,83.501,1682.605,60,0.793796084,0.765029012,0.774618036,0.206203916,0.234970988,1
Geophysical_model44,/home/lyara/areswave/models/Geophysical_model44.nd,nd,UNK,,,983.376,60,857.898,189.46,983.376,60,1116.777,33.35,1466.955,100.051,1681.7,60,0.875764207,0.724795005,0.775118072,0.124235793,0.275204995,1
Geophysical_model36,/home/lyara/areswave/models/Geophysical_model36.nd,nd,UNK,,,1049.308,60,900,180.2,1049.308,60,1132.256,33.179,1497.231,82.949,1678.607,60,0.617689954,0.854046131,0.775260738,0.382310046,0.145953869,1
Geophysical_model90,/home/lyara/areswave/models/Geophysical_model90.nd,nd,UNK,,,949.68,60,900,190.494,949.68,60,1115.279,16.56,1446.478,115.92,1677.528,60,0.657235545,0.834492919,0.775407127,0.342764455,0.165507081,1
Geophysical_model411,/home/lyara/areswave/models/Geophysical_model411.nd,nd,UNK,,,1047.083,60,900,187.138,1047.083,60,1145.138,32.685,1488.33,65.37,1669.654,60,0.607099382,0.861234073,0.77652251,0.392900618,0.138765927,1
Geophysical_model441,/home/lyara/areswave/models/Geophysical_model441.nd,nd,UNK,,,1047.083,60,900,187.138,1047.083,60,1145.138,32.685,1488.33,65.37,1669.654,60,0.607099382,0.861234073,0.77652251,0.392900618,0.138765927,1
Geophysical_model420,/home/lyara/areswave/models/Geophysical_model420.nd,nd,UNK,,,1047.083,60,900,187.138,1047.083,60,1145.138,32.685,1488.33,65.37,1669.654,60,0.607099382,0.861234073,0.77652251,0.392900618,0.138765927,1
Geophysical_model355,/home/lyara/areswave/models/Geophysical_model355.nd,nd,UNK,,,1063.846,60,900,187.638,1063.846,60,1145.769,32.769,1489.845,65.539,1671.177,60,0.749107486,0.790452096,0.77667056,0.250892514,0.209547904,1
Geophysical_model519,/home/lyara/areswave/models/Geophysical_model519.nd,nd,UNK,,,917.024,60,877.908,198.826,917.024,60,1121.318,34.049,1495.857,102.147,1694.351,60,0.621090118,0.855267179,0.777208159,0.378909882,0.144732821,1
Geophysical_model890,/home/lyara/areswave/models/Geophysical_model890.nd,nd,UNK,,,917.024,60,877.908,198.826,917.024,60,1121.318,34.049,1495.857,102.147,1694.351,60,0.621090118,0.855267179,0.777208159,0.378909882,0.144732821,1
Geophysical_model423,/home/lyara/areswave/models/Geophysical_model423.nd,nd,UNK,,,966.246,60,900,188.279,966.246,60,1115.299,16.561,1463.089,99.369,1677.583,60,0.837772477,0.747172283,0.777372348,0.162227523,0.252827717,1
Geophysical_model254,/home/lyara/areswave/models/Geophysical_model254.nd,nd,UNK,,,966.246,60,900,188.279,966.246,60,1115.299,16.561,1463.089,99.369,1677.583,60,0.837772477,0.747172283,0.777372348,0.162227523,0.252827717,1
Geophysical_model969,/home/lyara/areswave/models/Geophysical_model969.nd,nd,UNK,,,900,60,900,180.861,900,60,1106.104,17.175,1483.961,103.052,1699.813,60,0.913922239,0.710444615,0.77827049,0.086077761,0.289555385,1
Geophysical_model310,/home/lyara/areswave/models/Geophysical_model310.nd,nd,UNK,,,1016.326,60,878.266,195.602,1016.326,60,1132.652,33.236,1498.248,99.708,1679.631,60,0.779910637,0.777704614,0.778439955,0.220089363,0.222295386,1
MD_model78,/home/lyara/areswave/models/MD_model78.nd,nd,UNK,,,1001.327,60,824.502,10.402,1001.327,60,1136.547,166.424,1302.971,166.424,1591.73,60,0.652321431,0.842152294,0.77887534,0.347678569,0.157847706,1
Geophysical_model458,/home/lyara/areswave/models/Geophysical_model458.nd,nd,UNK,,,1031.442,60,900,189.443,1031.442,60,1130.023,32.86,1491.488,82.151,1672.831,60,0.6423832,0.847452139,0.779095826,0.3576168,0.152547861,1
Geophysical_model221,/home/lyara/areswave/models/Geophysical_model221.nd,nd,UNK,,,1063.523,60,900,189.414,1063.523,60,1145.284,16.352,1488.683,65.409,1670.008,60,0.672260264,0.832854299,0.779322954,0.327739736,0.167145701,1
MD_model55,/home/lyara/areswave/models/MD_model55.nd,nd,UNK,,,936.329,60,822.179,103.773,936.329,60,1299.533,62.263,1309.91,31.132,1597.929,60,0.890310726,0.723834571,0.779326623,0.109689274,0.276165429,1
Geophysical_model38,/home/lyara/areswave/models/Geophysical_model38.nd,nd,UNK,,,1033.254,60,900,187.682,1033.254,60,1133.195,33.313,1482.987,83.283,1681.034,60,0.648487998,0.844931297,0.779450197,0.351512002,0.155068703,1
Geophysical_model950,/home/lyara/areswave/models/Geophysical_model950.nd,nd,UNK,,,950.057,60,900,199.649,950.057,60,1133.601,33.371,1484.001,66.743,1682.084,60,0.897902931,0.720495798,0.779631509,0.102097069,0.279504202,1
Geophysical_model997,/home/lyara/areswave/models/Geophysical_model997.nd,nd,UNK,,,950.057,60,900,199.649,950.057,60,1133.601,33.371,1484.001,66.743,1682.084,60,0.897902931,0.720495798,0.779631509,0.102097069,0.279504202,1
Geophysical_model192,/home/lyara/areswave/models/Geophysical_model192.nd,nd,UNK,,,1016.377,60,900,199.297,1016.377,60,1132.755,33.251,1498.512,99.752,1679.896,60,0.73356066,0.803092153,0.779914989,0.26643934,0.196907847,1
Geophysical_model456,/home/lyara/areswave/models/Geophysical_model456.nd,nd,UNK,,,1016.299,60,877.225,182.2,1016.299,60,1132.599,33.228,1498.111,99.685,1679.493,60,0.679775605,0.831031278,0.78061272,0.320224395,0.168968722,1
Geophysical_model640,/home/lyara/areswave/models/Geophysical_model640.nd,nd,UNK,,,900,60,877.345,181.238,900,60,1119.204,33.724,1490.165,101.171,1688.461,60,0.687877848,0.827406098,0.780896681,0.312122152,0.172593902,1
AK_model_25,/home/lyara/areswave/models/AK_model_25.nd,nd,UNK,,,1038.21,60,798.179,26.67,1038.21,60,1278.24,26.67,1331.58,53.34,1701.46,60,0.647991202,0.847354817,0.780900278,0.352008798,0.152645183,1
Geophysical_model645,/home/lyara/areswave/models/Geophysical_model645.nd,nd,UNK,,,917.055,60,877.857,199.287,917.055,60,1121.71,34.109,1496.91,102.327,1695.441,60,0.575424292,0.883748282,0.780973619,0.424575708,0.116251718,1
AK_model_9,/home/lyara/areswave/models/AK_model_9.nd,nd,UNK,,,1080.348,60,882.922,24.678,1080.348,60,1277.774,49.356,1302.453,49.356,1657.767,60,0.620857384,0.861165201,0.781062595,0.379142616,0.138834799,1
AK_model_76,/home/lyara/areswave/models/AK_model_76.nd,nd,UNK,,,1050.178,60,796.314,25.386,1050.178,60,1278.655,50.773,1304.041,50.773,1688.733,60,0.859158457,0.742079698,0.781105951,0.140841543,0.257920302,1
AK_model_100,/home/lyara/areswave/models/AK_model_100.nd,nd,UNK,,,1074.576,60,802.778,27.18,1074.576,60,1292.015,54.36,1319.195,27.18,1719.458,60,0.687571522,0.828449204,0.781489976,0.312428478,0.171550796,1
CD_model94,/home/lyara/areswave/models/CD_model94.nd,nd,UNK,,,,60,,60,,60,,60,,60,,60,0.683125341,0.830960557,0.781682152,0.316874659,0.169039443,1
AK_model_34,/home/lyara/areswave/models/AK_model_34.nd,nd,UNK,,,1087.427,60,875.207,26.527,1087.427,60,1299.646,26.528,1352.701,53.055,1695.247,60,0.732573961,0.806498586,0.781857044,0.267426039,0.193501414,1
AK_model_48,/home/lyara/areswave/models/AK_model_48.nd,nd,UNK,,,1008.347,60,797.627,26.34,1008.347,60,1298.086,131.7,1482.466,52.68,1692.058,60,0.80570708,0.770117996,0.781981024,0.19429292,0.229882004,1
Geophysical_model589,/home/lyara/areswave/models/Geophysical_model589.nd,nd,UNK,,,1086.489,60,900,21.264,1086.489,60,1103.443,16.953,1459.467,118.675,1691.782,60,0.815822087,0.765323661,0.78215647,0.184177913,0.234676339,1
Geophysical_model490,/home/lyara/areswave/models/Geophysical_model490.nd,nd,UNK,,,1096.615,60,900,187.4,1096.615,60,1145.769,32.769,1489.845,65.539,1671.177,60,0.740736704,0.802932905,0.782200838,0.259263296,0.197067095,1
Geophysical_model92,/home/lyara/areswave/models/Geophysical_model92.nd,nd,UNK,,,983.004,60,878.65,192.148,983.004,60,1115.809,16.601,1497.625,99.604,1679.004,60,0.629902248,0.858491346,0.78229498,0.370097752,0.141508654,1
Geophysical_model497,/home/lyara/areswave/models/Geophysical_model497.nd,nd,UNK,,,1063.97,60,900,188.359,1063.97,60,1145.955,32.794,1490.293,65.588,1671.628,60,0.716220423,0.815363781,0.782315995,0.283779577,0.184636219,1
Geophysical_model865,/home/lyara/areswave/models/Geophysical_model865.nd,nd,UNK,,,933.943,60,900,185.74,933.943,60,1120.631,33.943,1494.007,84.858,1692.437,60,0.901168939,0.723151989,0.782490972,0.098831061,0.276848011,1
Geophysical_model908,/home/lyara/areswave/models/Geophysical_model908.nd,nd,UNK,,,966.653,60,900,192.909,966.653,60,1133.286,33.327,1499.88,66.654,1681.272,60,0.71088269,0.818354653,0.782530665,0.28911731,0.181645347,1
Geophysical_model883,/home/lyara/areswave/models/Geophysical_model883.nd,nd,UNK,,,966.653,60,900,192.909,966.653,60,1133.286,33.327,1499.88,66.654,1681.272,60,0.71088269,0.818354653,0.782530665,0.28911731,0.181645347,1
Geophysical_model965,/home/lyara/areswave/models/Geophysical_model965.nd,nd,UNK,,,966.653,60,900,192.909,966.653,60,1133.286,33.327,1499.88,66.654,1681.272,60,0.71088269,0.818354653,0.782530665,0.28911731,0.181645347,1
Geophysical_model850,/home/lyara/areswave/models/Geophysical_model850.nd,nd,UNK,,,950.127,60,900,199.684,950.127,60,1133.926,50.127,1484.815,66.836,1682.926,60,0.521750279,0.912940588,0.782543818,0.478249721,0.087059412,1
AK_model_99,/home/lyara/areswave/models/AK_model_99.nd,nd,UNK,,,1043.821,60,773.927,26.989,1043.821,60,1286.726,53.979,1313.715,53.979,1712.601,60,0.69184374,0.828645367,0.783044825,0.30815626,0.171354633,1
Geophysical_model932,/home/lyara/areswave/models/Geophysical_model932.nd,nd,UNK,,,966.597,60,900,179.619,966.597,60,1133.089,33.298,1499.372,83.246,1680.761,60,0.842342045,0.753689266,0.783240192,0.157657955,0.246310734,1
Geophysical_model876,/home/lyara/areswave/models/Geophysical_model876.nd,nd,UNK,,,1085.08,60,900,29.768,1085.08,60,1101.905,16.826,1455.24,117.778,1687.143,60,0.724146094,0.813051844,0.783416594,0.275853906,0.186948156,1
AK_model_68,/home/lyara/areswave/models/AK_model_68.nd,nd,UNK,,,1018.739,60,892.89,25.17,1018.739,60,1220.098,125.85,1396.287,50.339,1678.891,60,0.952720128,0.69912208,0.783654763,0.047279872,0.30087792,1
Geophysical_model895,/home/lyara/areswave/models/Geophysical_model895.nd,nd,UNK,,,900,60,900,197.881,900,60,1104.246,17.02,1461.676,102.123,1694.206,60,0.629550511,0.861035847,0.783874069,0.370449489,0.138964153,1
Geophysical_model810,/home/lyara/areswave/models/Geophysical_model810.nd,nd,UNK,,,966.616,60,900,178.757,966.616,60,1133.157,33.308,1499.547,83.27,1680.937,60,0.606878342,0.872838408,0.784185053,0.393121658,0.127161592,1
AK_model_93,/home/lyara/areswave/models/AK_model_93.nd,nd,UNK,,,1064.542,60,770.65,26.718,1064.542,60,1278.281,26.717,1331.716,53.435,1701.982,60,0.692124507,0.830353998,0.784277501,0.307875493,0.169646002,1
Geophysical_model312,/home/lyara/areswave/models/Geophysical_model312.nd,nd,UNK,,,966.712,60,878.564,192.925,966.712,60,1116.813,33.356,1483.727,100.067,1681.8,60,0.936773035,0.70849881,0.784590219,0.063226965,0.29150119,1
Geophysical_model984,/home/lyara/areswave/models/Geophysical_model984.nd,nd,UNK,,,933.11,60,877.605,179.157,933.11,60,1115.217,16.555,1495.986,99.331,1677.355,60,0.85008141,0.752507448,0.785032102,0.14991859,0.247492552,1
Geophysical_model226,/home/lyara/areswave/models/Geophysical_model226.nd,nd,UNK,,,1096.615,60,900,186.499,1096.615,60,1145.769,32.769,1489.845,65.539,1671.177,60,0.607932498,0.873610649,0.785051265,0.392067502,0.126389351,1
Geophysical_model787,/home/lyara/areswave/models/Geophysical_model787.nd,nd,UNK,,,933.798,60,900,182.937,933.798,60,1119.688,33.798,1474.568,84.495,1689.809,60,0.900111494,0.728217471,0.785515479,0.099888506,0.271782529,1
Geophysical_model915,/home/lyara/areswave/models/Geophysical_model915.nd,nd,UNK,,,950.085,60,900,182.607,950.085,60,1133.728,33.39,1484.32,66.779,1682.414,60,0.913604861,0.721659356,0.785641191,0.086395139,0.278340644,1
CD_model65,/home/lyara/areswave/models/CD_model65.nd,nd,UNK,,,,60,,60,,60,,60,,60,,60,0.703756549,0.827493656,0.786247954,0.296243451,0.172506344,1
CD_model99,/home/lyara/areswave/models/CD_model99.nd,nd,UNK,,,,60,,60,,60,,60,,60,,60,0.826222853,0.766604635,0.786477374,0.173777147,0.233395365,1
Geophysical_model18,/home/lyara/areswave/models/Geophysical_model18.nd,nd,UNK,,,1098.133,60,900,196.457,1098.133,60,1147.666,16.511,1494.399,66.044,1675.759,60,0.680533432,0.840491196,0.787171942,0.319466568,0.159508804,1
Geophysical_model811,/home/lyara/areswave/models/Geophysical_model811.nd,nd,UNK,,,900,60,900,181.498,900,60,1106.522,17.21,1467.935,86.05,1502.356,68.84,0.88171063,0.740435643,0.787527305,0.11828937,0.259564357,1
Geophysical_model959,/home/lyara/areswave/models/Geophysical_model959.nd,nd,UNK,,,900,60,900,181.498,900,60,1106.522,17.21,1467.935,86.05,1502.356,68.84,0.88171063,0.740435643,0.787527305,0.11828937,0.259564357,1
Geophysical_model39,/home/lyara/areswave/models/Geophysical_model39.nd,nd,UNK,,,1032.972,60,877.469,180.251,1032.972,60,1132.701,33.243,1498.374,83.107,1679.757,60,0.759394901,0.801796898,0.787662899,0.240605099,0.198203102,1
Geophysical_model298,/home/lyara/areswave/models/Geophysical_model298.nd,nd,UNK,,,950.621,60,900,193.215,950.621,60,1119.357,33.747,1439.955,118.116,1688.886,60,0.895765461,0.734082984,0.787977143,0.104234539,0.265917016,1
CD_model82,/home/lyara/areswave/models/CD_model82.nd,nd,UNK,,,,60,,60,,60,,60,,60,,60,0.794209611,0.785047441,0.788101498,0.205790389,0.214952559,1
CD_model36,/home/lyara/areswave/models/CD_model36.nd,nd,UNK,,,,60,,60,,60,,60,,60,,60,0.794209611,0.785047441,0.788101498,0.205790389,0.214952559,1
Geophysical_model199,/home/lyara/areswave/models/Geophysical_model199.nd,nd,UNK,,,1032.98,60,900,181.668,1032.98,60,1132.715,33.245,1498.411,83.113,1679.794,60,0.806225136,0.779070441,0.788122006,0.193774864,0.220929559,1
Geophysical_model104,/home/lyara/areswave/models/Geophysical_model104.nd,nd,UNK,,,1032.98,60,900,181.668,1032.98,60,1132.715,33.245,1498.411,83.113,1679.794,60,0.806225136,0.779070441,0.788122006,0.193774864,0.220929559,1
Geophysical_model133,/home/lyara/areswave/models/Geophysical_model133.nd,nd,UNK,,,1098.133,60,900,196.677,1098.133,60,1147.666,16.511,1494.399,66.044,1675.759,60,0.716252677,0.824540052,0.78844426,0.283747323,0.175459948,1
Geophysical_model41,/home/lyara/areswave/models/Geophysical_model41.nd,nd,UNK,,,949.973,60,900,192.694,949.973,60,1116.548,16.657,1449.698,116.603,1681.061,60,0.861460652,0.752055149,0.78852365,0.138539348,0.247944851,1
Geophysical_model77,/home/lyara/areswave/models/Geophysical_model77.nd,nd,UNK,,,1049.531,60,900,181.051,1049.531,60,1132.603,33.229,1498.123,83.073,1679.504,60,0.682239065,0.842363802,0.78898889,0.317760935,0.157636198,1
Geophysical_model495,/home/lyara/areswave/models/Geophysical_model495.nd,nd,UNK,,,966.559,60,900,180.907,966.559,60,1116.317,16.639,1465.751,99.839,1680.417,60,0.822153712,0.772810932,0.789258525,0.177846288,0.227189068,1
Geophysical_model788,/home/lyara/areswave/models/Geophysical_model788.nd,nd,UNK,,,900,60,900,178.308,900,60,1120.035,33.851,1492.403,101.555,1690.777,60,0.646923105,0.862411467,0.790582013,0.353076895,0.137588533,1
Geophysical_model481,/home/lyara/areswave/models/Geophysical_model481.nd,nd,UNK,,,1096.615,60,900,187.257,1096.615,60,1145.769,32.769,1489.845,65.539,1671.177,60,0.662757349,0.854836727,0.790810268,0.337242651,0.145163273,1
Geophysical_model218,/home/lyara/areswave/models/Geophysical_model218.nd,nd,UNK,,,966.445,60,900,179.847,966.445,60,1115.945,16.611,1464.778,99.667,1679.382,60,0.83279631,0.771001915,0.791600047,0.16720369,0.228998085,1
AK_model_87,/home/lyara/areswave/models/AK_model_87.nd,nd,UNK,,,1080.176,60,842.943,26.359,1080.176,60,1291.051,26.36,1343.769,79.078,1685.704,60,0.909157223,0.732920652,0.791666176,0.090842777,0.267079348,1
Geophysical_model21,/home/lyara/areswave/models/Geophysical_model21.nd,nd,UNK,,,1014.96,60,900,184.462,1014.96,60,1129.919,32.846,1491.22,82.113,1672.561,60,0.68990367,0.842918895,0.79191382,0.31009633,0.157081105,1
Geophysical_model694,/home/lyara/areswave/models/Geophysical_model694.nd,nd,UNK,,,900,60,900,179.832,900,60,1118.299,33.585,1487.729,100.753,1685.941,60,0.671273865,0.853041151,0.792452056,0.328726135,0.146958849,1
Geophysical_model348,/home/lyara/areswave/models/Geophysical_model348.nd,nd,UNK,,,1032.872,60,877.308,181.535,1032.872,60,1132.525,33.217,1481.314,83.045,1679.303,60,0.732735776,0.822974979,0.792895245,0.267264224,0.177025021,1
Geophysical_model48,/home/lyara/areswave/models/Geophysical_model48.nd,nd,UNK,,,1047.698,60,900,190.588,1047.698,60,1146.164,32.822,1490.792,65.643,1672.131,60,0.769223657,0.805030167,0.793094663,0.230776343,0.194969833,1
Geophysical_model570,/home/lyara/areswave/models/Geophysical_model570.nd,nd,UNK,,,933.815,60,879.527,184.253,933.815,60,1119.798,33.815,1474.857,84.537,1690.116,60,0.706174819,0.836695116,0.79318835,0.293825181,0.163304884,1
Geophysical_model755,/home/lyara/areswave/models/Geophysical_model755.nd,nd,UNK,,,933.815,60,879.527,184.253,933.815,60,1119.798,33.815,1474.857,84.537,1690.116,60,0.706174819,0.836695116,0.79318835,0.293825181,0.163304884,1
Geophysical_model79,/home/lyara/areswave/models/Geophysical_model79.nd,nd,UNK,,,982.905,60,879.721,182.515,982.905,60,1115.552,16.581,1463.752,116.067,1678.288,60,0.775285039,0.802478484,0.793414002,0.224714961,0.197521516,1
MD_model19,/home/lyara/areswave/models/MD_model19.nd,nd,UNK,,,1059.774,60,728.117,192.576,1059.774,60,1209.555,192.575,1348.637,106.987,1611.188,60,0.727995972,0.82725432,0.794168204,0.272004028,0.17274568,1
Geophysical_model832,/home/lyara/areswave/models/Geophysical_model832.nd,nd,UNK,,,949.951,60,900,180.493,949.951,60,1116.453,16.65,1499.409,83.251,1680.798,60,0.775892157,0.804112721,0.794705866,0.224107843,0.195887279,1
Geophysical_model187,/home/lyara/areswave/models/Geophysical_model187.nd,nd,UNK,,,1016.434,60,877.254,181.965,1016.434,60,1132.867,33.267,1498.801,99.8,1680.187,60,0.780952861,0.801906992,0.794922282,0.219047139,0.198093008,1
Geophysical_model281,/home/lyara/areswave/models/Geophysical_model281.nd,nd,UNK,,,999.737,60,878.076,197.316,999.737,60,1116.097,16.623,1465.176,99.737,1679.805,60,0.906714256,0.740316939,0.795782711,0.093285744,0.259683061,1
AK_model_35,/home/lyara/areswave/models/AK_model_35.nd,nd,UNK,,,1083.341,60,898.594,26.393,1083.341,60,1294.481,26.392,1347.266,79.177,1689.198,60,0.880345914,0.755640084,0.797208694,0.119654086,0.244359916,1
Geophysical_model102,/home/lyara/areswave/models/Geophysical_model102.nd,nd,UNK,,,1016.295,60,900,198.324,1016.295,60,1132.589,33.227,1464.86,99.682,1679.468,60,0.695572452,0.848166556,0.797301855,0.304427548,0.151833444,1
Geophysical_model219,/home/lyara/areswave/models/Geophysical_model219.nd,nd,UNK,,,999.473,60,900,182.298,999.473,60,1115.525,16.579,1496.838,99.473,1678.212,60,0.729472689,0.831763568,0.797666608,0.270527311,0.168236432,1
Geophysical_model157,/home/lyara/areswave/models/Geophysical_model157.nd,nd,UNK,,,999.473,60,900,182.298,999.473,60,1115.525,16.579,1496.838,99.473,1678.212,60,0.729472689,0.831763568,0.797666608,0.270527311,0.168236432,1
Geophysical_model83,/home/lyara/areswave/models/Geophysical_model83.nd,nd,UNK,,,1049.531,60,900,179.559,1049.531,60,1132.603,33.229,1498.123,83.073,1679.504,60,0.706589552,0.843402366,0.797798095,0.293410448,0.156597634,1
AK_model_97,/home/lyara/areswave/models/AK_model_97.nd,nd,UNK,,,1076.276,60,775.803,27.315,1076.276,60,1294.802,54.632,1322.117,27.316,1723.434,60,0.7384618,0.827522844,0.797835829,0.2615382,0.172477156,1
Geophysical_model426,/home/lyara/areswave/models/Geophysical_model426.nd,nd,UNK,,,967.872,60,900,180.241,967.872,60,1120.585,33.937,1459.948,101.809,1692.31,60,0.931115172,0.732216246,0.798515888,0.068884828,0.267783754,1
Geophysical_model251,/home/lyara/areswave/models/Geophysical_model251.nd,nd,UNK,,,967.872,60,900,180.241,967.872,60,1120.585,33.937,1459.948,101.809,1692.31,60,0.931115172,0.732216246,0.798515888,0.068884828,0.267783754,1
Geophysical_model673,/home/lyara/areswave/models/Geophysical_model673.nd,nd,UNK,,,900,60,900,180.989,900,60,1118.976,33.689,1489.55,101.066,1687.825,60,0.794770398,0.800394603,0.798519868,0.205229602,0.199605397,1
Geophysical_model852,/home/lyara/areswave/models/Geophysical_model852.nd,nd,UNK,,,900,60,900,22.33,900,60,1104.307,17.025,1461.843,119.179,1694.389,60,0.795056247,0.800799654,0.798885185,0.204943753,0.199200346,1
Geophysical_model936,/home/lyara/areswave/models/Geophysical_model936.nd,nd,UNK,,,1086.703,60,900,21.596,1086.703,60,1103.676,16.973,1460.108,118.81,1692.486,60,0.887555936,0.755133539,0.799274338,0.112444064,0.244866461,1
Geophysical_model313,/home/lyara/areswave/models/Geophysical_model313.nd,nd,UNK,,,1016.295,60,900,198.368,1016.295,60,1132.589,33.227,1498.087,99.682,1679.468,60,0.722829365,0.83755797,0.799315102,0.277170635,0.16244203,1
Geophysical_model364,/home/lyara/areswave/models/Geophysical_model364.nd,nd,UNK,,,1016.295,60,900,198.368,1016.295,60,1132.589,33.227,1498.087,99.682,1679.468,60,0.722829365,0.83755797,0.799315102,0.277170635,0.16244203,1
Geophysical_model498,/home/lyara/areswave/models/Geophysical_model498.nd,nd,UNK,,,1016.295,60,900,198.368,1016.295,60,1132.589,33.227,1498.087,99.682,1679.468,60,0.722829365,0.83755797,0.799315102,0.277170635,0.16244203,1
Geophysical_model76,/home/lyara/areswave/models/Geophysical_model76.nd,nd,UNK,,,1063.404,60,900,196.758,1063.404,60,1145.107,32.681,1488.256,65.362,1669.579,60,0.743706075,0.827802857,0.799770596,0.256293925,0.172197143,1
Geophysical_model901,/home/lyara/areswave/models/Geophysical_model901.nd,nd,UNK,,,966.67,60,900,192.35,966.67,60,1133.345,33.335,1483.363,66.67,1681.424,60,0.903546048,0.74813264,0.79993711,0.096453952,0.25186736,1
Geophysical_model982,/home/lyara/areswave/models/Geophysical_model982.nd,nd,UNK,,,966.67,60,900,192.35,966.67,60,1133.345,33.335,1483.363,66.67,1681.424,60,0.903546048,0.74813264,0.79993711,0.096453952,0.25186736,1
Geophysical_model327,/home/lyara/areswave/models/Geophysical_model327.nd,nd,UNK,,,1031.687,60,900,185.683,1031.687,60,1130.452,32.922,1492.591,82.304,1673.94,60,0.718928105,0.840681042,0.80009673,0.281071895,0.159318958,1
Geophysical_model930,/home/lyara/areswave/models/Geophysical_model930.nd,nd,UNK,,,1085.282,60,900,29.508,1085.282,60,1102.126,16.844,1455.847,101.063,1687.809,60,0.742358356,0.829121014,0.800200128,0.257641644,0.170878986,1
Geophysical_model962,/home/lyara/areswave/models/Geophysical_model962.nd,nd,UNK,,,1085.282,60,900,29.508,1085.282,60,1102.126,16.844,1455.847,101.063,1687.809,60,0.742358356,0.829121014,0.800200128,0.257641644,0.170878986,1
MD_model5,/home/lyara/areswave/models/MD_model5.nd,nd,UNK,,,982.978,60,734.96,10.334,982.978,60,1106.988,10.334,1406.677,62.004,1580.647,60,0.634675496,0.883923605,0.800840902,0.365324504,0.116076395,1
Geophysical_model404,/home/lyara/areswave/models/Geophysical_model404.nd,nd,UNK,,,966.706,60,900,186.464,966.706,60,1116.796,33.353,1467.004,100.06,1681.752,60,0.715650374,0.84378457,0.801073172,0.284349626,0.15621543,1
Geophysical_model105,/home/lyara/areswave/models/Geophysical_model105.nd,nd,UNK,,,1001.023,60,876.565,187.477,1001.023,60,1118.883,33.675,1489.302,101.024,1687.568,60,0.76189691,0.821008219,0.80130445,0.23810309,0.178991781,1
Geophysical_model493,/home/lyara/areswave/models/Geophysical_model493.nd,nd,UNK,,,1031.687,60,900,185.83,1031.687,60,1130.452,32.922,1476.13,82.304,1673.94,60,0.772314819,0.816090306,0.801498477,0.227685181,0.183909694,1
Geophysical_model220,/home/lyara/areswave/models/Geophysical_model220.nd,nd,UNK,,,982.959,60,900,190.43,982.959,60,1115.693,16.592,1464.12,116.143,1678.681,60,0.551805125,0.926710633,0.80174213,0.448194875,0.073289367,1
Geophysical_model416,/home/lyara/areswave/models/Geophysical_model416.nd,nd,UNK,,,965.961,60,900,191.536,965.961,60,1114.373,16.491,1460.669,98.942,1675.004,60,0.840654799,0.782847645,0.802116696,0.159345201,0.217152355,1
Geophysical_model350,/home/lyara/areswave/models/Geophysical_model350.nd,nd,UNK,,,999.844,60,878.82,190.616,999.844,60,1116.329,16.64,1465.783,99.844,1680.452,60,0.777481334,0.814592475,0.802222095,0.222518666,0.185407525,1
Geophysical_model892,/home/lyara/areswave/models/Geophysical_model892.nd,nd,UNK,,,933.943,60,900,185.966,933.943,60,1120.631,33.943,1477.036,84.858,1692.437,60,0.847269435,0.779751427,0.80225743,0.152730565,0.220248573,1
Geophysical_model74,/home/lyara/areswave/models/Geophysical_model74.nd,nd,UNK,,,950.042,60,900,197.932,950.042,60,1116.847,33.361,1450.457,116.764,1681.894,60,0.665335146,0.870731001,0.802265716,0.334664854,0.129268999,1
Geophysical_model64,/home/lyara/areswave/models/Geophysical_model64.nd,nd,UNK,,,967.437,60,900,186.209,967.437,60,1119.169,33.718,1456.352,101.155,1688.364,60,0.902195311,0.753018381,0.802744024,0.097804689,0.246981619,1
Geophysical_model4,/home/lyara/areswave/models/Geophysical_model4.nd,nd,UNK,,,1001.298,60,880.765,192.353,1001.298,60,1136.363,33.767,1490.906,101.298,1689.229,60,0.855312117,0.776559265,0.802810216,0.144687883,0.223440735,1
Geophysical_model179,/home/lyara/areswave/models/Geophysical_model179.nd,nd,UNK,,,1047.142,60,900,180.534,1047.142,60,1145.237,32.698,1488.569,65.397,1669.893,60,0.684221747,0.862295462,0.802937557,0.315778253,0.137704538,1
Geophysical_model527,/home/lyara/areswave/models/Geophysical_model527.nd,nd,UNK,,,966.867,60,900,178.185,966.867,60,1134.035,33.434,1485.088,66.867,1683.208,60,0.865429157,0.771890265,0.803069896,0.134570843,0.228109735,1
Geophysical_model194,/home/lyara/areswave/models/Geophysical_model194.nd,nd,UNK,,,1032.98,60,900,182.25,1032.98,60,1132.715,33.245,1498.411,83.113,1679.794,60,0.797805002,0.806368671,0.803514114,0.202194998,0.193631329,1
Geophysical_model32,/home/lyara/areswave/models/Geophysical_model32.nd,nd,UNK,,,1032.98,60,900,182.25,1032.98,60,1132.715,33.245,1498.411,83.113,1679.794,60,0.797805002,0.806368671,0.803514114,0.202194998,0.193631329,1
Geophysical_model358,/home/lyara/areswave/models/Geophysical_model358.nd,nd,UNK,,,1049.881,60,900,182.431,1049.881,60,1133.149,33.307,1482.872,83.268,1680.916,60,0.788039996,0.812378084,0.804265388,0.211960004,0.187621916,1
Geophysical_model204,/home/lyara/areswave/models/Geophysical_model204.nd,nd,UNK,,,982.32,60,900,191.809,982.32,60,1114.032,16.465,1459.777,115.248,1674.055,60,0.76420822,0.825026936,0.80475403,0.23579178,0.174973064,1
Geophysical_model261,/home/lyara/areswave/models/Geophysical_model261.nd,nd,UNK,,,983.358,60,900,178.326,983.358,60,1116.73,33.343,1483.504,100.03,1681.569,60,0.756679388,0.829241513,0.805054138,0.243320612,0.170758487,1
Geophysical_model153,/home/lyara/areswave/models/Geophysical_model153.nd,nd,UNK,,,983.358,60,900,178.326,983.358,60,1116.73,33.343,1483.504,100.03,1681.569,60,0.756679388,0.829241513,0.805054138,0.243320612,0.170758487,1
Geophysical_model986,/home/lyara/areswave/models/Geophysical_model986.nd,nd,UNK,,,1086.703,60,900,20.995,1086.703,60,1103.676,16.973,1460.108,118.81,1692.486,60,0.871989486,0.772472206,0.805644633,0.128010514,0.227527794,1
Geophysical_model149,/home/lyara/areswave/models/Geophysical_model149.nd,nd,UNK,,,1033.261,60,900,182.787,1033.261,60,1133.207,33.315,1499.676,83.288,1681.067,60,0.616829241,0.900629868,0.806029659,0.383170759,0.099370132,1
Geophysical_model19,/home/lyara/areswave/models/Geophysical_model19.nd,nd,UNK,,,1033.261,60,900,182.787,1033.261,60,1133.207,33.315,1499.676,83.288,1681.067,60,0.616829241,0.900629868,0.806029659,0.383170759,0.099370132,1
MD_model47,/home/lyara/areswave/models/MD_model47.nd,nd,UNK,,,962.295,60,707.928,185.883,962.295,60,1294.928,39.133,1343.845,48.916,1504.511,251.332,0.782906901,0.818453506,0.806604638,0.217093099,0.181546494,1
MD_model56,/home/lyara/areswave/models/MD_model56.nd,nd,UNK,,,903.728,60,798.823,115.396,903.728,60,1291.878,73.434,1312.859,31.471,1613.347,60,0.693277721,0.863278621,0.806611654,0.306722279,0.136721379,1
AK_model_92,/home/lyara/areswave/models/AK_model_92.nd,nd,UNK,,,1080.172,60,777.645,27.502,1080.172,60,1272.689,27.502,1327.694,55.005,1730.346,60,0.732355151,0.843811207,0.806659189,0.267644849,0.156188793,1
Geophysical_model367,/home/lyara/areswave/models/Geophysical_model367.nd,nd,UNK,,,1031.442,60,900,189.023,1031.442,60,1130.023,32.86,1491.488,82.151,1672.831,60,0.730319959,0.845339779,0.806999839,0.269680041,0.154660221,1
Geophysical_model317,/home/lyara/areswave/models/Geophysical_model317.nd,nd,UNK,,,1031.442,60,900,189.023,1031.442,60,1130.023,32.86,1491.488,82.151,1672.831,60,0.730319959,0.845339779,0.806999839,0.269680041,0.154660221,1
Geophysical_model991,/home/lyara/areswave/models/Geophysical_model991.nd,nd,UNK,,,933.856,60,900,186.073,933.856,60,1120.061,33.856,1492.472,84.639,1690.849,60,0.939865992,0.740911929,0.80722995,0.060134008,0.259088071,1
MD_model14,/home/lyara/areswave/models/MD_model14.nd,nd,UNK,,,1003.044,60,801.326,10.617,1003.044,60,1130.445,138.018,1321.547,191.102,1614.289,60,0.759450157,0.832469395,0.808129649,0.240549843,0.167530605,1
Geophysical_model793,/home/lyara/areswave/models/Geophysical_model793.nd,nd,UNK,,,933.855,60,879.282,186.458,933.855,60,1120.056,33.855,1492.459,84.637,1690.835,60,0.839766168,0.793152781,0.808690577,0.160233832,0.206847219,1
cd_model50,/home/lyara/areswave/models/cd_model50.npz,npz,UNK,,,,60,,60,,60,,60,,60,,60,0.78188607,0.822332695,0.808850486,0.21811393,0.177667305,1
CD_model39,/home/lyara/areswave/models/CD_model39.nd,nd,UNK,,,,60,,60,,60,,60,,60,,60,0.91842405,0.754465312,0.809118224,0.08157595,0.245534688,1
Geophysical_model995,/home/lyara/areswave/models/Geophysical_model995.nd,nd,UNK,,,950.91,60,900,199.279,950.91,60,1137.578,33.94,1493.945,84.849,1692.373,60,0.843126052,0.792344361,0.809271592,0.156873948,0.207655639,1
Geophysical_model436,/home/lyara/areswave/models/Geophysical_model436.nd,nd,UNK,,,949.631,60,900,190.808,949.631,60,1115.067,16.544,1462.484,99.262,1676.937,60,0.586339578,0.921011,0.809453859,0.413660422,0.078989,1
Geophysical_model284,/home/lyara/areswave/models/Geophysical_model284.nd,nd,UNK,,,1032.872,60,900,181.643,1032.872,60,1132.525,33.217,1497.923,83.045,1679.303,60,0.704462881,0.861962091,0.809462354,0.295537119,0.138037909,1
Geophysical_model361,/home/lyara/areswave/models/Geophysical_model361.nd,nd,UNK,,,1047.698,60,900,190.282,1047.698,60,1146.164,32.822,1490.792,82.054,1672.131,60,0.700562001,0.864224711,0.809670474,0.299437999,0.135775289,1
AK_model_98,/home/lyara/areswave/models/AK_model_98.nd,nd,UNK,,,1045.711,60,774.539,27.117,1045.711,60,1289.767,54.235,1316.884,54.234,1716.731,60,0.823405587,0.802876506,0.809719533,0.176594413,0.197123494,1
Geophysical_model160,/home/lyara/areswave/models/Geophysical_model160.nd,nd,UNK,,,1001.362,60,862.062,189.689,1001.362,60,1119.617,33.788,1491.277,101.362,1689.612,60,0.78314587,0.823027489,0.809733616,0.21685413,0.176972511,1
Geophysical_model27,/home/lyara/areswave/models/Geophysical_model27.nd,nd,UNK,,,983.983,60,900,186.254,983.983,60,1118.355,33.593,1487.879,100.779,1686.096,60,0.879208794,0.776842531,0.810964618,0.120791206,0.223157469,1
Geophysical_model162,/home/lyara/areswave/models/Geophysical_model162.nd,nd,UNK,,,983.983,60,900,186.254,983.983,60,1118.355,33.593,1487.879,100.779,1686.096,60,0.879208794,0.776842531,0.810964618,0.120791206,0.223157469,1
Geophysical_model349,/home/lyara/areswave/models/Geophysical_model349.nd,nd,UNK,,,983.203,60,878.832,190.513,983.203,60,1116.329,16.64,1465.783,99.844,1680.452,60,0.608307896,0.912980412,0.811422907,0.391692104,0.087019588,1
Geophysical_model258,/home/lyara/areswave/models/Geophysical_model258.nd,nd,UNK,,,999.884,60,900,194.945,999.884,60,1116.415,16.647,1499.302,99.884,1680.691,60,0.759135113,0.839484202,0.812701172,0.240864887,0.160515798,1
CD_model28,/home/lyara/areswave/models/CD_model28.nd,nd,UNK,,,,60,,60,,60,,60,,60,,60,0.732357915,0.853134505,0.812875641,0.267642085,0.146865495,1
Geophysical_model785,/home/lyara/areswave/models/Geophysical_model785.nd,nd,UNK,,,900,60,900,29.769,900,60,1101.736,16.811,1471.585,100.868,1686.632,60,0.802090797,0.818419001,0.812976267,0.197909203,0.181580999,1
Geophysical_model472,/home/lyara/areswave/models/Geophysical_model472.nd,nd,UNK,,,1048.112,60,900,188.297,1048.112,60,1130.397,32.914,1492.449,82.285,1673.797,60,0.677918254,0.88072627,0.813123598,0.322081746,0.11927373,1
Geophysical_model323,/home/lyara/areswave/models/Geophysical_model323.nd,nd,UNK,,,1048.112,60,900,188.297,1048.112,60,1130.397,32.914,1492.449,82.285,1673.797,60,0.677918254,0.88072627,0.813123598,0.322081746,0.11927373,1
Geophysical_model394,/home/lyara/areswave/models/Geophysical_model394.nd,nd,UNK,,,1048.112,60,900,188.297,1048.112,60,1130.397,32.914,1492.449,82.285,1673.797,60,0.677918254,0.88072627,0.813123598,0.322081746,0.11927373,1
Geophysical_model475,/home/lyara/areswave/models/Geophysical_model475.nd,nd,UNK,,,1048.112,60,900,188.297,1048.112,60,1130.397,32.914,1492.449,82.285,1673.797,60,0.677918254,0.88072627,0.813123598,0.322081746,0.11927373,1
Geophysical_model968,/home/lyara/areswave/models/Geophysical_model968.nd,nd,UNK,,,949.898,60,900,182.376,949.898,60,1132.856,33.265,1498.773,83.163,1680.159,60,0.815414546,0.812449524,0.813437865,0.184585454,0.187550476,1
Geophysical_model565,/home/lyara/areswave/models/Geophysical_model565.nd,nd,UNK,,,949.898,60,900,182.376,949.898,60,1132.856,33.265,1498.773,83.163,1680.159,60,0.815414546,0.812449524,0.813437865,0.184585454,0.187550476,1
Geophysical_model512,/home/lyara/areswave/models/Geophysical_model512.nd,nd,UNK,,,933.807,60,900,183.493,933.807,60,1119.743,33.807,1491.615,84.517,1689.962,60,0.776652573,0.831947395,0.813515788,0.223347427,0.168052605,1
Geophysical_model881,/home/lyara/areswave/models/Geophysical_model881.nd,nd,UNK,,,950.007,60,900,179.212,950.007,60,1133.367,50.007,1483.418,66.676,1681.481,60,0.871274624,0.78632658,0.814642594,0.128725376,0.21367342,1
CD_model97,/home/lyara/areswave/models/CD_model97.nd,nd,UNK,,,,60,,60,,60,,60,,60,,60,0.755969501,0.844190427,0.814783451,0.244030499,0.155809573,1
Geophysical_model814,/home/lyara/areswave/models/Geophysical_model814.nd,nd,UNK,,,1088.465,60,900,20.695,1088.465,60,1105.598,17.133,1465.394,102.799,1698.287,60,0.892935137,0.776440653,0.815272148,0.107064863,0.223559347,1
MD_model59,/home/lyara/areswave/models/MD_model59.nd,nd,UNK,,,935.775,60,826.829,79.233,935.775,60,1262.612,69.33,1302.229,39.616,1470.6,61.9,0.723555673,0.861170622,0.815298972,0.276444327,0.138829378,1
Geophysical_model333,/home/lyara/areswave/models/Geophysical_model333.nd,nd,UNK,,,1098.133,60,900,196.238,1098.133,60,1147.666,33.023,1494.399,66.044,1675.759,60,0.77746468,0.834557781,0.815526747,0.22253532,0.165442219,1
Geophysical_model746,/home/lyara/areswave/models/Geophysical_model746.nd,nd,UNK,,,966.806,60,900,177.866,966.806,60,1133.823,33.403,1484.557,66.807,1682.659,60,0.91899984,0.764105487,0.815736938,0.08100016,0.235894513,1
Geophysical_model438,/home/lyara/areswave/models/Geophysical_model438.nd,nd,UNK,,,1033.261,60,900,181.956,1033.261,60,1133.207,33.315,1499.676,83.288,1681.067,60,0.749239056,0.849029734,0.815766175,0.250760944,0.150970266,1
MD_model9,/home/lyara/areswave/models/MD_model9.nd,nd,UNK,,,993.358,60,779.806,10.169,993.358,60,1156.065,193.214,1430.632,172.876,1501.816,60,0.733390822,0.857084462,0.815853249,0.266609178,0.142915538,1
Geophysical_model130,/home/lyara/areswave/models/Geophysical_model130.nd,nd,UNK,,,1031.687,60,900,185.294,1031.687,60,1130.452,32.922,1492.591,82.304,1673.94,60,0.826965067,0.810452369,0.815956602,0.173034933,0.189547631,1
Geophysical_model69,/home/lyara/areswave/models/Geophysical_model69.nd,nd,UNK,,,1016.434,60,877.14,182.876,1016.434,60,1132.867,33.267,1498.801,99.8,1680.187,60,0.710734819,0.868969496,0.816224603,0.289265181,0.131030504,1
Geophysical_model435,/home/lyara/areswave/models/Geophysical_model435.nd,nd,UNK,,,949.68,60,900,189.869,949.68,60,1115.279,16.56,1463.038,99.36,1677.528,60,0.857139422,0.795771126,0.816227225,0.142860578,0.204228874,1
Geophysical_model325,/home/lyara/areswave/models/Geophysical_model325.nd,nd,UNK,,,1064.355,60,900,188.668,1064.355,60,1146.533,32.871,1491.679,65.742,1673.022,60,0.878199498,0.785665004,0.816509835,0.121800502,0.214334996,1
Geophysical_model473,/home/lyara/areswave/models/Geophysical_model473.nd,nd,UNK,,,1064.355,60,900,188.668,1064.355,60,1146.533,32.871,1491.679,65.742,1673.022,60,0.878199498,0.785665004,0.816509835,0.121800502,0.214334996,1
Geophysical_model193,/home/lyara/areswave/models/Geophysical_model193.nd,nd,UNK,,,999.708,60,900,195.71,999.708,60,1132.652,33.236,1498.248,99.708,1679.631,60,0.759435541,0.845095779,0.816542367,0.240564459,0.154904221,1
Geophysical_model311,/home/lyara/areswave/models/Geophysical_model311.nd,nd,UNK,,,999.708,60,900,195.71,999.708,60,1132.652,33.236,1498.248,99.708,1679.631,60,0.759435541,0.845095779,0.816542367,0.240564459,0.154904221,1
Geophysical_model433,/home/lyara/areswave/models/Geophysical_model433.nd,nd,UNK,,,1064.377,60,900,188.24,1064.377,60,1146.565,32.875,1491.756,65.751,1673.1,60,0.714750279,0.867884513,0.816839768,0.285249721,0.132115487,1
Geophysical_model471,/home/lyara/areswave/models/Geophysical_model471.nd,nd,UNK,,,1064.377,60,900,188.24,1064.377,60,1146.565,32.875,1491.756,65.751,1673.1,60,0.714750279,0.867884513,0.816839768,0.285249721,0.132115487,1
Geophysical_model393,/home/lyara/areswave/models/Geophysical_model393.nd,nd,UNK,,,1031.867,60,900,187.779,1031.867,60,1130.767,32.967,1476.918,82.416,1674.755,60,0.735655035,0.857978324,0.817203894,0.264344965,0.142021676,1
Geophysical_model952,/home/lyara/areswave/models/Geophysical_model952.nd,nd,UNK,,,950.007,60,900,178.721,950.007,60,1133.367,33.338,1483.418,66.676,1681.481,60,0.835100454,0.808421449,0.817314451,0.164899546,0.191578551,1
Geophysical_model821,/home/lyara/areswave/models/Geophysical_model821.nd,nd,UNK,,,950.007,60,900,178.721,950.007,60,1133.367,33.338,1483.418,66.676,1681.481,60,0.835100454,0.808421449,0.817314451,0.164899546,0.191578551,1
AK_model_18,/home/lyara/areswave/models/AK_model_18.nd,nd,UNK,,,1030.098,60,809.519,24.509,1030.098,60,1275.186,98.035,1324.204,171.561,1676.548,60,0.857921922,0.797606979,0.81771196,0.142078078,0.202393021,1
Geophysical_model51,/home/lyara/areswave/models/Geophysical_model51.nd,nd,UNK,,,983.004,60,878.652,192.136,983.004,60,1115.809,16.601,1481.025,116.205,1679.004,60,0.744940631,0.855080683,0.818367332,0.255059369,0.144919317,1
Geophysical_model467,/home/lyara/areswave/models/Geophysical_model467.nd,nd,UNK,,,999.884,60,900,193.036,999.884,60,1116.415,16.647,1499.302,99.884,1680.691,60,0.726130158,0.865516266,0.81905423,0.273869842,0.134483734,1
CD_model63,/home/lyara/areswave/models/CD_model63.nd,nd,UNK,,,,60,,60,,60,,60,,60,,60,0.816684466,0.820876236,0.81947898,0.183315534,0.179123764,1
Geophysical_model581,/home/lyara/areswave/models/Geophysical_model581.nd,nd,UNK,,,916.965,60,900,195.103,916.965,60,1120.539,33.929,1493.758,84.822,1692.179,60,0.83489491,0.811924547,0.819581335,0.16510509,0.188075453,1
AK_model_27,/home/lyara/areswave/models/AK_model_27.nd,nd,UNK,,,1040.423,60,798.576,26.872,1040.423,60,1282.27,53.744,1309.142,53.744,1707.264,60,0.816523614,0.821543572,0.819870252,0.183476386,0.178456428,1
MD_model70,/home/lyara/areswave/models/MD_model70.nd,nd,UNK,,,1005.796,60,809.43,10.335,1005.796,60,1243.502,165.361,1439.868,165.361,1592.774,60,0.566199364,0.946857519,0.819971467,0.433800636,0.053142481,1
Geophysical_model391,/home/lyara/areswave/models/Geophysical_model391.nd,nd,UNK,,,1030.76,60,900,187.679,1030.76,60,1128.83,32.69,1488.42,81.725,1669.744,60,0.705593269,0.877399787,0.820130947,0.294406731,0.122600213,1
MD_model23,/home/lyara/areswave/models/MD_model23.nd,nd,UNK,,,932.566,60,762.339,180.866,932.566,60,1273.019,74.475,1326.215,31.917,1608.988,60,0.763781282,0.84861491,0.820337034,0.236218718,0.15138509,1
Geophysical_model747,/home/lyara/areswave/models/Geophysical_model747.nd,nd,UNK,,,900,60,900,29.784,900,60,1101.736,16.811,1471.585,100.868,1686.632,60,0.778078649,0.84183873,0.820585369,0.221921351,0.15816127,1
Geophysical_model262,/home/lyara/areswave/models/Geophysical_model262.nd,nd,UNK,,,1032.872,60,900,181.347,1032.872,60,1132.525,33.217,1497.923,83.045,1679.303,60,0.753601366,0.854242371,0.820695369,0.246398634,0.145757629,1
Geophysical_model295,/home/lyara/areswave/models/Geophysical_model295.nd,nd,UNK,,,1032.872,60,900,181.347,1032.872,60,1132.525,33.217,1497.923,83.045,1679.303,60,0.753601366,0.854242371,0.820695369,0.246398634,0.145757629,1
Geophysical_model928,/home/lyara/areswave/models/Geophysical_model928.nd,nd,UNK,,,916.707,60,900,194.018,916.707,60,1117.197,33.415,1484.761,83.538,1682.87,60,0.844873573,0.808662889,0.820733117,0.155126427,0.191337111,1
Geophysical_model655,/home/lyara/areswave/models/Geophysical_model655.nd,nd,UNK,,,916.707,60,900,194.018,916.707,60,1117.197,33.415,1484.761,83.538,1682.87,60,0.844873573,0.808662889,0.820733117,0.155126427,0.191337111,1
Geophysical_model642,/home/lyara/areswave/models/Geophysical_model642.nd,nd,UNK,,,1099.713,60,877.292,22.709,1099.713,60,1116.356,16.643,1449.211,99.857,1680.527,60,0.651393449,0.906097625,0.821196233,0.348606551,0.093902375,1
AK_model_47,/home/lyara/areswave/models/AK_model_47.nd,nd,UNK,,,1007.565,60,771.239,26.258,1007.565,60,1270.15,131.292,1480.218,26.259,1689.744,60,0.85757115,0.803393766,0.821452894,0.14242885,0.196606234,1
CD_model9,/home/lyara/areswave/models/CD_model9.nd,nd,UNK,,,,60,,60,,60,,60,,60,,60,0.762237773,0.851214148,0.821555357,0.237762227,0.148785852,1
Geophysical_model385,/home/lyara/areswave/models/Geophysical_model385.nd,nd,UNK,,,999.801,60,900,191.803,999.801,60,1116.236,16.633,1498.807,99.801,1680.192,60,0.712793304,0.876516071,0.821941815,0.287206696,0.123483929,1
Geophysical_model368,/home/lyara/areswave/models/Geophysical_model368.nd,nd,UNK,,,1031.52,60,900,186.956,1031.52,60,1130.159,32.88,1491.838,82.199,1673.183,60,0.808928566,0.828674467,0.8220925,0.191071434,0.171325533,1
Geophysical_model934,/home/lyara/areswave/models/Geophysical_model934.nd,nd,UNK,,,950.013,60,900,182.28,950.013,60,1133.396,33.342,1483.489,66.684,1681.554,60,0.837681147,0.814692107,0.82235512,0.162318853,0.185307893,1
Geophysical_model421,/home/lyara/areswave/models/Geophysical_model421.nd,nd,UNK,,,999.836,60,900,191.389,999.836,60,1116.312,16.639,1465.739,99.837,1680.405,60,0.728221262,0.870233896,0.822896351,0.271778738,0.129766104,1
Geophysical_model455,/home/lyara/areswave/models/Geophysical_model455.nd,nd,UNK,,,1049.531,60,900,179.636,1049.531,60,1132.603,33.229,1481.508,83.073,1679.504,60,0.658370033,0.905655735,0.823227167,0.341629967,0.094344265,1
Geophysical_model800,/home/lyara/areswave/models/Geophysical_model800.nd,nd,UNK,,,1088.334,60,900,20.74,1088.334,60,1105.456,17.121,1465.003,102.728,1697.857,60,0.836239546,0.818720277,0.824560034,0.163760454,0.181279723,1
AK_model_45,/home/lyara/areswave/models/AK_model_45.nd,nd,UNK,,,1013.382,60,800.038,26.667,1013.382,60,1280.062,106.672,1493.405,26.668,1703.13,60,0.724799657,0.874557681,0.824638339,0.275200343,0.125442319,1
Geophysical_model75,/home/lyara/areswave/models/Geophysical_model75.nd,nd,UNK,,,1031.636,60,900,186.521,1031.636,60,1130.363,32.909,1492.363,82.273,1673.71,60,0.800781981,0.836895953,0.824857962,0.199218019,0.163104047,1
Geophysical_model459,/home/lyara/areswave/models/Geophysical_model459.nd,nd,UNK,,,966.557,60,877.418,180.655,966.557,60,1116.31,16.639,1465.734,99.835,1680.4,60,0.824038136,0.826078405,0.825398315,0.175961864,0.173921595,1
AK_model_56,/home/lyara/areswave/models/AK_model_56.nd,nd,UNK,,,1018.998,60,842.972,25.147,1018.998,60,1144.731,100.586,1371.051,50.293,1678.679,60,0.873812855,0.80191198,0.825878939,0.126187145,0.19808802,1
AK_model_28,/home/lyara/areswave/models/AK_model_28.nd,nd,UNK,,,1043.88,60,800.399,27.054,1043.88,60,1287.361,54.107,1314.414,27.054,1713.845,60,0.806453131,0.837955443,0.827454672,0.193546869,0.162044557,1
Geophysical_model388,/home/lyara/areswave/models/Geophysical_model388.nd,nd,UNK,,,950.857,60,900,180.539,950.857,60,1120.38,33.904,1459.426,101.713,1691.737,60,0.814989637,0.833806243,0.827534041,0.185010363,0.166193757,1
Geophysical_model165,/home/lyara/areswave/models/Geophysical_model165.nd,nd,UNK,,,1016.295,60,900,197.503,1016.295,60,1132.589,33.227,1481.473,99.682,1679.468,60,0.802591887,0.840209844,0.827670525,0.197408113,0.159790156,1
CD_model51,/home/lyara/areswave/models/CD_model51.nd,nd,UNK,,,,60,,60,,60,,60,,60,,60,0.893198653,0.795113011,0.827808225,0.106801347,0.204886989,1
Geophysical_model463,/home/lyara/areswave/models/Geophysical_model463.nd,nd,UNK,,,1017.871,60,900,184.52,1017.871,60,1135.742,16.839,1489.354,84.193,1687.623,60,0.818098428,0.832941941,0.827994104,0.181901572,0.167058059,1
Geophysical_model23,/home/lyara/areswave/models/Geophysical_model23.nd,nd,UNK,,,1017.871,60,900,184.52,1017.871,60,1135.742,16.839,1489.354,84.193,1687.623,60,0.818098428,0.832941941,0.827994104,0.181901572,0.167058059,1
Geophysical_model120,/home/lyara/areswave/models/Geophysical_model120.nd,nd,UNK,,,1033.184,60,900,188.139,1033.184,60,1133.072,33.295,1482.679,83.24,1680.716,60,0.793156123,0.846064147,0.828428139,0.206843877,0.153935853,1
Geophysical_model12,/home/lyara/areswave/models/Geophysical_model12.nd,nd,UNK,,,949.483,60,900,193.526,949.483,60,1114.426,16.494,1460.805,98.966,1675.15,60,0.814101497,0.835666655,0.828478269,0.185898503,0.164333345,1
Geophysical_model211,/home/lyara/areswave/models/Geophysical_model211.nd,nd,UNK,,,949.483,60,900,193.526,949.483,60,1114.426,16.494,1460.805,98.966,1675.15,60,0.814101497,0.835666655,0.828478269,0.185898503,0.164333345,1
Geophysical_model136,/home/lyara/areswave/models/Geophysical_model136.nd,nd,UNK,,,949.483,60,900,193.526,949.483,60,1114.426,16.494,1460.805,98.966,1675.15,60,0.814101497,0.835666655,0.828478269,0.185898503,0.164333345,1
Geophysical_model47,/home/lyara/areswave/models/Geophysical_model47.nd,nd,UNK,,,1017.887,60,900,183.974,1017.887,60,1135.775,33.682,1472.595,84.206,1687.708,60,0.809160545,0.838468278,0.828699034,0.190839455,0.161531722,1
Geophysical_model2,/home/lyara/areswave/models/Geophysical_model2.nd,nd,UNK,,,1033.278,60,900,182.554,1033.278,60,1133.237,33.32,1483.093,83.299,1681.144,60,0.88979219,0.798194266,0.828726907,0.11020781,0.201805734,1
Geophysical_model1,/home/lyara/areswave/models/Geophysical_model1.nd,nd,UNK,,,1033.278,60,900,182.554,1033.278,60,1133.237,33.32,1483.093,83.299,1681.144,60,0.88979219,0.798194266,0.828726907,0.11020781,0.201805734,1
Geophysical_model279,/home/lyara/areswave/models/Geophysical_model279.nd,nd,UNK,,,966.81,60,900,178.021,966.81,60,1117.132,33.405,1484.587,100.215,1682.69,60,0.719092305,0.88446881,0.829343308,0.280907695,0.11553119,1
Geophysical_model241,/home/lyara/areswave/models/Geophysical_model241.nd,nd,UNK,,,1033.228,60,900,182.392,1033.228,60,1133.149,33.307,1482.872,83.268,1680.916,60,0.639965343,0.924703414,0.829790724,0.360034657,0.075296586,1
Geophysical_model292,/home/lyara/areswave/models/Geophysical_model292.nd,nd,UNK,,,967.499,60,858.902,184.941,967.499,60,1119.373,33.75,1456.871,101.249,1688.933,60,0.721335718,0.884156742,0.829883067,0.278664282,0.115843258,1
Geophysical_model631,/home/lyara/areswave/models/Geophysical_model631.nd,nd,UNK,,,933.855,60,900,186.076,933.855,60,1120.056,33.855,1492.459,84.637,1690.835,60,0.862247822,0.813764868,0.829925853,0.137752178,0.186235132,1
CD_model98,/home/lyara/areswave/models/CD_model98.nd,nd,UNK,,,,60,,60,,60,,60,,60,,60,0.850862221,0.819996882,0.830285328,0.149137779,0.180003118,1
Geophysical_model460,/home/lyara/areswave/models/Geophysical_model460.nd,nd,UNK,,,1016.377,60,900,198.875,1016.377,60,1116.129,33.251,1498.512,99.752,1679.896,60,0.814538621,0.838787961,0.830704848,0.185461379,0.161212039,1
Geophysical_model271,/home/lyara/areswave/models/Geophysical_model271.nd,nd,UNK,,,1016.377,60,900,198.875,1016.377,60,1116.129,33.251,1498.512,99.752,1679.896,60,0.814538621,0.838787961,0.830704848,0.185461379,0.161212039,1
AK_model_31,/home/lyara/areswave/models/AK_model_31.nd,nd,UNK,,,1063.166,60,823.564,26.623,1063.166,60,1276.145,26.623,1329.39,53.245,1699.028,60,0.821862776,0.835241443,0.830781887,0.178137224,0.164758557,1
Geophysical_model879,/home/lyara/areswave/models/Geophysical_model879.nd,nd,UNK,,,933.674,60,879.802,181.785,933.674,60,1118.884,33.674,1489.303,84.186,1687.57,60,0.841059691,0.825863034,0.830928586,0.158940309,0.174136966,1
Geophysical_model707,/home/lyara/areswave/models/Geophysical_model707.nd,nd,UNK,,,933.674,60,879.802,181.785,933.674,60,1118.884,33.674,1489.303,84.186,1687.57,60,0.841059691,0.825863034,0.830928586,0.158940309,0.174136966,1
MD_model92,/home/lyara/areswave/models/MD_model92.nd,nd,UNK,,,957.353,60,715.782,186.669,957.353,60,1275.788,54.903,1308.73,43.922,1652.135,60,0.836042875,0.828499158,0.83101373,0.163957125,0.171500842,1
Geophysical_model247,/home/lyara/areswave/models/Geophysical_model247.nd,nd,UNK,,,966.552,60,900,193.11,966.552,60,1116.294,16.638,1465.692,99.828,1680.354,60,0.876074989,0.808758265,0.831197173,0.123925011,0.191241735,1
AK_model_6,/home/lyara/areswave/models/AK_model_6.nd,nd,UNK,,,1050.566,60,816.362,26.023,1050.566,60,1284.77,78.068,1310.793,26.023,1676.747,60,0.84854923,0.822609451,0.831256044,0.15145077,0.177390549,1
Geophysical_model345,/home/lyara/areswave/models/Geophysical_model345.nd,nd,UNK,,,1031.859,60,900,187.371,1031.859,60,1130.753,32.964,1476.882,82.412,1674.718,60,0.706509781,0.893825286,0.831386784,0.293490219,0.106174714,1
Geophysical_model97,/home/lyara/areswave/models/Geophysical_model97.nd,nd,UNK,,,983.19,60,878.419,194.225,983.19,60,1116.294,16.638,1465.692,116.466,1680.354,60,0.807609444,0.843282385,0.831391405,0.192390556,0.156717615,1
AK_model_75,/home/lyara/areswave/models/AK_model_75.nd,nd,UNK,,,1055.732,60,825.114,51.248,1055.732,60,1286.349,51.248,1311.974,51.248,1698.307,60,0.80427705,0.844994427,0.831421968,0.19572295,0.155005573,1
Geophysical_model264,/home/lyara/areswave/models/Geophysical_model264.nd,nd,UNK,,,966.81,60,900,179.331,966.81,60,1117.132,33.405,1451.182,100.215,1682.69,60,0.798154862,0.84868503,0.831841641,0.201845138,0.15131497,1
MD_model93,/home/lyara/areswave/models/MD_model93.nd,nd,UNK,,,1028.365,60,811.573,195.113,1028.365,60,1288.514,75.877,1321.033,21.679,1639.515,60,0.788093851,0.854115367,0.832108195,0.211906149,0.145884633,1
Geophysical_model407,/home/lyara/areswave/models/Geophysical_model407.nd,nd,UNK,,,1047.872,60,900,189.285,1047.872,60,1130.023,32.86,1491.488,82.151,1672.831,60,0.833498093,0.832153585,0.832601754,0.166501907,0.167846415,1
Geophysical_model72,/home/lyara/areswave/models/Geophysical_model72.nd,nd,UNK,,,1032.978,60,900,188.982,1032.978,60,1132.711,33.244,1481.777,83.111,1679.782,60,0.765366645,0.866899183,0.833055004,0.234633355,0.133100817,1
Geophysical_model81,/home/lyara/areswave/models/Geophysical_model81.nd,nd,UNK,,,950.269,60,900,194.508,950.269,60,1117.834,33.513,1452.962,117.295,1684.644,60,0.831024046,0.834338841,0.83323391,0.168975954,0.165661159,1
MD_model62,/home/lyara/areswave/models/MD_model62.nd,nd,UNK,,,1060.259,60,730.357,182.015,1060.259,60,1276.401,193.391,1356.032,45.504,1696.852,60,0.850971282,0.824898971,0.833589741,0.149028718,0.175101029,1
Geophysical_model335,/home/lyara/areswave/models/Geophysical_model335.nd,nd,UNK,,,1031.52,60,900,187.375,1031.52,60,1130.159,32.88,1491.838,82.199,1673.183,60,0.747019942,0.877013265,0.833682158,0.252980058,0.122986735,1
Geophysical_model390,/home/lyara/areswave/models/Geophysical_model390.nd,nd,UNK,,,1033.228,60,900,182.297,1033.228,60,1133.149,33.307,1499.526,83.268,1680.916,60,0.719264911,0.891025168,0.833771749,0.280735089,0.108974832,1
Geophysical_model82,/home/lyara/areswave/models/Geophysical_model82.nd,nd,UNK,,,1096.27,60,900,198.574,1096.27,60,1145.337,32.711,1488.81,65.423,1670.136,60,0.800374623,0.851025756,0.834142045,0.199625377,0.148974244,1
Geophysical_model966,/home/lyara/areswave/models/Geophysical_model966.nd,nd,UNK,,,950.781,60,900,183.639,950.781,60,1136.977,33.854,1492.442,67.707,1690.818,60,0.848128894,0.827323433,0.834258587,0.151871106,0.172676567,1
MD_model28,/home/lyara/areswave/models/MD_model28.nd,nd,UNK,,,969.799,60,817.032,185.502,969.799,60,1297.155,43.648,1340.802,98.206,1649.766,60,0.773671101,0.86489835,0.834489267,0.226328899,0.13510165,1
Geophysical_model567,/home/lyara/areswave/models/Geophysical_model567.nd,nd,UNK,,,933.943,60,900,186.055,933.943,60,1120.631,33.943,1477.036,84.858,1692.437,60,0.821117709,0.841421696,0.8346537,0.178882291,0.158578304,1
Geophysical_model869,/home/lyara/areswave/models/Geophysical_model869.nd,nd,UNK,,,933.943,60,900,186.055,933.943,60,1120.631,33.943,1477.036,84.858,1692.437,60,0.821117709,0.841421696,0.8346537,0.178882291,0.158578304,1
Geophysical_model951,/home/lyara/areswave/models/Geophysical_model951.nd,nd,UNK,,,933.943,60,900,186.074,933.943,60,1120.631,33.943,1477.036,84.858,1692.437,60,0.821117709,0.841421696,0.8346537,0.178882291,0.158578304,1
AK_model_16,/home/lyara/areswave/models/AK_model_16.nd,nd,UNK,,,1032.613,60,811.315,24.589,1032.613,60,1278.5,73.766,1303.088,24.589,1680.441,60,0.706282973,0.899779901,0.835280925,0.293717027,0.100220099,1
Geophysical_model315,/home/lyara/areswave/models/Geophysical_model315.nd,nd,UNK,,,1001.068,60,900,187.658,1001.068,60,1135.824,33.689,1489.56,101.067,1687.836,60,0.811825399,0.84716188,0.835383053,0.188174601,0.15283812,1
Geophysical_model528,/home/lyara/areswave/models/Geophysical_model528.nd,nd,UNK,,,933.804,60,900,181.169,933.804,60,1119.729,33.804,1491.578,84.511,1689.924,60,0.808674734,0.84883436,0.835447818,0.191325266,0.15116564,1
Geophysical_model978,/home/lyara/areswave/models/Geophysical_model978.nd,nd,UNK,,,950.781,60,900,183.604,950.781,60,1136.977,33.854,1492.442,67.707,1690.818,60,0.918512929,0.794418288,0.835783168,0.081487071,0.205581712,1
Geophysical_model150,/home/lyara/areswave/models/Geophysical_model150.nd,nd,UNK,,,1099.378,60,900,179.668,1099.378,60,1115.993,16.614,1431.674,99.689,1679.515,60,0.620950234,0.943574289,0.836032938,0.379049766,0.056425711,1
MD_model8,/home/lyara/areswave/models/MD_model8.nd,nd,UNK,,,1001.915,60,793.775,10.407,1001.915,60,1241.276,145.698,1449.416,187.326,1592.569,60,0.830136184,0.83916333,0.836154281,0.169863816,0.16083667,1
AK_model_81,/home/lyara/areswave/models/AK_model_81.nd,nd,UNK,,,1048.351,60,819.977,25.375,1048.351,60,1276.724,50.749,1327.474,50.75,1686.823,60,0.722681082,0.893728377,0.836712612,0.277318918,0.106271623,1
Geophysical_model842,/home/lyara/areswave/models/Geophysical_model842.nd,nd,UNK,,,950.91,60,900,184.808,950.91,60,1120.608,33.94,1476.975,84.849,1692.373,60,0.872890871,0.818771021,0.836810971,0.127109129,0.181228979,1
AK_model_88,/home/lyara/areswave/models/AK_model_88.nd,nd,UNK,,,1071.541,60,800.713,27.083,1071.541,60,1288.203,27.083,1342.368,54.165,1714.927,60,0.803221203,0.853734684,0.836896857,0.196778797,0.146265316,1
Geophysical_model450,/home/lyara/areswave/models/Geophysical_model450.nd,nd,UNK,,,966.559,60,900,181.651,966.559,60,1116.317,16.639,1465.751,99.839,1680.417,60,0.718465887,0.896456885,0.837126552,0.281534113,0.103543115,1
Geophysical_model100,/home/lyara/areswave/models/Geophysical_model100.nd,nd,UNK,,,1033.219,60,877.55,179.596,1033.219,60,1133.134,33.305,1482.834,83.262,1680.877,60,0.849026831,0.832916218,0.838286422,0.150973169,0.167083782,1
Geophysical_model46,/home/lyara/areswave/models/Geophysical_model46.nd,nd,UNK,,,1049.531,60,900,179.8,1049.531,60,1132.603,33.229,1498.123,83.073,1679.504,60,0.764426294,0.875384612,0.838398506,0.235573706,0.124615388,1
MD_model50,/home/lyara/areswave/models/MD_model50.nd,nd,UNK,,,1043.775,60,704.13,186.257,1043.775,60,1295.769,186.257,1361.507,87.651,1649.586,60,0.853346954,0.83107431,0.838498524,0.146653046,0.16892569,1
Geophysical_model304,/home/lyara/areswave/models/Geophysical_model304.nd,nd,UNK,,,1033.067,60,877.206,182.354,1033.067,60,1132.867,33.267,1498.801,83.167,1680.187,60,0.814474964,0.850807759,0.838696827,0.185525036,0.149192241,1
Geophysical_model270,/home/lyara/areswave/models/Geophysical_model270.nd,nd,UNK,,,1001.288,60,880.467,195.334,1001.288,60,1119.457,33.763,1490.847,101.288,1689.167,60,0.780755374,0.867765104,0.838761861,0.219244626,0.132234896,1
Geophysical_model161,/home/lyara/areswave/models/Geophysical_model161.nd,nd,UNK,,,1032.538,60,900,187.972,1032.538,60,1131.941,33.135,1496.421,82.836,1677.792,60,0.794400981,0.861012143,0.838808422,0.205599019,0.138987857,1
Geophysical_model99,/home/lyara/areswave/models/Geophysical_model99.nd,nd,UNK,,,1032.538,60,900,187.972,1032.538,60,1131.941,33.135,1496.421,82.836,1677.792,60,0.794400981,0.861012143,0.838808422,0.205599019,0.138987857,1
Geophysical_model14,/home/lyara/areswave/models/Geophysical_model14.nd,nd,UNK,,,1032.538,60,900,187.972,1032.538,60,1131.941,33.135,1496.421,82.836,1677.792,60,0.794400981,0.861012143,0.838808422,0.205599019,0.138987857,1
Geophysical_model121,/home/lyara/areswave/models/Geophysical_model121.nd,nd,UNK,,,1063.821,60,900,185.535,1063.821,60,1145.731,32.764,1489.755,65.529,1671.087,60,0.708394233,0.904135653,0.838888513,0.291605767,0.095864347,1
AK_model_29,/home/lyara/areswave/models/AK_model_29.nd,nd,UNK,,,1044.427,60,827.691,27.092,1044.427,60,1288.254,54.184,1315.346,54.184,1715.068,60,0.784399744,0.866262054,0.838974617,0.215600256,0.133737946,1
Geophysical_model462,/home/lyara/areswave/models/Geophysical_model462.nd,nd,UNK,,,1030.985,60,900,189.882,1030.985,60,1129.223,32.746,1489.43,81.865,1670.76,60,0.804347258,0.856436563,0.839073461,0.195652742,0.143563437,1
AK_model_65,/home/lyara/areswave/models/AK_model_65.nd,nd,UNK,,,1001.408,60,796.24,25.646,1001.408,60,1103.992,102.584,1360.452,25.646,1695.897,60,0.942706855,0.78728473,0.839092105,0.057293145,0.21271527,1
Geophysical_model202,/home/lyara/areswave/models/Geophysical_model202.nd,nd,UNK,,,1000.927,60,900,187.87,1000.927,60,1135.497,33.643,1488.742,84.106,1686.989,60,0.734426355,0.892123537,0.83955781,0.265573645,0.107876463,1
Geophysical_model276,/home/lyara/areswave/models/Geophysical_model276.nd,nd,UNK,,,999.801,60,857.053,193.262,999.801,60,1116.236,16.633,1465.54,99.801,1680.192,60,0.85267805,0.833463471,0.839868331,0.14732195,0.166536529,1
Geophysical_model479,/home/lyara/areswave/models/Geophysical_model479.nd,nd,UNK,,,983.998,60,876.544,187.65,983.998,60,1118.394,33.599,1487.983,100.797,1686.203,60,0.859883249,0.832609486,0.84170074,0.140116751,0.167390514,1
Geophysical_model123,/home/lyara/areswave/models/Geophysical_model123.nd,nd,UNK,,,1032.872,60,900,181.792,1032.872,60,1132.525,33.217,1481.314,83.045,1679.303,60,0.754063951,0.885895855,0.841951887,0.245936049,0.114104145,1
Geophysical_model372,/home/lyara/areswave/models/Geophysical_model372.nd,nd,UNK,,,966.596,60,900,180.875,966.596,60,1116.437,16.649,1466.066,99.894,1680.753,60,0.805689887,0.860211988,0.842037955,0.194310113,0.139788012,1
Geophysical_model287,/home/lyara/areswave/models/Geophysical_model287.nd,nd,UNK,,,1001.133,60,861.705,191.475,1001.133,60,1119.121,33.711,1489.942,101.133,1688.231,60,0.843945229,0.842245382,0.842811998,0.156054771,0.157754618,1
Geophysical_model25,/home/lyara/areswave/models/Geophysical_model25.nd,nd,UNK,,,983.376,60,879.05,188.546,983.376,60,1116.777,33.35,1466.955,100.051,1681.7,60,0.629698444,0.950333401,0.843455082,0.370301556,0.049666599,1
Geophysical_model222,/home/lyara/areswave/models/Geophysical_model222.nd,nd,UNK,,,1063.846,60,900,185.688,1063.846,60,1145.769,32.769,1489.845,65.539,1671.177,60,0.815923793,0.858141154,0.8440687,0.184076207,0.141858846,1
Geophysical_model702,/home/lyara/areswave/models/Geophysical_model702.nd,nd,UNK,,,916.728,60,900,193.447,916.728,60,1117.459,33.456,1485.467,83.638,1683.6,60,0.763583444,0.885416037,0.844805172,0.236416556,0.114583963,1
Geophysical_model414,/home/lyara/areswave/models/Geophysical_model414.nd,nd,UNK,,,950.857,60,900,199.145,950.857,60,1120.38,33.904,1459.426,101.713,1691.737,60,0.843960619,0.845804633,0.845189961,0.156039381,0.154195367,1
Geophysical_model278,/home/lyara/areswave/models/Geophysical_model278.nd,nd,UNK,,,950.857,60,900,199.145,950.857,60,1120.38,33.904,1459.426,101.713,1691.737,60,0.843960619,0.845804633,0.845189961,0.156039381,0.154195367,1
Geophysical_model263,/home/lyara/areswave/models/Geophysical_model263.nd,nd,UNK,,,950.857,60,900,199.145,950.857,60,1120.38,33.904,1459.426,101.713,1691.737,60,0.843960619,0.845804633,0.845189961,0.156039381,0.154195367,1
Geophysical_model212,/home/lyara/areswave/models/Geophysical_model212.nd,nd,UNK,,,1001.068,60,876.475,188.203,1001.068,60,1118.98,33.689,1489.56,101.067,1687.836,60,0.902155199,0.816948495,0.84535073,0.097844801,0.183051505,1
Geophysical_model301,/home/lyara/areswave/models/Geophysical_model301.nd,nd,UNK,,,949.517,60,900,192.185,949.517,60,1114.574,16.506,1444.688,115.54,1675.563,60,0.906953465,0.814634207,0.845407293,0.093046535,0.185365793,1
Geophysical_model322,/home/lyara/areswave/models/Geophysical_model322.nd,nd,UNK,,,983.19,60,900,194.819,983.19,60,1116.294,16.638,1465.692,116.466,1680.354,60,0.924268747,0.806499993,0.845756244,0.075731253,0.193500007,1
Geophysical_model531,/home/lyara/areswave/models/Geophysical_model531.nd,nd,UNK,,,950.068,60,900,179.991,950.068,60,1133.65,50.068,1484.125,66.757,1682.212,60,0.845327576,0.847524956,0.846792496,0.154672424,0.152475044,1
Geophysical_model343,/home/lyara/areswave/models/Geophysical_model343.nd,nd,UNK,,,1033.278,60,900,182.297,1033.278,60,1133.237,33.32,1499.753,83.299,1681.144,60,0.860301886,0.84003814,0.846792722,0.139698114,0.15996186,1
Geophysical_model169,/home/lyara/areswave/models/Geophysical_model169.nd,nd,UNK,,,1016.434,60,877.32,181.44,1016.434,60,1132.867,33.267,1498.801,83.167,1680.187,60,0.807200608,0.867013682,0.84707599,0.192799392,0.132986318,1
Geophysical_model17,/home/lyara/areswave/models/Geophysical_model17.nd,nd,UNK,,,1016.434,60,877.32,181.44,1016.434,60,1132.867,33.267,1498.801,83.167,1680.187,60,0.807200608,0.867013682,0.84707599,0.192799392,0.132986318,1
MD_model13,/home/lyara/areswave/models/MD_model13.nd,nd,UNK,,,1005.054,60,807.542,10.396,1005.054,60,1244.149,145.536,1358.498,166.326,1595.035,60,0.898970626,0.821769677,0.847503327,0.101029374,0.178230323,1
CD_model32,/home/lyara/areswave/models/CD_model32.nd,nd,UNK,,,,60,,60,,60,,60,,60,,60,0.840363646,0.851182395,0.847576145,0.159636354,0.148817605,1
Geophysical_model764,/home/lyara/areswave/models/Geophysical_model764.nd,nd,UNK,,,933.862,60,900,186.67,933.862,60,1120.105,33.862,1492.59,84.656,1690.97,60,0.855945623,0.844479283,0.848301396,0.144054377,0.155520717,1
MD_model6,/home/lyara/areswave/models/MD_model6.nd,nd,UNK,,,984.528,60,728.132,10.256,984.528,60,1107.599,184.605,1384.507,102.559,1507.577,60,0.70470184,0.920185221,0.848357427,0.29529816,0.079814779,1
Geophysical_model815,/home/lyara/areswave/models/Geophysical_model815.nd,nd,UNK,,,950.781,60,900,183.496,950.781,60,1136.977,33.854,1475.515,67.707,1690.818,60,0.888433431,0.828669249,0.848590643,0.111566569,0.171330751,1
CD_model2,/home/lyara/areswave/models/CD_model2.nd,nd,UNK,,,,60,,60,,60,,60,,60,,60,0.850172927,0.848130539,0.848811335,0.149827073,0.151869461,1
AK_model_24,/home/lyara/areswave/models/AK_model_24.nd,nd,UNK,,,1075.946,60,803.518,27.243,1075.946,60,1293.887,54.485,1321.13,27.243,1721.839,60,0.908880761,0.818914631,0.848903341,0.091119239,0.181085369,1
Geophysical_model238,/home/lyara/areswave/models/Geophysical_model238.nd,nd,UNK,,,983.209,60,877.982,198.163,983.209,60,1116.342,16.642,1465.818,116.492,1680.489,60,0.803674601,0.871622112,0.848972942,0.196325399,0.128377888,1
MD_model26,/home/lyara/areswave/models/MD_model26.nd,nd,UNK,,,1011.624,60,870.538,10.078,1011.624,60,1293.796,151.164,1354.261,60.466,1485.27,60,0.812520292,0.867466642,0.849151192,0.187479708,0.132533358,1
Geophysical_model525,/home/lyara/areswave/models/Geophysical_model525.nd,nd,UNK,,,933.975,60,900,186.007,933.975,60,1120.837,33.975,1494.562,84.937,1693.011,60,0.862707442,0.842547167,0.849267259,0.137292558,0.157452833,1
Geophysical_model992,/home/lyara/areswave/models/Geophysical_model992.nd,nd,UNK,,,950.127,60,900,199.969,950.127,60,1133.926,50.127,1484.815,66.836,1682.926,60,0.78747899,0.880682978,0.849614982,0.21252101,0.119317022,1
Geophysical_model738,/home/lyara/areswave/models/Geophysical_model738.nd,nd,UNK,,,900,60,900,184.477,900,60,1106.204,17.184,1467.062,85.919,1501.429,68.735,0.763225018,0.893018764,0.849754182,0.236774982,0.106981236,1
Geophysical_model854,/home/lyara/areswave/models/Geophysical_model854.nd,nd,UNK,,,900,60,900,184.477,900,60,1106.204,17.184,1467.062,85.919,1501.429,68.735,0.763225018,0.893018764,0.849754182,0.236774982,0.106981236,1
Geophysical_model840,/home/lyara/areswave/models/Geophysical_model840.nd,nd,UNK,,,950.057,60,900,178.012,950.057,60,1133.601,33.371,1484.001,66.743,1682.084,60,0.85131851,0.849069852,0.849819405,0.14868149,0.150930148,1
Geophysical_model786,/home/lyara/areswave/models/Geophysical_model786.nd,nd,UNK,,,900,60,900,185.402,900,60,1106.136,17.178,1466.874,85.89,1699.91,60,0.744550135,0.902705206,0.849986849,0.255449865,0.097294794,1
Geophysical_model580,/home/lyara/areswave/models/Geophysical_model580.nd,nd,UNK,,,900,60,900,185.402,900,60,1106.136,17.178,1466.874,85.89,1699.91,60,0.744550135,0.902705206,0.849986849,0.255449865,0.097294794,1
Geophysical_model920,/home/lyara/areswave/models/Geophysical_model920.nd,nd,UNK,,,949.962,60,900,178.868,949.962,60,1133.157,33.308,1499.547,83.27,1680.937,60,0.856567109,0.847071557,0.850236741,0.143432891,0.152928443,1
Geophysical_model817,/home/lyara/areswave/models/Geophysical_model817.nd,nd,UNK,,,950.91,60,900,185.165,950.91,60,1120.608,33.94,1476.975,84.849,1692.373,60,0.85128328,0.849870477,0.850341411,0.14871672,0.150129523,1
Geophysical_model10,/home/lyara/areswave/models/Geophysical_model10.nd,nd,UNK,,,983.111,60,878.833,190.503,983.111,60,1116.088,16.622,1465.153,116.355,1679.781,60,0.786692718,0.882220409,0.850377845,0.213307282,0.117779591,1
Geophysical_model938,/home/lyara/areswave/models/Geophysical_model938.nd,nd,UNK,,,1068.438,60,900,29.464,1068.438,60,1102.126,16.844,1455.847,117.907,1687.809,60,0.863854786,0.844575103,0.851001664,0.136145214,0.155424897,1
Geophysical_model131,/home/lyara/areswave/models/Geophysical_model131.nd,nd,UNK,,,966.637,60,900,189.175,966.637,60,1116.57,16.66,1466.415,99.956,1681.124,60,0.748892051,0.902325972,0.851181331,0.251107949,0.097674028,1
Geophysical_model66,/home/lyara/areswave/models/Geophysical_model66.nd,nd,UNK,,,983.237,60,879.302,186.283,983.237,60,1116.417,16.648,1466.015,99.884,1680.698,60,0.87940622,0.837296363,0.851332982,0.12059378,0.162703637,1
MD_model57,/home/lyara/areswave/models/MD_model57.nd,nd,UNK,,,943.736,60,850.536,93.2,943.736,60,1285.469,62.133,1306.18,31.066,1593.857,60,0.834673006,0.861152655,0.852326106,0.165326994,0.138847345,1
Geophysical_model297,/home/lyara/areswave/models/Geophysical_model297.nd,nd,UNK,,,1049.919,60,900,181.611,1049.919,60,1133.207,33.315,1483.019,83.288,1681.067,60,0.830628551,0.863309014,0.852415526,0.169371449,0.136690986,1
Geophysical_model26,/home/lyara/areswave/models/Geophysical_model26.nd,nd,UNK,,,1049.919,60,900,181.611,1049.919,60,1133.207,33.315,1483.019,83.288,1681.067,60,0.830628551,0.863309014,0.852415526,0.169371449,0.136690986,1
MD_model16,/home/lyara/areswave/models/MD_model16.nd,nd,UNK,,,999.038,60,820.271,10.516,999.038,60,1146.258,94.641,1346.056,189.283,1605.327,60,0.821716615,0.867863154,0.852480974,0.178283385,0.132136846,1
AK_model_23,/home/lyara/areswave/models/AK_model_23.nd,nd,UNK,,,1057.206,60,792.209,26.5,1057.206,60,1295.703,52.999,1322.203,26.5,1691.329,60,0.890594359,0.835054446,0.85356775,0.109405641,0.164945554,1
Geophysical_model309,/home/lyara/areswave/models/Geophysical_model309.nd,nd,UNK,,,1031.555,60,900,186.048,1031.555,60,1130.221,32.889,1491.996,82.221,1673.341,60,0.890050707,0.836331222,0.854237717,0.109949293,0.163668778,1
Geophysical_model857,/home/lyara/areswave/models/Geophysical_model857.nd,nd,UNK,,,933.943,60,879.277,186.506,933.943,60,1120.631,33.943,1494.007,84.858,1692.437,60,0.920673217,0.821495028,0.854554425,0.079326783,0.178504972,1
Geophysical_model509,/home/lyara/areswave/models/Geophysical_model509.nd,nd,UNK,,,1088.067,60,900,20.654,1088.067,60,1105.164,17.097,1464.2,119.679,1696.976,60,0.808048647,0.879536282,0.85570707,0.191951353,0.120463718,1
Geophysical_model466,/home/lyara/areswave/models/Geophysical_model466.nd,nd,UNK,,,1031.687,60,900,185.189,1031.687,60,1130.452,32.922,1492.591,82.304,1673.94,60,0.744951002,0.911710314,0.856123877,0.255048998,0.088289686,1
Geophysical_model893,/home/lyara/areswave/models/Geophysical_model893.nd,nd,UNK,,,950.04,60,900,197.965,950.04,60,1133.518,33.36,1483.796,66.72,1681.871,60,0.881351792,0.844444023,0.856746612,0.118648208,0.155555977,1
MD_model38,/home/lyara/areswave/models/MD_model38.nd,nd,UNK,,,1054.062,60,780.894,189.116,1054.062,60,1253.684,178.61,1348.242,10.506,1597.105,60,0.856738664,0.856952129,0.856880974,0.143261336,0.143047871,1
Geophysical_model171,/home/lyara/areswave/models/Geophysical_model171.nd,nd,UNK,,,1016.326,60,900,195.567,1016.326,60,1132.652,33.236,1498.248,99.708,1679.631,60,0.771775718,0.899735987,0.857082564,0.228224282,0.100264013,1
MD_model63,/home/lyara/areswave/models/MD_model63.nd,nd,UNK,,,1047.057,60,708.427,180.602,1047.057,60,1216.372,191.89,1363.111,90.301,1690.644,60,0.875234241,0.849151981,0.857846068,0.124765759,0.150848019,1
Geophysical_model151,/home/lyara/areswave/models/Geophysical_model151.nd,nd,UNK,,,916.88,60,900,182.473,916.88,60,1102.557,16.88,1440.153,101.278,1689.11,60,0.838975258,0.867978412,0.858310694,0.161024742,0.132021588,1
MD_model17,/home/lyara/areswave/models/MD_model17.nd,nd,UNK,,,1094.831,60,723.03,196.836,1094.831,60,1193.249,185.9,1411.956,98.418,1645.069,60,0.925178163,0.825758234,0.85889821,0.074821837,0.174241766,1
Geophysical_model234,/home/lyara/areswave/models/Geophysical_model234.nd,nd,UNK,,,966.829,60,900,198.796,966.829,60,1117.194,33.414,1451.339,100.243,1682.862,60,0.891852271,0.842692689,0.859079217,0.108147729,0.157307311,1
Geophysical_model96,/home/lyara/areswave/models/Geophysical_model96.nd,nd,UNK,,,966.829,60,900,198.796,966.829,60,1117.194,33.414,1451.339,100.243,1682.862,60,0.891852271,0.842692689,0.859079217,0.108147729,0.157307311,1
AK_model_94,/home/lyara/areswave/models/AK_model_94.nd,nd,UNK,,,1080.51,60,778.064,27.495,1080.51,60,1272.975,27.495,1327.965,54.99,1730.529,60,0.860467726,0.85839515,0.859086009,0.139532274,0.14160485,1
AK_model_67,/home/lyara/areswave/models/AK_model_67.nd,nd,UNK,,,1034.55,60,885.984,24.76,1034.55,60,1158.354,99.044,1381.202,99.043,1662.605,60,0.921837369,0.828405444,0.859549419,0.078162631,0.171594556,1
Geophysical_model502,/home/lyara/areswave/models/Geophysical_model502.nd,nd,UNK,,,967.586,60,900,190.608,967.586,60,1136.55,33.793,1491.375,67.586,1689.713,60,0.916130829,0.83437636,0.86162785,0.083869171,0.16562364,1
Geophysical_model340,/home/lyara/areswave/models/Geophysical_model340.nd,nd,UNK,,,1001.133,60,861.553,192.234,1001.133,60,1119.121,33.711,1473.087,101.133,1688.231,60,0.894786555,0.84514329,0.861691045,0.105213445,0.15485671,1
Geophysical_model184,/home/lyara/areswave/models/Geophysical_model184.nd,nd,UNK,,,950.621,60,900,192.919,950.621,60,1119.357,33.747,1456.828,118.116,1688.886,60,0.929641715,0.829533267,0.86290275,0.070358285,0.170466733,1
Geophysical_model124,/home/lyara/areswave/models/Geophysical_model124.nd,nd,UNK,,,966.637,60,900,190.476,966.637,60,1116.57,16.66,1466.415,99.956,1681.124,60,0.844139654,0.873155053,0.863483253,0.155860346,0.126844947,1
Geophysical_model730,/home/lyara/areswave/models/Geophysical_model730.nd,nd,UNK,,,933.948,60,900,185.625,933.948,60,1120.665,33.948,1494.098,84.871,1692.531,60,0.863848321,0.86527286,0.864798014,0.136151679,0.13472714,1
MD_model65,/home/lyara/areswave/models/MD_model65.nd,nd,UNK,,,1057.396,60,710.116,184.492,1057.396,60,1285.298,21.705,1361.266,75.968,1636.741,60,0.861487307,0.866758931,0.865001723,0.138512693,0.133241069,1
Geophysical_model145,/home/lyara/areswave/models/Geophysical_model145.nd,nd,UNK,,,966.251,60,900,186.316,966.251,60,1115.315,16.563,1463.132,99.376,1677.628,60,0.775060515,0.910424512,0.86530318,0.224939485,0.089575488,1
Geophysical_model215,/home/lyara/areswave/models/Geophysical_model215.nd,nd,UNK,,,949.483,60,900,193.481,949.483,60,1114.426,16.494,1460.805,98.966,1675.15,60,0.854496067,0.870824105,0.865381426,0.145503933,0.129175895,1
Geophysical_model289,/home/lyara/areswave/models/Geophysical_model289.nd,nd,UNK,,,966.724,60,900,180.027,966.724,60,1116.853,33.362,1467.154,100.086,1681.912,60,0.898483835,0.849669166,0.865940722,0.101516165,0.150330834,1
MD_model20,/home/lyara/areswave/models/MD_model20.nd,nd,UNK,,,1028.07,60,756.946,192.046,1028.07,60,1299.193,22.593,1366.974,79.078,1694.594,60,0.912117214,0.843600665,0.866439515,0.087882786,0.156399335,1
Geophysical_model320,/home/lyara/areswave/models/Geophysical_model320.nd,nd,UNK,,,983.203,60,878.839,190.447,983.203,60,1116.329,16.64,1465.783,116.484,1680.452,60,0.883806775,0.858654777,0.867038776,0.116193225,0.141345223,1
Geophysical_model434,/home/lyara/areswave/models/Geophysical_model434.nd,nd,UNK,,,983.203,60,878.839,190.447,983.203,60,1116.329,16.64,1465.783,116.484,1680.452,60,0.883806775,0.858654777,0.867038776,0.116193225,0.141345223,1
Geophysical_model61,/home/lyara/areswave/models/Geophysical_model61.nd,nd,UNK,,,982.649,60,900,184.153,982.649,60,1114.887,16.53,1462.012,115.708,1676.435,60,0.794226116,0.906186659,0.868866478,0.205773884,0.093813341,1
Geophysical_model229,/home/lyara/areswave/models/Geophysical_model229.nd,nd,UNK,,,965.752,60,900,181.724,965.752,60,1113.693,16.437,1458.888,115.065,1673.108,60,0.816326207,0.896239869,0.869601982,0.183673793,0.103760131,1
AK_model_79,/home/lyara/areswave/models/AK_model_79.nd,nd,UNK,,,1048.231,60,820.541,25.299,1048.231,60,1275.921,50.598,1326.519,50.598,1685.301,60,0.834470053,0.889086,0.870880684,0.165529947,0.110914,1
Geophysical_model933,/home/lyara/areswave/models/Geophysical_model933.nd,nd,UNK,,,950.04,60,900,179.988,950.04,60,1133.521,50.04,1483.802,66.72,1681.878,60,0.845430649,0.885185242,0.871933711,0.154569351,0.114814758,1
Geophysical_model998,/home/lyara/areswave/models/Geophysical_model998.nd,nd,UNK,,,933.856,60,879.282,186.458,933.856,60,1120.061,33.856,1492.472,84.639,1690.849,60,0.873997731,0.871184198,0.872122043,0.126002269,0.128815802,1
Geophysical_model117,/home/lyara/areswave/models/Geophysical_model117.nd,nd,UNK,,,966.508,60,900,194.013,966.508,60,1116.152,16.627,1465.32,99.762,1679.958,60,0.916523792,0.851009648,0.872847696,0.083476208,0.148990352,1
Geophysical_model530,/home/lyara/areswave/models/Geophysical_model530.nd,nd,UNK,,,1086.696,60,900,21.4,1086.696,60,1103.669,16.972,1460.089,118.807,1692.465,60,0.864243696,0.879352019,0.874315912,0.135756304,0.120647981,1
Geophysical_model905,/home/lyara/areswave/models/Geophysical_model905.nd,nd,UNK,,,933.943,60,879.311,186.198,933.943,60,1120.631,33.943,1494.007,84.858,1692.437,60,0.90323989,0.860239309,0.874572836,0.09676011,0.139760691,1
Geophysical_model128,/home/lyara/areswave/models/Geophysical_model128.nd,nd,UNK,,,998.736,60,900,188.684,998.736,60,1130.385,32.912,1475.961,98.737,1673.765,60,0.807942606,0.90822528,0.874797722,0.192057394,0.09177472,1
Geophysical_model609,/home/lyara/areswave/models/Geophysical_model609.nd,nd,UNK,,,933.943,60,879.345,185.891,933.943,60,1120.631,33.943,1494.007,84.858,1692.437,60,0.87845115,0.874786921,0.876008331,0.12154885,0.125213079,1
Geophysical_model727,/home/lyara/areswave/models/Geophysical_model727.nd,nd,UNK,,,933.943,60,879.345,185.891,933.943,60,1120.631,33.943,1494.007,84.858,1692.437,60,0.87845115,0.874786921,0.876008331,0.12154885,0.125213079,1
Geophysical_model578,/home/lyara/areswave/models/Geophysical_model578.nd,nd,UNK,,,933.943,60,879.345,185.891,933.943,60,1120.631,33.943,1494.007,84.858,1692.437,60,0.87845115,0.874786921,0.876008331,0.12154885,0.125213079,1
Geophysical_model197,/home/lyara/areswave/models/Geophysical_model197.nd,nd,UNK,,,1049.881,60,900,183.155,1049.881,60,1133.149,33.307,1466.219,83.268,1680.916,60,0.880510659,0.875602075,0.87723827,0.119489341,0.124397925,1
Geophysical_model990,/home/lyara/areswave/models/Geophysical_model990.nd,nd,UNK,,,950.721,60,900,183.737,950.721,60,1119.792,33.814,1491.747,84.535,1690.099,60,0.928489478,0.852400206,0.877763296,0.071510522,0.147599794,1
Geophysical_model618,/home/lyara/areswave/models/Geophysical_model618.nd,nd,UNK,,,933.862,60,900,186.585,933.862,60,1120.105,33.862,1492.59,84.656,1690.97,60,0.871606243,0.881047519,0.877900427,0.128393757,0.118952481,1
Geophysical_model887,/home/lyara/areswave/models/Geophysical_model887.nd,nd,UNK,,,966.653,60,900,193.256,966.653,60,1133.286,33.327,1499.88,83.317,1681.272,60,0.835626514,0.899170356,0.877989075,0.164373486,0.100829644,1
MD_model46,/home/lyara/areswave/models/MD_model46.nd,nd,UNK,,,1043.145,60,863.077,90.034,1043.145,60,1283.235,60.023,1333.254,10.004,1483.311,61.49,0.84904844,0.893739899,0.878842746,0.15095156,0.106260101,1
Geophysical_model476,/home/lyara/areswave/models/Geophysical_model476.nd,nd,UNK,,,967.7,60,900,181.488,967.7,60,1120.025,33.85,1458.525,118.475,1690.748,60,0.913953233,0.861938569,0.87927679,0.086046767,0.138061431,1
Geophysical_model794,/home/lyara/areswave/models/Geophysical_model794.nd,nd,UNK,,,950.91,60,900,184.586,950.91,60,1120.608,33.94,1493.945,84.849,1692.373,60,0.952505147,0.844612877,0.880576967,0.047494853,0.155387123,1
Geophysical_model178,/home/lyara/areswave/models/Geophysical_model178.nd,nd,UNK,,,999.801,60,857.307,192.118,999.801,60,1116.236,16.633,1482.173,99.801,1680.192,60,0.923055143,0.860894349,0.881614614,0.076944857,0.139105651,1
Geophysical_model137,/home/lyara/areswave/models/Geophysical_model137.nd,nd,UNK,,,966.251,60,900,186.972,966.251,60,1115.315,16.563,1463.132,99.376,1677.628,60,0.803196757,0.922052994,0.882434248,0.196803243,0.077947006,1
Geophysical_model334,/home/lyara/areswave/models/Geophysical_model334.nd,nd,UNK,,,1016.377,60,900,198.783,1016.377,60,1132.755,33.251,1465.261,99.752,1679.896,60,0.740463891,0.954387117,0.883079375,0.259536109,0.045612883,1
Geophysical_model477,/home/lyara/areswave/models/Geophysical_model477.nd,nd,UNK,,,1016.377,60,900,198.783,1016.377,60,1132.755,33.251,1465.261,99.752,1679.896,60,0.740463891,0.954387117,0.883079375,0.259536109,0.045612883,1
Geophysical_model237,/home/lyara/areswave/models/Geophysical_model237.nd,nd,UNK,,,949.523,60,900,190.596,949.523,60,1114.598,16.507,1461.256,99.045,1675.63,60,0.924458859,0.862936665,0.883444063,0.075541141,0.137063335,1
Geophysical_model243,/home/lyara/areswave/models/Geophysical_model243.nd,nd,UNK,,,982.905,60,900,182.575,982.905,60,1115.552,16.581,1463.752,116.067,1678.288,60,0.863620814,0.896375264,0.885457114,0.136379186,0.103624736,1
MD_model48,/home/lyara/areswave/models/MD_model48.nd,nd,UNK,,,929.177,60,788.375,191.088,929.177,60,1281.18,60.343,1301.295,60,1482.325,61.522,0.909214713,0.873837776,0.885630088,0.090785287,0.126162224,1
Geophysical_model722,/home/lyara/areswave/models/Geophysical_model722.nd,nd,UNK,,,900,60,900,22.447,900,60,1101.621,16.802,1488.061,100.811,1686.284,60,0.868812807,0.8950488,0.886303469,0.131187193,0.1049512,1
Geophysical_model269,/home/lyara/areswave/models/Geophysical_model269.nd,nd,UNK,,,950.621,60,900,192.721,950.621,60,1119.357,33.747,1456.828,118.116,1688.886,60,0.82663156,0.916974881,0.886860441,0.17336844,0.083025119,1
Geophysical_model489,/home/lyara/areswave/models/Geophysical_model489.nd,nd,UNK,,,967.872,60,900,180.377,967.872,60,1120.585,33.937,1459.948,101.809,1692.31,60,0.942543616,0.85988153,0.887435559,0.057456384,0.14011847,1
Geophysical_model370,/home/lyara/areswave/models/Geophysical_model370.nd,nd,UNK,,,966.673,60,900,188.823,966.673,60,1116.688,33.336,1450.054,100.01,1681.453,60,0.898819741,0.883703419,0.888742193,0.101180259,0.116296581,1
Geophysical_model198,/home/lyara/areswave/models/Geophysical_model198.nd,nd,UNK,,,983.727,60,878.886,190.026,983.727,60,1117.689,33.49,1486.086,100.472,1684.241,60,0.933985237,0.868026776,0.89001293,0.066014763,0.131973224,1
Geophysical_model65,/home/lyara/areswave/models/Geophysical_model65.nd,nd,UNK,,,965.752,60,900,181.314,965.752,60,1113.693,16.437,1442.45,115.065,1673.108,60,0.838093874,0.917184528,0.890820977,0.161906126,0.082815472,1
Geophysical_model759,/home/lyara/areswave/models/Geophysical_model759.nd,nd,UNK,,,966.806,60,900,177.517,966.806,60,1133.823,33.403,1484.557,66.807,1682.659,60,0.915900164,0.879077088,0.891351447,0.084099836,0.120922912,1
Geophysical_model248,/home/lyara/areswave/models/Geophysical_model248.nd,nd,UNK,,,999.558,60,878.729,191.441,999.558,60,1115.708,16.593,1497.346,99.558,1678.723,60,0.847102464,0.918627605,0.894785891,0.152897536,0.081372395,1
Geophysical_model835,/home/lyara/areswave/models/Geophysical_model835.nd,nd,UNK,,,949.989,60,900,178.124,949.989,60,1116.619,16.663,1483.204,83.315,1681.259,60,0.838127475,0.925648042,0.896474519,0.161872525,0.074351958,1
Geophysical_model517,/home/lyara/areswave/models/Geophysical_model517.nd,nd,UNK,,,933.327,60,900,186.165,933.327,60,1116.628,16.664,1499.894,83.319,1681.286,60,0.868335794,0.91244416,0.897741371,0.131664206,0.08755584,1
AK_model_37,/home/lyara/areswave/models/AK_model_37.nd,nd,UNK,,,1028.349,60,814.506,26.73,1028.349,60,1295.654,106.922,1482.767,160.383,1693.426,60,0.904955051,0.896958033,0.899623706,0.095044949,0.103041967,1
AK_model_84,/home/lyara/areswave/models/AK_model_84.nd,nd,UNK,,,1086.523,60,887.59,24.866,1086.523,60,1285.455,24.867,1360.055,74.6,1666.648,60,0.881393054,0.91141663,0.901408772,0.118606946,0.08858337,1
AK_model_83,/home/lyara/areswave/models/AK_model_83.nd,nd,UNK,,,1062.342,60,838.335,24.89,1062.342,60,1261.459,49.779,1336.127,49.779,1667.691,60,0.865500966,0.92144975,0.902800156,0.134499034,0.07855025,1
Geophysical_model831,/home/lyara/areswave/models/Geophysical_model831.nd,nd,UNK,,,933.798,60,879.696,182.733,933.798,60,1119.688,33.798,1491.467,84.495,1689.809,60,0.837845626,0.936312243,0.903490037,0.162154374,0.063687757,1
Geophysical_model286,/home/lyara/areswave/models/Geophysical_model286.nd,nd,UNK,,,949.973,60,900,197.891,949.973,60,1116.548,16.657,1449.698,99.945,1681.061,60,0.940609655,0.887931483,0.905490874,0.059390345,0.112068517,1
Geophysical_model146,/home/lyara/areswave/models/Geophysical_model146.nd,nd,UNK,,,950.269,60,900,194.931,950.269,60,1117.834,33.513,1452.962,117.295,1684.644,60,0.929419253,0.909747215,0.916304561,0.070580747,0.090252785,1
