model_id,source_path,source_format,composition,tpot_K,adiabat_K_km,d_main_km,w_main_km,d_800_km,w_800_km,d_1000_km,w_1000_km,d_1200_km,w_1200_km,d_1400_km,w_1400_km,d_1600_km,w_1600_km,mean_p_misfit,mean_s_misfit,total_misfit,mean_p_cc,mean_s_cc,used_events
Geophysical_model319,/home/lyara/areswave/models/Geophysical_model319.nd,nd,UNK,,,1063.521,60.0,900.0,197.86199999999997,1063.521,60.0,1145.281,32.70399999999995,1488.674,65.4079999999999,1669.999,60.0,0.16182545288353245,0.3068130704377694,0.2584838645863571,0.8381745471164675,0.6931869295622306,1
CD_model48,/home/lyara/areswave/models/CD_model48.nd,nd,UNK,,,,60.0,,60.0,,60.0,,60.0,,60.0,,60.0,0.13538391222211033,0.3466100614297739,0.2762013450272194,0.8646160877778897,0.6533899385702261,1
CD_model49,/home/lyara/areswave/models/CD_model49.nd,nd,UNK,,,,60.0,,60.0,,60.0,,60.0,,60.0,,60.0,0.13538391222211033,0.3466100614297739,0.2762013450272194,0.8646160877778897,0.6533899385702261,1
CD_model2,/home/lyara/areswave/models/CD_model2.nd,nd,UNK,,,,60.0,,60.0,,60.0,,60.0,,60.0,,60.0,0.1629123186399346,0.35962305335808753,0.2940528084520366,0.8370876813600654,0.6403769466419125,1
Geophysical_model804,/home/lyara/areswave/models/Geophysical_model804.nd,nd,UNK,,,900.0,60.0,900.0,59.59699999999998,900.0,60.0,1101.608,33.60100000000011,1488.023,100.80399999999986,1686.245,60.0,0.15476223767691455,0.3655108543803852,0.29526131547922835,0.8452377623230855,0.6344891456196148,1
Geophysical_model777,/home/lyara/areswave/models/Geophysical_model777.nd,nd,UNK,,,900.0,60.0,900.0,59.59699999999998,900.0,60.0,1101.608,33.60100000000011,1488.023,100.80399999999986,1686.245,60.0,0.15476223767691455,0.3655108543803852,0.29526131547922835,0.8452377623230855,0.6344891456196148,1
Geophysical_model73,/home/lyara/areswave/models/Geophysical_model73.nd,nd,UNK,,,1032.872,60.0,900.0,180.68100000000004,1032.872,60.0,1132.525,33.2170000000001,1497.923,83.04500000000007,1679.303,60.0,0.16839680407568525,0.36452677957070456,0.29915012107236477,0.8316031959243148,0.6354732204292954,1
Geophysical_model711,/home/lyara/areswave/models/Geophysical_model711.nd,nd,UNK,,,916.837,60.0,879.831,181.52099999999996,916.837,60.0,1118.884,33.67399999999998,1489.303,84.18600000000015,1687.57,60.0,0.17406026958779308,0.37243848631588883,0.30631241407319026,0.8259397304122069,0.6275615136841112,1
Geophysical_model35,/home/lyara/areswave/models/Geophysical_model35.nd,nd,UNK,,,1049.765,60.0,900.0,179.803,1049.765,60.0,1132.968,33.28099999999995,1499.059,83.202,1680.447,60.0,0.09762726070581063,0.4154956424584526,0.30953951520757195,0.9023727392941894,0.5845043575415474,1
Geophysical_model344,/home/lyara/areswave/models/Geophysical_model344.nd,nd,UNK,,,1063.97,60.0,900.0,188.12900000000002,1063.97,60.0,1145.955,32.79399999999987,1490.293,65.58799999999997,1671.628,60.0,0.14738846282467633,0.39840872813531425,0.3147353063651016,0.8526115371753237,0.6015912718646858,1
Geophysical_model332,/home/lyara/areswave/models/Geophysical_model332.nd,nd,UNK,,,1063.97,60.0,900.0,188.12900000000002,1063.97,60.0,1145.955,32.79399999999987,1490.293,65.58799999999997,1671.628,60.0,0.14738846282467633,0.39840872813531425,0.3147353063651016,0.8526115371753237,0.6015912718646858,1
Geophysical_model241,/home/lyara/areswave/models/Geophysical_model241.nd,nd,UNK,,,1033.228,60.0,900.0,182.39200000000005,1033.228,60.0,1133.149,33.307000000000016,1482.872,83.26800000000003,1680.916,60.0,0.12154050064675226,0.4113856040666557,0.31477056959335453,0.8784594993532477,0.5886143959333443,1
MD_model47,/home/lyara/areswave/models/MD_model47.nd,nd,UNK,,,962.295,60.0,707.928,185.88300000000004,962.295,60.0,1294.928,39.13300000000004,1343.845,48.91599999999994,1504.511,251.3320000000001,0.16218414875462206,0.3912120850037403,0.3148694395873675,0.8378158512453779,0.6087879149962597,1
Geophysical_model325,/home/lyara/areswave/models/Geophysical_model325.nd,nd,UNK,,,1064.355,60.0,900.0,188.668,1064.355,60.0,1146.533,32.87099999999987,1491.679,65.74200000000019,1673.022,60.0,0.18028074358335366,0.3892211240060609,0.31957433053182516,0.8197192564166463,0.6107788759939391,1
Geophysical_model473,/home/lyara/areswave/models/Geophysical_model473.nd,nd,UNK,,,1064.355,60.0,900.0,188.668,1064.355,60.0,1146.533,32.87099999999987,1491.679,65.74200000000019,1673.022,60.0,0.18028074358335366,0.3892211240060609,0.31957433053182516,0.8197192564166463,0.6107788759939391,1
AK_model_73,/home/lyara/areswave/models/AK_model_73.nd,nd,UNK,,,1039.669,60.0,790.268,24.93999999999994,1039.669,60.0,1264.13,74.81999999999994,1314.011,24.940000000000055,1670.688,60.0,0.16348609351939436,0.3993430340864481,0.3207240538974302,0.8365139064806056,0.6006569659135519,1
Geophysical_model988,/home/lyara/areswave/models/Geophysical_model988.nd,nd,UNK,,,950.085,60.0,900.0,182.54700000000003,950.085,60.0,1133.728,33.3900000000001,1484.32,66.779,1682.414,60.0,0.22073937746463468,0.372038924961403,0.32160574246248025,0.7792606225353653,0.627961075038597,1
AK_model_68,/home/lyara/areswave/models/AK_model_68.nd,nd,UNK,,,1018.739,60.0,892.89,25.16999999999996,1018.739,60.0,1220.098,125.85000000000014,1396.287,50.33899999999994,1678.891,60.0,0.3254985233494323,0.3199443210653845,0.32179572182673377,0.6745014766505677,0.6800556789346155,1
MD_model60,/home/lyara/areswave/models/MD_model60.nd,nd,UNK,,,1089.018,60.0,853.974,190.274,1089.018,60.0,1122.596,11.192999999999984,1357.641,89.54099999999994,1672.31,60.0,0.27071086921036924,0.3508518003951817,0.32413815666691087,0.7292891307896308,0.6491481996048183,1
Geophysical_model180,/home/lyara/areswave/models/Geophysical_model180.nd,nd,UNK,,,966.993,60.0,856.89,193.99599999999998,966.993,60.0,1117.726,33.496999999999844,1486.187,100.49000000000001,1684.345,60.0,0.24161783818545868,0.3663793765418911,0.324792197089747,0.7583821618145413,0.6336206234581089,1
Geophysical_model277,/home/lyara/areswave/models/Geophysical_model277.nd,nd,UNK,,,1099.994,60.0,900.0,181.19100000000003,1099.994,60.0,1116.66,16.66599999999994,1449.983,99.99699999999984,1681.374,60.0,0.18401835673923117,0.39531710568695455,0.32488418937104674,0.8159816432607688,0.6046828943130454,1
Geophysical_model410,/home/lyara/areswave/models/Geophysical_model410.nd,nd,UNK,,,1099.994,60.0,900.0,181.19100000000003,1099.994,60.0,1116.66,16.66599999999994,1449.983,99.99699999999984,1681.374,60.0,0.18401835673923117,0.39531710568695455,0.32488418937104674,0.8159816432607688,0.6046828943130454,1
Geophysical_model303,/home/lyara/areswave/models/Geophysical_model303.nd,nd,UNK,,,949.55,60.0,900.0,192.86199999999997,949.55,60.0,1114.715,16.516000000000076,1461.562,99.09899999999993,1675.956,60.0,0.18360739380439883,0.39565889682444,0.32497506248442626,0.8163926061956012,0.60434110317556,1
Geophysical_model642,/home/lyara/areswave/models/Geophysical_model642.nd,nd,UNK,,,1099.713,60.0,877.292,22.70900000000006,1099.713,60.0,1116.356,16.64300000000003,1449.211,99.85699999999997,1680.527,60.0,0.1714125298567114,0.4037099415852963,0.3262774710091013,0.8285874701432886,0.5962900584147037,1
Geophysical_model800,/home/lyara/areswave/models/Geophysical_model800.nd,nd,UNK,,,1088.334,60.0,900.0,20.74000000000001,1088.334,60.0,1105.456,17.121000000000095,1465.003,102.72800000000007,1697.857,60.0,0.17316064054504088,0.4052674239607156,0.32789849615549066,0.8268393594549591,0.5947325760392844,1
Geophysical_model288,/home/lyara/areswave/models/Geophysical_model288.nd,nd,UNK,,,949.52,60.0,900.0,193.24900000000002,949.52,60.0,1114.585,16.507000000000062,1461.223,99.03999999999996,1675.595,60.0,0.17290154590828888,0.4066005225338942,0.32870086365869244,0.8270984540917111,0.5933994774661058,1
Geophysical_model371,/home/lyara/areswave/models/Geophysical_model371.nd,nd,UNK,,,1031.52,60.0,900.0,186.70299999999997,1031.52,60.0,1130.159,32.87999999999988,1491.838,82.19900000000007,1673.183,60.0,0.28647190588211746,0.3529037665845227,0.3307598130170543,0.7135280941178825,0.6470962334154773,1
MD_model56,/home/lyara/areswave/models/MD_model56.nd,nd,UNK,,,903.728,60.0,798.823,115.39600000000007,903.728,60.0,1291.878,73.43399999999997,1312.859,31.471000000000004,1613.347,60.0,0.15918150969093503,0.4174918217785055,0.331388384415982,0.840818490309065,0.5825081782214945,1
Geophysical_model778,/home/lyara/areswave/models/Geophysical_model778.nd,nd,UNK,,,933.288,60.0,876.97,184.23699999999997,933.288,60.0,1116.374,16.644000000000005,1499.19,99.86500000000001,1680.578,60.0,0.22604660228289408,0.3841085411294226,0.3314212281805798,0.7739533977171059,0.6158914588705774,1
Geophysical_model627,/home/lyara/areswave/models/Geophysical_model627.nd,nd,UNK,,,950.721,60.0,900.0,183.97400000000005,950.721,60.0,1119.792,33.81400000000008,1491.747,67.62800000000016,1690.099,60.0,0.17250299792475232,0.41195343837904363,0.33213662489427986,0.8274970020752477,0.5880465616209564,1
Geophysical_model4,/home/lyara/areswave/models/Geophysical_model4.nd,nd,UNK,,,1001.298,60.0,880.765,192.35299999999995,1001.298,60.0,1136.363,33.76700000000005,1490.906,101.298,1689.229,60.0,0.17795655147279132,0.40963867649233077,0.3324113014858176,0.8220434485272087,0.5903613235076692,1
MD_model55,/home/lyara/areswave/models/MD_model55.nd,nd,UNK,,,936.329,60.0,822.179,103.77300000000002,936.329,60.0,1299.533,62.26299999999992,1309.91,31.131999999999834,1597.929,60.0,0.21819776122249301,0.38992693604536444,0.33268387777107394,0.781802238777507,0.6100730639546356,1
Geophysical_model854,/home/lyara/areswave/models/Geophysical_model854.nd,nd,UNK,,,900.0,60.0,900.0,184.47699999999998,900.0,60.0,1106.204,17.18399999999997,1467.062,85.9190000000001,1501.429,68.7349999999999,0.16826055971734888,0.4160962822317642,0.33348437472695913,0.8317394402826511,0.5839037177682358,1
Geophysical_model738,/home/lyara/areswave/models/Geophysical_model738.nd,nd,UNK,,,900.0,60.0,900.0,184.47699999999998,900.0,60.0,1106.204,17.18399999999997,1467.062,85.9190000000001,1501.429,68.7349999999999,0.16826055971734888,0.4160962822317642,0.33348437472695913,0.8317394402826511,0.5839037177682358,1
Geophysical_model132,/home/lyara/areswave/models/Geophysical_model132.nd,nd,UNK,,,1048.611,60.0,900.0,194.70399999999995,1048.611,60.0,1147.685,33.02399999999989,1494.444,66.04899999999998,1675.804,60.0,0.20806711753917695,0.3967597187005647,0.33386218498010206,0.791932882460823,0.6032402812994353,1
Geophysical_model613,/home/lyara/areswave/models/Geophysical_model613.nd,nd,UNK,,,1099.905,60.0,900.0,21.057000000000016,1099.905,60.0,1116.564,16.6579999999999,1466.397,99.95299999999997,1681.106,60.0,0.1413095481445945,0.4304062079364306,0.3340406546724852,0.8586904518554055,0.5695937920635694,1
Geophysical_model733,/home/lyara/areswave/models/Geophysical_model733.nd,nd,UNK,,,933.815,60.0,879.484,184.644,933.815,60.0,1119.798,33.81499999999983,1474.857,84.53699999999981,1690.116,60.0,0.2661047035052235,0.369876385296395,0.3352858246993378,0.7338952964947765,0.630123614703605,1
AK_model_54,/home/lyara/areswave/models/AK_model_54.nd,nd,UNK,,,1017.898,60.0,837.887,25.715999999999894,1017.898,60.0,1172.194,102.86400000000003,1377.921,25.715000000000146,1664.88,60.0,0.08229154370791925,0.462538727226788,0.33578966605383176,0.9177084562920808,0.537461272773212,1
Geophysical_model176,/home/lyara/areswave/models/Geophysical_model176.nd,nd,UNK,,,966.298,60.0,900.0,189.20899999999995,966.298,60.0,1115.469,16.57399999999984,1463.533,99.44699999999989,1678.056,60.0,0.11900621335234485,0.446096992759039,0.3370667329568076,0.8809937866476552,0.553903007240961,1
Geophysical_model248,/home/lyara/areswave/models/Geophysical_model248.nd,nd,UNK,,,999.558,60.0,878.729,191.44100000000003,999.558,60.0,1115.708,16.592999999999847,1497.346,99.55799999999999,1678.723,60.0,0.2532276978330016,0.379158996141566,0.33718189670537785,0.7467723021669984,0.620841003858434,1
Geophysical_model528,/home/lyara/areswave/models/Geophysical_model528.nd,nd,UNK,,,933.804,60.0,900.0,181.16899999999998,933.804,60.0,1119.729,33.80400000000009,1491.578,84.51099999999997,1689.924,60.0,0.23376326378447942,0.39387416235299266,0.3405038628301549,0.7662367362155206,0.6061258376470073,1
Geophysical_model549,/home/lyara/areswave/models/Geophysical_model549.nd,nd,UNK,,,1098.51,60.0,900.0,24.052999999999997,1098.51,60.0,1115.052,16.54300000000012,1445.902,115.79700000000003,1676.896,60.0,0.16262402044889313,0.43101551287610795,0.34155168206703634,0.8373759795511069,0.568984487123892,1
Geophysical_model100,/home/lyara/areswave/models/Geophysical_model100.nd,nd,UNK,,,1033.219,60.0,877.55,179.596,1033.219,60.0,1133.134,33.305000000000064,1482.834,83.26200000000017,1680.877,60.0,0.32871223213225775,0.3527245391817201,0.3447204368318993,0.6712877678677422,0.6472754608182799,1
Geophysical_model740,/home/lyara/areswave/models/Geophysical_model740.nd,nd,UNK,,,1098.51,60.0,900.0,23.918000000000006,1098.51,60.0,1115.052,16.54300000000012,1462.444,99.25500000000011,1676.896,60.0,0.2964278853994391,0.37086155169209756,0.34605032959454474,0.7035721146005609,0.6291384483079024,1
CD_model93,/home/lyara/areswave/models/CD_model93.nd,nd,UNK,,,,60.0,,60.0,,60.0,,60.0,,60.0,,60.0,0.21436626183285568,0.41191218358352766,0.34606354299997033,0.7856337381671443,0.5880878164164723,1
Geophysical_model161,/home/lyara/areswave/models/Geophysical_model161.nd,nd,UNK,,,1032.538,60.0,900.0,187.97199999999998,1032.538,60.0,1131.941,33.13499999999999,1496.421,82.83600000000001,1677.792,60.0,0.24070981121953616,0.39895650906103175,0.34620760978053317,0.7592901887804638,0.6010434909389683,1
Geophysical_model14,/home/lyara/areswave/models/Geophysical_model14.nd,nd,UNK,,,1032.538,60.0,900.0,187.97199999999998,1032.538,60.0,1131.941,33.13499999999999,1496.421,82.83600000000001,1677.792,60.0,0.24070981121953616,0.39895650906103175,0.34620760978053317,0.7592901887804638,0.6010434909389683,1
Geophysical_model99,/home/lyara/areswave/models/Geophysical_model99.nd,nd,UNK,,,1032.538,60.0,900.0,187.97199999999998,1032.538,60.0,1131.941,33.13499999999999,1496.421,82.83600000000001,1677.792,60.0,0.24070981121953616,0.39895650906103175,0.34620760978053317,0.7592901887804638,0.6010434909389683,1
Geophysical_model501,/home/lyara/areswave/models/Geophysical_model501.nd,nd,UNK,,,916.672,60.0,900.0,180.688,916.672,60.0,1116.741,33.34500000000003,1483.532,83.36199999999985,1681.599,60.0,0.2788355256793471,0.3812011835883392,0.3470792976186752,0.7211644743206529,0.6187988164116608,1
Geophysical_model952,/home/lyara/areswave/models/Geophysical_model952.nd,nd,UNK,,,950.007,60.0,900.0,178.721,950.007,60.0,1133.367,33.337999999999965,1483.418,66.67599999999993,1681.481,60.0,0.2781520382408752,0.3826545177734141,0.34782035792923444,0.7218479617591248,0.6173454822265859,1
Geophysical_model821,/home/lyara/areswave/models/Geophysical_model821.nd,nd,UNK,,,950.007,60.0,900.0,178.721,950.007,60.0,1133.367,33.337999999999965,1483.418,66.67599999999993,1681.481,60.0,0.2781520382408752,0.3826545177734141,0.34782035792923444,0.7218479617591248,0.6173454822265859,1
Geophysical_model653,/home/lyara/areswave/models/Geophysical_model653.nd,nd,UNK,,,916.721,60.0,875.849,193.20899999999995,916.721,60.0,1117.378,33.442999999999984,1485.25,83.60799999999995,1683.376,60.0,0.16907403753499495,0.4372655341062418,0.34786836858249287,0.830925962465005,0.5627344658937582,1
MD_model49,/home/lyara/areswave/models/MD_model49.nd,nd,UNK,,,1035.919,60.0,728.669,186.5440000000001,1035.919,60.0,1299.277,10.972999999999956,1365.116,87.78600000000006,1653.423,60.0,0.19535706317806756,0.4266886980028195,0.3495781530612356,0.8046429368219324,0.5733113019971805,1
Geophysical_model805,/home/lyara/areswave/models/Geophysical_model805.nd,nd,UNK,,,1085.08,60.0,900.0,29.801000000000045,1085.08,60.0,1101.905,16.826000000000022,1455.24,117.77800000000002,1687.143,60.0,0.2879314222033862,0.38191232981668866,0.3505853606122545,0.7120685777966138,0.6180876701833113,1
Geophysical_model607,/home/lyara/areswave/models/Geophysical_model607.nd,nd,UNK,,,900.0,60.0,900.0,180.73800000000006,900.0,60.0,1116.617,16.66300000000001,1466.537,99.97700000000009,1681.255,60.0,0.20596973954601916,0.42328597629284026,0.35084723071056656,0.7940302604539808,0.5767140237071597,1
Geophysical_model429,/home/lyara/areswave/models/Geophysical_model429.nd,nd,UNK,,,965.996,60.0,900.0,194.13,965.996,60.0,1114.487,16.499000000000024,1460.966,98.99399999999991,1675.321,60.0,0.2541125430624679,0.3998691691370433,0.35128362711218486,0.7458874569375321,0.6001308308629567,1
Geophysical_model67,/home/lyara/areswave/models/Geophysical_model67.nd,nd,UNK,,,1017.871,60.0,900.0,184.98900000000003,1017.871,60.0,1135.742,16.838999999999942,1489.354,84.19299999999998,1687.623,60.0,0.3001217549683457,0.3784967404366386,0.352371745280541,0.6998782450316543,0.6215032595633614,1
Geophysical_model424,/home/lyara/areswave/models/Geophysical_model424.nd,nd,UNK,,,1001.023,60.0,900.0,187.88699999999994,1001.023,60.0,1118.883,33.674999999999955,1472.464,101.02399999999989,1687.568,60.0,0.23028942513552808,0.41399568340537707,0.3527602639820941,0.7697105748644719,0.5860043165946229,1
Geophysical_model853,/home/lyara/areswave/models/Geophysical_model853.nd,nd,UNK,,,950.057,60.0,900.0,199.34900000000005,950.057,60.0,1133.601,33.371000000000095,1484.001,66.74299999999994,1682.084,60.0,0.1694319422680799,0.4454405947949961,0.35343771061935736,0.8305680577319201,0.5545594052050039,1
Geophysical_model588,/home/lyara/areswave/models/Geophysical_model588.nd,nd,UNK,,,916.714,60.0,900.0,191.837,916.714,60.0,1117.284,33.42800000000011,1468.281,83.57100000000014,1683.113,60.0,0.22068811933053945,0.42004507313459816,0.3535927551999119,0.7793118806694606,0.5799549268654018,1
CD_model63,/home/lyara/areswave/models/CD_model63.nd,nd,UNK,,,,60.0,,60.0,,60.0,,60.0,,60.0,,60.0,0.17797781490887343,0.44274701799641136,0.354490616967232,0.8220221850911266,0.5572529820035886,1
Geophysical_model806,/home/lyara/areswave/models/Geophysical_model806.nd,nd,UNK,,,916.669,60.0,900.0,180.92600000000004,916.669,60.0,1116.699,33.337999999999965,1483.42,83.346,1681.482,60.0,0.19655041039498355,0.43347671829226364,0.35450128232650363,0.8034495896050164,0.5665232817077364,1
Geophysical_model591,/home/lyara/areswave/models/Geophysical_model591.nd,nd,UNK,,,916.669,60.0,900.0,180.92600000000004,916.669,60.0,1116.699,33.337999999999965,1483.42,83.346,1681.482,60.0,0.19655041039498355,0.43347671829226364,0.35450128232650363,0.8034495896050164,0.5665232817077364,1
Geophysical_model394,/home/lyara/areswave/models/Geophysical_model394.nd,nd,UNK,,,1048.112,60.0,900.0,188.29700000000003,1048.112,60.0,1130.397,32.91399999999999,1492.449,82.28500000000008,1673.797,60.0,0.2217509220772209,0.42173015317369056,0.35507040947486734,0.7782490779227791,0.5782698468263094,1
Geophysical_model472,/home/lyara/areswave/models/Geophysical_model472.nd,nd,UNK,,,1048.112,60.0,900.0,188.29700000000003,1048.112,60.0,1130.397,32.91399999999999,1492.449,82.28500000000008,1673.797,60.0,0.2217509220772209,0.42173015317369056,0.35507040947486734,0.7782490779227791,0.5782698468263094,1
Geophysical_model475,/home/lyara/areswave/models/Geophysical_model475.nd,nd,UNK,,,1048.112,60.0,900.0,188.29700000000003,1048.112,60.0,1130.397,32.91399999999999,1492.449,82.28500000000008,1673.797,60.0,0.2217509220772209,0.42173015317369056,0.35507040947486734,0.7782490779227791,0.5782698468263094,1
Geophysical_model323,/home/lyara/areswave/models/Geophysical_model323.nd,nd,UNK,,,1048.112,60.0,900.0,188.29700000000003,1048.112,60.0,1130.397,32.91399999999999,1492.449,82.28500000000008,1673.797,60.0,0.2217509220772209,0.42173015317369056,0.35507040947486734,0.7782490779227791,0.5782698468263094,1
Geophysical_model117,/home/lyara/areswave/models/Geophysical_model117.nd,nd,UNK,,,966.508,60.0,900.0,194.01300000000003,966.508,60.0,1116.152,16.626999999999953,1465.32,99.76199999999994,1679.958,60.0,0.20372701115287806,0.43235202853414834,0.35614368940705826,0.7962729888471219,0.5676479714658517,1
Geophysical_model626,/home/lyara/areswave/models/Geophysical_model626.nd,nd,UNK,,,933.4,60.0,876.875,184.99800000000005,933.4,60.0,1117.102,33.399999999999864,1484.505,83.5010000000002,1682.605,60.0,0.3393011501272354,0.3650683163863313,0.3564792609666327,0.6606988498727646,0.6349316836136687,1
MD_model21,/home/lyara/areswave/models/MD_model21.nd,nd,UNK,,,1008.575,60.0,761.465,182.64600000000007,1008.575,60.0,1298.66,21.488000000000056,1373.867,75.20700000000011,1615.642,60.0,0.225332971577051,0.422126673728753,0.35652877301151903,0.774667028422949,0.577873326271247,1
Geophysical_model298,/home/lyara/areswave/models/Geophysical_model298.nd,nd,UNK,,,950.621,60.0,900.0,193.21500000000003,950.621,60.0,1119.357,33.74700000000007,1439.955,118.11599999999999,1688.886,60.0,0.19621091901288557,0.4378491486933326,0.3573030721331836,0.8037890809871144,0.5621508513066674,1
AK_model_77,/home/lyara/areswave/models/AK_model_77.nd,nd,UNK,,,1027.629,60.0,797.873,25.527999999999906,1027.629,60.0,1282.914,76.58600000000001,1308.442,25.52800000000002,1694.139,60.0,0.24543086384613932,0.41484294073602224,0.3583722484393946,0.7545691361538607,0.5851570592639778,1
Geophysical_model657,/home/lyara/areswave/models/Geophysical_model657.nd,nd,UNK,,,916.728,60.0,900.0,191.85400000000004,916.728,60.0,1117.467,33.455999999999904,1485.488,83.64100000000008,1683.622,60.0,0.1426858542920474,0.46716119547661583,0.359002748415093,0.8573141457079526,0.5328388045233842,1
Geophysical_model719,/home/lyara/areswave/models/Geophysical_model719.nd,nd,UNK,,,917.055,60.0,877.919,198.72500000000002,917.055,60.0,1121.71,34.108999999999924,1496.91,102.327,1695.441,60.0,0.21933440968156437,0.42927574993241746,0.3592953031821331,0.7806655903184356,0.5707242500675825,1
Geophysical_model833,/home/lyara/areswave/models/Geophysical_model833.nd,nd,UNK,,,950.007,60.0,900.0,178.79499999999996,950.007,60.0,1133.367,50.00700000000006,1483.418,66.67599999999993,1681.481,60.0,0.12704333267248746,0.4755001661228091,0.3593478883060352,0.8729566673275125,0.5244998338771909,1
Geophysical_model477,/home/lyara/areswave/models/Geophysical_model477.nd,nd,UNK,,,1016.377,60.0,900.0,198.78300000000002,1016.377,60.0,1132.755,33.251000000000204,1465.261,99.75199999999995,1679.896,60.0,0.2604819525220373,0.4092188155217793,0.3596398611885319,0.7395180474779627,0.5907811844782207,1
Geophysical_model334,/home/lyara/areswave/models/Geophysical_model334.nd,nd,UNK,,,1016.377,60.0,900.0,198.78300000000002,1016.377,60.0,1132.755,33.251000000000204,1465.261,99.75199999999995,1679.896,60.0,0.2604819525220373,0.4092188155217793,0.3596398611885319,0.7395180474779627,0.5907811844782207,1
Geophysical_model162,/home/lyara/areswave/models/Geophysical_model162.nd,nd,UNK,,,983.983,60.0,900.0,186.25400000000002,983.983,60.0,1118.355,33.593000000000075,1487.879,100.779,1686.096,60.0,0.22592666117983007,0.4275319961543771,0.36033021782952807,0.7740733388201699,0.5724680038456229,1
Geophysical_model27,/home/lyara/areswave/models/Geophysical_model27.nd,nd,UNK,,,983.983,60.0,900.0,186.25400000000002,983.983,60.0,1118.355,33.593000000000075,1487.879,100.779,1686.096,60.0,0.22592666117983007,0.4275319961543771,0.36033021782952807,0.7740733388201699,0.5724680038456229,1
Geophysical_model924,/home/lyara/areswave/models/Geophysical_model924.nd,nd,UNK,,,966.648,60.0,900.0,192.32299999999998,966.648,60.0,1133.268,33.32400000000007,1483.17,83.31000000000017,1681.223,60.0,0.24965302895951746,0.4161743620400634,0.3606672510132148,0.7503469710404825,0.5838256379599366,1
Geophysical_model522,/home/lyara/areswave/models/Geophysical_model522.nd,nd,UNK,,,916.711,60.0,877.48,180.159,916.711,60.0,1117.248,33.423,1484.898,83.55700000000002,1683.012,60.0,0.31625595473711576,0.3833751136331629,0.3610020606678139,0.6837440452628842,0.6166248863668371,1
AK_model_18,/home/lyara/areswave/models/AK_model_18.nd,nd,UNK,,,1030.098,60.0,809.519,24.509000000000015,1030.098,60.0,1275.186,98.03499999999985,1324.204,171.56100000000015,1676.548,60.0,0.16277512710071795,0.4602366611590718,0.3610828164729538,0.837224872899282,0.5397633388409282,1
Geophysical_model985,/home/lyara/areswave/models/Geophysical_model985.nd,nd,UNK,,,950.721,60.0,900.0,182.836,950.721,60.0,1119.792,33.81400000000008,1491.747,84.53500000000008,1690.099,60.0,0.20999755220440153,0.4368364575277853,0.3612234890866574,0.7900024477955985,0.5631635424722147,1
Geophysical_model383,/home/lyara/areswave/models/Geophysical_model383.nd,nd,UNK,,,1031.555,60.0,900.0,185.83299999999997,1031.555,60.0,1130.221,32.888999999999896,1475.552,82.221,1673.341,60.0,0.1860657214243019,0.4489447366724023,0.36131839825636886,0.8139342785756981,0.5510552633275977,1
Geophysical_model489,/home/lyara/areswave/models/Geophysical_model489.nd,nd,UNK,,,967.872,60.0,900.0,180.37699999999995,967.872,60.0,1120.585,33.937000000000126,1459.948,101.80899999999997,1692.31,60.0,0.21601914478542406,0.4346830375789684,0.36179507331445365,0.783980855214576,0.5653169624210316,1
Geophysical_model10,/home/lyara/areswave/models/Geophysical_model10.nd,nd,UNK,,,983.111,60.0,878.833,190.50300000000004,983.111,60.0,1116.088,16.62200000000007,1465.153,116.35500000000002,1679.781,60.0,0.1659621651807539,0.4604741183070056,0.3623034672649217,0.8340378348192461,0.5395258816929944,1
Geophysical_model254,/home/lyara/areswave/models/Geophysical_model254.nd,nd,UNK,,,966.246,60.0,900.0,188.279,966.246,60.0,1115.299,16.560999999999922,1463.089,99.36900000000014,1677.583,60.0,0.13733489931220677,0.4757031696372882,0.3629137461955944,0.8626651006877932,0.5242968303627118,1
Geophysical_model423,/home/lyara/areswave/models/Geophysical_model423.nd,nd,UNK,,,966.246,60.0,900.0,188.279,966.246,60.0,1115.299,16.560999999999922,1463.089,99.36900000000014,1677.583,60.0,0.13733489931220677,0.4757031696372882,0.3629137461955944,0.8626651006877932,0.5242968303627118,1
Geophysical_model13,/home/lyara/areswave/models/Geophysical_model13.nd,nd,UNK,,,1000.969,60.0,876.459,188.33000000000004,1000.969,60.0,1135.595,33.65599999999995,1488.989,100.97000000000003,1687.244,60.0,0.15833682253892667,0.46547332875850467,0.36309449335197863,0.8416631774610733,0.5345266712414953,1
Geophysical_model144,/home/lyara/areswave/models/Geophysical_model144.nd,nd,UNK,,,966.251,60.0,900.0,186.74800000000005,966.251,60.0,1115.315,16.562999999999874,1463.132,99.37599999999998,1677.628,60.0,0.3226434243429488,0.384111529406591,0.3636221610520436,0.6773565756570512,0.615888470593409,1
Geophysical_model177,/home/lyara/areswave/models/Geophysical_model177.nd,nd,UNK,,,1031.636,60.0,900.0,188.04200000000003,1031.636,60.0,1130.363,32.90899999999988,1475.909,82.27300000000014,1673.71,60.0,0.24143268381110383,0.4249093059232725,0.3637504318858829,0.7585673161888962,0.5750906940767275,1
Geophysical_model211,/home/lyara/areswave/models/Geophysical_model211.nd,nd,UNK,,,949.483,60.0,900.0,193.52599999999995,949.483,60.0,1114.426,16.494000000000142,1460.805,98.9659999999999,1675.15,60.0,0.26489107037605586,0.4131906791562182,0.36375747622949745,0.7351089296239441,0.5868093208437818,1
Geophysical_model12,/home/lyara/areswave/models/Geophysical_model12.nd,nd,UNK,,,949.483,60.0,900.0,193.52599999999995,949.483,60.0,1114.426,16.494000000000142,1460.805,98.9659999999999,1675.15,60.0,0.26489107037605586,0.4131906791562182,0.36375747622949745,0.7351089296239441,0.5868093208437818,1
Geophysical_model136,/home/lyara/areswave/models/Geophysical_model136.nd,nd,UNK,,,949.483,60.0,900.0,193.52599999999995,949.483,60.0,1114.426,16.494000000000142,1460.805,98.9659999999999,1675.15,60.0,0.26489107037605586,0.4131906791562182,0.36375747622949745,0.7351089296239441,0.5868093208437818,1
Geophysical_model289,/home/lyara/areswave/models/Geophysical_model289.nd,nd,UNK,,,966.724,60.0,900.0,180.02700000000004,966.724,60.0,1116.853,33.36200000000008,1467.154,100.08600000000001,1681.912,60.0,0.21576534400940317,0.4402568595068528,0.36542635434103626,0.7842346559905968,0.5597431404931472,1
Geophysical_model77,/home/lyara/areswave/models/Geophysical_model77.nd,nd,UNK,,,1049.531,60.0,900.0,181.05100000000004,1049.531,60.0,1132.603,33.22900000000004,1498.123,83.07300000000009,1679.504,60.0,0.19176730675371856,0.45241593223539334,0.365533057074835,0.8082326932462814,0.5475840677646067,1
AK_model_13,/home/lyara/areswave/models/AK_model_13.nd,nd,UNK,,,1077.549,60.0,882.305,24.404999999999973,1077.549,60.0,1297.199,73.2170000000001,1321.604,24.40599999999995,1673.271,60.0,0.3669691009466193,0.36620842582934965,0.36646198420177284,0.6330308990533807,0.6337915741706504,1
Geophysical_model900,/home/lyara/areswave/models/Geophysical_model900.nd,nd,UNK,,,916.728,60.0,875.978,192.17600000000004,916.728,60.0,1117.467,33.455999999999904,1485.488,83.64100000000008,1683.622,60.0,0.33253695569819164,0.38370609304970815,0.366649713932536,0.6674630443018084,0.6162939069502918,1
AK_model_96,/home/lyara/areswave/models/AK_model_96.nd,nd,UNK,,,1066.783,60.0,771.908,26.807000000000016,1066.783,60.0,1281.238,26.807000000000016,1334.851,53.61299999999983,1705.64,60.0,0.15100814578461752,0.4749369570031675,0.36696068659698416,0.8489918542153825,0.5250630429968325,1
CD_model40,/home/lyara/areswave/models/CD_model40.nd,nd,UNK,,,,60.0,,60.0,,60.0,,60.0,,60.0,,60.0,0.270598968015501,0.41554439300161417,0.36722925133957646,0.729401031984499,0.5844556069983858,1
Geophysical_model861,/home/lyara/areswave/models/Geophysical_model861.nd,nd,UNK,,,949.959,60.0,900.0,179.64999999999998,949.959,60.0,1133.142,33.305000000000064,1499.507,83.2650000000001,1680.897,60.0,0.1505378314349618,0.47592938314105504,0.3674655325723573,0.8494621685650382,0.524070616858945,1
Geophysical_model961,/home/lyara/areswave/models/Geophysical_model961.nd,nd,UNK,,,949.959,60.0,900.0,179.64999999999998,949.959,60.0,1133.142,33.305000000000064,1499.507,83.2650000000001,1680.897,60.0,0.1505378314349618,0.47592938314105504,0.3674655325723573,0.8494621685650382,0.524070616858945,1
Geophysical_model398,/home/lyara/areswave/models/Geophysical_model398.nd,nd,UNK,,,999.801,60.0,900.0,195.20299999999997,999.801,60.0,1116.236,16.63299999999981,1465.54,99.80099999999993,1680.192,60.0,0.3023401058288697,0.40036671288748327,0.36769117720127875,0.6976598941711303,0.5996332871125167,1
Geophysical_model181,/home/lyara/areswave/models/Geophysical_model181.nd,nd,UNK,,,999.801,60.0,900.0,195.20299999999997,999.801,60.0,1116.236,16.63299999999981,1465.54,99.80099999999993,1680.192,60.0,0.3023401058288697,0.40036671288748327,0.36769117720127875,0.6976598941711303,0.5996332871125167,1
Geophysical_model253,/home/lyara/areswave/models/Geophysical_model253.nd,nd,UNK,,,999.801,60.0,900.0,195.20299999999997,999.801,60.0,1116.236,16.63299999999981,1465.54,99.80099999999993,1680.192,60.0,0.3023401058288697,0.40036671288748327,0.36769117720127875,0.6976598941711303,0.5996332871125167,1
Geophysical_model360,/home/lyara/areswave/models/Geophysical_model360.nd,nd,UNK,,,1047.872,60.0,900.0,189.034,1047.872,60.0,1130.023,32.8599999999999,1491.488,82.15100000000007,1672.831,60.0,0.162039022601408,0.4725273651540216,0.36903125096981704,0.837960977398592,0.5274726348459784,1
Geophysical_model329,/home/lyara/areswave/models/Geophysical_model329.nd,nd,UNK,,,1047.872,60.0,900.0,189.034,1047.872,60.0,1130.023,32.8599999999999,1491.488,82.15100000000007,1672.831,60.0,0.162039022601408,0.4725273651540216,0.36903125096981704,0.837960977398592,0.5274726348459784,1
Geophysical_model315,/home/lyara/areswave/models/Geophysical_model315.nd,nd,UNK,,,1001.068,60.0,900.0,187.65800000000002,1001.068,60.0,1135.824,33.68900000000008,1489.56,101.06700000000001,1687.836,60.0,0.2713073422450838,0.4191322913653587,0.36985730832526703,0.7286926577549162,0.5808677086346413,1
CD_model64,/home/lyara/areswave/models/CD_model64.nd,nd,UNK,,,,60.0,,60.0,,60.0,,60.0,,60.0,,60.0,0.2805470977800668,0.4154604545131776,0.37048933560214065,0.7194529022199332,0.5845395454868224,1
CD_model1,/home/lyara/areswave/models/CD_model1.nd,nd,UNK,,,,60.0,,60.0,,60.0,,60.0,,60.0,,60.0,0.2805470977800668,0.4154604545131776,0.37048933560214065,0.7194529022199332,0.5845395454868224,1
Geophysical_model466,/home/lyara/areswave/models/Geophysical_model466.nd,nd,UNK,,,1031.687,60.0,900.0,185.18899999999996,1031.687,60.0,1130.452,32.922000000000025,1492.591,82.30399999999986,1673.94,60.0,0.24867430300216087,0.43189437805219466,0.37082101970218345,0.7513256969978391,0.5681056219478053,1
Geophysical_model610,/home/lyara/areswave/models/Geophysical_model610.nd,nd,UNK,,,916.648,60.0,900.0,179.42899999999997,916.648,60.0,1116.419,16.64799999999991,1482.668,99.88499999999999,1680.704,60.0,0.22974915780086658,0.4422092389330726,0.3713892118890039,0.7702508421991334,0.5577907610669274,1
Geophysical_model756,/home/lyara/areswave/models/Geophysical_model756.nd,nd,UNK,,,949.989,60.0,900.0,199.91499999999996,949.989,60.0,1116.619,16.66300000000001,1483.204,83.31500000000005,1681.259,60.0,0.20167390558850062,0.45665392405464356,0.37166058456592926,0.7983260944114994,0.5433460759453564,1
Geophysical_model137,/home/lyara/areswave/models/Geophysical_model137.nd,nd,UNK,,,966.251,60.0,900.0,186.97199999999998,966.251,60.0,1115.315,16.562999999999874,1463.132,99.37599999999998,1677.628,60.0,0.2341921207573714,0.44178689807949967,0.3725886389721236,0.7658078792426286,0.5582131019205003,1
Geophysical_model79,/home/lyara/areswave/models/Geophysical_model79.nd,nd,UNK,,,982.905,60.0,879.721,182.515,982.905,60.0,1115.552,16.58100000000013,1463.752,116.06700000000001,1678.288,60.0,0.19197287951651032,0.463141760504732,0.3727521335086581,0.8080271204834897,0.536858239495268,1
MD_model68,/home/lyara/areswave/models/MD_model68.nd,nd,UNK,,,1004.173,60.0,810.147,10.212000000000103,1004.173,60.0,1126.717,142.9670000000001,1402.439,112.33100000000013,1575.246,60.0,0.12558486028014626,0.49834696939344536,0.3740929330223457,0.8744151397198537,0.5016530306065546,1
Geophysical_model545,/home/lyara/areswave/models/Geophysical_model545.nd,nd,UNK,,,916.767,60.0,900.0,191.72900000000004,916.767,60.0,1117.965,33.5329999999999,1486.828,83.83300000000008,1685.009,60.0,0.25311282510466393,0.43591434087707726,0.37498050228627283,0.7468871748953361,0.5640856591229227,1
Geophysical_model710,/home/lyara/areswave/models/Geophysical_model710.nd,nd,UNK,,,900.0,60.0,900.0,22.456999999999994,900.0,60.0,1101.621,16.801999999999907,1488.061,100.81099999999992,1686.284,60.0,0.22463995163654238,0.45018779487197935,0.37500518046016706,0.7753600483634576,0.5498122051280206,1
Geophysical_model25,/home/lyara/areswave/models/Geophysical_model25.nd,nd,UNK,,,983.376,60.0,879.05,188.54600000000005,983.376,60.0,1116.777,33.34999999999991,1466.955,100.05100000000016,1681.7,60.0,0.16968757853929217,0.4786304359175211,0.37564948345811144,0.8303124214607078,0.5213695640824789,1
Geophysical_model48,/home/lyara/areswave/models/Geophysical_model48.nd,nd,UNK,,,1047.698,60.0,900.0,190.58799999999997,1047.698,60.0,1146.164,32.82199999999989,1490.792,65.64300000000003,1672.131,60.0,0.18816682028335197,0.469562419188728,0.3757638862202693,0.811833179716648,0.530437580811272,1
AK_model_93,/home/lyara/areswave/models/AK_model_93.nd,nd,UNK,,,1064.542,60.0,770.65,26.718000000000075,1064.542,60.0,1278.281,26.71699999999987,1331.716,53.434999999999945,1701.982,60.0,0.23557031755451407,0.44610923339154307,0.37592959477920007,0.7644296824454859,0.5538907666084569,1
Geophysical_model921,/home/lyara/areswave/models/Geophysical_model921.nd,nd,UNK,,,916.674,60.0,877.608,179.13699999999994,916.674,60.0,1116.766,33.347999999999956,1483.6,83.37099999999987,1681.669,60.0,0.17299090803059602,0.478671981940163,0.37677829063697404,0.827009091969404,0.521328018059837,1
Geophysical_model641,/home/lyara/areswave/models/Geophysical_model641.nd,nd,UNK,,,916.669,60.0,877.464,180.28499999999997,916.669,60.0,1116.699,33.337999999999965,1483.42,83.346,1681.482,60.0,0.3156910541923086,0.40797976927615054,0.3772168642482032,0.6843089458076914,0.5920202307238495,1
CD_model12,/home/lyara/areswave/models/CD_model12.nd,nd,UNK,,,,60.0,,60.0,,60.0,,60.0,,60.0,,60.0,0.2111648775912236,0.4604514675650808,0.3773559375737951,0.7888351224087764,0.5395485324349192,1
CD_model13,/home/lyara/areswave/models/CD_model13.nd,nd,UNK,,,,60.0,,60.0,,60.0,,60.0,,60.0,,60.0,0.2111648775912236,0.4604514675650808,0.3773559375737951,0.7888351224087764,0.5395485324349192,1
Geophysical_model81,/home/lyara/areswave/models/Geophysical_model81.nd,nd,UNK,,,950.269,60.0,900.0,194.50800000000004,950.269,60.0,1117.834,33.51299999999992,1452.962,117.29499999999985,1684.644,60.0,0.20921664894159364,0.46145754333863653,0.3773772452062889,0.7907833510584064,0.5385424566613635,1
Geophysical_model966,/home/lyara/areswave/models/Geophysical_model966.nd,nd,UNK,,,950.781,60.0,900.0,183.639,950.781,60.0,1136.977,33.85400000000004,1492.442,67.70700000000011,1690.818,60.0,0.3148481876200798,0.4091524829823703,0.37771771786160685,0.6851518123799202,0.5908475170176297,1
Geophysical_model368,/home/lyara/areswave/models/Geophysical_model368.nd,nd,UNK,,,1031.52,60.0,900.0,186.95600000000002,1031.52,60.0,1130.159,32.87999999999988,1491.838,82.19900000000007,1673.183,60.0,0.25730758686665645,0.43808837760244645,0.3778281140238498,0.7426924131333436,0.5619116223975535,1
Geophysical_model437,/home/lyara/areswave/models/Geophysical_model437.nd,nd,UNK,,,1000.927,60.0,900.0,186.89499999999998,1000.927,60.0,1135.497,33.64300000000003,1488.742,84.106,1686.989,60.0,0.32381722262111845,0.4049552874090028,0.37790926581304135,0.6761827773788815,0.5950447125909972,1
Geophysical_model173,/home/lyara/areswave/models/Geophysical_model173.nd,nd,UNK,,,1063.521,60.0,900.0,197.91200000000003,1063.521,60.0,1145.281,32.70399999999995,1488.674,65.4079999999999,1669.999,60.0,0.2845205836626068,0.42474081375139494,0.3780007370551322,0.7154794163373932,0.5752591862486051,1
Geophysical_model479,/home/lyara/areswave/models/Geophysical_model479.nd,nd,UNK,,,983.998,60.0,876.544,187.64999999999998,983.998,60.0,1118.394,33.59899999999993,1487.983,100.79700000000003,1686.203,60.0,0.33589575456410536,0.3998126632681329,0.378507027033457,0.6641042454358946,0.6001873367318671,1
CD_model85,/home/lyara/areswave/models/CD_model85.nd,nd,UNK,,,,60.0,,60.0,,60.0,,60.0,,60.0,,60.0,0.33225123728049055,0.40176785001793847,0.3785956457721225,0.6677487627195094,0.5982321499820615,1
Geophysical_model459,/home/lyara/areswave/models/Geophysical_model459.nd,nd,UNK,,,966.557,60.0,877.418,180.65499999999997,966.557,60.0,1116.31,16.639000000000124,1465.734,99.83500000000004,1680.4,60.0,0.2449375890697406,0.44547985394848455,0.3786324323222366,0.7550624109302594,0.5545201460515155,1
MD_model15,/home/lyara/areswave/models/MD_model15.nd,nd,UNK,,,994.191,60.0,802.191,10.66700000000003,994.191,60.0,1164.858,149.33400000000006,1463.525,192.0,1618.557,60.0,0.21388745336165282,0.4613020106414262,0.3788304915481684,0.7861125466383472,0.5386979893585738,1
Geophysical_model215,/home/lyara/areswave/models/Geophysical_model215.nd,nd,UNK,,,949.483,60.0,900.0,193.481,949.483,60.0,1114.426,16.494000000000142,1460.805,98.9659999999999,1675.15,60.0,0.2552109994359786,0.4419344255719322,0.3796932835266143,0.7447890005640214,0.5580655744280678,1
Geophysical_model252,/home/lyara/areswave/models/Geophysical_model252.nd,nd,UNK,,,950.33,60.0,900.0,194.29100000000005,950.33,60.0,1118.099,33.55300000000011,1453.635,117.4380000000001,1685.382,60.0,0.1962488927364735,0.4714607394450203,0.379723457208838,0.8037511072635265,0.5285392605549797,1
CD_model87,/home/lyara/areswave/models/CD_model87.nd,nd,UNK,,,,60.0,,60.0,,60.0,,60.0,,60.0,,60.0,0.17854874974658586,0.4807567293097582,0.3800207361220341,0.8214512502534141,0.5192432706902418,1
Geophysical_model392,/home/lyara/areswave/models/Geophysical_model392.nd,nd,UNK,,,1031.687,60.0,900.0,185.87199999999996,1031.687,60.0,1130.452,32.922000000000025,1492.591,82.30399999999986,1673.94,60.0,0.2646032623503519,0.4378057111740674,0.38007156156616223,0.7353967376496481,0.5621942888259326,1
Geophysical_model93,/home/lyara/areswave/models/Geophysical_model93.nd,nd,UNK,,,967.494,60.0,900.0,192.45299999999997,967.494,60.0,1119.357,33.74700000000007,1456.828,118.11599999999999,1688.886,60.0,0.4482411152597602,0.3467710367299871,0.3805943962399114,0.5517588847402398,0.6532289632700129,1
CD_model15,/home/lyara/areswave/models/CD_model15.nd,nd,UNK,,,,60.0,,60.0,,60.0,,60.0,,60.0,,60.0,0.35553433635774845,0.3931427011380274,0.38060657954460114,0.6444656636422516,0.6068572988619726,1
CD_model59,/home/lyara/areswave/models/CD_model59.nd,nd,UNK,,,,60.0,,60.0,,60.0,,60.0,,60.0,,60.0,0.24452848512582637,0.44974082032289986,0.3813367085905421,0.7554715148741736,0.5502591796771001,1
Geophysical_model688,/home/lyara/areswave/models/Geophysical_model688.nd,nd,UNK,,,933.943,60.0,879.28,186.476,933.943,60.0,1120.631,33.942999999999984,1494.007,84.85800000000017,1692.437,60.0,0.21042201102583746,0.4671331628179146,0.38156277888722223,0.7895779889741625,0.5328668371820854,1
Geophysical_model349,/home/lyara/areswave/models/Geophysical_model349.nd,nd,UNK,,,983.203,60.0,878.832,190.51300000000003,983.203,60.0,1116.329,16.6400000000001,1465.783,99.84400000000005,1680.452,60.0,0.16903725829461036,0.488167143965223,0.38179051540835207,0.8309627417053896,0.511832856034777,1
Geophysical_model928,/home/lyara/areswave/models/Geophysical_model928.nd,nd,UNK,,,916.707,60.0,900.0,194.01800000000003,916.707,60.0,1117.197,33.414999999999964,1484.761,83.53800000000001,1682.87,60.0,0.4169259589434885,0.3647877946866801,0.38216718277228284,0.5830740410565115,0.6352122053133199,1
Geophysical_model655,/home/lyara/areswave/models/Geophysical_model655.nd,nd,UNK,,,916.707,60.0,900.0,194.01800000000003,916.707,60.0,1117.197,33.414999999999964,1484.761,83.53800000000001,1682.87,60.0,0.4169259589434885,0.3647877946866801,0.38216718277228284,0.5830740410565115,0.6352122053133199,1
Geophysical_model107,/home/lyara/areswave/models/Geophysical_model107.nd,nd,UNK,,,983.232,60.0,900.0,182.33500000000004,983.232,60.0,1116.402,16.645999999999958,1465.975,116.52400000000011,1680.656,60.0,0.2121748348811996,0.4677277964699674,0.38254347594037813,0.7878251651188004,0.5322722035300326,1
AK_model_76,/home/lyara/areswave/models/AK_model_76.nd,nd,UNK,,,1050.178,60.0,796.314,25.38600000000008,1050.178,60.0,1278.655,50.77299999999991,1304.041,50.77300000000014,1688.733,60.0,0.40189607884311584,0.37382728616749894,0.3831835503927046,0.5981039211568842,0.6261727138325011,1
MD_model16,/home/lyara/areswave/models/MD_model16.nd,nd,UNK,,,999.038,60.0,820.271,10.515999999999963,999.038,60.0,1146.258,94.64100000000008,1346.056,189.28300000000013,1605.327,60.0,0.06459801360957695,0.5424964133003674,0.38319694673677057,0.935401986390423,0.4575035866996327,1
CD_model44,/home/lyara/areswave/models/CD_model44.nd,nd,UNK,,,,60.0,,60.0,,60.0,,60.0,,60.0,,60.0,0.37961393098440144,0.3855832344265062,0.38359346661247135,0.6203860690155986,0.6144167655734938,1
Geophysical_model70,/home/lyara/areswave/models/Geophysical_model70.nd,nd,UNK,,,1000.927,60.0,900.0,186.95600000000002,1000.927,60.0,1135.497,33.64300000000003,1488.742,84.106,1686.989,60.0,0.1849054480833512,0.4843180041921529,0.3845138188225523,0.8150945519166488,0.5156819958078471,1
Geophysical_model618,/home/lyara/areswave/models/Geophysical_model618.nd,nd,UNK,,,933.862,60.0,900.0,186.58500000000004,933.862,60.0,1120.105,33.86200000000008,1492.59,84.65599999999995,1690.97,60.0,0.17489873416127266,0.4896943556304286,0.38476248180737666,0.8251012658387273,0.5103056443695714,1
Geophysical_model879,/home/lyara/areswave/models/Geophysical_model879.nd,nd,UNK,,,933.674,60.0,879.802,181.78499999999997,933.674,60.0,1118.884,33.67399999999998,1489.303,84.18600000000015,1687.57,60.0,0.2033180700545696,0.47571483509908186,0.38491591341757775,0.7966819299454304,0.5242851649009181,1
Geophysical_model707,/home/lyara/areswave/models/Geophysical_model707.nd,nd,UNK,,,933.674,60.0,879.802,181.78499999999997,933.674,60.0,1118.884,33.67399999999998,1489.303,84.18600000000015,1687.57,60.0,0.2033180700545696,0.47571483509908186,0.38491591341757775,0.7966819299454304,0.5242851649009181,1
Geophysical_model530,/home/lyara/areswave/models/Geophysical_model530.nd,nd,UNK,,,1086.696,60.0,900.0,21.399999999999977,1086.696,60.0,1103.669,16.97199999999998,1460.089,118.80700000000002,1692.465,60.0,0.161410239732801,0.49798840772836495,0.38579568506317696,0.838589760267199,0.502011592271635,1
CD_model94,/home/lyara/areswave/models/CD_model94.nd,nd,UNK,,,,60.0,,60.0,,60.0,,60.0,,60.0,,60.0,0.27741929873194404,0.4406346912335847,0.3862295603997044,0.722580701268056,0.5593653087664153,1
Geophysical_model188,/home/lyara/areswave/models/Geophysical_model188.nd,nd,UNK,,,967.494,60.0,900.0,188.938,967.494,60.0,1119.357,33.74700000000007,1456.828,118.11599999999999,1688.886,60.0,0.3619464124042382,0.3983945464660036,0.3862451684454151,0.6380535875957618,0.6016054535339964,1
Geophysical_model9,/home/lyara/areswave/models/Geophysical_model9.nd,nd,UNK,,,949.517,60.0,900.0,192.452,949.517,60.0,1114.574,16.505999999999858,1444.688,115.53999999999996,1675.563,60.0,0.17131008496634836,0.49393156524065196,0.38639107181588406,0.8286899150336516,0.506068434759348,1
Geophysical_model831,/home/lyara/areswave/models/Geophysical_model831.nd,nd,UNK,,,933.798,60.0,879.696,182.73299999999995,933.798,60.0,1119.688,33.798,1491.467,84.49500000000012,1689.809,60.0,0.3151719430478179,0.42234989838212766,0.38662391327069107,0.6848280569521821,0.5776501016178723,1
Geophysical_model358,/home/lyara/areswave/models/Geophysical_model358.nd,nd,UNK,,,1049.881,60.0,900.0,182.43100000000004,1049.881,60.0,1133.149,33.307000000000016,1482.872,83.26800000000003,1680.916,60.0,0.263385090841357,0.4488452769100184,0.3870252148871313,0.736614909158643,0.5511547230899816,1
Geophysical_model58,/home/lyara/areswave/models/Geophysical_model58.nd,nd,UNK,,,966.592,60.0,900.0,182.84199999999998,966.592,60.0,1116.423,16.64799999999991,1466.03,99.88800000000015,1680.715,60.0,0.23279662947627344,0.46478205701090347,0.38745358116602685,0.7672033705237266,0.5352179429890965,1
Geophysical_model795,/home/lyara/areswave/models/Geophysical_model795.nd,nd,UNK,,,900.0,60.0,900.0,21.48599999999999,900.0,60.0,1116.829,33.35799999999995,1483.771,100.07500000000005,1681.845,60.0,0.2557165572461124,0.4538872688816785,0.3878303650031565,0.7442834427538876,0.5461127311183215,1
Geophysical_model894,/home/lyara/areswave/models/Geophysical_model894.nd,nd,UNK,,,950.013,60.0,900.0,182.41999999999996,950.013,60.0,1133.396,33.3420000000001,1483.489,66.68399999999997,1681.554,60.0,0.25975787656725957,0.45256414183981597,0.3882953867489638,0.7402421234327404,0.547435858160184,1
AK_model_78,/home/lyara/areswave/models/AK_model_78.nd,nd,UNK,,,1047.5,60.0,794.889,25.260999999999967,1047.5,60.0,1249.589,75.7829999999999,1300.111,50.52299999999991,1683.921,60.0,0.15249503230386896,0.5064381899176041,0.3884571373796924,0.847504967696131,0.49356181008239586,1
Geophysical_model715,/home/lyara/areswave/models/Geophysical_model715.nd,nd,UNK,,,900.0,60.0,900.0,180.03999999999996,900.0,60.0,1118.266,33.57899999999995,1470.849,100.73799999999983,1685.847,60.0,0.31529780706549604,0.42509353022638985,0.3884949558394252,0.684702192934504,0.5749064697736102,1
Geophysical_model166,/home/lyara/areswave/models/Geophysical_model166.nd,nd,UNK,,,1063.464,60.0,900.0,197.09799999999996,1063.464,60.0,1145.196,32.692999999999984,1472.124,65.38599999999997,1669.795,60.0,0.2759146662614287,0.44516818966216876,0.38875034852858875,0.7240853337385713,0.5548318103378312,1
AK_model_94,/home/lyara/areswave/models/AK_model_94.nd,nd,UNK,,,1080.51,60.0,778.064,27.495000000000005,1080.51,60.0,1272.975,27.49499999999989,1327.965,54.99000000000001,1730.529,60.0,0.18798698834990646,0.48917696832076507,0.3887803083304789,0.8120130116500935,0.5108230316792349,1
Geophysical_model679,/home/lyara/areswave/models/Geophysical_model679.nd,nd,UNK,,,933.365,60.0,900.0,185.19600000000003,933.365,60.0,1116.872,33.36500000000001,1483.886,83.41300000000001,1681.964,60.0,0.28040017351646285,0.44306860764964817,0.3888457962719197,0.7195998264835372,0.5569313923503518,1
Geophysical_model5,/home/lyara/areswave/models/Geophysical_model5.nd,nd,UNK,,,1015.251,60.0,900.0,187.659,1015.251,60.0,1130.502,32.92899999999986,1492.719,82.32200000000012,1674.068,60.0,0.13832650107077227,0.5146014690964811,0.3891764797545781,0.8616734989292277,0.4853985309035189,1
MD_model31,/home/lyara/areswave/models/MD_model31.nd,nd,UNK,,,1004.85,60.0,809.075,10.303999999999974,1004.85,60.0,1252.146,154.55999999999995,1303.666,103.03999999999996,1580.355,60.0,0.24924819710207924,0.46070878148757644,0.390221920025744,0.7507518028979208,0.5392912185124236,1
Geophysical_model198,/home/lyara/areswave/models/Geophysical_model198.nd,nd,UNK,,,983.727,60.0,878.886,190.02599999999995,983.727,60.0,1117.689,33.49000000000001,1486.086,100.47199999999998,1684.241,60.0,0.2634389509670957,0.45379715591536596,0.3903444209326092,0.7365610490329043,0.546202844084634,1
AK_model_14,/home/lyara/areswave/models/AK_model_14.nd,nd,UNK,,,1026.729,60.0,807.065,24.406999999999925,1026.729,60.0,1270.801,97.62900000000013,1319.615,24.406999999999925,1671.438,60.0,0.38111688218661843,0.3951034397329588,0.39044125388417866,0.6188831178133816,0.6048965602670412,1
AK_model_86,/home/lyara/areswave/models/AK_model_86.nd,nd,UNK,,,1049.938,60.0,885.794,23.448999999999955,1049.938,60.0,1284.43,23.450000000000045,1354.777,70.34700000000021,1674.308,60.0,0.27992877773276303,0.4461420298863782,0.3907376125018398,0.720071222267237,0.5538579701136218,1
CD_model90,/home/lyara/areswave/models/CD_model90.nd,nd,UNK,,,,60.0,,60.0,,60.0,,60.0,,60.0,,60.0,0.32591693286355483,0.42449257195223444,0.3916340255893413,0.6740830671364452,0.5755074280477656,1
CD_model86,/home/lyara/areswave/models/CD_model86.nd,nd,UNK,,,,60.0,,60.0,,60.0,,60.0,,60.0,,60.0,0.32591693286355483,0.42449257195223444,0.3916340255893413,0.6740830671364452,0.5755074280477656,1
AK_model_38,/home/lyara/areswave/models/AK_model_38.nd,nd,UNK,,,1017.632,60.0,808.958,26.084999999999923,1017.632,60.0,1278.474,104.33699999999999,1304.559,26.08400000000006,1671.473,60.0,0.24312264525822735,0.4659450987417537,0.39167094758057824,0.7568773547417726,0.5340549012582463,1
Geophysical_model40,/home/lyara/areswave/models/Geophysical_model40.nd,nd,UNK,,,1063.521,60.0,900.0,197.404,1063.521,60.0,1145.281,32.70399999999995,1488.674,65.4079999999999,1669.999,60.0,0.29165777874272425,0.4418290010126046,0.39177192692264445,0.7083422212572758,0.5581709989873954,1
Geophysical_model69,/home/lyara/areswave/models/Geophysical_model69.nd,nd,UNK,,,1016.434,60.0,877.14,182.87599999999998,1016.434,60.0,1132.867,33.26700000000005,1498.801,99.79999999999995,1680.187,60.0,0.2527026142865947,0.4620713621533189,0.3922817795310775,0.7472973857134053,0.5379286378466811,1
Geophysical_model222,/home/lyara/areswave/models/Geophysical_model222.nd,nd,UNK,,,1063.846,60.0,900.0,185.688,1063.846,60.0,1145.769,32.769000000000005,1489.845,65.53899999999999,1671.177,60.0,0.33284367610342325,0.4230354243132073,0.39297150824327926,0.6671563238965768,0.5769645756867927,1
Geophysical_model531,/home/lyara/areswave/models/Geophysical_model531.nd,nd,UNK,,,950.068,60.0,900.0,179.99099999999999,950.068,60.0,1133.65,50.067999999999984,1484.125,66.75700000000006,1682.212,60.0,0.1763127572891855,0.5022998610342461,0.3936374931192259,0.8236872427108145,0.49770013896575394,1
CD_model98,/home/lyara/areswave/models/CD_model98.nd,nd,UNK,,,,60.0,,60.0,,60.0,,60.0,,60.0,,60.0,0.25942917897515183,0.46091343706615806,0.39375201770248935,0.7405708210248482,0.5390865629338419,1
Geophysical_model312,/home/lyara/areswave/models/Geophysical_model312.nd,nd,UNK,,,966.712,60.0,878.564,192.92499999999995,966.712,60.0,1116.813,33.355999999999995,1483.727,100.06700000000001,1681.8,60.0,0.2415674699503676,0.4699614104658867,0.39383009696071364,0.7584325300496324,0.5300385895341133,1
Geophysical_model989,/home/lyara/areswave/models/Geophysical_model989.nd,nd,UNK,,,966.597,60.0,900.0,179.63199999999995,966.597,60.0,1133.089,33.298,1499.372,83.2460000000001,1680.761,60.0,0.3096785007638694,0.4360955683083775,0.39395654579354145,0.6903214992361306,0.5639044316916225,1
Geophysical_model121,/home/lyara/areswave/models/Geophysical_model121.nd,nd,UNK,,,1063.821,60.0,900.0,185.53499999999997,1063.821,60.0,1145.731,32.764000000000124,1489.755,65.529,1671.087,60.0,0.2317507979341782,0.47513299163776146,0.394005593736567,0.7682492020658218,0.5248670083622385,1
Geophysical_model728,/home/lyara/areswave/models/Geophysical_model728.nd,nd,UNK,,,933.805,60.0,879.401,185.38699999999994,933.805,60.0,1119.733,33.805000000000064,1491.589,84.51299999999992,1689.935,60.0,0.30065740363255644,0.44074203701241366,0.3940471592191279,0.6993425963674436,0.5592579629875863,1
Geophysical_model781,/home/lyara/areswave/models/Geophysical_model781.nd,nd,UNK,,,916.648,60.0,877.507,179.94299999999998,916.648,60.0,1116.419,16.64799999999991,1499.315,99.88499999999999,1680.704,60.0,0.3228412800984932,0.4296609810487879,0.39405441406535635,0.6771587199015068,0.5703390189512121,1
Geophysical_model633,/home/lyara/areswave/models/Geophysical_model633.nd,nd,UNK,,,916.648,60.0,877.507,179.94299999999998,916.648,60.0,1116.419,16.64799999999991,1499.315,99.88499999999999,1680.704,60.0,0.3228412800984932,0.4296609810487879,0.39405441406535635,0.6771587199015068,0.5703390189512121,1
Geophysical_model700,/home/lyara/areswave/models/Geophysical_model700.nd,nd,UNK,,,916.847,60.0,879.958,180.37400000000002,916.847,60.0,1119.005,33.69300000000021,1489.628,84.23299999999995,1687.906,60.0,0.44662069514109093,0.36855718961851347,0.3945783581260393,0.5533793048589091,0.6314428103814865,1
Geophysical_model291,/home/lyara/areswave/models/Geophysical_model291.nd,nd,UNK,,,1033.201,60.0,900.0,180.11699999999996,1033.201,60.0,1133.102,33.299999999999955,1499.404,83.25,1680.794,60.0,0.29822141801141033,0.442860472668541,0.3946474544494974,0.7017785819885897,0.557139527331459,1
Geophysical_model230,/home/lyara/areswave/models/Geophysical_model230.nd,nd,UNK,,,949.483,60.0,900.0,193.52599999999995,949.483,60.0,1114.426,16.494000000000142,1460.805,98.9659999999999,1675.15,60.0,0.24791122045114067,0.46843291033491063,0.394925680373654,0.7520887795488593,0.5315670896650894,1
AK_model_59,/home/lyara/areswave/models/AK_model_59.nd,nd,UNK,,,1013.735,60.0,839.485,24.89199999999994,1013.735,60.0,1163.093,124.46499999999992,1387.13,49.78599999999983,1668.845,60.0,0.21249712492090655,0.48650950959132444,0.3951720480345185,0.7875028750790934,0.5134904904086756,1
Geophysical_model186,/home/lyara/areswave/models/Geophysical_model186.nd,nd,UNK,,,933.038,60.0,900.0,199.34000000000003,933.038,60.0,1114.745,16.519000000000005,1445.122,99.11300000000006,1676.04,60.0,0.2359658762154061,0.47505949172036455,0.39536161988537843,0.7640341237845939,0.5249405082796355,1
Geophysical_model517,/home/lyara/areswave/models/Geophysical_model517.nd,nd,UNK,,,933.327,60.0,900.0,186.16499999999996,933.327,60.0,1116.628,16.663999999999987,1499.894,83.31899999999996,1681.286,60.0,0.22029070871095846,0.4849436919771447,0.39672603088841596,0.7797092912890415,0.5150563080228553,1
Geophysical_model696,/home/lyara/areswave/models/Geophysical_model696.nd,nd,UNK,,,933.693,60.0,900.0,180.94000000000005,933.693,60.0,1119.005,33.69300000000021,1489.628,84.23299999999995,1687.906,60.0,0.20217279545287425,0.49530568823705634,0.3975947239756623,0.7978272045471257,0.5046943117629437,1
Geophysical_model767,/home/lyara/areswave/models/Geophysical_model767.nd,nd,UNK,,,933.693,60.0,900.0,180.94000000000005,933.693,60.0,1119.005,33.69300000000021,1489.628,84.23299999999995,1687.906,60.0,0.20217279545287425,0.49530568823705634,0.3975947239756623,0.7978272045471257,0.5046943117629437,1
Geophysical_model765,/home/lyara/areswave/models/Geophysical_model765.nd,nd,UNK,,,933.693,60.0,900.0,180.94000000000005,933.693,60.0,1119.005,33.69300000000021,1489.628,84.23299999999995,1687.906,60.0,0.20217279545287425,0.49530568823705634,0.3975947239756623,0.7978272045471257,0.5046943117629437,1
Geophysical_model975,/home/lyara/areswave/models/Geophysical_model975.nd,nd,UNK,,,933.693,60.0,900.0,180.94000000000005,933.693,60.0,1119.005,33.69300000000021,1489.628,84.23299999999995,1687.906,60.0,0.20217279545287425,0.49530568823705634,0.3975947239756623,0.7978272045471257,0.5046943117629437,1
Geophysical_model616,/home/lyara/areswave/models/Geophysical_model616.nd,nd,UNK,,,933.693,60.0,900.0,180.94000000000005,933.693,60.0,1119.005,33.69300000000021,1489.628,84.23299999999995,1687.906,60.0,0.20217279545287425,0.49530568823705634,0.3975947239756623,0.7978272045471257,0.5046943117629437,1
CD_model25,/home/lyara/areswave/models/CD_model25.nd,nd,UNK,,,,60.0,,60.0,,60.0,,60.0,,60.0,,60.0,0.16404074959613557,0.5149554799679379,0.3979839031773371,0.8359592504038644,0.4850445200320621,1
Geophysical_model238,/home/lyara/areswave/models/Geophysical_model238.nd,nd,UNK,,,983.209,60.0,877.982,198.163,983.209,60.0,1116.342,16.641999999999825,1465.818,116.49200000000019,1680.489,60.0,0.3573695242177849,0.41856875276722016,0.39816900991740845,0.6426304757822151,0.5814312472327798,1
Geophysical_model237,/home/lyara/areswave/models/Geophysical_model237.nd,nd,UNK,,,949.523,60.0,900.0,190.596,949.523,60.0,1114.598,16.507000000000062,1461.256,99.04499999999985,1675.63,60.0,0.37359237000446843,0.41048940888319096,0.39819039592361677,0.6264076299955316,0.589510591116809,1
Geophysical_model773,/home/lyara/areswave/models/Geophysical_model773.nd,nd,UNK,,,900.0,60.0,900.0,177.99300000000005,900.0,60.0,1118.724,33.65000000000009,1488.873,100.94900000000007,1687.125,60.0,0.21065276628831875,0.49202122332440446,0.39823173764570924,0.7893472337116813,0.5079787766755955,1
MD_model59,/home/lyara/areswave/models/MD_model59.nd,nd,UNK,,,935.775,60.0,826.829,79.23300000000006,935.775,60.0,1262.612,69.33000000000015,1302.229,39.615999999999985,1470.6,61.90000000000009,0.13721662137666146,0.5287886004784768,0.39826460744453834,0.8627833786233385,0.4712113995215233,1
Geophysical_model389,/home/lyara/areswave/models/Geophysical_model389.nd,nd,UNK,,,949.524,60.0,900.0,193.33900000000006,949.524,60.0,1114.604,16.509000000000015,1461.273,99.048,1675.648,60.0,0.32032186384122296,0.43825909067000035,0.39894668172707454,0.679678136158777,0.5617409093299996,1
Geophysical_model184,/home/lyara/areswave/models/Geophysical_model184.nd,nd,UNK,,,950.621,60.0,900.0,192.91899999999998,950.621,60.0,1119.357,33.74700000000007,1456.828,118.11599999999999,1688.886,60.0,0.31364799216010464,0.44159877964360794,0.3989485171491068,0.6863520078398954,0.5584012203563921,1
Geophysical_model801,/home/lyara/areswave/models/Geophysical_model801.nd,nd,UNK,,,966.694,60.0,900.0,192.625,966.694,60.0,1133.428,33.346000000000004,1483.57,66.69399999999996,1681.638,60.0,0.16243943192945032,0.5172066493063568,0.3989509101807213,0.8375605680705497,0.48279335069364315,1
Geophysical_model555,/home/lyara/areswave/models/Geophysical_model555.nd,nd,UNK,,,916.902,60.0,900.0,181.07899999999995,916.902,60.0,1119.729,33.80400000000009,1474.676,84.51099999999997,1689.924,60.0,0.3555830231816064,0.42109330304899395,0.3992565430931981,0.6444169768183936,0.578906696951006,1
Geophysical_model849,/home/lyara/areswave/models/Geophysical_model849.nd,nd,UNK,,,916.902,60.0,900.0,181.07899999999995,916.902,60.0,1119.729,33.80400000000009,1474.676,84.51099999999997,1689.924,60.0,0.3555830231816064,0.42109330304899395,0.3992565430931981,0.6444169768183936,0.578906696951006,1
Geophysical_model687,/home/lyara/areswave/models/Geophysical_model687.nd,nd,UNK,,,916.902,60.0,900.0,181.07899999999995,916.902,60.0,1119.729,33.80400000000009,1474.676,84.51099999999997,1689.924,60.0,0.3555830231816064,0.42109330304899395,0.3992565430931981,0.6444169768183936,0.578906696951006,1
Geophysical_model593,/home/lyara/areswave/models/Geophysical_model593.nd,nd,UNK,,,916.669,60.0,877.364,181.08500000000004,916.669,60.0,1116.699,33.337999999999965,1483.42,83.346,1681.482,60.0,0.2814086900678898,0.4585813515089825,0.39952379769528495,0.7185913099321102,0.5414186484910175,1
Geophysical_model796,/home/lyara/areswave/models/Geophysical_model796.nd,nd,UNK,,,916.669,60.0,877.364,181.08500000000004,916.669,60.0,1116.699,33.337999999999965,1483.42,83.346,1681.482,60.0,0.2814086900678898,0.4585813515089825,0.39952379769528495,0.7185913099321102,0.5414186484910175,1
Geophysical_model903,/home/lyara/areswave/models/Geophysical_model903.nd,nd,UNK,,,916.669,60.0,877.364,181.08500000000004,916.669,60.0,1116.699,33.337999999999965,1483.42,83.346,1681.482,60.0,0.2814086900678898,0.4585813515089825,0.39952379769528495,0.7185913099321102,0.5414186484910175,1
CD_model34,/home/lyara/areswave/models/CD_model34.nd,nd,UNK,,,,60.0,,60.0,,60.0,,60.0,,60.0,,60.0,0.25661248258428415,0.47140220145419676,0.39980562849755924,0.7433875174157158,0.5285977985458032,1
Geophysical_model916,/home/lyara/areswave/models/Geophysical_model916.nd,nd,UNK,,,916.693,60.0,900.0,178.836,916.693,60.0,1117.015,33.386000000000195,1484.271,83.46699999999987,1682.363,60.0,0.25306891082795824,0.4732080742720117,0.3998283531239939,0.7469310891720418,0.5267919257279883,1
AK_model_49,/home/lyara/areswave/models/AK_model_49.nd,nd,UNK,,,1010.726,60.0,802.494,26.028999999999996,1010.726,60.0,1271.017,130.14599999999996,1479.249,26.028999999999996,1688.205,60.0,0.18271478017686604,0.5085055432992043,0.3999086222584249,0.817285219823134,0.4914944567007958,1
CD_model6,/home/lyara/areswave/models/CD_model6.nd,nd,UNK,,,,60.0,,60.0,,60.0,,60.0,,60.0,,60.0,0.39523443554612714,0.4027072329323106,0.4002163004702495,0.6047655644538729,0.5972927670676894,1
Geophysical_model160,/home/lyara/areswave/models/Geophysical_model160.nd,nd,UNK,,,1001.362,60.0,862.062,189.68899999999996,1001.362,60.0,1119.617,33.78800000000001,1491.277,101.36200000000008,1689.612,60.0,0.15689567903802504,0.5224449739419428,0.40059520897397016,0.843104320961975,0.4775550260580573,1
Geophysical_model15,/home/lyara/areswave/models/Geophysical_model15.nd,nd,UNK,,,966.855,60.0,900.0,194.18200000000002,966.855,60.0,1117.28,33.427999999999884,1484.985,100.2829999999999,1683.102,60.0,0.2883807258323383,0.45815506975948705,0.4015636217837708,0.7116192741676617,0.541844930240513,1
Geophysical_model943,/home/lyara/areswave/models/Geophysical_model943.nd,nd,UNK,,,900.0,60.0,900.0,188.60199999999998,900.0,60.0,1115.838,16.60200000000009,1464.498,116.22000000000003,1679.083,60.0,0.42176653931648866,0.3918490609755262,0.401821553755847,0.5782334606835113,0.6081509390244738,1
Geophysical_model208,/home/lyara/areswave/models/Geophysical_model208.nd,nd,UNK,,,966.508,60.0,900.0,193.79899999999998,966.508,60.0,1116.152,16.626999999999953,1465.32,99.76199999999994,1679.958,60.0,0.37038711770103294,0.41768796912943607,0.4019210186533017,0.6296128822989671,0.5823120308705639,1
Geophysical_model190,/home/lyara/areswave/models/Geophysical_model190.nd,nd,UNK,,,966.508,60.0,900.0,193.79899999999998,966.508,60.0,1116.152,16.626999999999953,1465.32,99.76199999999994,1679.958,60.0,0.37038711770103294,0.41768796912943607,0.4019210186533017,0.6296128822989671,0.5823120308705639,1
Geophysical_model53,/home/lyara/areswave/models/Geophysical_model53.nd,nd,UNK,,,966.508,60.0,900.0,193.79899999999998,966.508,60.0,1116.152,16.626999999999953,1465.32,99.76199999999994,1679.958,60.0,0.37038711770103294,0.41768796912943607,0.4019210186533017,0.6296128822989671,0.5823120308705639,1
Geophysical_model243,/home/lyara/areswave/models/Geophysical_model243.nd,nd,UNK,,,982.905,60.0,900.0,182.57500000000005,982.905,60.0,1115.552,16.58100000000013,1463.752,116.06700000000001,1678.288,60.0,0.23942332448101933,0.4835470399329771,0.4021724681156578,0.7605766755189807,0.5164529600670229,1
Geophysical_model245,/home/lyara/areswave/models/Geophysical_model245.nd,nd,UNK,,,967.7,60.0,900.0,181.096,967.7,60.0,1120.025,33.850000000000136,1458.525,118.47499999999991,1690.748,60.0,0.36024320643530483,0.4233265580390777,0.40229877417115345,0.6397567935646952,0.5766734419609223,1
Geophysical_model1000,/home/lyara/areswave/models/Geophysical_model1000.nd,nd,UNK,,,966.993,60.0,878.426,194.16700000000003,966.993,60.0,1117.726,33.496999999999844,1486.187,100.49000000000001,1684.345,60.0,0.2565877671802008,0.4756737457840078,0.4026450862494055,0.7434122328197992,0.5243262542159922,1
Geophysical_model683,/home/lyara/areswave/models/Geophysical_model683.nd,nd,UNK,,,900.0,60.0,900.0,179.635,900.0,60.0,1101.753,16.812000000000126,1488.445,100.87599999999998,1686.682,60.0,0.2418130476906788,0.48343137723330587,0.4028919340524302,0.7581869523093212,0.5165686227666941,1
Geophysical_model888,/home/lyara/areswave/models/Geophysical_model888.nd,nd,UNK,,,1088.465,60.0,900.0,20.730000000000018,1088.465,60.0,1105.598,17.133000000000038,1465.394,102.79899999999998,1698.287,60.0,0.21715008940038716,0.49583899100939177,0.40294269047305686,0.7828499105996128,0.5041610089906082,1
AK_model_58,/home/lyara/areswave/models/AK_model_58.nd,nd,UNK,,,1013.144,60.0,839.363,24.825999999999908,1013.144,60.0,1162.1,124.12999999999988,1385.533,49.651999999999816,1666.989,60.0,0.2679201297816638,0.4712842978493753,0.4034962418268048,0.7320798702183362,0.5287157021506247,1
Geophysical_model841,/home/lyara/areswave/models/Geophysical_model841.nd,nd,UNK,,,916.723,60.0,877.735,178.11699999999996,916.723,60.0,1117.396,33.44599999999991,1485.297,83.61400000000003,1683.425,60.0,0.2809222882333078,0.46547517656350557,0.4039575471201063,0.7190777117666922,0.5345248234364944,1
Geophysical_model484,/home/lyara/areswave/models/Geophysical_model484.nd,nd,UNK,,,1031.853,60.0,900.0,187.85500000000002,1031.853,60.0,1130.743,32.96399999999994,1493.339,82.4079999999999,1674.693,60.0,0.25356830849460754,0.47962358363642277,0.4042718252558177,0.7464316915053925,0.5203764163635772,1
CD_model57,/home/lyara/areswave/models/CD_model57.nd,nd,UNK,,,,60.0,,60.0,,60.0,,60.0,,60.0,,60.0,0.20579092892033946,0.5045520634623202,0.4049650186149933,0.7942090710796605,0.4954479365376799,1
Geophysical_model881,/home/lyara/areswave/models/Geophysical_model881.nd,nd,UNK,,,950.007,60.0,900.0,179.212,950.007,60.0,1133.367,50.00700000000006,1483.418,66.67599999999993,1681.481,60.0,0.33042270621346126,0.4424916647715581,0.40513534525219247,0.6695772937865387,0.5575083352284419,1
Geophysical_model619,/home/lyara/areswave/models/Geophysical_model619.nd,nd,UNK,,,916.969,60.0,878.268,195.58399999999995,916.969,60.0,1120.603,33.93900000000008,1493.931,84.84699999999998,1692.359,60.0,0.2296337325568255,0.4936433852574088,0.40564016769054767,0.7703662674431745,0.5063566147425912,1
Geophysical_model980,/home/lyara/areswave/models/Geophysical_model980.nd,nd,UNK,,,916.969,60.0,878.268,195.58399999999995,916.969,60.0,1120.603,33.93900000000008,1493.931,84.84699999999998,1692.359,60.0,0.2296337325568255,0.4936433852574088,0.40564016769054767,0.7703662674431745,0.5063566147425912,1
Geophysical_model45,/home/lyara/areswave/models/Geophysical_model45.nd,nd,UNK,,,1016.295,60.0,900.0,198.29700000000003,1016.295,60.0,1132.589,33.22699999999986,1481.473,99.68200000000002,1679.468,60.0,0.25568962120042127,0.4809894774582243,0.40588952537229,0.7443103787995787,0.5190105225417757,1
Geophysical_model869,/home/lyara/areswave/models/Geophysical_model869.nd,nd,UNK,,,933.943,60.0,900.0,186.05499999999995,933.943,60.0,1120.631,33.942999999999984,1477.036,84.85800000000017,1692.437,60.0,0.2727084666536721,0.47283536876312726,0.40612640139330886,0.7272915333463279,0.5271646312368727,1
Geophysical_model567,/home/lyara/areswave/models/Geophysical_model567.nd,nd,UNK,,,933.943,60.0,900.0,186.05499999999995,933.943,60.0,1120.631,33.942999999999984,1477.036,84.85800000000017,1692.437,60.0,0.2727084666536721,0.47283536876312726,0.40612640139330886,0.7272915333463279,0.5271646312368727,1
Geophysical_model951,/home/lyara/areswave/models/Geophysical_model951.nd,nd,UNK,,,933.943,60.0,900.0,186.07399999999996,933.943,60.0,1120.631,33.942999999999984,1477.036,84.85800000000017,1692.437,60.0,0.2727084666536721,0.47283536876312726,0.40612640139330886,0.7272915333463279,0.5271646312368727,1
Geophysical_model171,/home/lyara/areswave/models/Geophysical_model171.nd,nd,UNK,,,1016.326,60.0,900.0,195.567,1016.326,60.0,1132.652,33.235999999999876,1498.248,99.70800000000008,1679.631,60.0,0.17836826455201427,0.5204606506553773,0.4064298552875896,0.8216317354479857,0.4795393493446227,1
Geophysical_model761,/home/lyara/areswave/models/Geophysical_model761.nd,nd,UNK,,,900.0,60.0,900.0,179.39,900.0,60.0,1101.753,33.625,1488.445,100.87599999999998,1686.682,60.0,0.19640997004475524,0.5114492917262475,0.4064361844990834,0.8035900299552448,0.48855070827375247,1
Geophysical_model490,/home/lyara/areswave/models/Geophysical_model490.nd,nd,UNK,,,1096.615,60.0,900.0,187.39999999999998,1096.615,60.0,1145.769,32.769000000000005,1489.845,65.53899999999999,1671.177,60.0,0.22456461709632258,0.4974764033818019,0.4065058079533088,0.7754353829036774,0.5025235966181981,1
Geophysical_model18,/home/lyara/areswave/models/Geophysical_model18.nd,nd,UNK,,,1098.133,60.0,900.0,196.457,1098.133,60.0,1147.666,16.510999999999967,1494.399,66.04399999999987,1675.759,60.0,0.2179624053412761,0.500904183331256,0.40659025733459603,0.7820375946587239,0.499095816668744,1
Geophysical_model185,/home/lyara/areswave/models/Geophysical_model185.nd,nd,UNK,,,1001.288,60.0,861.569,192.154,1001.288,60.0,1119.457,33.76299999999992,1490.847,101.28800000000001,1689.167,60.0,0.38637215963563576,0.4170955517348909,0.4068544210351392,0.6136278403643642,0.5829044482651091,1
Geophysical_model467,/home/lyara/areswave/models/Geophysical_model467.nd,nd,UNK,,,999.884,60.0,900.0,193.03599999999994,999.884,60.0,1116.415,16.646999999999935,1499.302,99.88400000000001,1680.691,60.0,0.29761119591074914,0.46198984070392,0.4071969591061964,0.7023888040892509,0.53801015929608,1
Geophysical_model290,/home/lyara/areswave/models/Geophysical_model290.nd,nd,UNK,,,1001.133,60.0,861.561,192.197,1001.133,60.0,1119.121,33.71100000000001,1473.087,101.13300000000004,1688.231,60.0,0.2351518276197,0.4939239131350145,0.4076665512965763,0.7648481723803,0.5060760868649855,1
Geophysical_model91,/home/lyara/areswave/models/Geophysical_model91.nd,nd,UNK,,,1001.362,60.0,880.983,190.173,1001.362,60.0,1119.617,33.78800000000001,1491.277,101.36200000000008,1689.612,60.0,0.44532167664104105,0.38983699124943005,0.40833188637996704,0.554678323358959,0.61016300875057,1
Geophysical_model168,/home/lyara/areswave/models/Geophysical_model168.nd,nd,UNK,,,1001.362,60.0,880.983,190.173,1001.362,60.0,1119.617,33.78800000000001,1491.277,101.36200000000008,1689.612,60.0,0.44532167664104105,0.38983699124943005,0.40833188637996704,0.554678323358959,0.61016300875057,1
Geophysical_model614,/home/lyara/areswave/models/Geophysical_model614.nd,nd,UNK,,,933.975,60.0,879.27,186.57299999999998,933.975,60.0,1120.837,33.975000000000136,1494.562,84.9369999999999,1693.011,60.0,0.2730144517742299,0.4764175042869282,0.4086164867826954,0.7269855482257701,0.5235824957130718,1
Geophysical_model855,/home/lyara/areswave/models/Geophysical_model855.nd,nd,UNK,,,916.736,60.0,875.945,192.44100000000003,916.736,60.0,1117.572,33.47199999999998,1469.034,83.68100000000004,1683.914,60.0,0.43330152775970576,0.39683394437094544,0.40898980550053227,0.5666984722402942,0.6031660556290546,1
Geophysical_model845,/home/lyara/areswave/models/Geophysical_model845.nd,nd,UNK,,,950.781,60.0,900.0,184.211,950.781,60.0,1136.977,33.85400000000004,1492.442,67.70700000000011,1690.818,60.0,0.31722326110517607,0.4556939274507874,0.40953703866891694,0.6827767388948239,0.5443060725492126,1
Geophysical_model839,/home/lyara/areswave/models/Geophysical_model839.nd,nd,UNK,,,950.781,60.0,900.0,184.211,950.781,60.0,1136.977,33.85400000000004,1492.442,67.70700000000011,1690.818,60.0,0.31722326110517607,0.4556939274507874,0.40953703866891694,0.6827767388948239,0.5443060725492126,1
Geophysical_model974,/home/lyara/areswave/models/Geophysical_model974.nd,nd,UNK,,,950.781,60.0,900.0,184.211,950.781,60.0,1136.977,33.85400000000004,1492.442,67.70700000000011,1690.818,60.0,0.31722326110517607,0.4556939274507874,0.40953703866891694,0.6827767388948239,0.5443060725492126,1
AK_model_75,/home/lyara/areswave/models/AK_model_75.nd,nd,UNK,,,1055.732,60.0,825.114,51.24800000000005,1055.732,60.0,1286.349,51.24799999999982,1311.974,51.24800000000005,1698.307,60.0,0.3432888388546562,0.44301949655418493,0.40977594398767536,0.6567111611453438,0.5569805034458151,1
Geophysical_model433,/home/lyara/areswave/models/Geophysical_model433.nd,nd,UNK,,,1064.377,60.0,900.0,188.24,1064.377,60.0,1146.565,32.875,1491.756,65.75099999999998,1673.1,60.0,0.21937416787735842,0.5053822684785297,0.41004623494480597,0.7806258321226416,0.49461773152147026,1
Geophysical_model471,/home/lyara/areswave/models/Geophysical_model471.nd,nd,UNK,,,1064.377,60.0,900.0,188.24,1064.377,60.0,1146.565,32.875,1491.756,65.75099999999998,1673.1,60.0,0.21937416787735842,0.5053822684785297,0.41004623494480597,0.7806258321226416,0.49461773152147026,1
MD_model82,/home/lyara/areswave/models/MD_model82.nd,nd,UNK,,,1052.51,60.0,736.454,189.63400000000001,1052.51,60.0,1263.214,42.13999999999987,1336.96,63.21100000000001,1596.883,60.0,0.22465274057889628,0.5029481128932367,0.41018298878845655,0.7753472594211037,0.49705188710676335,1
Geophysical_model581,/home/lyara/areswave/models/Geophysical_model581.nd,nd,UNK,,,916.965,60.0,900.0,195.10299999999995,916.965,60.0,1120.539,33.92899999999986,1493.758,84.82200000000012,1692.179,60.0,0.20503096583583114,0.5128595026708199,0.4102499903924903,0.7949690341641689,0.4871404973291801,1
Geophysical_model675,/home/lyara/areswave/models/Geophysical_model675.nd,nd,UNK,,,1084.148,60.0,900.0,22.19100000000003,1084.148,60.0,1100.889,16.741000000000213,1469.186,100.44499999999994,1684.076,60.0,0.48915019287654615,0.37124360030327597,0.4105457978276994,0.5108498071234538,0.628756399696724,1
Geophysical_model611,/home/lyara/areswave/models/Geophysical_model611.nd,nd,UNK,,,1084.148,60.0,900.0,22.19100000000003,1084.148,60.0,1100.889,16.741000000000213,1469.186,100.44499999999994,1684.076,60.0,0.48915019287654615,0.37124360030327597,0.4105457978276994,0.5108498071234538,0.628756399696724,1
AK_model_6,/home/lyara/areswave/models/AK_model_6.nd,nd,UNK,,,1050.566,60.0,816.362,26.023000000000025,1050.566,60.0,1284.77,78.06799999999998,1310.793,26.02300000000014,1676.747,60.0,0.20842728859847948,0.5117586399952183,0.4106481895296387,0.7915727114015205,0.48824136000478174,1
AK_model_57,/home/lyara/areswave/models/AK_model_57.nd,nd,UNK,,,1014.565,60.0,889.976,24.918000000000006,1014.565,60.0,1164.071,99.67100000000005,1388.331,99.67100000000005,1670.1,60.0,0.1899413312619489,0.5214196301478318,0.41092686385253746,0.8100586687380511,0.4785803698521683,1
MD_model35,/home/lyara/areswave/models/MD_model35.nd,nd,UNK,,,1018.784,60.0,751.464,181.77800000000002,1018.784,60.0,1286.105,21.38499999999999,1360.954,74.84999999999991,1612.653,60.0,0.37479094758168174,0.42904909415290227,0.4109630452958288,0.6252090524183183,0.5709509058470977,1
Geophysical_model84,/home/lyara/areswave/models/Geophysical_model84.nd,nd,UNK,,,1064.355,60.0,900.0,188.62699999999995,1064.355,60.0,1146.533,16.435999999999922,1475.244,65.74200000000019,1673.022,60.0,0.4205932073157287,0.40629465099040407,0.4110608364321789,0.5794067926842713,0.5937053490095959,1
Geophysical_model207,/home/lyara/areswave/models/Geophysical_model207.nd,nd,UNK,,,1064.102,60.0,900.0,191.005,1064.102,60.0,1146.153,32.820000000000164,1490.767,65.6400000000001,1672.105,60.0,0.23402170960271562,0.4999099978700138,0.4112805684475811,0.7659782903972844,0.5000900021299862,1
Geophysical_model8,/home/lyara/areswave/models/Geophysical_model8.nd,nd,UNK,,,1064.102,60.0,900.0,191.005,1064.102,60.0,1146.153,32.820000000000164,1490.767,65.6400000000001,1672.105,60.0,0.23402170960271562,0.4999099978700138,0.4112805684475811,0.7659782903972844,0.5000900021299862,1
Geophysical_model478,/home/lyara/areswave/models/Geophysical_model478.nd,nd,UNK,,,983.19,60.0,858.498,186.75699999999995,983.19,60.0,1116.294,16.63799999999992,1465.692,116.46500000000015,1680.354,60.0,0.3393683935130708,0.4481510638359629,0.41189017372833225,0.6606316064869292,0.5518489361640371,1
Geophysical_model918,/home/lyara/areswave/models/Geophysical_model918.nd,nd,UNK,,,933.4,60.0,900.0,184.586,933.4,60.0,1117.102,33.399999999999864,1484.505,66.80100000000016,1682.605,60.0,0.29387788427890793,0.4717676819730686,0.4124710827416817,0.7061221157210921,0.5282323180269314,1
Geophysical_model108,/home/lyara/areswave/models/Geophysical_model108.nd,nd,UNK,,,999.816,60.0,900.0,195.837,999.816,60.0,1116.267,16.635999999999967,1498.893,99.81500000000005,1680.28,60.0,0.16552839250247808,0.536134158597291,0.4125989032323534,0.8344716074975219,0.46386584140270903,1
Geophysical_model798,/home/lyara/areswave/models/Geophysical_model798.nd,nd,UNK,,,916.723,60.0,877.548,179.61400000000003,916.723,60.0,1117.396,33.44599999999991,1485.297,83.61400000000003,1683.425,60.0,0.16570683094118,0.5361563083526324,0.4126731492154816,0.83429316905882,0.46384369164736766,1
Geophysical_model3,/home/lyara/areswave/models/Geophysical_model3.nd,nd,UNK,,,1098.645,60.0,900.0,180.72500000000002,1098.645,60.0,1115.199,16.55399999999986,1429.721,99.32199999999989,1677.304,60.0,0.24654096485928179,0.49579590320563505,0.41271092375685065,0.7534590351407182,0.504204096794365,1
Gudkova,/home/lyara/areswave/models/Gudkova.nd,nd,UNK,,,819.32,60.0,819.32,307.727,819.32,60.0,1174.566,16.70399999999995,1443.681,39.91800000000012,1567.533,90.13499999999999,0.1450358992575047,0.5465716425223912,0.41272639476742906,0.8549641007424953,0.4534283574776088,1
CD_model89,/home/lyara/areswave/models/CD_model89.nd,nd,UNK,,,,60.0,,60.0,,60.0,,60.0,,60.0,,60.0,0.20161227653714475,0.5186186224540169,0.4129498404817262,0.7983877234628552,0.4813813775459831,1
Geophysical_model884,/home/lyara/areswave/models/Geophysical_model884.nd,nd,UNK,,,933.365,60.0,900.0,186.28300000000002,933.365,60.0,1116.871,33.36500000000001,1483.885,83.41200000000003,1681.963,60.0,0.21933492017546607,0.5097884511501167,0.4129706074918998,0.7806650798245339,0.49021154884988327,1
Geophysical_model209,/home/lyara/areswave/models/Geophysical_model209.nd,nd,UNK,,,1033.403,60.0,900.0,187.39999999999998,1033.403,60.0,1133.456,16.675000000000182,1483.64,66.702,1681.71,60.0,0.27591535504328857,0.48237140184417393,0.4135527195772122,0.7240846449567114,0.5176285981558261,1
Geophysical_model559,/home/lyara/areswave/models/Geophysical_model559.nd,nd,UNK,,,900.0,60.0,900.0,181.12199999999996,900.0,60.0,1119.137,33.71399999999994,1473.128,101.14099999999985,1688.275,60.0,0.3616735329733637,0.44032766195944917,0.4141096189640874,0.6383264670266363,0.5596723380405508,1
Geophysical_model929,/home/lyara/areswave/models/Geophysical_model929.nd,nd,UNK,,,933.343,60.0,900.0,179.35500000000002,933.343,60.0,1116.73,33.343000000000075,1483.505,83.35800000000017,1681.57,60.0,0.24018534223736898,0.5014031993671106,0.41433058032386344,0.759814657762631,0.4985968006328893,1
Geophysical_model504,/home/lyara/areswave/models/Geophysical_model504.nd,nd,UNK,,,1050.167,60.0,900.0,21.375999999999976,1050.167,60.0,1100.223,33.371000000000095,1483.984,100.11099999999988,1682.066,60.0,0.2338528581717153,0.5045985397068901,0.4143499791951652,0.7661471418282847,0.49540146029310994,1
Geophysical_model481,/home/lyara/areswave/models/Geophysical_model481.nd,nd,UNK,,,1096.615,60.0,900.0,187.25699999999995,1096.615,60.0,1145.769,32.769000000000005,1489.845,65.53899999999999,1671.177,60.0,0.4135742323630688,0.41510708249681194,0.4145961324522309,0.5864257676369312,0.5848929175031881,1
Geophysical_model556,/home/lyara/areswave/models/Geophysical_model556.nd,nd,UNK,,,900.0,60.0,900.0,179.90099999999995,900.0,60.0,1119.137,33.71399999999994,1473.128,101.14099999999985,1688.275,60.0,0.2931700236805157,0.4753694836364497,0.41463633031780506,0.7068299763194843,0.5246305163635503,1
Geophysical_model666,/home/lyara/areswave/models/Geophysical_model666.nd,nd,UNK,,,900.0,60.0,900.0,179.90099999999995,900.0,60.0,1119.137,33.71399999999994,1473.128,101.14099999999985,1688.275,60.0,0.2931700236805157,0.4753694836364497,0.41463633031780506,0.7068299763194843,0.5246305163635503,1
Geophysical_model665,/home/lyara/areswave/models/Geophysical_model665.nd,nd,UNK,,,1086.489,60.0,900.0,21.158000000000015,1086.489,60.0,1103.443,16.952999999999975,1459.467,118.67499999999995,1691.782,60.0,0.3139010244792726,0.4657227890868243,0.4151155342176404,0.6860989755207274,0.5342772109131757,1
Geophysical_model583,/home/lyara/areswave/models/Geophysical_model583.nd,nd,UNK,,,1086.489,60.0,900.0,21.158000000000015,1086.489,60.0,1103.443,16.952999999999975,1459.467,118.67499999999995,1691.782,60.0,0.3139010244792726,0.4657227890868243,0.4151155342176404,0.6860989755207274,0.5342772109131757,1
Geophysical_model705,/home/lyara/areswave/models/Geophysical_model705.nd,nd,UNK,,,933.862,60.0,879.268,186.58399999999995,933.862,60.0,1120.105,33.86200000000008,1492.59,84.65599999999995,1690.97,60.0,0.2915073835151586,0.4771944073559521,0.4152987327423543,0.7084926164848414,0.5228055926440479,1
Geophysical_model864,/home/lyara/areswave/models/Geophysical_model864.nd,nd,UNK,,,933.862,60.0,879.268,186.58399999999995,933.862,60.0,1120.105,33.86200000000008,1492.59,84.65599999999995,1690.97,60.0,0.2915073835151586,0.4771944073559521,0.4152987327423543,0.7084926164848414,0.5228055926440479,1
Geophysical_model701,/home/lyara/areswave/models/Geophysical_model701.nd,nd,UNK,,,933.862,60.0,879.268,186.58399999999995,933.862,60.0,1120.105,33.86200000000008,1492.59,84.65599999999995,1690.97,60.0,0.2915073835151586,0.4771944073559521,0.4152987327423543,0.7084926164848414,0.5228055926440479,1
Geophysical_model606,/home/lyara/areswave/models/Geophysical_model606.nd,nd,UNK,,,916.576,60.0,877.86,199.25699999999995,916.576,60.0,1115.491,16.576000000000022,1496.743,99.45699999999988,1678.117,60.0,0.18351642864453044,0.5328588331062134,0.4164113649523191,0.8164835713554696,0.46714116689378665,1
Geophysical_model387,/home/lyara/areswave/models/Geophysical_model387.nd,nd,UNK,,,966.673,60.0,900.0,186.43399999999997,966.673,60.0,1116.688,33.33600000000001,1483.391,100.00999999999999,1681.453,60.0,0.29785450689558846,0.47603565749856447,0.4166419406309058,0.7021454931044115,0.5239643425014355,1
Geophysical_model891,/home/lyara/areswave/models/Geophysical_model891.nd,nd,UNK,,,933.072,60.0,900.0,199.226,933.072,60.0,1114.966,16.536000000000058,1495.291,82.67899999999986,1676.656,60.0,0.3545864869452121,0.4479017025861697,0.41679663070585055,0.6454135130547879,0.5520982974138303,1
Geophysical_model948,/home/lyara/areswave/models/Geophysical_model948.nd,nd,UNK,,,933.856,60.0,900.0,185.25800000000004,933.856,60.0,1120.061,33.855999999999995,1475.545,84.6389999999999,1690.849,60.0,0.3075198582262828,0.47200176280485484,0.41717446127866414,0.6924801417737172,0.5279982371951452,1
Geophysical_model233,/home/lyara/areswave/models/Geophysical_model233.nd,nd,UNK,,,1033.403,60.0,900.0,187.83500000000004,1033.403,60.0,1133.456,16.675000000000182,1483.64,66.702,1681.71,60.0,0.1978971245938811,0.5271261986696192,0.4173831739777065,0.8021028754061189,0.47287380133038087,1
Geophysical_model910,/home/lyara/areswave/models/Geophysical_model910.nd,nd,UNK,,,950.007,60.0,900.0,179.014,950.007,60.0,1133.367,33.337999999999965,1483.418,66.67599999999993,1681.481,60.0,0.2637522259128683,0.4945931042663486,0.4176461448151885,0.7362477740871317,0.5054068957336514,1
Geophysical_model589,/home/lyara/areswave/models/Geophysical_model589.nd,nd,UNK,,,1086.489,60.0,900.0,21.26400000000001,1086.489,60.0,1103.443,16.952999999999975,1459.467,118.67499999999995,1691.782,60.0,0.2207463823416046,0.516269437425934,0.41776175239782426,0.7792536176583954,0.48373056257406605,1
Geophysical_model61,/home/lyara/areswave/models/Geophysical_model61.nd,nd,UNK,,,982.649,60.0,900.0,184.15300000000002,982.649,60.0,1114.887,16.529999999999973,1462.012,115.70799999999986,1676.435,60.0,0.33256107338605156,0.46042244447221603,0.41780198744349456,0.6674389266139484,0.539577555527784,1
Geophysical_model893,/home/lyara/areswave/models/Geophysical_model893.nd,nd,UNK,,,950.04,60.0,900.0,197.96500000000003,950.04,60.0,1133.518,33.36000000000013,1483.796,66.72000000000003,1681.871,60.0,0.17647175874509002,0.5393603135960967,0.4183974619790945,0.82352824125491,0.46063968640390324,1
Geophysical_model191,/home/lyara/areswave/models/Geophysical_model191.nd,nd,UNK,,,966.625,60.0,900.0,195.34400000000005,966.625,60.0,1116.53,16.65599999999995,1466.308,99.93599999999992,1681.011,60.0,0.28653680192725683,0.48449486005027165,0.4185088406759334,0.7134631980727432,0.5155051399497284,1
Geophysical_model240,/home/lyara/areswave/models/Geophysical_model240.nd,nd,UNK,,,999.801,60.0,878.469,193.77800000000002,999.801,60.0,1116.236,16.63299999999981,1498.807,99.80099999999993,1680.192,60.0,0.2511503922502134,0.5024800863884237,0.4187035216756869,0.7488496077497866,0.4975199136115763,1
Geophysical_model115,/home/lyara/areswave/models/Geophysical_model115.nd,nd,UNK,,,966.552,60.0,900.0,195.293,966.552,60.0,1116.294,16.63799999999992,1465.692,99.82799999999997,1680.354,60.0,0.2676003783663674,0.4942722822903505,0.4187149809823561,0.7323996216336326,0.5057277177096495,1
Geophysical_model469,/home/lyara/areswave/models/Geophysical_model469.nd,nd,UNK,,,966.552,60.0,900.0,195.293,966.552,60.0,1116.294,16.63799999999992,1465.692,99.82799999999997,1680.354,60.0,0.2676003783663674,0.4942722822903505,0.4187149809823561,0.7323996216336326,0.5057277177096495,1
AK_model_80,/home/lyara/areswave/models/AK_model_80.nd,nd,UNK,,,1048.834,60.0,845.714,25.3900000000001,1048.834,60.0,1277.345,50.77999999999997,1328.125,50.7800000000002,1687.555,60.0,0.16788701507686055,0.5448326946724773,0.41918413480727174,0.8321129849231395,0.4551673053275227,1
Geophysical_model43,/home/lyara/areswave/models/Geophysical_model43.nd,nd,UNK,,,1099.378,60.0,900.0,180.832,1099.378,60.0,1115.993,16.614000000000033,1431.674,99.68900000000008,1679.515,60.0,0.10978957835898961,0.574543405552881,0.41962546315491717,0.8902104216410104,0.42545659444711903,1
Geophysical_model658,/home/lyara/areswave/models/Geophysical_model658.nd,nd,UNK,,,900.0,60.0,900.0,178.04999999999995,900.0,60.0,1118.724,33.65000000000009,1488.873,100.94900000000007,1687.125,60.0,0.3664147140967082,0.4464234493180008,0.41975387091090327,0.6335852859032918,0.5535765506819992,1
Geophysical_model225,/home/lyara/areswave/models/Geophysical_model225.nd,nd,UNK,,,983.376,60.0,900.0,189.029,983.376,60.0,1116.777,33.34999999999991,1483.63,100.05100000000016,1681.7,60.0,0.14375317067117332,0.5578981652397151,0.41984983371686785,0.8562468293288267,0.44210183476028486,1
Geophysical_model342,/home/lyara/areswave/models/Geophysical_model342.nd,nd,UNK,,,1031.762,60.0,900.0,188.29999999999995,1031.762,60.0,1130.583,32.94100000000003,1492.929,82.35100000000011,1674.28,60.0,0.22239099234801452,0.5187949343223317,0.41999362033089266,0.7776090076519855,0.48120506567766824,1
AK_model_10,/home/lyara/areswave/models/AK_model_10.nd,nd,UNK,,,1032.783,60.0,836.001,24.597999999999956,1032.783,60.0,1278.762,73.79399999999987,1303.36,24.597000000000207,1680.778,60.0,0.2669951334107096,0.49651001323916344,0.42000505329634547,0.7330048665892904,0.5034899867608366,1
AK_model_66,/home/lyara/areswave/models/AK_model_66.nd,nd,UNK,,,1018.904,60.0,817.742,25.145999999999958,1018.904,60.0,1169.776,100.5809999999999,1370.939,75.43600000000015,1678.566,60.0,0.19767405338202826,0.5312119331442209,0.42003263989015666,0.8023259466179717,0.4687880668557792,1
Geophysical_model339,/home/lyara/areswave/models/Geophysical_model339.nd,nd,UNK,,,949.973,60.0,900.0,195.96500000000003,949.973,60.0,1116.548,16.656999999999925,1449.698,116.60299999999984,1681.061,60.0,0.39089239906924966,0.4355548150720129,0.4206673430710918,0.6091076009307503,0.5644451849279871,1
Geophysical_model499,/home/lyara/areswave/models/Geophysical_model499.nd,nd,UNK,,,949.973,60.0,900.0,195.96500000000003,949.973,60.0,1116.548,16.656999999999925,1449.698,116.60299999999984,1681.061,60.0,0.39089239906924966,0.4355548150720129,0.4206673430710918,0.6091076009307503,0.5644451849279871,1
Geophysical_model714,/home/lyara/areswave/models/Geophysical_model714.nd,nd,UNK,,,900.0,60.0,900.0,21.451000000000022,900.0,60.0,1116.78,33.350999999999885,1483.638,100.05199999999991,1681.708,60.0,0.26483972683774937,0.49889315495635567,0.4208753455834869,0.7351602731622506,0.5011068450436443,1
Geophysical_model592,/home/lyara/areswave/models/Geophysical_model592.nd,nd,UNK,,,916.736,60.0,875.96,192.31899999999996,916.736,60.0,1117.572,33.47199999999998,1485.77,83.68100000000004,1683.914,60.0,0.1986483901932311,0.5324154277433739,0.42115974855999294,0.8013516098067689,0.46758457225662614,1
Geophysical_model514,/home/lyara/areswave/models/Geophysical_model514.nd,nd,UNK,,,916.991,60.0,878.264,195.62300000000005,916.991,60.0,1120.887,33.98299999999995,1494.697,84.95699999999988,1693.151,60.0,0.3632436207224128,0.4508683268626359,0.4216600914825615,0.6367563792775872,0.5491316731373641,1
MD_model87,/home/lyara/areswave/models/MD_model87.nd,nd,UNK,,,1045.49,60.0,805.604,185.36700000000008,1045.49,60.0,1296.28,185.36699999999996,1361.703,87.231,1638.16,60.0,0.4481325787725524,0.4085481512453386,0.4217429604210765,0.5518674212274476,0.5914518487546614,1
Geophysical_model373,/home/lyara/areswave/models/Geophysical_model373.nd,nd,UNK,,,1031.784,60.0,900.0,188.35000000000002,1031.784,60.0,1130.622,32.94600000000014,1493.027,82.36500000000001,1674.378,60.0,0.17209100442150593,0.5469411303110336,0.4219910883478577,0.8279089955784941,0.4530588696889664,1
Geophysical_model748,/home/lyara/areswave/models/Geophysical_model748.nd,nd,UNK,,,1099.489,60.0,900.0,21.061000000000035,1099.489,60.0,1116.113,16.624000000000024,1465.218,99.74500000000012,1679.849,60.0,0.1615742950889002,0.5522456432752583,0.4220218605464723,0.8384257049110998,0.4477543567247417,1
CD_model91,/home/lyara/areswave/models/CD_model91.nd,nd,UNK,,,,60.0,,60.0,,60.0,,60.0,,60.0,,60.0,0.2838629227731192,0.49130027364700135,0.422154490022374,0.7161370772268808,0.5086997263529986,1
CD_model30,/home/lyara/areswave/models/CD_model30.nd,nd,UNK,,,,60.0,,60.0,,60.0,,60.0,,60.0,,60.0,0.20836538269941296,0.5291177102788698,0.4222002677523842,0.791634617300587,0.4708822897211303,1
CD_model43,/home/lyara/areswave/models/CD_model43.nd,nd,UNK,,,,60.0,,60.0,,60.0,,60.0,,60.0,,60.0,0.20836538269941296,0.5291177102788698,0.4222002677523842,0.791634617300587,0.4708822897211303,1
Geophysical_model664,/home/lyara/areswave/models/Geophysical_model664.nd,nd,UNK,,,1099.489,60.0,900.0,21.426000000000045,1099.489,60.0,1116.113,16.624000000000024,1465.218,99.74500000000012,1679.849,60.0,0.3028017068753005,0.48211503575858816,0.42234392613082566,0.6971982931246995,0.5178849642414118,1
Geophysical_model753,/home/lyara/areswave/models/Geophysical_model753.nd,nd,UNK,,,1099.489,60.0,900.0,21.426000000000045,1099.489,60.0,1116.113,16.624000000000024,1465.218,99.74500000000012,1679.849,60.0,0.3028017068753005,0.48211503575858816,0.42234392613082566,0.6971982931246995,0.5178849642414118,1
Geophysical_model739,/home/lyara/areswave/models/Geophysical_model739.nd,nd,UNK,,,1099.489,60.0,900.0,21.426000000000045,1099.489,60.0,1116.113,16.624000000000024,1465.218,99.74500000000012,1679.849,60.0,0.3028017068753005,0.48211503575858816,0.42234392613082566,0.6971982931246995,0.5178849642414118,1
Geophysical_model143,/home/lyara/areswave/models/Geophysical_model143.nd,nd,UNK,,,984.095,60.0,900.0,186.25400000000002,984.095,60.0,1118.647,33.63799999999992,1488.665,100.91399999999999,1686.91,60.0,0.45894021841478705,0.4042864867488736,0.42250439730417805,0.541059781585213,0.5957135132511264,1
Geophysical_model973,/home/lyara/areswave/models/Geophysical_model973.nd,nd,UNK,,,916.719,60.0,876.023,191.813,916.719,60.0,1117.351,33.43899999999985,1485.177,83.59699999999998,1683.3,60.0,0.2700413155066106,0.4987987243153237,0.4225462547124193,0.7299586844933894,0.5012012756846763,1
Geophysical_model963,/home/lyara/areswave/models/Geophysical_model963.nd,nd,UNK,,,916.719,60.0,876.023,191.813,916.719,60.0,1117.351,33.43899999999985,1485.177,83.59699999999998,1683.3,60.0,0.2700413155066106,0.4987987243153237,0.4225462547124193,0.7299586844933894,0.5012012756846763,1
MD_model69,/home/lyara/areswave/models/MD_model69.nd,nd,UNK,,,1009.071,60.0,829.529,10.561000000000035,1009.071,60.0,1135.807,137.29599999999982,1347.033,190.10400000000004,1617.331,60.0,0.19022261579317779,0.5391319040461771,0.4228288079618439,0.8097773842068222,0.46086809595382294,1
MD_model43,/home/lyara/areswave/models/MD_model43.nd,nd,UNK,,,928.392,60.0,875.123,191.76799999999992,928.392,60.0,1269.313,63.923,1301.275,53.269000000000005,1616.08,60.0,0.5601557716876306,0.3542543718003274,0.4228881717627618,0.4398442283123694,0.6457456281996726,1
AK_model_40,/home/lyara/areswave/models/AK_model_40.nd,nd,UNK,,,1044.143,60.0,837.506,25.829999999999927,1044.143,60.0,1276.61,77.4889999999998,1302.439,25.829999999999927,1667.377,60.0,0.26904674507410786,0.499865809497517,0.42292612135638064,0.7309532549258921,0.500134190502483,1
Geophysical_model934,/home/lyara/areswave/models/Geophysical_model934.nd,nd,UNK,,,950.013,60.0,900.0,182.27999999999997,950.013,60.0,1133.396,33.3420000000001,1483.489,66.68399999999997,1681.554,60.0,0.17670778172026658,0.5471552643193949,0.42367277011968546,0.8232922182797334,0.4528447356806052,1
Geophysical_model299,/home/lyara/areswave/models/Geophysical_model299.nd,nd,UNK,,,1098.572,60.0,900.0,179.41700000000003,1098.572,60.0,1115.12,16.548000000000002,1446.074,99.28600000000006,1677.084,60.0,0.17258759053341888,0.5493810084638996,0.4237832024870727,0.8274124094665811,0.4506189915361004,1
CD_model16,/home/lyara/areswave/models/CD_model16.nd,nd,UNK,,,,60.0,,60.0,,60.0,,60.0,,60.0,,60.0,0.2816953866996387,0.4949586517008959,0.4238708967004768,0.7183046133003613,0.5050413482991041,1
Geophysical_model548,/home/lyara/areswave/models/Geophysical_model548.nd,nd,UNK,,,916.902,60.0,879.896,180.93899999999996,916.902,60.0,1119.729,33.80400000000009,1474.676,84.51099999999997,1689.924,60.0,0.24163791775670806,0.5151166717952602,0.4239570871157428,0.7583620822432919,0.4848833282047397,1
Geophysical_model338,/home/lyara/areswave/models/Geophysical_model338.nd,nd,UNK,,,983.209,60.0,878.088,197.21000000000004,983.209,60.0,1116.344,16.642000000000053,1465.824,116.49299999999994,1680.495,60.0,0.3549297438043084,0.45869162795096163,0.4241043332354106,0.6450702561956916,0.5413083720490384,1
Geophysical_model956,/home/lyara/areswave/models/Geophysical_model956.nd,nd,UNK,,,966.616,60.0,900.0,179.216,966.616,60.0,1133.157,33.30799999999999,1499.547,83.26999999999998,1680.937,60.0,0.3883843598800407,0.4421776651267585,0.42424656337785255,0.6116156401199593,0.5578223348732415,1
CD_model47,/home/lyara/areswave/models/CD_model47.nd,nd,UNK,,,,60.0,,60.0,,60.0,,60.0,,60.0,,60.0,0.4484311720254336,0.4121637469807452,0.424252888662308,0.5515688279745664,0.5878362530192548,1
Geophysical_model78,/home/lyara/areswave/models/Geophysical_model78.nd,nd,UNK,,,916.795,60.0,900.0,184.466,916.795,60.0,1101.543,16.795000000000073,1437.448,100.77099999999996,1686.049,60.0,0.12249998464552991,0.5756127560631286,0.42457516559059566,0.8775000153544701,0.42438724393687144,1
Geophysical_model462,/home/lyara/areswave/models/Geophysical_model462.nd,nd,UNK,,,1030.985,60.0,900.0,189.88199999999995,1030.985,60.0,1129.223,32.746000000000095,1489.43,81.86500000000001,1670.76,60.0,0.44066449274698993,0.4170899377399879,0.4249481227423219,0.5593355072530101,0.5829100622600121,1
Geophysical_model712,/home/lyara/areswave/models/Geophysical_model712.nd,nd,UNK,,,916.714,60.0,900.0,193.20000000000005,916.714,60.0,1117.28,33.42699999999991,1484.983,83.56899999999996,1683.1,60.0,0.3462977572116531,0.4642923109395444,0.42496079303024725,0.6537022427883469,0.5357076890604556,1
Geophysical_model654,/home/lyara/areswave/models/Geophysical_model654.nd,nd,UNK,,,916.721,60.0,875.945,192.43899999999996,916.721,60.0,1117.378,33.442999999999984,1485.25,83.60799999999995,1683.376,60.0,0.43108359335042734,0.4222122280620184,0.4251693498248214,0.5689164066495727,0.5777877719379816,1
Geophysical_model20,/home/lyara/areswave/models/Geophysical_model20.nd,nd,UNK,,,966.664,60.0,900.0,186.70399999999995,966.664,60.0,1116.657,16.666000000000167,1466.64,99.99500000000012,1681.365,60.0,0.2349295915158095,0.5211054328999776,0.42571348577192153,0.7650704084841905,0.47889456710002243,1
Geophysical_model483,/home/lyara/areswave/models/Geophysical_model483.nd,nd,UNK,,,966.664,60.0,900.0,186.70399999999995,966.664,60.0,1116.657,16.666000000000167,1466.64,99.99500000000012,1681.365,60.0,0.2349295915158095,0.5211054328999776,0.42571348577192153,0.7650704084841905,0.47889456710002243,1
Geophysical_model452,/home/lyara/areswave/models/Geophysical_model452.nd,nd,UNK,,,1031.687,60.0,900.0,185.72000000000003,1031.687,60.0,1130.452,32.922000000000025,1492.591,82.30399999999986,1673.94,60.0,0.2547772129026604,0.5113219525887165,0.4258070393600311,0.7452227870973396,0.48867804741128346,1
MD_model91,/home/lyara/areswave/models/MD_model91.nd,nd,UNK,,,1010.241,60.0,823.126,10.394999999999982,1010.241,60.0,1155.775,155.93000000000006,1301.31,166.32400000000007,1600.05,60.0,0.1824351063724785,0.5475506062189434,0.42584543960345506,0.8175648936275215,0.45244939378105664,1
Geophysical_model569,/home/lyara/areswave/models/Geophysical_model569.nd,nd,UNK,,,916.707,60.0,875.814,193.485,916.707,60.0,1117.197,33.414999999999964,1484.761,83.53800000000001,1682.87,60.0,0.18310879351495735,0.5472440743542792,0.4258656474078386,0.8168912064850427,0.45275592564572076,1
Geophysical_model780,/home/lyara/areswave/models/Geophysical_model780.nd,nd,UNK,,,916.707,60.0,875.814,193.485,916.707,60.0,1117.197,33.414999999999964,1484.761,83.53800000000001,1682.87,60.0,0.18310879351495735,0.5472440743542792,0.4258656474078386,0.8168912064850427,0.45275592564572076,1
Geophysical_model505,/home/lyara/areswave/models/Geophysical_model505.nd,nd,UNK,,,949.989,60.0,900.0,178.015,949.989,60.0,1116.619,16.66300000000001,1499.867,83.31500000000005,1681.259,60.0,0.21746467061747554,0.5313284178906877,0.42670716879961706,0.7825353293825245,0.46867158210931226,1
AK_model_97,/home/lyara/areswave/models/AK_model_97.nd,nd,UNK,,,1076.276,60.0,775.803,27.315000000000055,1076.276,60.0,1294.802,54.631999999999834,1322.117,27.31600000000003,1723.434,60.0,0.19387777725081046,0.5433042821913985,0.4268287805445358,0.8061222227491895,0.4566957178086015,1
Geophysical_model399,/home/lyara/areswave/models/Geophysical_model399.nd,nd,UNK,,,1098.226,60.0,900.0,179.57600000000002,1098.226,60.0,1114.745,16.519000000000005,1445.122,99.11300000000006,1676.04,60.0,0.35906357994671523,0.4610957382976748,0.42708501884735495,0.6409364200532848,0.5389042617023252,1
Geophysical_model920,/home/lyara/areswave/models/Geophysical_model920.nd,nd,UNK,,,949.962,60.0,900.0,178.86800000000005,949.962,60.0,1133.157,33.30799999999999,1499.547,83.26999999999998,1680.937,60.0,0.13264456272214586,0.5745331457234936,0.427236951389711,0.8673554372778541,0.42546685427650643,1
Geophysical_model447,/home/lyara/areswave/models/Geophysical_model447.nd,nd,UNK,,,1099.994,60.0,900.0,180.50199999999995,1099.994,60.0,1116.66,16.66599999999994,1449.983,99.99699999999984,1681.374,60.0,0.2853129122107818,0.49855808311326133,0.4274763594791015,0.7146870877892182,0.5014419168867387,1
Geophysical_model449,/home/lyara/areswave/models/Geophysical_model449.nd,nd,UNK,,,1031.442,60.0,900.0,189.75400000000002,1031.442,60.0,1130.023,32.8599999999999,1491.488,82.15100000000007,1672.831,60.0,0.15281258243505413,0.5648257579340829,0.42748803276773994,0.8471874175649459,0.43517424206591715,1
Geophysical_model835,/home/lyara/areswave/models/Geophysical_model835.nd,nd,UNK,,,949.989,60.0,900.0,178.12400000000002,949.989,60.0,1116.619,16.66300000000001,1483.204,83.31500000000005,1681.259,60.0,0.23512558514371518,0.5238129105736131,0.4275838020969805,0.7648744148562848,0.4761870894263868,1
AK_model_91,/home/lyara/areswave/models/AK_model_91.nd,nd,UNK,,,1074.988,60.0,775.432,27.232999999999947,1074.988,60.0,1292.847,54.46399999999994,1320.08,54.46400000000017,1720.767,60.0,0.31250694427386094,0.4864145017279492,0.4284453159099198,0.6874930557261391,0.5135854982720508,1
Geophysical_model231,/home/lyara/areswave/models/Geophysical_model231.nd,nd,UNK,,,1098.133,60.0,900.0,196.25699999999995,1098.133,60.0,1147.666,33.02300000000014,1494.399,66.04399999999987,1675.759,60.0,0.22452657323935954,0.5305254822610561,0.4285258459204906,0.7754734267606405,0.4694745177389439,1
Geophysical_model774,/home/lyara/areswave/models/Geophysical_model774.nd,nd,UNK,,,1099.57,60.0,900.0,21.534999999999968,1099.57,60.0,1116.201,16.631000000000085,1465.45,99.78499999999985,1680.096,60.0,0.217945555024313,0.5338506623201875,0.42854895988822933,0.782054444975687,0.46614933767981254,1
Geophysical_model92,/home/lyara/areswave/models/Geophysical_model92.nd,nd,UNK,,,983.004,60.0,878.65,192.14800000000002,983.004,60.0,1115.809,16.601000000000113,1497.625,99.60400000000004,1679.004,60.0,0.2798061039526496,0.5045686911244908,0.429647828733877,0.7201938960473504,0.49543130887550924,1
Geophysical_model247,/home/lyara/areswave/models/Geophysical_model247.nd,nd,UNK,,,966.552,60.0,900.0,193.11,966.552,60.0,1116.294,16.63799999999992,1465.692,99.82799999999997,1680.354,60.0,0.2384781862040093,0.5252926250160095,0.42968781207867607,0.7615218137959907,0.47470737498399046,1
Geophysical_model992,/home/lyara/areswave/models/Geophysical_model992.nd,nd,UNK,,,950.127,60.0,900.0,199.96900000000005,950.127,60.0,1133.926,50.12699999999995,1484.815,66.83600000000001,1682.926,60.0,0.2998080400793196,0.49525671579581565,0.4301071572236503,0.7001919599206804,0.5047432842041844,1
Geophysical_model250,/home/lyara/areswave/models/Geophysical_model250.nd,nd,UNK,,,1033.261,60.0,900.0,182.41499999999996,1033.261,60.0,1133.207,33.315000000000055,1499.676,83.28800000000001,1681.067,60.0,0.2790436340723712,0.5063261626681934,0.43056531980291934,0.7209563659276288,0.49367383733180653,1
Geophysical_model391,/home/lyara/areswave/models/Geophysical_model391.nd,nd,UNK,,,1030.76,60.0,900.0,187.67899999999997,1030.76,60.0,1128.83,32.690000000000055,1488.42,81.72500000000014,1669.744,60.0,0.11912834441861242,0.5867607964186967,0.4308833124186686,0.8808716555813876,0.4132392035813032,1
AK_model_42,/home/lyara/areswave/models/AK_model_42.nd,nd,UNK,,,1023.627,60.0,814.993,26.08000000000004,1023.627,60.0,1284.42,104.31700000000001,1310.5,182.55500000000006,1676.948,60.0,0.2478923269993626,0.523027713420992,0.4313159179471155,0.7521076730006374,0.476972286579008,1
Geophysical_model558,/home/lyara/areswave/models/Geophysical_model558.nd,nd,UNK,,,1097.761,60.0,900.0,24.104000000000042,1097.761,60.0,1114.242,16.480000000000018,1460.324,98.88100000000009,1674.637,60.0,0.4490559240909151,0.4225115318063881,0.4313596625678971,0.5509440759090849,0.5774884681936119,1
Geophysical_model622,/home/lyara/areswave/models/Geophysical_model622.nd,nd,UNK,,,933.416,60.0,900.0,184.26800000000003,933.416,60.0,1117.203,33.41600000000017,1484.777,83.53999999999996,1682.887,60.0,0.2605536959059467,0.5178546932664511,0.43208769414628295,0.7394463040940533,0.48214530673354894,1
CD_model83,/home/lyara/areswave/models/CD_model83.nd,nd,UNK,,,,60.0,,60.0,,60.0,,60.0,,60.0,,60.0,0.273377857444267,0.5117388359593348,0.43228517645431214,0.726622142555733,0.4882611640406652,1
Geophysical_model163,/home/lyara/areswave/models/Geophysical_model163.nd,nd,UNK,,,967.551,60.0,900.0,181.75800000000004,967.551,60.0,1119.539,33.774999999999864,1457.292,118.21299999999997,1689.395,60.0,0.407858722987377,0.44471930282742855,0.4324324428807447,0.592141277012623,0.5552806971725714,1
Geophysical_model949,/home/lyara/areswave/models/Geophysical_model949.nd,nd,UNK,,,916.648,60.0,877.517,179.86599999999999,916.648,60.0,1116.419,16.64799999999991,1499.315,99.88499999999999,1680.704,60.0,0.3463619656268725,0.4760474163953132,0.432818932805833,0.6536380343731275,0.5239525836046868,1
Geophysical_model810,/home/lyara/areswave/models/Geophysical_model810.nd,nd,UNK,,,966.616,60.0,900.0,178.75699999999995,966.616,60.0,1133.157,33.30799999999999,1499.547,83.26999999999998,1680.937,60.0,0.41515548448677186,0.44170068653808503,0.432852285854314,0.5848445155132281,0.558299313461915,1
AK_model_29,/home/lyara/areswave/models/AK_model_29.nd,nd,UNK,,,1044.427,60.0,827.691,27.091999999999985,1044.427,60.0,1288.254,54.18399999999997,1315.346,54.18399999999997,1715.068,60.0,0.294490365235482,0.5023408251976811,0.4330573385436147,0.705509634764518,0.49765917480231897,1
MD_model8,/home/lyara/areswave/models/MD_model8.nd,nd,UNK,,,1001.915,60.0,793.775,10.407000000000039,1001.915,60.0,1241.276,145.6980000000001,1449.416,187.32600000000002,1592.569,60.0,0.1497023455293397,0.5756452181952509,0.43366426063994723,0.8502976544706603,0.4243547818047491,1
Geophysical_model109,/home/lyara/areswave/models/Geophysical_model109.nd,nd,UNK,,,983.19,60.0,900.0,192.45299999999997,983.19,60.0,1116.294,16.63799999999992,1465.692,116.46600000000012,1680.354,60.0,0.33055738951590263,0.4862497350128111,0.4343522865138416,0.6694426104840974,0.5137502649871889,1
Geophysical_model170,/home/lyara/areswave/models/Geophysical_model170.nd,nd,UNK,,,1096.935,60.0,900.0,199.07799999999997,1096.935,60.0,1146.169,32.822999999999865,1490.805,65.64499999999998,1672.143,60.0,0.3053551327927123,0.4989154877339347,0.43439536942019386,0.6946448672072877,0.5010845122660653,1
Geophysical_model155,/home/lyara/areswave/models/Geophysical_model155.nd,nd,UNK,,,1096.935,60.0,900.0,199.07799999999997,1096.935,60.0,1146.169,32.822999999999865,1490.805,65.64499999999998,1672.143,60.0,0.3053551327927123,0.4989154877339347,0.43439536942019386,0.6946448672072877,0.5010845122660653,1
AK_model_61,/home/lyara/areswave/models/AK_model_61.nd,nd,UNK,,,1018.991,60.0,817.395,25.198999999999955,1018.991,60.0,1119.789,100.798,1371.784,75.59799999999996,1679.704,60.0,0.3392032576750674,0.4820006177259295,0.43440149770897546,0.6607967423249326,0.5179993822740705,1
Geophysical_model287,/home/lyara/areswave/models/Geophysical_model287.nd,nd,UNK,,,1001.133,60.0,861.705,191.47500000000002,1001.133,60.0,1119.121,33.71100000000001,1489.942,101.13300000000004,1688.231,60.0,0.2817809078348046,0.5107449443675951,0.4344235988566649,0.7182190921651954,0.48925505563240496,1
Geophysical_model817,/home/lyara/areswave/models/Geophysical_model817.nd,nd,UNK,,,950.91,60.0,900.0,185.16499999999996,950.91,60.0,1120.608,33.940000000000055,1476.975,84.84899999999993,1692.373,60.0,0.3011131826208411,0.5011026562138311,0.4344394983495011,0.6988868173791589,0.4988973437861689,1
AK_model_72,/home/lyara/areswave/models/AK_model_72.nd,nd,UNK,,,1026.606,60.0,795.967,25.627000000000066,1026.606,60.0,1282.873,76.88000000000011,1308.499,25.626999999999953,1695.104,60.0,0.37375126345569976,0.46505613755712494,0.4346211795233166,0.6262487365443002,0.5349438624428751,1
Geophysical_model150,/home/lyara/areswave/models/Geophysical_model150.nd,nd,UNK,,,1099.378,60.0,900.0,179.668,1099.378,60.0,1115.993,16.614000000000033,1431.674,99.68900000000008,1679.515,60.0,0.2782926956759201,0.5130788518712577,0.4348167998061451,0.7217073043240799,0.4869211481287424,1
Geophysical_model122,/home/lyara/areswave/models/Geophysical_model122.nd,nd,UNK,,,967.437,60.0,900.0,186.66099999999994,967.437,60.0,1119.169,33.718000000000075,1456.352,101.15499999999997,1688.364,60.0,0.2007017067527065,0.5518774643138404,0.4348188784601292,0.7992982932472935,0.44812253568615956,1
Geophysical_model101,/home/lyara/areswave/models/Geophysical_model101.nd,nd,UNK,,,967.437,60.0,900.0,186.66099999999994,967.437,60.0,1119.169,33.718000000000075,1456.352,101.15499999999997,1688.364,60.0,0.2007017067527065,0.5518774643138404,0.4348188784601292,0.7992982932472935,0.44812253568615956,1
Geophysical_model131,/home/lyara/areswave/models/Geophysical_model131.nd,nd,UNK,,,966.637,60.0,900.0,189.17499999999995,966.637,60.0,1116.57,16.660000000000082,1466.415,99.95600000000013,1681.124,60.0,0.23187493655469593,0.5364918924475544,0.4349529071499349,0.7681250634453041,0.46350810755244565,1
MD_model99,/home/lyara/areswave/models/MD_model99.nd,nd,UNK,,,994.256,60.0,719.122,190.4770000000001,994.256,60.0,1290.553,31.746000000000095,1332.882,84.65699999999993,1604.038,60.0,0.21514934126755048,0.5454745794925379,0.4353661667508754,0.7848506587324495,0.45452542050746214,1
MD_model61,/home/lyara/areswave/models/MD_model61.nd,nd,UNK,,,1068.978,60.0,864.088,193.50699999999995,1068.978,60.0,1194.188,193.50700000000006,1399.077,102.44500000000016,1694.611,60.0,0.1526370364849986,0.5777599560195088,0.43605231617467205,0.8473629635150014,0.4222400439804912,1
Geophysical_model572,/home/lyara/areswave/models/Geophysical_model572.nd,nd,UNK,,,1099.901,60.0,900.0,21.404999999999973,1099.901,60.0,1116.56,16.65800000000013,1466.387,116.60899999999992,1681.095,60.0,0.3100268903584218,0.499223370593318,0.4361578771816859,0.6899731096415782,0.500776629406682,1
MD_model46,/home/lyara/areswave/models/MD_model46.nd,nd,UNK,,,1043.145,60.0,863.077,90.03399999999999,1043.145,60.0,1283.235,60.02300000000014,1333.254,10.004000000000133,1483.311,61.49000000000001,0.2079483502202497,0.5503566991219571,0.4362205828213879,0.7920516497797503,0.4496433008780429,1
Geophysical_model239,/home/lyara/areswave/models/Geophysical_model239.nd,nd,UNK,,,1048.843,60.0,900.0,194.70399999999995,1048.843,60.0,1148.071,33.07600000000002,1495.37,66.15199999999982,1676.736,60.0,0.3700508676952565,0.46931123448941847,0.43622444555803114,0.6299491323047435,0.5306887655105815,1
Geophysical_model159,/home/lyara/areswave/models/Geophysical_model159.nd,nd,UNK,,,1048.843,60.0,900.0,194.70399999999995,1048.843,60.0,1148.071,33.07600000000002,1495.37,66.15199999999982,1676.736,60.0,0.3700508676952565,0.46931123448941847,0.43622444555803114,0.6299491323047435,0.5306887655105815,1
Geophysical_model50,/home/lyara/areswave/models/Geophysical_model50.nd,nd,UNK,,,982.805,60.0,860.982,195.08799999999997,982.805,60.0,1115.292,16.56100000000015,1463.072,99.36500000000001,1677.564,60.0,0.4315342479697363,0.43869986426096863,0.43631132549722446,0.5684657520302637,0.5613001357390314,1
Geophysical_model904,/home/lyara/areswave/models/Geophysical_model904.nd,nd,UNK,,,950.128,60.0,900.0,199.44500000000005,950.128,60.0,1133.929,50.12799999999993,1484.824,66.83699999999999,1682.935,60.0,0.24438557903731906,0.5324785427900225,0.4364475548724547,0.7556144209626809,0.4675214572099775,1
Geophysical_model41,/home/lyara/areswave/models/Geophysical_model41.nd,nd,UNK,,,949.973,60.0,900.0,192.69399999999996,949.973,60.0,1116.548,16.656999999999925,1449.698,116.60299999999984,1681.061,60.0,0.08740099538386992,0.6115692575001286,0.4368465034613757,0.9125990046161301,0.3884307424998715,1
Geophysical_model785,/home/lyara/areswave/models/Geophysical_model785.nd,nd,UNK,,,900.0,60.0,900.0,29.769000000000005,900.0,60.0,1101.736,16.810999999999922,1471.585,100.86799999999994,1686.632,60.0,0.38794556803358005,0.46151415500482706,0.4369912926810781,0.61205443196642,0.5384858449951729,1
Geophysical_model661,/home/lyara/areswave/models/Geophysical_model661.nd,nd,UNK,,,933.422,60.0,900.0,184.00400000000002,933.422,60.0,1117.244,33.423,1484.889,83.55599999999981,1683.002,60.0,0.1326285194570972,0.5897812857840234,0.43739703034171473,0.8673714805429028,0.41021871421597655,1
Geophysical_model422,/home/lyara/areswave/models/Geophysical_model422.nd,nd,UNK,,,1031.655,60.0,900.0,189.51199999999994,1031.655,60.0,1130.397,32.91399999999999,1492.449,82.28500000000008,1673.797,60.0,0.2611116812737835,0.5257246617768149,0.43752033494247106,0.7388883187262165,0.47427533822318513,1
Geophysical_model402,/home/lyara/areswave/models/Geophysical_model402.nd,nd,UNK,,,1031.655,60.0,900.0,189.51199999999994,1031.655,60.0,1130.397,32.91399999999999,1492.449,82.28500000000008,1673.797,60.0,0.2611116812737835,0.5257246617768149,0.43752033494247106,0.7388883187262165,0.47427533822318513,1
Geophysical_model643,/home/lyara/areswave/models/Geophysical_model643.nd,nd,UNK,,,1099.903,60.0,900.0,21.504999999999995,1099.903,60.0,1116.562,16.65800000000013,1466.392,116.61000000000013,1681.1,60.0,0.2533997241265086,0.5300174300029659,0.43781152804414675,0.7466002758734914,0.46998256999703414,1
Geophysical_model644,/home/lyara/areswave/models/Geophysical_model644.nd,nd,UNK,,,1099.903,60.0,900.0,21.504999999999995,1099.903,60.0,1116.562,16.65800000000013,1466.392,116.61000000000013,1681.1,60.0,0.2533997241265086,0.5300174300029659,0.43781152804414675,0.7466002758734914,0.46998256999703414,1
Geophysical_model840,/home/lyara/areswave/models/Geophysical_model840.nd,nd,UNK,,,950.057,60.0,900.0,178.01199999999994,950.057,60.0,1133.601,33.371000000000095,1484.001,66.74299999999994,1682.084,60.0,0.4182195187400901,0.44798478465929004,0.43806302935289004,0.5817804812599099,0.55201521534071,1
Geophysical_model535,/home/lyara/areswave/models/Geophysical_model535.nd,nd,UNK,,,950.109,60.0,900.0,178.34699999999998,950.109,60.0,1133.844,33.40599999999995,1484.609,66.8119999999999,1682.713,60.0,0.2728773078461951,0.5210489787472483,0.4383250884468972,0.7271226921538049,0.47895102125275174,1
Geophysical_model258,/home/lyara/areswave/models/Geophysical_model258.nd,nd,UNK,,,999.884,60.0,900.0,194.94500000000005,999.884,60.0,1116.415,16.646999999999935,1499.302,99.88400000000001,1680.691,60.0,0.11684901450236518,0.5992024599030634,0.43841797810283073,0.8831509854976348,0.4007975400969365,1
Geophysical_model116,/home/lyara/areswave/models/Geophysical_model116.nd,nd,UNK,,,933.558,60.0,900.0,194.47400000000005,933.558,60.0,1101.346,16.778999999999996,1436.922,100.673,1685.455,60.0,0.47313145417113733,0.42106530027942024,0.4384206849099926,0.5268685458288627,0.5789346997205798,1
Geophysical_model510,/home/lyara/areswave/models/Geophysical_model510.nd,nd,UNK,,,1083.742,60.0,900.0,21.40300000000002,1083.742,60.0,1100.446,16.70400000000018,1484.635,100.22299999999996,1682.74,60.0,0.3833655865809613,0.466445968223836,0.4387525076762111,0.6166344134190387,0.533554031776164,1
Geophysical_model74,/home/lyara/areswave/models/Geophysical_model74.nd,nd,UNK,,,950.042,60.0,900.0,197.93200000000002,950.042,60.0,1116.847,33.361000000000104,1450.457,116.7639999999999,1681.894,60.0,0.2356547849389914,0.5405767426591519,0.43893609008576506,0.7643452150610086,0.45942325734084816,1
Geophysical_model441,/home/lyara/areswave/models/Geophysical_model441.nd,nd,UNK,,,1047.083,60.0,900.0,187.13800000000003,1047.083,60.0,1145.138,32.684999999999945,1488.33,65.36999999999989,1669.654,60.0,0.27637380219775953,0.5203664865054072,0.4390355917361913,0.7236261978022405,0.47963351349459277,1
Geophysical_model411,/home/lyara/areswave/models/Geophysical_model411.nd,nd,UNK,,,1047.083,60.0,900.0,187.13800000000003,1047.083,60.0,1145.138,32.684999999999945,1488.33,65.36999999999989,1669.654,60.0,0.27637380219775953,0.5203664865054072,0.4390355917361913,0.7236261978022405,0.47963351349459277,1
Geophysical_model420,/home/lyara/areswave/models/Geophysical_model420.nd,nd,UNK,,,1047.083,60.0,900.0,187.13800000000003,1047.083,60.0,1145.138,32.684999999999945,1488.33,65.36999999999989,1669.654,60.0,0.27637380219775953,0.5203664865054072,0.4390355917361913,0.7236261978022405,0.47963351349459277,1
Geophysical_model147,/home/lyara/areswave/models/Geophysical_model147.nd,nd,UNK,,,1064.034,60.0,900.0,190.61,1064.034,60.0,1146.052,32.807000000000016,1490.524,65.6139999999998,1671.86,60.0,0.34851979912787334,0.4845115050477182,0.4391809364077699,0.6514802008721267,0.5154884949522818,1
Geophysical_model465,/home/lyara/areswave/models/Geophysical_model465.nd,nd,UNK,,,982.905,60.0,859.324,183.043,982.905,60.0,1115.552,16.58100000000013,1463.752,116.06700000000001,1678.288,60.0,0.18711738273548006,0.565436965598275,0.43933043797734345,0.8128826172645199,0.43456303440172495,1
Geophysical_model322,/home/lyara/areswave/models/Geophysical_model322.nd,nd,UNK,,,983.19,60.0,900.0,194.81899999999996,983.19,60.0,1116.294,16.63799999999992,1465.692,116.46600000000012,1680.354,60.0,0.33948710375598234,0.4898070697149691,0.4397004143953069,0.6605128962440177,0.5101929302850309,1
Geophysical_model488,/home/lyara/areswave/models/Geophysical_model488.nd,nd,UNK,,,1031.555,60.0,900.0,185.92700000000002,1031.555,60.0,1130.221,32.888999999999896,1491.996,82.221,1673.341,60.0,0.2303610071809552,0.5447166430978293,0.43993143112553795,0.7696389928190448,0.4552833569021707,1
Geophysical_model670,/home/lyara/areswave/models/Geophysical_model670.nd,nd,UNK,,,933.507,60.0,900.0,193.37099999999998,933.507,60.0,1117.798,33.506999999999834,1486.378,83.76800000000003,1684.543,60.0,0.34309072806874286,0.4883837704800419,0.43995275634294223,0.6569092719312571,0.5116162295199581,1
Geophysical_model889,/home/lyara/areswave/models/Geophysical_model889.nd,nd,UNK,,,933.507,60.0,900.0,193.37099999999998,933.507,60.0,1117.798,33.506999999999834,1486.378,83.76800000000003,1684.543,60.0,0.34309072806874286,0.4883837704800419,0.43995275634294223,0.6569092719312571,0.5116162295199581,1
Geophysical_model520,/home/lyara/areswave/models/Geophysical_model520.nd,nd,UNK,,,933.507,60.0,900.0,193.37099999999998,933.507,60.0,1117.798,33.506999999999834,1486.378,83.76800000000003,1684.543,60.0,0.34309072806874286,0.4883837704800419,0.43995275634294223,0.6569092719312571,0.5116162295199581,1
Geophysical_model64,/home/lyara/areswave/models/Geophysical_model64.nd,nd,UNK,,,967.437,60.0,900.0,186.20899999999995,967.437,60.0,1119.169,33.718000000000075,1456.352,101.15499999999997,1688.364,60.0,0.37028314251271677,0.4750785094588559,0.4401467204768095,0.6297168574872832,0.5249214905411441,1
Geophysical_model38,/home/lyara/areswave/models/Geophysical_model38.nd,nd,UNK,,,1033.254,60.0,900.0,187.68200000000002,1033.254,60.0,1133.195,33.3130000000001,1482.987,83.28300000000013,1681.034,60.0,0.18438637064014884,0.5680845039638736,0.4401851261892986,0.8156136293598512,0.4319154960361264,1
Geophysical_model771,/home/lyara/areswave/models/Geophysical_model771.nd,nd,UNK,,,933.784,60.0,900.0,183.01300000000003,933.784,60.0,1119.594,33.784000000000106,1491.215,84.45899999999983,1689.548,60.0,0.2536665764265216,0.5340218670963327,0.440570103539729,0.7463334235734784,0.4659781329036673,1
Geophysical_model772,/home/lyara/areswave/models/Geophysical_model772.nd,nd,UNK,,,933.784,60.0,900.0,183.01300000000003,933.784,60.0,1119.594,33.784000000000106,1491.215,84.45899999999983,1689.548,60.0,0.2536665764265216,0.5340218670963327,0.440570103539729,0.7463334235734784,0.4659781329036673,1
Geophysical_model913,/home/lyara/areswave/models/Geophysical_model913.nd,nd,UNK,,,916.847,60.0,879.78,181.97699999999998,916.847,60.0,1119.005,33.69300000000021,1489.628,84.23299999999995,1687.906,60.0,0.3958245572564272,0.4632343458092204,0.44076441629162266,0.6041754427435728,0.5367656541907796,1
Geophysical_model513,/home/lyara/areswave/models/Geophysical_model513.nd,nd,UNK,,,916.847,60.0,879.78,181.97699999999998,916.847,60.0,1119.005,33.69300000000021,1489.628,84.23299999999995,1687.906,60.0,0.3958245572564272,0.4632343458092204,0.44076441629162266,0.6041754427435728,0.5367656541907796,1
Geophysical_model377,/home/lyara/areswave/models/Geophysical_model377.nd,nd,UNK,,,1031.555,60.0,900.0,185.67899999999997,1031.555,60.0,1130.221,32.888999999999896,1491.996,82.221,1673.341,60.0,0.3714845249290909,0.4754591393492037,0.4408009345424994,0.6285154750709091,0.5245408606507963,1
Geophysical_model59,/home/lyara/areswave/models/Geophysical_model59.nd,nd,UNK,,,1063.404,60.0,900.0,196.39999999999998,1063.404,60.0,1145.107,32.68099999999981,1488.256,65.36200000000008,1669.579,60.0,0.24392861797208865,0.5393413577849293,0.4408704445139824,0.7560713820279114,0.46065864221507075,1
Geophysical_model652,/home/lyara/areswave/models/Geophysical_model652.nd,nd,UNK,,,900.0,60.0,900.0,180.04200000000003,900.0,60.0,1101.507,33.585000000000036,1470.937,100.75299999999993,1685.941,60.0,0.3469181910126897,0.4878998913488437,0.44090599123679236,0.6530818089873103,0.5121001086511563,1
CD_model65,/home/lyara/areswave/models/CD_model65.nd,nd,UNK,,,,60.0,,60.0,,60.0,,60.0,,60.0,,60.0,0.19986390035614987,0.5614506498373255,0.44092173334360024,0.8001360996438501,0.43854935016267443,1
Geophysical_model178,/home/lyara/areswave/models/Geophysical_model178.nd,nd,UNK,,,999.801,60.0,857.307,192.11800000000005,999.801,60.0,1116.236,16.63299999999981,1482.173,99.80099999999993,1680.192,60.0,0.3196752759710838,0.5015464845008368,0.44092274832425254,0.6803247240289162,0.4984535154991631,1
Geophysical_model266,/home/lyara/areswave/models/Geophysical_model266.nd,nd,UNK,,,949.973,60.0,900.0,197.60500000000002,949.973,60.0,1116.548,16.656999999999925,1449.698,99.94499999999994,1681.061,60.0,0.2042957424675116,0.5592727415983514,0.4409470752214048,0.7957042575324884,0.4407272584016486,1
Geophysical_model812,/home/lyara/areswave/models/Geophysical_model812.nd,nd,UNK,,,916.648,60.0,900.0,180.024,916.648,60.0,1116.419,16.64799999999991,1499.315,99.88499999999999,1680.704,60.0,0.17229490018322446,0.5758636809425765,0.4413407540227925,0.8277050998167755,0.42413631905742355,1
AK_model_12,/home/lyara/areswave/models/AK_model_12.nd,nd,UNK,,,1035.663,60.0,813.003,24.74000000000001,1035.663,60.0,1283.062,74.2199999999998,1307.802,24.74000000000001,1686.223,60.0,0.15159597303177874,0.5868625760349937,0.4417737083672553,0.8484040269682213,0.4131374239650063,1
CD_model97,/home/lyara/areswave/models/CD_model97.nd,nd,UNK,,,,60.0,,60.0,,60.0,,60.0,,60.0,,60.0,0.3922299301370228,0.46692571016584405,0.4420271168229036,0.6077700698629772,0.533074289834156,1
Geophysical_model901,/home/lyara/areswave/models/Geophysical_model901.nd,nd,UNK,,,966.67,60.0,900.0,192.35000000000002,966.67,60.0,1133.345,33.33499999999981,1483.363,66.67000000000007,1681.424,60.0,0.33836960040619657,0.49411673044270743,0.4422010204305371,0.6616303995938034,0.5058832695572926,1
Geophysical_model982,/home/lyara/areswave/models/Geophysical_model982.nd,nd,UNK,,,966.67,60.0,900.0,192.35000000000002,966.67,60.0,1133.345,33.33499999999981,1483.363,66.67000000000007,1681.424,60.0,0.33836960040619657,0.49411673044270743,0.4422010204305371,0.6616303995938034,0.5058832695572926,1
Geophysical_model267,/home/lyara/areswave/models/Geophysical_model267.nd,nd,UNK,,,1048.554,60.0,900.0,194.99300000000005,1048.554,60.0,1147.591,33.011999999999944,1494.218,49.51800000000003,1675.576,60.0,0.2330325598892471,0.5469468578190133,0.44230875850909124,0.7669674401107529,0.45305314218098675,1
Geophysical_model63,/home/lyara/areswave/models/Geophysical_model63.nd,nd,UNK,,,1048.554,60.0,900.0,194.99300000000005,1048.554,60.0,1147.591,33.011999999999944,1494.218,49.51800000000003,1675.576,60.0,0.2330325598892471,0.5469468578190133,0.44230875850909124,0.7669674401107529,0.45305314218098675,1
Geophysical_model224,/home/lyara/areswave/models/Geophysical_model224.nd,nd,UNK,,,1048.554,60.0,900.0,194.99300000000005,1048.554,60.0,1147.591,33.011999999999944,1494.218,49.51800000000003,1675.576,60.0,0.2330325598892471,0.5469468578190133,0.44230875850909124,0.7669674401107529,0.45305314218098675,1
Geophysical_model902,/home/lyara/areswave/models/Geophysical_model902.nd,nd,UNK,,,900.0,60.0,900.0,29.450000000000045,900.0,60.0,1102.126,16.84400000000005,1455.847,101.0630000000001,1687.809,60.0,0.1788217093536114,0.5745176274440311,0.44261898808055794,0.8211782906463886,0.42548237255596894,1
Geophysical_model713,/home/lyara/areswave/models/Geophysical_model713.nd,nd,UNK,,,916.672,60.0,877.403,180.774,916.672,60.0,1116.738,33.34500000000003,1483.524,83.36099999999988,1681.59,60.0,0.3783892124053623,0.47516608377151526,0.44290712664946424,0.6216107875946377,0.5248339162284847,1
Geophysical_model443,/home/lyara/areswave/models/Geophysical_model443.nd,nd,UNK,,,1030.985,60.0,900.0,188.21500000000003,1030.985,60.0,1129.223,32.746000000000095,1489.43,81.86500000000001,1670.76,60.0,0.3414728906167328,0.4937244505659695,0.4429739305828906,0.6585271093832672,0.5062755494340305,1
Geophysical_model464,/home/lyara/areswave/models/Geophysical_model464.nd,nd,UNK,,,1030.985,60.0,900.0,188.21500000000003,1030.985,60.0,1129.223,32.746000000000095,1489.43,81.86500000000001,1670.76,60.0,0.3414728906167328,0.4937244505659695,0.4429739305828906,0.6585271093832672,0.5062755494340305,1
Geophysical_model444,/home/lyara/areswave/models/Geophysical_model444.nd,nd,UNK,,,949.55,60.0,900.0,192.74099999999999,949.55,60.0,1114.715,16.516000000000076,1461.562,99.09899999999993,1675.956,60.0,0.3221019358089352,0.5040316149979065,0.44338838860158275,0.6778980641910648,0.49596838500209356,1
Geophysical_model313,/home/lyara/areswave/models/Geophysical_model313.nd,nd,UNK,,,1016.295,60.0,900.0,198.36800000000005,1016.295,60.0,1132.589,33.22699999999986,1498.087,99.68200000000002,1679.468,60.0,0.3119469295318196,0.509256043280635,0.44348633869769655,0.6880530704681804,0.49074395671936505,1
Geophysical_model498,/home/lyara/areswave/models/Geophysical_model498.nd,nd,UNK,,,1016.295,60.0,900.0,198.36800000000005,1016.295,60.0,1132.589,33.22699999999986,1498.087,99.68200000000002,1679.468,60.0,0.3119469295318196,0.509256043280635,0.44348633869769655,0.6880530704681804,0.49074395671936505,1
Geophysical_model364,/home/lyara/areswave/models/Geophysical_model364.nd,nd,UNK,,,1016.295,60.0,900.0,198.36800000000005,1016.295,60.0,1132.589,33.22699999999986,1498.087,99.68200000000002,1679.468,60.0,0.3119469295318196,0.509256043280635,0.44348633869769655,0.6880530704681804,0.49074395671936505,1
Geophysical_model836,/home/lyara/areswave/models/Geophysical_model836.nd,nd,UNK,,,900.0,60.0,900.0,187.837,900.0,60.0,1115.838,16.60200000000009,1464.498,116.22000000000003,1679.083,60.0,0.44065033466938586,0.4457465006308644,0.4440477786437049,0.5593496653306141,0.5542534993691356,1
Geophysical_model293,/home/lyara/areswave/models/Geophysical_model293.nd,nd,UNK,,,916.874,60.0,900.0,181.649,916.874,60.0,1102.492,16.874000000000024,1439.978,101.2460000000001,1688.913,60.0,0.29413608197654395,0.5194277327503958,0.4443305158257785,0.705863918023456,0.4805722672496043,1
Geophysical_model430,/home/lyara/areswave/models/Geophysical_model430.nd,nd,UNK,,,982.965,60.0,878.763,191.13199999999995,982.965,60.0,1115.708,16.592999999999847,1497.346,99.55799999999999,1678.723,60.0,0.35967110637794353,0.4869185136202131,0.4445027112061233,0.6403288936220565,0.5130814863797869,1
Geophysical_model380,/home/lyara/areswave/models/Geophysical_model380.nd,nd,UNK,,,1047.105,60.0,900.0,187.49099999999999,1047.105,60.0,1145.175,32.690000000000055,1488.42,65.38000000000011,1669.744,60.0,0.19223059356252759,0.5706761627126387,0.4445276396626016,0.8077694064374724,0.4293238372873614,1
Geophysical_model451,/home/lyara/areswave/models/Geophysical_model451.nd,nd,UNK,,,1047.105,60.0,900.0,187.49099999999999,1047.105,60.0,1145.175,32.690000000000055,1488.42,65.38000000000011,1669.744,60.0,0.19223059356252759,0.5706761627126387,0.4445276396626016,0.8077694064374724,0.4293238372873614,1
AK_model_45,/home/lyara/areswave/models/AK_model_45.nd,nd,UNK,,,1013.382,60.0,800.038,26.66700000000003,1013.382,60.0,1280.062,106.6719999999998,1493.405,26.667999999999893,1703.13,60.0,0.2563156962937305,0.5388807336364043,0.44469238785551307,0.7436843037062695,0.46111926636359574,1
Geophysical_model372,/home/lyara/areswave/models/Geophysical_model372.nd,nd,UNK,,,966.596,60.0,900.0,180.875,966.596,60.0,1116.437,16.649000000000115,1466.066,99.894,1680.753,60.0,0.1789998687704355,0.5775440937674242,0.44469601876842796,0.8210001312295645,0.4224559062325758,1
Geophysical_model206,/home/lyara/areswave/models/Geophysical_model206.nd,nd,UNK,,,916.863,60.0,900.0,181.38800000000003,916.863,60.0,1102.35,16.863000000000056,1439.601,101.17599999999993,1688.486,60.0,0.4050700576007087,0.4648310582991415,0.44491072473299725,0.5949299423992913,0.5351689417008585,1
Geophysical_model660,/home/lyara/areswave/models/Geophysical_model660.nd,nd,UNK,,,1097.761,60.0,900.0,24.192999999999984,1097.761,60.0,1114.242,16.480000000000018,1443.844,115.3610000000001,1674.637,60.0,0.10672309720579976,0.6142089501567017,0.4450469991730677,0.8932769027942002,0.38579104984329826,1
Geophysical_model678,/home/lyara/areswave/models/Geophysical_model678.nd,nd,UNK,,,916.693,60.0,877.488,180.09500000000003,916.693,60.0,1117.015,33.386000000000195,1484.271,83.46699999999987,1682.363,60.0,0.4585412666557386,0.4388922475931817,0.4454419206140339,0.5414587333442614,0.5611077524068183,1
MD_model86,/home/lyara/areswave/models/MD_model86.nd,nd,UNK,,,1096.037,60.0,822.973,196.606,1096.037,60.0,1128.805,10.923000000000002,1358.179,98.30299999999988,1635.11,60.0,0.2164927776462724,0.5599875079349463,0.44548926450538834,0.7835072223537276,0.4400124920650537,1
Geophysical_model304,/home/lyara/areswave/models/Geophysical_model304.nd,nd,UNK,,,1033.067,60.0,877.206,182.35400000000004,1033.067,60.0,1132.867,33.26700000000005,1498.801,83.16699999999992,1680.187,60.0,0.43677818026971105,0.4499375150954379,0.44555107015352896,0.563221819730289,0.5500624849045621,1
Geophysical_model495,/home/lyara/areswave/models/Geophysical_model495.nd,nd,UNK,,,966.559,60.0,900.0,180.90700000000004,966.559,60.0,1116.317,16.638999999999896,1465.751,99.83900000000017,1680.417,60.0,0.17678235932991138,0.5804285862495902,0.44587984394303054,0.8232176406700886,0.4195714137504099,1
Geophysical_model758,/home/lyara/areswave/models/Geophysical_model758.nd,nd,UNK,,,950.526,60.0,900.0,173.24099999999999,950.526,60.0,1135.789,33.68399999999997,1489.473,67.36899999999991,1687.745,60.0,0.3335032528392089,0.502754481026796,0.44633740496426694,0.6664967471607911,0.497245518973204,1
Geophysical_model503,/home/lyara/areswave/models/Geophysical_model503.nd,nd,UNK,,,950.526,60.0,900.0,173.24099999999999,950.526,60.0,1135.789,33.68399999999997,1489.473,67.36899999999991,1687.745,60.0,0.3335032528392089,0.502754481026796,0.44633740496426694,0.6664967471607911,0.497245518973204,1
Geophysical_model886,/home/lyara/areswave/models/Geophysical_model886.nd,nd,UNK,,,950.526,60.0,900.0,173.24099999999999,950.526,60.0,1135.789,33.68399999999997,1489.473,67.36899999999991,1687.745,60.0,0.3335032528392089,0.502754481026796,0.44633740496426694,0.6664967471607911,0.497245518973204,1
Geophysical_model764,/home/lyara/areswave/models/Geophysical_model764.nd,nd,UNK,,,933.862,60.0,900.0,186.66999999999996,933.862,60.0,1120.105,33.86200000000008,1492.59,84.65599999999995,1690.97,60.0,0.34383534507653,0.4977589309540694,0.4464510689948897,0.65616465492347,0.5022410690459306,1
Geophysical_model86,/home/lyara/areswave/models/Geophysical_model86.nd,nd,UNK,,,1015.239,60.0,900.0,189.35199999999998,1015.239,60.0,1130.479,32.92599999999993,1492.66,98.77700000000004,1674.009,60.0,0.360933746551487,0.48975126437440475,0.4468120917667655,0.639066253448513,0.5102487356255953,1
Geophysical_model21,/home/lyara/areswave/models/Geophysical_model21.nd,nd,UNK,,,1014.96,60.0,900.0,184.462,1014.96,60.0,1129.919,32.846000000000004,1491.22,82.11300000000006,1672.561,60.0,0.24234496729804744,0.5493259067656029,0.44699892694308446,0.7576550327019526,0.4506740932343971,1
Geophysical_model743,/home/lyara/areswave/models/Geophysical_model743.nd,nd,UNK,,,1086.489,60.0,900.0,21.32299999999998,1086.489,60.0,1103.443,16.952999999999975,1459.467,118.67499999999995,1691.782,60.0,0.2269833644641257,0.5572236122202106,0.44714352963484894,0.7730166355358743,0.44277638777978945,1
Geophysical_model597,/home/lyara/areswave/models/Geophysical_model597.nd,nd,UNK,,,1099.901,60.0,900.0,21.409999999999968,1099.901,60.0,1116.56,16.65800000000013,1466.387,116.60899999999992,1681.095,60.0,0.23585144376417488,0.5528856432695821,0.4472075767677797,0.7641485562358251,0.44711435673041794,1
Geophysical_model203,/home/lyara/areswave/models/Geophysical_model203.nd,nd,UNK,,,1047.171,60.0,900.0,194.52300000000002,1047.171,60.0,1145.284,32.70400000000018,1488.683,65.4090000000001,1670.008,60.0,0.32898323275148145,0.5066792039948735,0.4474472135804095,0.6710167672485186,0.49332079600512646,1
Geophysical_model189,/home/lyara/areswave/models/Geophysical_model189.nd,nd,UNK,,,1047.171,60.0,900.0,194.52300000000002,1047.171,60.0,1145.284,32.70400000000018,1488.683,65.4090000000001,1670.008,60.0,0.32898323275148145,0.5066792039948735,0.4474472135804095,0.6710167672485186,0.49332079600512646,1
Geophysical_model196,/home/lyara/areswave/models/Geophysical_model196.nd,nd,UNK,,,1047.171,60.0,900.0,194.52300000000002,1047.171,60.0,1145.284,32.70400000000018,1488.683,65.4090000000001,1670.008,60.0,0.32898323275148145,0.5066792039948735,0.4474472135804095,0.6710167672485186,0.49332079600512646,1
Geophysical_model333,/home/lyara/areswave/models/Geophysical_model333.nd,nd,UNK,,,1098.133,60.0,900.0,196.23800000000006,1098.133,60.0,1147.666,33.02300000000014,1494.399,66.04399999999987,1675.759,60.0,0.3908221729852971,0.47576638135168836,0.447451645229558,0.6091778270147029,0.5242336186483116,1
Geophysical_model145,/home/lyara/areswave/models/Geophysical_model145.nd,nd,UNK,,,966.251,60.0,900.0,186.31600000000003,966.251,60.0,1115.315,16.562999999999874,1463.132,99.37599999999998,1677.628,60.0,0.33983517987990797,0.5012680045862423,0.4474570630174642,0.660164820120092,0.49873199541375773,1
Geophysical_model257,/home/lyara/areswave/models/Geophysical_model257.nd,nd,UNK,,,967.872,60.0,900.0,180.54700000000003,967.872,60.0,1120.585,33.937000000000126,1459.948,101.80899999999997,1692.31,60.0,0.2715880817643286,0.5357647787253543,0.44770587973834575,0.7284119182356714,0.4642352212746457,1
Geophysical_model942,/home/lyara/areswave/models/Geophysical_model942.nd,nd,UNK,,,900.0,60.0,900.0,184.99900000000002,900.0,60.0,1106.204,17.18399999999997,1484.246,85.9190000000001,1535.797,68.7349999999999,0.32241661468317784,0.5105403206109311,0.44783241863501333,0.6775833853168222,0.48945967938906887,1
MD_model71,/home/lyara/areswave/models/MD_model71.nd,nd,UNK,,,988.56,60.0,746.594,10.520000000000095,988.56,60.0,1114.804,178.8449999999998,1440.933,21.039999999999964,1605.599,60.0,0.2594586462175522,0.5424520813571543,0.4481209363106203,0.7405413537824478,0.4575479186428457,1
AK_model_51,/home/lyara/areswave/models/AK_model_51.nd,nd,UNK,,,1018.843,60.0,822.06,24.59699999999998,1018.843,60.0,1289.418,122.9889999999998,1486.2,172.18399999999997,1667.832,60.0,0.2992984743316328,0.5229788368556856,0.4484187160143347,0.7007015256683672,0.4770211631443144,1
Geophysical_model584,/home/lyara/areswave/models/Geophysical_model584.nd,nd,UNK,,,916.701,60.0,877.696,178.433,916.701,60.0,1117.112,33.402000000000044,1484.532,83.5039999999999,1682.633,60.0,0.2672661107031179,0.5390052604002571,0.4484255438345441,0.7327338892968821,0.46099473959974285,1
Geophysical_model851,/home/lyara/areswave/models/Geophysical_model851.nd,nd,UNK,,,916.576,60.0,877.831,199.52099999999996,916.576,60.0,1115.491,16.576000000000022,1496.743,99.45699999999988,1678.117,60.0,0.28157616767842875,0.5326196604144472,0.4489384961691077,0.7184238323215713,0.4673803395855528,1
Geophysical_model768,/home/lyara/areswave/models/Geophysical_model768.nd,nd,UNK,,,933.507,60.0,875.918,192.65700000000004,933.507,60.0,1117.798,33.506999999999834,1469.624,83.76800000000003,1684.543,60.0,0.3033026124681212,0.5217853233391074,0.44895775304877866,0.6966973875318788,0.47821467666089257,1
Geophysical_model599,/home/lyara/areswave/models/Geophysical_model599.nd,nd,UNK,,,933.507,60.0,875.918,192.65700000000004,933.507,60.0,1117.798,33.506999999999834,1469.624,83.76800000000003,1684.543,60.0,0.3033026124681212,0.5217853233391074,0.44895775304877866,0.6966973875318788,0.47821467666089257,1
Geophysical_model788,/home/lyara/areswave/models/Geophysical_model788.nd,nd,UNK,,,900.0,60.0,900.0,178.308,900.0,60.0,1120.035,33.85100000000011,1492.403,101.55500000000006,1690.777,60.0,0.15033886721842182,0.5983213091515875,0.448993828507199,0.8496611327815782,0.4016786908484125,1
Geophysical_model103,/home/lyara/areswave/models/Geophysical_model103.nd,nd,UNK,,,1016.326,60.0,900.0,195.543,1016.326,60.0,1132.652,33.235999999999876,1498.248,99.70800000000008,1679.631,60.0,0.34505384826848984,0.5010754174326817,0.44906822771128435,0.6549461517315102,0.49892458256731836,1
Geophysical_model968,/home/lyara/areswave/models/Geophysical_model968.nd,nd,UNK,,,949.898,60.0,900.0,182.37599999999998,949.898,60.0,1132.856,33.2650000000001,1498.773,83.16300000000001,1680.159,60.0,0.27723021877874376,0.5359571989545565,0.4497148722292856,0.7227697812212562,0.4640428010454435,1
Geophysical_model565,/home/lyara/areswave/models/Geophysical_model565.nd,nd,UNK,,,949.898,60.0,900.0,182.37599999999998,949.898,60.0,1132.856,33.2650000000001,1498.773,83.16300000000001,1680.159,60.0,0.27723021877874376,0.5359571989545565,0.4497148722292856,0.7227697812212562,0.4640428010454435,1
Geophysical_model407,/home/lyara/areswave/models/Geophysical_model407.nd,nd,UNK,,,1047.872,60.0,900.0,189.28499999999997,1047.872,60.0,1130.023,32.8599999999999,1491.488,82.15100000000007,1672.831,60.0,0.3179098261724015,0.5160620217666201,0.4500112899018805,0.6820901738275985,0.48393797823338,1
Geophysical_model958,/home/lyara/areswave/models/Geophysical_model958.nd,nd,UNK,,,900.0,60.0,900.0,188.84000000000003,900.0,60.0,1116.0,16.61500000000001,1498.154,99.69200000000001,1679.536,60.0,0.23499658004444524,0.5577582148449378,0.4501710032447736,0.7650034199555548,0.4422417851550622,1
MD_model77,/home/lyara/areswave/models/MD_model77.nd,nd,UNK,,,993.197,60.0,753.202,10.434999999999945,993.197,60.0,1139.281,187.8219999999999,1400.145,125.21400000000017,1595.591,60.0,0.2828051978837366,0.5340645282659626,0.45031141813855396,0.7171948021162634,0.4659354717340373,1
CD_model22,/home/lyara/areswave/models/CD_model22.nd,nd,UNK,,,,60.0,,60.0,,60.0,,60.0,,60.0,,60.0,0.2959300282132449,0.5275200746481956,0.450323392503212,0.7040699717867551,0.4724799253518044,1
Geophysical_model455,/home/lyara/areswave/models/Geophysical_model455.nd,nd,UNK,,,1049.531,60.0,900.0,179.63599999999997,1049.531,60.0,1132.603,33.22900000000004,1481.508,83.07300000000009,1679.504,60.0,0.202969409476226,0.5741362526093128,0.4504139715649505,0.797030590523774,0.42586374739068716,1
Geophysical_model167,/home/lyara/areswave/models/Geophysical_model167.nd,nd,UNK,,,984.407,60.0,861.42,192.90099999999995,984.407,60.0,1119.457,33.76299999999992,1490.847,101.28800000000001,1689.167,60.0,0.1809594865005656,0.5853166297348762,0.45053091532343936,0.8190405134994344,0.41468337026512375,1
Geophysical_model370,/home/lyara/areswave/models/Geophysical_model370.nd,nd,UNK,,,966.673,60.0,900.0,188.82299999999998,966.673,60.0,1116.688,33.33600000000001,1450.054,100.00999999999999,1681.453,60.0,0.2567574194110247,0.5475327807774593,0.4506076603219811,0.7432425805889753,0.45246721922254074,1
Geophysical_model634,/home/lyara/areswave/models/Geophysical_model634.nd,nd,UNK,,,900.0,60.0,900.0,22.418000000000006,900.0,60.0,1101.621,16.801999999999907,1488.061,100.81099999999992,1686.284,60.0,0.32746125641761636,0.512699290710408,0.4509532792794775,0.6725387435823836,0.487300709289592,1
MD_model36,/home/lyara/areswave/models/MD_model36.nd,nd,UNK,,,943.636,60.0,709.932,180.58899999999994,943.636,60.0,1272.946,63.738000000000056,1304.815,10.623000000000047,1608.508,60.0,0.3633716560401272,0.4949691811503605,0.4511033394469494,0.6366283439598728,0.5050308188496395,1
AK_model_26,/home/lyara/areswave/models/AK_model_26.nd,nd,UNK,,,1062.407,60.0,796.562,26.585000000000036,1062.407,60.0,1275.083,26.58400000000006,1328.252,53.169000000000096,1697.655,60.0,0.35777569566752354,0.4982347075995611,0.4514150369555486,0.6422243043324765,0.5017652924004389,1
CD_model26,/home/lyara/areswave/models/CD_model26.nd,nd,UNK,,,,60.0,,60.0,,60.0,,60.0,,60.0,,60.0,0.32208992991156393,0.5161361812190237,0.4514540974498704,0.6779100700884361,0.4838638187809763,1
MD_model65,/home/lyara/areswave/models/MD_model65.nd,nd,UNK,,,1057.396,60.0,710.116,184.49199999999996,1057.396,60.0,1285.298,21.705000000000155,1361.266,75.96800000000007,1636.741,60.0,0.29775700495750823,0.5290779651819502,0.4519709784404695,0.7022429950424918,0.47092203481804984,1
Geophysical_model169,/home/lyara/areswave/models/Geophysical_model169.nd,nd,UNK,,,1016.434,60.0,877.32,181.44000000000005,1016.434,60.0,1132.867,33.26700000000005,1498.801,83.16699999999992,1680.187,60.0,0.2847228034427902,0.5356701640617993,0.452021043855463,0.7152771965572098,0.4643298359382007,1
Geophysical_model17,/home/lyara/areswave/models/Geophysical_model17.nd,nd,UNK,,,1016.434,60.0,877.32,181.44000000000005,1016.434,60.0,1132.867,33.26700000000005,1498.801,83.16699999999992,1680.187,60.0,0.2847228034427902,0.5356701640617993,0.452021043855463,0.7152771965572098,0.4643298359382007,1
Geophysical_model359,/home/lyara/areswave/models/Geophysical_model359.nd,nd,UNK,,,949.517,60.0,900.0,193.34400000000005,949.517,60.0,1114.574,16.505999999999858,1444.688,115.53999999999996,1675.563,60.0,0.23846925758950266,0.5588825168475302,0.45207809709485436,0.7615307424104973,0.44111748315246985,1
Geophysical_model296,/home/lyara/areswave/models/Geophysical_model296.nd,nd,UNK,,,949.517,60.0,900.0,193.34400000000005,949.517,60.0,1114.574,16.505999999999858,1444.688,115.53999999999996,1675.563,60.0,0.23846925758950266,0.5588825168475302,0.45207809709485436,0.7615307424104973,0.44111748315246985,1
Geophysical_model500,/home/lyara/areswave/models/Geophysical_model500.nd,nd,UNK,,,950.39,60.0,900.0,189.02200000000005,950.39,60.0,1135.153,33.59400000000005,1487.881,67.18600000000015,1686.099,60.0,0.14030130884204128,0.6080190671642675,0.4521131477235254,0.8596986911579587,0.39198093283573254,1
AK_model_21,/home/lyara/areswave/models/AK_model_21.nd,nd,UNK,,,1060.311,60.0,819.703,53.46900000000005,1060.311,60.0,1274.186,26.733999999999924,1327.655,53.468999999999824,1698.352,60.0,0.2822468441496905,0.5376705580249015,0.45252932006649776,0.7177531558503095,0.4623294419750985,1
Geophysical_model585,/home/lyara/areswave/models/Geophysical_model585.nd,nd,UNK,,,916.965,60.0,878.056,197.49199999999996,916.965,60.0,1120.546,33.930000000000064,1476.812,101.79099999999994,1692.199,60.0,0.3313562117478538,0.5131574280932771,0.45255702264480274,0.6686437882521462,0.4868425719067229,1
Geophysical_model838,/home/lyara/areswave/models/Geophysical_model838.nd,nd,UNK,,,916.965,60.0,878.056,197.49199999999996,916.965,60.0,1120.546,33.930000000000064,1476.812,101.79099999999994,1692.199,60.0,0.3313562117478538,0.5131574280932771,0.45255702264480274,0.6686437882521462,0.4868425719067229,1
Geophysical_model716,/home/lyara/areswave/models/Geophysical_model716.nd,nd,UNK,,,916.965,60.0,878.056,197.49199999999996,916.965,60.0,1120.546,33.930000000000064,1476.812,101.79099999999994,1692.199,60.0,0.3313562117478538,0.5131574280932771,0.45255702264480274,0.6686437882521462,0.4868425719067229,1
Geophysical_model557,/home/lyara/areswave/models/Geophysical_model557.nd,nd,UNK,,,916.669,60.0,877.429,180.56799999999998,916.669,60.0,1116.699,33.337999999999965,1483.42,83.346,1681.482,60.0,0.3172785427176089,0.5202433952978764,0.4525884444377873,0.6827214572823911,0.4797566047021235,1
Geophysical_model90,/home/lyara/areswave/models/Geophysical_model90.nd,nd,UNK,,,949.68,60.0,900.0,190.49400000000003,949.68,60.0,1115.279,16.559999999999945,1446.478,115.91999999999985,1677.528,60.0,0.35080600420743546,0.5050004353002073,0.4536022916026167,0.6491939957925645,0.4949995646997927,1
CD_model39,/home/lyara/areswave/models/CD_model39.nd,nd,UNK,,,,60.0,,60.0,,60.0,,60.0,,60.0,,60.0,0.4586905671967615,0.4512926373651528,0.45375861397568906,0.5413094328032385,0.5487073626348472,1
CD_model20,/home/lyara/areswave/models/CD_model20.nd,nd,UNK,,,,60.0,,60.0,,60.0,,60.0,,60.0,,60.0,0.11924440998877928,0.6210236814227196,0.4537639242780728,0.8807555900112207,0.3789763185772804,1
Geophysical_model594,/home/lyara/areswave/models/Geophysical_model594.nd,nd,UNK,,,900.0,60.0,900.0,179.41999999999996,900.0,60.0,1118.565,33.625,1488.445,100.87599999999998,1686.682,60.0,0.18686310132744144,0.5872652907536332,0.45379789427823597,0.8131368986725586,0.4127347092463668,1
Geophysical_model179,/home/lyara/areswave/models/Geophysical_model179.nd,nd,UNK,,,1047.142,60.0,900.0,180.534,1047.142,60.0,1145.237,32.69800000000009,1488.569,65.39699999999993,1669.893,60.0,0.18185674685882436,0.5898114886797838,0.45382657473946403,0.8181432531411756,0.4101885113202162,1
AK_model_24,/home/lyara/areswave/models/AK_model_24.nd,nd,UNK,,,1075.946,60.0,803.518,27.242999999999938,1075.946,60.0,1293.887,54.4849999999999,1321.13,27.242999999999938,1721.839,60.0,0.16678004793943424,0.5978986154008633,0.4541924262470536,0.8332199520605658,0.4021013845991367,1
Geophysical_model445,/home/lyara/areswave/models/Geophysical_model445.nd,nd,UNK,,,1047.789,60.0,900.0,189.394,1047.789,60.0,1146.314,32.8420000000001,1491.154,65.68399999999997,1672.494,60.0,0.306433151467852,0.5282390006859334,0.4543037176132396,0.693566848532148,0.4717609993140665,1
Geophysical_model846,/home/lyara/areswave/models/Geophysical_model846.nd,nd,UNK,,,916.714,60.0,900.0,188.96900000000005,916.714,60.0,1117.284,33.42800000000011,1468.281,83.57100000000014,1683.113,60.0,0.364904601069879,0.49909679164321996,0.45436606145210634,0.635095398930121,0.50090320835678,1
Geophysical_model309,/home/lyara/areswave/models/Geophysical_model309.nd,nd,UNK,,,1031.555,60.0,900.0,186.048,1031.555,60.0,1130.221,32.888999999999896,1491.996,82.221,1673.341,60.0,0.2826376999740834,0.5403511678281587,0.45444667854346693,0.7173623000259166,0.4596488321718412,1
Geophysical_model759,/home/lyara/areswave/models/Geophysical_model759.nd,nd,UNK,,,966.806,60.0,900.0,177.51700000000005,966.806,60.0,1133.823,33.40299999999979,1484.557,66.80700000000002,1682.659,60.0,0.48870354919779646,0.43739293692672265,0.4544964743504139,0.5112964508022035,0.5626070630732773,1
Geophysical_model497,/home/lyara/areswave/models/Geophysical_model497.nd,nd,UNK,,,1063.97,60.0,900.0,188.35900000000004,1063.97,60.0,1145.955,32.79399999999987,1490.293,65.58799999999997,1671.628,60.0,0.28033428800848936,0.5415898324276018,0.4545046509545643,0.7196657119915106,0.4584101675723982,1
Geophysical_model362,/home/lyara/areswave/models/Geophysical_model362.nd,nd,UNK,,,1001.068,60.0,900.0,188.04899999999998,1001.068,60.0,1135.824,33.68900000000008,1489.56,101.06700000000001,1687.836,60.0,0.22340482884873758,0.5704908619447457,0.45479551757940967,0.7765951711512624,0.42950913805525426,1
Geophysical_model857,/home/lyara/areswave/models/Geophysical_model857.nd,nd,UNK,,,933.943,60.0,879.277,186.50599999999997,933.943,60.0,1120.631,33.942999999999984,1494.007,84.85800000000017,1692.437,60.0,0.22057066667270453,0.5721501663785779,0.4549569998099534,0.7794293333272955,0.42784983362142215,1
Geophysical_model541,/home/lyara/areswave/models/Geophysical_model541.nd,nd,UNK,,,916.672,60.0,900.0,180.16999999999996,916.672,60.0,1116.741,33.34500000000003,1483.532,83.36199999999985,1681.599,60.0,0.46992401111108706,0.4474872571431193,0.4549661751324419,0.5300759888889129,0.5525127428568807,1
Geophysical_model282,/home/lyara/areswave/models/Geophysical_model282.nd,nd,UNK,,,999.884,60.0,900.0,194.89200000000005,999.884,60.0,1116.415,16.646999999999935,1482.655,99.88400000000001,1680.691,60.0,0.31483122152917475,0.5251181920418309,0.4550225352042789,0.6851687784708252,0.4748818079581691,1
Geophysical_model876,/home/lyara/areswave/models/Geophysical_model876.nd,nd,UNK,,,1085.08,60.0,900.0,29.76800000000003,1085.08,60.0,1101.905,16.826000000000022,1455.24,117.77800000000002,1687.143,60.0,0.22549887096251475,0.5699619361162822,0.45514091439835974,0.7745011290374852,0.43003806388371785,1
Geophysical_model316,/home/lyara/areswave/models/Geophysical_model316.nd,nd,UNK,,,1001.288,60.0,861.085,194.57299999999998,1001.288,60.0,1119.457,33.76299999999992,1490.847,101.28800000000001,1689.167,60.0,0.184542438252989,0.5905050322617245,0.45518416759214597,0.815457561747011,0.4094949677382756,1
Geophysical_model204,/home/lyara/areswave/models/Geophysical_model204.nd,nd,UNK,,,982.32,60.0,900.0,191.80899999999997,982.32,60.0,1114.032,16.465000000000146,1459.777,115.24799999999982,1674.055,60.0,0.41763895274080687,0.4749920659249215,0.4558743615302166,0.5823610472591931,0.5250079340750785,1
Geophysical_model939,/home/lyara/areswave/models/Geophysical_model939.nd,nd,UNK,,,933.365,60.0,876.693,186.45500000000004,933.365,60.0,1116.871,33.36500000000001,1483.885,83.41200000000003,1681.963,60.0,0.1980381674595998,0.5848691933495225,0.4559255180528816,0.8019618325404002,0.4151308066504775,1
Geophysical_model637,/home/lyara/areswave/models/Geophysical_model637.nd,nd,UNK,,,933.365,60.0,876.693,186.45500000000004,933.365,60.0,1116.871,33.36500000000001,1483.885,83.41200000000003,1681.963,60.0,0.1980381674595998,0.5848691933495225,0.4559255180528816,0.8019618325404002,0.4151308066504775,1
MD_model51,/home/lyara/areswave/models/MD_model51.nd,nd,UNK,,,983.045,60.0,717.402,191.26300000000003,983.045,60.0,1291.191,31.87799999999993,1354.945,74.37999999999988,1605.669,60.0,0.5072147135887948,0.4303079196664923,0.4559435176405931,0.49278528641120517,0.5696920803335077,1
MD_model29,/home/lyara/areswave/models/MD_model29.nd,nd,UNK,,,986.476,60.0,738.622,183.197,986.476,60.0,1298.987,32.32900000000018,1352.868,53.881000000000085,1637.567,60.0,0.2519818224607778,0.5583597767067858,0.45623379195811653,0.7480181775392222,0.4416402232932141,1
Geophysical_model603,/home/lyara/areswave/models/Geophysical_model603.nd,nd,UNK,,,1099.625,60.0,900.0,21.54200000000003,1099.625,60.0,1116.26,16.635999999999967,1465.604,99.81200000000013,1680.261,60.0,0.3628721558325382,0.503128579332589,0.45637643816590545,0.6371278441674618,0.496871420667411,1
Geophysical_model367,/home/lyara/areswave/models/Geophysical_model367.nd,nd,UNK,,,1031.442,60.0,900.0,189.02300000000002,1031.442,60.0,1130.023,32.8599999999999,1491.488,82.15100000000007,1672.831,60.0,0.24533622620119422,0.5623253421563092,0.45666230350460424,0.7546637737988058,0.4376746578436908,1
Geophysical_model317,/home/lyara/areswave/models/Geophysical_model317.nd,nd,UNK,,,1031.442,60.0,900.0,189.02300000000002,1031.442,60.0,1130.023,32.8599999999999,1491.488,82.15100000000007,1672.831,60.0,0.24533622620119422,0.5623253421563092,0.45666230350460424,0.7546637737988058,0.4376746578436908,1
Geophysical_model682,/home/lyara/areswave/models/Geophysical_model682.nd,nd,UNK,,,966.806,60.0,900.0,177.611,966.806,60.0,1133.823,33.40299999999979,1484.557,66.80700000000002,1682.659,60.0,0.31921323614150665,0.525476821806135,0.4567222932512589,0.6807867638584933,0.474523178193865,1
Geophysical_model307,/home/lyara/areswave/models/Geophysical_model307.nd,nd,UNK,,,999.558,60.0,878.735,191.38400000000001,999.558,60.0,1115.708,16.592999999999847,1480.753,99.55799999999999,1678.723,60.0,0.4052252976477768,0.4835352656724944,0.45743194299758855,0.5947747023522232,0.5164647343275056,1
Geophysical_model280,/home/lyara/areswave/models/Geophysical_model280.nd,nd,UNK,,,999.558,60.0,878.735,191.38400000000001,999.558,60.0,1115.708,16.592999999999847,1480.753,99.55799999999999,1678.723,60.0,0.4052252976477768,0.4835352656724944,0.45743194299758855,0.5947747023522232,0.5164647343275056,1
Geophysical_model95,/home/lyara/areswave/models/Geophysical_model95.nd,nd,UNK,,,999.558,60.0,878.735,191.38400000000001,999.558,60.0,1115.708,16.592999999999847,1480.753,99.55799999999999,1678.723,60.0,0.4052252976477768,0.4835352656724944,0.45743194299758855,0.5947747023522232,0.5164647343275056,1
MD_model40,/home/lyara/areswave/models/MD_model40.nd,nd,UNK,,,1052.24,60.0,752.637,181.90200000000004,1052.24,60.0,1266.242,32.09999999999991,1351.843,53.500999999999976,1614.318,60.0,0.34532669279855077,0.5134998167731734,0.4574421087816325,0.6546733072014492,0.48650018322682664,1
Geophysical_model899,/home/lyara/areswave/models/Geophysical_model899.nd,nd,UNK,,,933.35,60.0,853.741,185.034,933.35,60.0,1116.776,33.34999999999991,1483.627,83.375,1681.697,60.0,0.48898957297909773,0.4418858354909623,0.4575870813203407,0.5110104270209023,0.5581141645090377,1
Geophysical_model940,/home/lyara/areswave/models/Geophysical_model940.nd,nd,UNK,,,933.35,60.0,853.741,185.034,933.35,60.0,1116.776,33.34999999999991,1483.627,83.375,1681.697,60.0,0.48898957297909773,0.4418858354909623,0.4575870813203407,0.5110104270209023,0.5581141645090377,1
Geophysical_model269,/home/lyara/areswave/models/Geophysical_model269.nd,nd,UNK,,,950.621,60.0,900.0,192.721,950.621,60.0,1119.357,33.74700000000007,1456.828,118.11599999999999,1688.886,60.0,0.30498533092795677,0.534437073264188,0.4579531591521109,0.6950146690720432,0.465562926735812,1
Geophysical_model789,/home/lyara/areswave/models/Geophysical_model789.nd,nd,UNK,,,1088.067,60.0,900.0,20.66700000000003,1088.067,60.0,1105.164,17.09699999999998,1464.2,119.67900000000009,1696.976,60.0,0.45616105418165565,0.45962056593745715,0.45846739535219,0.5438389458183444,0.5403794340625429,1
Geophysical_model669,/home/lyara/areswave/models/Geophysical_model669.nd,nd,UNK,,,1088.06,60.0,900.0,20.66700000000003,1088.06,60.0,1105.156,17.09699999999998,1464.18,119.67499999999995,1696.954,60.0,0.45616105418165565,0.45962056593745715,0.45846739535219,0.5438389458183444,0.5403794340625429,1
Geophysical_model24,/home/lyara/areswave/models/Geophysical_model24.nd,nd,UNK,,,1098.645,60.0,900.0,181.856,1098.645,60.0,1115.199,16.55399999999986,1429.721,99.32199999999989,1677.304,60.0,0.25647529002511826,0.561061071979686,0.45953247799483005,0.7435247099748817,0.438938928020314,1
Geophysical_model412,/home/lyara/areswave/models/Geophysical_model412.nd,nd,UNK,,,1030.985,60.0,900.0,188.822,1030.985,60.0,1129.223,32.746000000000095,1489.43,81.86500000000001,1670.76,60.0,0.3129445440006269,0.532837246577782,0.4595396790520636,0.6870554559993731,0.46716275342221797,1
CD_model35,/home/lyara/areswave/models/CD_model35.nd,nd,UNK,,,,60.0,,60.0,,60.0,,60.0,,60.0,,60.0,0.1965079924596066,0.5911089519605284,0.4595752987935544,0.8034920075403934,0.4088910480394716,1
MD_model52,/home/lyara/areswave/models/MD_model52.nd,nd,UNK,,,1047.919,60.0,764.485,185.3230000000001,1047.919,60.0,1265.946,32.70399999999995,1331.354,54.50700000000006,1640.388,60.0,0.3064148201541208,0.536549161887194,0.4598377146428363,0.6935851798458792,0.463450838112806,1
Geophysical_model275,/home/lyara/areswave/models/Geophysical_model275.nd,nd,UNK,,,984.083,60.0,876.527,187.788,984.083,60.0,1118.616,33.63300000000004,1488.58,100.89899999999989,1686.822,60.0,0.24985628859540265,0.5655682674988307,0.46033094119768797,0.7501437114045973,0.43443173250116934,1
Geophysical_model726,/home/lyara/areswave/models/Geophysical_model726.nd,nd,UNK,,,916.736,60.0,875.955,192.35699999999997,916.736,60.0,1117.572,33.47199999999998,1485.77,83.68100000000004,1683.914,60.0,0.2637262659877181,0.5586934229956897,0.46037103732636586,0.7362737340122819,0.44130657700431025,1
Geophysical_model388,/home/lyara/areswave/models/Geophysical_model388.nd,nd,UNK,,,950.857,60.0,900.0,180.539,950.857,60.0,1120.38,33.903999999999996,1459.426,101.71299999999997,1691.737,60.0,0.39762223739947067,0.4917837893979836,0.4603966053984793,0.6023777626005293,0.5082162106020164,1
Geophysical_model720,/home/lyara/areswave/models/Geophysical_model720.nd,nd,UNK,,,933.975,60.0,879.241,186.83299999999997,933.975,60.0,1120.837,33.975000000000136,1494.562,84.9369999999999,1693.011,60.0,0.41361447706670706,0.48415763409070933,0.46064324841604193,0.5863855229332929,0.5158423659092907,1
Geophysical_model439,/home/lyara/areswave/models/Geophysical_model439.nd,nd,UNK,,,1030.76,60.0,900.0,188.125,1030.76,60.0,1128.83,32.690000000000055,1488.42,81.72500000000014,1669.744,60.0,0.35228862867961974,0.5150904266085079,0.4608231606322118,0.6477113713203803,0.48490957339149215,1
Geophysical_model273,/home/lyara/areswave/models/Geophysical_model273.nd,nd,UNK,,,950.621,60.0,900.0,192.23299999999995,950.621,60.0,1119.357,33.74700000000007,1456.828,101.24199999999996,1688.886,60.0,0.3210104935255017,0.5307910173652541,0.46086417608533664,0.6789895064744983,0.4692089826347459,1
Geophysical_model837,/home/lyara/areswave/models/Geophysical_model837.nd,nd,UNK,,,916.555,60.0,877.951,198.44299999999998,916.555,60.0,1115.217,16.554999999999836,1495.986,99.33100000000013,1677.355,60.0,0.26034362047990434,0.5617236887534832,0.4612636659956236,0.7396563795200957,0.4382763112465168,1
Geophysical_model524,/home/lyara/areswave/models/Geophysical_model524.nd,nd,UNK,,,916.555,60.0,877.951,198.44299999999998,916.555,60.0,1115.217,16.554999999999836,1495.986,99.33100000000013,1677.355,60.0,0.26034362047990434,0.5617236887534832,0.4612636659956236,0.7396563795200957,0.4382763112465168,1
Geophysical_model281,/home/lyara/areswave/models/Geophysical_model281.nd,nd,UNK,,,999.737,60.0,878.076,197.31600000000003,999.737,60.0,1116.097,16.623000000000047,1465.176,99.73700000000008,1679.805,60.0,0.19952190194008868,0.5933860988792465,0.4620980332328606,0.8004780980599113,0.4066139011207534,1
CD_model56,/home/lyara/areswave/models/CD_model56.nd,nd,UNK,,,,60.0,,60.0,,60.0,,60.0,,60.0,,60.0,0.25472995173451385,0.5658939765907652,0.4621726349720148,0.7452700482654862,0.43410602340923476,1
Geophysical_model573,/home/lyara/areswave/models/Geophysical_model573.nd,nd,UNK,,,1098.113,60.0,900.0,23.974000000000046,1098.113,60.0,1114.623,16.509000000000015,1444.812,115.5659999999998,1675.699,60.0,0.22435946849651422,0.5812925069937644,0.46231482749468106,0.7756405315034858,0.4187074930062356,1
Geophysical_model842,/home/lyara/areswave/models/Geophysical_model842.nd,nd,UNK,,,950.91,60.0,900.0,184.808,950.91,60.0,1120.608,33.940000000000055,1476.975,84.84899999999993,1692.373,60.0,0.34958496917696635,0.5186933587725833,0.4623238955740443,0.6504150308230336,0.4813066412274168,1
Geophysical_model458,/home/lyara/areswave/models/Geophysical_model458.nd,nd,UNK,,,1031.442,60.0,900.0,189.44299999999998,1031.442,60.0,1130.023,32.8599999999999,1491.488,82.15100000000007,1672.831,60.0,0.26755471655781904,0.5598187969660772,0.4623974368299912,0.732445283442181,0.44018120303392283,1
Geophysical_model223,/home/lyara/areswave/models/Geophysical_model223.nd,nd,UNK,,,1016.377,60.0,900.0,197.923,1016.377,60.0,1132.755,33.251000000000204,1498.512,99.75199999999995,1679.896,60.0,0.19170686833808792,0.5979858400389604,0.4625595161386696,0.8082931316619121,0.40201415996103956,1
CD_model38,/home/lyara/areswave/models/CD_model38.nd,nd,UNK,,,,60.0,,60.0,,60.0,,60.0,,60.0,,60.0,0.29477869386295075,0.5468902073423596,0.46285303618255663,0.7052213061370493,0.45310979265764045,1
Geophysical_model300,/home/lyara/areswave/models/Geophysical_model300.nd,nd,UNK,,,1033.261,60.0,900.0,184.61199999999997,1033.261,60.0,1133.207,33.315000000000055,1483.019,83.28800000000001,1681.067,60.0,0.2006923916867669,0.594040377687112,0.4629243823536637,0.7993076083132331,0.40595962231288796,1
Geophysical_model226,/home/lyara/areswave/models/Geophysical_model226.nd,nd,UNK,,,1096.615,60.0,900.0,186.49900000000002,1096.615,60.0,1145.769,32.769000000000005,1489.845,65.53899999999999,1671.177,60.0,0.20920201955614215,0.5907205880638295,0.4635477318946004,0.7907979804438579,0.4092794119361705,1
AK_model_43,/home/lyara/areswave/models/AK_model_43.nd,nd,UNK,,,1028.345,60.0,817.934,26.30200000000002,1028.345,60.0,1291.359,105.2059999999999,1475.469,157.80899999999997,1685.454,60.0,0.3163404834094218,0.5376419757496322,0.46387481163622873,0.6836595165905782,0.46235802425036776,1
MD_model12,/home/lyara/areswave/models/MD_model12.nd,nd,UNK,,,998.179,60.0,812.363,10.322999999999979,998.179,60.0,1183.995,165.16999999999985,1442.073,185.81600000000003,1584.814,60.0,0.2842132315544076,0.5538680498867368,0.463983110442627,0.7157867684455924,0.4461319501132633,1
Geophysical_model673,/home/lyara/areswave/models/Geophysical_model673.nd,nd,UNK,,,900.0,60.0,900.0,180.98900000000003,900.0,60.0,1118.976,33.68899999999985,1489.55,101.06600000000003,1687.825,60.0,0.44977642688148534,0.47127488138694384,0.4641087298851243,0.5502235731185147,0.5287251186130562,1
Geophysical_model668,/home/lyara/areswave/models/Geophysical_model668.nd,nd,UNK,,,1099.489,60.0,900.0,21.05899999999997,1099.489,60.0,1116.113,16.624000000000024,1465.218,99.74500000000012,1679.849,60.0,0.2248265865570851,0.5838884450077988,0.4642011588575609,0.7751734134429149,0.41611155499220126,1
Geophysical_model984,/home/lyara/areswave/models/Geophysical_model984.nd,nd,UNK,,,933.11,60.0,877.605,179.15700000000004,933.11,60.0,1115.217,16.554999999999836,1495.986,99.33100000000013,1677.355,60.0,0.15224311414413028,0.6204335570712146,0.46437007609551983,0.8477568858558697,0.3795664429287854,1
Geophysical_model978,/home/lyara/areswave/models/Geophysical_model978.nd,nd,UNK,,,950.781,60.0,900.0,183.60400000000004,950.781,60.0,1136.977,33.85400000000004,1492.442,67.70700000000011,1690.818,60.0,0.30748696013636145,0.5429183649006348,0.4644412299792104,0.6925130398636385,0.4570816350993651,1
MD_model57,/home/lyara/areswave/models/MD_model57.nd,nd,UNK,,,943.736,60.0,850.536,93.19999999999993,943.736,60.0,1285.469,62.13300000000004,1306.18,31.06600000000003,1593.857,60.0,0.150882869780125,0.6212384376777831,0.4644532483785637,0.849117130219875,0.37876156232221686,1
Geophysical_model106,/home/lyara/areswave/models/Geophysical_model106.nd,nd,UNK,,,966.673,60.0,900.0,186.183,966.673,60.0,1116.688,33.33600000000001,1483.391,100.00999999999999,1681.453,60.0,0.2858443480681354,0.5543141326298451,0.4648242044426085,0.7141556519318646,0.4456858673701549,1
Geophysical_model326,/home/lyara/areswave/models/Geophysical_model326.nd,nd,UNK,,,1031.555,60.0,900.0,186.06500000000005,1031.555,60.0,1130.221,32.888999999999896,1491.996,82.221,1673.341,60.0,0.3080442269962588,0.5434717371630668,0.4649959004407975,0.6919557730037412,0.4565282628369331,1
Geophysical_model487,/home/lyara/areswave/models/Geophysical_model487.nd,nd,UNK,,,1047.872,60.0,900.0,189.36,1047.872,60.0,1130.023,32.8599999999999,1491.488,82.15100000000007,1672.831,60.0,0.2122499232336299,0.5914530485050702,0.4650520067479234,0.7877500767663701,0.40854695149492987,1
Geophysical_model945,/home/lyara/areswave/models/Geophysical_model945.nd,nd,UNK,,,916.672,60.0,900.0,180.79499999999996,916.672,60.0,1116.738,33.34500000000003,1483.524,83.36099999999988,1681.59,60.0,0.4635199691098548,0.46644850629631884,0.46547232723416415,0.5364800308901452,0.5335514937036812,1
cd_model50,/home/lyara/areswave/models/cd_model50.npz,npz,UNK,,,,60.0,,60.0,,60.0,,60.0,,60.0,,60.0,0.17571381154409782,0.6105631230924222,0.46561335257631403,0.8242861884559022,0.38943687690757783,1
Geophysical_model476,/home/lyara/areswave/models/Geophysical_model476.nd,nd,UNK,,,967.7,60.0,900.0,181.48800000000006,967.7,60.0,1120.025,33.850000000000136,1458.525,118.47499999999991,1690.748,60.0,0.28713804620215855,0.555261545879018,0.46588704598673153,0.7128619537978415,0.44473845412098206,1
AK_model_37,/home/lyara/areswave/models/AK_model_37.nd,nd,UNK,,,1028.349,60.0,814.506,26.730000000000018,1028.349,60.0,1295.654,106.92200000000003,1482.767,160.38300000000004,1693.426,60.0,0.4204140660307122,0.4891757315493689,0.46625517637648334,0.5795859339692878,0.5108242684506311,1
Geophysical_model727,/home/lyara/areswave/models/Geophysical_model727.nd,nd,UNK,,,933.943,60.0,879.345,185.89099999999996,933.943,60.0,1120.631,33.942999999999984,1494.007,84.85800000000017,1692.437,60.0,0.2786535299268009,0.5600799218211547,0.4662711245230368,0.7213464700731991,0.4399200781788452,1
Geophysical_model609,/home/lyara/areswave/models/Geophysical_model609.nd,nd,UNK,,,933.943,60.0,879.345,185.89099999999996,933.943,60.0,1120.631,33.942999999999984,1494.007,84.85800000000017,1692.437,60.0,0.2786535299268009,0.5600799218211547,0.4662711245230368,0.7213464700731991,0.4399200781788452,1
Geophysical_model578,/home/lyara/areswave/models/Geophysical_model578.nd,nd,UNK,,,933.943,60.0,879.345,185.89099999999996,933.943,60.0,1120.631,33.942999999999984,1494.007,84.85800000000017,1692.437,60.0,0.2786535299268009,0.5600799218211547,0.4662711245230368,0.7213464700731991,0.4399200781788452,1
Geophysical_model708,/home/lyara/areswave/models/Geophysical_model708.nd,nd,UNK,,,900.0,60.0,900.0,178.57299999999998,900.0,60.0,1118.565,33.625,1471.633,100.87599999999998,1686.682,60.0,0.3888837854895999,0.5051151160005773,0.46637133916358486,0.6111162145104001,0.4948848839994227,1
Geophysical_model205,/home/lyara/areswave/models/Geophysical_model205.nd,nd,UNK,,,965.752,60.0,900.0,182.01,965.752,60.0,1113.693,16.437000000000126,1458.888,115.06499999999983,1673.108,60.0,0.2922560911890987,0.5536104493636367,0.466492329972124,0.7077439088109013,0.4463895506363634,1
CD_model99,/home/lyara/areswave/models/CD_model99.nd,nd,UNK,,,,60.0,,60.0,,60.0,,60.0,,60.0,,60.0,0.22890097796037379,0.5855666546285727,0.4666780957391731,0.7710990220396262,0.41443334537142734,1
MD_model96,/home/lyara/areswave/models/MD_model96.nd,nd,UNK,,,901.131,60.0,890.515,180.45899999999995,901.131,60.0,1293.895,74.30700000000002,1315.126,31.846000000000004,1608.043,60.0,0.30565969426585293,0.5471941031766046,0.46668263353968736,0.6943403057341471,0.45280589682339545,1
Geophysical_model732,/home/lyara/areswave/models/Geophysical_model732.nd,nd,UNK,,,933.813,60.0,900.0,183.28999999999996,933.813,60.0,1119.783,33.8130000000001,1491.724,84.53199999999993,1690.075,60.0,0.3160137658030374,0.5421963373153122,0.4668021468112206,0.6839862341969626,0.4578036626846877,1
Geophysical_model260,/home/lyara/areswave/models/Geophysical_model260.nd,nd,UNK,,,982.805,60.0,860.802,195.98800000000006,982.805,60.0,1115.292,16.56100000000015,1496.194,99.36500000000001,1677.564,60.0,0.17337208719672248,0.6135354706128213,0.466814342807455,0.8266279128032775,0.3864645293871786,1
Geophysical_model858,/home/lyara/areswave/models/Geophysical_model858.nd,nd,UNK,,,933.805,60.0,900.0,184.51800000000003,933.805,60.0,1119.733,33.805000000000064,1491.589,84.51299999999992,1689.935,60.0,0.24811309681880456,0.5771987212064438,0.4675035130772307,0.7518869031811954,0.4228012787935563,1
AK_model_34,/home/lyara/areswave/models/AK_model_34.nd,nd,UNK,,,1087.427,60.0,875.207,26.527000000000044,1087.427,60.0,1299.646,26.52800000000002,1352.701,53.055000000000064,1695.247,60.0,0.3453510363322929,0.5286232464493317,0.46753250974365207,0.6546489636677071,0.47137675355066827,1
Geophysical_model23,/home/lyara/areswave/models/Geophysical_model23.nd,nd,UNK,,,1017.871,60.0,900.0,184.51999999999998,1017.871,60.0,1135.742,16.838999999999942,1489.354,84.19299999999998,1687.623,60.0,0.19774722198076622,0.6026320334256849,0.4676704296107121,0.8022527780192338,0.397367966574315,1
Geophysical_model463,/home/lyara/areswave/models/Geophysical_model463.nd,nd,UNK,,,1017.871,60.0,900.0,184.51999999999998,1017.871,60.0,1135.742,16.838999999999942,1489.354,84.19299999999998,1687.623,60.0,0.19774722198076622,0.6026320334256849,0.4676704296107121,0.8022527780192338,0.397367966574315,1
Geophysical_model82,/home/lyara/areswave/models/Geophysical_model82.nd,nd,UNK,,,1096.27,60.0,900.0,198.57399999999996,1096.27,60.0,1145.337,32.71100000000001,1488.81,65.423,1670.136,60.0,0.27314671426958903,0.5649610454928855,0.46768960175178664,0.726853285730411,0.43503895450711444,1
MD_model1,/home/lyara/areswave/models/MD_model1.nd,nd,UNK,,,998.962,60.0,781.126,10.372999999999934,998.962,60.0,1102.693,197.08999999999992,1445.007,186.7170000000001,1598.079,60.0,0.16101440058322403,0.6211939752039519,0.4678007836637093,0.838985599416776,0.37880602479604814,1
MD_model95,/home/lyara/areswave/models/MD_model95.nd,nd,UNK,,,1010.926,60.0,859.539,10.812999999999988,1010.926,60.0,1248.82,140.57400000000007,1356.954,194.6400000000001,1642.275,60.0,0.2446204887398259,0.5794123336643662,0.46781505202285273,0.7553795112601741,0.4205876663356338,1
Geophysical_model229,/home/lyara/areswave/models/Geophysical_model229.nd,nd,UNK,,,965.752,60.0,900.0,181.72400000000005,965.752,60.0,1113.693,16.437000000000126,1458.888,115.06499999999983,1673.108,60.0,0.24882092801941258,0.5775985730018282,0.46800602467435626,0.7511790719805874,0.42240142699817185,1
Geophysical_model187,/home/lyara/areswave/models/Geophysical_model187.nd,nd,UNK,,,1016.434,60.0,877.254,181.96500000000003,1016.434,60.0,1132.867,33.26700000000005,1498.801,99.79999999999995,1680.187,60.0,0.3813120235528318,0.5114692699017259,0.4680835211187612,0.6186879764471682,0.4885307300982741,1
Geophysical_model75,/home/lyara/areswave/models/Geophysical_model75.nd,nd,UNK,,,1031.636,60.0,900.0,186.52099999999996,1031.636,60.0,1130.363,32.90899999999988,1492.363,82.27300000000014,1673.71,60.0,0.21143340723000192,0.5964238580507362,0.4680937077771581,0.7885665927699981,0.4035761419492639,1
Geophysical_model568,/home/lyara/areswave/models/Geophysical_model568.nd,nd,UNK,,,900.0,60.0,900.0,181.52300000000002,900.0,60.0,1118.976,33.68899999999985,1472.706,101.06600000000003,1687.825,60.0,0.3346826641235652,0.5354045715918809,0.4684972691024423,0.6653173358764348,0.4645954284081191,1
Geophysical_model221,/home/lyara/areswave/models/Geophysical_model221.nd,nd,UNK,,,1063.523,60.0,900.0,189.414,1063.523,60.0,1145.284,16.35200000000009,1488.683,65.4090000000001,1670.008,60.0,0.2579946126391808,0.5743790324708196,0.4689175591936066,0.7420053873608192,0.4256209675291804,1
CD_model37,/home/lyara/areswave/models/CD_model37.nd,nd,UNK,,,,60.0,,60.0,,60.0,,60.0,,60.0,,60.0,0.18715974693487458,0.6102450911297513,0.4692166430647924,0.8128402530651254,0.38975490887024866,1
Geophysical_model543,/home/lyara/areswave/models/Geophysical_model543.nd,nd,UNK,,,1086.489,60.0,900.0,21.24599999999998,1086.489,60.0,1103.443,16.952999999999975,1459.467,118.67499999999995,1691.782,60.0,0.3988519137049553,0.5052687801509361,0.4697964913356092,0.6011480862950447,0.49473121984906393,1
Geophysical_model335,/home/lyara/areswave/models/Geophysical_model335.nd,nd,UNK,,,1031.52,60.0,900.0,187.375,1031.52,60.0,1130.159,32.87999999999988,1491.838,82.19900000000007,1673.183,60.0,0.3047432622105629,0.5525713109832959,0.4699619613923849,0.6952567377894371,0.44742868901670413,1
AK_model_64,/home/lyara/areswave/models/AK_model_64.nd,nd,UNK,,,998.537,60.0,795.118,25.42700000000002,998.537,60.0,1151.102,101.71000000000004,1354.521,76.28199999999993,1688.766,60.0,0.5428144044552409,0.43355713615967495,0.4699762255915303,0.4571855955447591,0.566442863840325,1
Geophysical_model595,/home/lyara/areswave/models/Geophysical_model595.nd,nd,UNK,,,933.533,60.0,900.0,190.85500000000002,933.533,60.0,1117.965,33.5329999999999,1486.828,83.83300000000008,1685.009,60.0,0.24420353282833385,0.5839085094861735,0.4706735172668936,0.7557964671716662,0.41609149051382655,1
MD_model42,/home/lyara/areswave/models/MD_model42.nd,nd,UNK,,,951.682,60.0,896.388,187.99700000000007,951.682,60.0,1272.382,55.29299999999989,1338.734,99.52800000000002,1661.734,60.0,0.26318025995787,0.5744759331812149,0.47071070877343324,0.73681974004213,0.4255240668187851,1
MD_model74,/home/lyara/areswave/models/MD_model74.nd,nd,UNK,,,1018.128,60.0,852.239,10.368000000000052,1018.128,60.0,1246.227,134.78500000000008,1391.38,114.04999999999995,1576.24,60.0,0.5571397500321978,0.4278475519549194,0.47094495131401226,0.44286024996780216,0.5721524480450806,1
Geophysical_model645,/home/lyara/areswave/models/Geophysical_model645.nd,nd,UNK,,,917.055,60.0,877.857,199.28700000000003,917.055,60.0,1121.71,34.108999999999924,1496.91,102.327,1695.441,60.0,0.2045142859064124,0.6043573941731527,0.47107635808423926,0.7954857140935876,0.3956426058268473,1
Geophysical_model295,/home/lyara/areswave/models/Geophysical_model295.nd,nd,UNK,,,1032.872,60.0,900.0,181.34699999999998,1032.872,60.0,1132.525,33.2170000000001,1497.923,83.04500000000007,1679.303,60.0,0.39622150009594337,0.5089218996242026,0.47135509978144957,0.6037784999040566,0.4910781003757973,1
Geophysical_model262,/home/lyara/areswave/models/Geophysical_model262.nd,nd,UNK,,,1032.872,60.0,900.0,181.34699999999998,1032.872,60.0,1132.525,33.2170000000001,1497.923,83.04500000000007,1679.303,60.0,0.39622150009594337,0.5089218996242026,0.47135509978144957,0.6037784999040566,0.4910781003757973,1
Geophysical_model736,/home/lyara/areswave/models/Geophysical_model736.nd,nd,UNK,,,1084.925,60.0,900.0,29.855999999999995,1084.925,60.0,1101.736,16.810999999999922,1454.774,100.86799999999994,1686.632,60.0,0.3750232745413137,0.5197537206881959,0.4715102386392352,0.6249767254586863,0.4802462793118041,1
Geophysical_model907,/home/lyara/areswave/models/Geophysical_model907.nd,nd,UNK,,,933.855,60.0,900.0,187.78200000000004,933.855,60.0,1120.056,33.85500000000002,1458.604,84.63700000000017,1690.835,60.0,0.3263210023480684,0.5442785712482703,0.47162604828153637,0.6736789976519316,0.4557214287517298,1
Geophysical_model933,/home/lyara/areswave/models/Geophysical_model933.nd,nd,UNK,,,950.04,60.0,900.0,179.98800000000006,950.04,60.0,1133.521,50.039999999999964,1483.802,66.7199999999998,1681.878,60.0,0.3580046581611066,0.5285664910008674,0.47171254672094715,0.6419953418388934,0.4714335089991326,1
Geophysical_model526,/home/lyara/areswave/models/Geophysical_model526.nd,nd,UNK,,,916.589,60.0,878.506,193.44399999999996,916.589,60.0,1115.651,16.588999999999942,1497.188,99.53100000000018,1678.564,60.0,0.3665132818397526,0.5246028786004886,0.47190634634691,0.6334867181602474,0.4753971213995114,1
Geophysical_model114,/home/lyara/areswave/models/Geophysical_model114.nd,nd,UNK,,,1098.133,60.0,900.0,196.06600000000003,1098.133,60.0,1147.666,33.02300000000014,1494.399,66.04399999999987,1675.759,60.0,0.1439063215608387,0.6370942074961796,0.47269824551773265,0.8560936784391613,0.3629057925038204,1
Geophysical_model596,/home/lyara/areswave/models/Geophysical_model596.nd,nd,UNK,,,900.0,60.0,900.0,178.56500000000005,900.0,60.0,1118.724,33.65000000000009,1472.049,100.94900000000007,1687.125,60.0,0.31185240293998484,0.5532267810039623,0.4727686549826364,0.6881475970600152,0.4467732189960377,1
Geophysical_model72,/home/lyara/areswave/models/Geophysical_model72.nd,nd,UNK,,,1032.978,60.0,900.0,188.98199999999997,1032.978,60.0,1132.711,33.24400000000014,1481.777,83.11099999999988,1679.782,60.0,0.48978871003384217,0.46449583175551246,0.47292679118162234,0.5102112899661578,0.5355041682444875,1
Geophysical_model432,/home/lyara/areswave/models/Geophysical_model432.nd,nd,UNK,,,1031.52,60.0,900.0,186.47000000000003,1031.52,60.0,1130.159,32.87999999999988,1475.398,82.19900000000007,1673.183,60.0,0.1603435341386047,0.6293108418803761,0.47298840596645225,0.8396564658613953,0.37068915811962383,1
Geophysical_model369,/home/lyara/areswave/models/Geophysical_model369.nd,nd,UNK,,,1031.52,60.0,900.0,186.47000000000003,1031.52,60.0,1130.159,32.87999999999988,1475.398,82.19900000000007,1673.183,60.0,0.1603435341386047,0.6293108418803761,0.47298840596645225,0.8396564658613953,0.37068915811962383,1
Geophysical_model418,/home/lyara/areswave/models/Geophysical_model418.nd,nd,UNK,,,1031.52,60.0,900.0,186.47000000000003,1031.52,60.0,1130.159,32.87999999999988,1475.398,82.19900000000007,1673.183,60.0,0.1603435341386047,0.6293108418803761,0.47298840596645225,0.8396564658613953,0.37068915811962383,1
Geophysical_model502,/home/lyara/areswave/models/Geophysical_model502.nd,nd,UNK,,,967.586,60.0,900.0,190.60799999999995,967.586,60.0,1136.55,33.79299999999989,1491.375,67.58600000000001,1689.713,60.0,0.3476911376027444,0.5361435036052783,0.4733260482711003,0.6523088623972556,0.4638564963947217,1
Geophysical_model42,/home/lyara/areswave/models/Geophysical_model42.nd,nd,UNK,,,949.68,60.0,900.0,189.971,949.68,60.0,1115.279,16.559999999999945,1446.478,115.91999999999985,1677.528,60.0,0.19251526992254908,0.6141790683242899,0.473624468857043,0.8074847300774509,0.3858209316757101,1
Geophysical_model385,/home/lyara/areswave/models/Geophysical_model385.nd,nd,UNK,,,999.801,60.0,900.0,191.803,999.801,60.0,1116.236,16.63299999999981,1498.807,99.80099999999993,1680.192,60.0,0.23657167207981944,0.5922128500679524,0.4736657907385748,0.7634283279201806,0.4077871499320475,1
Geophysical_model995,/home/lyara/areswave/models/Geophysical_model995.nd,nd,UNK,,,950.91,60.0,900.0,199.279,950.91,60.0,1137.578,33.940000000000055,1493.945,84.84899999999993,1692.373,60.0,0.23191468278223437,0.5949083985317236,0.4739104932818939,0.7680853172177656,0.40509160146827633,1
AK_model_95,/home/lyara/areswave/models/AK_model_95.nd,nd,UNK,,,1073.564,60.0,774.981,27.144000000000005,1073.564,60.0,1290.715,27.144000000000005,1345.002,54.28800000000001,1717.883,60.0,0.39568760321205565,0.5130904097527076,0.47395614090582355,0.6043123967879444,0.48690959024729236,1
Geophysical_model608,/home/lyara/areswave/models/Geophysical_model608.nd,nd,UNK,,,916.644,60.0,876.961,184.31500000000005,916.644,60.0,1116.374,16.644000000000005,1499.19,99.86500000000001,1680.578,60.0,0.28590050536088496,0.5680119589383601,0.47397480774586837,0.714099494639115,0.43198804106163985,1
Geophysical_model723,/home/lyara/areswave/models/Geophysical_model723.nd,nd,UNK,,,916.644,60.0,876.961,184.31500000000005,916.644,60.0,1116.374,16.644000000000005,1499.19,99.86500000000001,1680.578,60.0,0.28590050536088496,0.5680119589383601,0.47397480774586837,0.714099494639115,0.43198804106163985,1
Geophysical_model76,/home/lyara/areswave/models/Geophysical_model76.nd,nd,UNK,,,1063.404,60.0,900.0,196.75800000000004,1063.404,60.0,1145.107,32.68099999999981,1488.256,65.36200000000008,1669.579,60.0,0.22577524133183824,0.5984924647702037,0.4742533902907485,0.7742247586681618,0.4015075352297963,1
Geophysical_model174,/home/lyara/areswave/models/Geophysical_model174.nd,nd,UNK,,,999.816,60.0,900.0,195.88099999999997,999.816,60.0,1116.267,16.635999999999967,1498.893,99.81500000000005,1680.28,60.0,0.33599793707207415,0.5435498118747671,0.47436585360720285,0.6640020629279259,0.45645018812523286,1
Geophysical_model911,/home/lyara/areswave/models/Geophysical_model911.nd,nd,UNK,,,933.365,60.0,900.0,186.46000000000004,933.365,60.0,1116.871,33.36500000000001,1483.885,83.41200000000003,1681.963,60.0,0.5150729254389435,0.4542521631017571,0.47452575054748586,0.48492707456105655,0.5457478368982429,1
Geophysical_model527,/home/lyara/areswave/models/Geophysical_model527.nd,nd,UNK,,,966.867,60.0,900.0,178.18499999999995,966.867,60.0,1134.035,33.43399999999997,1485.088,66.86699999999996,1683.208,60.0,0.31793220835943836,0.5528775722433121,0.4745624509486876,0.6820677916405616,0.4471224277566879,1
Geophysical_model729,/home/lyara/areswave/models/Geophysical_model729.nd,nd,UNK,,,1088.334,60.0,900.0,20.706000000000017,1088.334,60.0,1105.456,17.121000000000095,1465.003,102.72800000000007,1697.857,60.0,0.26712227501241714,0.5783757540124923,0.47462459434580057,0.7328777249875829,0.42162424598750764,1
Geophysical_model71,/home/lyara/areswave/models/Geophysical_model71.nd,nd,UNK,,,1096.225,60.0,900.0,197.35000000000002,1096.225,60.0,1145.281,32.70399999999995,1488.674,65.4079999999999,1669.999,60.0,0.2548514801679672,0.5859313424498105,0.4755713883558627,0.7451485198320328,0.41406865755018946,1
Geophysical_model216,/home/lyara/areswave/models/Geophysical_model216.nd,nd,UNK,,,1096.225,60.0,900.0,197.35000000000002,1096.225,60.0,1145.281,32.70399999999995,1488.674,65.4079999999999,1669.999,60.0,0.2548514801679672,0.5859313424498105,0.4755713883558627,0.7451485198320328,0.41406865755018946,1
Geophysical_model747,/home/lyara/areswave/models/Geophysical_model747.nd,nd,UNK,,,900.0,60.0,900.0,29.783999999999992,900.0,60.0,1101.736,16.810999999999922,1471.585,100.86799999999994,1686.632,60.0,0.3776342011864955,0.5245775823499342,0.47559645529545463,0.6223657988135045,0.47542241765006577,1
MD_model88,/home/lyara/areswave/models/MD_model88.nd,nd,UNK,,,971.749,60.0,755.911,194.255,971.749,60.0,1273.923,21.58400000000006,1338.675,53.960000000000036,1624.15,60.0,0.3100402938880472,0.5583750852713429,0.475596821476911,0.6899597061119528,0.44162491472865706,1
Geophysical_model709,/home/lyara/areswave/models/Geophysical_model709.nd,nd,UNK,,,900.0,60.0,900.0,21.48599999999999,900.0,60.0,1116.829,33.35799999999995,1483.771,100.07500000000005,1681.845,60.0,0.4598533325867621,0.48397242216757885,0.47593272564064,0.5401466674132379,0.5160275778324211,1
Geophysical_model141,/home/lyara/areswave/models/Geophysical_model141.nd,nd,UNK,,,1098.572,60.0,877.483,180.13199999999995,1098.572,60.0,1115.12,16.548000000000002,1446.074,99.28600000000006,1677.084,60.0,0.35338619215033484,0.5375000231251825,0.4761287461335666,0.6466138078496652,0.4624999768748175,1
Geophysical_model850,/home/lyara/areswave/models/Geophysical_model850.nd,nd,UNK,,,950.127,60.0,900.0,199.68399999999997,950.127,60.0,1133.926,50.12699999999995,1484.815,66.83600000000001,1682.926,60.0,0.29986496345094216,0.5644714023709025,0.476269256064249,0.7001350365490578,0.4355285976290975,1
AK_model_8,/home/lyara/areswave/models/AK_model_8.nd,nd,UNK,,,1058.295,60.0,876.798,25.927999999999997,1058.295,60.0,1291.649,77.78499999999985,1317.577,25.92800000000011,1682.257,60.0,0.21793229011580462,0.6055398341388842,0.47633731946452434,0.7820677098841954,0.3944601658611158,1
Geophysical_model345,/home/lyara/areswave/models/Geophysical_model345.nd,nd,UNK,,,1031.859,60.0,900.0,187.37099999999998,1031.859,60.0,1130.753,32.96399999999994,1476.882,82.41200000000003,1674.718,60.0,0.14013574302630694,0.6444478978921336,0.4763438462701914,0.8598642569736931,0.35555210210786636,1
Geophysical_model158,/home/lyara/areswave/models/Geophysical_model158.nd,nd,UNK,,,1017.887,60.0,900.0,186.66499999999996,1017.887,60.0,1135.775,16.841000000000122,1489.437,84.2059999999999,1687.708,60.0,0.27286097347369753,0.5781284860755458,0.4763726485415964,0.7271390265263025,0.4218715139244542,1
Geophysical_model306,/home/lyara/areswave/models/Geophysical_model306.nd,nd,UNK,,,1031.853,60.0,900.0,187.83900000000006,1031.853,60.0,1130.743,32.96399999999994,1493.339,82.4079999999999,1674.693,60.0,0.2514320118004406,0.5890984640858972,0.47654297999074496,0.7485679881995594,0.4109015359141028,1
Geophysical_model347,/home/lyara/areswave/models/Geophysical_model347.nd,nd,UNK,,,1031.853,60.0,900.0,187.83900000000006,1031.853,60.0,1130.743,32.96399999999994,1493.339,82.4079999999999,1674.693,60.0,0.2514320118004406,0.5890984640858972,0.47654297999074496,0.7485679881995594,0.4109015359141028,1
Geophysical_model461,/home/lyara/areswave/models/Geophysical_model461.nd,nd,UNK,,,1031.853,60.0,900.0,187.83900000000006,1031.853,60.0,1130.743,32.96399999999994,1493.339,82.4079999999999,1674.693,60.0,0.2514320118004406,0.5890984640858972,0.47654297999074496,0.7485679881995594,0.4109015359141028,1
CD_model74,/home/lyara/areswave/models/CD_model74.nd,nd,UNK,,,,60.0,,60.0,,60.0,,60.0,,60.0,,60.0,0.2749829062369691,0.5773935471002339,0.4765900001458123,0.7250170937630309,0.42260645289976606,1
Geophysical_model547,/home/lyara/areswave/models/Geophysical_model547.nd,nd,UNK,,,1099.905,60.0,900.0,21.075000000000045,1099.905,60.0,1116.564,16.6579999999999,1466.397,99.95299999999997,1681.106,60.0,0.5036608937058091,0.46312506565994627,0.47663700834190054,0.49633910629419087,0.5368749343400537,1
Geophysical_model724,/home/lyara/areswave/models/Geophysical_model724.nd,nd,UNK,,,1099.905,60.0,900.0,21.075000000000045,1099.905,60.0,1116.564,16.6579999999999,1466.397,99.95299999999997,1681.106,60.0,0.5036608937058091,0.46312506565994627,0.47663700834190054,0.49633910629419087,0.5368749343400537,1
Geophysical_model662,/home/lyara/areswave/models/Geophysical_model662.nd,nd,UNK,,,1099.905,60.0,900.0,21.075000000000045,1099.905,60.0,1116.564,16.6579999999999,1466.397,99.95299999999997,1681.106,60.0,0.5036608937058091,0.46312506565994627,0.47663700834190054,0.49633910629419087,0.5368749343400537,1
Geophysical_model151,/home/lyara/areswave/models/Geophysical_model151.nd,nd,UNK,,,916.88,60.0,900.0,182.47299999999996,916.88,60.0,1102.557,16.87999999999988,1440.153,101.27800000000002,1689.11,60.0,0.39353051073903156,0.5182699594702166,0.4766901432264882,0.6064694892609684,0.4817300405297834,1
Geophysical_model630,/home/lyara/areswave/models/Geophysical_model630.nd,nd,UNK,,,916.693,60.0,877.619,179.04700000000003,916.693,60.0,1117.015,33.386000000000195,1484.271,83.46699999999987,1682.363,60.0,0.22587695473085345,0.6021421447803954,0.47672041476388144,0.7741230452691465,0.3978578552196046,1
AK_model_53,/home/lyara/areswave/models/AK_model_53.nd,nd,UNK,,,1012.109,60.0,833.338,25.53800000000001,1012.109,60.0,1114.263,102.154,1369.649,76.61600000000021,1656.21,60.0,0.23249707586234636,0.5991813692396173,0.4769532714471936,0.7675029241376536,0.40081863076038265,1
Geophysical_model875,/home/lyara/areswave/models/Geophysical_model875.nd,nd,UNK,,,933.693,60.0,900.0,181.54600000000005,933.693,60.0,1119.005,33.69300000000021,1455.935,84.23299999999995,1687.906,60.0,0.3190792246646661,0.5563198869420507,0.4772396661829225,0.6809207753353339,0.4436801130579493,1
Geophysical_model146,/home/lyara/areswave/models/Geophysical_model146.nd,nd,UNK,,,950.269,60.0,900.0,194.93100000000004,950.269,60.0,1117.834,33.51299999999992,1452.962,117.29499999999985,1684.644,60.0,0.3789710849801404,0.5264930174062981,0.4773190399309122,0.6210289150198596,0.4735069825937019,1
Geophysical_model327,/home/lyara/areswave/models/Geophysical_model327.nd,nd,UNK,,,1031.687,60.0,900.0,185.683,1031.687,60.0,1130.452,32.922000000000025,1492.591,82.30399999999986,1673.94,60.0,0.2557743745038602,0.5884487254735384,0.4775572751503123,0.7442256254961398,0.4115512745264615,1
CD_model17,/home/lyara/areswave/models/CD_model17.nd,nd,UNK,,,,60.0,,60.0,,60.0,,60.0,,60.0,,60.0,0.4078989123966973,0.5129055790026854,0.4779033568006894,0.5921010876033027,0.4870944209973146,1
Geophysical_model534,/home/lyara/areswave/models/Geophysical_model534.nd,nd,UNK,,,900.0,60.0,877.409,180.72699999999998,900.0,60.0,1118.976,33.68899999999985,1489.55,101.06600000000003,1687.825,60.0,0.3833045153044856,0.5258865028969756,0.47835917369947895,0.6166954846955144,0.4741134971030244,1
Geophysical_model126,/home/lyara/areswave/models/Geophysical_model126.nd,nd,UNK,,,966.298,60.0,878.977,189.20799999999997,966.298,60.0,1115.469,16.57399999999984,1463.533,116.02199999999993,1678.056,60.0,0.20515038274495478,0.6150288470409642,0.4784026922756277,0.7948496172550452,0.3849711529590359,1
Geophysical_model228,/home/lyara/areswave/models/Geophysical_model228.nd,nd,UNK,,,1000.927,60.0,900.0,186.836,1000.927,60.0,1135.497,33.64300000000003,1488.742,84.106,1686.989,60.0,0.5234943786544,0.4562781650872173,0.4786835696096115,0.4765056213456,0.5437218349127827,1
MD_model14,/home/lyara/areswave/models/MD_model14.nd,nd,UNK,,,1003.044,60.0,801.326,10.616999999999962,1003.044,60.0,1130.445,138.01800000000003,1321.547,191.10199999999986,1614.289,60.0,0.23200086128682929,0.6020779877401674,0.47871894558905465,0.7679991387131707,0.39792201225983254,1
Geophysical_model409,/home/lyara/areswave/models/Geophysical_model409.nd,nd,UNK,,,1047.741,60.0,900.0,190.02200000000005,1047.741,60.0,1146.235,32.830999999999904,1490.965,82.07799999999997,1672.304,60.0,0.3184080672160635,0.5588793388803495,0.4787222483255875,0.6815919327839365,0.44112066111965054,1
Geophysical_model330,/home/lyara/areswave/models/Geophysical_model330.nd,nd,UNK,,,1047.741,60.0,900.0,190.02200000000005,1047.741,60.0,1146.235,32.830999999999904,1490.965,82.07799999999997,1672.304,60.0,0.3184080672160635,0.5588793388803495,0.4787222483255875,0.6815919327839365,0.44112066111965054,1
Geophysical_model997,/home/lyara/areswave/models/Geophysical_model997.nd,nd,UNK,,,950.057,60.0,900.0,199.649,950.057,60.0,1133.601,33.371000000000095,1484.001,66.74299999999994,1682.084,60.0,0.1341469791224721,0.6510234753760114,0.47873130995816493,0.8658530208775279,0.34897652462398865,1
Geophysical_model950,/home/lyara/areswave/models/Geophysical_model950.nd,nd,UNK,,,950.057,60.0,900.0,199.649,950.057,60.0,1133.601,33.371000000000095,1484.001,66.74299999999994,1682.084,60.0,0.1341469791224721,0.6510234753760114,0.47873130995816493,0.8658530208775279,0.34897652462398865,1
AK_model_81,/home/lyara/areswave/models/AK_model_81.nd,nd,UNK,,,1048.351,60.0,819.977,25.375,1048.351,60.0,1276.724,50.749000000000024,1327.474,50.75,1686.823,60.0,0.2902512775037328,0.5736859509969127,0.479207726499186,0.7097487224962672,0.42631404900308734,1
Geophysical_model431,/home/lyara/areswave/models/Geophysical_model431.nd,nd,UNK,,,999.807,60.0,900.0,191.389,999.807,60.0,1116.249,16.634000000000015,1465.574,99.80700000000002,1680.229,60.0,0.4179783912709023,0.509916354968538,0.47927036706932613,0.5820216087290977,0.49008364503146196,1
Geophysical_model52,/home/lyara/areswave/models/Geophysical_model52.nd,nd,UNK,,,983.376,60.0,879.036,188.678,983.376,60.0,1116.777,33.34999999999991,1483.63,100.05100000000016,1681.7,60.0,0.1838594262546689,0.6272453155477989,0.4794500191167556,0.8161405737453311,0.37275468445220106,1
Geophysical_model265,/home/lyara/areswave/models/Geophysical_model265.nd,nd,UNK,,,983.111,60.0,878.726,191.46400000000006,983.111,60.0,1116.088,16.62200000000007,1465.153,99.73299999999995,1679.781,60.0,0.16701420094893815,0.6358926215894783,0.4795998147092983,0.8329857990510618,0.36410737841052165,1
Geophysical_model343,/home/lyara/areswave/models/Geophysical_model343.nd,nd,UNK,,,1033.278,60.0,900.0,182.29700000000003,1033.278,60.0,1133.237,33.319999999999936,1499.753,83.29899999999998,1681.144,60.0,0.19446443763927668,0.6222494274331107,0.47965443083516607,0.8055355623607233,0.37775057256688926,1
Geophysical_model509,/home/lyara/areswave/models/Geophysical_model509.nd,nd,UNK,,,1088.067,60.0,900.0,20.653999999999996,1088.067,60.0,1105.164,17.09699999999998,1464.2,119.67900000000009,1696.976,60.0,0.16062098533889868,0.6393449236677922,0.479770277558161,0.8393790146611013,0.3606550763322078,1
MD_model89,/home/lyara/areswave/models/MD_model89.nd,nd,UNK,,,984.933,60.0,781.659,192.57500000000005,984.933,60.0,1273.795,32.096000000000004,1327.288,74.88999999999987,1611.235,60.0,0.31694377001939467,0.5615031140328699,0.47998333269504484,0.6830562299806053,0.4384968859671301,1
CD_model31,/home/lyara/areswave/models/CD_model31.nd,nd,UNK,,,,60.0,,60.0,,60.0,,60.0,,60.0,,60.0,0.26290984658886885,0.5885532380014667,0.4800054408639341,0.7370901534111312,0.41144676199853325,1
Geophysical_model561,/home/lyara/areswave/models/Geophysical_model561.nd,nd,UNK,,,900.0,60.0,900.0,22.397000000000048,900.0,60.0,1101.621,16.801999999999907,1488.061,100.81099999999992,1686.284,60.0,0.41959411693195814,0.5102982740591372,0.4800635550167442,0.5804058830680419,0.4897017259408628,1
Geophysical_model34,/home/lyara/areswave/models/Geophysical_model34.nd,nd,UNK,,,1047.698,60.0,900.0,190.48699999999997,1047.698,60.0,1146.164,32.82199999999989,1490.792,65.64300000000003,1672.131,60.0,0.34236407295835936,0.5490729042821169,0.4801699605075311,0.6576359270416406,0.45092709571788314,1
Geophysical_model693,/home/lyara/areswave/models/Geophysical_model693.nd,nd,UNK,,,916.721,60.0,876.007,191.94399999999996,916.721,60.0,1117.378,33.442999999999984,1485.25,83.60799999999995,1683.376,60.0,0.288692291610701,0.5762524438101699,0.4803990597436803,0.711307708389299,0.4237475561898301,1
Geophysical_model792,/home/lyara/areswave/models/Geophysical_model792.nd,nd,UNK,,,900.0,60.0,900.0,20.659999999999968,900.0,60.0,1106.104,17.174999999999955,1483.961,103.05199999999991,1699.813,60.0,0.39603418596145057,0.5226735392186841,0.4804604214662729,0.6039658140385494,0.47732646078131585,1
Geophysical_model697,/home/lyara/areswave/models/Geophysical_model697.nd,nd,UNK,,,900.0,60.0,900.0,20.659999999999968,900.0,60.0,1106.104,17.174999999999955,1483.961,103.05199999999991,1699.813,60.0,0.39603418596145057,0.5226735392186841,0.4804604214662729,0.6039658140385494,0.47732646078131585,1
Geophysical_model882,/home/lyara/areswave/models/Geophysical_model882.nd,nd,UNK,,,900.0,60.0,900.0,20.659999999999968,900.0,60.0,1106.104,17.174999999999955,1483.961,103.05199999999991,1699.813,60.0,0.39603418596145057,0.5226735392186841,0.4804604214662729,0.6039658140385494,0.47732646078131585,1
Geophysical_model612,/home/lyara/areswave/models/Geophysical_model612.nd,nd,UNK,,,916.714,60.0,900.0,193.35500000000002,916.714,60.0,1117.28,33.42699999999991,1484.983,83.56899999999996,1683.1,60.0,0.3670645938872077,0.5375208215856838,0.4807020790195251,0.6329354061127923,0.4624791784143162,1
CD_model84,/home/lyara/areswave/models/CD_model84.nd,nd,UNK,,,,60.0,,60.0,,60.0,,60.0,,60.0,,60.0,0.2545171021272733,0.5938445912920711,0.4807354282371385,0.7454828978727267,0.4061554087079289,1
CD_model24,/home/lyara/areswave/models/CD_model24.nd,nd,UNK,,,,60.0,,60.0,,60.0,,60.0,,60.0,,60.0,0.35354060012709754,0.5443600606692626,0.4807535738218742,0.6464593998729025,0.45563993933073743,1
AK_model_44,/home/lyara/areswave/models/AK_model_44.nd,nd,UNK,,,1024.918,60.0,790.32,26.067000000000007,1024.918,60.0,1285.582,130.3320000000001,1494.114,26.067000000000007,1677.908,60.0,0.38231754095552095,0.5303551224046567,0.4810092619216115,0.617682459044479,0.46964487759534335,1
Geophysical_model440,/home/lyara/areswave/models/Geophysical_model440.nd,nd,UNK,,,966.559,60.0,900.0,181.32500000000005,966.559,60.0,1116.317,16.638999999999896,1449.111,99.83900000000017,1680.417,60.0,0.37570906531214,0.5341074623755485,0.48130799668774565,0.62429093468786,0.4658925376244515,1
Geophysical_model182,/home/lyara/areswave/models/Geophysical_model182.nd,nd,UNK,,,1099.994,60.0,900.0,180.69000000000005,1099.994,60.0,1116.66,16.66599999999994,1449.983,99.99699999999984,1681.374,60.0,0.37799720538003,0.5334162108603909,0.48160987570027064,0.62200279461997,0.4665837891396091,1
Geophysical_model671,/home/lyara/areswave/models/Geophysical_model671.nd,nd,UNK,,,1099.625,60.0,900.0,21.470000000000027,1099.625,60.0,1116.26,16.635999999999967,1465.604,99.81200000000013,1680.261,60.0,0.2394854925128478,0.6027089632750153,0.48163447302095946,0.7605145074871522,0.3972910367249847,1
MD_model78,/home/lyara/areswave/models/MD_model78.nd,nd,UNK,,,1001.327,60.0,824.502,10.40199999999993,1001.327,60.0,1136.547,166.42399999999998,1302.971,166.42399999999998,1591.73,60.0,0.3016301741560038,0.5725763689862158,0.48226097070947843,0.6983698258439962,0.42742363101378417,1
Geophysical_model419,/home/lyara/areswave/models/Geophysical_model419.nd,nd,UNK,,,983.998,60.0,876.703,186.37300000000005,983.998,60.0,1118.394,33.59899999999993,1471.183,100.79700000000003,1686.203,60.0,0.17520811944191994,0.6363128762165497,0.48261129062500646,0.8247918805580801,0.3636871237834502,1
Geophysical_model428,/home/lyara/areswave/models/Geophysical_model428.nd,nd,UNK,,,966.066,60.0,900.0,192.77999999999997,966.066,60.0,1114.715,16.516000000000076,1461.562,99.09899999999993,1675.956,60.0,0.2687737979586635,0.5895337031345651,0.4826137347425979,0.7312262020413365,0.41046629686543495,1
Geophysical_model193,/home/lyara/areswave/models/Geophysical_model193.nd,nd,UNK,,,999.708,60.0,900.0,195.71000000000004,999.708,60.0,1132.652,33.235999999999876,1498.248,99.70800000000008,1679.631,60.0,0.27150904922147046,0.5889459851906145,0.4831336732008998,0.7284909507785295,0.41105401480938547,1
Geophysical_model311,/home/lyara/areswave/models/Geophysical_model311.nd,nd,UNK,,,999.708,60.0,900.0,195.71000000000004,999.708,60.0,1132.652,33.235999999999876,1498.248,99.70800000000008,1679.631,60.0,0.27150904922147046,0.5889459851906145,0.4831336732008998,0.7284909507785295,0.41105401480938547,1
Geophysical_model408,/home/lyara/areswave/models/Geophysical_model408.nd,nd,UNK,,,949.973,60.0,900.0,193.77599999999995,949.973,60.0,1116.548,16.656999999999925,1449.698,99.94499999999994,1681.061,60.0,0.35446303834191817,0.547599833857505,0.483220902018976,0.6455369616580818,0.45240016614249495,1
Geophysical_model213,/home/lyara/areswave/models/Geophysical_model213.nd,nd,UNK,,,949.973,60.0,900.0,193.77599999999995,949.973,60.0,1116.548,16.656999999999925,1449.698,99.94499999999994,1681.061,60.0,0.35446303834191817,0.547599833857505,0.483220902018976,0.6455369616580818,0.45240016614249495,1
Geophysical_model113,/home/lyara/areswave/models/Geophysical_model113.nd,nd,UNK,,,949.973,60.0,900.0,193.77599999999995,949.973,60.0,1116.548,16.656999999999925,1449.698,99.94499999999994,1681.061,60.0,0.35446303834191817,0.547599833857505,0.483220902018976,0.6455369616580818,0.45240016614249495,1
Geophysical_model105,/home/lyara/areswave/models/Geophysical_model105.nd,nd,UNK,,,1001.023,60.0,876.565,187.47699999999998,1001.023,60.0,1118.883,33.674999999999955,1489.302,101.02399999999989,1687.568,60.0,0.1752271959630498,0.6378469746231618,0.4836403817364578,0.8247728040369502,0.36215302537683824,1
Geophysical_model183,/home/lyara/areswave/models/Geophysical_model183.nd,nd,UNK,,,1031.859,60.0,900.0,187.99699999999996,1031.859,60.0,1130.754,32.965000000000146,1493.366,82.41200000000003,1674.72,60.0,0.3371393377362353,0.5569333336901061,0.48366866837214917,0.6628606622637647,0.44306666630989383,1
Geophysical_model486,/home/lyara/areswave/models/Geophysical_model486.nd,nd,UNK,,,1031.859,60.0,900.0,187.99699999999996,1031.859,60.0,1130.754,32.965000000000146,1493.366,82.41200000000003,1674.72,60.0,0.3371393377362353,0.5569333336901061,0.48366866837214917,0.6628606622637647,0.44306666630989383,1
MD_model58,/home/lyara/areswave/models/MD_model58.nd,nd,UNK,,,900.043,60.0,768.768,121.17700000000002,900.043,60.0,1293.868,80.78499999999985,1314.064,30.294000000000096,1495.829,61.08600000000001,0.46122209629432287,0.49567595957101185,0.4841913384787822,0.5387779037056771,0.5043240404289882,1
Geophysical_model828,/home/lyara/areswave/models/Geophysical_model828.nd,nd,UNK,,,966.709,60.0,900.0,193.61599999999999,966.709,60.0,1133.481,33.35500000000002,1483.703,66.70900000000006,1681.776,60.0,0.16793274730991647,0.6424723262592535,0.48429246660947456,0.8320672526900835,0.3575276737407464,1
Geophysical_model601,/home/lyara/areswave/models/Geophysical_model601.nd,nd,UNK,,,916.693,60.0,877.681,178.54899999999998,916.693,60.0,1117.015,33.386000000000195,1484.271,83.46699999999987,1682.363,60.0,0.29831540015947267,0.577307952019215,0.4843104347326343,0.7016845998405273,0.4226920479807849,1
Geophysical_model692,/home/lyara/areswave/models/Geophysical_model692.nd,nd,UNK,,,1099.489,60.0,900.0,20.90599999999995,1099.489,60.0,1116.113,16.624000000000024,1465.218,99.74500000000012,1679.849,60.0,0.22828121885917307,0.6130203715576139,0.48477398732480026,0.7717187811408269,0.3869796284423861,1
Geophysical_model292,/home/lyara/areswave/models/Geophysical_model292.nd,nd,UNK,,,967.499,60.0,858.902,184.94100000000003,967.499,60.0,1119.373,33.75,1456.871,101.2489999999998,1688.933,60.0,0.27889106934687846,0.5881342010071782,0.4850531571204116,0.7211089306531215,0.4118657989928218,1
AK_model_88,/home/lyara/areswave/models/AK_model_88.nd,nd,UNK,,,1071.541,60.0,800.713,27.083000000000084,1071.541,60.0,1288.203,27.083000000000084,1342.368,54.164999999999964,1714.927,60.0,0.20707472988595255,0.6240712887422202,0.485072435790131,0.7929252701140475,0.37592871125777977,1
Geophysical_model843,/home/lyara/areswave/models/Geophysical_model843.nd,nd,UNK,,,900.0,60.0,900.0,183.55899999999997,900.0,60.0,1106.386,17.19900000000007,1467.561,85.99399999999991,1501.958,68.79599999999982,0.38659798464806483,0.5346637294153325,0.48530848115957664,0.6134020153519352,0.4653362705846676,1
Geophysical_model877,/home/lyara/areswave/models/Geophysical_model877.nd,nd,UNK,,,933.943,60.0,879.36,185.76099999999997,933.943,60.0,1120.631,33.942999999999984,1477.036,84.85800000000017,1692.437,60.0,0.4461379248774998,0.5064255710960606,0.48632968902320695,0.5538620751225002,0.4935744289039395,1
Geophysical_model142,/home/lyara/areswave/models/Geophysical_model142.nd,nd,UNK,,,966.81,60.0,900.0,180.188,966.81,60.0,1117.132,33.40499999999997,1484.587,100.21499999999992,1682.69,60.0,0.34079520246008577,0.559396021709201,0.4865290819594959,0.6592047975399142,0.440603978290799,1
CD_model71,/home/lyara/areswave/models/CD_model71.nd,nd,UNK,,,,60.0,,60.0,,60.0,,60.0,,60.0,,60.0,0.24007250708492245,0.6097805038218855,0.4865445049095645,0.7599274929150776,0.3902194961781144,1
Geophysical_model999,/home/lyara/areswave/models/Geophysical_model999.nd,nd,UNK,,,1086.489,60.0,900.0,21.298999999999978,1086.489,60.0,1103.443,16.952999999999975,1459.467,118.67499999999995,1691.782,60.0,0.275501803606479,0.5920873568354046,0.48655883909242936,0.724498196393521,0.40791264316459547,1
Geophysical_model725,/home/lyara/areswave/models/Geophysical_model725.nd,nd,UNK,,,916.724,60.0,876.418,188.65300000000002,916.724,60.0,1117.416,33.44800000000009,1485.35,83.62099999999987,1683.48,60.0,0.6038604521947698,0.42811419962561736,0.48669628381533486,0.3961395478052302,0.5718858003743826,1
Geophysical_model128,/home/lyara/areswave/models/Geophysical_model128.nd,nd,UNK,,,998.736,60.0,900.0,188.68399999999997,998.736,60.0,1130.385,32.91199999999981,1475.961,98.73699999999985,1673.765,60.0,0.2567837360079288,0.6018745452750517,0.48684427551934406,0.7432162639920712,0.3981254547249483,1
Geophysical_model62,/home/lyara/areswave/models/Geophysical_model62.nd,nd,UNK,,,1099.133,60.0,900.0,181.77599999999995,1099.133,60.0,1115.728,16.593999999999824,1431.022,99.56700000000001,1678.777,60.0,0.261852654923061,0.5993895679513512,0.4868772636085878,0.738147345076939,0.40061043204864877,1
Geophysical_model56,/home/lyara/areswave/models/Geophysical_model56.nd,nd,UNK,,,1015.15,60.0,876.661,186.71299999999997,1015.15,60.0,1130.3,32.90100000000007,1475.751,82.25,1673.548,60.0,0.4102113865946643,0.5258409967151213,0.48729779334163564,0.5897886134053357,0.4741590032848787,1
Geophysical_model832,/home/lyara/areswave/models/Geophysical_model832.nd,nd,UNK,,,949.951,60.0,900.0,180.49300000000005,949.951,60.0,1116.453,16.65000000000009,1499.409,83.2510000000002,1680.798,60.0,0.3808570697348157,0.5407364174397351,0.4874433015380953,0.6191429302651843,0.45926358256026484,1
Geophysical_model16,/home/lyara/areswave/models/Geophysical_model16.nd,nd,UNK,,,999.738,60.0,878.116,196.952,999.738,60.0,1116.099,16.623000000000047,1481.804,99.73799999999983,1679.811,60.0,0.33303102129732387,0.5651800695881621,0.4877970534912161,0.6669689787026761,0.4348199304118378,1
Geophysical_model302,/home/lyara/areswave/models/Geophysical_model302.nd,nd,UNK,,,933.563,60.0,900.0,195.716,933.563,60.0,1101.377,16.78099999999995,1453.786,100.68900000000008,1685.548,60.0,0.4390288394552754,0.5131796263518178,0.4884626973863037,0.5609711605447246,0.48682037364818215,1
AK_model_20,/home/lyara/areswave/models/AK_model_20.nd,nd,UNK,,,1062.423,60.0,820.847,26.841999999999985,1062.423,60.0,1277.158,26.84199999999987,1330.842,53.68399999999997,1702.21,60.0,0.25723224585617166,0.604749738932284,0.48891057457357984,0.7427677541438283,0.39525026106771605,1
MD_model32,/home/lyara/areswave/models/MD_model32.nd,nd,UNK,,,997.466,60.0,794.657,10.139999999999986,997.466,60.0,1129.292,141.96699999999987,1352.383,111.54500000000007,1504.49,60.807000000000016,0.20420033621226785,0.6313504351694845,0.48896706885041236,0.7957996637877321,0.3686495648305155,1
Geophysical_model564,/home/lyara/areswave/models/Geophysical_model564.nd,nd,UNK,,,1099.625,60.0,900.0,21.491999999999962,1099.625,60.0,1116.26,16.635999999999967,1465.604,99.81200000000013,1680.261,60.0,0.18584696653374333,0.6405699027181873,0.488995590656706,0.8141530334662567,0.3594300972818128,1
Geophysical_model791,/home/lyara/areswave/models/Geophysical_model791.nd,nd,UNK,,,1084.693,60.0,900.0,22.44100000000003,1084.693,60.0,1101.483,16.789999999999964,1487.659,100.74200000000019,1685.869,60.0,0.23433870486470876,0.6163616480855272,0.48902066701192104,0.7656612951352912,0.3836383519144728,1
Geophysical_model734,/home/lyara/areswave/models/Geophysical_model734.nd,nd,UNK,,,1084.693,60.0,900.0,22.44100000000003,1084.693,60.0,1101.483,16.789999999999964,1487.659,100.74200000000019,1685.869,60.0,0.23433870486470876,0.6163616480855272,0.48902066701192104,0.7656612951352912,0.3836383519144728,1
Geophysical_model31,/home/lyara/areswave/models/Geophysical_model31.nd,nd,UNK,,,983.237,60.0,879.302,186.28300000000002,983.237,60.0,1116.417,16.64800000000014,1466.015,99.88400000000001,1680.698,60.0,0.38986695376933067,0.5386911158392093,0.4890830618159164,0.6101330462306693,0.46130888416079074,1
Geophysical_model351,/home/lyara/areswave/models/Geophysical_model351.nd,nd,UNK,,,916.856,60.0,900.0,181.22000000000003,916.856,60.0,1102.271,16.855999999999995,1439.389,101.13499999999999,1688.246,60.0,0.34244746917919655,0.5625758769788411,0.4891997410456263,0.6575525308208034,0.4374241230211588,1
MD_model34,/home/lyara/areswave/models/MD_model34.nd,nd,UNK,,,1024.891,60.0,743.373,194.89800000000002,1024.891,60.0,1295.582,21.6550000000002,1371.376,75.79299999999989,1635.565,60.0,0.45804007989849527,0.5048986149545116,0.48927910326917284,0.5419599201015047,0.49510138504548834,1
Geophysical_model454,/home/lyara/areswave/models/Geophysical_model454.nd,nd,UNK,,,1031.52,60.0,900.0,186.462,1031.52,60.0,1130.159,32.87999999999988,1475.398,82.19900000000007,1673.183,60.0,0.4487197459142117,0.5099418247445928,0.4895344651344658,0.5512802540857883,0.49005817525540724,1
Geophysical_model786,/home/lyara/areswave/models/Geophysical_model786.nd,nd,UNK,,,900.0,60.0,900.0,185.40200000000004,900.0,60.0,1106.136,17.17800000000011,1466.874,85.88999999999987,1699.91,60.0,0.18118544461891228,0.6443461428647879,0.489959243449496,0.8188145553810877,0.35565385713521214,1
Geophysical_model580,/home/lyara/areswave/models/Geophysical_model580.nd,nd,UNK,,,900.0,60.0,900.0,185.40200000000004,900.0,60.0,1106.136,17.17800000000011,1466.874,85.88999999999987,1699.91,60.0,0.18118544461891228,0.6443461428647879,0.489959243449496,0.8188145553810877,0.35565385713521214,1
MD_model25,/home/lyara/areswave/models/MD_model25.nd,nd,UNK,,,906.668,60.0,896.424,194.63299999999992,906.668,60.0,1295.935,81.95100000000002,1306.179,30.73199999999997,1500.813,60.924999999999955,0.2480070636596361,0.61097424743707,0.48998518617792536,0.7519929363403639,0.38902575256293004,1
Geophysical_model102,/home/lyara/areswave/models/Geophysical_model102.nd,nd,UNK,,,1016.295,60.0,900.0,198.32399999999996,1016.295,60.0,1132.589,33.22699999999986,1464.86,99.68200000000002,1679.468,60.0,0.21773158876342702,0.6262838768032493,0.4900997807899752,0.782268411236573,0.37371612319675074,1
MD_model17,/home/lyara/areswave/models/MD_model17.nd,nd,UNK,,,1094.831,60.0,723.03,196.836,1094.831,60.0,1193.249,185.89999999999986,1411.956,98.41799999999989,1645.069,60.0,0.3691817437035383,0.5507097181339079,0.4902003933237847,0.6308182562964617,0.4492902818660921,1
Geophysical_model930,/home/lyara/areswave/models/Geophysical_model930.nd,nd,UNK,,,1085.282,60.0,900.0,29.508000000000038,1085.282,60.0,1102.126,16.84400000000005,1455.847,101.0630000000001,1687.809,60.0,0.22774378421321073,0.621464107307788,0.49022399960959556,0.7722562157867893,0.37853589269221205,1
Geophysical_model962,/home/lyara/areswave/models/Geophysical_model962.nd,nd,UNK,,,1085.282,60.0,900.0,29.508000000000038,1085.282,60.0,1102.126,16.84400000000005,1455.847,101.0630000000001,1687.809,60.0,0.22774378421321073,0.621464107307788,0.49022399960959556,0.7722562157867893,0.37853589269221205,1
AK_model_82,/home/lyara/areswave/models/AK_model_82.nd,nd,UNK,,,1066.874,60.0,841.141,25.081000000000017,1066.874,60.0,1292.606,50.162000000000035,1342.769,50.16300000000001,1675.283,60.0,0.19038594718192703,0.6403774097762831,0.49038025557816445,0.809614052818073,0.35962259022371684,1
Geophysical_model694,/home/lyara/areswave/models/Geophysical_model694.nd,nd,UNK,,,900.0,60.0,900.0,179.832,900.0,60.0,1118.299,33.585000000000036,1487.729,100.75299999999993,1685.941,60.0,0.2350361352126188,0.6180758334087577,0.4903959340100448,0.7649638647873812,0.38192416659124234,1
Geophysical_model133,/home/lyara/areswave/models/Geophysical_model133.nd,nd,UNK,,,1098.133,60.0,900.0,196.67700000000002,1098.133,60.0,1147.666,16.510999999999967,1494.399,66.04399999999987,1675.759,60.0,0.4345008172410826,0.5185551182913568,0.4905370179412654,0.5654991827589174,0.4814448817086432,1
CD_model76,/home/lyara/areswave/models/CD_model76.nd,nd,UNK,,,,60.0,,60.0,,60.0,,60.0,,60.0,,60.0,0.42361837380347545,0.5255407218630734,0.4915666058432075,0.5763816261965246,0.4744592781369265,1
Geophysical_model264,/home/lyara/areswave/models/Geophysical_model264.nd,nd,UNK,,,966.81,60.0,900.0,179.33100000000002,966.81,60.0,1117.132,33.40499999999997,1451.182,100.21499999999992,1682.69,60.0,0.3251191792281234,0.574835934369222,0.4915970159888558,0.6748808207718766,0.425164065630778,1
Geophysical_model926,/home/lyara/areswave/models/Geophysical_model926.nd,nd,UNK,,,933.844,60.0,879.594,183.65200000000004,933.844,60.0,1119.984,33.84400000000005,1492.265,84.60900000000015,1690.635,60.0,0.23902046984233205,0.6185766638585966,0.49205793251984176,0.760979530157668,0.3814233361414034,1
CD_model52,/home/lyara/areswave/models/CD_model52.nd,nd,UNK,,,,60.0,,60.0,,60.0,,60.0,,60.0,,60.0,0.2762017368634142,0.6015818212228509,0.49312179310303866,0.7237982631365858,0.39841817877714913,1
Geophysical_model149,/home/lyara/areswave/models/Geophysical_model149.nd,nd,UNK,,,1033.261,60.0,900.0,182.78700000000003,1033.261,60.0,1133.207,33.315000000000055,1499.676,83.28800000000001,1681.067,60.0,0.42353586353796135,0.528079140125885,0.4932313812632438,0.5764641364620386,0.47192085987411503,1
Geophysical_model19,/home/lyara/areswave/models/Geophysical_model19.nd,nd,UNK,,,1033.261,60.0,900.0,182.78700000000003,1033.261,60.0,1133.207,33.315000000000055,1499.676,83.28800000000001,1681.067,60.0,0.42353586353796135,0.528079140125885,0.4932313812632438,0.5764641364620386,0.47192085987411503,1
Geophysical_model512,/home/lyara/areswave/models/Geophysical_model512.nd,nd,UNK,,,933.807,60.0,900.0,183.49300000000005,933.807,60.0,1119.743,33.807000000000016,1491.615,84.51700000000005,1689.962,60.0,0.19402409346220395,0.6433153951220669,0.4935516279021126,0.805975906537796,0.356684604877933,1
Geophysical_model996,/home/lyara/areswave/models/Geophysical_model996.nd,nd,UNK,,,916.723,60.0,877.828,199.54899999999998,916.723,60.0,1117.396,33.44599999999991,1485.297,83.61400000000003,1683.425,60.0,0.21631495113483268,0.632258065063184,0.49361036042040024,0.7836850488651673,0.36774193493681595,1
Geophysical_model566,/home/lyara/areswave/models/Geophysical_model566.nd,nd,UNK,,,916.723,60.0,877.828,199.54899999999998,916.723,60.0,1117.396,33.44599999999991,1485.297,83.61400000000003,1683.425,60.0,0.21631495113483268,0.632258065063184,0.49361036042040024,0.7836850488651673,0.36774193493681595,1
Geophysical_model681,/home/lyara/areswave/models/Geophysical_model681.nd,nd,UNK,,,916.723,60.0,877.828,199.54899999999998,916.723,60.0,1117.396,33.44599999999991,1485.297,83.61400000000003,1683.425,60.0,0.21631495113483268,0.632258065063184,0.49361036042040024,0.7836850488651673,0.36774193493681595,1
Geophysical_model200,/home/lyara/areswave/models/Geophysical_model200.nd,nd,UNK,,,933.606,60.0,900.0,183.88699999999994,933.606,60.0,1101.635,16.80300000000011,1437.694,117.62099999999987,1686.328,60.0,0.3636749069829798,0.5593488371633393,0.49412419376988614,0.6363250930170202,0.4406511628366608,1
Geophysical_model762,/home/lyara/areswave/models/Geophysical_model762.nd,nd,UNK,,,933.422,60.0,900.0,184.31399999999996,933.422,60.0,1117.244,33.423,1484.889,83.55599999999981,1683.002,60.0,0.36394592710268925,0.5594548378592101,0.4942852009403698,0.6360540728973108,0.4405451621407899,1
AK_model_55,/home/lyara/areswave/models/AK_model_55.nd,nd,UNK,,,1024.297,60.0,845.36,25.562000000000012,1024.297,60.0,1152.109,102.24900000000002,1382.171,51.125,1667.971,60.0,0.25202969745096604,0.6155363817899528,0.4943674870102906,0.747970302549034,0.38446361821004715,1
Geophysical_model636,/home/lyara/areswave/models/Geophysical_model636.nd,nd,UNK,,,900.0,60.0,900.0,178.87,900.0,60.0,1118.565,33.625,1471.633,100.87599999999998,1686.682,60.0,0.13339107984612864,0.675021579089051,0.49447807934141025,0.8666089201538714,0.324978420910949,1
CD_model60,/home/lyara/areswave/models/CD_model60.nd,nd,UNK,,,,60.0,,60.0,,60.0,,60.0,,60.0,,60.0,0.5172656373597878,0.48318133388591933,0.49454276837720884,0.4827343626402122,0.5168186661140807,1
Geophysical_model130,/home/lyara/areswave/models/Geophysical_model130.nd,nd,UNK,,,1031.687,60.0,900.0,185.29399999999998,1031.687,60.0,1130.452,32.922000000000025,1492.591,82.30399999999986,1673.94,60.0,0.2893974771000418,0.5973850681540747,0.4947225378027304,0.7106025228999582,0.4026149318459253,1
Geophysical_model751,/home/lyara/areswave/models/Geophysical_model751.nd,nd,UNK,,,1050.167,60.0,900.0,21.375999999999976,1050.167,60.0,1100.223,33.371000000000095,1483.984,100.11099999999988,1682.066,60.0,0.39099409816209796,0.546594496354383,0.4947276969569547,0.609005901837902,0.453405503645617,1
Geophysical_model760,/home/lyara/areswave/models/Geophysical_model760.nd,nd,UNK,,,1050.167,60.0,900.0,21.375999999999976,1050.167,60.0,1100.223,33.371000000000095,1483.984,100.11099999999988,1682.066,60.0,0.39099409816209796,0.546594496354383,0.4947276969569547,0.609005901837902,0.453405503645617,1
Geophysical_model676,/home/lyara/areswave/models/Geophysical_model676.nd,nd,UNK,,,1050.167,60.0,900.0,21.375999999999976,1050.167,60.0,1100.223,33.371000000000095,1483.984,100.11099999999988,1682.066,60.0,0.39099409816209796,0.546594496354383,0.4947276969569547,0.609005901837902,0.453405503645617,1
Geophysical_model677,/home/lyara/areswave/models/Geophysical_model677.nd,nd,UNK,,,1050.167,60.0,900.0,21.375999999999976,1050.167,60.0,1100.223,33.371000000000095,1483.984,100.11099999999988,1682.066,60.0,0.39099409816209796,0.546594496354383,0.4947276969569547,0.609005901837902,0.453405503645617,1
Geophysical_model870,/home/lyara/areswave/models/Geophysical_model870.nd,nd,UNK,,,900.0,60.0,859.178,183.70100000000002,900.0,60.0,1106.522,17.210000000000036,1485.145,86.04999999999995,1502.356,68.83999999999992,0.21392523707995792,0.6354316213985336,0.49492949329234176,0.7860747629200421,0.3645683786014664,1
MD_model33,/home/lyara/areswave/models/MD_model33.nd,nd,UNK,,,1018.87,60.0,748.052,187.49,1018.87,60.0,1279.273,20.832000000000107,1362.602,72.91300000000001,1579.187,60.0,0.1340154476022205,0.6754728921500246,0.49498707730075653,0.8659845523977795,0.3245271078499754,1
Geophysical_model631,/home/lyara/areswave/models/Geophysical_model631.nd,nd,UNK,,,933.855,60.0,900.0,186.07600000000002,933.855,60.0,1120.056,33.85500000000002,1492.459,84.63700000000017,1690.835,60.0,0.265375118470384,0.6100390692479636,0.49515108565543703,0.734624881529616,0.3899609307520364,1
CD_model72,/home/lyara/areswave/models/CD_model72.nd,nd,UNK,,,,60.0,,60.0,,60.0,,60.0,,60.0,,60.0,0.3090526136678826,0.5907918450374197,0.4968787679142406,0.6909473863321174,0.4092081549625803,1
MD_model10,/home/lyara/areswave/models/MD_model10.nd,nd,UNK,,,1002.201,60.0,801.147,10.581999999999994,1002.201,60.0,1245.582,137.56400000000008,1372.563,190.47199999999998,1611.713,60.0,0.364625469958595,0.5633797284958227,0.49712830898341354,0.635374530041405,0.43662027150417726,1
MD_model81,/home/lyara/areswave/models/MD_model81.nd,nd,UNK,,,935.619,60.0,731.217,182.88599999999997,935.619,60.0,1290.631,53.79000000000019,1301.389,60.0,1629.021,60.0,0.4144801527734616,0.5391657580125666,0.4976038895995316,0.5855198472265384,0.4608342419874334,1
AK_model_19,/home/lyara/areswave/models/AK_model_19.nd,nd,UNK,,,1045.493,60.0,811.971,25.947000000000003,1045.493,60.0,1279.016,25.947000000000116,1330.909,51.89300000000003,1670.7,60.0,0.35776039300953577,0.5676118303845432,0.49766135125954075,0.6422396069904642,0.43238816961545684,1
Geophysical_model563,/home/lyara/areswave/models/Geophysical_model563.nd,nd,UNK,,,1087.281,60.0,900.0,22.385999999999967,1087.281,60.0,1104.307,17.02500000000009,1461.843,119.17900000000009,1694.389,60.0,0.20358513173119663,0.6447009700623643,0.49766235728530833,0.7964148682688034,0.3552990299376358,1
Geophysical_model197,/home/lyara/areswave/models/Geophysical_model197.nd,nd,UNK,,,1049.881,60.0,900.0,183.15499999999997,1049.881,60.0,1133.149,33.307000000000016,1466.219,83.26800000000003,1680.916,60.0,0.17736863220234245,0.6578385162779111,0.4976818882527216,0.8226313677976576,0.3421614837220889,1
Geophysical_model818,/home/lyara/areswave/models/Geophysical_model818.nd,nd,UNK,,,966.709,60.0,900.0,193.66600000000005,966.709,60.0,1133.481,33.35500000000002,1483.703,66.70900000000006,1681.776,60.0,0.26943983311282016,0.6121642325580532,0.49792276607630886,0.7305601668871798,0.38783576744194687,1
Geophysical_model770,/home/lyara/areswave/models/Geophysical_model770.nd,nd,UNK,,,950.781,60.0,900.0,183.56899999999996,950.781,60.0,1136.977,33.85400000000004,1492.442,67.70700000000011,1690.818,60.0,0.1598118608294009,0.6678991831798665,0.49853674239637796,0.8401881391705991,0.3321008168201335,1
Geophysical_model119,/home/lyara/areswave/models/Geophysical_model119.nd,nd,UNK,,,1064.102,60.0,900.0,191.78599999999994,1064.102,60.0,1146.153,32.819999999999936,1490.767,65.6400000000001,1672.105,60.0,0.32665514497277803,0.585044095479681,0.4989144453107133,0.673344855027222,0.4149559045203191,1
Geophysical_model55,/home/lyara/areswave/models/Geophysical_model55.nd,nd,UNK,,,1064.102,60.0,900.0,191.78599999999994,1064.102,60.0,1146.153,32.819999999999936,1490.767,65.6400000000001,1672.105,60.0,0.32665514497277803,0.585044095479681,0.4989144453107133,0.673344855027222,0.4149559045203191,1
AK_model_48,/home/lyara/areswave/models/AK_model_48.nd,nd,UNK,,,1008.347,60.0,797.627,26.339999999999918,1008.347,60.0,1298.086,131.70000000000005,1482.466,52.679999999999836,1692.058,60.0,0.3822137935665093,0.5573261260595439,0.4989553485618657,0.6177862064334907,0.44267387394045615,1
Geophysical_model46,/home/lyara/areswave/models/Geophysical_model46.nd,nd,UNK,,,1049.531,60.0,900.0,179.79999999999995,1049.531,60.0,1132.603,33.22900000000004,1498.123,83.07300000000009,1679.504,60.0,0.23979624452098158,0.6300310004368801,0.49995274846491394,0.7602037554790184,0.36996899956311985,1
MD_model66,/home/lyara/areswave/models/MD_model66.nd,nd,UNK,,,988.043,60.0,741.78,10.260999999999967,988.043,60.0,1131.696,30.7829999999999,1429.263,41.04300000000012,1581.866,60.0,0.4453576765653836,0.52726646660498,0.4999635365917812,0.5546423234346164,0.47273353339502,1
MD_model28,/home/lyara/areswave/models/MD_model28.nd,nd,UNK,,,969.799,60.0,817.032,185.50200000000007,969.799,60.0,1297.155,43.64799999999991,1340.802,98.2059999999999,1649.766,60.0,0.22591184169312373,0.6372869551847146,0.5001619173541844,0.7740881583068763,0.36271304481528543,1
Geophysical_model529,/home/lyara/areswave/models/Geophysical_model529.nd,nd,UNK,,,916.577,60.0,878.227,195.957,916.577,60.0,1115.503,16.576999999999998,1480.2,99.46299999999997,1678.151,60.0,0.23427276559030308,0.6333450545458097,0.5003209582273075,0.7657272344096969,0.36665494545419036,1
CD_model58,/home/lyara/areswave/models/CD_model58.nd,nd,UNK,,,,60.0,,60.0,,60.0,,60.0,,60.0,,60.0,0.21160141688310774,0.6452976895885252,0.500732265353386,0.7883985831168923,0.3547023104114749,1
Geophysical_model937,/home/lyara/areswave/models/Geophysical_model937.nd,nd,UNK,,,916.589,60.0,878.454,193.918,916.589,60.0,1115.651,16.588999999999942,1497.188,99.53100000000018,1678.564,60.0,0.3464958395527432,0.5782249542509001,0.5009819160181812,0.6535041604472568,0.42177504574909985,1
Geophysical_model586,/home/lyara/areswave/models/Geophysical_model586.nd,nd,UNK,,,1099.57,60.0,900.0,21.057999999999993,1099.57,60.0,1116.201,16.631000000000085,1465.45,99.78499999999985,1680.096,60.0,0.3955896545878391,0.5543364662395,0.501420862355613,0.6044103454121609,0.44566353376050005,1
MD_model23,/home/lyara/areswave/models/MD_model23.nd,nd,UNK,,,932.566,60.0,762.339,180.86599999999999,932.566,60.0,1273.019,74.47499999999991,1326.215,31.917000000000144,1608.988,60.0,0.376176143498822,0.5646121092389689,0.5018001206589199,0.623823856501178,0.4353878907610312,1
Geophysical_model125,/home/lyara/areswave/models/Geophysical_model125.nd,nd,UNK,,,983.004,60.0,878.65,192.14800000000002,983.004,60.0,1115.809,16.601000000000113,1497.625,99.60400000000004,1679.004,60.0,0.5730029454085732,0.46699417213027006,0.5023304298897044,0.42699705459142684,0.5330058278697299,1
MD_model67,/home/lyara/areswave/models/MD_model67.nd,nd,UNK,,,988.648,60.0,733.806,10.617999999999938,988.648,60.0,1105.451,10.617999999999938,1424.004,31.855000000000018,1620.994,60.0,0.2306759838333441,0.6391708331431714,0.5030058833732289,0.7693240161666559,0.3608291668568286,1
CD_model32,/home/lyara/areswave/models/CD_model32.nd,nd,UNK,,,,60.0,,60.0,,60.0,,60.0,,60.0,,60.0,0.27943456747773543,0.6150473977894461,0.5031764543522091,0.7205654325222646,0.38495260221055394,1
AK_model_39,/home/lyara/areswave/models/AK_model_39.nd,nd,UNK,,,1029.679,60.0,815.46,26.777000000000044,1029.679,60.0,1297.451,107.10899999999992,1431.337,160.664,1695.529,60.0,0.2879772837372283,0.6113041014578584,0.5035284955509817,0.7120227162627717,0.38869589854214154,1
CD_model77,/home/lyara/areswave/models/CD_model77.nd,nd,UNK,,,,60.0,,60.0,,60.0,,60.0,,60.0,,60.0,0.32451561401545836,0.5931955579792759,0.5036355766580034,0.6754843859845416,0.4068044420207241,1
Geophysical_model134,/home/lyara/areswave/models/Geophysical_model134.nd,nd,UNK,,,982.649,60.0,876.764,185.889,982.649,60.0,1114.887,16.529999999999973,1462.012,115.70799999999986,1676.435,60.0,0.2665822212802117,0.6222002452705955,0.5036609039404675,0.7334177787197883,0.3777997547294045,1
Geophysical_model746,/home/lyara/areswave/models/Geophysical_model746.nd,nd,UNK,,,966.806,60.0,900.0,177.86599999999999,966.806,60.0,1133.823,33.40299999999979,1484.557,66.80700000000002,1682.659,60.0,0.2897265523233721,0.6112151623873212,0.5040522923660048,0.7102734476766279,0.38878483761267885,1
Geophysical_model826,/home/lyara/areswave/models/Geophysical_model826.nd,nd,UNK,,,1088.334,60.0,900.0,20.698999999999955,1088.334,60.0,1105.456,17.121000000000095,1465.003,119.85000000000014,1697.857,60.0,0.3237598860154818,0.5949066767494456,0.5045244131714577,0.6762401139845182,0.40509332325055436,1
Geophysical_model396,/home/lyara/areswave/models/Geophysical_model396.nd,nd,UNK,,,949.68,60.0,900.0,188.73199999999997,949.68,60.0,1115.279,16.559999999999945,1446.478,99.3599999999999,1677.528,60.0,0.5531130187187572,0.48133129649986894,0.5052585372394983,0.44688698128124277,0.5186687035001311,1
Geophysical_model112,/home/lyara/areswave/models/Geophysical_model112.nd,nd,UNK,,,1098.133,60.0,900.0,196.45600000000002,1098.133,60.0,1147.666,33.02300000000014,1477.888,66.04399999999987,1675.759,60.0,0.2759793534269177,0.6199440234362663,0.5052891334331501,0.7240206465730823,0.38005597656373363,1
Geophysical_model405,/home/lyara/areswave/models/Geophysical_model405.nd,nd,UNK,,,1047.083,60.0,900.0,186.64499999999998,1047.083,60.0,1145.138,32.684999999999945,1488.33,65.36999999999989,1669.654,60.0,0.3689171421918074,0.5742586514367557,0.5058114816884396,0.6310828578081926,0.4257413485632443,1
CD_model73,/home/lyara/areswave/models/CD_model73.nd,nd,UNK,,,,60.0,,60.0,,60.0,,60.0,,60.0,,60.0,0.1491408027116442,0.6843298883091562,0.5059335264433189,0.8508591972883558,0.31567011169084375,1
Geophysical_model94,/home/lyara/areswave/models/Geophysical_model94.nd,nd,UNK,,,983.071,60.0,878.665,192.014,983.071,60.0,1115.985,16.614000000000033,1464.884,99.68600000000015,1679.494,60.0,0.3195131746842633,0.5992541345512685,0.5060071479289334,0.6804868253157367,0.4007458654487314,1
Geophysical_model39,/home/lyara/areswave/models/Geophysical_model39.nd,nd,UNK,,,1032.972,60.0,877.469,180.25099999999998,1032.972,60.0,1132.701,33.243000000000166,1498.374,83.10699999999997,1679.757,60.0,0.3288386300409021,0.5951572453184433,0.5063843735592629,0.6711613699590979,0.4048427546815567,1
Geophysical_model66,/home/lyara/areswave/models/Geophysical_model66.nd,nd,UNK,,,983.237,60.0,879.302,186.28300000000002,983.237,60.0,1116.417,16.64800000000014,1466.015,99.88400000000001,1680.698,60.0,0.3543564978964685,0.5828231232743184,0.5066675814817018,0.6456435021035315,0.41717687672568154,1
AK_model_84,/home/lyara/areswave/models/AK_model_84.nd,nd,UNK,,,1086.523,60.0,887.59,24.865999999999985,1086.523,60.0,1285.455,24.866999999999962,1360.055,74.60000000000014,1666.648,60.0,0.2080007797017943,0.6561303070938862,0.506753797963189,0.7919992202982057,0.34386969290611386,1
CD_model95,/home/lyara/areswave/models/CD_model95.nd,nd,UNK,,,,60.0,,60.0,,60.0,,60.0,,60.0,,60.0,0.2456358692286119,0.6377565808080632,0.5070496769482461,0.7543641307713881,0.36224341919193687,1
Geophysical_model783,/home/lyara/areswave/models/Geophysical_model783.nd,nd,UNK,,,916.648,60.0,877.515,179.87800000000004,916.648,60.0,1116.419,16.64799999999991,1499.315,99.88499999999999,1680.704,60.0,0.3033114846459909,0.6089335729452067,0.5070595435121348,0.6966885153540091,0.39106642705479333,1
Geophysical_model797,/home/lyara/areswave/models/Geophysical_model797.nd,nd,UNK,,,933.11,60.0,878.025,197.77800000000002,933.11,60.0,1115.217,16.554999999999836,1479.431,99.33100000000013,1677.355,60.0,0.23662799730866424,0.6424551919145677,0.5071794603792665,0.7633720026913358,0.3575448080854323,1
Geophysical_model983,/home/lyara/areswave/models/Geophysical_model983.nd,nd,UNK,,,933.343,60.0,900.0,178.96400000000006,933.343,60.0,1116.73,33.343000000000075,1483.505,83.35800000000017,1681.57,60.0,0.48734796889882415,0.5171384484060448,0.5072082885703045,0.5126520311011759,0.4828615515939551,1
MD_model53,/home/lyara/areswave/models/MD_model53.nd,nd,UNK,,,903.72,60.0,838.985,183.4129999999999,903.72,60.0,1292.124,75.52299999999991,1324.491,32.36699999999996,1620.805,60.0,0.42675566031281464,0.5481688936885463,0.5076978158966358,0.5732443396871854,0.4518311063114537,1
CD_model42,/home/lyara/areswave/models/CD_model42.nd,nd,UNK,,,,60.0,,60.0,,60.0,,60.0,,60.0,,60.0,0.19413150093816722,0.6645169081580451,0.5077217724180858,0.8058684990618328,0.33548309184195496,1
Geophysical_model680,/home/lyara/areswave/models/Geophysical_model680.nd,nd,UNK,,,1099.489,60.0,900.0,21.152000000000044,1099.489,60.0,1116.113,16.624000000000024,1465.218,99.74500000000012,1679.849,60.0,0.5923850650491308,0.4654230566149278,0.5077437260929955,0.4076149349508692,0.5345769433850722,1
Geophysical_model110,/home/lyara/areswave/models/Geophysical_model110.nd,nd,UNK,,,1032.978,60.0,900.0,189.19899999999996,1032.978,60.0,1132.711,33.24400000000014,1498.399,83.11099999999988,1679.782,60.0,0.21688227256923376,0.6532816224135476,0.507815172465443,0.7831177274307662,0.3467183775864524,1
Geophysical_model779,/home/lyara/areswave/models/Geophysical_model779.nd,nd,UNK,,,933.604,60.0,877.962,198.34299999999996,933.604,60.0,1118.427,33.60400000000004,1488.074,84.01099999999997,1686.298,60.0,0.23479701422636046,0.6447459857596772,0.508096328581905,0.7652029857736395,0.35525401424032277,1
Geophysical_model386,/home/lyara/areswave/models/Geophysical_model386.nd,nd,UNK,,,967.7,60.0,900.0,181.90800000000002,967.7,60.0,1120.025,33.850000000000136,1458.525,118.47499999999991,1690.748,60.0,0.25702509967138265,0.6340513881727029,0.5083759586722628,0.7429749003286173,0.3659486118272971,1
Geophysical_model397,/home/lyara/areswave/models/Geophysical_model397.nd,nd,UNK,,,967.7,60.0,900.0,181.90800000000002,967.7,60.0,1120.025,33.850000000000136,1458.525,118.47499999999991,1690.748,60.0,0.25702509967138265,0.6340513881727029,0.5083759586722628,0.7429749003286173,0.3659486118272971,1
Geophysical_model406,/home/lyara/areswave/models/Geophysical_model406.nd,nd,UNK,,,999.801,60.0,900.0,193.60699999999997,999.801,60.0,1116.236,16.63299999999981,1482.173,99.80099999999993,1680.192,60.0,0.24647793301328236,0.6394924795699242,0.5084876307177102,0.7535220669867176,0.3605075204300759,1
CD_model68,/home/lyara/areswave/models/CD_model68.nd,nd,UNK,,,,60.0,,60.0,,60.0,,60.0,,60.0,,60.0,0.47041786337526437,0.5277242464262224,0.5086221187425698,0.5295821366247356,0.47227575357377755,1
Geophysical_model868,/home/lyara/areswave/models/Geophysical_model868.nd,nd,UNK,,,949.989,60.0,900.0,186.74199999999996,949.989,60.0,1133.282,33.32600000000002,1483.205,83.31499999999983,1681.261,60.0,0.16922061883374295,0.6785690849268424,0.5087862628958093,0.830779381166257,0.3214309150731576,1
Geophysical_model294,/home/lyara/areswave/models/Geophysical_model294.nd,nd,UNK,,,1001.298,60.0,861.612,191.938,1001.298,60.0,1119.479,33.76700000000005,1474.023,101.298,1689.229,60.0,0.269883812756206,0.6287142887319401,0.5091041300733621,0.730116187243794,0.3712857112680598,1
Geophysical_model154,/home/lyara/areswave/models/Geophysical_model154.nd,nd,UNK,,,1096.756,60.0,900.0,198.57399999999996,1096.756,60.0,1145.945,32.79299999999989,1490.267,65.58500000000004,1671.602,60.0,0.2059405224540909,0.6610097189894903,0.5093199868110239,0.7940594775459091,0.33899028101050965,1
Geophysical_model691,/home/lyara/areswave/models/Geophysical_model691.nd,nd,UNK,,,900.0,60.0,900.0,179.015,900.0,60.0,1119.258,33.73199999999997,1490.311,101.19599999999991,1688.613,60.0,0.44186996758867036,0.5432831984720414,0.5094787881775844,0.5581300324113296,0.45671680152795857,1
Geophysical_model782,/home/lyara/areswave/models/Geophysical_model782.nd,nd,UNK,,,900.0,60.0,900.0,179.015,900.0,60.0,1119.258,33.73199999999997,1490.311,101.19599999999991,1688.613,60.0,0.44186996758867036,0.5432831984720414,0.5094787881775844,0.5581300324113296,0.45671680152795857,1
Geophysical_model656,/home/lyara/areswave/models/Geophysical_model656.nd,nd,UNK,,,900.0,60.0,900.0,179.015,900.0,60.0,1119.258,33.73199999999997,1490.311,101.19599999999991,1688.613,60.0,0.44186996758867036,0.5432831984720414,0.5094787881775844,0.5581300324113296,0.45671680152795857,1
MD_model93,/home/lyara/areswave/models/MD_model93.nd,nd,UNK,,,1028.365,60.0,811.573,195.11299999999994,1028.365,60.0,1288.514,75.87699999999995,1321.033,21.679000000000087,1639.515,60.0,0.2505484493860378,0.6391026584303603,0.5095845887489195,0.7494515506139622,0.3608973415696397,1
Geophysical_model912,/home/lyara/areswave/models/Geophysical_model912.nd,nd,UNK,,,916.723,60.0,900.0,178.98699999999997,916.723,60.0,1117.396,33.44599999999991,1468.574,83.61400000000003,1683.425,60.0,0.21245548616608978,0.6582541496855825,0.509654595179085,0.7875445138339102,0.3417458503144175,1
Geophysical_model118,/home/lyara/areswave/models/Geophysical_model118.nd,nd,UNK,,,965.822,60.0,859.686,181.41200000000003,965.822,60.0,1113.92,16.455999999999904,1459.484,115.1869999999999,1673.742,60.0,0.4243345435038097,0.5526633659386504,0.5098870917937035,0.5756654564961903,0.44733663406134955,1
MD_model48,/home/lyara/areswave/models/MD_model48.nd,nd,UNK,,,929.177,60.0,788.375,191.08799999999997,929.177,60.0,1281.18,60.343000000000075,1301.295,60.0,1482.325,61.521999999999935,0.3439364029591858,0.5934834454825644,0.5103010979747715,0.6560635970408142,0.4065165545174357,1
MD_model84,/home/lyara/areswave/models/MD_model84.nd,nd,UNK,,,957.206,60.0,743.892,191.98299999999995,957.206,60.0,1277.177,53.32899999999995,1341.172,74.65999999999985,1613.68,60.0,0.2927033589884074,0.6201327840094963,0.5109896423358,0.7072966410115926,0.3798672159905036,1
Geophysical_model7,/home/lyara/areswave/models/Geophysical_model7.nd,nd,UNK,,,1063.404,60.0,900.0,197.09799999999996,1063.404,60.0,1145.107,32.68099999999981,1488.256,65.36200000000008,1669.579,60.0,0.17745310788527158,0.6782675016652833,0.5113293704052794,0.8225468921147284,0.3217324983347168,1
Geophysical_model320,/home/lyara/areswave/models/Geophysical_model320.nd,nd,UNK,,,983.203,60.0,878.839,190.447,983.203,60.0,1116.329,16.6400000000001,1465.783,116.48400000000015,1680.452,60.0,0.3821376344077507,0.5763598696199848,0.5116191245492401,0.6178623655922493,0.42364013038001525,1
Geophysical_model434,/home/lyara/areswave/models/Geophysical_model434.nd,nd,UNK,,,983.203,60.0,878.839,190.447,983.203,60.0,1116.329,16.6400000000001,1465.783,116.48400000000015,1680.452,60.0,0.3821376344077507,0.5763598696199848,0.5116191245492401,0.6178623655922493,0.42364013038001525,1
MD_model45,/home/lyara/areswave/models/MD_model45.nd,nd,UNK,,,966.263,60.0,741.442,194.164,966.263,60.0,1262.617,30.6579999999999,1334.151,51.096000000000004,1497.657,60.0,0.49550961611064126,0.5199243542054532,0.5117861081738493,0.5044903838893587,0.48007564579454676,1
Geophysical_model620,/home/lyara/areswave/models/Geophysical_model620.nd,nd,UNK,,,933.4,60.0,900.0,184.22799999999995,933.4,60.0,1117.102,33.399999999999864,1484.505,83.5010000000002,1682.605,60.0,0.4202687669547359,0.5581192404789304,0.5121690826375321,0.5797312330452641,0.4418807595210696,1
CD_model62,/home/lyara/areswave/models/CD_model62.nd,nd,UNK,,,,60.0,,60.0,,60.0,,60.0,,60.0,,60.0,0.436110489004906,0.5503900532686636,0.5122968651807445,0.563889510995094,0.4496099467313364,1
Geophysical_model127,/home/lyara/areswave/models/Geophysical_model127.nd,nd,UNK,,,916.861,60.0,900.0,181.87,916.861,60.0,1102.329,16.860000000000127,1439.543,101.16399999999999,1688.421,60.0,0.16957681064628394,0.6837724673128208,0.5123739150906418,0.8304231893537161,0.3162275326871792,1
Geophysical_model301,/home/lyara/areswave/models/Geophysical_model301.nd,nd,UNK,,,949.517,60.0,900.0,192.18499999999995,949.517,60.0,1114.574,16.505999999999858,1444.688,115.53999999999996,1675.563,60.0,0.252476605960827,0.6424702941586504,0.5124723980927093,0.747523394039173,0.3575297058413495,1
AK_model_5,/home/lyara/areswave/models/AK_model_5.nd,nd,UNK,,,1050.493,60.0,815.949,26.06000000000006,1050.493,60.0,1285.037,78.18200000000002,1311.097,26.059999999999945,1677.345,60.0,0.20261743377751273,0.6674976837526464,0.5125376004276019,0.7973825662224873,0.3325023162473536,1
Geophysical_model816,/home/lyara/areswave/models/Geophysical_model816.nd,nd,UNK,,,1087.5,60.0,900.0,22.587999999999965,1087.5,60.0,1104.545,17.04599999999982,1445.454,119.31799999999998,1695.109,60.0,0.24647895325217684,0.6462294023794654,0.5129792526703691,0.7535210467478232,0.35377059762053464,1
Geophysical_model123,/home/lyara/areswave/models/Geophysical_model123.nd,nd,UNK,,,1032.872,60.0,900.0,181.79200000000003,1032.872,60.0,1132.525,33.2170000000001,1481.314,83.04500000000007,1679.303,60.0,0.3143970161670153,0.6123100906142067,0.5130057324651429,0.6856029838329847,0.38768990938579334,1
AK_model_35,/home/lyara/areswave/models/AK_model_35.nd,nd,UNK,,,1083.341,60.0,898.594,26.39300000000003,1083.341,60.0,1294.481,26.392000000000053,1347.266,79.17699999999991,1689.198,60.0,0.20263136566280904,0.6684554601947976,0.5131807620174681,0.797368634337191,0.33154453980520243,1
Geophysical_model139,/home/lyara/areswave/models/Geophysical_model139.nd,nd,UNK,,,1033.067,60.0,900.0,182.58299999999997,1033.067,60.0,1132.867,33.26700000000005,1498.801,83.16699999999992,1680.187,60.0,0.3049567594542022,0.6174398898666515,0.5132788463958351,0.6950432405457978,0.38256011013334845,1
Geophysical_model971,/home/lyara/areswave/models/Geophysical_model971.nd,nd,UNK,,,1099.979,60.0,900.0,22.013000000000034,1099.979,60.0,1116.644,16.664999999999964,1466.608,116.6550000000002,1681.33,60.0,0.3204394898878258,0.6098578452363388,0.5133850601201678,0.6795605101121742,0.3901421547636612,1
Geophysical_model348,/home/lyara/areswave/models/Geophysical_model348.nd,nd,UNK,,,1032.872,60.0,877.308,181.53499999999997,1032.872,60.0,1132.525,33.2170000000001,1481.314,83.04500000000007,1679.303,60.0,0.4404242175767378,0.5499090377883861,0.5134140977178366,0.5595757824232622,0.45009096221161393,1
Geophysical_model672,/home/lyara/areswave/models/Geophysical_model672.nd,nd,UNK,,,900.0,60.0,900.0,180.97199999999998,900.0,60.0,1119.116,33.710000000000036,1489.927,101.13099999999986,1688.215,60.0,0.45917560576910654,0.5409620718046302,0.5136999164594557,0.5408243942308935,0.45903792819536987,1
Geophysical_model378,/home/lyara/areswave/models/Geophysical_model378.nd,nd,UNK,,,1063.97,60.0,900.0,189.30700000000002,1063.97,60.0,1145.955,16.396999999999935,1490.293,65.58799999999997,1671.628,60.0,0.31779751145168944,0.6123664475743269,0.5141768022001144,0.6822024885483106,0.38763355242567316,1
Geophysical_model354,/home/lyara/areswave/models/Geophysical_model354.nd,nd,UNK,,,1063.97,60.0,900.0,189.30700000000002,1063.97,60.0,1145.955,16.396999999999935,1490.293,65.58799999999997,1671.628,60.0,0.31779751145168944,0.6123664475743269,0.5141768022001144,0.6822024885483106,0.38763355242567316,1
Geophysical_model199,/home/lyara/areswave/models/Geophysical_model199.nd,nd,UNK,,,1032.98,60.0,900.0,181.668,1032.98,60.0,1132.715,33.24499999999989,1498.411,83.11300000000006,1679.794,60.0,0.42506820901957243,0.559132052300632,0.5144441045402788,0.5749317909804276,0.440867947699368,1
Geophysical_model104,/home/lyara/areswave/models/Geophysical_model104.nd,nd,UNK,,,1032.98,60.0,900.0,181.668,1032.98,60.0,1132.715,33.24499999999989,1498.411,83.11300000000006,1679.794,60.0,0.42506820901957243,0.559132052300632,0.5144441045402788,0.5749317909804276,0.440867947699368,1
Geophysical_model32,/home/lyara/areswave/models/Geophysical_model32.nd,nd,UNK,,,1032.98,60.0,900.0,182.25,1032.98,60.0,1132.715,33.24499999999989,1498.411,83.11300000000006,1679.794,60.0,0.21434705434073087,0.6664890107602301,0.5157750252870638,0.7856529456592691,0.3335109892397698,1
Geophysical_model194,/home/lyara/areswave/models/Geophysical_model194.nd,nd,UNK,,,1032.98,60.0,900.0,182.25,1032.98,60.0,1132.715,33.24499999999989,1498.411,83.11300000000006,1679.794,60.0,0.21434705434073087,0.6664890107602301,0.5157750252870638,0.7856529456592691,0.3335109892397698,1
CD_model80,/home/lyara/areswave/models/CD_model80.nd,nd,UNK,,,,60.0,,60.0,,60.0,,60.0,,60.0,,60.0,0.18775144153729328,0.6799581500905314,0.5158892472394521,0.8122485584627067,0.32004184990946855,1
CD_model18,/home/lyara/areswave/models/CD_model18.nd,nd,UNK,,,,60.0,,60.0,,60.0,,60.0,,60.0,,60.0,0.39766059901408446,0.5755833770643919,0.5162757843809561,0.6023394009859155,0.42441662293560817,1
Geophysical_model450,/home/lyara/areswave/models/Geophysical_model450.nd,nd,UNK,,,966.559,60.0,900.0,181.65099999999995,966.559,60.0,1116.317,16.638999999999896,1465.751,99.83900000000017,1680.417,60.0,0.2431880222694972,0.652879216059773,0.5163154847963477,0.7568119777305028,0.34712078394022705,1
Geophysical_model906,/home/lyara/areswave/models/Geophysical_model906.nd,nd,UNK,,,916.577,60.0,900.0,196.183,916.577,60.0,1115.503,16.576999999999998,1480.2,99.46299999999997,1678.151,60.0,0.3459768938651271,0.6018203518281217,0.5165391991737901,0.6540231061348729,0.39817964817187834,1
Geophysical_model775,/home/lyara/areswave/models/Geophysical_model775.nd,nd,UNK,,,900.0,60.0,877.329,181.36699999999996,900.0,60.0,1119.204,33.72399999999993,1490.165,101.17100000000005,1688.461,60.0,0.35111904975864394,0.5997925143128011,0.5169013594614155,0.6488809502413561,0.4002074856871988,1
Geophysical_model507,/home/lyara/areswave/models/Geophysical_model507.nd,nd,UNK,,,950.781,60.0,900.0,183.99,950.781,60.0,1136.977,33.85400000000004,1492.442,67.70700000000011,1690.818,60.0,0.2894920765782184,0.6313508829988306,0.5173979475252932,0.7105079234217816,0.36864911700116937,1
Geophysical_model156,/home/lyara/areswave/models/Geophysical_model156.nd,nd,UNK,,,1033.403,60.0,900.0,187.37900000000002,1033.403,60.0,1133.456,16.675000000000182,1483.64,66.702,1681.71,60.0,0.20711906270503833,0.6725386352940224,0.517398777764361,0.7928809372949617,0.3274613647059777,1
Geophysical_model232,/home/lyara/areswave/models/Geophysical_model232.nd,nd,UNK,,,1033.403,60.0,900.0,187.37900000000002,1033.403,60.0,1133.456,16.675000000000182,1483.64,66.702,1681.71,60.0,0.20711906270503833,0.6725386352940224,0.517398777764361,0.7928809372949617,0.3274613647059777,1
Geophysical_model986,/home/lyara/areswave/models/Geophysical_model986.nd,nd,UNK,,,1086.703,60.0,900.0,20.995000000000005,1086.703,60.0,1103.676,16.972999999999956,1460.108,118.81000000000017,1692.486,60.0,0.3053715605178805,0.6240112809159384,0.5177980407832524,0.6946284394821195,0.3759887190840617,1
Geophysical_model536,/home/lyara/areswave/models/Geophysical_model536.nd,nd,UNK,,,916.773,60.0,856.044,197.80200000000002,916.773,60.0,1118.053,33.547000000000025,1487.065,83.86599999999999,1685.254,60.0,0.18688503901561215,0.6837212970277663,0.5181092110237149,0.8131149609843878,0.3162787029722337,1
Geophysical_model51,/home/lyara/areswave/models/Geophysical_model51.nd,nd,UNK,,,983.004,60.0,878.652,192.13599999999997,983.004,60.0,1115.809,16.601000000000113,1481.025,116.20499999999993,1679.004,60.0,0.2836391130154797,0.6353679055047992,0.5181249746750259,0.7163608869845203,0.3646320944952009,1
Geophysical_model824,/home/lyara/areswave/models/Geophysical_model824.nd,nd,UNK,,,900.0,60.0,900.0,188.077,900.0,60.0,1115.838,16.60200000000009,1464.498,116.22000000000003,1679.083,60.0,0.23569810092607302,0.6598710295105618,0.5184800533157322,0.764301899073927,0.34012897048943824,1
Geophysical_model553,/home/lyara/areswave/models/Geophysical_model553.nd,nd,UNK,,,900.0,60.0,900.0,178.562,900.0,60.0,1118.724,33.65000000000009,1472.049,100.94900000000007,1687.125,60.0,0.12234901186085079,0.7165570282041589,0.5184876894230562,0.8776509881391492,0.2834429717958411,1
Geophysical_model699,/home/lyara/areswave/models/Geophysical_model699.nd,nd,UNK,,,900.0,60.0,900.0,179.615,900.0,60.0,1118.724,33.65000000000009,1488.873,100.94900000000007,1687.125,60.0,0.21869566887169845,0.6694836941672944,0.5192210190687624,0.7813043311283016,0.33051630583270564,1
Geophysical_model436,/home/lyara/areswave/models/Geophysical_model436.nd,nd,UNK,,,949.631,60.0,900.0,190.808,949.631,60.0,1115.067,16.544000000000096,1462.484,99.26199999999994,1676.937,60.0,0.44778230841226707,0.5558946336609321,0.519857191911377,0.5522176915877329,0.4441053663390679,1
MD_model24,/home/lyara/areswave/models/MD_model24.nd,nd,UNK,,,1031.407,60.0,893.911,10.575999999999908,1031.407,60.0,1295.822,84.61299999999983,1316.975,95.18900000000008,1609.009,60.0,0.20648250976829807,0.6770851930135917,0.5202176319318271,0.7935174902317019,0.3229148069864083,1
Geophysical_model120,/home/lyara/areswave/models/Geophysical_model120.nd,nd,UNK,,,1033.184,60.0,900.0,188.139,1033.184,60.0,1133.072,33.29500000000007,1482.679,83.24000000000001,1680.716,60.0,0.22935249490007825,0.665965495330425,0.5204278285203094,0.7706475050999217,0.3340345046695749,1
Geophysical_model417,/home/lyara/areswave/models/Geophysical_model417.nd,nd,UNK,,,1047.872,60.0,900.0,189.23900000000003,1047.872,60.0,1130.023,32.8599999999999,1491.488,82.15100000000007,1672.831,60.0,0.2994600439748588,0.6309683232397063,0.5204655634847571,0.7005399560251412,0.36903167676029364,1
Geophysical_model511,/home/lyara/areswave/models/Geophysical_model511.nd,nd,UNK,,,900.0,60.0,900.0,179.82000000000005,900.0,60.0,1118.724,33.65000000000009,1488.873,100.94900000000007,1687.125,60.0,0.3656641358929955,0.5978909044916108,0.5204819816254057,0.6343358641070045,0.4021090955083892,1
Geophysical_model361,/home/lyara/areswave/models/Geophysical_model361.nd,nd,UNK,,,1047.698,60.0,900.0,190.28200000000004,1047.698,60.0,1146.164,32.82199999999989,1490.792,82.05399999999986,1672.131,60.0,0.20862043509118344,0.6764767209123632,0.5205246256386366,0.7913795649088166,0.3235232790876368,1
AK_model_4,/home/lyara/areswave/models/AK_model_4.nd,nd,UNK,,,1037.134,60.0,797.074,26.673000000000002,1037.134,60.0,1277.195,80.01999999999998,1303.868,26.673000000000002,1700.523,60.0,0.45102357172112817,0.5554208360712971,0.5206217479545742,0.5489764282788718,0.4445791639287029,1
Geophysical_model251,/home/lyara/areswave/models/Geophysical_model251.nd,nd,UNK,,,967.872,60.0,900.0,180.24099999999999,967.872,60.0,1120.585,33.937000000000126,1459.948,101.80899999999997,1692.31,60.0,0.28850664066882203,0.6380793554763129,0.5215551172071492,0.711493359331178,0.36192064452368705,1
Geophysical_model426,/home/lyara/areswave/models/Geophysical_model426.nd,nd,UNK,,,967.872,60.0,900.0,180.24099999999999,967.872,60.0,1120.585,33.937000000000126,1459.948,101.80899999999997,1692.31,60.0,0.28850664066882203,0.6380793554763129,0.5215551172071492,0.711493359331178,0.36192064452368705,1
CD_model75,/home/lyara/areswave/models/CD_model75.nd,nd,UNK,,,,60.0,,60.0,,60.0,,60.0,,60.0,,60.0,0.15163734818072272,0.7065320300255371,0.5215671360772657,0.8483626518192773,0.29346796997446295,1
Geophysical_model175,/home/lyara/areswave/models/Geophysical_model175.nd,nd,UNK,,,949.72,60.0,900.0,186.75400000000002,949.72,60.0,1115.452,16.573000000000093,1463.49,99.44000000000005,1678.009,60.0,0.2335778864566289,0.6657290848980868,0.5216786854176009,0.7664221135433711,0.33427091510191326,1
CD_model67,/home/lyara/areswave/models/CD_model67.nd,nd,UNK,,,,60.0,,60.0,,60.0,,60.0,,60.0,,60.0,0.4887137783655894,0.5381764515922156,0.5216888938500069,0.5112862216344106,0.4618235484077844,1
Geophysical_model755,/home/lyara/areswave/models/Geophysical_model755.nd,nd,UNK,,,933.815,60.0,879.527,184.25300000000004,933.815,60.0,1119.798,33.81499999999983,1474.857,84.53699999999981,1690.116,60.0,0.45373757254714286,0.556333811818285,0.522135065394571,0.5462624274528571,0.443666188181715,1
Geophysical_model570,/home/lyara/areswave/models/Geophysical_model570.nd,nd,UNK,,,933.815,60.0,879.527,184.25300000000004,933.815,60.0,1119.798,33.81499999999983,1474.857,84.53699999999981,1690.116,60.0,0.45373757254714286,0.556333811818285,0.522135065394571,0.5462624274528571,0.443666188181715,1
Geophysical_model425,/home/lyara/areswave/models/Geophysical_model425.nd,nd,UNK,,,1031.687,60.0,900.0,185.74099999999999,1031.687,60.0,1130.452,32.922000000000025,1476.13,82.30399999999986,1673.94,60.0,0.241663837477059,0.662704439436367,0.5223575721165977,0.758336162522941,0.33729556056363297,1
Geophysical_model704,/home/lyara/areswave/models/Geophysical_model704.nd,nd,UNK,,,1099.489,60.0,900.0,21.059999999999945,1099.489,60.0,1116.113,16.624000000000024,1465.218,99.74500000000012,1679.849,60.0,0.474032393517672,0.5467547596165241,0.5225139709169068,0.525967606482328,0.4532452403834759,1
CD_model53,/home/lyara/areswave/models/CD_model53.nd,nd,UNK,,,,60.0,,60.0,,60.0,,60.0,,60.0,,60.0,0.37381683828643775,0.597485083551885,0.522929001796736,0.6261831617135623,0.402514916448115,1
Geophysical_model227,/home/lyara/areswave/models/Geophysical_model227.nd,nd,UNK,,,967.56,60.0,879.511,184.39700000000005,967.56,60.0,1119.571,33.77999999999997,1457.372,101.34000000000015,1689.483,60.0,0.29595684845639103,0.636696854947084,0.5231168527835196,0.704043151543609,0.3633031450529161,1
Geophysical_model628,/home/lyara/areswave/models/Geophysical_model628.nd,nd,UNK,,,933.422,60.0,900.0,183.587,933.422,60.0,1117.244,33.423,1484.889,83.55599999999981,1683.002,60.0,0.3947264135513101,0.587358840562753,0.5231480315589386,0.6052735864486899,0.41264115943724705,1
Geophysical_model964,/home/lyara/areswave/models/Geophysical_model964.nd,nd,UNK,,,933.422,60.0,900.0,183.587,933.422,60.0,1117.244,33.423,1484.889,83.55599999999981,1683.002,60.0,0.3947264135513101,0.587358840562753,0.5231480315589386,0.6052735864486899,0.41264115943724705,1
Geophysical_model374,/home/lyara/areswave/models/Geophysical_model374.nd,nd,UNK,,,1063.97,60.0,900.0,188.40099999999995,1063.97,60.0,1145.955,32.79399999999987,1490.293,65.58799999999997,1671.628,60.0,0.1528216627145086,0.708855620156556,0.5235109676758736,0.8471783372854914,0.291144379843444,1
Geophysical_model482,/home/lyara/areswave/models/Geophysical_model482.nd,nd,UNK,,,1063.97,60.0,900.0,188.40099999999995,1063.97,60.0,1145.955,32.79399999999987,1490.293,65.58799999999997,1671.628,60.0,0.1528216627145086,0.708855620156556,0.5235109676758736,0.8471783372854914,0.291144379843444,1
Geophysical_model485,/home/lyara/areswave/models/Geophysical_model485.nd,nd,UNK,,,1063.97,60.0,900.0,188.40099999999995,1063.97,60.0,1145.955,32.79399999999987,1490.293,65.58799999999997,1671.628,60.0,0.1528216627145086,0.708855620156556,0.5235109676758736,0.8471783372854914,0.291144379843444,1
Geophysical_model492,/home/lyara/areswave/models/Geophysical_model492.nd,nd,UNK,,,967.499,60.0,900.0,184.85799999999995,967.499,60.0,1119.373,33.75,1456.871,101.2489999999998,1688.933,60.0,0.4214330619677471,0.574678734451941,0.5235968436238764,0.5785669380322529,0.42532126554805905,1
Geophysical_model353,/home/lyara/areswave/models/Geophysical_model353.nd,nd,UNK,,,967.499,60.0,900.0,184.85799999999995,967.499,60.0,1119.373,33.75,1456.871,101.2489999999998,1688.933,60.0,0.4214330619677471,0.574678734451941,0.5235968436238764,0.5785669380322529,0.42532126554805905,1
Geophysical_model33,/home/lyara/areswave/models/Geophysical_model33.nd,nd,UNK,,,1031.756,60.0,900.0,188.22799999999995,1031.756,60.0,1130.574,32.93899999999985,1476.434,82.34799999999996,1674.255,60.0,0.3251001311783669,0.6241410396908376,0.5244607368533473,0.6748998688216331,0.3758589603091625,1
Geophysical_model819,/home/lyara/areswave/models/Geophysical_model819.nd,nd,UNK,,,1085.015,60.0,900.0,29.636999999999944,1085.015,60.0,1101.834,16.819999999999936,1455.044,117.73700000000008,1686.928,60.0,0.6750458557233654,0.44920472099748976,0.5244850992394483,0.3249541442766346,0.5507952790025102,1
Geophysical_model872,/home/lyara/areswave/models/Geophysical_model872.nd,nd,UNK,,,916.706,60.0,876.388,188.89300000000003,916.706,60.0,1117.178,33.412000000000035,1484.711,83.52999999999997,1682.818,60.0,0.41714695901142185,0.5791241453797883,0.5251317499236662,0.5828530409885782,0.4208758546202117,1
Geophysical_model871,/home/lyara/areswave/models/Geophysical_model871.nd,nd,UNK,,,1099.979,60.0,900.0,21.956999999999994,1099.979,60.0,1116.644,16.664999999999964,1466.608,116.6550000000002,1681.33,60.0,0.2260024452735946,0.6750264344005474,0.5253517713582299,0.7739975547264054,0.3249735655994525,1
Geophysical_model976,/home/lyara/areswave/models/Geophysical_model976.nd,nd,UNK,,,916.837,60.0,900.0,181.46799999999996,916.837,60.0,1118.884,33.67399999999998,1489.303,84.18600000000015,1687.57,60.0,0.3314177145006709,0.622368665908617,0.5253850154393016,0.6685822854993291,0.377631334091383,1
Geophysical_model551,/home/lyara/areswave/models/Geophysical_model551.nd,nd,UNK,,,916.754,60.0,875.916,192.673,916.754,60.0,1117.798,33.506999999999834,1486.378,83.76800000000003,1684.543,60.0,0.25226228047630794,0.6620559310425895,0.5254580475204956,0.7477377195236921,0.3379440689574104,1
Geophysical_model914,/home/lyara/areswave/models/Geophysical_model914.nd,nd,UNK,,,916.754,60.0,875.916,192.673,916.754,60.0,1117.798,33.506999999999834,1486.378,83.76800000000003,1684.543,60.0,0.25226228047630794,0.6620559310425895,0.5254580475204956,0.7477377195236921,0.3379440689574104,1
AK_model_98,/home/lyara/areswave/models/AK_model_98.nd,nd,UNK,,,1045.711,60.0,774.539,27.116999999999962,1045.711,60.0,1289.767,54.23500000000013,1316.884,54.233999999999924,1716.731,60.0,0.4472940414885809,0.5656563581265094,0.5262022525805332,0.5527059585114191,0.4343436418734906,1
Geophysical_model87,/home/lyara/areswave/models/Geophysical_model87.nd,nd,UNK,,,1031.859,60.0,900.0,186.91999999999996,1031.859,60.0,1130.753,32.96399999999994,1476.882,82.41200000000003,1674.718,60.0,0.33868587762911506,0.6200168010736777,0.5262398265921568,0.6613141223708849,0.3799831989263222,1
Geophysical_model192,/home/lyara/areswave/models/Geophysical_model192.nd,nd,UNK,,,1016.377,60.0,900.0,199.29700000000003,1016.377,60.0,1132.755,33.251000000000204,1498.512,99.75199999999995,1679.896,60.0,0.4536772810925267,0.5632973965381792,0.5267573580562951,0.5463227189074733,0.43670260346182077,1
Geophysical_model308,/home/lyara/areswave/models/Geophysical_model308.nd,nd,UNK,,,1016.273,60.0,878.266,195.60199999999998,1016.273,60.0,1132.546,33.221000000000004,1497.976,99.66300000000001,1679.357,60.0,0.20870004840558676,0.6865882876621529,0.5272922079099641,0.7912999515944132,0.31341171233784715,1
Geophysical_model2,/home/lyara/areswave/models/Geophysical_model2.nd,nd,UNK,,,1033.278,60.0,900.0,182.55399999999997,1033.278,60.0,1133.237,33.319999999999936,1483.093,83.29899999999998,1681.144,60.0,0.21810403369227482,0.6823130625501965,0.5275767195975559,0.7818959663077252,0.3176869374498035,1
Geophysical_model1,/home/lyara/areswave/models/Geophysical_model1.nd,nd,UNK,,,1033.278,60.0,900.0,182.55399999999997,1033.278,60.0,1133.237,33.319999999999936,1483.093,83.29899999999998,1681.144,60.0,0.21810403369227482,0.6823130625501965,0.5275767195975559,0.7818959663077252,0.3176869374498035,1
AK_model_56,/home/lyara/areswave/models/AK_model_56.nd,nd,UNK,,,1018.998,60.0,842.972,25.146999999999935,1018.998,60.0,1144.731,100.58600000000001,1371.051,50.29300000000012,1678.679,60.0,0.616677951336518,0.4831284917556734,0.5276449782826216,0.38332204866348196,0.5168715082443266,1
MD_model27,/home/lyara/areswave/models/MD_model27.nd,nd,UNK,,,1030.409,60.0,895.244,10.397000000000048,1030.409,60.0,1259.149,83.17799999999988,1311.135,31.19100000000003,1589.478,60.0,0.18316653669832894,0.7010424854135332,0.5284171691751318,0.8168334633016711,0.2989575145864668,1
Geophysical_model57,/home/lyara/areswave/models/Geophysical_model57.nd,nd,UNK,,,984.104,60.0,876.704,186.37199999999996,984.104,60.0,1118.67,33.641000000000076,1488.726,100.9240000000002,1686.973,60.0,0.34584872996402016,0.6200315047483753,0.5286372464869236,0.6541512700359798,0.37996849525162474,1
Geophysical_model885,/home/lyara/areswave/models/Geophysical_model885.nd,nd,UNK,,,916.648,60.0,900.0,180.37900000000002,916.648,60.0,1116.419,16.64799999999991,1499.315,99.88499999999999,1680.704,60.0,0.35760805942561913,0.6148183184332516,0.5290815654307074,0.6423919405743809,0.38518168156674837,1
Geophysical_model757,/home/lyara/areswave/models/Geophysical_model757.nd,nd,UNK,,,916.648,60.0,900.0,180.37900000000002,916.648,60.0,1116.419,16.64799999999991,1499.315,99.88499999999999,1680.704,60.0,0.35760805942561913,0.6148183184332516,0.5290815654307074,0.6423919405743809,0.38518168156674837,1
Geophysical_model352,/home/lyara/areswave/models/Geophysical_model352.nd,nd,UNK,,,1064.355,60.0,900.0,189.35799999999995,1064.355,60.0,1146.533,16.435999999999922,1475.244,65.74200000000019,1673.022,60.0,0.3007866642675334,0.6437212537300859,0.5294097239092351,0.6992133357324666,0.35627874626991407,1
Geophysical_model621,/home/lyara/areswave/models/Geophysical_model621.nd,nd,UNK,,,1098.113,60.0,875.932,48.13499999999999,1098.113,60.0,1114.623,16.509000000000015,1444.812,115.5659999999998,1675.699,60.0,0.40897869905460005,0.5899118952967988,0.5296008298827325,0.5910213009454,0.41008810470320123,1
Geophysical_model446,/home/lyara/areswave/models/Geophysical_model446.nd,nd,UNK,,,1031.442,60.0,900.0,188.76700000000005,1031.442,60.0,1130.023,32.8599999999999,1491.488,82.15100000000007,1672.831,60.0,0.3288166942829881,0.6301072202305058,0.5296770449146666,0.6711833057170119,0.36989277976949425,1
Geophysical_model537,/home/lyara/areswave/models/Geophysical_model537.nd,nd,UNK,,,933.394,60.0,900.0,184.93899999999996,933.394,60.0,1133.76,33.39499999999998,1484.399,66.78799999999978,1682.496,60.0,0.20656858817275936,0.6915433591982363,0.5298851021897439,0.7934314118272406,0.3084566408017637,1
AK_model_2,/home/lyara/areswave/models/AK_model_2.nd,nd,UNK,,,1042.278,60.0,836.749,25.69100000000003,1042.278,60.0,1273.498,102.76400000000012,1324.88,25.690999999999804,1663.202,60.0,0.29255189717258323,0.6488697807856714,0.530097152914642,0.7074481028274168,0.3511302192143286,1
Geophysical_model201,/home/lyara/areswave/models/Geophysical_model201.nd,nd,UNK,,,1049.881,60.0,900.0,182.40099999999995,1049.881,60.0,1133.149,33.307000000000016,1482.872,83.26800000000003,1680.916,60.0,0.43969533509833325,0.5757395473940747,0.5303914766288276,0.5603046649016667,0.4242604526059253,1
Geophysical_model324,/home/lyara/areswave/models/Geophysical_model324.nd,nd,UNK,,,1049.881,60.0,900.0,182.40099999999995,1049.881,60.0,1133.149,33.307000000000016,1482.872,83.26800000000003,1680.916,60.0,0.43969533509833325,0.5757395473940747,0.5303914766288276,0.5603046649016667,0.4242604526059253,1
CD_model100,/home/lyara/areswave/models/CD_model100.nd,nd,UNK,,,,60.0,,60.0,,60.0,,60.0,,60.0,,60.0,0.22954963693425023,0.6817962322206639,0.5310473671251926,0.7704503630657498,0.3182037677793362,1
Geophysical_model686,/home/lyara/areswave/models/Geophysical_model686.nd,nd,UNK,,,900.0,60.0,900.0,21.477999999999952,900.0,60.0,1116.829,33.35799999999995,1483.771,100.07500000000005,1681.845,60.0,0.41923007213246877,0.5871572214930081,0.5311815050394949,0.5807699278675312,0.4128427785069919,1
Geophysical_model36,/home/lyara/areswave/models/Geophysical_model36.nd,nd,UNK,,,1049.308,60.0,900.0,180.20000000000005,1049.308,60.0,1132.256,33.17900000000009,1497.231,82.94900000000007,1678.607,60.0,0.4968196654188003,0.5489332447269278,0.5315620516242187,0.5031803345811997,0.45106675527307216,1
Geophysical_model617,/home/lyara/areswave/models/Geophysical_model617.nd,nd,UNK,,,900.0,60.0,900.0,22.54600000000005,900.0,60.0,1101.621,16.801999999999907,1454.457,100.81099999999992,1686.284,60.0,0.3963761701280728,0.599565978542763,0.5318360424045329,0.6036238298719272,0.400434021457237,1
Geophysical_model947,/home/lyara/areswave/models/Geophysical_model947.nd,nd,UNK,,,966.806,60.0,900.0,177.404,966.806,60.0,1133.823,33.40299999999979,1484.557,66.80700000000002,1682.659,60.0,0.26727182569025565,0.6641487644233375,0.5318564515123102,0.7327281743097444,0.3358512355766626,1
Geophysical_model318,/home/lyara/areswave/models/Geophysical_model318.nd,nd,UNK,,,983.209,60.0,878.051,197.538,983.209,60.0,1116.342,16.641999999999825,1465.818,116.49200000000019,1680.489,60.0,0.25962542454404736,0.6684576555753147,0.5321802452315589,0.7403745754559526,0.33154234442468533,1
Geophysical_model769,/home/lyara/areswave/models/Geophysical_model769.nd,nd,UNK,,,950.91,60.0,900.0,199.563,950.91,60.0,1137.578,33.940000000000055,1476.975,67.8789999999999,1692.373,60.0,0.2795664921306502,0.6595076211012701,0.5328605781110635,0.7204335078693498,0.34049237889872985,1
Geophysical_model915,/home/lyara/areswave/models/Geophysical_model915.nd,nd,UNK,,,950.085,60.0,900.0,182.60699999999997,950.085,60.0,1133.728,33.3900000000001,1484.32,66.779,1682.414,60.0,0.22065768506122885,0.6889957536053739,0.5328830640906589,0.7793423149387712,0.3110042463946261,1
AK_model_60,/home/lyara/areswave/models/AK_model_60.nd,nd,UNK,,,997.761,60.0,820.36,25.34299999999996,997.761,60.0,1175.162,101.37199999999984,1352.562,25.343000000000075,1686.32,60.0,0.244385878898857,0.6773647808546166,0.5330384802026967,0.755614121101143,0.32263521914538346,1
CD_model8,/home/lyara/areswave/models/CD_model8.nd,nd,UNK,,,,60.0,,60.0,,60.0,,60.0,,60.0,,60.0,0.19988346881188646,0.6996261139702201,0.5330452322507756,0.8001165311881135,0.3003738860297799,1
Geophysical_model22,/home/lyara/areswave/models/Geophysical_model22.nd,nd,UNK,,,1063.523,60.0,900.0,194.688,1063.523,60.0,1145.284,32.70400000000018,1488.683,65.4090000000001,1670.008,60.0,0.15380465256032816,0.7229243613558586,0.5332177917573485,0.8461953474396718,0.2770756386441414,1
Geophysical_model457,/home/lyara/areswave/models/Geophysical_model457.nd,nd,UNK,,,1000.924,60.0,900.0,185.79899999999998,1000.924,60.0,1118.67,33.641000000000076,1488.726,100.9240000000002,1686.973,60.0,0.23260293795036735,0.6836385657303246,0.5332933564703388,0.7673970620496327,0.3163614342696754,1
Geophysical_model895,/home/lyara/areswave/models/Geophysical_model895.nd,nd,UNK,,,900.0,60.0,900.0,197.88099999999997,900.0,60.0,1104.246,17.019999999999982,1461.676,102.12300000000005,1694.206,60.0,0.23171909356461273,0.6846141280172344,0.5336491165330272,0.7682809064353873,0.3153858719827655,1
CD_model23,/home/lyara/areswave/models/CD_model23.nd,nd,UNK,,,,60.0,,60.0,,60.0,,60.0,,60.0,,60.0,0.2526436183727674,0.6745019957131518,0.5338825365996903,0.7473563816272326,0.32549800428684816,1
Geophysical_model97,/home/lyara/areswave/models/Geophysical_model97.nd,nd,UNK,,,983.19,60.0,878.419,194.22500000000002,983.19,60.0,1116.294,16.63799999999992,1465.692,116.46600000000012,1680.354,60.0,0.2573107449756753,0.6725332187067821,0.5341257274630798,0.7426892550243247,0.32746678129321793,1
Geophysical_model860,/home/lyara/areswave/models/Geophysical_model860.nd,nd,UNK,,,933.943,60.0,900.0,186.52700000000004,933.943,60.0,1120.631,33.942999999999984,1494.007,84.85800000000017,1692.437,60.0,0.19483747295070863,0.7038019017028079,0.5341470921187748,0.8051625270492914,0.2961980982971921,1
AK_model_28,/home/lyara/areswave/models/AK_model_28.nd,nd,UNK,,,1043.88,60.0,800.399,27.053999999999974,1043.88,60.0,1287.361,54.1070000000002,1314.414,27.054000000000087,1713.845,60.0,0.18789057794120434,0.7076024789996547,0.5343651786468379,0.8121094220587957,0.29239752100034533,1
Geophysical_model744,/home/lyara/areswave/models/Geophysical_model744.nd,nd,UNK,,,1088.067,60.0,900.0,20.639999999999986,1088.067,60.0,1105.164,17.09699999999998,1464.2,119.67900000000009,1696.976,60.0,0.3558833496691831,0.6236880394318788,0.5344198095109802,0.6441166503308169,0.3763119605681212,1
CD_model69,/home/lyara/areswave/models/CD_model69.nd,nd,UNK,,,,60.0,,60.0,,60.0,,60.0,,60.0,,60.0,0.2790190352243441,0.6626729997575004,0.5347883449131149,0.7209809647756559,0.3373270002424996,1
MD_model98,/home/lyara/areswave/models/MD_model98.nd,nd,UNK,,,964.445,60.0,700.606,189.96400000000006,964.445,60.0,1270.498,42.21499999999992,1333.82,105.53599999999983,1604.395,60.0,0.23663679276320992,0.6843396903532788,0.5351053911565892,0.7633632072367901,0.3156603096467212,1
Geophysical_model83,/home/lyara/areswave/models/Geophysical_model83.nd,nd,UNK,,,1049.531,60.0,900.0,179.55899999999997,1049.531,60.0,1132.603,33.22900000000004,1498.123,83.07300000000009,1679.504,60.0,0.2696771553628572,0.6688228856894605,0.5357743089139261,0.7303228446371428,0.3311771143105396,1
Geophysical_model546,/home/lyara/areswave/models/Geophysical_model546.nd,nd,UNK,,,916.694,60.0,877.651,178.79200000000003,916.694,60.0,1117.027,33.388999999999896,1467.608,83.47200000000021,1682.396,60.0,0.33115931682940436,0.6381476662147992,0.5358182164196675,0.6688406831705956,0.36185233378520076,1
Geophysical_model384,/home/lyara/areswave/models/Geophysical_model384.nd,nd,UNK,,,949.523,60.0,900.0,189.937,949.523,60.0,1114.598,16.507000000000062,1461.256,99.04499999999985,1675.63,60.0,0.2490135435926476,0.6795124984012721,0.5360128467983972,0.7509864564073524,0.32048750159872785,1
Geophysical_model474,/home/lyara/areswave/models/Geophysical_model474.nd,nd,UNK,,,949.523,60.0,900.0,189.937,949.523,60.0,1114.598,16.507000000000062,1461.256,99.04499999999985,1675.63,60.0,0.2490135435926476,0.6795124984012721,0.5360128467983972,0.7509864564073524,0.32048750159872785,1
CD_model3,/home/lyara/areswave/models/CD_model3.nd,nd,UNK,,,,60.0,,60.0,,60.0,,60.0,,60.0,,60.0,0.28564168976089,0.662012565670318,0.536555607033842,0.71435831023911,0.33798743432968203,1
MD_model4,/home/lyara/areswave/models/MD_model4.nd,nd,UNK,,,994.529,60.0,768.899,10.255999999999972,994.529,60.0,1117.601,164.09400000000005,1394.511,194.86299999999983,1507.326,60.71499999999992,0.33551241141039745,0.6373448814909745,0.5367340581307821,0.6644875885896026,0.36265511850902554,1
Geophysical_model195,/home/lyara/areswave/models/Geophysical_model195.nd,nd,UNK,,,966.712,60.0,900.0,192.40499999999997,966.712,60.0,1116.813,33.355999999999995,1483.727,100.06700000000001,1681.8,60.0,0.23305876212425636,0.6901317268679712,0.5377740719533995,0.7669412378757436,0.3098682731320288,1
Geophysical_model60,/home/lyara/areswave/models/Geophysical_model60.nd,nd,UNK,,,966.712,60.0,900.0,192.40499999999997,966.712,60.0,1116.813,33.355999999999995,1483.727,100.06700000000001,1681.8,60.0,0.23305876212425636,0.6901317268679712,0.5377740719533995,0.7669412378757436,0.3098682731320288,1
CD_model54,/home/lyara/areswave/models/CD_model54.nd,nd,UNK,,,,60.0,,60.0,,60.0,,60.0,,60.0,,60.0,0.33178763411052037,0.641123333316398,0.5380114335811055,0.6682123658894796,0.35887666668360196,1
Geophysical_model272,/home/lyara/areswave/models/Geophysical_model272.nd,nd,UNK,,,949.973,60.0,900.0,197.75400000000002,949.973,60.0,1116.548,16.656999999999925,1449.698,99.94499999999994,1681.061,60.0,0.2976680609238064,0.6581952011029888,0.5380194877099279,0.7023319390761936,0.34180479889701115,1
Geophysical_model648,/home/lyara/areswave/models/Geophysical_model648.nd,nd,UNK,,,1099.754,60.0,900.0,21.49000000000001,1099.754,60.0,1116.4,16.645999999999958,1465.97,116.52299999999991,1680.651,60.0,0.38578826316084225,0.61425995959975,0.5381027274534474,0.6142117368391578,0.38574004040025,1
Geophysical_model977,/home/lyara/areswave/models/Geophysical_model977.nd,nd,UNK,,,1086.703,60.0,900.0,21.20399999999995,1086.703,60.0,1103.676,16.972999999999956,1460.108,118.81000000000017,1692.486,60.0,0.2843279150481476,0.6650604553161433,0.5381496085601447,0.7156720849518524,0.33493954468385667,1
CD_model82,/home/lyara/areswave/models/CD_model82.nd,nd,UNK,,,,60.0,,60.0,,60.0,,60.0,,60.0,,60.0,0.38632535965984194,0.6147524789154325,0.5386101058302356,0.6136746403401581,0.3852475210845675,1
CD_model36,/home/lyara/areswave/models/CD_model36.nd,nd,UNK,,,,60.0,,60.0,,60.0,,60.0,,60.0,,60.0,0.38632535965984194,0.6147524789154325,0.5386101058302356,0.6136746403401581,0.3852475210845675,1
Geophysical_model659,/home/lyara/areswave/models/Geophysical_model659.nd,nd,UNK,,,916.847,60.0,879.824,181.587,916.847,60.0,1119.005,33.69300000000021,1489.628,84.23299999999995,1687.906,60.0,0.2473727003576509,0.6849986240828876,0.5391233161744754,0.7526272996423491,0.31500137591711247,1
Geophysical_model834,/home/lyara/areswave/models/Geophysical_model834.nd,nd,UNK,,,1088.334,60.0,900.0,20.67100000000005,1088.334,60.0,1105.456,17.121000000000095,1465.003,102.72800000000007,1697.857,60.0,0.188244581438896,0.7150319935484226,0.5394361895119137,0.811755418561104,0.2849680064515773,1
Geophysical_model823,/home/lyara/areswave/models/Geophysical_model823.nd,nd,UNK,,,1085.338,60.0,900.0,29.761999999999944,1085.338,60.0,1102.186,16.84900000000016,1456.013,101.09300000000007,1687.991,60.0,0.329867087583535,0.6442664157551428,0.5394666396979402,0.670132912416465,0.35573358424485724,1
Geophysical_model802,/home/lyara/areswave/models/Geophysical_model802.nd,nd,UNK,,,1085.338,60.0,900.0,29.761999999999944,1085.338,60.0,1102.186,16.84900000000016,1456.013,101.09300000000007,1687.991,60.0,0.329867087583535,0.6442664157551428,0.5394666396979402,0.670132912416465,0.35573358424485724,1
Geophysical_model382,/home/lyara/areswave/models/Geophysical_model382.nd,nd,UNK,,,1063.521,60.0,900.0,197.65700000000004,1063.521,60.0,1145.281,32.70399999999995,1488.674,65.4079999999999,1669.999,60.0,0.3814623485571135,0.618985577068369,0.5398111675646171,0.6185376514428865,0.38101442293163096,1
MD_model5,/home/lyara/areswave/models/MD_model5.nd,nd,UNK,,,982.978,60.0,734.96,10.33400000000006,982.978,60.0,1106.988,10.333999999999833,1406.677,62.003999999999905,1580.647,60.0,0.3701607314479778,0.6249137188047658,0.5399960563525031,0.6298392685520222,0.3750862811952342,1
Geophysical_model525,/home/lyara/areswave/models/Geophysical_model525.nd,nd,UNK,,,933.975,60.0,900.0,186.00699999999995,933.975,60.0,1120.837,33.975000000000136,1494.562,84.9369999999999,1693.011,60.0,0.23237455119945327,0.694385115950124,0.5403815943665671,0.7676254488005467,0.3056148840498761,1
Geophysical_model255,/home/lyara/areswave/models/Geophysical_model255.nd,nd,UNK,,,1017.871,60.0,900.0,185.688,1017.871,60.0,1135.742,16.838999999999942,1489.354,84.19299999999998,1687.623,60.0,0.3518682276160111,0.6347405549125009,0.5404497791470043,0.6481317723839889,0.36525944508749913,1
Geophysical_model542,/home/lyara/areswave/models/Geophysical_model542.nd,nd,UNK,,,1088.045,60.0,900.0,20.70399999999995,1088.045,60.0,1105.14,17.0949999999998,1464.136,119.66499999999996,1696.906,60.0,0.2470667233024395,0.68766571595243,0.5407993850690999,0.7529332766975605,0.31233428404757,1
MD_model11,/home/lyara/areswave/models/MD_model11.nd,nd,UNK,,,987.786,60.0,735.63,10.505999999999972,987.786,60.0,1103.357,10.507000000000062,1429.058,84.05199999999991,1604.141,60.0,0.28788425969414755,0.6675611284722383,0.5410021722128747,0.7121157403058525,0.33243887152776175,1
MD_model62,/home/lyara/areswave/models/MD_model62.nd,nd,UNK,,,1060.259,60.0,730.357,182.015,1060.259,60.0,1276.401,193.39100000000008,1356.032,45.503999999999905,1696.852,60.0,0.34606358444596697,0.638650297585301,0.541121393205523,0.653936415554033,0.361349702414699,1
Geophysical_model825,/home/lyara/areswave/models/Geophysical_model825.nd,nd,UNK,,,916.714,60.0,876.157,190.74599999999998,916.714,60.0,1117.284,33.42800000000011,1484.996,83.57100000000014,1683.113,60.0,0.5394212972308099,0.5421045217373041,0.5412101135684727,0.46057870276919005,0.45789547826269594,1
Geophysical_model698,/home/lyara/areswave/models/Geophysical_model698.nd,nd,UNK,,,1067.222,60.0,900.0,22.057000000000016,1067.222,60.0,1100.667,16.72199999999998,1451.834,100.33300000000008,1683.405,60.0,0.3515237372559906,0.6364758095968002,0.541491785483197,0.6484762627440094,0.3635241904031998,1
Geophysical_model26,/home/lyara/areswave/models/Geophysical_model26.nd,nd,UNK,,,1049.919,60.0,900.0,181.611,1049.919,60.0,1133.207,33.315000000000055,1483.019,83.28800000000001,1681.067,60.0,0.2654929169210207,0.6794944567042314,0.5414939434431612,0.7345070830789793,0.32050554329576864,1
Geophysical_model297,/home/lyara/areswave/models/Geophysical_model297.nd,nd,UNK,,,1049.919,60.0,900.0,181.611,1049.919,60.0,1133.207,33.315000000000055,1483.019,83.28800000000001,1681.067,60.0,0.2654929169210207,0.6794944567042314,0.5414939434431612,0.7345070830789793,0.32050554329576864,1
Geophysical_model763,/home/lyara/areswave/models/Geophysical_model763.nd,nd,UNK,,,950.013,60.0,900.0,182.67999999999995,950.013,60.0,1133.396,33.3420000000001,1483.489,66.68399999999997,1681.554,60.0,0.28137898595532795,0.6716718135406725,0.5415742043455577,0.718621014044672,0.3283281864593275,1
Geophysical_model649,/home/lyara/areswave/models/Geophysical_model649.nd,nd,UNK,,,950.013,60.0,900.0,182.67999999999995,950.013,60.0,1133.396,33.3420000000001,1483.489,66.68399999999997,1681.554,60.0,0.28137898595532795,0.6716718135406725,0.5415742043455577,0.718621014044672,0.3283281864593275,1
CD_model5,/home/lyara/areswave/models/CD_model5.nd,nd,UNK,,,,60.0,,60.0,,60.0,,60.0,,60.0,,60.0,0.2621672162174391,0.6815588544896366,0.5417616417322374,0.7378327837825609,0.3184411455103634,1
Geophysical_model936,/home/lyara/areswave/models/Geophysical_model936.nd,nd,UNK,,,1086.703,60.0,900.0,21.596000000000004,1086.703,60.0,1103.676,16.972999999999956,1460.108,118.81000000000017,1692.486,60.0,0.4558457299857952,0.5848996875435165,0.5418817016909427,0.5441542700142048,0.4151003124564835,1
AK_model_71,/home/lyara/areswave/models/AK_model_71.nd,nd,UNK,,,1027.518,60.0,797.261,25.58400000000006,1027.518,60.0,1283.359,76.75199999999995,1308.944,25.58400000000006,1695.121,60.0,0.30050793475702486,0.6627565709263779,0.5420070255365935,0.6994920652429751,0.3372434290736221,1
Geophysical_model65,/home/lyara/areswave/models/Geophysical_model65.nd,nd,UNK,,,965.752,60.0,900.0,181.31399999999996,965.752,60.0,1113.693,16.437000000000126,1442.45,115.06499999999983,1673.108,60.0,0.19858189817126792,0.714005766318206,0.5421978102692266,0.8014181018287321,0.28599423368179394,1
Geophysical_model379,/home/lyara/areswave/models/Geophysical_model379.nd,nd,UNK,,,1047.698,60.0,900.0,189.60400000000004,1047.698,60.0,1146.164,32.82199999999989,1490.792,82.05399999999986,1672.131,60.0,0.40413469740803976,0.611461657909087,0.5423526710754046,0.5958653025919602,0.38853834209091304,1
Geophysical_model271,/home/lyara/areswave/models/Geophysical_model271.nd,nd,UNK,,,1016.377,60.0,900.0,198.875,1016.377,60.0,1116.129,33.251000000000204,1498.512,99.75199999999995,1679.896,60.0,0.31927006274068004,0.6538972571122064,0.5423548589883643,0.68072993725932,0.3461027428877936,1
Geophysical_model460,/home/lyara/areswave/models/Geophysical_model460.nd,nd,UNK,,,1016.377,60.0,900.0,198.875,1016.377,60.0,1116.129,33.251000000000204,1498.512,99.75199999999995,1679.896,60.0,0.31927006274068004,0.6538972571122064,0.5423548589883643,0.68072993725932,0.3461027428877936,1
Geophysical_model212,/home/lyara/areswave/models/Geophysical_model212.nd,nd,UNK,,,1001.068,60.0,876.475,188.20299999999997,1001.068,60.0,1118.98,33.68900000000008,1489.56,101.06700000000001,1687.836,60.0,0.32069529425233856,0.6535949908856094,0.5426284253411858,0.6793047057476614,0.3464050091143906,1
Geophysical_model242,/home/lyara/areswave/models/Geophysical_model242.nd,nd,UNK,,,967.494,60.0,900.0,192.86699999999996,967.494,60.0,1119.357,33.74700000000007,1456.828,118.11599999999999,1688.886,60.0,0.23797245959775892,0.6952602036089357,0.5428309556052101,0.7620275404022411,0.30473979639106435,1
Geophysical_model346,/home/lyara/areswave/models/Geophysical_model346.nd,nd,UNK,,,967.494,60.0,900.0,192.86699999999996,967.494,60.0,1119.357,33.74700000000007,1456.828,118.11599999999999,1688.886,60.0,0.23797245959775892,0.6952602036089357,0.5428309556052101,0.7620275404022411,0.30473979639106435,1
AK_model_99,/home/lyara/areswave/models/AK_model_99.nd,nd,UNK,,,1043.821,60.0,773.927,26.989000000000033,1043.821,60.0,1286.726,53.97900000000004,1313.715,53.97900000000004,1712.601,60.0,0.43411303827800396,0.5972465214055909,0.5428686936963952,0.565886961721996,0.40275347859440913,1
CD_model81,/home/lyara/areswave/models/CD_model81.nd,nd,UNK,,,,60.0,,60.0,,60.0,,60.0,,60.0,,60.0,0.1664579599889363,0.7312340263580003,0.5429753375683123,0.8335420400110637,0.2687659736419997,1
Geophysical_model932,/home/lyara/areswave/models/Geophysical_model932.nd,nd,UNK,,,966.597,60.0,900.0,179.61900000000003,966.597,60.0,1133.089,33.298,1499.372,83.2460000000001,1680.761,60.0,0.2707173953256661,0.6796501269122235,0.543339216383371,0.7292826046743339,0.32034987308777657,1
MD_model75,/home/lyara/areswave/models/MD_model75.nd,nd,UNK,,,1024.463,60.0,849.461,10.294999999999959,1024.463,60.0,1240.642,51.471000000000004,1302.407,123.53100000000018,1508.292,60.6840000000002,0.18752449755178646,0.7214099059403885,0.5434481031441878,0.8124755024482135,0.2785900940596115,1
AK_model_16,/home/lyara/areswave/models/AK_model_16.nd,nd,UNK,,,1032.613,60.0,811.315,24.588999999999942,1032.613,60.0,1278.5,73.76600000000008,1303.088,24.588999999999942,1680.441,60.0,0.3871573571181678,0.6217525345370077,0.5435541420640612,0.6128426428818322,0.37824746546299226,1
Geophysical_model286,/home/lyara/areswave/models/Geophysical_model286.nd,nd,UNK,,,949.973,60.0,900.0,197.89099999999996,949.973,60.0,1116.548,16.656999999999925,1449.698,99.94499999999994,1681.061,60.0,0.3603036343835191,0.6354450473450728,0.5437312430245549,0.6396963656164809,0.36455495265492716,1
AK_model_65,/home/lyara/areswave/models/AK_model_65.nd,nd,UNK,,,1001.408,60.0,796.24,25.645999999999958,1001.408,60.0,1103.992,102.58400000000006,1360.452,25.645999999999958,1695.897,60.0,0.2779648628625063,0.6768414982706787,0.5438826198012879,0.7220351371374937,0.32315850172932126,1
Geophysical_model822,/home/lyara/areswave/models/Geophysical_model822.nd,nd,UNK,,,933.261,60.0,876.904,184.765,933.261,60.0,1116.199,16.630999999999858,1482.075,99.78399999999988,1680.091,60.0,0.3698080258397979,0.6311980730789672,0.5440680573325775,0.6301919741602021,0.3688019269210327,1
ceylan,/home/lyara/areswave/models/ceylan.nd,nd,UNK,,,1086.523,60.0,887.59,24.865999999999985,1086.523,60.0,1285.455,24.866999999999962,1360.055,74.60000000000014,1666.648,60.0,0.2346708870696197,0.6989904268506152,0.5442172469236167,0.7653291129303803,0.3010095731493848,1
MD_model50,/home/lyara/areswave/models/MD_model50.nd,nd,UNK,,,1043.775,60.0,704.13,186.25699999999995,1043.775,60.0,1295.769,186.25700000000006,1361.507,87.65100000000007,1649.586,60.0,0.22761030269755922,0.7029436413756962,0.5444991951496506,0.7723896973024408,0.29705635862430374,1
Geophysical_model862,/home/lyara/areswave/models/Geophysical_model862.nd,nd,UNK,,,916.702,60.0,877.518,179.85699999999997,916.702,60.0,1117.126,33.403999999999996,1484.569,83.50999999999999,1682.671,60.0,0.3292618232652669,0.6521782507663783,0.5445394415993411,0.6707381767347331,0.3478217492336218,1
Geophysical_model897,/home/lyara/areswave/models/Geophysical_model897.nd,nd,UNK,,,950.093,60.0,900.0,199.61199999999997,950.093,60.0,1133.767,50.09299999999985,1484.418,66.79099999999994,1682.515,60.0,0.4084859651760152,0.6126167141057581,0.5445731311291772,0.5915140348239848,0.38738328589424187,1
Geophysical_model413,/home/lyara/areswave/models/Geophysical_model413.nd,nd,UNK,,,1063.846,60.0,900.0,187.43899999999996,1063.846,60.0,1145.769,32.769000000000005,1489.845,65.53899999999999,1671.177,60.0,0.32791111649065263,0.6529839286150678,0.544626324573596,0.6720888835093474,0.34701607138493223,1
AK_model_9,/home/lyara/areswave/models/AK_model_9.nd,nd,UNK,,,1080.348,60.0,882.922,24.677999999999997,1080.348,60.0,1277.774,49.355999999999995,1302.453,49.355999999999995,1657.767,60.0,0.1426640308906062,0.7459256417265279,0.544838438114554,0.8573359691093938,0.2540743582734722,1
Geophysical_model235,/home/lyara/areswave/models/Geophysical_model235.nd,nd,UNK,,,916.874,60.0,900.0,181.13800000000003,916.874,60.0,1102.492,16.874000000000024,1439.978,101.2460000000001,1688.913,60.0,0.3396501896377161,0.6475626680000779,0.544925175212624,0.6603498103622839,0.3524373319999221,1
Geophysical_model89,/home/lyara/areswave/models/Geophysical_model89.nd,nd,UNK,,,1000.663,60.0,900.0,199.83900000000006,1000.663,60.0,1134.88,33.55400000000009,1470.423,83.88599999999997,1685.394,60.0,0.31838951064566057,0.6584620667585854,0.5451045480542772,0.6816104893543394,0.3415379332414146,1
Geophysical_model811,/home/lyara/areswave/models/Geophysical_model811.nd,nd,UNK,,,900.0,60.0,900.0,181.49800000000005,900.0,60.0,1106.522,17.210000000000036,1467.935,86.04999999999995,1502.356,68.83999999999992,0.38959626883992904,0.6230801272496983,0.5452521744464419,0.610403731160071,0.3769198727503017,1
Geophysical_model959,/home/lyara/areswave/models/Geophysical_model959.nd,nd,UNK,,,900.0,60.0,900.0,181.49800000000005,900.0,60.0,1106.522,17.210000000000036,1467.935,86.04999999999995,1502.356,68.83999999999992,0.38959626883992904,0.6230801272496983,0.5452521744464419,0.610403731160071,0.3769198727503017,1
Geophysical_model730,/home/lyara/areswave/models/Geophysical_model730.nd,nd,UNK,,,933.948,60.0,900.0,185.625,933.948,60.0,1120.665,33.947999999999865,1494.098,84.87099999999987,1692.531,60.0,0.4652706917213564,0.5857133371823338,0.5455657886953413,0.5347293082786436,0.4142866628176662,1
CD_model66,/home/lyara/areswave/models/CD_model66.nd,nd,UNK,,,,60.0,,60.0,,60.0,,60.0,,60.0,,60.0,0.21760321307295782,0.7095937972719512,0.5455969358722866,0.7823967869270422,0.29040620272804885,1
Geophysical_model859,/home/lyara/areswave/models/Geophysical_model859.nd,nd,UNK,,,950.013,60.0,900.0,182.12900000000002,950.013,60.0,1133.396,33.3420000000001,1483.489,66.68399999999997,1681.554,60.0,0.3504757641473457,0.6431643665467314,0.5456014990802694,0.6495242358526543,0.35683563345326863,1
Geophysical_model987,/home/lyara/areswave/models/Geophysical_model987.nd,nd,UNK,,,916.714,60.0,900.0,189.303,916.714,60.0,1117.284,33.42800000000011,1484.996,83.57100000000014,1683.113,60.0,0.42665481917817194,0.6059265995277863,0.5461693394112482,0.5733451808218281,0.3940734004722138,1
Geophysical_model873,/home/lyara/areswave/models/Geophysical_model873.nd,nd,UNK,,,966.709,60.0,875.782,193.74599999999998,966.709,60.0,1133.481,33.35500000000002,1483.703,66.70900000000006,1681.776,60.0,0.15248286330024297,0.7431222769988357,0.5462424724326381,0.847517136699757,0.2568777230011643,1
Geophysical_model830,/home/lyara/areswave/models/Geophysical_model830.nd,nd,UNK,,,966.709,60.0,875.782,193.74599999999998,966.709,60.0,1133.481,33.35500000000002,1483.703,66.70900000000006,1681.776,60.0,0.15248286330024297,0.7431222769988357,0.5462424724326381,0.847517136699757,0.2568777230011643,1
Geophysical_model784,/home/lyara/areswave/models/Geophysical_model784.nd,nd,UNK,,,916.796,60.0,855.883,198.52800000000002,916.796,60.0,1118.345,33.5920000000001,1487.852,83.97900000000004,1686.068,60.0,0.39481306730165966,0.6220119331594055,0.5462789778734902,0.6051869326983403,0.3779880668405945,1
Geophysical_model674,/home/lyara/areswave/models/Geophysical_model674.nd,nd,UNK,,,916.672,60.0,900.0,180.51700000000005,916.672,60.0,1116.738,33.34500000000003,1483.524,83.36099999999988,1681.59,60.0,0.27984047494671516,0.6794984728047867,0.5462791401854296,0.7201595250532848,0.3205015271952133,1
Geophysical_model480,/home/lyara/areswave/models/Geophysical_model480.nd,nd,UNK,,,999.558,60.0,878.726,191.466,999.558,60.0,1115.708,16.592999999999847,1497.346,99.55799999999999,1678.723,60.0,0.32948156507715354,0.6549898341771078,0.5464870778104564,0.6705184349228465,0.34501016582289223,1
Geophysical_model544,/home/lyara/areswave/models/Geophysical_model544.nd,nd,UNK,,,950.085,60.0,900.0,182.62099999999998,950.085,60.0,1133.728,33.3900000000001,1484.32,66.779,1682.414,60.0,0.266437950745146,0.6865828931304803,0.5465345790020355,0.733562049254854,0.3134171068695198,1
Geophysical_model538,/home/lyara/areswave/models/Geophysical_model538.nd,nd,UNK,,,950.085,60.0,900.0,182.62099999999998,950.085,60.0,1133.728,33.3900000000001,1484.32,66.779,1682.414,60.0,0.266437950745146,0.6865828931304803,0.5465345790020355,0.733562049254854,0.3134171068695198,1
Geophysical_model590,/home/lyara/areswave/models/Geophysical_model590.nd,nd,UNK,,,916.672,60.0,876.867,185.067,916.672,60.0,1116.735,33.343999999999824,1483.517,83.35900000000015,1681.583,60.0,0.534542754355842,0.552878968287313,0.5467668969768226,0.465457245644158,0.44712103171268697,1
Geophysical_model153,/home/lyara/areswave/models/Geophysical_model153.nd,nd,UNK,,,983.358,60.0,900.0,178.32600000000002,983.358,60.0,1116.73,33.343000000000075,1483.504,100.02999999999997,1681.569,60.0,0.19597951053401907,0.7230980943161672,0.5473918997221179,0.8040204894659809,0.27690190568383277,1
Geophysical_model261,/home/lyara/areswave/models/Geophysical_model261.nd,nd,UNK,,,983.358,60.0,900.0,178.32600000000002,983.358,60.0,1116.73,33.343000000000075,1483.504,100.02999999999997,1681.569,60.0,0.19597951053401907,0.7230980943161672,0.5473918997221179,0.8040204894659809,0.27690190568383277,1
Geophysical_model88,/home/lyara/areswave/models/Geophysical_model88.nd,nd,UNK,,,966.337,60.0,900.0,193.89700000000005,966.337,60.0,1115.594,16.58400000000006,1463.861,116.08899999999994,1678.405,60.0,0.3043279295834508,0.6695161418863745,0.5477867377853999,0.6956720704165492,0.33048385811362546,1
Geophysical_model37,/home/lyara/areswave/models/Geophysical_model37.nd,nd,UNK,,,966.337,60.0,900.0,193.89700000000005,966.337,60.0,1115.594,16.58400000000006,1463.861,116.08899999999994,1678.405,60.0,0.3043279295834508,0.6695161418863745,0.5477867377853999,0.6956720704165492,0.33048385811362546,1
Geophysical_model635,/home/lyara/areswave/models/Geophysical_model635.nd,nd,UNK,,,916.706,60.0,900.0,188.09299999999996,916.706,60.0,1117.178,33.412000000000035,1484.711,83.52999999999997,1682.818,60.0,0.43750566687045445,0.6033340283165639,0.5480579078345275,0.5624943331295456,0.3966659716834361,1
CD_model33,/home/lyara/areswave/models/CD_model33.nd,nd,UNK,,,,60.0,,60.0,,60.0,,60.0,,60.0,,60.0,0.3093029127358725,0.668140757714531,0.5485281427216449,0.6906970872641275,0.33185924228546904,1
Geophysical_model470,/home/lyara/areswave/models/Geophysical_model470.nd,nd,UNK,,,1063.97,60.0,900.0,188.42200000000003,1063.97,60.0,1145.955,32.79399999999987,1490.293,65.58799999999997,1671.628,60.0,0.2670678295853932,0.6898403964623602,0.5489162075033712,0.7329321704146068,0.3101596035376398,1
Geophysical_model404,/home/lyara/areswave/models/Geophysical_model404.nd,nd,UNK,,,966.706,60.0,900.0,186.46400000000006,966.706,60.0,1116.796,33.353000000000065,1467.004,100.05999999999995,1681.752,60.0,0.25401673947026504,0.6975296069698018,0.5496919844699563,0.745983260529735,0.3024703930301981,1
Geophysical_model376,/home/lyara/areswave/models/Geophysical_model376.nd,nd,UNK,,,983.203,60.0,878.839,190.45100000000002,983.203,60.0,1116.329,16.6400000000001,1465.783,99.84400000000005,1680.452,60.0,0.2771193888713981,0.6868366515167735,0.5502642306349818,0.7228806111286019,0.31316334848322647,1
Geophysical_model331,/home/lyara/areswave/models/Geophysical_model331.nd,nd,UNK,,,966.03,60.0,900.0,191.53599999999994,966.03,60.0,1114.598,16.507000000000062,1461.256,99.04499999999985,1675.63,60.0,0.1811444944610825,0.7372563689432394,0.5518857441158538,0.8188555055389175,0.2627436310567605,1
MD_model38,/home/lyara/areswave/models/MD_model38.nd,nd,UNK,,,1054.062,60.0,780.894,189.11599999999999,1054.062,60.0,1253.684,178.61000000000013,1348.242,10.506000000000085,1597.105,60.0,0.222990123801999,0.7168814309364038,0.5522509952249356,0.777009876198001,0.28311856906359617,1
Geophysical_model809,/home/lyara/areswave/models/Geophysical_model809.nd,nd,UNK,,,916.969,60.0,878.195,196.24400000000003,916.969,60.0,1120.603,33.93900000000008,1493.931,84.84699999999998,1692.359,60.0,0.35537957684022004,0.6511041606974557,0.5525292994117105,0.64462042315978,0.34889583930254436,1
Geophysical_model219,/home/lyara/areswave/models/Geophysical_model219.nd,nd,UNK,,,999.473,60.0,900.0,182.298,999.473,60.0,1115.525,16.57899999999995,1496.838,99.47299999999996,1678.212,60.0,0.5090601549618068,0.5744289198286039,0.5526393315396715,0.49093984503819316,0.4255710801713961,1
Geophysical_model157,/home/lyara/areswave/models/Geophysical_model157.nd,nd,UNK,,,999.473,60.0,900.0,182.298,999.473,60.0,1115.525,16.57899999999995,1496.838,99.47299999999996,1678.212,60.0,0.5090601549618068,0.5744289198286039,0.5526393315396715,0.49093984503819316,0.4255710801713961,1
Geophysical_model270,/home/lyara/areswave/models/Geophysical_model270.nd,nd,UNK,,,1001.288,60.0,880.467,195.33399999999995,1001.288,60.0,1119.457,33.76299999999992,1490.847,101.28800000000001,1689.167,60.0,0.34622760952797516,0.6559527141460259,0.5527110126066757,0.6537723904720248,0.34404728585397415,1
Geophysical_model993,/home/lyara/areswave/models/Geophysical_model993.nd,nd,UNK,,,950.093,60.0,900.0,199.76800000000003,950.093,60.0,1133.767,50.09299999999985,1484.418,66.79099999999994,1682.515,60.0,0.23806106936348215,0.7101717226025936,0.5528015048562231,0.7619389306365179,0.28982827739740635,1
Geophysical_model925,/home/lyara/areswave/models/Geophysical_model925.nd,nd,UNK,,,950.093,60.0,900.0,199.76800000000003,950.093,60.0,1133.767,50.09299999999985,1484.418,66.79099999999994,1682.515,60.0,0.23806106936348215,0.7101717226025936,0.5528015048562231,0.7619389306365179,0.28982827739740635,1
MD_model73,/home/lyara/areswave/models/MD_model73.nd,nd,UNK,,,995.034,60.0,763.228,10.53699999999992,995.034,60.0,1100.4,147.51299999999992,1395.426,126.44000000000005,1602.505,60.0,0.3751838847160477,0.6421007523980515,0.553128463170717,0.6248161152839523,0.3578992476019484,1
MD_model30,/home/lyara/areswave/models/MD_model30.nd,nd,UNK,,,1031.761,60.0,887.465,10.307000000000016,1031.761,60.0,1279.127,154.60400000000004,1330.661,61.84199999999987,1586.589,60.0,0.24222563706310385,0.7087583246438613,0.5532474287836089,0.7577743629368962,0.2912416753561386,1
Geophysical_model415,/home/lyara/areswave/models/Geophysical_model415.nd,nd,UNK,,,949.68,60.0,900.0,189.93600000000004,949.68,60.0,1115.279,16.559999999999945,1463.038,99.3599999999999,1677.528,60.0,0.31249677064993997,0.6744012763382983,0.5537664411088455,0.68750322935006,0.32559872366170167,1
Geophysical_model794,/home/lyara/areswave/models/Geophysical_model794.nd,nd,UNK,,,950.91,60.0,900.0,184.586,950.91,60.0,1120.608,33.940000000000055,1493.945,84.84899999999993,1692.373,60.0,0.33931488884595473,0.6612793549839683,0.5539578662712971,0.6606851111540453,0.3387206450160317,1
Geophysical_model750,/home/lyara/areswave/models/Geophysical_model750.nd,nd,UNK,,,916.648,60.0,877.568,179.45600000000002,916.648,60.0,1116.419,16.64799999999991,1482.668,99.88499999999999,1680.704,60.0,0.3144815571171411,0.6739832252853596,0.5541493358959534,0.6855184428828589,0.3260167747146404,1
Geophysical_model718,/home/lyara/areswave/models/Geophysical_model718.nd,nd,UNK,,,933.856,60.0,900.0,185.09900000000005,933.856,60.0,1120.061,33.855999999999995,1492.472,84.6389999999999,1690.849,60.0,0.3731067993384781,0.6448417718914473,0.5542634477071243,0.6268932006615219,0.3551582281085527,1
Geophysical_model96,/home/lyara/areswave/models/Geophysical_model96.nd,nd,UNK,,,966.829,60.0,900.0,198.79600000000005,966.829,60.0,1117.194,33.41399999999999,1451.339,100.24299999999994,1682.862,60.0,0.44040022823229874,0.611904498349282,0.5547364083102876,0.5595997717677013,0.38809550165071804,1
Geophysical_model234,/home/lyara/areswave/models/Geophysical_model234.nd,nd,UNK,,,966.829,60.0,900.0,198.79600000000005,966.829,60.0,1117.194,33.41399999999999,1451.339,100.24299999999994,1682.862,60.0,0.44040022823229874,0.611904498349282,0.5547364083102876,0.5595997717677013,0.38809550165071804,1
Geophysical_model979,/home/lyara/areswave/models/Geophysical_model979.nd,nd,UNK,,,916.648,60.0,877.439,180.48900000000003,916.648,60.0,1116.419,16.64799999999991,1482.668,99.88499999999999,1680.704,60.0,0.32580289345463365,0.6697402678049909,0.5550944763548719,0.6741971065453664,0.33025973219500915,1
Geophysical_model540,/home/lyara/areswave/models/Geophysical_model540.nd,nd,UNK,,,916.576,60.0,879.318,186.135,916.576,60.0,1115.488,16.576000000000022,1496.736,99.45600000000013,1678.109,60.0,0.23567228954833574,0.71496020276164,0.5551975650238719,0.7643277104516643,0.28503979723836004,1
Geophysical_model856,/home/lyara/areswave/models/Geophysical_model856.nd,nd,UNK,,,933.454,60.0,900.0,180.49900000000002,933.454,60.0,1134.179,33.45400000000018,1485.447,66.9079999999999,1683.58,60.0,0.35240072695294355,0.6567744873420538,0.5553165672123503,0.6475992730470564,0.34322551265794615,1
Geophysical_model735,/home/lyara/areswave/models/Geophysical_model735.nd,nd,UNK,,,900.0,60.0,900.0,179.56500000000005,900.0,60.0,1118.565,33.625,1488.445,100.87599999999998,1686.682,60.0,0.19599556697371512,0.7357520706769776,0.5558332361092234,0.8040044330262849,0.2642479293230225,1
Geophysical_model803,/home/lyara/areswave/models/Geophysical_model803.nd,nd,UNK,,,1099.489,60.0,900.0,21.019000000000005,1099.489,60.0,1116.113,16.624000000000024,1465.218,99.74500000000012,1679.849,60.0,0.49698059703100816,0.5862472350112762,0.5564916890178535,0.5030194029689918,0.41375276498872376,1
Geophysical_model579,/home/lyara/areswave/models/Geophysical_model579.nd,nd,UNK,,,1099.489,60.0,900.0,21.019000000000005,1099.489,60.0,1116.113,16.624000000000024,1465.218,99.74500000000012,1679.849,60.0,0.49698059703100816,0.5862472350112762,0.5564916890178535,0.5030194029689918,0.41375276498872376,1
Geophysical_model140,/home/lyara/areswave/models/Geophysical_model140.nd,nd,UNK,,,965.752,60.0,900.0,181.09500000000003,965.752,60.0,1113.693,16.437000000000126,1458.888,115.06499999999983,1673.108,60.0,0.27859555677354086,0.6957137238520483,0.5566743348258791,0.7214044432264591,0.3042862761479516,1
Geophysical_model944,/home/lyara/areswave/models/Geophysical_model944.nd,nd,UNK,,,950.91,60.0,900.0,184.519,950.91,60.0,1120.608,33.940000000000055,1493.945,84.84899999999993,1692.373,60.0,0.3476686091992406,0.6613022321303014,0.5567576911532811,0.6523313908007594,0.33869776786969863,1
Geophysical_model972,/home/lyara/areswave/models/Geophysical_model972.nd,nd,UNK,,,950.91,60.0,900.0,184.519,950.91,60.0,1120.608,33.940000000000055,1493.945,84.84899999999993,1692.373,60.0,0.3476686091992406,0.6613022321303014,0.5567576911532811,0.6523313908007594,0.33869776786969863,1
Geophysical_model582,/home/lyara/areswave/models/Geophysical_model582.nd,nd,UNK,,,916.922,60.0,900.0,183.74300000000005,916.922,60.0,1119.984,33.84400000000005,1475.344,84.60900000000015,1690.635,60.0,0.19184258468172444,0.7392528375437213,0.556782753256389,0.8081574153182756,0.2607471624562787,1
Geophysical_model366,/home/lyara/areswave/models/Geophysical_model366.nd,nd,UNK,,,949.973,60.0,900.0,193.913,949.973,60.0,1116.548,16.656999999999925,1449.698,99.94499999999994,1681.061,60.0,0.3570907712533302,0.6567260778115132,0.5568476422921188,0.6429092287466698,0.3432739221884868,1
Geophysical_model218,/home/lyara/areswave/models/Geophysical_model218.nd,nd,UNK,,,966.445,60.0,900.0,179.84699999999998,966.445,60.0,1115.945,16.611000000000104,1464.778,99.66700000000014,1679.382,60.0,0.4162370052559603,0.6274700191708497,0.5570590145325532,0.5837629947440397,0.37252998082915034,1
Geophysical_model587,/home/lyara/areswave/models/Geophysical_model587.nd,nd,UNK,,,916.728,60.0,900.0,191.66499999999996,916.728,60.0,1117.459,33.455999999999904,1485.467,83.63800000000015,1683.6,60.0,0.280921087980467,0.6951952622539067,0.5571038708294268,0.719078912019533,0.3048047377460933,1
AK_model_74,/home/lyara/areswave/models/AK_model_74.nd,nd,UNK,,,1048.917,60.0,820.552,25.374000000000024,1048.917,60.0,1277.282,50.74799999999982,1328.03,50.74800000000005,1687.331,60.0,0.41733068134526274,0.6279528882003633,0.5577454859153298,0.5826693186547373,0.37204711179963673,1
Geophysical_model523,/home/lyara/areswave/models/Geophysical_model523.nd,nd,UNK,,,966.694,60.0,900.0,192.65800000000002,966.694,60.0,1133.428,33.346000000000004,1483.57,66.69399999999996,1681.638,60.0,0.3638608557293156,0.654930362460115,0.5579071935498486,0.6361391442706844,0.3450696375398849,1
Geophysical_model742,/home/lyara/areswave/models/Geophysical_model742.nd,nd,UNK,,,966.694,60.0,900.0,192.65800000000002,966.694,60.0,1133.428,33.346000000000004,1483.57,66.69399999999996,1681.638,60.0,0.3638608557293156,0.654930362460115,0.5579071935498486,0.6361391442706844,0.3450696375398849,1
Geophysical_model808,/home/lyara/areswave/models/Geophysical_model808.nd,nd,UNK,,,916.724,60.0,900.0,188.91700000000003,916.724,60.0,1117.416,33.44800000000009,1468.626,83.62099999999987,1683.48,60.0,0.3601059508287394,0.6573714409128747,0.5582829442181629,0.6398940491712606,0.3426285590871253,1
Geophysical_model638,/home/lyara/areswave/models/Geophysical_model638.nd,nd,UNK,,,916.693,60.0,877.71,178.31899999999996,916.693,60.0,1117.015,33.386000000000195,1484.271,83.46699999999987,1682.363,60.0,0.39595700260239386,0.6394962815852014,0.5583165219242656,0.6040429973976061,0.36050371841479856,1
Geophysical_model604,/home/lyara/areswave/models/Geophysical_model604.nd,nd,UNK,,,900.0,60.0,900.0,180.015,900.0,60.0,1118.266,33.57899999999995,1487.638,100.73799999999983,1685.847,60.0,0.2461241849573561,0.7150871205216405,0.5587661420002124,0.7538758150426439,0.2849128794783596,1
Geophysical_model321,/home/lyara/areswave/models/Geophysical_model321.nd,nd,UNK,,,1064.355,60.0,900.0,189.894,1064.355,60.0,1146.533,32.87099999999987,1491.679,65.74200000000019,1673.022,60.0,0.36275463987755086,0.6581070544321579,0.5596562495806222,0.6372453601224491,0.3418929455678421,1
Geophysical_model435,/home/lyara/areswave/models/Geophysical_model435.nd,nd,UNK,,,949.68,60.0,900.0,189.86900000000003,949.68,60.0,1115.279,16.559999999999945,1463.038,99.3599999999999,1677.528,60.0,0.2803467162446489,0.6996652764162539,0.5598924230257188,0.7196532837553511,0.3003347235837462,1
Geophysical_model44,/home/lyara/areswave/models/Geophysical_model44.nd,nd,UNK,,,983.376,60.0,857.898,189.46000000000004,983.376,60.0,1116.777,33.34999999999991,1466.955,100.05100000000016,1681.7,60.0,0.30098877263677926,0.6899392580422441,0.5602890962404224,0.6990112273632207,0.3100607419577559,1
AK_model_22,/home/lyara/areswave/models/AK_model_22.nd,nd,UNK,,,1079.893,60.0,816.324,26.357000000000085,1079.893,60.0,1290.748,52.71399999999994,1317.105,26.35699999999997,1685.402,60.0,0.4056127305493038,0.637681758022927,0.5603254155317193,0.5943872694506962,0.36231824197707296,1
Geophysical_model350,/home/lyara/areswave/models/Geophysical_model350.nd,nd,UNK,,,999.844,60.0,878.82,190.61599999999999,999.844,60.0,1116.329,16.6400000000001,1465.783,99.84400000000005,1680.452,60.0,0.26251927851522483,0.7093050653405817,0.5603764697321294,0.7374807214847752,0.2906949346594183,1
Geophysical_model138,/home/lyara/areswave/models/Geophysical_model138.nd,nd,UNK,,,982.921,60.0,900.0,196.41899999999998,982.921,60.0,1115.594,16.58400000000006,1463.861,116.08899999999994,1678.405,60.0,0.29409291025731965,0.6937683112766582,0.5605431776035453,0.7059070897426803,0.30623168872334183,1
Geophysical_model148,/home/lyara/areswave/models/Geophysical_model148.nd,nd,UNK,,,983.062,60.0,858.582,186.38099999999997,983.062,60.0,1115.961,16.613000000000056,1464.822,116.28700000000003,1679.428,60.0,0.2539225957053426,0.7139597054865605,0.5606140022261545,0.7460774042946574,0.28604029451343943,1
MD_model19,/home/lyara/areswave/models/MD_model19.nd,nd,UNK,,,1059.774,60.0,728.117,192.5759999999999,1059.774,60.0,1209.555,192.57500000000005,1348.637,106.98699999999985,1611.188,60.0,0.2728095622006561,0.7045312337776073,0.5606240099186236,0.7271904377993439,0.29546876622239265,1
Geophysical_model766,/home/lyara/areswave/models/Geophysical_model766.nd,nd,UNK,,,1099.489,60.0,900.0,21.00400000000002,1099.489,60.0,1116.113,16.624000000000024,1465.218,99.74500000000012,1679.849,60.0,0.43502731695660457,0.6238207661358444,0.5608896164094311,0.5649726830433954,0.3761792338641556,1
Geophysical_model874,/home/lyara/areswave/models/Geophysical_model874.nd,nd,UNK,,,916.644,60.0,876.99,184.08100000000002,916.644,60.0,1116.374,16.644000000000005,1499.19,99.86500000000001,1680.578,60.0,0.5586723264914166,0.562117875889153,0.5609693594232409,0.4413276735085833,0.43788212411084704,1
CD_model51,/home/lyara/areswave/models/CD_model51.nd,nd,UNK,,,,60.0,,60.0,,60.0,,60.0,,60.0,,60.0,0.5530694978634789,0.5652396908730819,0.5611829598698809,0.44693050213652114,0.43476030912691804,1
AK_model_52,/home/lyara/areswave/models/AK_model_52.nd,nd,UNK,,,1026.612,60.0,827.005,24.951000000000022,1026.612,60.0,1276.121,74.85200000000009,1301.072,24.951000000000022,1681.933,60.0,0.28098307679538737,0.7014153575922764,0.5612712639933134,0.7190169232046126,0.2985846424077237,1
AK_model_25,/home/lyara/areswave/models/AK_model_25.nd,nd,UNK,,,1038.21,60.0,798.179,26.670000000000073,1038.21,60.0,1278.24,26.670000000000073,1331.58,53.33999999999992,1701.46,60.0,0.26574761572863237,0.709163534506501,0.5613582282472115,0.7342523842713676,0.2908364654934989,1
Geophysical_model917,/home/lyara/areswave/models/Geophysical_model917.nd,nd,UNK,,,900.0,60.0,877.931,198.62300000000005,900.0,60.0,1104.357,34.05899999999997,1496.041,102.17899999999986,1694.541,60.0,0.2529774830191234,0.715588793463511,0.5613850233153818,0.7470225169808766,0.284411206536489,1
Geophysical_model533,/home/lyara/areswave/models/Geophysical_model533.nd,nd,UNK,,,900.0,60.0,877.931,198.62300000000005,900.0,60.0,1104.357,34.05899999999997,1496.041,102.17899999999986,1694.541,60.0,0.2529774830191234,0.715588793463511,0.5613850233153818,0.7470225169808766,0.284411206536489,1
Geophysical_model887,/home/lyara/areswave/models/Geophysical_model887.nd,nd,UNK,,,966.653,60.0,900.0,193.25599999999997,966.653,60.0,1133.286,33.327,1499.88,83.31700000000001,1681.272,60.0,0.2231900509785507,0.73053312853826,0.5614187693516902,0.7768099490214493,0.26946687146174,1
CD_model70,/home/lyara/areswave/models/CD_model70.nd,nd,UNK,,,,60.0,,60.0,,60.0,,60.0,,60.0,,60.0,0.36588713681533847,0.6593055674185162,0.5614994238841237,0.6341128631846615,0.34069443258148374,1
Geophysical_model214,/home/lyara/areswave/models/Geophysical_model214.nd,nd,UNK,,,949.92,60.0,900.0,183.216,949.92,60.0,1116.318,16.6400000000001,1449.115,116.47900000000004,1680.421,60.0,0.378053256000663,0.6533450028291011,0.5615810872196217,0.621946743999337,0.34665499717089887,1
CD_model96,/home/lyara/areswave/models/CD_model96.nd,nd,UNK,,,,60.0,,60.0,,60.0,,60.0,,60.0,,60.0,0.2971201043987811,0.6942545892070064,0.5618764276042647,0.7028798956012189,0.30574541079299355,1
Geophysical_model263,/home/lyara/areswave/models/Geophysical_model263.nd,nd,UNK,,,950.857,60.0,900.0,199.14499999999998,950.857,60.0,1120.38,33.903999999999996,1459.426,101.71299999999997,1691.737,60.0,0.3219713666400622,0.6831205314780169,0.562737476532032,0.6780286333599378,0.3168794685219831,1
Geophysical_model414,/home/lyara/areswave/models/Geophysical_model414.nd,nd,UNK,,,950.857,60.0,900.0,199.14499999999998,950.857,60.0,1120.38,33.903999999999996,1459.426,101.71299999999997,1691.737,60.0,0.3219713666400622,0.6831205314780169,0.562737476532032,0.6780286333599378,0.3168794685219831,1
Geophysical_model278,/home/lyara/areswave/models/Geophysical_model278.nd,nd,UNK,,,950.857,60.0,900.0,199.14499999999998,950.857,60.0,1120.38,33.903999999999996,1459.426,101.71299999999997,1691.737,60.0,0.3219713666400622,0.6831205314780169,0.562737476532032,0.6780286333599378,0.3168794685219831,1
Geophysical_model981,/home/lyara/areswave/models/Geophysical_model981.nd,nd,UNK,,,933.4,60.0,900.0,184.236,933.4,60.0,1117.102,33.399999999999864,1484.505,83.5010000000002,1682.605,60.0,0.45072906192070206,0.6188812579020395,0.5628305259082603,0.5492709380792979,0.38111874209796043,1
Geophysical_model650,/home/lyara/areswave/models/Geophysical_model650.nd,nd,UNK,,,916.714,60.0,876.024,191.80700000000002,916.714,60.0,1117.284,33.42800000000011,1484.996,83.57100000000014,1683.113,60.0,0.1785714523201536,0.7551008845461646,0.5629244071374943,0.8214285476798464,0.24489911545383541,1
Geophysical_model552,/home/lyara/areswave/models/Geophysical_model552.nd,nd,UNK,,,916.714,60.0,876.024,191.80700000000002,916.714,60.0,1117.284,33.42800000000011,1484.996,83.57100000000014,1683.113,60.0,0.1785714523201536,0.7551008845461646,0.5629244071374943,0.8214285476798464,0.24489911545383541,1
Geophysical_model259,/home/lyara/areswave/models/Geophysical_model259.nd,nd,UNK,,,984.104,60.0,876.799,185.60500000000002,984.104,60.0,1118.67,33.641000000000076,1488.726,100.9240000000002,1686.973,60.0,0.3526230361321434,0.6681514199520133,0.5629752920120566,0.6473769638678566,0.3318485800479866,1
Geophysical_model827,/home/lyara/areswave/models/Geophysical_model827.nd,nd,UNK,,,916.589,60.0,878.476,193.716,916.589,60.0,1115.651,16.588999999999942,1497.188,99.53100000000018,1678.564,60.0,0.4313618738347601,0.6288974297785664,0.5630522444639644,0.5686381261652399,0.37110257022143356,1
Geophysical_model863,/home/lyara/areswave/models/Geophysical_model863.nd,nd,UNK,,,950.526,60.0,900.0,171.76099999999997,950.526,60.0,1135.789,33.68399999999997,1472.631,67.36899999999991,1687.745,60.0,0.1847290443265991,0.752564709164205,0.5632861542183364,0.8152709556734009,0.24743529083579496,1
AK_model_33,/home/lyara/areswave/models/AK_model_33.nd,nd,UNK,,,1079.942,60.0,818.715,26.121999999999957,1079.942,60.0,1288.923,52.24499999999989,1341.169,52.24499999999989,1681.533,60.0,0.4058916727403534,0.6422015385620394,0.5634315832881441,0.5941083272596466,0.3577984614379605,1
CD_model45,/home/lyara/areswave/models/CD_model45.nd,nd,UNK,,,,60.0,,60.0,,60.0,,60.0,,60.0,,60.0,0.34293371789852756,0.6737094796961449,0.5634508924302725,0.6570662821014724,0.3262905203038551,1
CD_model46,/home/lyara/areswave/models/CD_model46.nd,nd,UNK,,,,60.0,,60.0,,60.0,,60.0,,60.0,,60.0,0.34293371789852756,0.6737094796961449,0.5634508924302725,0.6570662821014724,0.3262905203038551,1
Geophysical_model866,/home/lyara/areswave/models/Geophysical_model866.nd,nd,UNK,,,950.119,60.0,900.0,181.0,950.119,60.0,1133.89,50.11999999999989,1484.726,66.82600000000002,1682.834,60.0,0.18601855590746352,0.752955636829865,0.5639766098557312,0.8139814440925365,0.24704436317013503,1
AK_model_100,/home/lyara/areswave/models/AK_model_100.nd,nd,UNK,,,1074.576,60.0,802.778,27.180000000000064,1074.576,60.0,1292.015,54.36000000000013,1319.195,27.180000000000064,1719.458,60.0,0.30660715498052493,0.6927488466122762,0.5640349494016924,0.6933928450194751,0.30725115338772385,1
Geophysical_model598,/home/lyara/areswave/models/Geophysical_model598.nd,nd,UNK,,,933.261,60.0,900.0,182.73199999999997,933.261,60.0,1116.199,16.630999999999858,1498.706,83.154,1680.091,60.0,0.12436031847838114,0.78510664470618,0.5648578692969136,0.8756396815216189,0.21489335529382,1
Geophysical_model969,/home/lyara/areswave/models/Geophysical_model969.nd,nd,UNK,,,900.0,60.0,900.0,180.861,900.0,60.0,1106.104,17.174999999999955,1483.961,103.05199999999991,1699.813,60.0,0.36091231383589206,0.6668490989386104,0.5648701705710376,0.6390876861641079,0.33315090106138956,1
Geophysical_model400,/home/lyara/areswave/models/Geophysical_model400.nd,nd,UNK,,,949.523,60.0,900.0,191.149,949.523,60.0,1114.598,16.507000000000062,1461.256,99.04499999999985,1675.63,60.0,0.3105396486426233,0.6934547757230859,0.5658164000295983,0.6894603513573767,0.3065452242769141,1
Geophysical_model998,/home/lyara/areswave/models/Geophysical_model998.nd,nd,UNK,,,933.856,60.0,879.282,186.45799999999997,933.856,60.0,1120.061,33.855999999999995,1492.472,84.6389999999999,1690.849,60.0,0.27731172454974595,0.7102837979829559,0.5659597735052193,0.722688275450254,0.2897162020170441,1
Geophysical_model560,/home/lyara/areswave/models/Geophysical_model560.nd,nd,UNK,,,1099.489,60.0,900.0,21.346000000000004,1099.489,60.0,1116.113,16.624000000000024,1465.218,99.74500000000012,1679.849,60.0,0.5638485889885211,0.56763705578956,0.5663742335225471,0.4361514110114789,0.4323629442104399,1
Geophysical_model695,/home/lyara/areswave/models/Geophysical_model695.nd,nd,UNK,,,900.0,60.0,857.316,192.07600000000002,900.0,60.0,1116.56,16.65800000000013,1466.387,116.60899999999992,1681.095,60.0,0.2499219814722995,0.7253312296651313,0.5668614802675207,0.7500780185277005,0.2746687703348687,1
Geophysical_model844,/home/lyara/areswave/models/Geophysical_model844.nd,nd,UNK,,,933.261,60.0,900.0,184.55899999999997,933.261,60.0,1116.199,16.630999999999858,1498.706,99.78399999999988,1680.091,60.0,0.4084400004802613,0.6464471570570753,0.5671114381981374,0.5915599995197387,0.35355284294292466,1
Geophysical_model745,/home/lyara/areswave/models/Geophysical_model745.nd,nd,UNK,,,916.716,60.0,875.992,192.06399999999996,916.716,60.0,1117.309,33.432000000000016,1451.63,83.57999999999993,1683.182,60.0,0.2864588994256797,0.7079876293573012,0.5674780527134273,0.7135411005743203,0.2920123706426988,1
Geophysical_model341,/home/lyara/areswave/models/Geophysical_model341.nd,nd,UNK,,,999.558,60.0,857.532,191.10400000000004,999.558,60.0,1115.708,16.592999999999847,1497.346,99.55799999999999,1678.723,60.0,0.3788259017337875,0.6620494080250233,0.5676415725946113,0.6211740982662125,0.3379505919749767,1
AK_model_83,/home/lyara/areswave/models/AK_model_83.nd,nd,UNK,,,1062.342,60.0,838.335,24.889999999999986,1062.342,60.0,1261.459,49.778999999999996,1336.127,49.778999999999996,1667.691,60.0,0.4026581912130385,0.6516160642952555,0.5686301066011832,0.5973418087869615,0.34838393570474446,1
Geophysical_model923,/home/lyara/areswave/models/Geophysical_model923.nd,nd,UNK,,,933.343,60.0,900.0,180.43899999999996,933.343,60.0,1116.73,33.343000000000075,1483.505,83.35800000000017,1681.57,60.0,0.25656226525207715,0.7250687077107234,0.5688998935578413,0.7434377347479229,0.27493129228927654,1
Geophysical_model602,/home/lyara/areswave/models/Geophysical_model602.nd,nd,UNK,,,1099.903,60.0,900.0,21.410999999999945,1099.903,60.0,1116.562,16.65800000000013,1466.392,116.61000000000013,1681.1,60.0,0.26169719807671654,0.7225170011798991,0.568910400145505,0.7383028019232835,0.2774829988201009,1
Geophysical_model375,/home/lyara/areswave/models/Geophysical_model375.nd,nd,UNK,,,949.973,60.0,900.0,197.183,949.973,60.0,1116.548,16.656999999999925,1449.698,116.60299999999984,1681.061,60.0,0.46913724638817444,0.6189062244619898,0.5689832317707181,0.5308627536118256,0.38109377553801016,1
Geophysical_model363,/home/lyara/areswave/models/Geophysical_model363.nd,nd,UNK,,,949.973,60.0,900.0,197.183,949.973,60.0,1116.548,16.656999999999925,1449.698,116.60299999999984,1681.061,60.0,0.46913724638817444,0.6189062244619898,0.5689832317707181,0.5308627536118256,0.38109377553801016,1
Geophysical_model532,/home/lyara/areswave/models/Geophysical_model532.nd,nd,UNK,,,916.612,60.0,878.548,193.06899999999996,916.612,60.0,1115.955,16.61200000000008,1498.03,99.67200000000003,1679.411,60.0,0.31946571074591046,0.6945341386747315,0.5695113293651245,0.6805342892540895,0.3054658613252685,1
Geophysical_model790,/home/lyara/areswave/models/Geophysical_model790.nd,nd,UNK,,,900.0,60.0,900.0,197.837,900.0,60.0,1104.416,17.035000000000082,1479.179,102.20799999999986,1694.72,60.0,0.3453876002564361,0.6816885244561394,0.5695882163895716,0.6546123997435639,0.31831147554386063,1
CD_model79,/home/lyara/areswave/models/CD_model79.nd,nd,UNK,,,,60.0,,60.0,,60.0,,60.0,,60.0,,60.0,0.36742793407308705,0.6707526775501176,0.5696444297244407,0.632572065926913,0.3292473224498825,1
AK_model_62,/home/lyara/areswave/models/AK_model_62.nd,nd,UNK,,,1016.476,60.0,815.77,25.087999999999965,1016.476,60.0,1116.83,100.35300000000007,1367.713,75.2650000000001,1675.2,60.0,0.3670776638505704,0.6711537762488005,0.5697950721160571,0.6329223361494296,0.3288462237511996,1
maak,/home/lyara/areswave/models/maak.npz,npz,UNK,,,1084.528,60.0,858.423,180.88400000000001,1084.528,60.0,1174.97,90.44200000000001,1401.074,67.83199999999988,1695.01,22.6099999999999,0.36039114475486966,0.6750655747990121,0.5701740981176312,0.6396088552451303,0.3249344252009879,1
AK_model_69,/home/lyara/areswave/models/AK_model_69.nd,nd,UNK,,,1016.862,60.0,866.402,25.076000000000022,1016.862,60.0,1167.322,125.38299999999981,1393.012,50.15300000000002,1675.331,60.0,0.3215024597877033,0.6949047139498485,0.5704372958958001,0.6784975402122967,0.3050952860501514,1
Geophysical_model539,/home/lyara/areswave/models/Geophysical_model539.nd,nd,UNK,,,950.085,60.0,900.0,183.34400000000005,950.085,60.0,1133.728,33.3900000000001,1484.32,66.779,1682.414,60.0,0.29397829712502455,0.708869994803133,0.5705727622437635,0.7060217028749755,0.2911300051968671,1
Geophysical_model946,/home/lyara/areswave/models/Geophysical_model946.nd,nd,UNK,,,916.702,60.0,877.535,179.72000000000003,916.702,60.0,1117.126,33.403999999999996,1484.569,83.50999999999999,1682.671,60.0,0.3439342940982588,0.6840569739200033,0.5706827473127551,0.6560657059017412,0.31594302607999675,1
Geophysical_model847,/home/lyara/areswave/models/Geophysical_model847.nd,nd,UNK,,,916.687,60.0,876.852,185.18100000000004,916.687,60.0,1116.931,33.374000000000024,1484.044,83.43500000000017,1682.128,60.0,0.705922517424868,0.5030973692971605,0.5707057520063964,0.29407748257513194,0.49690263070283947,1
AK_model_87,/home/lyara/areswave/models/AK_model_87.nd,nd,UNK,,,1080.176,60.0,842.943,26.359000000000037,1080.176,60.0,1291.051,26.3599999999999,1343.769,79.07799999999997,1685.704,60.0,0.466096114515158,0.6231466626130672,0.570796479913764,0.533903885484842,0.37685333738693283,1
MD_model22,/home/lyara/areswave/models/MD_model22.nd,nd,UNK,,,1019.062,60.0,898.164,197.83299999999997,1019.062,60.0,1293.831,21.98199999999997,1304.822,76.93500000000017,1648.61,60.0,0.2630357653406322,0.7257539010697135,0.5715145224933531,0.7369642346593678,0.2742460989302865,1
CD_model28,/home/lyara/areswave/models/CD_model28.nd,nd,UNK,,,,60.0,,60.0,,60.0,,60.0,,60.0,,60.0,0.39812645502060895,0.6583801096539876,0.5716288914428614,0.601873544979391,0.3416198903460123,1
Geophysical_model898,/home/lyara/areswave/models/Geophysical_model898.nd,nd,UNK,,,916.672,60.0,877.434,180.529,916.672,60.0,1116.741,33.34500000000003,1483.532,83.36199999999985,1681.599,60.0,0.20867808815270206,0.7532233122402332,0.5717082375443895,0.7913219118472979,0.24677668775976674,1
Geophysical_model274,/home/lyara/areswave/models/Geophysical_model274.nd,nd,UNK,,,1032.808,60.0,900.0,180.65800000000002,1032.808,60.0,1132.413,33.200999999999794,1481.034,83.00499999999988,1679.013,60.0,0.2199312105689183,0.7478717670278695,0.5718915815415525,0.7800687894310817,0.2521282329721305,1
Geophysical_model401,/home/lyara/areswave/models/Geophysical_model401.nd,nd,UNK,,,933.558,60.0,900.0,195.534,933.558,60.0,1101.346,16.778999999999996,1436.922,117.452,1685.455,60.0,0.37732652664579425,0.669353473309983,0.5720111577552535,0.6226734733542058,0.33064652669001704,1
Geophysical_model283,/home/lyara/areswave/models/Geophysical_model283.nd,nd,UNK,,,983.303,60.0,877.982,198.163,983.303,60.0,1116.588,16.660000000000082,1466.461,116.625,1681.173,60.0,0.35581652345293246,0.6808100691980721,0.5724788872830255,0.6441834765470675,0.3191899308019279,1
Geophysical_model625,/home/lyara/areswave/models/Geophysical_model625.nd,nd,UNK,,,916.728,60.0,900.0,191.68600000000004,916.728,60.0,1117.467,33.455999999999904,1485.488,83.64100000000008,1683.622,60.0,0.19052000823500326,0.7648560061387693,0.5734106735041805,0.8094799917649967,0.23514399386123078,1
MD_model92,/home/lyara/areswave/models/MD_model92.nd,nd,UNK,,,957.353,60.0,715.782,186.66899999999998,957.353,60.0,1275.788,54.90300000000002,1308.73,43.922000000000025,1652.135,60.0,0.38755582914405895,0.6664890110462295,0.573511283745506,0.612444170855941,0.3335109889537705,1
MD_model3,/home/lyara/areswave/models/MD_model3.nd,nd,UNK,,,1000.461,60.0,799.496,10.576999999999998,1000.461,60.0,1137.964,190.38800000000015,1434.124,190.3889999999999,1609.796,60.0,0.6282987263136995,0.5466537799511703,0.5738687620720134,0.37170127368630046,0.45334622004882974,1
AK_model_23,/home/lyara/areswave/models/AK_model_23.nd,nd,UNK,,,1057.206,60.0,792.209,26.5,1057.206,60.0,1295.703,52.999000000000024,1322.203,26.5,1691.329,60.0,0.2741327263122644,0.7244658067836023,0.574354779959823,0.7258672736877356,0.27553419321639777,1
Geophysical_model165,/home/lyara/areswave/models/Geophysical_model165.nd,nd,UNK,,,1016.295,60.0,900.0,197.50300000000004,1016.295,60.0,1132.589,33.22699999999986,1481.473,99.68200000000002,1679.468,60.0,0.31713852049192626,0.7037436661433674,0.5748752842595537,0.6828614795080737,0.29625633385663264,1
CD_model92,/home/lyara/areswave/models/CD_model92.nd,nd,UNK,,,,60.0,,60.0,,60.0,,60.0,,60.0,,60.0,0.3270540369233458,0.6990028976871724,0.5750199440992302,0.6729459630766542,0.3009971023128276,1
Geophysical_model438,/home/lyara/areswave/models/Geophysical_model438.nd,nd,UNK,,,1033.261,60.0,900.0,181.95600000000002,1033.261,60.0,1133.207,33.315000000000055,1499.676,83.28800000000001,1681.067,60.0,0.4369244120312511,0.6443345395908244,0.5751978304043001,0.5630755879687489,0.35566546040917557,1
Geophysical_model337,/home/lyara/areswave/models/Geophysical_model337.nd,nd,UNK,,,967.872,60.0,900.0,180.90700000000004,967.872,60.0,1120.585,33.937000000000126,1459.948,101.80899999999997,1692.31,60.0,0.5467847814579998,0.589908170767502,0.5755337076643346,0.45321521854200014,0.410091829232498,1
Geophysical_model815,/home/lyara/areswave/models/Geophysical_model815.nd,nd,UNK,,,950.781,60.0,900.0,183.49599999999998,950.781,60.0,1136.977,33.85400000000004,1475.515,67.70700000000011,1690.818,60.0,0.44181485073313964,0.6428548777810491,0.575841535431746,0.5581851492668604,0.3571451222189509,1
Geophysical_model506,/home/lyara/areswave/models/Geophysical_model506.nd,nd,UNK,,,1086.703,60.0,900.0,21.099000000000046,1086.703,60.0,1103.676,16.972999999999956,1460.108,118.81000000000017,1692.486,60.0,0.2385167092589332,0.7445400521621689,0.575865604527757,0.7614832907410668,0.2554599478378311,1
MD_model63,/home/lyara/areswave/models/MD_model63.nd,nd,UNK,,,1047.057,60.0,708.427,180.60199999999998,1047.057,60.0,1216.372,191.8900000000001,1363.111,90.30099999999993,1690.644,60.0,0.4213845682211642,0.6531607732941271,0.5759020382698061,0.5786154317788358,0.3468392267058728,1
Geophysical_model575,/home/lyara/areswave/models/Geophysical_model575.nd,nd,UNK,,,900.0,60.0,900.0,191.03700000000003,900.0,60.0,1116.744,33.34500000000003,1483.543,100.03599999999983,1681.61,60.0,0.3369713469915777,0.6968912172532046,0.5769179271659955,0.6630286530084223,0.3031087827467954,1
Geophysical_model574,/home/lyara/areswave/models/Geophysical_model574.nd,nd,UNK,,,900.0,60.0,900.0,191.03700000000003,900.0,60.0,1116.744,33.34500000000003,1483.543,100.03599999999983,1681.61,60.0,0.3369713469915777,0.6968912172532046,0.5769179271659955,0.6630286530084223,0.3031087827467954,1
Geophysical_model651,/home/lyara/areswave/models/Geophysical_model651.nd,nd,UNK,,,900.0,60.0,900.0,22.408999999999992,900.0,60.0,1101.621,16.801999999999907,1488.061,100.81099999999992,1686.284,60.0,0.3373561250337096,0.6972959866083375,0.5773160327501282,0.6626438749662904,0.30270401339166253,1
Geophysical_model135,/home/lyara/areswave/models/Geophysical_model135.nd,nd,UNK,,,1048.611,60.0,900.0,193.514,1048.611,60.0,1147.685,33.02399999999989,1494.444,66.04899999999998,1675.804,60.0,0.43172254244206276,0.6505570642404794,0.5776122236410072,0.5682774575579372,0.3494429357595206,1
Geophysical_model11,/home/lyara/areswave/models/Geophysical_model11.nd,nd,UNK,,,1001.216,60.0,861.153,194.23299999999995,1001.216,60.0,1119.301,33.738000000000056,1490.426,101.2159999999999,1688.731,60.0,0.4009636507614096,0.6660644405407457,0.5776975106143003,0.5990363492385904,0.33393555945925435,1
Geophysical_model152,/home/lyara/areswave/models/Geophysical_model152.nd,nd,UNK,,,950.042,60.0,900.0,197.91099999999994,950.042,60.0,1116.847,33.361000000000104,1450.457,116.7639999999999,1681.894,60.0,0.17581433044483097,0.779179981226823,0.5780580976328257,0.824185669555169,0.220820018773177,1
CD_model19,/home/lyara/areswave/models/CD_model19.nd,nd,UNK,,,,60.0,,60.0,,60.0,,60.0,,60.0,,60.0,0.20149046092348066,0.7675271225220892,0.578848235322553,0.7985095390765193,0.23247287747791082,1
Geophysical_model807,/home/lyara/areswave/models/Geophysical_model807.nd,nd,UNK,,,1099.57,60.0,900.0,21.44500000000005,1099.57,60.0,1116.201,16.631000000000085,1465.45,99.78499999999985,1680.096,60.0,0.5810179363882011,0.5788246935808384,0.579555774516626,0.4189820636117989,0.42117530641916157,1
Geophysical_model706,/home/lyara/areswave/models/Geophysical_model706.nd,nd,UNK,,,1099.57,60.0,900.0,21.44500000000005,1099.57,60.0,1116.201,16.631000000000085,1465.45,99.78499999999985,1680.096,60.0,0.5810179363882011,0.5788246935808384,0.579555774516626,0.4189820636117989,0.42117530641916157,1
Geophysical_model624,/home/lyara/areswave/models/Geophysical_model624.nd,nd,UNK,,,1099.489,60.0,900.0,21.413999999999987,1099.489,60.0,1116.113,16.624000000000024,1465.218,99.74500000000012,1679.849,60.0,0.43785434172675763,0.650825273672117,0.5798349630236639,0.5621456582732424,0.349174726327883,1
Geophysical_model731,/home/lyara/areswave/models/Geophysical_model731.nd,nd,UNK,,,1099.489,60.0,900.0,21.413999999999987,1099.489,60.0,1116.113,16.624000000000024,1465.218,99.74500000000012,1679.849,60.0,0.43785434172675763,0.650825273672117,0.5798349630236639,0.5621456582732424,0.349174726327883,1
MD_model72,/home/lyara/areswave/models/MD_model72.nd,nd,UNK,,,905.619,60.0,705.837,189.26700000000005,905.619,60.0,1294.668,84.11899999999991,1305.183,31.545000000000073,1596.284,60.0,0.27747209978759846,0.7319992722868003,0.5804902147870664,0.7225279002124015,0.26800072771319977,1
Geophysical_model967,/home/lyara/areswave/models/Geophysical_model967.nd,nd,UNK,,,916.672,60.0,877.4,180.79700000000003,916.672,60.0,1116.741,33.34500000000003,1483.532,83.36199999999985,1681.599,60.0,0.27493483599956114,0.7337658985949864,0.580822211063178,0.7250651640004389,0.2662341014050136,1
AK_model_63,/home/lyara/areswave/models/AK_model_63.nd,nd,UNK,,,996.13,60.0,793.624,25.313999999999965,996.13,60.0,1122.696,75.94000000000005,1325.202,75.93900000000008,1684.197,60.0,0.4084166337697164,0.6679596444512357,0.5814453075573959,0.5915833662302836,0.3320403555487643,1
Geophysical_model453,/home/lyara/areswave/models/Geophysical_model453.nd,nd,UNK,,,1031.555,60.0,876.742,186.06399999999996,1031.555,60.0,1130.221,32.888999999999896,1475.552,82.221,1673.341,60.0,0.41452431554793234,0.6652879557078029,0.5817000756545126,0.5854756844520677,0.3347120442921972,1
Geophysical_model284,/home/lyara/areswave/models/Geophysical_model284.nd,nd,UNK,,,1032.872,60.0,900.0,181.64300000000003,1032.872,60.0,1132.525,33.2170000000001,1497.923,83.04500000000007,1679.303,60.0,0.40856718693793415,0.6684164441837311,0.5818000251017988,0.5914328130620659,0.33158355581626886,1
Geophysical_model129,/home/lyara/areswave/models/Geophysical_model129.nd,nd,UNK,,,1099.26,60.0,900.0,178.923,1099.26,60.0,1115.865,16.605000000000018,1431.359,116.23399999999992,1679.159,60.0,0.3122216859000331,0.7169997415066026,0.5820737229710794,0.6877783140999669,0.2830002584933974,1
Geophysical_model909,/home/lyara/areswave/models/Geophysical_model909.nd,nd,UNK,,,916.648,60.0,900.0,180.34400000000005,916.648,60.0,1116.419,16.64799999999991,1499.315,99.88499999999999,1680.704,60.0,0.44574641264692294,0.6504469410660179,0.5822134315929862,0.5542535873530771,0.3495530589339821,1
Geophysical_model355,/home/lyara/areswave/models/Geophysical_model355.nd,nd,UNK,,,1063.846,60.0,900.0,187.63800000000003,1063.846,60.0,1145.769,32.769000000000005,1489.845,65.53899999999999,1671.177,60.0,0.401047173523691,0.6731216163176619,0.5824301353863383,0.598952826476309,0.3268783836823381,1
Geophysical_model210,/home/lyara/areswave/models/Geophysical_model210.nd,nd,UNK,,,984.407,60.0,861.669,191.654,984.407,60.0,1119.457,33.76299999999992,1490.847,101.28800000000001,1689.167,60.0,0.48003817063200827,0.6340911501597033,0.582740156983805,0.5199618293679917,0.36590884984029676,1
Geophysical_model941,/home/lyara/areswave/models/Geophysical_model941.nd,nd,UNK,,,900.0,60.0,900.0,29.79600000000005,900.0,60.0,1101.736,16.810999999999922,1488.396,100.86799999999994,1686.632,60.0,0.3628404959673751,0.692916342936214,0.5828910606132677,0.6371595040326249,0.3070836570637861,1
Geophysical_model357,/home/lyara/areswave/models/Geophysical_model357.nd,nd,UNK,,,949.68,60.0,900.0,188.74300000000005,949.68,60.0,1115.279,16.559999999999945,1446.478,99.3599999999999,1677.528,60.0,0.24997517871768593,0.749476749438686,0.5829762258650194,0.7500248212823141,0.25052325056131397,1
Geophysical_model919,/home/lyara/areswave/models/Geophysical_model919.nd,nd,UNK,,,900.0,60.0,859.276,183.25699999999995,900.0,60.0,1106.522,17.210000000000036,1485.145,86.04999999999995,1502.356,68.83999999999992,0.3914364425451453,0.6788787746650723,0.5830646639584299,0.6085635574548547,0.3211212253349277,1
Geophysical_model867,/home/lyara/areswave/models/Geophysical_model867.nd,nd,UNK,,,900.0,60.0,859.276,183.25699999999995,900.0,60.0,1106.522,17.210000000000036,1485.145,86.04999999999995,1502.356,68.83999999999992,0.3914364425451453,0.6788787746650723,0.5830646639584299,0.6085635574548547,0.3211212253349277,1
Geophysical_model813,/home/lyara/areswave/models/Geophysical_model813.nd,nd,UNK,,,933.856,60.0,900.0,185.649,933.856,60.0,1120.061,33.855999999999995,1492.472,84.6389999999999,1690.849,60.0,0.22238954474347028,0.7634938082448959,0.5831257204110873,0.7776104552565297,0.23650619175510415,1
MD_model70,/home/lyara/areswave/models/MD_model70.nd,nd,UNK,,,1005.796,60.0,809.43,10.335000000000036,1005.796,60.0,1243.502,165.3610000000001,1439.868,165.3610000000001,1592.774,60.0,0.5898159577749156,0.5800131569371083,0.5832807572163774,0.4101840422250845,0.41998684306289175,1
Geophysical_model508,/home/lyara/areswave/models/Geophysical_model508.nd,nd,UNK,,,1083.952,60.0,900.0,22.323999999999955,1083.952,60.0,1100.674,16.722999999999956,1485.3,100.33699999999999,1683.428,60.0,0.32856358083271753,0.7124049631437872,0.5844578357067639,0.6714364191672825,0.28759503685621274,1
Geophysical_model220,/home/lyara/areswave/models/Geophysical_model220.nd,nd,UNK,,,982.959,60.0,900.0,190.42999999999995,982.959,60.0,1115.693,16.5920000000001,1464.12,116.14300000000003,1678.681,60.0,0.5295712606337062,0.6125511384347136,0.5848911791677112,0.47042873936629376,0.38744886156528635,1
Geophysical_model6,/home/lyara/areswave/models/Geophysical_model6.nd,nd,UNK,,,966.445,60.0,900.0,181.38099999999997,966.445,60.0,1115.945,16.611000000000104,1464.778,99.66700000000014,1679.382,60.0,0.2894403980888226,0.7331275168117892,0.5852318105708004,0.7105596019111774,0.2668724831882107,1
Geophysical_model576,/home/lyara/areswave/models/Geophysical_model576.nd,nd,UNK,,,916.723,60.0,877.532,179.74099999999999,916.723,60.0,1117.396,33.44599999999991,1468.574,83.61400000000003,1683.425,60.0,0.4117372401772663,0.6720576734356459,0.5852841956828527,0.5882627598227337,0.32794232656435407,1
Geophysical_model491,/home/lyara/areswave/models/Geophysical_model491.nd,nd,UNK,,,1098.226,60.0,900.0,179.37300000000005,1098.226,60.0,1114.745,16.519000000000005,1445.122,99.11300000000006,1676.04,60.0,0.5448297859857607,0.6060077412688847,0.5856150895078434,0.45517021401423924,0.39399225873111526,1
MD_model41,/home/lyara/areswave/models/MD_model41.nd,nd,UNK,,,935.041,60.0,741.286,182.99,935.041,60.0,1268.729,64.58500000000004,1301.021,53.82100000000014,1628.814,60.0,0.3567821338557786,0.7008055373518447,0.5861310695198226,0.6432178661442214,0.2991944626481553,1
Geophysical_model356,/home/lyara/areswave/models/Geophysical_model356.nd,nd,UNK,,,966.251,60.0,900.0,185.62599999999998,966.251,60.0,1115.315,16.562999999999874,1463.132,99.37599999999998,1677.628,60.0,0.24213354860060354,0.7587683769913475,0.5865567675277662,0.7578664513993965,0.2412316230086525,1
Geophysical_model395,/home/lyara/areswave/models/Geophysical_model395.nd,nd,UNK,,,966.251,60.0,900.0,185.62599999999998,966.251,60.0,1115.315,16.562999999999874,1463.132,99.37599999999998,1677.628,60.0,0.24213354860060354,0.7587683769913475,0.5865567675277662,0.7578664513993965,0.2412316230086525,1
Geophysical_model403,/home/lyara/areswave/models/Geophysical_model403.nd,nd,UNK,,,966.251,60.0,900.0,185.62599999999998,966.251,60.0,1115.315,16.562999999999874,1463.132,99.37599999999998,1677.628,60.0,0.24213354860060354,0.7587683769913475,0.5865567675277662,0.7578664513993965,0.2412316230086525,1
Geophysical_model468,/home/lyara/areswave/models/Geophysical_model468.nd,nd,UNK,,,966.251,60.0,900.0,185.62599999999998,966.251,60.0,1115.315,16.562999999999874,1463.132,99.37599999999998,1677.628,60.0,0.24213354860060354,0.7587683769913475,0.5865567675277662,0.7578664513993965,0.2412316230086525,1
Geophysical_model285,/home/lyara/areswave/models/Geophysical_model285.nd,nd,UNK,,,949.973,60.0,900.0,194.57500000000005,949.973,60.0,1116.548,16.656999999999925,1449.698,99.94499999999994,1681.061,60.0,0.14411716542954367,0.8083928380155169,0.5869676138201925,0.8558828345704563,0.1916071619844831,1
Geophysical_model427,/home/lyara/areswave/models/Geophysical_model427.nd,nd,UNK,,,949.973,60.0,900.0,194.57500000000005,949.973,60.0,1116.548,16.656999999999925,1449.698,99.94499999999994,1681.061,60.0,0.14411716542954367,0.8083928380155169,0.5869676138201925,0.8558828345704563,0.1916071619844831,1
AK_model_90,/home/lyara/areswave/models/AK_model_90.nd,nd,UNK,,,1066.591,60.0,798.434,26.81600000000003,1066.591,60.0,1281.116,26.815000000000055,1334.748,53.631000000000085,1705.618,60.0,0.6575906292283176,0.5517821311991786,0.587051630542225,0.3424093707716824,0.4482178688008214,1
CD_model29,/home/lyara/areswave/models/CD_model29.nd,nd,UNK,,,,60.0,,60.0,,60.0,,60.0,,60.0,,60.0,0.4136073243903363,0.6738600873719129,0.587109166378054,0.5863926756096637,0.32613991262808706,1
Geophysical_model521,/home/lyara/areswave/models/Geophysical_model521.nd,nd,UNK,,,966.806,60.0,900.0,176.74800000000005,966.806,60.0,1133.823,33.40299999999979,1484.557,66.80700000000002,1682.659,60.0,0.42394603645834683,0.669045192930845,0.5873454741066789,0.5760539635416532,0.330954807069155,1
MD_model100,/home/lyara/areswave/models/MD_model100.nd,nd,UNK,,,1053.462,60.0,725.562,190.39299999999992,1053.462,60.0,1275.587,31.73199999999997,1349.629,74.04200000000014,1609.919,60.0,0.20782175159465432,0.778431310354597,0.5882281241012828,0.7921782484053457,0.221568689645403,1
Geophysical_model685,/home/lyara/areswave/models/Geophysical_model685.nd,nd,UNK,,,933.11,60.0,877.665,178.67700000000002,933.11,60.0,1115.217,16.554999999999836,1495.986,99.33100000000013,1677.355,60.0,0.4829127156748908,0.6411438668434482,0.5884001497872623,0.5170872843251092,0.35885613315655185,1
Geophysical_model496,/home/lyara/areswave/models/Geophysical_model496.nd,nd,UNK,,,1064.195,60.0,900.0,188.313,1064.195,60.0,1146.293,32.83899999999994,1474.684,65.67800000000011,1672.443,60.0,0.40270780670937645,0.6817332629292325,0.5887247775226139,0.5972921932906236,0.31826673707076747,1
CD_model78,/home/lyara/areswave/models/CD_model78.nd,nd,UNK,,,,60.0,,60.0,,60.0,,60.0,,60.0,,60.0,0.3633936597252455,0.7015962768521443,0.5888620711431781,0.6366063402747545,0.2984037231478557,1
CD_model9,/home/lyara/areswave/models/CD_model9.nd,nd,UNK,,,,60.0,,60.0,,60.0,,60.0,,60.0,,60.0,0.18450811755638596,0.7918294781628317,0.5893890246273498,0.815491882443614,0.2081705218371684,1
Geophysical_model892,/home/lyara/areswave/models/Geophysical_model892.nd,nd,UNK,,,933.943,60.0,900.0,185.966,933.943,60.0,1120.631,33.942999999999984,1477.036,84.85800000000017,1692.437,60.0,0.1803110178118994,0.7945170802341067,0.589781726093371,0.8196889821881006,0.20548291976589325,1
Geophysical_model336,/home/lyara/areswave/models/Geophysical_model336.nd,nd,UNK,,,1001.288,60.0,861.171,194.14300000000003,1001.288,60.0,1119.457,33.76299999999992,1490.847,101.28800000000001,1689.167,60.0,0.2626408716231857,0.7534149443076947,0.5898235867461917,0.7373591283768143,0.2465850556923053,1
Geophysical_model328,/home/lyara/areswave/models/Geophysical_model328.nd,nd,UNK,,,1001.288,60.0,861.171,194.14300000000003,1001.288,60.0,1119.457,33.76299999999992,1490.847,101.28800000000001,1689.167,60.0,0.2626408716231857,0.7534149443076947,0.5898235867461917,0.7373591283768143,0.2465850556923053,1
Geophysical_model80,/home/lyara/areswave/models/Geophysical_model80.nd,nd,UNK,,,1016.377,60.0,900.0,199.21400000000006,1016.377,60.0,1132.755,33.251000000000204,1498.512,99.75199999999995,1679.896,60.0,0.18754993969704636,0.7912260430142346,0.5900006752418385,0.8124500603029536,0.20877395698576537,1
Geophysical_model890,/home/lyara/areswave/models/Geophysical_model890.nd,nd,UNK,,,917.024,60.0,877.908,198.82600000000002,917.024,60.0,1121.318,34.04899999999998,1495.857,102.14699999999993,1694.351,60.0,0.2707022613374275,0.7501203362084008,0.5903143112514097,0.7292977386625725,0.24987966379159926,1
Geophysical_model519,/home/lyara/areswave/models/Geophysical_model519.nd,nd,UNK,,,917.024,60.0,877.908,198.82600000000002,917.024,60.0,1121.318,34.04899999999998,1495.857,102.14699999999993,1694.351,60.0,0.2707022613374275,0.7501203362084008,0.5903143112514097,0.7292977386625725,0.24987966379159926,1
AK_model_50,/home/lyara/areswave/models/AK_model_50.nd,nd,UNK,,,1030.878,60.0,805.605,25.029999999999973,1030.878,60.0,1281.182,100.12200000000007,1481.425,175.21299999999997,1687.443,60.0,0.35644886430759615,0.7077369793572162,0.5906409410073429,0.6435511356924039,0.29226302064278376,1
MD_model76,/home/lyara/areswave/models/MD_model76.nd,nd,UNK,,,989.415,60.0,740.538,10.370000000000005,989.415,60.0,1124.223,176.288,1310.88,114.06899999999996,1578.639,60.0,0.5593830428965592,0.6064781669330868,0.5907797922542443,0.4406169571034409,0.3935218330669133,1
Geophysical_model442,/home/lyara/areswave/models/Geophysical_model442.nd,nd,UNK,,,949.524,60.0,900.0,193.25699999999995,949.524,60.0,1114.604,16.509000000000015,1461.273,99.048,1675.648,60.0,0.3660411019848312,0.7033476674379755,0.5909121456202607,0.6339588980151688,0.29665233256202456,1
MD_model94,/home/lyara/areswave/models/MD_model94.nd,nd,UNK,,,1025.295,60.0,867.383,10.527999999999906,1025.295,60.0,1288.482,157.913,1351.647,168.44000000000005,1600.766,60.0,0.4066445814701626,0.6831346702101762,0.5909713072968383,0.5933554185298374,0.31686532978982385,1
Geophysical_model85,/home/lyara/areswave/models/Geophysical_model85.nd,nd,UNK,,,1031.784,60.0,900.0,187.68499999999995,1031.784,60.0,1130.622,32.94600000000014,1476.554,82.36500000000001,1674.378,60.0,0.33031316138876765,0.7217443396301744,0.5912672802163721,0.6696868386112323,0.27825566036982563,1
Geophysical_model991,/home/lyara/areswave/models/Geophysical_model991.nd,nd,UNK,,,933.856,60.0,900.0,186.07299999999998,933.856,60.0,1120.061,33.855999999999995,1492.472,84.6389999999999,1690.849,60.0,0.3331980779724544,0.7204626012184006,0.5913744268030852,0.6668019220275456,0.27953739878159944,1
Geophysical_model793,/home/lyara/areswave/models/Geophysical_model793.nd,nd,UNK,,,933.855,60.0,879.282,186.45799999999997,933.855,60.0,1120.056,33.85500000000002,1492.459,84.63700000000017,1690.835,60.0,0.49645744464131447,0.6388997333003714,0.591418970414019,0.5035425553586855,0.36110026669962864,1
Geophysical_model799,/home/lyara/areswave/models/Geophysical_model799.nd,nd,UNK,,,933.862,60.0,900.0,186.98699999999997,933.862,60.0,1120.105,33.86200000000008,1492.59,84.65599999999995,1690.97,60.0,0.3306676164382528,0.7229644781296403,0.5921988575658444,0.6693323835617472,0.2770355218703598,1
Geophysical_model927,/home/lyara/areswave/models/Geophysical_model927.nd,nd,UNK,,,933.844,60.0,879.592,183.668,933.844,60.0,1119.984,33.84400000000005,1492.265,84.60900000000015,1690.635,60.0,0.30535321690886885,0.7358891409357565,0.5923771662601273,0.6946467830911311,0.2641108590642435,1
Geophysical_model390,/home/lyara/areswave/models/Geophysical_model390.nd,nd,UNK,,,1033.228,60.0,900.0,182.29700000000003,1033.228,60.0,1133.149,33.307000000000016,1499.526,83.26800000000003,1680.916,60.0,0.5092863108754966,0.6352084141992642,0.5932343797580083,0.49071368912450336,0.36479158580073584,1
Geophysical_model236,/home/lyara/areswave/models/Geophysical_model236.nd,nd,UNK,,,933.558,60.0,900.0,195.82000000000005,933.558,60.0,1101.346,16.778999999999996,1436.922,117.452,1685.455,60.0,0.5559938475970914,0.6120311200610834,0.5933520292397527,0.4440061524029087,0.3879688799389166,1
Geophysical_model814,/home/lyara/areswave/models/Geophysical_model814.nd,nd,UNK,,,1088.465,60.0,900.0,20.69500000000005,1088.465,60.0,1105.598,17.133000000000038,1465.394,102.79899999999998,1698.287,60.0,0.19987478345450638,0.7904424806124892,0.5935865815598284,0.8001252165454936,0.20955751938751077,1
Geophysical_model577,/home/lyara/areswave/models/Geophysical_model577.nd,nd,UNK,,,1099.625,60.0,900.0,21.533000000000015,1099.625,60.0,1116.26,16.635999999999967,1465.604,99.81200000000013,1680.261,60.0,0.3994591132272324,0.6910377472884052,0.5938448692680143,0.6005408867727676,0.30896225271159483,1
AK_model_79,/home/lyara/areswave/models/AK_model_79.nd,nd,UNK,,,1048.231,60.0,820.541,25.298999999999978,1048.231,60.0,1275.921,50.597999999999956,1326.519,50.597999999999956,1685.301,60.0,0.40446317554252864,0.6892165954012446,0.5942987887816726,0.5955368244574714,0.31078340459875536,1
Geophysical_model305,/home/lyara/areswave/models/Geophysical_model305.nd,nd,UNK,,,966.81,60.0,900.0,178.452,966.81,60.0,1117.132,33.40499999999997,1451.182,100.21499999999992,1682.69,60.0,0.2909729687643361,0.7466187189544022,0.5947368022243802,0.7090270312356639,0.2533812810455978,1
Geophysical_model164,/home/lyara/areswave/models/Geophysical_model164.nd,nd,UNK,,,950.866,60.0,900.0,193.89499999999998,950.866,60.0,1120.421,33.91100000000006,1459.531,101.73300000000017,1691.853,60.0,0.5270857415543919,0.62878999965805,0.594888580290164,0.472914258445608,0.37121000034194995,1
Geophysical_model632,/home/lyara/areswave/models/Geophysical_model632.nd,nd,UNK,,,900.0,60.0,900.0,22.41999999999996,900.0,60.0,1101.621,16.801999999999907,1488.061,100.81099999999992,1686.284,60.0,0.27420409235439047,0.7555139127421082,0.5950773059462023,0.7257959076456095,0.24448608725789184,1
Geophysical_model689,/home/lyara/areswave/models/Geophysical_model689.nd,nd,UNK,,,949.989,60.0,900.0,178.211,949.989,60.0,1116.619,16.66300000000001,1499.867,83.31500000000005,1681.259,60.0,0.36116439871540285,0.7147587326655093,0.5968939546821405,0.6388356012845972,0.28524126733449073,1
Geophysical_model217,/home/lyara/areswave/models/Geophysical_model217.nd,nd,UNK,,,1033.184,60.0,900.0,187.91999999999996,1033.184,60.0,1133.072,33.29500000000007,1499.327,83.24000000000001,1680.716,60.0,0.3929994023526293,0.6991192103680446,0.5970792743629062,0.6070005976473707,0.30088078963195536,1
MD_model64,/home/lyara/areswave/models/MD_model64.nd,nd,UNK,,,1026.644,60.0,732.299,185.32799999999997,1026.644,60.0,1299.185,10.902000000000044,1342.791,76.3119999999999,1640.914,60.0,0.6326044556978153,0.5794820489168357,0.5971895178438289,0.3673955443021847,0.4205179510831642,1
Geophysical_model615,/home/lyara/areswave/models/Geophysical_model615.nd,nd,UNK,,,900.0,60.0,900.0,21.485000000000014,900.0,60.0,1116.829,33.35799999999995,1467.092,100.07500000000005,1681.845,60.0,0.464300125663641,0.6641134761422347,0.5975090259827035,0.535699874336359,0.33588652385776535,1
CD_model88,/home/lyara/areswave/models/CD_model88.nd,nd,UNK,,,,60.0,,60.0,,60.0,,60.0,,60.0,,60.0,0.3010855959918354,0.745895888250557,0.5976257908309831,0.6989144040081646,0.25410411174944303,1
Geophysical_model421,/home/lyara/areswave/models/Geophysical_model421.nd,nd,UNK,,,999.836,60.0,900.0,191.389,999.836,60.0,1116.312,16.639000000000124,1465.739,99.83699999999999,1680.405,60.0,0.4191771905413916,0.6872371687000232,0.5978838426471459,0.5808228094586084,0.3127628312999768,1
Geophysical_model244,/home/lyara/areswave/models/Geophysical_model244.nd,nd,UNK,,,1099.378,60.0,900.0,179.28300000000002,1099.378,60.0,1115.993,16.614000000000033,1431.674,99.68900000000008,1679.515,60.0,0.23966889753879572,0.7774725008230198,0.5982046330616118,0.7603311024612043,0.2225274991769802,1
Geophysical_model554,/home/lyara/areswave/models/Geophysical_model554.nd,nd,UNK,,,933.939,60.0,879.373,185.64099999999996,933.939,60.0,1120.601,33.93899999999985,1476.955,84.84699999999998,1692.352,60.0,0.21617044110781447,0.792346744307868,0.6002879765745168,0.7838295588921855,0.20765325569213205,1
Geophysical_model737,/home/lyara/areswave/models/Geophysical_model737.nd,nd,UNK,,,933.939,60.0,879.373,185.64099999999996,933.939,60.0,1120.601,33.93899999999985,1476.955,84.84699999999998,1692.352,60.0,0.21617044110781447,0.792346744307868,0.6002879765745168,0.7838295588921855,0.20765325569213205,1
Geophysical_model721,/home/lyara/areswave/models/Geophysical_model721.nd,nd,UNK,,,933.939,60.0,879.373,185.64099999999996,933.939,60.0,1120.601,33.93899999999985,1476.955,84.84699999999998,1692.352,60.0,0.21617044110781447,0.792346744307868,0.6002879765745168,0.7838295588921855,0.20765325569213205,1
Geophysical_model684,/home/lyara/areswave/models/Geophysical_model684.nd,nd,UNK,,,900.0,60.0,900.0,21.480000000000018,900.0,60.0,1116.854,33.36200000000008,1483.837,100.08699999999999,1681.914,60.0,0.4132766770990093,0.6948405268549256,0.6009859102696201,0.5867233229009907,0.30515947314507436,1
Geophysical_model68,/home/lyara/areswave/models/Geophysical_model68.nd,nd,UNK,,,933.76,60.0,900.0,182.039,933.76,60.0,1102.557,16.87999999999988,1440.153,101.27800000000002,1689.11,60.0,0.42572859056518164,0.6886510401005258,0.6010102235887445,0.5742714094348184,0.3113489598994742,1
AK_model_32,/home/lyara/areswave/models/AK_model_32.nd,nd,UNK,,,1041.652,60.0,799.091,26.951000000000022,1041.652,60.0,1284.214,53.90300000000002,1311.165,53.90300000000002,1709.879,60.0,0.21136030512446857,0.7961297048810455,0.6012065716288532,0.7886396948755314,0.20387029511895446,1
Geophysical_model865,/home/lyara/areswave/models/Geophysical_model865.nd,nd,UNK,,,933.943,60.0,900.0,185.74,933.943,60.0,1120.631,33.942999999999984,1494.007,84.85800000000017,1692.437,60.0,0.4258559274711031,0.6902813020614098,0.6021395105313075,0.5741440725288969,0.3097186979385902,1
Geophysical_model340,/home/lyara/areswave/models/Geophysical_model340.nd,nd,UNK,,,1001.133,60.0,861.553,192.23400000000004,1001.133,60.0,1119.121,33.71100000000001,1473.087,101.13300000000004,1688.231,60.0,0.2479203112478865,0.7799065071003468,0.6025777751495267,0.7520796887521135,0.22009349289965321,1
Geophysical_model279,/home/lyara/areswave/models/Geophysical_model279.nd,nd,UNK,,,966.81,60.0,900.0,178.02099999999996,966.81,60.0,1117.132,33.40499999999997,1484.587,100.21499999999992,1682.69,60.0,0.39217330494115654,0.7081165424651372,0.6028021299571437,0.6078266950588435,0.29188345753486283,1
CD_model41,/home/lyara/areswave/models/CD_model41.nd,nd,UNK,,,,60.0,,60.0,,60.0,,60.0,,60.0,,60.0,0.348086513579584,0.7311533094012752,0.6034643774607115,0.651913486420416,0.26884669059872485,1
Geophysical_model953,/home/lyara/areswave/models/Geophysical_model953.nd,nd,UNK,,,916.648,60.0,877.533,179.73699999999997,916.648,60.0,1116.419,16.64799999999991,1499.315,99.88499999999999,1680.704,60.0,0.6035317003845406,0.6034655876353869,0.6034876252184381,0.3964682996154594,0.3965344123646131,1
Geophysical_model516,/home/lyara/areswave/models/Geophysical_model516.nd,nd,UNK,,,1086.489,60.0,900.0,21.269000000000005,1086.489,60.0,1103.443,16.952999999999975,1459.467,118.67499999999995,1691.782,60.0,0.5289300101444039,0.6414903487018313,0.6039702358493555,0.4710699898555961,0.35850965129816875,1
Geophysical_model931,/home/lyara/areswave/models/Geophysical_model931.nd,nd,UNK,,,1099.979,60.0,900.0,21.802999999999997,1099.979,60.0,1116.644,16.664999999999964,1466.608,116.6550000000002,1681.33,60.0,0.5018155947915415,0.6556181080844508,0.604350603653481,0.49818440520845847,0.3443818919155493,1
Geophysical_model202,/home/lyara/areswave/models/Geophysical_model202.nd,nd,UNK,,,1000.927,60.0,900.0,187.87,1000.927,60.0,1135.497,33.64300000000003,1488.742,84.106,1686.989,60.0,0.4436941247752454,0.6846996597861601,0.6043644814491885,0.5563058752247546,0.3153003402138399,1
Geophysical_model605,/home/lyara/areswave/models/Geophysical_model605.nd,nd,UNK,,,916.648,60.0,900.0,180.15800000000002,916.648,60.0,1116.419,16.64799999999991,1499.315,99.88499999999999,1680.704,60.0,0.28939152286366565,0.7618675541597657,0.6043755437277324,0.7106084771363343,0.23813244584023435,1
CD_model7,/home/lyara/areswave/models/CD_model7.nd,nd,UNK,,,,60.0,,60.0,,60.0,,60.0,,60.0,,60.0,0.3816435687918437,0.716264528159003,0.6047242083699499,0.6183564312081563,0.28373547184099696,1
Geophysical_model124,/home/lyara/areswave/models/Geophysical_model124.nd,nd,UNK,,,966.637,60.0,900.0,190.476,966.637,60.0,1116.57,16.660000000000082,1466.415,99.95600000000013,1681.124,60.0,0.37315925447208353,0.7211578932431786,0.6051583469861469,0.6268407455279165,0.2788421067568215,1
CD_model55,/home/lyara/areswave/models/CD_model55.nd,nd,UNK,,,,60.0,,60.0,,60.0,,60.0,,60.0,,60.0,0.1854471544554197,0.8153457506475742,0.605379551916856,0.8145528455445803,0.18465424935242583,1
Geophysical_model663,/home/lyara/areswave/models/Geophysical_model663.nd,nd,UNK,,,900.0,60.0,900.0,180.98299999999995,900.0,60.0,1119.116,33.710000000000036,1473.072,101.13099999999986,1688.215,60.0,0.458075671249247,0.6794027973871488,0.6056270886745149,0.541924328750753,0.32059720261285124,1
AK_model_46,/home/lyara/areswave/models/AK_model_46.nd,nd,UNK,,,1017.265,60.0,775.483,26.864999999999895,1017.265,60.0,1285.911,134.3230000000001,1473.964,26.86500000000001,1710.571,60.0,0.3332725639573034,0.7430203902450276,0.606437781482453,0.6667274360426966,0.25697960975497236,1
Geophysical_model365,/home/lyara/areswave/models/Geophysical_model365.nd,nd,UNK,,,999.752,60.0,900.0,199.11900000000003,999.752,60.0,1132.755,33.251000000000204,1481.887,99.75199999999995,1679.896,60.0,0.3561306820932,0.7321289066562096,0.6067961651352064,0.6438693179068,0.2678710933437904,1
AK_model_41,/home/lyara/areswave/models/AK_model_41.nd,nd,UNK,,,1033.676,60.0,821.492,26.524,1033.676,60.0,1298.907,106.09199999999987,1484.568,159.13799999999992,1694.521,60.0,0.3326162411443666,0.7440807582637596,0.6069259192239619,0.6673837588556334,0.2559192417362403,1
Geophysical_model246,/home/lyara/areswave/models/Geophysical_model246.nd,nd,UNK,,,1033.219,60.0,900.0,180.10900000000004,1033.219,60.0,1133.134,33.305000000000064,1482.834,83.26200000000017,1680.877,60.0,0.33291997521401684,0.746906531416187,0.6089110126821303,0.6670800247859832,0.253093468583813,1
Geophysical_model965,/home/lyara/areswave/models/Geophysical_model965.nd,nd,UNK,,,966.653,60.0,900.0,192.909,966.653,60.0,1133.286,33.327,1499.88,66.654,1681.272,60.0,0.32710422234220493,0.7501450311143798,0.6091314281903215,0.6728957776577951,0.24985496888562014,1
Geophysical_model883,/home/lyara/areswave/models/Geophysical_model883.nd,nd,UNK,,,966.653,60.0,900.0,192.909,966.653,60.0,1133.286,33.327,1499.88,66.654,1681.272,60.0,0.32710422234220493,0.7501450311143798,0.6091314281903215,0.6728957776577951,0.24985496888562014,1
Geophysical_model908,/home/lyara/areswave/models/Geophysical_model908.nd,nd,UNK,,,966.653,60.0,900.0,192.909,966.653,60.0,1133.286,33.327,1499.88,66.654,1681.272,60.0,0.32710422234220493,0.7501450311143798,0.6091314281903215,0.6728957776577951,0.24985496888562014,1
Geophysical_model494,/home/lyara/areswave/models/Geophysical_model494.nd,nd,UNK,,,999.801,60.0,857.502,191.24099999999999,999.801,60.0,1116.236,16.63299999999981,1465.54,99.80099999999993,1680.192,60.0,0.3944208914448736,0.7170402456002055,0.6095004608817615,0.6055791085551264,0.2829597543997945,1
MD_model85,/home/lyara/areswave/models/MD_model85.nd,nd,UNK,,,997.953,60.0,716.651,183.928,997.953,60.0,1290.073,32.458000000000084,1333.35,86.55399999999986,1630.024,60.0,0.401890488330058,0.713430446979264,0.6095837940961953,0.598109511669942,0.28656955302073595,1
CD_model10,/home/lyara/areswave/models/CD_model10.nd,nd,UNK,,,,60.0,,60.0,,60.0,,60.0,,60.0,,60.0,0.45037018911723825,0.6904116420420225,0.6103978244004278,0.5496298108827617,0.30958835795797746,1
Geophysical_model754,/home/lyara/areswave/models/Geophysical_model754.nd,nd,UNK,,,933.856,60.0,900.0,185.07000000000005,933.856,60.0,1120.061,33.855999999999995,1458.617,84.6389999999999,1690.849,60.0,0.24024087947250505,0.7957707986045628,0.6105941588938769,0.759759120527495,0.2042292013954372,1
Geophysical_model994,/home/lyara/areswave/models/Geophysical_model994.nd,nd,UNK,,,933.856,60.0,900.0,185.07000000000005,933.856,60.0,1120.061,33.855999999999995,1458.617,84.6389999999999,1690.849,60.0,0.24024087947250505,0.7957707986045628,0.6105941588938769,0.759759120527495,0.2042292013954372,1
Geophysical_model752,/home/lyara/areswave/models/Geophysical_model752.nd,nd,UNK,,,933.856,60.0,900.0,185.07000000000005,933.856,60.0,1120.061,33.855999999999995,1458.617,84.6389999999999,1690.849,60.0,0.24024087947250505,0.7957707986045628,0.6105941588938769,0.759759120527495,0.2042292013954372,1
Geophysical_model448,/home/lyara/areswave/models/Geophysical_model448.nd,nd,UNK,,,999.894,60.0,878.151,196.63800000000003,999.894,60.0,1116.438,16.648999999999887,1499.366,99.894,1680.755,60.0,0.20278771262277795,0.8170438364146098,0.6122917951506658,0.797212287377222,0.18295616358539019,1
Geophysical_model314,/home/lyara/areswave/models/Geophysical_model314.nd,nd,UNK,,,999.894,60.0,878.151,196.63800000000003,999.894,60.0,1116.438,16.648999999999887,1499.366,99.894,1680.755,60.0,0.20278771262277795,0.8170438364146098,0.6122917951506658,0.797212287377222,0.18295616358539019,1
Geophysical_model256,/home/lyara/areswave/models/Geophysical_model256.nd,nd,UNK,,,999.894,60.0,878.151,196.63800000000003,999.894,60.0,1116.438,16.648999999999887,1499.366,99.894,1680.755,60.0,0.20278771262277795,0.8170438364146098,0.6122917951506658,0.797212287377222,0.18295616358539019,1
Geophysical_model28,/home/lyara/areswave/models/Geophysical_model28.nd,nd,UNK,,,999.738,60.0,900.0,196.45899999999995,999.738,60.0,1116.099,16.623000000000047,1465.181,99.73799999999983,1679.811,60.0,0.4576624703859802,0.6898442645894826,0.6124503331883151,0.5423375296140198,0.31015573541051744,1
MD_model18,/home/lyara/areswave/models/MD_model18.nd,nd,UNK,,,1091.8,60.0,713.204,194.70600000000002,1091.8,60.0,1102.617,10.817000000000007,1416.311,108.16999999999985,1626.516,60.0,0.49795204679954097,0.670212558544632,0.612792387962935,0.502047953200459,0.329787441455368,1
CD_model14,/home/lyara/areswave/models/CD_model14.nd,nd,UNK,,,,60.0,,60.0,,60.0,,60.0,,60.0,,60.0,0.3108727389345446,0.7640706200570768,0.6130046596828994,0.6891272610654554,0.23592937994292318,1
Geophysical_model518,/home/lyara/areswave/models/Geophysical_model518.nd,nd,UNK,,,950.781,60.0,900.0,184.07600000000002,950.781,60.0,1136.977,33.85400000000004,1492.442,67.70700000000011,1690.818,60.0,0.4074869811329186,0.7159491800901301,0.6131284471043928,0.5925130188670814,0.2840508199098699,1
MD_model90,/home/lyara/areswave/models/MD_model90.nd,nd,UNK,,,1068.089,60.0,754.092,184.067,1068.089,60.0,1252.156,184.067,1382.085,108.27500000000009,1624.97,60.0,0.22610482483900862,0.8070104779407861,0.6133752602401935,0.7738951751609914,0.19298952205921388,1
Geophysical_model741,/home/lyara/areswave/models/Geophysical_model741.nd,nd,UNK,,,916.648,60.0,900.0,180.18100000000004,916.648,60.0,1116.419,16.64799999999991,1499.315,99.88499999999999,1680.704,60.0,0.3233497218315504,0.7589542345139197,0.6137527302864633,0.6766502781684496,0.2410457654860802,1
Geophysical_model172,/home/lyara/areswave/models/Geophysical_model172.nd,nd,UNK,,,966.367,60.0,900.0,189.356,966.367,60.0,1115.693,16.5920000000001,1464.12,116.14300000000003,1678.681,60.0,0.28219604325320835,0.7795814694792844,0.6137863274039258,0.7178039567467916,0.2204185305207156,1
Geophysical_model29,/home/lyara/areswave/models/Geophysical_model29.nd,nd,UNK,,,966.367,60.0,900.0,189.356,966.367,60.0,1115.693,16.5920000000001,1464.12,116.14300000000003,1678.681,60.0,0.28219604325320835,0.7795814694792844,0.6137863274039258,0.7178039567467916,0.2204185305207156,1
Geophysical_model30,/home/lyara/areswave/models/Geophysical_model30.nd,nd,UNK,,,966.367,60.0,900.0,189.356,966.367,60.0,1115.693,16.5920000000001,1464.12,116.14300000000003,1678.681,60.0,0.28219604325320835,0.7795814694792844,0.6137863274039258,0.7178039567467916,0.2204185305207156,1
Geophysical_model49,/home/lyara/areswave/models/Geophysical_model49.nd,nd,UNK,,,1096.615,60.0,900.0,187.058,1096.615,60.0,1145.769,32.769000000000005,1489.845,65.53899999999999,1671.177,60.0,0.5243691436797147,0.65877376342244,0.6139722235081982,0.4756308563202853,0.34122623657756,1
Geophysical_model111,/home/lyara/areswave/models/Geophysical_model111.nd,nd,UNK,,,982.65,60.0,900.0,192.13,982.65,60.0,1114.889,16.5300000000002,1462.017,115.71000000000004,1676.44,60.0,0.5458570141366157,0.6495256283680804,0.6149694236242588,0.4541429858633843,0.35047437163191963,1
Geophysical_model880,/home/lyara/areswave/models/Geophysical_model880.nd,nd,UNK,,,916.693,60.0,877.556,179.548,916.693,60.0,1117.015,33.386000000000195,1484.271,83.46699999999987,1682.363,60.0,0.3832772484054576,0.7324948635408547,0.6160889918290556,0.6167227515945424,0.2675051364591453,1
MD_model6,/home/lyara/areswave/models/MD_model6.nd,nd,UNK,,,984.528,60.0,728.132,10.255999999999972,984.528,60.0,1107.599,184.60500000000002,1384.507,102.5590000000002,1507.577,60.0,0.2745867962582276,0.790212356280532,0.6183371696064305,0.7254132037417724,0.209787643719468,1
Geophysical_model955,/home/lyara/areswave/models/Geophysical_model955.nd,nd,UNK,,,949.954,60.0,900.0,178.87599999999998,949.954,60.0,1133.117,33.30300000000011,1482.794,83.25599999999986,1680.834,60.0,0.38530262697223394,0.7350673890836594,0.6184791350465176,0.6146973730277661,0.2649326109163406,1
Geophysical_model787,/home/lyara/areswave/models/Geophysical_model787.nd,nd,UNK,,,933.798,60.0,900.0,182.937,933.798,60.0,1119.688,33.798,1474.568,84.49500000000012,1689.809,60.0,0.5181035052117406,0.6691790968416136,0.6188205662983226,0.4818964947882594,0.33082090315838647,1
Geophysical_model878,/home/lyara/areswave/models/Geophysical_model878.nd,nd,UNK,,,916.648,60.0,900.0,180.38800000000003,916.648,60.0,1116.419,16.64799999999991,1499.315,99.88499999999999,1680.704,60.0,0.3229631948291186,0.7683721829024097,0.6199025202113128,0.6770368051708814,0.23162781709759028,1
Geophysical_model646,/home/lyara/areswave/models/Geophysical_model646.nd,nd,UNK,,,950.013,60.0,900.0,182.46900000000005,950.013,60.0,1133.396,50.01299999999992,1483.489,66.68399999999997,1681.554,60.0,0.27371573479176314,0.7931197122502435,0.6199850530974167,0.7262842652082369,0.20688028774975653,1
Geophysical_model268,/home/lyara/areswave/models/Geophysical_model268.nd,nd,UNK,,,965.961,60.0,900.0,192.22000000000003,965.961,60.0,1114.373,16.490999999999985,1460.669,98.94200000000001,1675.004,60.0,0.3394504349931279,0.7620718621128131,0.6211980530729181,0.6605495650068721,0.2379281378871869,1
Geophysical_model249,/home/lyara/areswave/models/Geophysical_model249.nd,nd,UNK,,,967.872,60.0,900.0,181.00400000000002,967.872,60.0,1120.585,33.937000000000126,1459.948,101.80899999999997,1692.31,60.0,0.5015847462804636,0.681066044650658,0.6212389451939265,0.49841525371953643,0.31893395534934194,1
Geophysical_model970,/home/lyara/areswave/models/Geophysical_model970.nd,nd,UNK,,,933.805,60.0,900.0,186.68499999999995,933.805,60.0,1119.733,33.805000000000064,1474.687,84.51299999999992,1689.935,60.0,0.45588450665090197,0.7085609264480967,0.6243354531823652,0.544115493349098,0.29143907355190335,1
Geophysical_model54,/home/lyara/areswave/models/Geophysical_model54.nd,nd,UNK,,,1047.698,60.0,900.0,190.42999999999995,1047.698,60.0,1146.164,32.82199999999989,1490.792,65.64300000000003,1672.131,60.0,0.12149458062987173,0.8761969349011388,0.6246294834773831,0.8785054193701283,0.12380306509886121,1
MD_model13,/home/lyara/areswave/models/MD_model13.nd,nd,UNK,,,1005.054,60.0,807.542,10.396000000000072,1005.054,60.0,1244.149,145.53600000000006,1358.498,166.32600000000002,1595.035,60.0,0.26636322246812427,0.8042986552925442,0.6249868443510709,0.7336367775318757,0.19570134470745582,1
Geophysical_model954,/home/lyara/areswave/models/Geophysical_model954.nd,nd,UNK,,,900.0,60.0,900.0,187.087,900.0,60.0,1116.17,16.62799999999993,1448.739,116.40000000000009,1680.009,60.0,0.3835951242252944,0.7469900888862578,0.62585843399927,0.6164048757747056,0.25300991111374216,1
Geophysical_model852,/home/lyara/areswave/models/Geophysical_model852.nd,nd,UNK,,,900.0,60.0,900.0,22.33000000000004,900.0,60.0,1104.307,17.02500000000009,1461.843,119.17900000000009,1694.389,60.0,0.545814575394832,0.66591214771894,0.625879623610904,0.454185424605168,0.3340878522810599,1
MD_model39,/home/lyara/areswave/models/MD_model39.nd,nd,UNK,,,991.477,60.0,715.811,190.846,991.477,60.0,1298.951,31.807999999999993,1362.566,63.61500000000001,1602.381,60.0,0.345744496376738,0.7665861066596459,0.6263055698986766,0.654255503623262,0.23341389334035412,1
AK_model_70,/home/lyara/areswave/models/AK_model_70.nd,nd,UNK,,,1060.0,60.0,825.0,25.0,1060.0,60.0,1300.0,75.0,1300.0,50.0,1634.964,60.0,0.34719435512325125,0.7661902383152365,0.626524943917908,0.6528056448767487,0.23380976168476353,1
Geophysical_model600,/home/lyara/areswave/models/Geophysical_model600.nd,nd,UNK,,,1098.51,60.0,900.0,23.878000000000043,1098.51,60.0,1115.052,16.54300000000012,1462.444,99.25500000000011,1676.896,60.0,0.3381175988724626,0.7722793917750178,0.6275587941408327,0.6618824011275374,0.22772060822498216,1
AK_model_85,/home/lyara/areswave/models/AK_model_85.nd,nd,UNK,,,1079.656,60.0,874.091,182.72400000000005,1079.656,60.0,1285.221,22.839999999999918,1376.584,91.36200000000008,1647.618,60.0,0.48627040615552586,0.6988587402687889,0.6279959622310346,0.5137295938444741,0.30114125973121114,1
Geophysical_model416,/home/lyara/areswave/models/Geophysical_model416.nd,nd,UNK,,,965.961,60.0,900.0,191.53599999999994,965.961,60.0,1114.373,16.490999999999985,1460.669,98.94200000000001,1675.004,60.0,0.4250756795795032,0.7295408894991229,0.628052486192583,0.5749243204204968,0.27045911050087706,1
MD_model80,/home/lyara/areswave/models/MD_model80.nd,nd,UNK,,,1000.561,60.0,786.005,10.216999999999985,1000.561,60.0,1164.033,194.12200000000007,1429.673,163.471,1571.993,60.0,0.2497959783317527,0.8171842567663393,0.6280548306214772,0.7502040216682473,0.18281574323366065,1
Geophysical_model623,/home/lyara/areswave/models/Geophysical_model623.nd,nd,UNK,,,900.0,60.0,900.0,179.49199999999996,900.0,60.0,1101.753,33.625,1488.445,100.87599999999998,1686.682,60.0,0.3328198974673472,0.7760721738877842,0.6283214150809718,0.6671801025326528,0.22392782611221584,1
Geophysical_model456,/home/lyara/areswave/models/Geophysical_model456.nd,nd,UNK,,,1016.299,60.0,877.225,182.20000000000005,1016.299,60.0,1132.599,33.228000000000065,1498.111,99.68500000000017,1679.493,60.0,0.2326735686645729,0.8274979570787783,0.6292231609407098,0.7673264313354271,0.17250204292122173,1
Geophysical_model702,/home/lyara/areswave/models/Geophysical_model702.nd,nd,UNK,,,916.728,60.0,900.0,193.447,916.728,60.0,1117.459,33.455999999999904,1485.467,83.63800000000015,1683.6,60.0,0.4206575656137974,0.7338010073238669,0.6294198600871771,0.5793424343862026,0.2661989926761331,1
AK_model_36,/home/lyara/areswave/models/AK_model_36.nd,nd,UNK,,,1018.238,60.0,808.87,26.17100000000005,1018.238,60.0,1227.606,104.6840000000002,1306.119,26.17100000000005,1673.647,60.0,0.3871679659604421,0.7535669031064465,0.6314339240577783,0.6128320340395579,0.24643309689355358,1
Geophysical_model276,/home/lyara/areswave/models/Geophysical_model276.nd,nd,UNK,,,999.801,60.0,857.053,193.26199999999994,999.801,60.0,1116.236,16.63299999999981,1465.54,99.80099999999993,1680.192,60.0,0.4838236581096509,0.7065181389687323,0.6322866453490384,0.5161763418903491,0.29348186103126767,1
MD_model44,/home/lyara/areswave/models/MD_model44.nd,nd,UNK,,,921.056,60.0,890.938,140.55100000000004,921.056,60.0,1262.393,70.27499999999986,1302.55,40.15800000000013,1483.258,61.49199999999996,0.22975482018174587,0.8337861916860649,0.6324424011846252,0.7702451798182541,0.166213808313935,1
MD_model37,/home/lyara/areswave/models/MD_model37.nd,nd,UNK,,,981.132,60.0,895.92,191.726,981.132,60.0,1290.024,31.95399999999995,1332.63,63.90800000000013,1615.446,60.0,0.46743365592564057,0.7167455674935976,0.6336415969709454,0.5325663440743594,0.2832544325064024,1
Geophysical_model47,/home/lyara/areswave/models/Geophysical_model47.nd,nd,UNK,,,1017.887,60.0,900.0,183.97400000000005,1017.887,60.0,1135.775,33.682000000000016,1472.595,84.2059999999999,1687.708,60.0,0.44172637347775656,0.7305171521854519,0.6342535592828867,0.5582736265222434,0.2694828478145482,1
AK_model_27,/home/lyara/areswave/models/AK_model_27.nd,nd,UNK,,,1040.423,60.0,798.576,26.871999999999957,1040.423,60.0,1282.27,53.743999999999915,1309.142,53.743999999999915,1707.264,60.0,0.4150152236181568,0.7438786459311647,0.6342575051601621,0.5849847763818432,0.2561213540688353,1
AK_model_3,/home/lyara/areswave/models/AK_model_3.nd,nd,UNK,,,1022.298,60.0,814.479,51.95500000000004,1022.298,60.0,1282.072,103.90999999999985,1308.049,25.978000000000065,1673.821,60.0,0.3517171916152787,0.7781724916953903,0.6360207250020197,0.6482828083847213,0.22182750830460976,1
MD_model83,/home/lyara/areswave/models/MD_model83.nd,nd,UNK,,,957.498,60.0,725.173,190.08499999999992,957.498,60.0,1263.746,42.240999999999985,1305.987,52.80099999999993,1598.029,60.0,0.2794735452360946,0.8143351999449783,0.6360479817086837,0.7205264547639054,0.18566480005502173,1
Geophysical_model749,/home/lyara/areswave/models/Geophysical_model749.nd,nd,UNK,,,900.0,60.0,900.0,197.837,900.0,60.0,1104.246,17.019999999999982,1478.696,102.12300000000005,1694.206,60.0,0.42605406865049333,0.7415714611445787,0.6363989969798837,0.5739459313495067,0.2584285388554213,1
Geophysical_model515,/home/lyara/areswave/models/Geophysical_model515.nd,nd,UNK,,,1099.766,60.0,900.0,22.442000000000007,1099.766,60.0,1116.413,16.646999999999935,1466.003,99.88300000000004,1680.686,60.0,0.4955174600304092,0.7068549912432469,0.6364091475056344,0.5044825399695908,0.29314500875675303,1
MD_model54,/home/lyara/areswave/models/MD_model54.nd,nd,UNK,,,954.555,60.0,795.413,148.53200000000004,954.555,60.0,1294.057,60.0,1336.495,53.047000000000025,1618.333,60.0,0.35201091561755504,0.7806679904732733,0.6377822988547005,0.647989084382445,0.21933200952672668,1
AK_model_7,/home/lyara/areswave/models/AK_model_7.nd,nd,UNK,,,1075.329,60.0,845.445,25.541999999999916,1075.329,60.0,1279.671,51.085000000000036,1305.214,51.08600000000001,1667.556,60.0,0.35793451337403803,0.7799113928413401,0.6392524330189061,0.642065486625962,0.22008860715865985,1
Geophysical_model896,/home/lyara/areswave/models/Geophysical_model896.nd,nd,UNK,,,900.0,60.0,900.0,198.32500000000005,900.0,60.0,1104.416,17.035000000000082,1479.179,102.20799999999986,1694.72,60.0,0.4227202158885298,0.7496252097771092,0.640656878480916,0.5772797841114702,0.2503747902228908,1
CD_model27,/home/lyara/areswave/models/CD_model27.nd,nd,UNK,,,,60.0,,60.0,,60.0,,60.0,,60.0,,60.0,0.40716215788341514,0.7586415377233273,0.6414817444433566,0.5928378421165849,0.24135846227667265,1
Geophysical_model776,/home/lyara/areswave/models/Geophysical_model776.nd,nd,UNK,,,916.728,60.0,900.0,193.20899999999995,916.728,60.0,1117.459,33.455999999999904,1468.739,83.63800000000015,1683.6,60.0,0.5072020365790989,0.7090889732416382,0.6417933276874584,0.4927979634209011,0.2909110267583618,1
Geophysical_model690,/home/lyara/areswave/models/Geophysical_model690.nd,nd,UNK,,,900.0,60.0,900.0,179.96799999999996,900.0,60.0,1118.266,33.57899999999995,1470.849,100.73799999999983,1685.847,60.0,0.389726237382243,0.772012201244413,0.6445835466236897,0.610273762617757,0.22798779875558697,1
Geophysical_model935,/home/lyara/areswave/models/Geophysical_model935.nd,nd,UNK,,,933.4,60.0,876.829,185.365,933.4,60.0,1117.102,33.399999999999864,1484.505,83.5010000000002,1682.605,60.0,0.49376172837474386,0.7219761201660195,0.6459046562355942,0.5062382716252561,0.27802387983398047,1
CD_model4,/home/lyara/areswave/models/CD_model4.nd,nd,UNK,,,,60.0,,60.0,,60.0,,60.0,,60.0,,60.0,0.31213182491661084,0.8131572291098302,0.6461487610454237,0.6878681750833892,0.18684277089016976,1
Geophysical_model938,/home/lyara/areswave/models/Geophysical_model938.nd,nd,UNK,,,1068.438,60.0,900.0,29.464000000000055,1068.438,60.0,1102.126,16.84400000000005,1455.847,117.90700000000015,1687.809,60.0,0.31617784127437465,0.8115409519674287,0.6464199150697439,0.6838221587256254,0.1884590480325713,1
Geophysical_model493,/home/lyara/areswave/models/Geophysical_model493.nd,nd,UNK,,,1031.687,60.0,900.0,185.83000000000004,1031.687,60.0,1130.452,32.922000000000025,1476.13,82.30399999999986,1673.94,60.0,0.2826889622484139,0.8285798790959904,0.6466162401467982,0.7173110377515861,0.17142012090400965,1
Geophysical_model310,/home/lyara/areswave/models/Geophysical_model310.nd,nd,UNK,,,1016.326,60.0,878.266,195.60199999999998,1016.326,60.0,1132.652,33.235999999999876,1498.248,99.70800000000008,1679.631,60.0,0.4027250020397647,0.7688759054278909,0.6468256042985154,0.5972749979602353,0.2311240945721092,1
Geophysical_model922,/home/lyara/areswave/models/Geophysical_model922.nd,nd,UNK,,,949.959,60.0,900.0,179.20600000000002,949.959,60.0,1133.142,33.305000000000064,1499.507,83.2650000000001,1680.897,60.0,0.5806865330639125,0.6826862154684559,0.6486863213336082,0.4193134669360875,0.3173137845315441,1
Geophysical_model722,/home/lyara/areswave/models/Geophysical_model722.nd,nd,UNK,,,900.0,60.0,900.0,22.447000000000003,900.0,60.0,1101.621,16.801999999999907,1488.061,100.81099999999992,1686.284,60.0,0.5664338042960619,0.6903530439861845,0.6490466307561437,0.433566195703938,0.3096469560138155,1
Geophysical_model848,/home/lyara/areswave/models/Geophysical_model848.nd,nd,UNK,,,950.021,60.0,900.0,180.06399999999996,950.021,60.0,1133.429,33.34699999999998,1483.573,66.69400000000019,1681.641,60.0,0.45728936472899484,0.7465884119395062,0.650155396202669,0.5427106352710052,0.2534115880604938,1
CD_model11,/home/lyara/areswave/models/CD_model11.nd,nd,UNK,,,,60.0,,60.0,,60.0,,60.0,,60.0,,60.0,0.3570071383751715,0.7978582448754953,0.650907876042054,0.6429928616248285,0.20214175512450475,1
CD_model61,/home/lyara/areswave/models/CD_model61.nd,nd,UNK,,,,60.0,,60.0,,60.0,,60.0,,60.0,,60.0,0.3983238749368997,0.7776653270992251,0.65121817637845,0.6016761250631003,0.2223346729007749,1
CD_model21,/home/lyara/areswave/models/CD_model21.nd,nd,UNK,,,,60.0,,60.0,,60.0,,60.0,,60.0,,60.0,0.321805114466428,0.8173154711887822,0.6521453522813309,0.678194885533572,0.18268452881121783,1
MD_model7,/home/lyara/areswave/models/MD_model7.nd,nd,UNK,,,992.399,60.0,762.376,10.455000000000041,992.399,60.0,1107.411,188.20000000000005,1389.712,188.20100000000002,1605.996,60.0,0.26983383507321734,0.8461994317333779,0.654077566179991,0.7301661649267827,0.1538005682666221,1
AK_model_67,/home/lyara/areswave/models/AK_model_67.nd,nd,UNK,,,1034.55,60.0,885.984,24.75999999999999,1034.55,60.0,1158.354,99.04399999999987,1381.202,99.04299999999989,1662.605,60.0,0.30757415715083136,0.8292936905737848,0.6553871794328003,0.6924258428491686,0.17070630942621523,1
Geophysical_model381,/home/lyara/areswave/models/Geophysical_model381.nd,nd,UNK,,,999.558,60.0,878.755,191.207,999.558,60.0,1115.708,16.592999999999847,1497.346,99.55799999999999,1678.723,60.0,0.33950204314700916,0.8135439831147057,0.6555300031254735,0.6604979568529908,0.18645601688529437,1
Geophysical_model639,/home/lyara/areswave/models/Geophysical_model639.nd,nd,UNK,,,1099.754,60.0,900.0,21.45500000000004,1099.754,60.0,1116.4,16.645999999999958,1465.97,116.52299999999991,1680.651,60.0,0.42253840055132463,0.7722604324404322,0.6556864218107297,0.5774615994486754,0.2277395675595678,1
Geophysical_model550,/home/lyara/areswave/models/Geophysical_model550.nd,nd,UNK,,,1099.489,60.0,900.0,20.990999999999985,1099.489,60.0,1116.113,16.624000000000024,1465.218,99.74500000000012,1679.849,60.0,0.2707565208246884,0.849099670824939,0.6563186208248554,0.7292434791753116,0.15090032917506105,1
Geophysical_model703,/home/lyara/areswave/models/Geophysical_model703.nd,nd,UNK,,,1099.489,60.0,900.0,20.990999999999985,1099.489,60.0,1116.113,16.624000000000024,1465.218,99.74500000000012,1679.849,60.0,0.2707565208246884,0.849099670824939,0.6563186208248554,0.7292434791753116,0.15090032917506105,1
MD_model20,/home/lyara/areswave/models/MD_model20.nd,nd,UNK,,,1028.07,60.0,756.946,192.04600000000005,1028.07,60.0,1299.193,22.593000000000075,1366.974,79.07799999999997,1694.594,60.0,0.49634319977377694,0.7382160751572304,0.6575917833627459,0.5036568002262231,0.2617839248427696,1
AK_model_92,/home/lyara/areswave/models/AK_model_92.nd,nd,UNK,,,1080.172,60.0,777.645,27.502000000000066,1080.172,60.0,1272.689,27.50200000000018,1327.694,55.00499999999988,1730.346,60.0,0.5889448912027194,0.6933021332659968,0.6585163859115709,0.4110551087972806,0.30669786673400323,1
MD_model79,/home/lyara/areswave/models/MD_model79.nd,nd,UNK,,,991.345,60.0,742.39,10.372999999999934,991.345,60.0,1126.195,10.373000000000047,1354.404,93.35799999999995,1580.668,60.0,0.4248966145678007,0.7773022590406954,0.6598337108830639,0.5751033854321993,0.22269774095930464,1
Geophysical_model717,/home/lyara/areswave/models/Geophysical_model717.nd,nd,UNK,,,916.648,60.0,877.434,180.52700000000004,916.648,60.0,1116.419,16.64799999999991,1499.315,99.88499999999999,1680.704,60.0,0.43594764437455436,0.7746411435880844,0.6617433105169077,0.5640523556254456,0.22535885641191558,1
Geophysical_model640,/home/lyara/areswave/models/Geophysical_model640.nd,nd,UNK,,,900.0,60.0,877.345,181.23800000000006,900.0,60.0,1119.204,33.72399999999993,1490.165,101.17100000000005,1688.461,60.0,0.40976258314338754,0.7973448050330066,0.6681507310698004,0.5902374168566125,0.20265519496699333,1
Geophysical_model829,/home/lyara/areswave/models/Geophysical_model829.nd,nd,UNK,,,949.985,60.0,900.0,199.42999999999995,949.985,60.0,1133.262,33.32300000000009,1483.154,83.30799999999999,1681.208,60.0,0.472282305271984,0.7673362470713744,0.6689849331382444,0.527717694728016,0.23266375292862565,1
Geophysical_model957,/home/lyara/areswave/models/Geophysical_model957.nd,nd,UNK,,,949.985,60.0,900.0,199.42999999999995,949.985,60.0,1133.262,33.32300000000009,1483.154,83.30799999999999,1681.208,60.0,0.472282305271984,0.7673362470713744,0.6689849331382444,0.527717694728016,0.23266375292862565,1
Geophysical_model820,/home/lyara/areswave/models/Geophysical_model820.nd,nd,UNK,,,950.007,60.0,900.0,178.976,950.007,60.0,1133.367,33.337999999999965,1483.418,66.67599999999993,1681.481,60.0,0.4698723535900903,0.7698908942780626,0.6698847140487385,0.5301276464099097,0.23010910572193746,1
Geophysical_model98,/home/lyara/areswave/models/Geophysical_model98.nd,nd,UNK,,,1098.133,60.0,900.0,197.5,1098.133,60.0,1147.666,16.510999999999967,1494.399,66.04399999999987,1675.759,60.0,0.3191286252479155,0.8479781497696094,0.6716949749290447,0.6808713747520845,0.15202185023039064,1
Geophysical_model990,/home/lyara/areswave/models/Geophysical_model990.nd,nd,UNK,,,950.721,60.0,900.0,183.73699999999997,950.721,60.0,1119.792,33.81400000000008,1491.747,84.53500000000008,1690.099,60.0,0.5650579067388206,0.7267939455478124,0.6728819326114818,0.4349420932611794,0.2732060544521876,1
AK_model_89,/home/lyara/areswave/models/AK_model_89.nd,nd,UNK,,,1067.757,60.0,799.181,26.85699999999997,1067.757,60.0,1282.617,26.85699999999997,1336.333,53.715000000000146,1707.44,60.0,0.5498733336112956,0.7424037227234108,0.6782269263527058,0.45012666638870436,0.2575962772765891,1
MD_model26,/home/lyara/areswave/models/MD_model26.nd,nd,UNK,,,1011.624,60.0,870.538,10.077999999999975,1011.624,60.0,1293.796,151.164,1354.261,60.465999999999894,1485.27,60.0,0.5354819244887781,0.7567580220862306,0.6829993228870798,0.46451807551122193,0.24324197791376945,1
MD_model97,/home/lyara/areswave/models/MD_model97.nd,nd,UNK,,,969.857,60.0,861.889,183.54600000000005,969.857,60.0,1293.761,32.391000000000076,1347.745,64.77999999999997,1633.027,60.0,0.45235941531489254,0.8074589279951142,0.6890924237683737,0.5476405846851075,0.1925410720048858,1
Geophysical_model629,/home/lyara/areswave/models/Geophysical_model629.nd,nd,UNK,,,900.0,60.0,900.0,21.486999999999966,900.0,60.0,1116.854,33.36200000000008,1483.837,100.08699999999999,1681.914,60.0,0.5048785059287109,0.7826494101621402,0.690059108750997,0.4951214940712892,0.21735058983785982,1
AK_model_11,/home/lyara/areswave/models/AK_model_11.nd,nd,UNK,,,1040.425,60.0,848.992,23.928999999999974,1040.425,60.0,1279.717,71.78800000000001,1303.646,23.929000000000087,1652.614,60.0,0.462963187899718,0.8051649283553868,0.6910976815368306,0.537036812100282,0.19483507164461317,1
MD_model9,/home/lyara/areswave/models/MD_model9.nd,nd,UNK,,,993.358,60.0,779.806,10.169000000000096,993.358,60.0,1156.065,193.21399999999994,1430.632,172.87599999999998,1501.816,60.0,0.4397692145948676,0.8171016474069658,0.691324169802933,0.5602307854051324,0.18289835259303425,1
Geophysical_model393,/home/lyara/areswave/models/Geophysical_model393.nd,nd,UNK,,,1031.867,60.0,900.0,187.779,1031.867,60.0,1130.767,32.96699999999987,1476.918,82.41600000000017,1674.755,60.0,0.3860342533469048,0.8493965832653274,0.6949424732925199,0.6139657466530952,0.15060341673467262,1
Geophysical_model667,/home/lyara/areswave/models/Geophysical_model667.nd,nd,UNK,,,900.0,60.0,900.0,21.341999999999985,900.0,60.0,1100.223,33.371000000000095,1483.984,100.11099999999988,1682.066,60.0,0.5004864969264919,0.7977622989731264,0.6986703649575817,0.4995135030735081,0.20223770102687352,1
AK_model_47,/home/lyara/areswave/models/AK_model_47.nd,nd,UNK,,,1007.565,60.0,771.239,26.258000000000038,1007.565,60.0,1270.15,131.29199999999992,1480.218,26.259000000000015,1689.744,60.0,0.3608960200954906,0.8752267739011729,0.7037831892992789,0.6391039799045094,0.12477322609882713,1
Geophysical_model647,/home/lyara/areswave/models/Geophysical_model647.nd,nd,UNK,,,916.648,60.0,877.465,180.284,916.648,60.0,1116.419,16.64799999999991,1499.315,99.88499999999999,1680.704,60.0,0.46999719851249655,0.828943824372699,0.7092949490859648,0.5300028014875034,0.17105617562730108,1
MD_model2,/home/lyara/areswave/models/MD_model2.nd,nd,UNK,,,986.891,60.0,741.65,21.326000000000022,986.891,60.0,1114.842,42.649999999999864,1445.384,42.65100000000007,1631.921,60.0,0.6046062664875802,0.7639561867279292,0.7108395466478129,0.39539373351241985,0.23604381327207075,1
Geophysical_model562,/home/lyara/areswave/models/Geophysical_model562.nd,nd,UNK,,,916.969,60.0,856.194,197.12699999999995,916.969,60.0,1120.603,33.93900000000008,1476.962,84.84699999999998,1692.359,60.0,0.5303339857391294,0.8039247110681511,0.7127278026251439,0.46966601426087057,0.19607528893184895,1
Geophysical_model571,/home/lyara/areswave/models/Geophysical_model571.nd,nd,UNK,,,916.969,60.0,856.194,197.12699999999995,916.969,60.0,1120.603,33.93900000000008,1476.962,84.84699999999998,1692.359,60.0,0.5303339857391294,0.8039247110681511,0.7127278026251439,0.46966601426087057,0.19607528893184895,1
Geophysical_model960,/home/lyara/areswave/models/Geophysical_model960.nd,nd,UNK,,,916.969,60.0,856.194,197.12699999999995,916.969,60.0,1120.603,33.93900000000008,1476.962,84.84699999999998,1692.359,60.0,0.5303339857391294,0.8039247110681511,0.7127278026251439,0.46966601426087057,0.19607528893184895,1
Geophysical_model905,/home/lyara/areswave/models/Geophysical_model905.nd,nd,UNK,,,933.943,60.0,879.311,186.19799999999998,933.943,60.0,1120.631,33.942999999999984,1494.007,84.85800000000017,1692.437,60.0,0.6326960596381521,0.7536465801770735,0.713329739997433,0.3673039403618479,0.24635341982292644,1
AK_model_31,/home/lyara/areswave/models/AK_model_31.nd,nd,UNK,,,1063.166,60.0,823.564,26.622999999999934,1063.166,60.0,1276.145,26.623000000000047,1329.39,53.24499999999989,1699.028,60.0,0.5154364865401528,0.8481310320601327,0.7372328502201394,0.48456351345984716,0.1518689679398672,1
AK_model_30,/home/lyara/areswave/models/AK_model_30.nd,nd,UNK,,,1083.305,60.0,820.426,26.28800000000001,1083.305,60.0,1293.608,52.57600000000002,1319.896,52.57600000000002,1687.417,60.0,0.5748500028057513,0.8340164951688461,0.7476276643811479,0.42514999719424873,0.1659835048311539,1
