model_id,source_path,source_format,composition,tpot_K,adiabat_K_km,d_main_km,w_main_km,d_800_km,w_800_km,d_1000_km,w_1000_km,d_1200_km,w_1200_km,d_1400_km,w_1400_km,d_1600_km,w_1600_km,mean_p_misfit,mean_s_misfit,total_misfit,mean_p_cc,mean_s_cc,used_events
AK_model_62,/home/lyara/areswave/models/AK_model_62.nd,nd,UNK,,,1016.476,60.0,815.77,25.087999999999965,1016.476,60.0,1116.83,100.35300000000007,1367.713,75.2650000000001,1675.2,60.0,0.2180104907018412,0.3390404758615161,0.2986971474749578,0.7819895092981588,0.6609595241384839,1
Geophysical_model563,/home/lyara/areswave/models/Geophysical_model563.nd,nd,UNK,,,1087.281,60.0,900.0,22.385999999999967,1087.281,60.0,1104.307,17.02500000000009,1461.843,119.17900000000009,1694.389,60.0,0.2010308617488341,0.35224503126912265,0.3018403080956931,0.7989691382511659,0.6477549687308773,1
Geophysical_model218,/home/lyara/areswave/models/Geophysical_model218.nd,nd,UNK,,,966.445,60.0,900.0,179.84699999999998,966.445,60.0,1115.945,16.611000000000104,1464.778,99.66700000000014,1679.382,60.0,0.28358635211729577,0.3250495070888294,0.3112284554316515,0.7164136478827042,0.6749504929111706,1
Geophysical_model909,/home/lyara/areswave/models/Geophysical_model909.nd,nd,UNK,,,916.648,60.0,900.0,180.34400000000005,916.648,60.0,1116.419,16.64799999999991,1499.315,99.88499999999999,1680.704,60.0,0.246381587095297,0.34420737779197297,0.31159878089308096,0.753618412904703,0.655792622208027,1
Geophysical_model77,/home/lyara/areswave/models/Geophysical_model77.nd,nd,UNK,,,1049.531,60.0,900.0,181.05100000000004,1049.531,60.0,1132.603,33.22900000000004,1498.123,83.07300000000009,1679.504,60.0,0.34743036855764686,0.2989914630637994,0.3151377648950819,0.6525696314423531,0.7010085369362006,1
CD_model99,/home/lyara/areswave/models/CD_model99.nd,nd,UNK,,,,60.0,,60.0,,60.0,,60.0,,60.0,,60.0,0.37077359300650325,0.2893121124347132,0.3164659392919766,0.6292264069934967,0.7106878875652868,1
AK_model_21,/home/lyara/areswave/models/AK_model_21.nd,nd,UNK,,,1060.311,60.0,819.703,53.46900000000005,1060.311,60.0,1274.186,26.733999999999924,1327.655,53.468999999999824,1698.352,60.0,0.17611629385815675,0.3881021825446418,0.31744021964914676,0.8238837061418433,0.6118978174553582,1
Geophysical_model943,/home/lyara/areswave/models/Geophysical_model943.nd,nd,UNK,,,900.0,60.0,900.0,188.60199999999998,900.0,60.0,1115.838,16.60200000000009,1464.498,116.22000000000003,1679.083,60.0,0.30213642046601663,0.331138662052618,0.32147124819041756,0.6978635795339834,0.668861337947382,1
Geophysical_model568,/home/lyara/areswave/models/Geophysical_model568.nd,nd,UNK,,,900.0,60.0,900.0,181.52300000000002,900.0,60.0,1118.976,33.68899999999985,1472.706,101.06600000000003,1687.825,60.0,0.233773230931844,0.3675188482844005,0.32293697583354836,0.766226769068156,0.6324811517155995,1
Geophysical_model141,/home/lyara/areswave/models/Geophysical_model141.nd,nd,UNK,,,1098.572,60.0,877.483,180.13199999999995,1098.572,60.0,1115.12,16.548000000000002,1446.074,99.28600000000006,1677.084,60.0,0.2512411560954323,0.36143580042871626,0.3247042523176216,0.7487588439045677,0.6385641995712837,1
Geophysical_model654,/home/lyara/areswave/models/Geophysical_model654.nd,nd,UNK,,,916.721,60.0,875.945,192.43899999999996,916.721,60.0,1117.378,33.442999999999984,1485.25,83.60799999999995,1683.376,60.0,0.31773994872655786,0.32921269144701837,0.32538844387353155,0.6822600512734421,0.6707873085529816,1
Geophysical_model553,/home/lyara/areswave/models/Geophysical_model553.nd,nd,UNK,,,900.0,60.0,900.0,178.562,900.0,60.0,1118.724,33.65000000000009,1472.049,100.94900000000007,1687.125,60.0,0.26426259732918445,0.3573356012813578,0.3263112666306333,0.7357374026708156,0.6426643987186422,1
Geophysical_model65,/home/lyara/areswave/models/Geophysical_model65.nd,nd,UNK,,,965.752,60.0,900.0,181.31399999999996,965.752,60.0,1113.693,16.437000000000126,1442.45,115.06499999999983,1673.108,60.0,0.2441176327190765,0.3701848722146658,0.32816245904946933,0.7558823672809235,0.6298151277853342,1
Geophysical_model743,/home/lyara/areswave/models/Geophysical_model743.nd,nd,UNK,,,1086.489,60.0,900.0,21.32299999999998,1086.489,60.0,1103.443,16.952999999999975,1459.467,118.67499999999995,1691.782,60.0,0.22402693497281667,0.38082067590316737,0.3285560955930505,0.7759730650271833,0.6191793240968326,1
AK_model_84,/home/lyara/areswave/models/AK_model_84.nd,nd,UNK,,,1086.523,60.0,887.59,24.865999999999985,1086.523,60.0,1285.455,24.866999999999962,1360.055,74.60000000000014,1666.648,60.0,0.3052441631061694,0.3402760155689861,0.3285987314147139,0.6947558368938306,0.6597239844310139,1
Geophysical_model607,/home/lyara/areswave/models/Geophysical_model607.nd,nd,UNK,,,900.0,60.0,900.0,180.73800000000006,900.0,60.0,1116.617,16.66300000000001,1466.537,99.97700000000009,1681.255,60.0,0.22347683831501508,0.38136940811229936,0.3287385515132046,0.7765231616849849,0.6186305918877006,1
Geophysical_model613,/home/lyara/areswave/models/Geophysical_model613.nd,nd,UNK,,,1099.905,60.0,900.0,21.057000000000016,1099.905,60.0,1116.564,16.6579999999999,1466.397,99.95299999999997,1681.106,60.0,0.18312022392792615,0.40239504838204554,0.32930344023067243,0.8168797760720738,0.5976049516179545,1
Geophysical_model389,/home/lyara/areswave/models/Geophysical_model389.nd,nd,UNK,,,949.524,60.0,900.0,193.33900000000006,949.524,60.0,1114.604,16.509000000000015,1461.273,99.048,1675.648,60.0,0.3170007567931268,0.33550067155671626,0.3293340333021864,0.6829992432068732,0.6644993284432837,1
Geophysical_model333,/home/lyara/areswave/models/Geophysical_model333.nd,nd,UNK,,,1098.133,60.0,900.0,196.23800000000006,1098.133,60.0,1147.666,33.02300000000014,1494.399,66.04399999999987,1675.759,60.0,0.38849603446361536,0.30184329025019896,0.3307275383213378,0.6115039655363846,0.698156709749801,1
Geophysical_model855,/home/lyara/areswave/models/Geophysical_model855.nd,nd,UNK,,,916.736,60.0,875.945,192.44100000000003,916.736,60.0,1117.572,33.47199999999998,1469.034,83.68100000000004,1683.914,60.0,0.28629303767280445,0.3530064776897507,0.3307686643507686,0.7137069623271955,0.6469935223102493,1
Geophysical_model331,/home/lyara/areswave/models/Geophysical_model331.nd,nd,UNK,,,966.03,60.0,900.0,191.53599999999994,966.03,60.0,1114.598,16.507000000000062,1461.256,99.04499999999985,1675.63,60.0,0.24561717640510583,0.373846701757547,0.3311035266400666,0.7543828235948942,0.626153298242453,1
Geophysical_model661,/home/lyara/areswave/models/Geophysical_model661.nd,nd,UNK,,,933.422,60.0,900.0,184.00400000000002,933.422,60.0,1117.244,33.423,1484.889,83.55599999999981,1683.002,60.0,0.2611970344959029,0.36758216711283886,0.3321204562405269,0.7388029655040971,0.6324178328871611,1
CD_model98,/home/lyara/areswave/models/CD_model98.nd,nd,UNK,,,,60.0,,60.0,,60.0,,60.0,,60.0,,60.0,0.2717054155935321,0.36512303098175936,0.33398382585235026,0.7282945844064679,0.6348769690182406,1
Geophysical_model238,/home/lyara/areswave/models/Geophysical_model238.nd,nd,UNK,,,983.209,60.0,877.982,198.163,983.209,60.0,1116.342,16.641999999999825,1465.818,116.49200000000019,1680.489,60.0,0.22505472333245047,0.38933455878212675,0.3345746136322347,0.7749452766675495,0.6106654412178733,1
MD_model7,/home/lyara/areswave/models/MD_model7.nd,nd,UNK,,,992.399,60.0,762.376,10.455000000000041,992.399,60.0,1107.411,188.20000000000005,1389.712,188.20100000000002,1605.996,60.0,0.21695069198591188,0.3936422943931842,0.3347450935907601,0.7830493080140881,0.6063577056068158,1
Geophysical_model981,/home/lyara/areswave/models/Geophysical_model981.nd,nd,UNK,,,933.4,60.0,900.0,184.236,933.4,60.0,1117.102,33.399999999999864,1484.505,83.5010000000002,1682.605,60.0,0.21606649341014006,0.3952066398773373,0.3354932577216048,0.7839335065898599,0.6047933601226627,1
Geophysical_model432,/home/lyara/areswave/models/Geophysical_model432.nd,nd,UNK,,,1031.52,60.0,900.0,186.47000000000003,1031.52,60.0,1130.159,32.87999999999988,1475.398,82.19900000000007,1673.183,60.0,0.3513056658069481,0.3278269491313792,0.33565318802323557,0.6486943341930519,0.6721730508686208,1
Geophysical_model418,/home/lyara/areswave/models/Geophysical_model418.nd,nd,UNK,,,1031.52,60.0,900.0,186.47000000000003,1031.52,60.0,1130.159,32.87999999999988,1475.398,82.19900000000007,1673.183,60.0,0.3513056658069481,0.3278269491313792,0.33565318802323557,0.6486943341930519,0.6721730508686208,1
Geophysical_model369,/home/lyara/areswave/models/Geophysical_model369.nd,nd,UNK,,,1031.52,60.0,900.0,186.47000000000003,1031.52,60.0,1130.159,32.87999999999988,1475.398,82.19900000000007,1673.183,60.0,0.3513056658069481,0.3278269491313792,0.33565318802323557,0.6486943341930519,0.6721730508686208,1
AK_model_34,/home/lyara/areswave/models/AK_model_34.nd,nd,UNK,,,1087.427,60.0,875.207,26.527000000000044,1087.427,60.0,1299.646,26.52800000000002,1352.701,53.055000000000064,1695.247,60.0,0.3072655842823715,0.35164608251921237,0.33685258310693206,0.6927344157176285,0.6483539174807876,1
Geophysical_model412,/home/lyara/areswave/models/Geophysical_model412.nd,nd,UNK,,,1030.985,60.0,900.0,188.822,1030.985,60.0,1129.223,32.746000000000095,1489.43,81.86500000000001,1670.76,60.0,0.29983565443070104,0.3569400115940259,0.3379052258729176,0.700164345569299,0.6430599884059741,1
Geophysical_model761,/home/lyara/areswave/models/Geophysical_model761.nd,nd,UNK,,,900.0,60.0,900.0,179.39,900.0,60.0,1101.753,33.625,1488.445,100.87599999999998,1686.682,60.0,0.189839322240687,0.412993346777059,0.3386086719316017,0.810160677759313,0.587006653222941,1
Geophysical_model376,/home/lyara/areswave/models/Geophysical_model376.nd,nd,UNK,,,983.203,60.0,878.839,190.45100000000002,983.203,60.0,1116.329,16.6400000000001,1465.783,99.84400000000005,1680.452,60.0,0.33132645817714745,0.3432063434563176,0.3392463816965942,0.6686735418228525,0.6567936565436824,1
MD_model22,/home/lyara/areswave/models/MD_model22.nd,nd,UNK,,,1019.062,60.0,898.164,197.83299999999997,1019.062,60.0,1293.831,21.98199999999997,1304.822,76.93500000000017,1648.61,60.0,0.2346256541065006,0.3947725861483756,0.34139027546775064,0.7653743458934994,0.6052274138516244,1
Geophysical_model856,/home/lyara/areswave/models/Geophysical_model856.nd,nd,UNK,,,933.454,60.0,900.0,180.49900000000002,933.454,60.0,1134.179,33.45400000000018,1485.447,66.9079999999999,1683.58,60.0,0.27700742516268817,0.3743066555760758,0.34187357877161323,0.7229925748373118,0.6256933444239242,1
Geophysical_model644,/home/lyara/areswave/models/Geophysical_model644.nd,nd,UNK,,,1099.903,60.0,900.0,21.504999999999995,1099.903,60.0,1116.562,16.65800000000013,1466.392,116.61000000000013,1681.1,60.0,0.21860860087408263,0.4045799630754261,0.3425895090083116,0.7813913991259174,0.5954200369245739,1
Geophysical_model643,/home/lyara/areswave/models/Geophysical_model643.nd,nd,UNK,,,1099.903,60.0,900.0,21.504999999999995,1099.903,60.0,1116.562,16.65800000000013,1466.392,116.61000000000013,1681.1,60.0,0.21860860087408263,0.4045799630754261,0.3425895090083116,0.7813913991259174,0.5954200369245739,1
Geophysical_model501,/home/lyara/areswave/models/Geophysical_model501.nd,nd,UNK,,,916.672,60.0,900.0,180.688,916.672,60.0,1116.741,33.34500000000003,1483.532,83.36199999999985,1681.599,60.0,0.2750502867753043,0.37640867696043345,0.3426225468987238,0.7249497132246957,0.6235913230395665,1
Geophysical_model192,/home/lyara/areswave/models/Geophysical_model192.nd,nd,UNK,,,1016.377,60.0,900.0,199.29700000000003,1016.377,60.0,1132.755,33.251000000000204,1498.512,99.75199999999995,1679.896,60.0,0.335526011557975,0.346704862889876,0.3429785791125757,0.664473988442025,0.653295137110124,1
Geophysical_model949,/home/lyara/areswave/models/Geophysical_model949.nd,nd,UNK,,,916.648,60.0,877.517,179.86599999999999,916.648,60.0,1116.419,16.64799999999991,1499.315,99.88499999999999,1680.704,60.0,0.3284155593944069,0.3521156342298175,0.34421560928468065,0.6715844406055931,0.6478843657701825,1
AK_model_29,/home/lyara/areswave/models/AK_model_29.nd,nd,UNK,,,1044.427,60.0,827.691,27.091999999999985,1044.427,60.0,1288.254,54.18399999999997,1315.346,54.18399999999997,1715.068,60.0,0.2825084332144695,0.3757484635573889,0.34466845344308245,0.7174915667855305,0.6242515364426111,1
Geophysical_model419,/home/lyara/areswave/models/Geophysical_model419.nd,nd,UNK,,,983.998,60.0,876.703,186.37300000000005,983.998,60.0,1118.394,33.59899999999993,1471.183,100.79700000000003,1686.203,60.0,0.23108530050639586,0.4026588893707015,0.34546769308259967,0.7689146994936041,0.5973411106292985,1
Geophysical_model757,/home/lyara/areswave/models/Geophysical_model757.nd,nd,UNK,,,916.648,60.0,900.0,180.37900000000002,916.648,60.0,1116.419,16.64799999999991,1499.315,99.88499999999999,1680.704,60.0,0.2107092214734395,0.4133622067410415,0.3458112116518408,0.7892907785265605,0.5866377932589585,1
Geophysical_model885,/home/lyara/areswave/models/Geophysical_model885.nd,nd,UNK,,,916.648,60.0,900.0,180.37900000000002,916.648,60.0,1116.419,16.64799999999991,1499.315,99.88499999999999,1680.704,60.0,0.2107092214734395,0.4133622067410415,0.3458112116518408,0.7892907785265605,0.5866377932589585,1
Geophysical_model945,/home/lyara/areswave/models/Geophysical_model945.nd,nd,UNK,,,916.672,60.0,900.0,180.79499999999996,916.672,60.0,1116.738,33.34500000000003,1483.524,83.36099999999988,1681.59,60.0,0.19729935860775927,0.42085583639052226,0.34633701046293464,0.8027006413922407,0.5791441636094777,1
Geophysical_model784,/home/lyara/areswave/models/Geophysical_model784.nd,nd,UNK,,,916.796,60.0,855.883,198.52800000000002,916.796,60.0,1118.345,33.5920000000001,1487.852,83.97900000000004,1686.068,60.0,0.3359207031828271,0.35200225220222026,0.34664173586242253,0.6640792968171729,0.6479977477977797,1
Geophysical_model301,/home/lyara/areswave/models/Geophysical_model301.nd,nd,UNK,,,949.517,60.0,900.0,192.18499999999995,949.517,60.0,1114.574,16.505999999999858,1444.688,115.53999999999996,1675.563,60.0,0.20821312801891145,0.41673205850281725,0.3472257483415153,0.7917868719810885,0.5832679414971828,1
Geophysical_model736,/home/lyara/areswave/models/Geophysical_model736.nd,nd,UNK,,,1084.925,60.0,900.0,29.855999999999995,1084.925,60.0,1101.736,16.810999999999922,1454.774,100.86799999999994,1686.632,60.0,0.29638615219539644,0.37269122621001904,0.34725620153847814,0.7036138478046036,0.627308773789981,1
Geophysical_model268,/home/lyara/areswave/models/Geophysical_model268.nd,nd,UNK,,,965.961,60.0,900.0,192.22000000000003,965.961,60.0,1114.373,16.490999999999985,1460.669,98.94200000000001,1675.004,60.0,0.3472243562276903,0.3476290178929067,0.34749413067116786,0.6527756437723097,0.6523709821070933,1
Geophysical_model504,/home/lyara/areswave/models/Geophysical_model504.nd,nd,UNK,,,1050.167,60.0,900.0,21.375999999999976,1050.167,60.0,1100.223,33.371000000000095,1483.984,100.11099999999988,1682.066,60.0,0.24539743644511514,0.3996185842061629,0.3482115349524803,0.7546025635548849,0.6003814157938371,1
Geophysical_model814,/home/lyara/areswave/models/Geophysical_model814.nd,nd,UNK,,,1088.465,60.0,900.0,20.69500000000005,1088.465,60.0,1105.598,17.133000000000038,1465.394,102.79899999999998,1698.287,60.0,0.21635965169560578,0.4141968635562753,0.3482511262693855,0.7836403483043942,0.5858031364437247,1
Geophysical_model722,/home/lyara/areswave/models/Geophysical_model722.nd,nd,UNK,,,900.0,60.0,900.0,22.447000000000003,900.0,60.0,1101.621,16.801999999999907,1488.061,100.81099999999992,1686.284,60.0,0.21258412280793504,0.41612791109222624,0.34827998166412916,0.787415877192065,0.5838720889077738,1
Geophysical_model594,/home/lyara/areswave/models/Geophysical_model594.nd,nd,UNK,,,900.0,60.0,900.0,179.41999999999996,900.0,60.0,1118.565,33.625,1488.445,100.87599999999998,1686.682,60.0,0.2557106771530846,0.39541501983748384,0.3488469056093508,0.7442893228469154,0.6045849801625162,1
Geophysical_model313,/home/lyara/areswave/models/Geophysical_model313.nd,nd,UNK,,,1016.295,60.0,900.0,198.36800000000005,1016.295,60.0,1132.589,33.22699999999986,1498.087,99.68200000000002,1679.468,60.0,0.3380246157264696,0.3548481799386627,0.349240325201265,0.6619753842735304,0.6451518200613373,1
Geophysical_model364,/home/lyara/areswave/models/Geophysical_model364.nd,nd,UNK,,,1016.295,60.0,900.0,198.36800000000005,1016.295,60.0,1132.589,33.22699999999986,1498.087,99.68200000000002,1679.468,60.0,0.3380246157264696,0.3548481799386627,0.349240325201265,0.6619753842735304,0.6451518200613373,1
Geophysical_model498,/home/lyara/areswave/models/Geophysical_model498.nd,nd,UNK,,,1016.295,60.0,900.0,198.36800000000005,1016.295,60.0,1132.589,33.22699999999986,1498.087,99.68200000000002,1679.468,60.0,0.3380246157264696,0.3548481799386627,0.349240325201265,0.6619753842735304,0.6451518200613373,1
AK_model_10,/home/lyara/areswave/models/AK_model_10.nd,nd,UNK,,,1032.783,60.0,836.001,24.597999999999956,1032.783,60.0,1278.762,73.79399999999987,1303.36,24.597000000000207,1680.778,60.0,0.28220522527977054,0.3832887361039573,0.349594232495895,0.7177947747202295,0.6167112638960427,1
Geophysical_model916,/home/lyara/areswave/models/Geophysical_model916.nd,nd,UNK,,,916.693,60.0,900.0,178.836,916.693,60.0,1117.015,33.386000000000195,1484.271,83.46699999999987,1682.363,60.0,0.2613313894406756,0.3960908394528374,0.3511710227821168,0.7386686105593244,0.6039091605471626,1
Geophysical_model773,/home/lyara/areswave/models/Geophysical_model773.nd,nd,UNK,,,900.0,60.0,900.0,177.99300000000005,900.0,60.0,1118.724,33.65000000000009,1488.873,100.94900000000007,1687.125,60.0,0.29576891863083354,0.37939109356720224,0.3515170352550793,0.7042310813691665,0.6206089064327978,1
Geophysical_model531,/home/lyara/areswave/models/Geophysical_model531.nd,nd,UNK,,,950.068,60.0,900.0,179.99099999999999,950.068,60.0,1133.65,50.067999999999984,1484.125,66.75700000000006,1682.212,60.0,0.32695903206693355,0.36446795805537724,0.351964982725896,0.6730409679330664,0.6355320419446228,1
Geophysical_model426,/home/lyara/areswave/models/Geophysical_model426.nd,nd,UNK,,,967.872,60.0,900.0,180.24099999999999,967.872,60.0,1120.585,33.937000000000126,1459.948,101.80899999999997,1692.31,60.0,0.2779376852872657,0.38976715128389705,0.35249066261835327,0.7220623147127343,0.610232848716103,1
Geophysical_model251,/home/lyara/areswave/models/Geophysical_model251.nd,nd,UNK,,,967.872,60.0,900.0,180.24099999999999,967.872,60.0,1120.585,33.937000000000126,1459.948,101.80899999999997,1692.31,60.0,0.2779376852872657,0.38976715128389705,0.35249066261835327,0.7220623147127343,0.610232848716103,1
Geophysical_model888,/home/lyara/areswave/models/Geophysical_model888.nd,nd,UNK,,,1088.465,60.0,900.0,20.730000000000018,1088.465,60.0,1105.598,17.133000000000038,1465.394,102.79899999999998,1698.287,60.0,0.2265234684004731,0.4158481603824514,0.35273992972179197,0.7734765315995269,0.5841518396175486,1
Geophysical_model289,/home/lyara/areswave/models/Geophysical_model289.nd,nd,UNK,,,966.724,60.0,900.0,180.02700000000004,966.724,60.0,1116.853,33.36200000000008,1467.154,100.08600000000001,1681.912,60.0,0.34841185288810705,0.3562871302951943,0.35366203782616523,0.651588147111893,0.6437128697048057,1
Geophysical_model545,/home/lyara/areswave/models/Geophysical_model545.nd,nd,UNK,,,916.767,60.0,900.0,191.72900000000004,916.767,60.0,1117.965,33.5329999999999,1486.828,83.83300000000008,1685.009,60.0,0.2707321974812774,0.3956624013481874,0.35401900005921744,0.7292678025187226,0.6043375986518126,1
Geophysical_model602,/home/lyara/areswave/models/Geophysical_model602.nd,nd,UNK,,,1099.903,60.0,900.0,21.410999999999945,1099.903,60.0,1116.562,16.65800000000013,1466.392,116.61000000000013,1681.1,60.0,0.25574944585244563,0.4032662832133035,0.35409400409301756,0.7442505541475544,0.5967337167866965,1
Geophysical_model834,/home/lyara/areswave/models/Geophysical_model834.nd,nd,UNK,,,1088.334,60.0,900.0,20.67100000000005,1088.334,60.0,1105.456,17.121000000000095,1465.003,102.72800000000007,1697.857,60.0,0.25238922168235856,0.40511617005138356,0.3542071872617085,0.7476107783176414,0.5948838299486164,1
Geophysical_model279,/home/lyara/areswave/models/Geophysical_model279.nd,nd,UNK,,,966.81,60.0,900.0,178.02099999999996,966.81,60.0,1117.132,33.40499999999997,1484.587,100.21499999999992,1682.69,60.0,0.2790929095271236,0.3925533442606327,0.35473319934946296,0.7209070904728764,0.6074466557393673,1
Geophysical_model795,/home/lyara/areswave/models/Geophysical_model795.nd,nd,UNK,,,900.0,60.0,900.0,21.48599999999999,900.0,60.0,1116.829,33.35799999999995,1483.771,100.07500000000005,1681.845,60.0,0.3796619186999127,0.3424571877202166,0.3548587647134487,0.6203380813000873,0.6575428122797834,1
CD_model88,/home/lyara/areswave/models/CD_model88.nd,nd,UNK,,,,60.0,,60.0,,60.0,,60.0,,60.0,,60.0,0.1690879590355011,0.4481928282683032,0.35515787185736913,0.8309120409644989,0.5518071717316968,1
Geophysical_model891,/home/lyara/areswave/models/Geophysical_model891.nd,nd,UNK,,,933.072,60.0,900.0,199.226,933.072,60.0,1114.966,16.536000000000058,1495.291,82.67899999999986,1676.656,60.0,0.2690762491082367,0.3994648387755463,0.3560019755531097,0.7309237508917633,0.6005351612244537,1
Geophysical_model373,/home/lyara/areswave/models/Geophysical_model373.nd,nd,UNK,,,1031.784,60.0,900.0,188.35000000000002,1031.784,60.0,1130.622,32.94600000000014,1493.027,82.36500000000001,1674.378,60.0,0.4835503675448388,0.29301842310668713,0.35652907125273775,0.5164496324551612,0.7069815768933129,1
MD_model56,/home/lyara/areswave/models/MD_model56.nd,nd,UNK,,,903.728,60.0,798.823,115.39600000000007,903.728,60.0,1291.878,73.43399999999997,1312.859,31.471000000000004,1613.347,60.0,0.27767884775880425,0.3965548618184981,0.3569295237986001,0.7223211522411958,0.6034451381815019,1
MD_model100,/home/lyara/areswave/models/MD_model100.nd,nd,UNK,,,1053.462,60.0,725.562,190.39299999999992,1053.462,60.0,1275.587,31.73199999999997,1349.629,74.04200000000014,1609.919,60.0,0.389479250347322,0.34075672661527145,0.35699756785928827,0.610520749652678,0.6592432733847285,1
Geophysical_model576,/home/lyara/areswave/models/Geophysical_model576.nd,nd,UNK,,,916.723,60.0,877.532,179.74099999999999,916.723,60.0,1117.396,33.44599999999991,1468.574,83.61400000000003,1683.425,60.0,0.2579723054507166,0.4066581260042328,0.3570961858197274,0.7420276945492834,0.5933418739957672,1
Geophysical_model999,/home/lyara/areswave/models/Geophysical_model999.nd,nd,UNK,,,1086.489,60.0,900.0,21.298999999999978,1086.489,60.0,1103.443,16.952999999999975,1459.467,118.67499999999995,1691.782,60.0,0.17488923318638971,0.44822484651888994,0.3571129754080566,0.8251107668136103,0.5517751534811101,1
AK_model_48,/home/lyara/areswave/models/AK_model_48.nd,nd,UNK,,,1008.347,60.0,797.627,26.339999999999918,1008.347,60.0,1298.086,131.70000000000005,1482.466,52.679999999999836,1692.058,60.0,0.21689363403751027,0.4281113531100714,0.35770544675255106,0.7831063659624897,0.5718886468899286,1
Geophysical_model988,/home/lyara/areswave/models/Geophysical_model988.nd,nd,UNK,,,950.085,60.0,900.0,182.54700000000003,950.085,60.0,1133.728,33.3900000000001,1484.32,66.779,1682.414,60.0,0.3763947644563036,0.34843531025435903,0.35775512832167394,0.6236052355436964,0.651564689745641,1
Geophysical_model836,/home/lyara/areswave/models/Geophysical_model836.nd,nd,UNK,,,900.0,60.0,900.0,187.837,900.0,60.0,1115.838,16.60200000000009,1464.498,116.22000000000003,1679.083,60.0,0.30611984453621577,0.38387634190118136,0.3579575094461928,0.6938801554637842,0.6161236580988186,1
Geophysical_model983,/home/lyara/areswave/models/Geophysical_model983.nd,nd,UNK,,,933.343,60.0,900.0,178.96400000000006,933.343,60.0,1116.73,33.343000000000075,1483.505,83.35800000000017,1681.57,60.0,0.2562532693551659,0.40882643483457326,0.3579687130081042,0.7437467306448341,0.5911735651654267,1
Geophysical_model7,/home/lyara/areswave/models/Geophysical_model7.nd,nd,UNK,,,1063.404,60.0,900.0,197.09799999999996,1063.404,60.0,1145.107,32.68099999999981,1488.256,65.36200000000008,1669.579,60.0,0.38524078603107315,0.34442688068752414,0.35803151580204046,0.6147592139689269,0.6555731193124759,1
Geophysical_model791,/home/lyara/areswave/models/Geophysical_model791.nd,nd,UNK,,,1084.693,60.0,900.0,22.44100000000003,1084.693,60.0,1101.483,16.789999999999964,1487.659,100.74200000000019,1685.869,60.0,0.5432338330607654,0.2661555869644918,0.3585150023299164,0.45676616693923455,0.7338444130355082,1
Geophysical_model734,/home/lyara/areswave/models/Geophysical_model734.nd,nd,UNK,,,1084.693,60.0,900.0,22.44100000000003,1084.693,60.0,1101.483,16.789999999999964,1487.659,100.74200000000019,1685.869,60.0,0.5432338330607654,0.2661555869644918,0.3585150023299164,0.45676616693923455,0.7338444130355082,1
Geophysical_model633,/home/lyara/areswave/models/Geophysical_model633.nd,nd,UNK,,,916.648,60.0,877.507,179.94299999999998,916.648,60.0,1116.419,16.64799999999991,1499.315,99.88499999999999,1680.704,60.0,0.2783173965695729,0.39865722559148364,0.3585439492508467,0.7216826034304271,0.6013427744085164,1
Geophysical_model781,/home/lyara/areswave/models/Geophysical_model781.nd,nd,UNK,,,916.648,60.0,877.507,179.94299999999998,916.648,60.0,1116.419,16.64799999999991,1499.315,99.88499999999999,1680.704,60.0,0.2783173965695729,0.39865722559148364,0.3585439492508467,0.7216826034304271,0.6013427744085164,1
Geophysical_model957,/home/lyara/areswave/models/Geophysical_model957.nd,nd,UNK,,,949.985,60.0,900.0,199.42999999999995,949.985,60.0,1133.262,33.32300000000009,1483.154,83.30799999999999,1681.208,60.0,0.22853109514545988,0.42368224830130574,0.3586318639160238,0.7714689048545401,0.5763177516986943,1
Geophysical_model829,/home/lyara/areswave/models/Geophysical_model829.nd,nd,UNK,,,949.985,60.0,900.0,199.42999999999995,949.985,60.0,1133.262,33.32300000000009,1483.154,83.30799999999999,1681.208,60.0,0.22853109514545988,0.42368224830130574,0.3586318639160238,0.7714689048545401,0.5763177516986943,1
Geophysical_model833,/home/lyara/areswave/models/Geophysical_model833.nd,nd,UNK,,,950.007,60.0,900.0,178.79499999999996,950.007,60.0,1133.367,50.00700000000006,1483.418,66.67599999999993,1681.481,60.0,0.326274410721207,0.37641079297533386,0.3596986655572916,0.673725589278793,0.6235892070246661,1
MD_model77,/home/lyara/areswave/models/MD_model77.nd,nd,UNK,,,993.197,60.0,753.202,10.434999999999945,993.197,60.0,1139.281,187.8219999999999,1400.145,125.21400000000017,1595.591,60.0,0.23858404681341028,0.420368644941992,0.35977377889913137,0.7614159531865897,0.579631355058008,1
Geophysical_model574,/home/lyara/areswave/models/Geophysical_model574.nd,nd,UNK,,,900.0,60.0,900.0,191.03700000000003,900.0,60.0,1116.744,33.34500000000003,1483.543,100.03599999999983,1681.61,60.0,0.2821570345664164,0.3986257650238485,0.35980285487137115,0.7178429654335836,0.6013742349761515,1
Geophysical_model575,/home/lyara/areswave/models/Geophysical_model575.nd,nd,UNK,,,900.0,60.0,900.0,191.03700000000003,900.0,60.0,1116.744,33.34500000000003,1483.543,100.03599999999983,1681.61,60.0,0.2821570345664164,0.3986257650238485,0.35980285487137115,0.7178429654335836,0.6013742349761515,1
Geophysical_model922,/home/lyara/areswave/models/Geophysical_model922.nd,nd,UNK,,,949.959,60.0,900.0,179.20600000000002,949.959,60.0,1133.142,33.305000000000064,1499.507,83.2650000000001,1680.897,60.0,0.3678061012363083,0.3563055765518339,0.36013908477999207,0.6321938987636917,0.6436944234481661,1
Geophysical_model250,/home/lyara/areswave/models/Geophysical_model250.nd,nd,UNK,,,1033.261,60.0,900.0,182.41499999999996,1033.261,60.0,1133.207,33.315000000000055,1499.676,83.28800000000001,1681.067,60.0,0.41301363552333537,0.3341332111900174,0.36042668596779004,0.5869863644766646,0.6658667888099826,1
AK_model_75,/home/lyara/areswave/models/AK_model_75.nd,nd,UNK,,,1055.732,60.0,825.114,51.24800000000005,1055.732,60.0,1286.349,51.24799999999982,1311.974,51.24800000000005,1698.307,60.0,0.22426265757532382,0.42852442618087516,0.36043716997902475,0.7757373424246762,0.5714755738191248,1
Geophysical_model547,/home/lyara/areswave/models/Geophysical_model547.nd,nd,UNK,,,1099.905,60.0,900.0,21.075000000000045,1099.905,60.0,1116.564,16.6579999999999,1466.397,99.95299999999997,1681.106,60.0,0.16471955001024396,0.4584666978423594,0.36055098189832097,0.835280449989756,0.5415333021576406,1
Geophysical_model662,/home/lyara/areswave/models/Geophysical_model662.nd,nd,UNK,,,1099.905,60.0,900.0,21.075000000000045,1099.905,60.0,1116.564,16.6579999999999,1466.397,99.95299999999997,1681.106,60.0,0.16471955001024396,0.4584666978423594,0.36055098189832097,0.835280449989756,0.5415333021576406,1
Geophysical_model724,/home/lyara/areswave/models/Geophysical_model724.nd,nd,UNK,,,1099.905,60.0,900.0,21.075000000000045,1099.905,60.0,1116.564,16.6579999999999,1466.397,99.95299999999997,1681.106,60.0,0.16471955001024396,0.4584666978423594,0.36055098189832097,0.835280449989756,0.5415333021576406,1
Geophysical_model309,/home/lyara/areswave/models/Geophysical_model309.nd,nd,UNK,,,1031.555,60.0,900.0,186.048,1031.555,60.0,1130.221,32.888999999999896,1491.996,82.221,1673.341,60.0,0.2580201181002294,0.41205950853538276,0.36071304505699836,0.7419798818997706,0.5879404914646172,1
Geophysical_model517,/home/lyara/areswave/models/Geophysical_model517.nd,nd,UNK,,,933.327,60.0,900.0,186.16499999999996,933.327,60.0,1116.628,16.663999999999987,1499.894,83.31899999999996,1681.286,60.0,0.31305831246937166,0.38456990936326296,0.3607327103986326,0.6869416875306283,0.615430090636737,1
Geophysical_model385,/home/lyara/areswave/models/Geophysical_model385.nd,nd,UNK,,,999.801,60.0,900.0,191.803,999.801,60.0,1116.236,16.63299999999981,1498.807,99.80099999999993,1680.192,60.0,0.4232277622143945,0.3301035635834091,0.3611449631270709,0.5767722377856055,0.6698964364165909,1
Geophysical_model479,/home/lyara/areswave/models/Geophysical_model479.nd,nd,UNK,,,983.998,60.0,876.544,187.64999999999998,983.998,60.0,1118.394,33.59899999999993,1487.983,100.79700000000003,1686.203,60.0,0.3286431069202854,0.3786292976152872,0.36196723405028663,0.6713568930797146,0.6213707023847128,1
Geophysical_model718,/home/lyara/areswave/models/Geophysical_model718.nd,nd,UNK,,,933.856,60.0,900.0,185.09900000000005,933.856,60.0,1120.061,33.855999999999995,1492.472,84.6389999999999,1690.849,60.0,0.20666272780523698,0.4397724697439255,0.3620692224310293,0.793337272194763,0.5602275302560745,1
Geophysical_model913,/home/lyara/areswave/models/Geophysical_model913.nd,nd,UNK,,,916.847,60.0,879.78,181.97699999999998,916.847,60.0,1119.005,33.69300000000021,1489.628,84.23299999999995,1687.906,60.0,0.3739688614224098,0.3563737702820905,0.3622388006621969,0.6260311385775902,0.6436262297179095,1
Geophysical_model513,/home/lyara/areswave/models/Geophysical_model513.nd,nd,UNK,,,916.847,60.0,879.78,181.97699999999998,916.847,60.0,1119.005,33.69300000000021,1489.628,84.23299999999995,1687.906,60.0,0.3739688614224098,0.3563737702820905,0.3622388006621969,0.6260311385775902,0.6436262297179095,1
Geophysical_model688,/home/lyara/areswave/models/Geophysical_model688.nd,nd,UNK,,,933.943,60.0,879.28,186.476,933.943,60.0,1120.631,33.942999999999984,1494.007,84.85800000000017,1692.437,60.0,0.2150114121992679,0.4360902908137001,0.362397331275556,0.7849885878007321,0.5639097091862999,1
Geophysical_model631,/home/lyara/areswave/models/Geophysical_model631.nd,nd,UNK,,,933.855,60.0,900.0,186.07600000000002,933.855,60.0,1120.056,33.85500000000002,1492.459,84.63700000000017,1690.835,60.0,0.3994756181345197,0.3441464797474004,0.36258952587644017,0.6005243818654803,0.6558535202525996,1
Geophysical_model666,/home/lyara/areswave/models/Geophysical_model666.nd,nd,UNK,,,900.0,60.0,900.0,179.90099999999995,900.0,60.0,1119.137,33.71399999999994,1473.128,101.14099999999985,1688.275,60.0,0.3398523768517243,0.37433120113588647,0.3628382597078324,0.6601476231482757,0.6256687988641135,1
Geophysical_model556,/home/lyara/areswave/models/Geophysical_model556.nd,nd,UNK,,,900.0,60.0,900.0,179.90099999999995,900.0,60.0,1119.137,33.71399999999994,1473.128,101.14099999999985,1688.275,60.0,0.3398523768517243,0.37433120113588647,0.3628382597078324,0.6601476231482757,0.6256687988641135,1
Geophysical_model252,/home/lyara/areswave/models/Geophysical_model252.nd,nd,UNK,,,950.33,60.0,900.0,194.29100000000005,950.33,60.0,1118.099,33.55300000000011,1453.635,117.4380000000001,1685.382,60.0,0.4031677603693803,0.3431289877842125,0.36314191197926843,0.5968322396306197,0.6568710122157875,1
Geophysical_model565,/home/lyara/areswave/models/Geophysical_model565.nd,nd,UNK,,,949.898,60.0,900.0,182.37599999999998,949.898,60.0,1132.856,33.2650000000001,1498.773,83.16300000000001,1680.159,60.0,0.20722162719610138,0.4413079631584892,0.3632791845043599,0.7927783728038986,0.5586920368415108,1
Geophysical_model968,/home/lyara/areswave/models/Geophysical_model968.nd,nd,UNK,,,949.898,60.0,900.0,182.37599999999998,949.898,60.0,1132.856,33.2650000000001,1498.773,83.16300000000001,1680.159,60.0,0.20722162719610138,0.4413079631584892,0.3632791845043599,0.7927783728038986,0.5586920368415108,1
Geophysical_model300,/home/lyara/areswave/models/Geophysical_model300.nd,nd,UNK,,,1033.261,60.0,900.0,184.61199999999997,1033.261,60.0,1133.207,33.315000000000055,1483.019,83.28800000000001,1681.067,60.0,0.35409322344340555,0.36810123210591694,0.3634318958850798,0.6459067765565945,0.6318987678940831,1
Geophysical_model491,/home/lyara/areswave/models/Geophysical_model491.nd,nd,UNK,,,1098.226,60.0,900.0,179.37300000000005,1098.226,60.0,1114.745,16.519000000000005,1445.122,99.11300000000006,1676.04,60.0,0.2795905872492124,0.40675550525706927,0.3643671992544503,0.7204094127507876,0.5932444947429307,1
AK_model_92,/home/lyara/areswave/models/AK_model_92.nd,nd,UNK,,,1080.172,60.0,777.645,27.502000000000066,1080.172,60.0,1272.689,27.50200000000018,1327.694,55.00499999999988,1730.346,60.0,0.3862434258454619,0.3537248456637756,0.36456437239100437,0.6137565741545381,0.6462751543362244,1
Geophysical_model222,/home/lyara/areswave/models/Geophysical_model222.nd,nd,UNK,,,1063.846,60.0,900.0,185.688,1063.846,60.0,1145.769,32.769000000000005,1489.845,65.53899999999999,1671.177,60.0,0.3190131696831605,0.3874879148316547,0.36466299978215666,0.6809868303168395,0.6125120851683453,1
AK_model_72,/home/lyara/areswave/models/AK_model_72.nd,nd,UNK,,,1026.606,60.0,795.967,25.627000000000066,1026.606,60.0,1282.873,76.88000000000011,1308.499,25.626999999999953,1695.104,60.0,0.21065280232543904,0.4420027343209254,0.36488609032242997,0.789347197674561,0.5579972656790746,1
Geophysical_model750,/home/lyara/areswave/models/Geophysical_model750.nd,nd,UNK,,,916.648,60.0,877.568,179.45600000000002,916.648,60.0,1116.419,16.64799999999991,1482.668,99.88499999999999,1680.704,60.0,0.364716206318653,0.36619975241596314,0.36570523705019314,0.635283793681347,0.6338002475840369,1
Geophysical_model935,/home/lyara/areswave/models/Geophysical_model935.nd,nd,UNK,,,933.4,60.0,876.829,185.365,933.4,60.0,1117.102,33.399999999999864,1484.505,83.5010000000002,1682.605,60.0,0.2767776768691508,0.410467526933332,0.3659042435786049,0.7232223231308492,0.589532473066668,1
Geophysical_model929,/home/lyara/areswave/models/Geophysical_model929.nd,nd,UNK,,,933.343,60.0,900.0,179.35500000000002,933.343,60.0,1116.73,33.343000000000075,1483.505,83.35800000000017,1681.57,60.0,0.32123530083517726,0.3886504904427587,0.36617876057356485,0.6787646991648227,0.6113495095572413,1
Geophysical_model808,/home/lyara/areswave/models/Geophysical_model808.nd,nd,UNK,,,916.724,60.0,900.0,188.91700000000003,916.724,60.0,1117.416,33.44800000000009,1468.626,83.62099999999987,1683.48,60.0,0.359811001516518,0.37017593939403004,0.36672096010152605,0.640188998483482,0.62982406060597,1
CD_model55,/home/lyara/areswave/models/CD_model55.nd,nd,UNK,,,,60.0,,60.0,,60.0,,60.0,,60.0,,60.0,0.34755834542312447,0.3763176634345792,0.3667312240974276,0.6524416545768755,0.6236823365654208,1
AK_model_64,/home/lyara/areswave/models/AK_model_64.nd,nd,UNK,,,998.537,60.0,795.118,25.42700000000002,998.537,60.0,1151.102,101.71000000000004,1354.521,76.28199999999993,1688.766,60.0,0.21210371553162766,0.44460662804249607,0.36710565720553995,0.7878962844683723,0.5553933719575039,1
Geophysical_model197,/home/lyara/areswave/models/Geophysical_model197.nd,nd,UNK,,,1049.881,60.0,900.0,183.15499999999997,1049.881,60.0,1133.149,33.307000000000016,1466.219,83.26800000000003,1680.916,60.0,0.3325431165422289,0.38471043504279123,0.36732132887593716,0.6674568834577711,0.6152895649572088,1
Geophysical_model601,/home/lyara/areswave/models/Geophysical_model601.nd,nd,UNK,,,916.693,60.0,877.681,178.54899999999998,916.693,60.0,1117.015,33.386000000000195,1484.271,83.46699999999987,1682.363,60.0,0.3757601505078958,0.36324503422591137,0.3674167396532395,0.6242398494921042,0.6367549657740886,1
Geophysical_model400,/home/lyara/areswave/models/Geophysical_model400.nd,nd,UNK,,,949.523,60.0,900.0,191.149,949.523,60.0,1114.598,16.507000000000062,1461.256,99.04499999999985,1675.63,60.0,0.21913036323744994,0.4415907356048213,0.3674372781490309,0.7808696367625501,0.5584092643951787,1
Geophysical_model506,/home/lyara/areswave/models/Geophysical_model506.nd,nd,UNK,,,1086.703,60.0,900.0,21.099000000000046,1086.703,60.0,1103.676,16.972999999999956,1460.108,118.81000000000017,1692.486,60.0,0.2631679190112661,0.4199105521048999,0.3676630077403553,0.7368320809887339,0.5800894478951001,1
CD_model72,/home/lyara/areswave/models/CD_model72.nd,nd,UNK,,,,60.0,,60.0,,60.0,,60.0,,60.0,,60.0,0.24921267393151247,0.427826223000752,0.36828837331100556,0.7507873260684875,0.572173776999248,1
Geophysical_model395,/home/lyara/areswave/models/Geophysical_model395.nd,nd,UNK,,,966.251,60.0,900.0,185.62599999999998,966.251,60.0,1115.315,16.562999999999874,1463.132,99.37599999999998,1677.628,60.0,0.27833422564182897,0.4137077199377225,0.36858322183909137,0.721665774358171,0.5862922800622775,1
Geophysical_model356,/home/lyara/areswave/models/Geophysical_model356.nd,nd,UNK,,,966.251,60.0,900.0,185.62599999999998,966.251,60.0,1115.315,16.562999999999874,1463.132,99.37599999999998,1677.628,60.0,0.27833422564182897,0.4137077199377225,0.36858322183909137,0.721665774358171,0.5862922800622775,1
Geophysical_model468,/home/lyara/areswave/models/Geophysical_model468.nd,nd,UNK,,,966.251,60.0,900.0,185.62599999999998,966.251,60.0,1115.315,16.562999999999874,1463.132,99.37599999999998,1677.628,60.0,0.27833422564182897,0.4137077199377225,0.36858322183909137,0.721665774358171,0.5862922800622775,1
Geophysical_model403,/home/lyara/areswave/models/Geophysical_model403.nd,nd,UNK,,,966.251,60.0,900.0,185.62599999999998,966.251,60.0,1115.315,16.562999999999874,1463.132,99.37599999999998,1677.628,60.0,0.27833422564182897,0.4137077199377225,0.36858322183909137,0.721665774358171,0.5862922800622775,1
Geophysical_model964,/home/lyara/areswave/models/Geophysical_model964.nd,nd,UNK,,,933.422,60.0,900.0,183.587,933.422,60.0,1117.244,33.423,1484.889,83.55599999999981,1683.002,60.0,0.18925514217457895,0.4593969328415567,0.36934966928589746,0.810744857825421,0.5406030671584433,1
Geophysical_model628,/home/lyara/areswave/models/Geophysical_model628.nd,nd,UNK,,,933.422,60.0,900.0,183.587,933.422,60.0,1117.244,33.423,1484.889,83.55599999999981,1683.002,60.0,0.18925514217457895,0.4593969328415567,0.36934966928589746,0.810744857825421,0.5406030671584433,1
Geophysical_model41,/home/lyara/areswave/models/Geophysical_model41.nd,nd,UNK,,,949.973,60.0,900.0,192.69399999999996,949.973,60.0,1116.548,16.656999999999925,1449.698,116.60299999999984,1681.061,60.0,0.3214208623498016,0.39389558298341,0.3697373427722072,0.6785791376501984,0.60610441701659,1
CD_model37,/home/lyara/areswave/models/CD_model37.nd,nd,UNK,,,,60.0,,60.0,,60.0,,60.0,,60.0,,60.0,0.2927394990689012,0.40860165344613564,0.36998093532039084,0.7072605009310988,0.5913983465538644,1
Geophysical_model880,/home/lyara/areswave/models/Geophysical_model880.nd,nd,UNK,,,916.693,60.0,877.556,179.548,916.693,60.0,1117.015,33.386000000000195,1484.271,83.46699999999987,1682.363,60.0,0.2981004178097474,0.4063032418346132,0.3702356338263246,0.7018995821902526,0.5936967581653868,1
Geophysical_model921,/home/lyara/areswave/models/Geophysical_model921.nd,nd,UNK,,,916.674,60.0,877.608,179.13699999999994,916.674,60.0,1116.766,33.347999999999956,1483.6,83.37099999999987,1681.669,60.0,0.28191241078974616,0.4146289228955873,0.37039008552697356,0.7180875892102538,0.5853710771044127,1
Geophysical_model237,/home/lyara/areswave/models/Geophysical_model237.nd,nd,UNK,,,949.523,60.0,900.0,190.596,949.523,60.0,1114.598,16.507000000000062,1461.256,99.04499999999985,1675.63,60.0,0.3369675158924449,0.38714817998548556,0.37042129195447204,0.6630324841075551,0.6128518200145144,1
Geophysical_model305,/home/lyara/areswave/models/Geophysical_model305.nd,nd,UNK,,,966.81,60.0,900.0,178.452,966.81,60.0,1117.132,33.40499999999997,1451.182,100.21499999999992,1682.69,60.0,0.24769730692859115,0.43210650054271316,0.37063676933800577,0.7523026930714088,0.5678934994572868,1
Geophysical_model809,/home/lyara/areswave/models/Geophysical_model809.nd,nd,UNK,,,916.969,60.0,878.195,196.24400000000003,916.969,60.0,1120.603,33.93900000000008,1493.931,84.84699999999998,1692.359,60.0,0.19338591730635546,0.4595293747121394,0.3708148889102114,0.8066140826936445,0.5404706252878606,1
Geophysical_model143,/home/lyara/areswave/models/Geophysical_model143.nd,nd,UNK,,,984.095,60.0,900.0,186.25400000000002,984.095,60.0,1118.647,33.63799999999992,1488.665,100.91399999999999,1686.91,60.0,0.3535146780532801,0.37971676974829194,0.370982739183288,0.6464853219467199,0.6202832302517081,1
Geophysical_model778,/home/lyara/areswave/models/Geophysical_model778.nd,nd,UNK,,,933.288,60.0,876.97,184.23699999999997,933.288,60.0,1116.374,16.644000000000005,1499.19,99.86500000000001,1680.578,60.0,0.2159085902088015,0.4487021350372906,0.3711042867611276,0.7840914097911985,0.5512978649627094,1
Geophysical_model966,/home/lyara/areswave/models/Geophysical_model966.nd,nd,UNK,,,950.781,60.0,900.0,183.639,950.781,60.0,1136.977,33.85400000000004,1492.442,67.70700000000011,1690.818,60.0,0.21129265508513095,0.4511084764622024,0.3711698693365119,0.788707344914869,0.5488915235377976,1
Geophysical_model138,/home/lyara/areswave/models/Geophysical_model138.nd,nd,UNK,,,982.921,60.0,900.0,196.41899999999998,982.921,60.0,1115.594,16.58400000000006,1463.861,116.08899999999994,1678.405,60.0,0.1986396497856343,0.4575724926159912,0.3712615450058722,0.8013603502143657,0.5424275073840088,1
Geophysical_model88,/home/lyara/areswave/models/Geophysical_model88.nd,nd,UNK,,,966.337,60.0,900.0,193.89700000000005,966.337,60.0,1115.594,16.58400000000006,1463.861,116.08899999999994,1678.405,60.0,0.30789884115465127,0.4029738300047413,0.3712821670547113,0.6921011588453487,0.5970261699952587,1
Geophysical_model37,/home/lyara/areswave/models/Geophysical_model37.nd,nd,UNK,,,966.337,60.0,900.0,193.89700000000005,966.337,60.0,1115.594,16.58400000000006,1463.861,116.08899999999994,1678.405,60.0,0.30789884115465127,0.4029738300047413,0.3712821670547113,0.6921011588453487,0.5970261699952587,1
Geophysical_model339,/home/lyara/areswave/models/Geophysical_model339.nd,nd,UNK,,,949.973,60.0,900.0,195.96500000000003,949.973,60.0,1116.548,16.656999999999925,1449.698,116.60299999999984,1681.061,60.0,0.3553946047603943,0.37935747454527546,0.37136985128364836,0.6446053952396057,0.6206425254547245,1
Geophysical_model499,/home/lyara/areswave/models/Geophysical_model499.nd,nd,UNK,,,949.973,60.0,900.0,195.96500000000003,949.973,60.0,1116.548,16.656999999999925,1449.698,116.60299999999984,1681.061,60.0,0.3553946047603943,0.37935747454527546,0.37136985128364836,0.6446053952396057,0.6206425254547245,1
Geophysical_model49,/home/lyara/areswave/models/Geophysical_model49.nd,nd,UNK,,,1096.615,60.0,900.0,187.058,1096.615,60.0,1145.769,32.769000000000005,1489.845,65.53899999999999,1671.177,60.0,0.3241915381394025,0.3958481999587796,0.37196264601898726,0.6758084618605975,0.6041518000412204,1
Geophysical_model820,/home/lyara/areswave/models/Geophysical_model820.nd,nd,UNK,,,950.007,60.0,900.0,178.976,950.007,60.0,1133.367,33.337999999999965,1483.418,66.67599999999993,1681.481,60.0,0.25936068553250935,0.42831634000428687,0.3719977885136944,0.7406393144674907,0.5716836599957131,1
Geophysical_model254,/home/lyara/areswave/models/Geophysical_model254.nd,nd,UNK,,,966.246,60.0,900.0,188.279,966.246,60.0,1115.299,16.560999999999922,1463.089,99.36900000000014,1677.583,60.0,0.37759549631802813,0.3692428960421522,0.37202709613411084,0.6224045036819719,0.6307571039578478,1
Geophysical_model423,/home/lyara/areswave/models/Geophysical_model423.nd,nd,UNK,,,966.246,60.0,900.0,188.279,966.246,60.0,1115.299,16.560999999999922,1463.089,99.36900000000014,1677.583,60.0,0.37759549631802813,0.3692428960421522,0.37202709613411084,0.6224045036819719,0.6307571039578478,1
Geophysical_model920,/home/lyara/areswave/models/Geophysical_model920.nd,nd,UNK,,,949.962,60.0,900.0,178.86800000000005,949.962,60.0,1133.157,33.30799999999999,1499.547,83.26999999999998,1680.937,60.0,0.3822797644026865,0.36701174617238974,0.37210108558248867,0.6177202355973135,0.6329882538276103,1
Geophysical_model615,/home/lyara/areswave/models/Geophysical_model615.nd,nd,UNK,,,900.0,60.0,900.0,21.485000000000014,900.0,60.0,1116.829,33.35799999999995,1467.092,100.07500000000005,1681.845,60.0,0.16892418639405793,0.4737484323796778,0.37214035038447113,0.8310758136059421,0.5262515676203222,1
Geophysical_model586,/home/lyara/areswave/models/Geophysical_model586.nd,nd,UNK,,,1099.57,60.0,900.0,21.057999999999993,1099.57,60.0,1116.201,16.631000000000085,1465.45,99.78499999999985,1680.096,60.0,0.37778716274705026,0.369375127181679,0.3721791390368027,0.6222128372529497,0.630624872818321,1
cd_model50,/home/lyara/areswave/models/cd_model50.npz,npz,UNK,,,,60.0,,60.0,,60.0,,60.0,,60.0,,60.0,0.4244456483228407,0.3461736036919636,0.3722642852355893,0.5755543516771593,0.6538263963080364,1
Geophysical_model647,/home/lyara/areswave/models/Geophysical_model647.nd,nd,UNK,,,916.648,60.0,877.465,180.284,916.648,60.0,1116.419,16.64799999999991,1499.315,99.88499999999999,1680.704,60.0,0.36797723133854554,0.37459706522909053,0.37239045393224224,0.6320227686614545,0.6254029347709095,1
Geophysical_model589,/home/lyara/areswave/models/Geophysical_model589.nd,nd,UNK,,,1086.489,60.0,900.0,21.26400000000001,1086.489,60.0,1103.443,16.952999999999975,1459.467,118.67499999999995,1691.782,60.0,0.254301830195963,0.43146290115249264,0.3724092108336494,0.745698169804037,0.5685370988475074,1
MD_model85,/home/lyara/areswave/models/MD_model85.nd,nd,UNK,,,997.953,60.0,716.651,183.928,997.953,60.0,1290.073,32.458000000000084,1333.35,86.55399999999986,1630.024,60.0,0.3773388158807308,0.36996418522296814,0.37242239544222233,0.6226611841192692,0.6300358147770319,1
Geophysical_model790,/home/lyara/areswave/models/Geophysical_model790.nd,nd,UNK,,,900.0,60.0,900.0,197.837,900.0,60.0,1104.416,17.035000000000082,1479.179,102.20799999999986,1694.72,60.0,0.3151949764980302,0.40126708619547946,0.3725763829629964,0.6848050235019698,0.5987329138045205,1
Geophysical_model861,/home/lyara/areswave/models/Geophysical_model861.nd,nd,UNK,,,949.959,60.0,900.0,179.64999999999998,949.959,60.0,1133.142,33.305000000000064,1499.507,83.2650000000001,1680.897,60.0,0.3699807759625444,0.374248179747674,0.37282571181929747,0.6300192240374556,0.625751820252326,1
Geophysical_model961,/home/lyara/areswave/models/Geophysical_model961.nd,nd,UNK,,,949.959,60.0,900.0,179.64999999999998,949.959,60.0,1133.142,33.305000000000064,1499.507,83.2650000000001,1680.897,60.0,0.3699807759625444,0.374248179747674,0.37282571181929747,0.6300192240374556,0.625751820252326,1
Geophysical_model674,/home/lyara/areswave/models/Geophysical_model674.nd,nd,UNK,,,916.672,60.0,900.0,180.51700000000005,916.672,60.0,1116.738,33.34500000000003,1483.524,83.36099999999988,1681.59,60.0,0.2813092202147932,0.4186548792198498,0.3728729928848309,0.7186907797852068,0.5813451207801502,1
Geophysical_model205,/home/lyara/areswave/models/Geophysical_model205.nd,nd,UNK,,,965.752,60.0,900.0,182.01,965.752,60.0,1113.693,16.437000000000126,1458.888,115.06499999999983,1673.108,60.0,0.22386822360862513,0.4482320437423871,0.3734441036977998,0.7761317763913749,0.5517679562576129,1
CD_model78,/home/lyara/areswave/models/CD_model78.nd,nd,UNK,,,,60.0,,60.0,,60.0,,60.0,,60.0,,60.0,0.25315758148883816,0.43396098488255885,0.3736931837513186,0.7468424185111618,0.5660390151174411,1
AK_model_20,/home/lyara/areswave/models/AK_model_20.nd,nd,UNK,,,1062.423,60.0,820.847,26.841999999999985,1062.423,60.0,1277.158,26.84199999999987,1330.842,53.68399999999997,1702.21,60.0,0.278268793074292,0.4214447411748464,0.3737194251413283,0.721731206925708,0.5785552588251536,1
Geophysical_model946,/home/lyara/areswave/models/Geophysical_model946.nd,nd,UNK,,,916.702,60.0,877.535,179.72000000000003,916.702,60.0,1117.126,33.403999999999996,1484.569,83.50999999999999,1682.671,60.0,0.26230492001517014,0.4296052508557694,0.37383847390890296,0.7376950799848299,0.5703947491442306,1
Geophysical_model496,/home/lyara/areswave/models/Geophysical_model496.nd,nd,UNK,,,1064.195,60.0,900.0,188.313,1064.195,60.0,1146.293,32.83899999999994,1474.684,65.67800000000011,1672.443,60.0,0.443376619938166,0.3397034330576595,0.3742611620178284,0.556623380061834,0.6602965669423405,1
AK_model_14,/home/lyara/areswave/models/AK_model_14.nd,nd,UNK,,,1026.729,60.0,807.065,24.406999999999925,1026.729,60.0,1270.801,97.62900000000013,1319.615,24.406999999999925,1671.438,60.0,0.2888824916827687,0.4171304061429858,0.3743811013229134,0.7111175083172313,0.5828695938570142,1
Geophysical_model54,/home/lyara/areswave/models/Geophysical_model54.nd,nd,UNK,,,1047.698,60.0,900.0,190.42999999999995,1047.698,60.0,1146.164,32.82199999999989,1490.792,65.64300000000003,1672.131,60.0,0.2730602742542537,0.4255639278151834,0.3747293766282069,0.7269397257457463,0.5744360721848166,1
Geophysical_model744,/home/lyara/areswave/models/Geophysical_model744.nd,nd,UNK,,,1088.067,60.0,900.0,20.639999999999986,1088.067,60.0,1105.164,17.09699999999998,1464.2,119.67900000000009,1696.976,60.0,0.3258390007410127,0.3992147221862382,0.374756148371163,0.6741609992589873,0.6007852778137618,1
Geophysical_model873,/home/lyara/areswave/models/Geophysical_model873.nd,nd,UNK,,,966.709,60.0,875.782,193.74599999999998,966.709,60.0,1133.481,33.35500000000002,1483.703,66.70900000000006,1681.776,60.0,0.3301692681661249,0.3972346245977001,0.37487950578717505,0.6698307318338751,0.6027653754022999,1
Geophysical_model830,/home/lyara/areswave/models/Geophysical_model830.nd,nd,UNK,,,966.709,60.0,875.782,193.74599999999998,966.709,60.0,1133.481,33.35500000000002,1483.703,66.70900000000006,1681.776,60.0,0.3301692681661249,0.3972346245977001,0.37487950578717505,0.6698307318338751,0.6027653754022999,1
Geophysical_model917,/home/lyara/areswave/models/Geophysical_model917.nd,nd,UNK,,,900.0,60.0,877.931,198.62300000000005,900.0,60.0,1104.357,34.05899999999997,1496.041,102.17899999999986,1694.541,60.0,0.22915977554440947,0.44784831131345515,0.37495213272377326,0.7708402244555905,0.5521516886865449,1
Geophysical_model533,/home/lyara/areswave/models/Geophysical_model533.nd,nd,UNK,,,900.0,60.0,877.931,198.62300000000005,900.0,60.0,1104.357,34.05899999999997,1496.041,102.17899999999986,1694.541,60.0,0.22915977554440947,0.44784831131345515,0.37495213272377326,0.7708402244555905,0.5521516886865449,1
Geophysical_model625,/home/lyara/areswave/models/Geophysical_model625.nd,nd,UNK,,,916.728,60.0,900.0,191.68600000000004,916.728,60.0,1117.467,33.455999999999904,1485.488,83.64100000000008,1683.622,60.0,0.4132028582336562,0.35586637240134633,0.37497853434544964,0.5867971417663438,0.6441336275986537,1
Geophysical_model735,/home/lyara/areswave/models/Geophysical_model735.nd,nd,UNK,,,900.0,60.0,900.0,179.56500000000005,900.0,60.0,1118.565,33.625,1488.445,100.87599999999998,1686.682,60.0,0.23301562645182272,0.44617364545316684,0.37512097245271886,0.7669843735481773,0.5538263545468332,1
AK_model_99,/home/lyara/areswave/models/AK_model_99.nd,nd,UNK,,,1043.821,60.0,773.927,26.989000000000033,1043.821,60.0,1286.726,53.97900000000004,1313.715,53.97900000000004,1712.601,60.0,0.2924591781769401,0.41677748336564413,0.3753380483027428,0.7075408218230599,0.5832225166343559,1
Geophysical_model447,/home/lyara/areswave/models/Geophysical_model447.nd,nd,UNK,,,1099.994,60.0,900.0,180.50199999999995,1099.994,60.0,1116.66,16.66599999999994,1449.983,99.99699999999984,1681.374,60.0,0.29970555202659455,0.41368517419457185,0.3756919668052461,0.7002944479734055,0.5863148258054282,1
Geophysical_model663,/home/lyara/areswave/models/Geophysical_model663.nd,nd,UNK,,,900.0,60.0,900.0,180.98299999999995,900.0,60.0,1119.116,33.710000000000036,1473.072,101.13099999999986,1688.215,60.0,0.2339067910162521,0.4466020120308287,0.3757036050259699,0.7660932089837479,0.5533979879691713,1
AK_model_19,/home/lyara/areswave/models/AK_model_19.nd,nd,UNK,,,1045.493,60.0,811.971,25.947000000000003,1045.493,60.0,1279.016,25.947000000000116,1330.909,51.89300000000003,1670.7,60.0,0.28655343861507554,0.42057613350125356,0.3759019018725276,0.7134465613849245,0.5794238664987464,1
Geophysical_model979,/home/lyara/areswave/models/Geophysical_model979.nd,nd,UNK,,,916.648,60.0,877.439,180.48900000000003,916.648,60.0,1116.419,16.64799999999991,1482.668,99.88499999999999,1680.704,60.0,0.23578671371476756,0.44605453770812764,0.3759652630436743,0.7642132862852324,0.5539454622918724,1
Geophysical_model264,/home/lyara/areswave/models/Geophysical_model264.nd,nd,UNK,,,966.81,60.0,900.0,179.33100000000002,966.81,60.0,1117.132,33.40499999999997,1451.182,100.21499999999992,1682.69,60.0,0.2685470060985734,0.4301191883521557,0.37626179426762824,0.7314529939014266,0.5698808116478443,1
Geophysical_model526,/home/lyara/areswave/models/Geophysical_model526.nd,nd,UNK,,,916.589,60.0,878.506,193.44399999999996,916.589,60.0,1115.651,16.588999999999942,1497.188,99.53100000000018,1678.564,60.0,0.3036570068596871,0.4129731069895156,0.37653440694623946,0.6963429931403129,0.5870268930104844,1
Geophysical_model844,/home/lyara/areswave/models/Geophysical_model844.nd,nd,UNK,,,933.261,60.0,900.0,184.55899999999997,933.261,60.0,1116.199,16.630999999999858,1498.706,99.78399999999988,1680.091,60.0,0.36281642397770775,0.3841446064298977,0.37703521227916764,0.6371835760222923,0.6158553935701023,1
Geophysical_model544,/home/lyara/areswave/models/Geophysical_model544.nd,nd,UNK,,,950.085,60.0,900.0,182.62099999999998,950.085,60.0,1133.728,33.3900000000001,1484.32,66.779,1682.414,60.0,0.3766728973051704,0.37729530874779227,0.37708783826691833,0.6233271026948296,0.6227046912522077,1
Geophysical_model538,/home/lyara/areswave/models/Geophysical_model538.nd,nd,UNK,,,950.085,60.0,900.0,182.62099999999998,950.085,60.0,1133.728,33.3900000000001,1484.32,66.779,1682.414,60.0,0.3766728973051704,0.37729530874779227,0.37708783826691833,0.6233271026948296,0.6227046912522077,1
MD_model97,/home/lyara/areswave/models/MD_model97.nd,nd,UNK,,,969.857,60.0,861.889,183.54600000000005,969.857,60.0,1293.761,32.391000000000076,1347.745,64.77999999999997,1633.027,60.0,0.30194625340892733,0.4150648646510273,0.3773586609036606,0.6980537465910727,0.5849351353489727,1
Geophysical_model770,/home/lyara/areswave/models/Geophysical_model770.nd,nd,UNK,,,950.781,60.0,900.0,183.56899999999996,950.781,60.0,1136.977,33.85400000000004,1492.442,67.70700000000011,1690.818,60.0,0.21834389326600123,0.456922221709971,0.3773961122286478,0.7816561067339988,0.543077778290029,1
Geophysical_model549,/home/lyara/areswave/models/Geophysical_model549.nd,nd,UNK,,,1098.51,60.0,900.0,24.052999999999997,1098.51,60.0,1115.052,16.54300000000012,1445.902,115.79700000000003,1676.896,60.0,0.1931352870244566,0.46982498143113394,0.3775950832955748,0.8068647129755434,0.5301750185688661,1
Geophysical_model259,/home/lyara/areswave/models/Geophysical_model259.nd,nd,UNK,,,984.104,60.0,876.799,185.60500000000002,984.104,60.0,1118.67,33.641000000000076,1488.726,100.9240000000002,1686.973,60.0,0.38157001255851064,0.37562681917507945,0.37760788363622316,0.6184299874414894,0.6243731808249205,1
Geophysical_model691,/home/lyara/areswave/models/Geophysical_model691.nd,nd,UNK,,,900.0,60.0,900.0,179.015,900.0,60.0,1119.258,33.73199999999997,1490.311,101.19599999999991,1688.613,60.0,0.34419652754192376,0.3944099901268977,0.3776721692652398,0.6558034724580762,0.6055900098731023,1
Geophysical_model656,/home/lyara/areswave/models/Geophysical_model656.nd,nd,UNK,,,900.0,60.0,900.0,179.015,900.0,60.0,1119.258,33.73199999999997,1490.311,101.19599999999991,1688.613,60.0,0.34419652754192376,0.3944099901268977,0.3776721692652398,0.6558034724580762,0.6055900098731023,1
Geophysical_model782,/home/lyara/areswave/models/Geophysical_model782.nd,nd,UNK,,,900.0,60.0,900.0,179.015,900.0,60.0,1119.258,33.73199999999997,1490.311,101.19599999999991,1688.613,60.0,0.34419652754192376,0.3944099901268977,0.3776721692652398,0.6558034724580762,0.6055900098731023,1
AK_model_39,/home/lyara/areswave/models/AK_model_39.nd,nd,UNK,,,1029.679,60.0,815.46,26.777000000000044,1029.679,60.0,1297.451,107.10899999999992,1431.337,160.664,1695.529,60.0,0.37955608467612834,0.37713517389407514,0.3779421441547595,0.6204439153238717,0.6228648261059249,1
Geophysical_model600,/home/lyara/areswave/models/Geophysical_model600.nd,nd,UNK,,,1098.51,60.0,900.0,23.878000000000043,1098.51,60.0,1115.052,16.54300000000012,1462.444,99.25500000000011,1676.896,60.0,0.2816399235335205,0.42632347574421103,0.3780956250073142,0.7183600764664795,0.573676524255789,1
Geophysical_model927,/home/lyara/areswave/models/Geophysical_model927.nd,nd,UNK,,,933.844,60.0,879.592,183.668,933.844,60.0,1119.984,33.84400000000005,1492.265,84.60900000000015,1690.635,60.0,0.3432706760829044,0.3956468685390596,0.37818813772034127,0.6567293239170956,0.6043531314609404,1
Geophysical_model898,/home/lyara/areswave/models/Geophysical_model898.nd,nd,UNK,,,916.672,60.0,877.434,180.529,916.672,60.0,1116.741,33.34500000000003,1483.532,83.36199999999985,1681.599,60.0,0.4043251615039313,0.36529663512410704,0.3783061439173818,0.5956748384960687,0.634703364875893,1
Geophysical_model800,/home/lyara/areswave/models/Geophysical_model800.nd,nd,UNK,,,1088.334,60.0,900.0,20.74000000000001,1088.334,60.0,1105.456,17.121000000000095,1465.003,102.72800000000007,1697.857,60.0,0.3626004657975631,0.38652818921185206,0.378552281407089,0.6373995342024369,0.6134718107881479,1
AK_model_63,/home/lyara/areswave/models/AK_model_63.nd,nd,UNK,,,996.13,60.0,793.624,25.313999999999965,996.13,60.0,1122.696,75.94000000000005,1325.202,75.93900000000008,1684.197,60.0,0.2545818969109337,0.44112057843343655,0.3789410179259356,0.7454181030890663,0.5588794215665635,1
Geophysical_model962,/home/lyara/areswave/models/Geophysical_model962.nd,nd,UNK,,,1085.282,60.0,900.0,29.508000000000038,1085.282,60.0,1102.126,16.84400000000005,1455.847,101.0630000000001,1687.809,60.0,0.25114039401498445,0.44429600533677116,0.37991080156284224,0.7488596059850156,0.5557039946632288,1
Geophysical_model930,/home/lyara/areswave/models/Geophysical_model930.nd,nd,UNK,,,1085.282,60.0,900.0,29.508000000000038,1085.282,60.0,1102.126,16.84400000000005,1455.847,101.0630000000001,1687.809,60.0,0.25114039401498445,0.44429600533677116,0.37991080156284224,0.7488596059850156,0.5557039946632288,1
Geophysical_model163,/home/lyara/areswave/models/Geophysical_model163.nd,nd,UNK,,,967.551,60.0,900.0,181.75800000000004,967.551,60.0,1119.539,33.774999999999864,1457.292,118.21299999999997,1689.395,60.0,0.23825561145269436,0.45094905683540953,0.38005124170783783,0.7617443885473056,0.5490509431645905,1
Geophysical_model906,/home/lyara/areswave/models/Geophysical_model906.nd,nd,UNK,,,916.577,60.0,900.0,196.183,916.577,60.0,1115.503,16.576999999999998,1480.2,99.46299999999997,1678.151,60.0,0.39298838134669534,0.37358893166468976,0.38005541489202493,0.6070116186533047,0.6264110683353102,1
Geophysical_model111,/home/lyara/areswave/models/Geophysical_model111.nd,nd,UNK,,,982.65,60.0,900.0,192.13,982.65,60.0,1114.889,16.5300000000002,1462.017,115.71000000000004,1676.44,60.0,0.2787963719221197,0.4311706931504006,0.3803792527409737,0.7212036280778803,0.5688293068495994,1
CD_model49,/home/lyara/areswave/models/CD_model49.nd,nd,UNK,,,,60.0,,60.0,,60.0,,60.0,,60.0,,60.0,0.27381215111620316,0.4338690128428,0.380516725600601,0.7261878488837968,0.5661309871572,1
CD_model48,/home/lyara/areswave/models/CD_model48.nd,nd,UNK,,,,60.0,,60.0,,60.0,,60.0,,60.0,,60.0,0.27381215111620316,0.4338690128428,0.380516725600601,0.7261878488837968,0.5661309871572,1
Geophysical_model731,/home/lyara/areswave/models/Geophysical_model731.nd,nd,UNK,,,1099.489,60.0,900.0,21.413999999999987,1099.489,60.0,1116.113,16.624000000000024,1465.218,99.74500000000012,1679.849,60.0,0.3385613058461937,0.40250378538461107,0.38118962553847197,0.6614386941538063,0.5974962146153889,1
Geophysical_model624,/home/lyara/areswave/models/Geophysical_model624.nd,nd,UNK,,,1099.489,60.0,900.0,21.413999999999987,1099.489,60.0,1116.113,16.624000000000024,1465.218,99.74500000000012,1679.849,60.0,0.3385613058461937,0.40250378538461107,0.38118962553847197,0.6614386941538063,0.5974962146153889,1
Geophysical_model588,/home/lyara/areswave/models/Geophysical_model588.nd,nd,UNK,,,916.714,60.0,900.0,191.837,916.714,60.0,1117.284,33.42800000000011,1468.281,83.57100000000014,1683.113,60.0,0.26346652342030674,0.44039341023717804,0.38141778129822096,0.7365334765796933,0.559606589762822,1
Geophysical_model61,/home/lyara/areswave/models/Geophysical_model61.nd,nd,UNK,,,982.649,60.0,900.0,184.15300000000002,982.649,60.0,1114.887,16.529999999999973,1462.012,115.70799999999986,1676.435,60.0,0.26908308226013256,0.4376621318894842,0.381469115346367,0.7309169177398674,0.5623378681105158,1
Geophysical_model941,/home/lyara/areswave/models/Geophysical_model941.nd,nd,UNK,,,900.0,60.0,900.0,29.79600000000005,900.0,60.0,1101.736,16.810999999999922,1488.396,100.86799999999994,1686.632,60.0,0.33482434293388297,0.4048388878446424,0.38150070620772264,0.665175657066117,0.5951611121553576,1
AK_model_74,/home/lyara/areswave/models/AK_model_74.nd,nd,UNK,,,1048.917,60.0,820.552,25.374000000000024,1048.917,60.0,1277.282,50.74799999999982,1328.03,50.74800000000005,1687.331,60.0,0.2936190707659938,0.4255024245906073,0.38154130664906943,0.7063809292340062,0.5744975754093927,1
Geophysical_model247,/home/lyara/areswave/models/Geophysical_model247.nd,nd,UNK,,,966.552,60.0,900.0,193.11,966.552,60.0,1116.294,16.63799999999992,1465.692,99.82799999999997,1680.354,60.0,0.36009104944362924,0.39253192616788324,0.38171830059313194,0.6399089505563708,0.6074680738321168,1
AK_model_91,/home/lyara/areswave/models/AK_model_91.nd,nd,UNK,,,1074.988,60.0,775.432,27.232999999999947,1074.988,60.0,1292.847,54.46399999999994,1320.08,54.46400000000017,1720.767,60.0,0.27037243205425576,0.43770541413154207,0.3819277534391133,0.7296275679457442,0.5622945858684579,1
Geophysical_model672,/home/lyara/areswave/models/Geophysical_model672.nd,nd,UNK,,,900.0,60.0,900.0,180.97199999999998,900.0,60.0,1119.116,33.710000000000036,1489.927,101.13099999999986,1688.215,60.0,0.3713524345719005,0.38832480039520423,0.38266734512076966,0.6286475654280995,0.6116751996047958,1
Geophysical_model427,/home/lyara/areswave/models/Geophysical_model427.nd,nd,UNK,,,949.973,60.0,900.0,194.57500000000005,949.973,60.0,1116.548,16.656999999999925,1449.698,99.94499999999994,1681.061,60.0,0.24726421655996722,0.4510125478600602,0.38309643742669586,0.7527357834400328,0.5489874521399398,1
Geophysical_model285,/home/lyara/areswave/models/Geophysical_model285.nd,nd,UNK,,,949.973,60.0,900.0,194.57500000000005,949.973,60.0,1116.548,16.656999999999925,1449.698,99.94499999999994,1681.061,60.0,0.24726421655996722,0.4510125478600602,0.38309643742669586,0.7527357834400328,0.5489874521399398,1
CD_model28,/home/lyara/areswave/models/CD_model28.nd,nd,UNK,,,,60.0,,60.0,,60.0,,60.0,,60.0,,60.0,0.21887182668127203,0.46568673363822166,0.3834150979859052,0.781128173318728,0.5343132663617783,1
CD_model74,/home/lyara/areswave/models/CD_model74.nd,nd,UNK,,,,60.0,,60.0,,60.0,,60.0,,60.0,,60.0,0.3474560210870461,0.4019996997866305,0.38381847355343574,0.6525439789129539,0.5980003002133695,1
AK_model_100,/home/lyara/areswave/models/AK_model_100.nd,nd,UNK,,,1074.576,60.0,802.778,27.180000000000064,1074.576,60.0,1292.015,54.36000000000013,1319.195,27.180000000000064,1719.458,60.0,0.2667747897856114,0.44264107608162717,0.3840189806496219,0.7332252102143886,0.5573589239183728,1
Geophysical_model813,/home/lyara/areswave/models/Geophysical_model813.nd,nd,UNK,,,933.856,60.0,900.0,185.649,933.856,60.0,1120.061,33.855999999999995,1492.472,84.6389999999999,1690.849,60.0,0.2348175117550595,0.459179282841918,0.38439202581296517,0.7651824882449405,0.540820717158082,1
Geophysical_model667,/home/lyara/areswave/models/Geophysical_model667.nd,nd,UNK,,,900.0,60.0,900.0,21.341999999999985,900.0,60.0,1100.223,33.371000000000095,1483.984,100.11099999999988,1682.066,60.0,0.25022642833120845,0.4515061051044881,0.3844128795133949,0.7497735716687915,0.5484938948955119,1
Geophysical_model357,/home/lyara/areswave/models/Geophysical_model357.nd,nd,UNK,,,949.68,60.0,900.0,188.74300000000005,949.68,60.0,1115.279,16.559999999999945,1446.478,99.3599999999999,1677.528,60.0,0.36863472382983475,0.39242180290281503,0.38449277654515496,0.6313652761701652,0.607578197097185,1
Geophysical_model810,/home/lyara/areswave/models/Geophysical_model810.nd,nd,UNK,,,966.616,60.0,900.0,178.75699999999995,966.616,60.0,1133.157,33.30799999999999,1499.547,83.26999999999998,1680.937,60.0,0.4029029160475116,0.37534533943623094,0.3845311983066579,0.5970970839524884,0.6246546605637691,1
Geophysical_model277,/home/lyara/areswave/models/Geophysical_model277.nd,nd,UNK,,,1099.994,60.0,900.0,181.19100000000003,1099.994,60.0,1116.66,16.66599999999994,1449.983,99.99699999999984,1681.374,60.0,0.3632641751879272,0.3953040862973515,0.38462411592754336,0.6367358248120728,0.6046959137026485,1
Geophysical_model410,/home/lyara/areswave/models/Geophysical_model410.nd,nd,UNK,,,1099.994,60.0,900.0,181.19100000000003,1099.994,60.0,1116.66,16.66599999999994,1449.983,99.99699999999984,1681.374,60.0,0.3632641751879272,0.3953040862973515,0.38462411592754336,0.6367358248120728,0.6046959137026485,1
Geophysical_model36,/home/lyara/areswave/models/Geophysical_model36.nd,nd,UNK,,,1049.308,60.0,900.0,180.20000000000005,1049.308,60.0,1132.256,33.17900000000009,1497.231,82.94900000000007,1678.607,60.0,0.27348612271375117,0.4408103389381698,0.38503560019669686,0.7265138772862488,0.5591896610618302,1
Geophysical_model162,/home/lyara/areswave/models/Geophysical_model162.nd,nd,UNK,,,983.983,60.0,900.0,186.25400000000002,983.983,60.0,1118.355,33.593000000000075,1487.879,100.779,1686.096,60.0,0.3399442660428227,0.40770738028209097,0.3851196755356682,0.6600557339571773,0.592292619717909,1
Geophysical_model27,/home/lyara/areswave/models/Geophysical_model27.nd,nd,UNK,,,983.983,60.0,900.0,186.25400000000002,983.983,60.0,1118.355,33.593000000000075,1487.879,100.779,1686.096,60.0,0.3399442660428227,0.40770738028209097,0.3851196755356682,0.6600557339571773,0.592292619717909,1
Geophysical_model745,/home/lyara/areswave/models/Geophysical_model745.nd,nd,UNK,,,916.716,60.0,875.992,192.06399999999996,916.716,60.0,1117.309,33.432000000000016,1451.63,83.57999999999993,1683.182,60.0,0.22864001459700967,0.4639512317694062,0.38551415937860734,0.7713599854029903,0.5360487682305938,1
Geophysical_model467,/home/lyara/areswave/models/Geophysical_model467.nd,nd,UNK,,,999.884,60.0,900.0,193.03599999999994,999.884,60.0,1116.415,16.646999999999935,1499.302,99.88400000000001,1680.691,60.0,0.2520012041629899,0.4525258196495032,0.38568428115399883,0.7479987958370101,0.5474741803504968,1
MD_model91,/home/lyara/areswave/models/MD_model91.nd,nd,UNK,,,1010.241,60.0,823.126,10.394999999999982,1010.241,60.0,1155.775,155.93000000000006,1301.31,166.32400000000007,1600.05,60.0,0.3884054093678786,0.3843957243587026,0.38573228602842796,0.6115945906321214,0.6156042756412974,1
Geophysical_model341,/home/lyara/areswave/models/Geophysical_model341.nd,nd,UNK,,,999.558,60.0,857.532,191.10400000000004,999.558,60.0,1115.708,16.592999999999847,1497.346,99.55799999999999,1678.723,60.0,0.3045461369083252,0.4263468375756241,0.38574660401985783,0.6954538630916748,0.5736531624243759,1
Geophysical_model51,/home/lyara/areswave/models/Geophysical_model51.nd,nd,UNK,,,983.004,60.0,878.652,192.13599999999997,983.004,60.0,1115.809,16.601000000000113,1481.025,116.20499999999993,1679.004,60.0,0.40091777193512734,0.37822189049655575,0.38578718430941294,0.5990822280648727,0.6217781095034443,1
Geophysical_model858,/home/lyara/areswave/models/Geophysical_model858.nd,nd,UNK,,,933.805,60.0,900.0,184.51800000000003,933.805,60.0,1119.733,33.805000000000064,1491.589,84.51299999999992,1689.935,60.0,0.38456248424226047,0.3870023930538211,0.3861890901166342,0.6154375157577395,0.6129976069461789,1
Geophysical_model521,/home/lyara/areswave/models/Geophysical_model521.nd,nd,UNK,,,966.806,60.0,900.0,176.74800000000005,966.806,60.0,1133.823,33.40299999999979,1484.557,66.80700000000002,1682.659,60.0,0.24525505026307626,0.45696929680535003,0.38639788129125874,0.7547449497369237,0.54303070319465,1
CD_model83,/home/lyara/areswave/models/CD_model83.nd,nd,UNK,,,,60.0,,60.0,,60.0,,60.0,,60.0,,60.0,0.44878119814001616,0.35523759994854365,0.3864187993457011,0.5512188018599838,0.6447624000514564,1
Geophysical_model229,/home/lyara/areswave/models/Geophysical_model229.nd,nd,UNK,,,965.752,60.0,900.0,181.72400000000005,965.752,60.0,1113.693,16.437000000000126,1458.888,115.06499999999983,1673.108,60.0,0.38898932381591755,0.38543963221000643,0.38662286274531016,0.6110106761840824,0.6145603677899936,1
Geophysical_model832,/home/lyara/areswave/models/Geophysical_model832.nd,nd,UNK,,,949.951,60.0,900.0,180.49300000000005,949.951,60.0,1116.453,16.65000000000009,1499.409,83.2510000000002,1680.798,60.0,0.3754024281321875,0.3926918306508199,0.3869286964779424,0.6245975718678125,0.6073081693491801,1
Geophysical_model167,/home/lyara/areswave/models/Geophysical_model167.nd,nd,UNK,,,984.407,60.0,861.42,192.90099999999995,984.407,60.0,1119.457,33.76299999999992,1490.847,101.28800000000001,1689.167,60.0,0.388048460221856,0.3873867801060914,0.38760734014467957,0.611951539778144,0.6126132198939086,1
Geophysical_model685,/home/lyara/areswave/models/Geophysical_model685.nd,nd,UNK,,,933.11,60.0,877.665,178.67700000000002,933.11,60.0,1115.217,16.554999999999836,1495.986,99.33100000000013,1677.355,60.0,0.19691608347472145,0.4833694156673516,0.38788497160314156,0.8030839165252786,0.5166305843326484,1
Geophysical_model286,/home/lyara/areswave/models/Geophysical_model286.nd,nd,UNK,,,949.973,60.0,900.0,197.89099999999996,949.973,60.0,1116.548,16.656999999999925,1449.698,99.94499999999994,1681.061,60.0,0.29290656377945834,0.43546598164956374,0.38794617569286194,0.7070934362205417,0.5645340183504363,1
Geophysical_model66,/home/lyara/areswave/models/Geophysical_model66.nd,nd,UNK,,,983.237,60.0,879.302,186.28300000000002,983.237,60.0,1116.417,16.64800000000014,1466.015,99.88400000000001,1680.698,60.0,0.32972382511138987,0.4173977061466252,0.3881730791348801,0.6702761748886101,0.5826022938533748,1
Geophysical_model318,/home/lyara/areswave/models/Geophysical_model318.nd,nd,UNK,,,983.209,60.0,878.051,197.538,983.209,60.0,1116.342,16.641999999999825,1465.818,116.49200000000019,1680.489,60.0,0.17878323202184354,0.4929234837901241,0.3882100665340305,0.8212167679781565,0.5070765162098759,1
Geophysical_model842,/home/lyara/areswave/models/Geophysical_model842.nd,nd,UNK,,,950.91,60.0,900.0,184.808,950.91,60.0,1120.608,33.940000000000055,1476.975,84.84899999999993,1692.373,60.0,0.3751242466185182,0.3948657018001469,0.388285216739604,0.6248757533814818,0.6051342981998531,1
Geophysical_model987,/home/lyara/areswave/models/Geophysical_model987.nd,nd,UNK,,,916.714,60.0,900.0,189.303,916.714,60.0,1117.284,33.42800000000011,1484.996,83.57100000000014,1683.113,60.0,0.29461760958197525,0.43540254545289225,0.3884742334959199,0.7053823904180248,0.5645974545471077,1
Geophysical_model399,/home/lyara/areswave/models/Geophysical_model399.nd,nd,UNK,,,1098.226,60.0,900.0,179.57600000000002,1098.226,60.0,1114.745,16.519000000000005,1445.122,99.11300000000006,1676.04,60.0,0.25649390730924126,0.4545731637309556,0.3885467449237175,0.7435060926907587,0.5454268362690444,1
AK_model_56,/home/lyara/areswave/models/AK_model_56.nd,nd,UNK,,,1018.998,60.0,842.972,25.146999999999935,1018.998,60.0,1144.731,100.58600000000001,1371.051,50.29300000000012,1678.679,60.0,0.3734269346268281,0.39618777340066547,0.38860082714271965,0.6265730653731719,0.6038122265993345,1
Geophysical_model747,/home/lyara/areswave/models/Geophysical_model747.nd,nd,UNK,,,900.0,60.0,900.0,29.783999999999992,900.0,60.0,1101.736,16.810999999999922,1471.585,100.86799999999994,1686.632,60.0,0.34808772721253334,0.4088920715648323,0.38862395678073264,0.6519122727874667,0.5911079284351677,1
Geophysical_model980,/home/lyara/areswave/models/Geophysical_model980.nd,nd,UNK,,,916.969,60.0,878.268,195.58399999999995,916.969,60.0,1120.603,33.93900000000008,1493.931,84.84699999999998,1692.359,60.0,0.2708907514055592,0.44756553045508907,0.3886739374385791,0.7291092485944408,0.5524344695449109,1
Geophysical_model619,/home/lyara/areswave/models/Geophysical_model619.nd,nd,UNK,,,916.969,60.0,878.268,195.58399999999995,916.969,60.0,1120.603,33.93900000000008,1493.931,84.84699999999998,1692.359,60.0,0.2708907514055592,0.44756553045508907,0.3886739374385791,0.7291092485944408,0.5524344695449109,1
Geophysical_model261,/home/lyara/areswave/models/Geophysical_model261.nd,nd,UNK,,,983.358,60.0,900.0,178.32600000000002,983.358,60.0,1116.73,33.343000000000075,1483.504,100.02999999999997,1681.569,60.0,0.3707229163996476,0.3977991147935014,0.38877371532888344,0.6292770836003524,0.6022008852064986,1
Geophysical_model153,/home/lyara/areswave/models/Geophysical_model153.nd,nd,UNK,,,983.358,60.0,900.0,178.32600000000002,983.358,60.0,1116.73,33.343000000000075,1483.504,100.02999999999997,1681.569,60.0,0.3707229163996476,0.3977991147935014,0.38877371532888344,0.6292770836003524,0.6022008852064986,1
Geophysical_model89,/home/lyara/areswave/models/Geophysical_model89.nd,nd,UNK,,,1000.663,60.0,900.0,199.83900000000006,1000.663,60.0,1134.88,33.55400000000009,1470.423,83.88599999999997,1685.394,60.0,0.42989178417982377,0.36878399951008756,0.3891532610666663,0.5701082158201762,0.6312160004899124,1
Geophysical_model989,/home/lyara/areswave/models/Geophysical_model989.nd,nd,UNK,,,966.597,60.0,900.0,179.63199999999995,966.597,60.0,1133.089,33.298,1499.372,83.2460000000001,1680.761,60.0,0.4638507092367604,0.3518660120308481,0.38919424443281886,0.5361492907632396,0.6481339879691519,1
Geophysical_model288,/home/lyara/areswave/models/Geophysical_model288.nd,nd,UNK,,,949.52,60.0,900.0,193.24900000000002,949.52,60.0,1114.585,16.507000000000062,1461.223,99.03999999999996,1675.595,60.0,0.4504312539787132,0.3586054015875345,0.38921401905126074,0.5495687460212868,0.6413945984124655,1
Geophysical_model715,/home/lyara/areswave/models/Geophysical_model715.nd,nd,UNK,,,900.0,60.0,900.0,180.03999999999996,900.0,60.0,1118.266,33.57899999999995,1470.849,100.73799999999983,1685.847,60.0,0.29556137785818026,0.436322384487959,0.38940204894469943,0.7044386221418197,0.563677615512041,1
Geophysical_model605,/home/lyara/areswave/models/Geophysical_model605.nd,nd,UNK,,,916.648,60.0,900.0,180.15800000000002,916.648,60.0,1116.419,16.64799999999991,1499.315,99.88499999999999,1680.704,60.0,0.4129663979823115,0.3782995715147125,0.3898551803372455,0.5870336020176885,0.6217004284852875,1
CD_model18,/home/lyara/areswave/models/CD_model18.nd,nd,UNK,,,,60.0,,60.0,,60.0,,60.0,,60.0,,60.0,0.2425113581079833,0.4636066302301618,0.3899082061894356,0.7574886418920167,0.5363933697698382,1
Geophysical_model170,/home/lyara/areswave/models/Geophysical_model170.nd,nd,UNK,,,1096.935,60.0,900.0,199.07799999999997,1096.935,60.0,1146.169,32.822999999999865,1490.805,65.64499999999998,1672.143,60.0,0.3722667478162184,0.398841194591245,0.3899830456662361,0.6277332521837816,0.601158805408755,1
Geophysical_model155,/home/lyara/areswave/models/Geophysical_model155.nd,nd,UNK,,,1096.935,60.0,900.0,199.07799999999997,1096.935,60.0,1146.169,32.822999999999865,1490.805,65.64499999999998,1672.143,60.0,0.3722667478162184,0.398841194591245,0.3899830456662361,0.6277332521837816,0.601158805408755,1
Geophysical_model174,/home/lyara/areswave/models/Geophysical_model174.nd,nd,UNK,,,999.816,60.0,900.0,195.88099999999997,999.816,60.0,1116.267,16.635999999999967,1498.893,99.81500000000005,1680.28,60.0,0.42468404528276416,0.3730044648865041,0.3902309916852575,0.5753159547172358,0.6269955351134959,1
Geophysical_model777,/home/lyara/areswave/models/Geophysical_model777.nd,nd,UNK,,,900.0,60.0,900.0,59.59699999999998,900.0,60.0,1101.608,33.60100000000011,1488.023,100.80399999999986,1686.245,60.0,0.2018557255284107,0.48460500552593644,0.39035524552676115,0.7981442744715893,0.5153949944740636,1
Geophysical_model804,/home/lyara/areswave/models/Geophysical_model804.nd,nd,UNK,,,900.0,60.0,900.0,59.59699999999998,900.0,60.0,1101.608,33.60100000000011,1488.023,100.80399999999986,1686.245,60.0,0.2018557255284107,0.48460500552593644,0.39035524552676115,0.7981442744715893,0.5153949944740636,1
Geophysical_model381,/home/lyara/areswave/models/Geophysical_model381.nd,nd,UNK,,,999.558,60.0,878.755,191.207,999.558,60.0,1115.708,16.592999999999847,1497.346,99.55799999999999,1678.723,60.0,0.29262975807974356,0.4395536912366712,0.3905790468510286,0.7073702419202564,0.5604463087633288,1
MD_model79,/home/lyara/areswave/models/MD_model79.nd,nd,UNK,,,991.345,60.0,742.39,10.372999999999934,991.345,60.0,1126.195,10.373000000000047,1354.404,93.35799999999995,1580.668,60.0,0.2998324833390327,0.4366172358116859,0.3910223183208015,0.7001675166609673,0.5633827641883141,1
Geophysical_model977,/home/lyara/areswave/models/Geophysical_model977.nd,nd,UNK,,,1086.703,60.0,900.0,21.20399999999995,1086.703,60.0,1103.676,16.972999999999956,1460.108,118.81000000000017,1692.486,60.0,0.376662228476884,0.39890921477670227,0.39149355267676283,0.623337771523116,0.6010907852232977,1
Geophysical_model713,/home/lyara/areswave/models/Geophysical_model713.nd,nd,UNK,,,916.672,60.0,877.403,180.774,916.672,60.0,1116.738,33.34500000000003,1483.524,83.36099999999988,1681.59,60.0,0.4120333713454363,0.3813816746807459,0.39159890690230936,0.5879666286545637,0.6186183253192541,1
Geophysical_model655,/home/lyara/areswave/models/Geophysical_model655.nd,nd,UNK,,,916.707,60.0,900.0,194.01800000000003,916.707,60.0,1117.197,33.414999999999964,1484.761,83.53800000000001,1682.87,60.0,0.3850325172812339,0.39490029258846326,0.39161103415272014,0.6149674827187661,0.6050997074115367,1
Geophysical_model928,/home/lyara/areswave/models/Geophysical_model928.nd,nd,UNK,,,916.707,60.0,900.0,194.01800000000003,916.707,60.0,1117.197,33.414999999999964,1484.761,83.53800000000001,1682.87,60.0,0.3850325172812339,0.39490029258846326,0.39161103415272014,0.6149674827187661,0.6050997074115367,1
Geophysical_model461,/home/lyara/areswave/models/Geophysical_model461.nd,nd,UNK,,,1031.853,60.0,900.0,187.83900000000006,1031.853,60.0,1130.743,32.96399999999994,1493.339,82.4079999999999,1674.693,60.0,0.2921866894466415,0.4415240094083268,0.39174490275443175,0.7078133105533585,0.5584759905916732,1
Geophysical_model306,/home/lyara/areswave/models/Geophysical_model306.nd,nd,UNK,,,1031.853,60.0,900.0,187.83900000000006,1031.853,60.0,1130.743,32.96399999999994,1493.339,82.4079999999999,1674.693,60.0,0.2921866894466415,0.4415240094083268,0.39174490275443175,0.7078133105533585,0.5584759905916732,1
Geophysical_model347,/home/lyara/areswave/models/Geophysical_model347.nd,nd,UNK,,,1031.853,60.0,900.0,187.83900000000006,1031.853,60.0,1130.743,32.96399999999994,1493.339,82.4079999999999,1674.693,60.0,0.2921866894466415,0.4415240094083268,0.39174490275443175,0.7078133105533585,0.5584759905916732,1
Geophysical_model788,/home/lyara/areswave/models/Geophysical_model788.nd,nd,UNK,,,900.0,60.0,900.0,178.308,900.0,60.0,1120.035,33.85100000000011,1492.403,101.55500000000006,1690.777,60.0,0.25027109345445575,0.463199185953867,0.39222315512072986,0.7497289065455442,0.536800814046133,1
Geophysical_model258,/home/lyara/areswave/models/Geophysical_model258.nd,nd,UNK,,,999.884,60.0,900.0,194.94500000000005,999.884,60.0,1116.415,16.646999999999935,1499.302,99.88400000000001,1680.691,60.0,0.43357636058776816,0.37178707615306394,0.3923835042979653,0.5664236394122318,0.628212923846936,1
MD_model62,/home/lyara/areswave/models/MD_model62.nd,nd,UNK,,,1060.259,60.0,730.357,182.015,1060.259,60.0,1276.401,193.39100000000008,1356.032,45.503999999999905,1696.852,60.0,0.4172766336826803,0.3812511367574135,0.39325963573250244,0.5827233663173197,0.6187488632425865,1
Geophysical_model338,/home/lyara/areswave/models/Geophysical_model338.nd,nd,UNK,,,983.209,60.0,878.088,197.21000000000004,983.209,60.0,1116.344,16.642000000000053,1465.824,116.49299999999994,1680.495,60.0,0.36647411292583765,0.4066740059909837,0.39327404163593505,0.6335258870741624,0.5933259940090163,1
MD_model78,/home/lyara/areswave/models/MD_model78.nd,nd,UNK,,,1001.327,60.0,824.502,10.40199999999993,1001.327,60.0,1136.547,166.42399999999998,1302.971,166.42399999999998,1591.73,60.0,0.3487459704446789,0.4157771753811478,0.3934334404023248,0.6512540295553211,0.5842228246188522,1
MD_model12,/home/lyara/areswave/models/MD_model12.nd,nd,UNK,,,998.179,60.0,812.363,10.322999999999979,998.179,60.0,1183.995,165.16999999999985,1442.073,185.81600000000003,1584.814,60.0,0.406074502072988,0.3872778342536958,0.3935433901934598,0.593925497927012,0.6127221657463042,1
Geophysical_model818,/home/lyara/areswave/models/Geophysical_model818.nd,nd,UNK,,,966.709,60.0,900.0,193.66600000000005,966.709,60.0,1133.481,33.35500000000002,1483.703,66.70900000000006,1681.776,60.0,0.24182523360536157,0.4697173389120244,0.3937533038098035,0.7581747663946384,0.5302826610879756,1
Geophysical_model932,/home/lyara/areswave/models/Geophysical_model932.nd,nd,UNK,,,966.597,60.0,900.0,179.61900000000003,966.597,60.0,1133.089,33.298,1499.372,83.2460000000001,1680.761,60.0,0.41241032740218775,0.3845434629233436,0.393832417749625,0.5875896725978123,0.6154565370766564,1
Geophysical_model931,/home/lyara/areswave/models/Geophysical_model931.nd,nd,UNK,,,1099.979,60.0,900.0,21.802999999999997,1099.979,60.0,1116.644,16.664999999999964,1466.608,116.6550000000002,1681.33,60.0,0.28314317938831557,0.449247397083123,0.39387932451818725,0.7168568206116844,0.550752602916877,1
Geophysical_model684,/home/lyara/areswave/models/Geophysical_model684.nd,nd,UNK,,,900.0,60.0,900.0,21.480000000000018,900.0,60.0,1116.854,33.36200000000008,1483.837,100.08699999999999,1681.914,60.0,0.39117304796648955,0.3954327876153686,0.39401287439907556,0.6088269520335104,0.6045672123846314,1
Geophysical_model134,/home/lyara/areswave/models/Geophysical_model134.nd,nd,UNK,,,982.649,60.0,876.764,185.889,982.649,60.0,1114.887,16.529999999999973,1462.012,115.70799999999986,1676.435,60.0,0.39115867061999576,0.39546057468871343,0.3940266066658076,0.6088413293800042,0.6045394253112866,1
Geophysical_model723,/home/lyara/areswave/models/Geophysical_model723.nd,nd,UNK,,,916.644,60.0,876.961,184.31500000000005,916.644,60.0,1116.374,16.644000000000005,1499.19,99.86500000000001,1680.578,60.0,0.324264237841286,0.4291422420241766,0.3941829072965464,0.675735762158714,0.5708577579758234,1
Geophysical_model608,/home/lyara/areswave/models/Geophysical_model608.nd,nd,UNK,,,916.644,60.0,876.961,184.31500000000005,916.644,60.0,1116.374,16.644000000000005,1499.19,99.86500000000001,1680.578,60.0,0.324264237841286,0.4291422420241766,0.3941829072965464,0.675735762158714,0.5708577579758234,1
AK_model_76,/home/lyara/areswave/models/AK_model_76.nd,nd,UNK,,,1050.178,60.0,796.314,25.38600000000008,1050.178,60.0,1278.655,50.77299999999991,1304.041,50.77300000000014,1688.733,60.0,0.31401801365950144,0.43475494487043576,0.39450930113345767,0.6859819863404986,0.5652450551295642,1
Geophysical_model629,/home/lyara/areswave/models/Geophysical_model629.nd,nd,UNK,,,900.0,60.0,900.0,21.486999999999966,900.0,60.0,1116.854,33.36200000000008,1483.837,100.08699999999999,1681.914,60.0,0.3101347640017198,0.43688129560328526,0.3946324517360968,0.6898652359982802,0.5631187043967147,1
Geophysical_model187,/home/lyara/areswave/models/Geophysical_model187.nd,nd,UNK,,,1016.434,60.0,877.254,181.96500000000003,1016.434,60.0,1132.867,33.26700000000005,1498.801,99.79999999999995,1680.187,60.0,0.3752028243310854,0.40436067269115905,0.39464138990446784,0.6247971756689146,0.595639327308841,1
Geophysical_model281,/home/lyara/areswave/models/Geophysical_model281.nd,nd,UNK,,,999.737,60.0,878.076,197.31600000000003,999.737,60.0,1116.097,16.623000000000047,1465.176,99.73700000000008,1679.805,60.0,0.40048305140607743,0.39175175112817007,0.3946621845541392,0.5995169485939226,0.6082482488718299,1
Geophysical_model828,/home/lyara/areswave/models/Geophysical_model828.nd,nd,UNK,,,966.709,60.0,900.0,193.61599999999999,966.709,60.0,1133.481,33.35500000000002,1483.703,66.70900000000006,1681.776,60.0,0.2698552845762022,0.4574464072609826,0.39491603303272244,0.7301447154237978,0.5425535927390174,1
AK_model_78,/home/lyara/areswave/models/AK_model_78.nd,nd,UNK,,,1047.5,60.0,794.889,25.260999999999967,1047.5,60.0,1249.589,75.7829999999999,1300.111,50.52299999999991,1683.921,60.0,0.24177868488285514,0.4716485225158149,0.3950252433048283,0.7582213151171449,0.5283514774841851,1
CD_model42,/home/lyara/areswave/models/CD_model42.nd,nd,UNK,,,,60.0,,60.0,,60.0,,60.0,,60.0,,60.0,0.4731437887674256,0.3564427086673285,0.3953430687006942,0.5268562112325744,0.6435572913326715,1
Geophysical_model80,/home/lyara/areswave/models/Geophysical_model80.nd,nd,UNK,,,1016.377,60.0,900.0,199.21400000000006,1016.377,60.0,1132.755,33.251000000000204,1498.512,99.75199999999995,1679.896,60.0,0.3638218902243062,0.4111825995128173,0.39539569641664696,0.6361781097756938,0.5888174004871827,1
AK_model_60,/home/lyara/areswave/models/AK_model_60.nd,nd,UNK,,,997.761,60.0,820.36,25.34299999999996,997.761,60.0,1175.162,101.37199999999984,1352.562,25.343000000000075,1686.32,60.0,0.36600657328488395,0.41010690382598436,0.3954067936456176,0.633993426715116,0.5898930961740156,1
Geophysical_model759,/home/lyara/areswave/models/Geophysical_model759.nd,nd,UNK,,,966.806,60.0,900.0,177.51700000000005,966.806,60.0,1133.823,33.40299999999979,1484.557,66.80700000000002,1682.659,60.0,0.4181172057848277,0.38414064841169426,0.39546616753607206,0.5818827942151723,0.6158593515883057,1
Geophysical_model137,/home/lyara/areswave/models/Geophysical_model137.nd,nd,UNK,,,966.251,60.0,900.0,186.97199999999998,966.251,60.0,1115.315,16.562999999999874,1463.132,99.37599999999998,1677.628,60.0,0.40601627190727796,0.390502431386358,0.395673711559998,0.593983728092722,0.609497568613642,1
Geophysical_model954,/home/lyara/areswave/models/Geophysical_model954.nd,nd,UNK,,,900.0,60.0,900.0,187.087,900.0,60.0,1116.17,16.62799999999993,1448.739,116.40000000000009,1680.009,60.0,0.3109371313750591,0.43807998537963233,0.3956990340447746,0.6890628686249409,0.5619200146203677,1
Geophysical_model245,/home/lyara/areswave/models/Geophysical_model245.nd,nd,UNK,,,967.7,60.0,900.0,181.096,967.7,60.0,1120.025,33.850000000000136,1458.525,118.47499999999991,1690.748,60.0,0.2712608580020004,0.45792715810063334,0.3957050580677557,0.7287391419979996,0.5420728418993667,1
CD_model51,/home/lyara/areswave/models/CD_model51.nd,nd,UNK,,,,60.0,,60.0,,60.0,,60.0,,60.0,,60.0,0.22920097062545464,0.47924299648639235,0.3958956545327464,0.7707990293745454,0.5207570035136077,1
Geophysical_model97,/home/lyara/areswave/models/Geophysical_model97.nd,nd,UNK,,,983.19,60.0,878.419,194.22500000000002,983.19,60.0,1116.294,16.63799999999992,1465.692,116.46600000000012,1680.354,60.0,0.3331993927057063,0.4273893700785508,0.39599271095426936,0.6668006072942937,0.5726106299214492,1
Geophysical_model440,/home/lyara/areswave/models/Geophysical_model440.nd,nd,UNK,,,966.559,60.0,900.0,181.32500000000005,966.559,60.0,1116.317,16.638999999999896,1449.111,99.83900000000017,1680.417,60.0,0.39038427608709503,0.3988100543524883,0.3960014615973572,0.609615723912905,0.6011899456475117,1
Geophysical_model752,/home/lyara/areswave/models/Geophysical_model752.nd,nd,UNK,,,933.856,60.0,900.0,185.07000000000005,933.856,60.0,1120.061,33.855999999999995,1458.617,84.6389999999999,1690.849,60.0,0.2682081814557383,0.45998762674475224,0.39606114498174766,0.7317918185442617,0.5400123732552478,1
Geophysical_model994,/home/lyara/areswave/models/Geophysical_model994.nd,nd,UNK,,,933.856,60.0,900.0,185.07000000000005,933.856,60.0,1120.061,33.855999999999995,1458.617,84.6389999999999,1690.849,60.0,0.2682081814557383,0.45998762674475224,0.39606114498174766,0.7317918185442617,0.5400123732552478,1
Geophysical_model754,/home/lyara/areswave/models/Geophysical_model754.nd,nd,UNK,,,933.856,60.0,900.0,185.07000000000005,933.856,60.0,1120.061,33.855999999999995,1458.617,84.6389999999999,1690.849,60.0,0.2682081814557383,0.45998762674475224,0.39606114498174766,0.7317918185442617,0.5400123732552478,1
Geophysical_model515,/home/lyara/areswave/models/Geophysical_model515.nd,nd,UNK,,,1099.766,60.0,900.0,22.442000000000007,1099.766,60.0,1116.413,16.646999999999935,1466.003,99.88300000000004,1680.686,60.0,0.4017365431070662,0.3934570420989161,0.3962168757682994,0.5982634568929338,0.6065429579010839,1
Geophysical_model430,/home/lyara/areswave/models/Geophysical_model430.nd,nd,UNK,,,982.965,60.0,878.763,191.13199999999995,982.965,60.0,1115.708,16.592999999999847,1497.346,99.55799999999999,1678.723,60.0,0.34343564521477576,0.422799926691676,0.39634516619937593,0.6565643547852242,0.577200073308324,1
Geophysical_model370,/home/lyara/areswave/models/Geophysical_model370.nd,nd,UNK,,,966.673,60.0,900.0,188.82299999999998,966.673,60.0,1116.688,33.33600000000001,1450.054,100.00999999999999,1681.453,60.0,0.25199453767085267,0.4688699429707366,0.39657814120410856,0.7480054623291473,0.5311300570292634,1
Geophysical_model803,/home/lyara/areswave/models/Geophysical_model803.nd,nd,UNK,,,1099.489,60.0,900.0,21.019000000000005,1099.489,60.0,1116.113,16.624000000000024,1465.218,99.74500000000012,1679.849,60.0,0.23870749519486745,0.475516589188272,0.39658022452380387,0.7612925048051326,0.524483410811728,1
Geophysical_model579,/home/lyara/areswave/models/Geophysical_model579.nd,nd,UNK,,,1099.489,60.0,900.0,21.019000000000005,1099.489,60.0,1116.113,16.624000000000024,1465.218,99.74500000000012,1679.849,60.0,0.23870749519486745,0.475516589188272,0.39658022452380387,0.7612925048051326,0.524483410811728,1
Geophysical_model107,/home/lyara/areswave/models/Geophysical_model107.nd,nd,UNK,,,983.232,60.0,900.0,182.33500000000004,983.232,60.0,1116.402,16.645999999999958,1465.975,116.52400000000011,1680.656,60.0,0.288405930665796,0.4513598192906946,0.39704185641572837,0.711594069334204,0.5486401807093054,1
Geophysical_model727,/home/lyara/areswave/models/Geophysical_model727.nd,nd,UNK,,,933.943,60.0,879.345,185.89099999999996,933.943,60.0,1120.631,33.942999999999984,1494.007,84.85800000000017,1692.437,60.0,0.43224352224245244,0.3798701453419262,0.39732793764210167,0.5677564777575476,0.6201298546580738,1
Geophysical_model609,/home/lyara/areswave/models/Geophysical_model609.nd,nd,UNK,,,933.943,60.0,879.345,185.89099999999996,933.943,60.0,1120.631,33.942999999999984,1494.007,84.85800000000017,1692.437,60.0,0.43224352224245244,0.3798701453419262,0.39732793764210167,0.5677564777575476,0.6201298546580738,1
Geophysical_model578,/home/lyara/areswave/models/Geophysical_model578.nd,nd,UNK,,,933.943,60.0,879.345,185.89099999999996,933.943,60.0,1120.631,33.942999999999984,1494.007,84.85800000000017,1692.437,60.0,0.43224352224245244,0.3798701453419262,0.39732793764210167,0.5677564777575476,0.6201298546580738,1
CD_model66,/home/lyara/areswave/models/CD_model66.nd,nd,UNK,,,,60.0,,60.0,,60.0,,60.0,,60.0,,60.0,0.27430850886993674,0.45902657359663124,0.3974538853543998,0.7256914911300633,0.5409734264033688,1
Geophysical_model147,/home/lyara/areswave/models/Geophysical_model147.nd,nd,UNK,,,1064.034,60.0,900.0,190.61,1064.034,60.0,1146.052,32.807000000000016,1490.524,65.6139999999998,1671.86,60.0,0.5275558833374969,0.3331653329867802,0.39796218310368575,0.4724441166625031,0.6668346670132198,1
MD_model76,/home/lyara/areswave/models/MD_model76.nd,nd,UNK,,,989.415,60.0,740.538,10.370000000000005,989.415,60.0,1124.223,176.288,1310.88,114.06899999999996,1578.639,60.0,0.3119988237443997,0.44194875809613776,0.39863211331222503,0.6880011762556003,0.5580512419038622,1
CD_model40,/home/lyara/areswave/models/CD_model40.nd,nd,UNK,,,,60.0,,60.0,,60.0,,60.0,,60.0,,60.0,0.1303793145225055,0.5328312342626138,0.39868059434924435,0.8696206854774945,0.46716876573738614,1
Geophysical_model244,/home/lyara/areswave/models/Geophysical_model244.nd,nd,UNK,,,1099.378,60.0,900.0,179.28300000000002,1099.378,60.0,1115.993,16.614000000000033,1431.674,99.68900000000008,1679.515,60.0,0.43507321840304025,0.38063835115248246,0.39878330690266833,0.5649267815969597,0.6193616488475175,1
Geophysical_model133,/home/lyara/areswave/models/Geophysical_model133.nd,nd,UNK,,,1098.133,60.0,900.0,196.67700000000002,1098.133,60.0,1147.666,16.510999999999967,1494.399,66.04399999999987,1675.759,60.0,0.3807361898741358,0.40819975420363996,0.3990452327604719,0.6192638101258642,0.59180024579636,1
Geophysical_model266,/home/lyara/areswave/models/Geophysical_model266.nd,nd,UNK,,,949.973,60.0,900.0,197.60500000000002,949.973,60.0,1116.548,16.656999999999925,1449.698,99.94499999999994,1681.061,60.0,0.3631241933985784,0.41708719783462844,0.3990995296892785,0.6368758066014216,0.5829128021653716,1
Geophysical_model209,/home/lyara/areswave/models/Geophysical_model209.nd,nd,UNK,,,1033.403,60.0,900.0,187.39999999999998,1033.403,60.0,1133.456,16.675000000000182,1483.64,66.702,1681.71,60.0,0.454120668401263,0.3717756447763376,0.39922398598464603,0.545879331598737,0.6282243552236624,1
Gudkova,/home/lyara/areswave/models/Gudkova.nd,nd,UNK,,,819.32,60.0,819.32,307.727,819.32,60.0,1174.566,16.70399999999995,1443.681,39.91800000000012,1567.533,90.13499999999999,0.19730986476657753,0.5003749239163333,0.39935323753308144,0.8026901352334225,0.49962507608366663,1
Geophysical_model312,/home/lyara/areswave/models/Geophysical_model312.nd,nd,UNK,,,966.712,60.0,878.564,192.92499999999995,966.712,60.0,1116.813,33.355999999999995,1483.727,100.06700000000001,1681.8,60.0,0.3193668613851358,0.4402682338542283,0.3999677763645308,0.6806331386148642,0.5597317661457717,1
Geophysical_model386,/home/lyara/areswave/models/Geophysical_model386.nd,nd,UNK,,,967.7,60.0,900.0,181.90800000000002,967.7,60.0,1120.025,33.850000000000136,1458.525,118.47499999999991,1690.748,60.0,0.3104129696204727,0.4450223465312717,0.40015255422767204,0.6895870303795273,0.5549776534687283,1
Geophysical_model397,/home/lyara/areswave/models/Geophysical_model397.nd,nd,UNK,,,967.7,60.0,900.0,181.90800000000002,967.7,60.0,1120.025,33.850000000000136,1458.525,118.47499999999991,1690.748,60.0,0.3104129696204727,0.4450223465312717,0.40015255422767204,0.6895870303795273,0.5549776534687283,1
Geophysical_model719,/home/lyara/areswave/models/Geophysical_model719.nd,nd,UNK,,,917.055,60.0,877.919,198.72500000000002,917.055,60.0,1121.71,34.108999999999924,1496.91,102.327,1695.441,60.0,0.332613381131993,0.4339776449913936,0.4001895570382601,0.667386618868007,0.5660223550086064,1
Geophysical_model481,/home/lyara/areswave/models/Geophysical_model481.nd,nd,UNK,,,1096.615,60.0,900.0,187.25699999999995,1096.615,60.0,1145.769,32.769000000000005,1489.845,65.53899999999999,1671.177,60.0,0.37384554442080653,0.41383708805298614,0.4005065735089263,0.6261544555791935,0.5861629119470139,1
Geophysical_model459,/home/lyara/areswave/models/Geophysical_model459.nd,nd,UNK,,,966.557,60.0,877.418,180.65499999999997,966.557,60.0,1116.31,16.639000000000124,1465.734,99.83500000000004,1680.4,60.0,0.4365282323765728,0.38249786900428895,0.4005079901283836,0.5634717676234272,0.617502130995711,1
Geophysical_model271,/home/lyara/areswave/models/Geophysical_model271.nd,nd,UNK,,,1016.377,60.0,900.0,198.875,1016.377,60.0,1116.129,33.251000000000204,1498.512,99.75199999999995,1679.896,60.0,0.25992069206656065,0.47103848441916085,0.40066588696829414,0.7400793079334393,0.5289615155808391,1
Geophysical_model460,/home/lyara/areswave/models/Geophysical_model460.nd,nd,UNK,,,1016.377,60.0,900.0,198.875,1016.377,60.0,1116.129,33.251000000000204,1498.512,99.75199999999995,1679.896,60.0,0.25992069206656065,0.47103848441916085,0.40066588696829414,0.7400793079334393,0.5289615155808391,1
Geophysical_model865,/home/lyara/areswave/models/Geophysical_model865.nd,nd,UNK,,,933.943,60.0,900.0,185.74,933.943,60.0,1120.631,33.942999999999984,1494.007,84.85800000000017,1692.437,60.0,0.4131114531417823,0.39528446964377006,0.4012267974764408,0.5868885468582177,0.6047155303562299,1
Geophysical_model936,/home/lyara/areswave/models/Geophysical_model936.nd,nd,UNK,,,1086.703,60.0,900.0,21.596000000000004,1086.703,60.0,1103.676,16.972999999999956,1460.108,118.81000000000017,1692.486,60.0,0.3711686241931085,0.41640707387553566,0.40132759064805995,0.6288313758068915,0.5835929261244643,1
AK_model_52,/home/lyara/areswave/models/AK_model_52.nd,nd,UNK,,,1026.612,60.0,827.005,24.951000000000022,1026.612,60.0,1276.121,74.85200000000009,1301.072,24.951000000000022,1681.933,60.0,0.4885066117303076,0.35789435048382057,0.40143177089931625,0.5114933882696924,0.6421056495161794,1
AK_model_61,/home/lyara/areswave/models/AK_model_61.nd,nd,UNK,,,1018.991,60.0,817.395,25.198999999999955,1018.991,60.0,1119.789,100.798,1371.784,75.59799999999996,1679.704,60.0,0.39953781429516544,0.4025742236088887,0.401562087170981,0.6004621857048346,0.5974257763911113,1
Geophysical_model824,/home/lyara/areswave/models/Geophysical_model824.nd,nd,UNK,,,900.0,60.0,900.0,188.077,900.0,60.0,1115.838,16.60200000000009,1464.498,116.22000000000003,1679.083,60.0,0.268952229218379,0.4681612395784258,0.4017582361250769,0.731047770781621,0.5318387604215742,1
Geophysical_model200,/home/lyara/areswave/models/Geophysical_model200.nd,nd,UNK,,,933.606,60.0,900.0,183.88699999999994,933.606,60.0,1101.635,16.80300000000011,1437.694,117.62099999999987,1686.328,60.0,0.3995796914179661,0.40353261674563945,0.40221497496974834,0.6004203085820339,0.5964673832543606,1
Geophysical_model522,/home/lyara/areswave/models/Geophysical_model522.nd,nd,UNK,,,916.711,60.0,877.48,180.159,916.711,60.0,1117.248,33.423,1484.898,83.55700000000002,1683.012,60.0,0.33147254116535185,0.43785299352346296,0.4023928427374259,0.6685274588346481,0.562147006476537,1
Geophysical_model641,/home/lyara/areswave/models/Geophysical_model641.nd,nd,UNK,,,916.669,60.0,877.464,180.28499999999997,916.669,60.0,1116.699,33.337999999999965,1483.42,83.346,1681.482,60.0,0.3669154693735296,0.42027640160360313,0.4024894241935786,0.6330845306264704,0.5797235983963969,1
Geophysical_model462,/home/lyara/areswave/models/Geophysical_model462.nd,nd,UNK,,,1030.985,60.0,900.0,189.88199999999995,1030.985,60.0,1129.223,32.746000000000095,1489.43,81.86500000000001,1670.76,60.0,0.3896964893942193,0.40899898002485424,0.4025648164813093,0.6103035106057807,0.5910010199751458,1
Geophysical_model676,/home/lyara/areswave/models/Geophysical_model676.nd,nd,UNK,,,1050.167,60.0,900.0,21.375999999999976,1050.167,60.0,1100.223,33.371000000000095,1483.984,100.11099999999988,1682.066,60.0,0.291459607032877,0.4581419595760168,0.4025811753949702,0.708540392967123,0.5418580404239832,1
Geophysical_model760,/home/lyara/areswave/models/Geophysical_model760.nd,nd,UNK,,,1050.167,60.0,900.0,21.375999999999976,1050.167,60.0,1100.223,33.371000000000095,1483.984,100.11099999999988,1682.066,60.0,0.291459607032877,0.4581419595760168,0.4025811753949702,0.708540392967123,0.5418580404239832,1
Geophysical_model677,/home/lyara/areswave/models/Geophysical_model677.nd,nd,UNK,,,1050.167,60.0,900.0,21.375999999999976,1050.167,60.0,1100.223,33.371000000000095,1483.984,100.11099999999988,1682.066,60.0,0.291459607032877,0.4581419595760168,0.4025811753949702,0.708540392967123,0.5418580404239832,1
Geophysical_model751,/home/lyara/areswave/models/Geophysical_model751.nd,nd,UNK,,,1050.167,60.0,900.0,21.375999999999976,1050.167,60.0,1100.223,33.371000000000095,1483.984,100.11099999999988,1682.066,60.0,0.291459607032877,0.4581419595760168,0.4025811753949702,0.708540392967123,0.5418580404239832,1
Geophysical_model671,/home/lyara/areswave/models/Geophysical_model671.nd,nd,UNK,,,1099.625,60.0,900.0,21.470000000000027,1099.625,60.0,1116.26,16.635999999999967,1465.604,99.81200000000013,1680.261,60.0,0.39406612285426634,0.4068997959946148,0.40262190494783195,0.6059338771457337,0.5931002040053852,1
Geophysical_model630,/home/lyara/areswave/models/Geophysical_model630.nd,nd,UNK,,,916.693,60.0,877.619,179.04700000000003,916.693,60.0,1117.015,33.386000000000195,1484.271,83.46699999999987,1682.363,60.0,0.22595957922282595,0.4909829607464472,0.4026418335719068,0.774040420777174,0.5090170392535528,1
Geophysical_model272,/home/lyara/areswave/models/Geophysical_model272.nd,nd,UNK,,,949.973,60.0,900.0,197.75400000000002,949.973,60.0,1116.548,16.656999999999925,1449.698,99.94499999999994,1681.061,60.0,0.269614406752657,0.46967104424132766,0.40298549841177084,0.730385593247343,0.5303289557586723,1
Geophysical_model596,/home/lyara/areswave/models/Geophysical_model596.nd,nd,UNK,,,900.0,60.0,900.0,178.56500000000005,900.0,60.0,1118.724,33.65000000000009,1472.049,100.94900000000007,1687.125,60.0,0.27023936344237875,0.46965027765350875,0.4031799729164654,0.7297606365576212,0.5303497223464912,1
Geophysical_model729,/home/lyara/areswave/models/Geophysical_model729.nd,nd,UNK,,,1088.334,60.0,900.0,20.706000000000017,1088.334,60.0,1105.456,17.121000000000095,1465.003,102.72800000000007,1697.857,60.0,0.2502597909457337,0.4798037042029001,0.4032890664505113,0.7497402090542663,0.5201962957970999,1
Geophysical_model561,/home/lyara/areswave/models/Geophysical_model561.nd,nd,UNK,,,900.0,60.0,900.0,22.397000000000048,900.0,60.0,1101.621,16.801999999999907,1488.061,100.81099999999992,1686.284,60.0,0.2958404096092274,0.4570142031654195,0.40328960531335545,0.7041595903907726,0.5429857968345805,1
Geophysical_model85,/home/lyara/areswave/models/Geophysical_model85.nd,nd,UNK,,,1031.784,60.0,900.0,187.68499999999995,1031.784,60.0,1130.622,32.94600000000014,1476.554,82.36500000000001,1674.378,60.0,0.40046124288675733,0.404784121326087,0.4033431618463104,0.5995387571132427,0.595215878673913,1
Geophysical_model740,/home/lyara/areswave/models/Geophysical_model740.nd,nd,UNK,,,1098.51,60.0,900.0,23.918000000000006,1098.51,60.0,1115.052,16.54300000000012,1462.444,99.25500000000011,1676.896,60.0,0.45911974851949844,0.3761496236515053,0.4038063319408363,0.5408802514805016,0.6238503763484947,1
Geophysical_model210,/home/lyara/areswave/models/Geophysical_model210.nd,nd,UNK,,,984.407,60.0,861.669,191.654,984.407,60.0,1119.457,33.76299999999992,1490.847,101.28800000000001,1689.167,60.0,0.25271813327552917,0.47954919425883025,0.40393884059772994,0.7472818667244708,0.5204508057411698,1
Geophysical_model714,/home/lyara/areswave/models/Geophysical_model714.nd,nd,UNK,,,900.0,60.0,900.0,21.451000000000022,900.0,60.0,1116.78,33.350999999999885,1483.638,100.05199999999991,1681.708,60.0,0.3373487229590174,0.4376392613197799,0.4042090818661925,0.6626512770409826,0.5623607386802201,1
Geophysical_model332,/home/lyara/areswave/models/Geophysical_model332.nd,nd,UNK,,,1063.97,60.0,900.0,188.12900000000002,1063.97,60.0,1145.955,32.79399999999987,1490.293,65.58799999999997,1671.628,60.0,0.3224063176723856,0.44522091877997894,0.40428271841078117,0.6775936823276144,0.5547790812200211,1
Geophysical_model344,/home/lyara/areswave/models/Geophysical_model344.nd,nd,UNK,,,1063.97,60.0,900.0,188.12900000000002,1063.97,60.0,1145.955,32.79399999999987,1490.293,65.58799999999997,1671.628,60.0,0.3224063176723856,0.44522091877997894,0.40428271841078117,0.6775936823276144,0.5547790812200211,1
Geophysical_model826,/home/lyara/areswave/models/Geophysical_model826.nd,nd,UNK,,,1088.334,60.0,900.0,20.698999999999955,1088.334,60.0,1105.456,17.121000000000095,1465.003,119.85000000000014,1697.857,60.0,0.308870809861719,0.45220322161211923,0.40442575102865247,0.691129190138281,0.5477967783878808,1
Geophysical_model190,/home/lyara/areswave/models/Geophysical_model190.nd,nd,UNK,,,966.508,60.0,900.0,193.79899999999998,966.508,60.0,1116.152,16.626999999999953,1465.32,99.76199999999994,1679.958,60.0,0.257023166587973,0.47832844542360364,0.40456001914506007,0.742976833412027,0.5216715545763964,1
Geophysical_model53,/home/lyara/areswave/models/Geophysical_model53.nd,nd,UNK,,,966.508,60.0,900.0,193.79899999999998,966.508,60.0,1116.152,16.626999999999953,1465.32,99.76199999999994,1679.958,60.0,0.257023166587973,0.47832844542360364,0.40456001914506007,0.742976833412027,0.5216715545763964,1
Geophysical_model208,/home/lyara/areswave/models/Geophysical_model208.nd,nd,UNK,,,966.508,60.0,900.0,193.79899999999998,966.508,60.0,1116.152,16.626999999999953,1465.32,99.76199999999994,1679.958,60.0,0.257023166587973,0.47832844542360364,0.40456001914506007,0.742976833412027,0.5216715545763964,1
Geophysical_model756,/home/lyara/areswave/models/Geophysical_model756.nd,nd,UNK,,,949.989,60.0,900.0,199.91499999999996,949.989,60.0,1116.619,16.66300000000001,1483.204,83.31500000000005,1681.259,60.0,0.36405310112477196,0.4248836159647563,0.40460677768476155,0.635946898875228,0.5751163840352437,1
Geophysical_model227,/home/lyara/areswave/models/Geophysical_model227.nd,nd,UNK,,,967.56,60.0,879.511,184.39700000000005,967.56,60.0,1119.571,33.77999999999997,1457.372,101.34000000000015,1689.483,60.0,0.2637810706000232,0.4750670721556287,0.40463840497042686,0.7362189293999768,0.5249329278443713,1
CD_model41,/home/lyara/areswave/models/CD_model41.nd,nd,UNK,,,,60.0,,60.0,,60.0,,60.0,,60.0,,60.0,0.38328112308639284,0.41538133900339336,0.40468126703105983,0.6167188769136072,0.5846186609966066,1
Geophysical_model154,/home/lyara/areswave/models/Geophysical_model154.nd,nd,UNK,,,1096.756,60.0,900.0,198.57399999999996,1096.756,60.0,1145.945,32.79299999999989,1490.267,65.58500000000004,1671.602,60.0,0.40753215119723196,0.40336869902959827,0.40475651641880955,0.592467848802768,0.5966313009704017,1
AK_model_43,/home/lyara/areswave/models/AK_model_43.nd,nd,UNK,,,1028.345,60.0,817.934,26.30200000000002,1028.345,60.0,1291.359,105.2059999999999,1475.469,157.80899999999997,1685.454,60.0,0.3081812918163246,0.45352675337108217,0.40507826618616294,0.6918187081836754,0.5464732466289178,1
Geophysical_model404,/home/lyara/areswave/models/Geophysical_model404.nd,nd,UNK,,,966.706,60.0,900.0,186.46400000000006,966.706,60.0,1116.796,33.353000000000065,1467.004,100.05999999999995,1681.752,60.0,0.31874549804567653,0.44843360541717403,0.4052042362933415,0.6812545019543235,0.551566394582826,1
Geophysical_model638,/home/lyara/areswave/models/Geophysical_model638.nd,nd,UNK,,,916.693,60.0,877.71,178.31899999999996,916.693,60.0,1117.015,33.386000000000195,1484.271,83.46699999999987,1682.363,60.0,0.29208645915514986,0.46249060873301573,0.4056892255403938,0.7079135408448501,0.5375093912669843,1
Geophysical_model730,/home/lyara/areswave/models/Geophysical_model730.nd,nd,UNK,,,933.948,60.0,900.0,185.625,933.948,60.0,1120.665,33.947999999999865,1494.098,84.87099999999987,1692.531,60.0,0.30738898026838224,0.4549091967773985,0.4057357912743931,0.6926110197316178,0.5450908032226015,1
Geophysical_model825,/home/lyara/areswave/models/Geophysical_model825.nd,nd,UNK,,,916.714,60.0,876.157,190.74599999999998,916.714,60.0,1117.284,33.42800000000011,1484.996,83.57100000000014,1683.113,60.0,0.3364745053919086,0.4403718672005764,0.40573941326435375,0.6635254946080914,0.5596281327994236,1
Geophysical_model872,/home/lyara/areswave/models/Geophysical_model872.nd,nd,UNK,,,916.706,60.0,876.388,188.89300000000003,916.706,60.0,1117.178,33.412000000000035,1484.711,83.52999999999997,1682.818,60.0,0.34385176864305544,0.43672363997941177,0.4057663495339597,0.6561482313569446,0.5632763600205882,1
Geophysical_model48,/home/lyara/areswave/models/Geophysical_model48.nd,nd,UNK,,,1047.698,60.0,900.0,190.58799999999997,1047.698,60.0,1146.164,32.82199999999989,1490.792,65.64300000000003,1672.131,60.0,0.45639681627817086,0.38052312278280265,0.40581435394792537,0.5436031837218291,0.6194768772171974,1
Geophysical_model525,/home/lyara/areswave/models/Geophysical_model525.nd,nd,UNK,,,933.975,60.0,900.0,186.00699999999995,933.975,60.0,1120.837,33.975000000000136,1494.562,84.9369999999999,1693.011,60.0,0.26519854618639205,0.47664845821634017,0.4061651542063574,0.734801453813608,0.5233515417836598,1
Geophysical_model505,/home/lyara/areswave/models/Geophysical_model505.nd,nd,UNK,,,949.989,60.0,900.0,178.015,949.989,60.0,1116.619,16.66300000000001,1499.867,83.31500000000005,1681.259,60.0,0.38035634007926133,0.41908058367311196,0.40617250247516173,0.6196436599207387,0.580919416326888,1
Geophysical_model811,/home/lyara/areswave/models/Geophysical_model811.nd,nd,UNK,,,900.0,60.0,900.0,181.49800000000005,900.0,60.0,1106.522,17.210000000000036,1467.935,86.04999999999995,1502.356,68.83999999999992,0.40417471709140906,0.40760388134770664,0.4064608265956074,0.5958252829085909,0.5923961186522934,1
Geophysical_model959,/home/lyara/areswave/models/Geophysical_model959.nd,nd,UNK,,,900.0,60.0,900.0,181.49800000000005,900.0,60.0,1106.522,17.210000000000036,1467.935,86.04999999999995,1502.356,68.83999999999992,0.40417471709140906,0.40760388134770664,0.4064608265956074,0.5958252829085909,0.5923961186522934,1
CD_model29,/home/lyara/areswave/models/CD_model29.nd,nd,UNK,,,,60.0,,60.0,,60.0,,60.0,,60.0,,60.0,0.4700392936881661,0.3747678001104313,0.4065249646363429,0.5299607063118339,0.6252321998895687,1
Geophysical_model934,/home/lyara/areswave/models/Geophysical_model934.nd,nd,UNK,,,950.013,60.0,900.0,182.27999999999997,950.013,60.0,1133.396,33.3420000000001,1483.489,66.68399999999997,1681.554,60.0,0.3383321091896253,0.4409709102777246,0.4067579765816915,0.6616678908103747,0.5590290897222754,1
Geophysical_model807,/home/lyara/areswave/models/Geophysical_model807.nd,nd,UNK,,,1099.57,60.0,900.0,21.44500000000005,1099.57,60.0,1116.201,16.631000000000085,1465.45,99.78499999999985,1680.096,60.0,0.2970496771080975,0.46204834255942473,0.4070487874089823,0.7029503228919025,0.5379516574405753,1
Geophysical_model706,/home/lyara/areswave/models/Geophysical_model706.nd,nd,UNK,,,1099.57,60.0,900.0,21.44500000000005,1099.57,60.0,1116.201,16.631000000000085,1465.45,99.78499999999985,1680.096,60.0,0.2970496771080975,0.46204834255942473,0.4070487874089823,0.7029503228919025,0.5379516574405753,1
Geophysical_model130,/home/lyara/areswave/models/Geophysical_model130.nd,nd,UNK,,,1031.687,60.0,900.0,185.29399999999998,1031.687,60.0,1130.452,32.922000000000025,1492.591,82.30399999999986,1673.94,60.0,0.3078279832105445,0.45670436954437477,0.407078907433098,0.6921720167894555,0.5432956304556252,1
Geophysical_model509,/home/lyara/areswave/models/Geophysical_model509.nd,nd,UNK,,,1088.067,60.0,900.0,20.653999999999996,1088.067,60.0,1105.164,17.09699999999998,1464.2,119.67900000000009,1696.976,60.0,0.37978947518774575,0.4207887402481034,0.40712231856131753,0.6202105248122542,0.5792112597518966,1
Geophysical_model121,/home/lyara/areswave/models/Geophysical_model121.nd,nd,UNK,,,1063.821,60.0,900.0,185.53499999999997,1063.821,60.0,1145.731,32.764000000000124,1489.755,65.529,1671.087,60.0,0.2973406608917689,0.46230197455549715,0.40731487000092104,0.7026593391082311,0.5376980254445028,1
Geophysical_model315,/home/lyara/areswave/models/Geophysical_model315.nd,nd,UNK,,,1001.068,60.0,900.0,187.65800000000002,1001.068,60.0,1135.824,33.68900000000008,1489.56,101.06700000000001,1687.836,60.0,0.3321362477363201,0.44526008558448915,0.40755213963509945,0.6678637522636799,0.5547399144155108,1
Geophysical_model508,/home/lyara/areswave/models/Geophysical_model508.nd,nd,UNK,,,1083.952,60.0,900.0,22.323999999999955,1083.952,60.0,1100.674,16.722999999999956,1485.3,100.33699999999999,1683.428,60.0,0.30572752878916043,0.4586836997173772,0.4076983094079716,0.6942724712108396,0.5413163002826228,1
Geophysical_model843,/home/lyara/areswave/models/Geophysical_model843.nd,nd,UNK,,,900.0,60.0,900.0,183.55899999999997,900.0,60.0,1106.386,17.19900000000007,1467.561,85.99399999999991,1501.958,68.79599999999982,0.4389813863190336,0.3921430426752356,0.4077558238898349,0.5610186136809664,0.6078569573247644,1
Geophysical_model963,/home/lyara/areswave/models/Geophysical_model963.nd,nd,UNK,,,916.719,60.0,876.023,191.813,916.719,60.0,1117.351,33.43899999999985,1485.177,83.59699999999998,1683.3,60.0,0.44440541342356854,0.3899648956073707,0.4081117348794366,0.5555945865764315,0.6100351043926293,1
Geophysical_model973,/home/lyara/areswave/models/Geophysical_model973.nd,nd,UNK,,,916.719,60.0,876.023,191.813,916.719,60.0,1117.351,33.43899999999985,1485.177,83.59699999999998,1683.3,60.0,0.44440541342356854,0.3899648956073707,0.4081117348794366,0.5555945865764315,0.6100351043926293,1
Geophysical_model303,/home/lyara/areswave/models/Geophysical_model303.nd,nd,UNK,,,949.55,60.0,900.0,192.86199999999997,949.55,60.0,1114.715,16.516000000000076,1461.562,99.09899999999993,1675.956,60.0,0.29036427492118255,0.4672196029671738,0.4082678269518434,0.7096357250788174,0.5327803970328262,1
Geophysical_model308,/home/lyara/areswave/models/Geophysical_model308.nd,nd,UNK,,,1016.273,60.0,878.266,195.60199999999998,1016.273,60.0,1132.546,33.221000000000004,1497.976,99.66300000000001,1679.357,60.0,0.3792916219511081,0.4229236752347524,0.4083796574735376,0.6207083780488919,0.5770763247652476,1
AK_model_36,/home/lyara/areswave/models/AK_model_36.nd,nd,UNK,,,1018.238,60.0,808.87,26.17100000000005,1018.238,60.0,1227.606,104.6840000000002,1306.119,26.17100000000005,1673.647,60.0,0.34704766841407386,0.4390590064592933,0.40838856044422017,0.6529523315859261,0.5609409935407067,1
Geophysical_model191,/home/lyara/areswave/models/Geophysical_model191.nd,nd,UNK,,,966.625,60.0,900.0,195.34400000000005,966.625,60.0,1116.53,16.65599999999995,1466.308,99.93599999999992,1681.011,60.0,0.24727399255644356,0.4891862812324177,0.40854885167375965,0.7527260074435564,0.5108137187675823,1
AK_model_50,/home/lyara/areswave/models/AK_model_50.nd,nd,UNK,,,1030.878,60.0,805.605,25.029999999999973,1030.878,60.0,1281.182,100.12200000000007,1481.425,175.21299999999997,1687.443,60.0,0.43246887402162637,0.3965938353091122,0.40855218154661693,0.5675311259783736,0.6034061646908878,1
Geophysical_model302,/home/lyara/areswave/models/Geophysical_model302.nd,nd,UNK,,,933.563,60.0,900.0,195.716,933.563,60.0,1101.377,16.78099999999995,1453.786,100.68900000000008,1685.548,60.0,0.3596737926518171,0.43299203996333135,0.40855262419282656,0.6403262073481829,0.5670079600366686,1
Geophysical_model626,/home/lyara/areswave/models/Geophysical_model626.nd,nd,UNK,,,933.4,60.0,876.875,184.99800000000005,933.4,60.0,1117.102,33.399999999999864,1484.505,83.5010000000002,1682.605,60.0,0.33450371414237734,0.4460472472419126,0.40886606954206756,0.6654962858576227,0.5539527527580874,1
Geophysical_model774,/home/lyara/areswave/models/Geophysical_model774.nd,nd,UNK,,,1099.57,60.0,900.0,21.534999999999968,1099.57,60.0,1116.201,16.631000000000085,1465.45,99.78499999999985,1680.096,60.0,0.3061804991179614,0.46023833508163237,0.4088857230937421,0.6938195008820386,0.5397616649183676,1
MD_model55,/home/lyara/areswave/models/MD_model55.nd,nd,UNK,,,936.329,60.0,822.179,103.77300000000002,936.329,60.0,1299.533,62.26299999999992,1309.91,31.131999999999834,1597.929,60.0,0.375444759877814,0.4257157327930212,0.40895874182128544,0.624555240122186,0.5742842672069788,1
Geophysical_model94,/home/lyara/areswave/models/Geophysical_model94.nd,nd,UNK,,,983.071,60.0,878.665,192.014,983.071,60.0,1115.985,16.614000000000033,1464.884,99.68600000000015,1679.494,60.0,0.4066300400756755,0.41039660168658654,0.40914108114961617,0.5933699599243245,0.5896033983134135,1
Geophysical_model971,/home/lyara/areswave/models/Geophysical_model971.nd,nd,UNK,,,1099.979,60.0,900.0,22.013000000000034,1099.979,60.0,1116.644,16.664999999999964,1466.608,116.6550000000002,1681.33,60.0,0.2576021899711757,0.4849705323296962,0.409181084876856,0.7423978100288243,0.5150294676703038,1
Geophysical_model924,/home/lyara/areswave/models/Geophysical_model924.nd,nd,UNK,,,966.648,60.0,900.0,192.32299999999998,966.648,60.0,1133.268,33.32400000000007,1483.17,83.31000000000017,1681.223,60.0,0.31086231180486734,0.45860110654735164,0.40935484163319025,0.6891376881951327,0.5413988934526484,1
Geophysical_model83,/home/lyara/areswave/models/Geophysical_model83.nd,nd,UNK,,,1049.531,60.0,900.0,179.55899999999997,1049.531,60.0,1132.603,33.22900000000004,1498.123,83.07300000000009,1679.504,60.0,0.46841612496250395,0.3798810278099307,0.4093927268607884,0.531583875037496,0.6201189721900693,1
Geophysical_model874,/home/lyara/areswave/models/Geophysical_model874.nd,nd,UNK,,,916.644,60.0,876.99,184.08100000000002,916.644,60.0,1116.374,16.644000000000005,1499.19,99.86500000000001,1680.578,60.0,0.4282011480332698,0.40001012007546544,0.4094071293947336,0.5717988519667302,0.5999898799245346,1
CD_model44,/home/lyara/areswave/models/CD_model44.nd,nd,UNK,,,,60.0,,60.0,,60.0,,60.0,,60.0,,60.0,0.20988831351537074,0.5092578902686673,0.4094680313509018,0.7901116864846293,0.49074210973133275,1
Geophysical_model284,/home/lyara/areswave/models/Geophysical_model284.nd,nd,UNK,,,1032.872,60.0,900.0,181.64300000000003,1032.872,60.0,1132.525,33.2170000000001,1497.923,83.04500000000007,1679.303,60.0,0.46512821839185814,0.3816972760371894,0.4095075901554123,0.5348717816081419,0.6183027239628106,1
Geophysical_model785,/home/lyara/areswave/models/Geophysical_model785.nd,nd,UNK,,,900.0,60.0,900.0,29.769000000000005,900.0,60.0,1101.736,16.810999999999922,1471.585,100.86799999999994,1686.632,60.0,0.3638687109072989,0.4323355561293032,0.4095132743886351,0.6361312890927011,0.5676644438706968,1
Geophysical_model577,/home/lyara/areswave/models/Geophysical_model577.nd,nd,UNK,,,1099.625,60.0,900.0,21.533000000000015,1099.625,60.0,1116.26,16.635999999999967,1465.604,99.81200000000013,1680.261,60.0,0.3174713157945349,0.4555627964321267,0.40953230288626274,0.6825286842054651,0.5444372035678733,1
Geophysical_model493,/home/lyara/areswave/models/Geophysical_model493.nd,nd,UNK,,,1031.687,60.0,900.0,185.83000000000004,1031.687,60.0,1130.452,32.922000000000025,1476.13,82.30399999999986,1673.94,60.0,0.3736889253216119,0.4275967992909361,0.40962750796782804,0.6263110746783881,0.5724032007090639,1
AK_model_24,/home/lyara/areswave/models/AK_model_24.nd,nd,UNK,,,1075.946,60.0,803.518,27.242999999999938,1075.946,60.0,1293.887,54.4849999999999,1321.13,27.242999999999938,1721.839,60.0,0.32061827219811156,0.4542536921608401,0.4097085521732639,0.6793817278018884,0.5457463078391599,1
Geophysical_model67,/home/lyara/areswave/models/Geophysical_model67.nd,nd,UNK,,,1017.871,60.0,900.0,184.98900000000003,1017.871,60.0,1135.742,16.838999999999942,1489.354,84.19299999999998,1687.623,60.0,0.41990723130758845,0.4046498774193046,0.4097356620487325,0.5800927686924116,0.5953501225806954,1
Geophysical_model152,/home/lyara/areswave/models/Geophysical_model152.nd,nd,UNK,,,950.042,60.0,900.0,197.91099999999994,950.042,60.0,1116.847,33.361000000000104,1450.457,116.7639999999999,1681.894,60.0,0.3135735106456564,0.4582927057655728,0.410052974058934,0.6864264893543436,0.5417072942344272,1
Geophysical_model117,/home/lyara/areswave/models/Geophysical_model117.nd,nd,UNK,,,966.508,60.0,900.0,194.01300000000003,966.508,60.0,1116.152,16.626999999999953,1465.32,99.76199999999994,1679.958,60.0,0.29405738414308413,0.4681222964174331,0.41010065899265014,0.7059426158569159,0.5318777035825669,1
Geophysical_model164,/home/lyara/areswave/models/Geophysical_model164.nd,nd,UNK,,,950.866,60.0,900.0,193.89499999999998,950.866,60.0,1120.421,33.91100000000006,1459.531,101.73300000000017,1691.853,60.0,0.28925321617823574,0.47116850071761174,0.41053007253781976,0.7107467838217643,0.5288314992823883,1
Geophysical_model524,/home/lyara/areswave/models/Geophysical_model524.nd,nd,UNK,,,916.555,60.0,877.951,198.44299999999998,916.555,60.0,1115.217,16.554999999999836,1495.986,99.33100000000013,1677.355,60.0,0.3109030719842869,0.4604850004792598,0.41062435764760213,0.6890969280157131,0.5395149995207402,1
Geophysical_model837,/home/lyara/areswave/models/Geophysical_model837.nd,nd,UNK,,,916.555,60.0,877.951,198.44299999999998,916.555,60.0,1115.217,16.554999999999836,1495.986,99.33100000000013,1677.355,60.0,0.3109030719842869,0.4604850004792598,0.41062435764760213,0.6890969280157131,0.5395149995207402,1
Geophysical_model360,/home/lyara/areswave/models/Geophysical_model360.nd,nd,UNK,,,1047.872,60.0,900.0,189.034,1047.872,60.0,1130.023,32.8599999999999,1491.488,82.15100000000007,1672.831,60.0,0.3300698604178557,0.45137755251843437,0.4109416551515748,0.6699301395821443,0.5486224474815656,1
Geophysical_model329,/home/lyara/areswave/models/Geophysical_model329.nd,nd,UNK,,,1047.872,60.0,900.0,189.034,1047.872,60.0,1130.023,32.8599999999999,1491.488,82.15100000000007,1672.831,60.0,0.3300698604178557,0.45137755251843437,0.4109416551515748,0.6699301395821443,0.5486224474815656,1
Geophysical_model520,/home/lyara/areswave/models/Geophysical_model520.nd,nd,UNK,,,933.507,60.0,900.0,193.37099999999998,933.507,60.0,1117.798,33.506999999999834,1486.378,83.76800000000003,1684.543,60.0,0.2675595833726755,0.48270419865904535,0.4109893268969221,0.7324404166273245,0.5172958013409547,1
Geophysical_model889,/home/lyara/areswave/models/Geophysical_model889.nd,nd,UNK,,,933.507,60.0,900.0,193.37099999999998,933.507,60.0,1117.798,33.506999999999834,1486.378,83.76800000000003,1684.543,60.0,0.2675595833726755,0.48270419865904535,0.4109893268969221,0.7324404166273245,0.5172958013409547,1
Geophysical_model670,/home/lyara/areswave/models/Geophysical_model670.nd,nd,UNK,,,933.507,60.0,900.0,193.37099999999998,933.507,60.0,1117.798,33.506999999999834,1486.378,83.76800000000003,1684.543,60.0,0.2675595833726755,0.48270419865904535,0.4109893268969221,0.7324404166273245,0.5172958013409547,1
CD_model26,/home/lyara/areswave/models/CD_model26.nd,nd,UNK,,,,60.0,,60.0,,60.0,,60.0,,60.0,,60.0,0.2953808741592372,0.46885741425121896,0.411031900887225,0.7046191258407628,0.531142585748781,1
MD_model63,/home/lyara/areswave/models/MD_model63.nd,nd,UNK,,,1047.057,60.0,708.427,180.60199999999998,1047.057,60.0,1216.372,191.8900000000001,1363.111,90.30099999999993,1690.644,60.0,0.30041393544559447,0.4671104223960827,0.41154492674591997,0.6995860645544055,0.5328895776039173,1
Geophysical_model449,/home/lyara/areswave/models/Geophysical_model449.nd,nd,UNK,,,1031.442,60.0,900.0,189.75400000000002,1031.442,60.0,1130.023,32.8599999999999,1491.488,82.15100000000007,1672.831,60.0,0.37520012905142064,0.4297414347482801,0.4115609995159936,0.6247998709485794,0.5702585652517199,1
Geophysical_model500,/home/lyara/areswave/models/Geophysical_model500.nd,nd,UNK,,,950.39,60.0,900.0,189.02200000000005,950.39,60.0,1135.153,33.59400000000005,1487.881,67.18600000000015,1686.099,60.0,0.28099949606364194,0.4776769879063162,0.4121178239587581,0.7190005039363581,0.5223230120936838,1
CD_model79,/home/lyara/areswave/models/CD_model79.nd,nd,UNK,,,,60.0,,60.0,,60.0,,60.0,,60.0,,60.0,0.44877142944376447,0.3939156792540186,0.4122009293172672,0.5512285705562355,0.6060843207459814,1
Geophysical_model484,/home/lyara/areswave/models/Geophysical_model484.nd,nd,UNK,,,1031.853,60.0,900.0,187.85500000000002,1031.853,60.0,1130.743,32.96399999999994,1493.339,82.4079999999999,1674.693,60.0,0.40425014280367555,0.41641120594484016,0.4123575182311186,0.5957498571963245,0.5835887940551598,1
MD_model58,/home/lyara/areswave/models/MD_model58.nd,nd,UNK,,,900.043,60.0,768.768,121.17700000000002,900.043,60.0,1293.868,80.78499999999985,1314.064,30.294000000000096,1495.829,61.08600000000001,0.3198798588786712,0.45868256254611983,0.41241499465697035,0.6801201411213288,0.5413174374538802,1
Geophysical_model559,/home/lyara/areswave/models/Geophysical_model559.nd,nd,UNK,,,900.0,60.0,900.0,181.12199999999996,900.0,60.0,1119.137,33.71399999999994,1473.128,101.14099999999985,1688.275,60.0,0.3404739130626657,0.44862887263145235,0.4125772194418568,0.6595260869373343,0.5513711273685477,1
CD_model71,/home/lyara/areswave/models/CD_model71.nd,nd,UNK,,,,60.0,,60.0,,60.0,,60.0,,60.0,,60.0,0.29242295205478475,0.4732082666539016,0.4129464951208626,0.7075770479452153,0.5267917333460984,1
Geophysical_model537,/home/lyara/areswave/models/Geophysical_model537.nd,nd,UNK,,,933.394,60.0,900.0,184.93899999999996,933.394,60.0,1133.76,33.39499999999998,1484.399,66.78799999999978,1682.496,60.0,0.3395424245060896,0.4496873004603853,0.4129723418089534,0.6604575754939104,0.5503126995396147,1
Geophysical_model726,/home/lyara/areswave/models/Geophysical_model726.nd,nd,UNK,,,916.736,60.0,875.955,192.35699999999997,916.736,60.0,1117.572,33.47199999999998,1485.77,83.68100000000004,1683.914,60.0,0.27371225379161823,0.4829541000270722,0.41320681794858755,0.7262877462083818,0.5170458999729278,1
MD_model15,/home/lyara/areswave/models/MD_model15.nd,nd,UNK,,,994.191,60.0,802.191,10.66700000000003,994.191,60.0,1164.858,149.33400000000006,1463.525,192.0,1618.557,60.0,0.3774726283536777,0.43129348951682656,0.41335320246244356,0.6225273716463223,0.5687065104831734,1
AK_model_79,/home/lyara/areswave/models/AK_model_79.nd,nd,UNK,,,1048.231,60.0,820.541,25.298999999999978,1048.231,60.0,1275.921,50.597999999999956,1326.519,50.597999999999956,1685.301,60.0,0.3232023791821671,0.45859882314194833,0.41346667515535457,0.6767976208178329,0.5414011768580517,1
Geophysical_model876,/home/lyara/areswave/models/Geophysical_model876.nd,nd,UNK,,,1085.08,60.0,900.0,29.76800000000003,1085.08,60.0,1101.905,16.826000000000022,1455.24,117.77800000000002,1687.143,60.0,0.3052014176801072,0.46774447092151117,0.41356345317437654,0.6947985823198928,0.5322555290784888,1
Geophysical_model528,/home/lyara/areswave/models/Geophysical_model528.nd,nd,UNK,,,933.804,60.0,900.0,181.16899999999998,933.804,60.0,1119.729,33.80400000000009,1491.578,84.51099999999997,1689.924,60.0,0.35380053053528115,0.4436104000538187,0.41367377688097284,0.6461994694647188,0.5563895999461813,1
Geophysical_model532,/home/lyara/areswave/models/Geophysical_model532.nd,nd,UNK,,,916.612,60.0,878.548,193.06899999999996,916.612,60.0,1115.955,16.61200000000008,1498.03,99.67200000000003,1679.411,60.0,0.3187316089393103,0.4617889642479809,0.41410317914509065,0.6812683910606897,0.5382110357520191,1
Geophysical_model938,/home/lyara/areswave/models/Geophysical_model938.nd,nd,UNK,,,1068.438,60.0,900.0,29.464000000000055,1068.438,60.0,1102.126,16.84400000000005,1455.847,117.90700000000015,1687.809,60.0,0.36198546161116407,0.440362543485446,0.414236849527352,0.6380145383888359,0.559637456514554,1
Geophysical_model604,/home/lyara/areswave/models/Geophysical_model604.nd,nd,UNK,,,900.0,60.0,900.0,180.015,900.0,60.0,1118.266,33.57899999999995,1487.638,100.73799999999983,1685.847,60.0,0.3115011407670636,0.4656070134259628,0.4142383892063297,0.6884988592329364,0.5343929865740372,1
MD_model99,/home/lyara/areswave/models/MD_model99.nd,nd,UNK,,,994.256,60.0,719.122,190.4770000000001,994.256,60.0,1290.553,31.746000000000095,1332.882,84.65699999999993,1604.038,60.0,0.43963587946427585,0.40162611893425637,0.41429603911092955,0.5603641205357242,0.5983738810657436,1
Geophysical_model194,/home/lyara/areswave/models/Geophysical_model194.nd,nd,UNK,,,1032.98,60.0,900.0,182.25,1032.98,60.0,1132.715,33.24499999999989,1498.411,83.11300000000006,1679.794,60.0,0.28386942405384474,0.47954389875411196,0.41431907385402295,0.7161305759461553,0.520456101245888,1
Geophysical_model32,/home/lyara/areswave/models/Geophysical_model32.nd,nd,UNK,,,1032.98,60.0,900.0,182.25,1032.98,60.0,1132.715,33.24499999999989,1498.411,83.11300000000006,1679.794,60.0,0.28386942405384474,0.47954389875411196,0.41431907385402295,0.7161305759461553,0.520456101245888,1
MD_model93,/home/lyara/areswave/models/MD_model93.nd,nd,UNK,,,1028.365,60.0,811.573,195.11299999999994,1028.365,60.0,1288.514,75.87699999999995,1321.033,21.679000000000087,1639.515,60.0,0.26969596657104933,0.486743130596894,0.4143940759216124,0.7303040334289507,0.513256869403106,1
Geophysical_model543,/home/lyara/areswave/models/Geophysical_model543.nd,nd,UNK,,,1086.489,60.0,900.0,21.24599999999998,1086.489,60.0,1103.443,16.952999999999975,1459.467,118.67499999999995,1691.782,60.0,0.23417514630938974,0.5053225989451613,0.41494011473323744,0.7658248536906103,0.49467740105483865,1
CD_model24,/home/lyara/areswave/models/CD_model24.nd,nd,UNK,,,,60.0,,60.0,,60.0,,60.0,,60.0,,60.0,0.24105792257307213,0.5019062274090094,0.414956792463697,0.7589420774269279,0.49809377259099064,1
AK_model_69,/home/lyara/areswave/models/AK_model_69.nd,nd,UNK,,,1016.862,60.0,866.402,25.076000000000022,1016.862,60.0,1167.322,125.38299999999981,1393.012,50.15300000000002,1675.331,60.0,0.363034961144454,0.4410136994310686,0.4150207866688637,0.636965038855546,0.5589863005689314,1
AK_model_83,/home/lyara/areswave/models/AK_model_83.nd,nd,UNK,,,1062.342,60.0,838.335,24.889999999999986,1062.342,60.0,1261.459,49.778999999999996,1336.127,49.778999999999996,1667.691,60.0,0.40689979137540333,0.4191211333411752,0.4150473526859179,0.5931002086245967,0.5808788666588248,1
Geophysical_model126,/home/lyara/areswave/models/Geophysical_model126.nd,nd,UNK,,,966.298,60.0,878.977,189.20799999999997,966.298,60.0,1115.469,16.57399999999984,1463.533,116.02199999999993,1678.056,60.0,0.39400135372035827,0.42580106339601453,0.4152011601707957,0.6059986462796417,0.5741989366039855,1
AK_model_94,/home/lyara/areswave/models/AK_model_94.nd,nd,UNK,,,1080.51,60.0,778.064,27.495000000000005,1080.51,60.0,1272.975,27.49499999999989,1327.965,54.99000000000001,1730.529,60.0,0.1987759608512878,0.5235298906599603,0.4152785807237361,0.8012240391487122,0.47647010934003975,1
Geophysical_model478,/home/lyara/areswave/models/Geophysical_model478.nd,nd,UNK,,,983.19,60.0,858.498,186.75699999999995,983.19,60.0,1116.294,16.63799999999992,1465.692,116.46500000000015,1680.354,60.0,0.333586903033136,0.456605080927729,0.41559902162953133,0.666413096966864,0.543394919072271,1
Geophysical_model109,/home/lyara/areswave/models/Geophysical_model109.nd,nd,UNK,,,983.19,60.0,900.0,192.45299999999997,983.19,60.0,1116.294,16.63799999999992,1465.692,116.46600000000012,1680.354,60.0,0.265809657612358,0.4911637676873283,0.41604573099567155,0.734190342387642,0.5088362323126717,1
Geophysical_model176,/home/lyara/areswave/models/Geophysical_model176.nd,nd,UNK,,,966.298,60.0,900.0,189.20899999999995,966.298,60.0,1115.469,16.57399999999984,1463.533,99.44699999999989,1678.056,60.0,0.3933842022838636,0.427431233459592,0.41608222306768256,0.6066157977161364,0.572568766540408,1
Geophysical_model623,/home/lyara/areswave/models/Geophysical_model623.nd,nd,UNK,,,900.0,60.0,900.0,179.49199999999996,900.0,60.0,1101.753,33.625,1488.445,100.87599999999998,1686.682,60.0,0.28607328028133716,0.4815218497176881,0.4163723265722378,0.7139267197186628,0.5184781502823119,1
Geophysical_model991,/home/lyara/areswave/models/Geophysical_model991.nd,nd,UNK,,,933.856,60.0,900.0,186.07299999999998,933.856,60.0,1120.061,33.855999999999995,1492.472,84.6389999999999,1690.849,60.0,0.44525936989553694,0.4019339471763598,0.41637575474941885,0.5547406301044631,0.5980660528236402,1
Geophysical_model225,/home/lyara/areswave/models/Geophysical_model225.nd,nd,UNK,,,983.376,60.0,900.0,189.029,983.376,60.0,1116.777,33.34999999999991,1483.63,100.05100000000016,1681.7,60.0,0.3657255317981304,0.44170290700319537,0.4163771152681737,0.6342744682018696,0.5582970929968046,1
CD_model35,/home/lyara/areswave/models/CD_model35.nd,nd,UNK,,,,60.0,,60.0,,60.0,,60.0,,60.0,,60.0,0.4546596694435142,0.3974060469014964,0.4164905877488357,0.5453403305564858,0.6025939530985036,1
Geophysical_model805,/home/lyara/areswave/models/Geophysical_model805.nd,nd,UNK,,,1085.08,60.0,900.0,29.801000000000045,1085.08,60.0,1101.905,16.826000000000022,1455.24,117.77800000000002,1687.143,60.0,0.3294042946925303,0.46009866565228164,0.41653387533236447,0.6705957053074697,0.5399013343477184,1
Geophysical_model960,/home/lyara/areswave/models/Geophysical_model960.nd,nd,UNK,,,916.969,60.0,856.194,197.12699999999995,916.969,60.0,1120.603,33.93900000000008,1476.962,84.84699999999998,1692.359,60.0,0.33995197382998177,0.45514980583539344,0.41675052850025623,0.6600480261700182,0.5448501941646066,1
Geophysical_model571,/home/lyara/areswave/models/Geophysical_model571.nd,nd,UNK,,,916.969,60.0,856.194,197.12699999999995,916.969,60.0,1120.603,33.93900000000008,1476.962,84.84699999999998,1692.359,60.0,0.33995197382998177,0.45514980583539344,0.41675052850025623,0.6600480261700182,0.5448501941646066,1
Geophysical_model562,/home/lyara/areswave/models/Geophysical_model562.nd,nd,UNK,,,916.969,60.0,856.194,197.12699999999995,916.969,60.0,1120.603,33.93900000000008,1476.962,84.84699999999998,1692.359,60.0,0.33995197382998177,0.45514980583539344,0.41675052850025623,0.6600480261700182,0.5448501941646066,1
Geophysical_model775,/home/lyara/areswave/models/Geophysical_model775.nd,nd,UNK,,,900.0,60.0,877.329,181.36699999999996,900.0,60.0,1119.204,33.72399999999993,1490.165,101.17100000000005,1688.461,60.0,0.3516934119530266,0.4496967973264142,0.41702900220195166,0.6483065880469734,0.5503032026735858,1
Geophysical_model717,/home/lyara/areswave/models/Geophysical_model717.nd,nd,UNK,,,916.648,60.0,877.434,180.52700000000004,916.648,60.0,1116.419,16.64799999999991,1499.315,99.88499999999999,1680.704,60.0,0.32944188009074016,0.46132099215637756,0.4173612881344984,0.6705581199092598,0.5386790078436224,1
Geophysical_model446,/home/lyara/areswave/models/Geophysical_model446.nd,nd,UNK,,,1031.442,60.0,900.0,188.76700000000005,1031.442,60.0,1130.023,32.8599999999999,1491.488,82.15100000000007,1672.831,60.0,0.39964287141277766,0.42633467296007077,0.4174374057776397,0.6003571285872223,0.5736653270399292,1
AK_model_49,/home/lyara/areswave/models/AK_model_49.nd,nd,UNK,,,1010.726,60.0,802.494,26.028999999999996,1010.726,60.0,1271.017,130.14599999999996,1479.249,26.028999999999996,1688.205,60.0,0.36965615069933533,0.4413590107967773,0.41745805743096326,0.6303438493006647,0.5586409892032227,1
Geophysical_model420,/home/lyara/areswave/models/Geophysical_model420.nd,nd,UNK,,,1047.083,60.0,900.0,187.13800000000003,1047.083,60.0,1145.138,32.684999999999945,1488.33,65.36999999999989,1669.654,60.0,0.4490006405385151,0.4019640607042737,0.41764292064902087,0.5509993594614849,0.5980359392957263,1
Geophysical_model441,/home/lyara/areswave/models/Geophysical_model441.nd,nd,UNK,,,1047.083,60.0,900.0,187.13800000000003,1047.083,60.0,1145.138,32.684999999999945,1488.33,65.36999999999989,1669.654,60.0,0.4490006405385151,0.4019640607042737,0.41764292064902087,0.5509993594614849,0.5980359392957263,1
Geophysical_model411,/home/lyara/areswave/models/Geophysical_model411.nd,nd,UNK,,,1047.083,60.0,900.0,187.13800000000003,1047.083,60.0,1145.138,32.684999999999945,1488.33,65.36999999999989,1669.654,60.0,0.4490006405385151,0.4019640607042737,0.41764292064902087,0.5509993594614849,0.5980359392957263,1
Geophysical_model953,/home/lyara/areswave/models/Geophysical_model953.nd,nd,UNK,,,916.648,60.0,877.533,179.73699999999997,916.648,60.0,1116.419,16.64799999999991,1499.315,99.88499999999999,1680.704,60.0,0.3078777773050574,0.4725674459340662,0.4176708897243966,0.6921222226949426,0.5274325540659338,1
CD_model8,/home/lyara/areswave/models/CD_model8.nd,nd,UNK,,,,60.0,,60.0,,60.0,,60.0,,60.0,,60.0,0.35966929061957575,0.4468837372968233,0.4178122550710741,0.6403307093804242,0.5531162627031767,1
Geophysical_model632,/home/lyara/areswave/models/Geophysical_model632.nd,nd,UNK,,,900.0,60.0,900.0,22.41999999999996,900.0,60.0,1101.621,16.801999999999907,1488.061,100.81099999999992,1686.284,60.0,0.2949961358027229,0.47931534592929803,0.41787560922043965,0.7050038641972771,0.520684654070702,1
MD_model84,/home/lyara/areswave/models/MD_model84.nd,nd,UNK,,,957.206,60.0,743.892,191.98299999999995,957.206,60.0,1277.177,53.32899999999995,1341.172,74.65999999999985,1613.68,60.0,0.3085809357608812,0.47263781931968996,0.41795219146675366,0.6914190642391188,0.52736218068031,1
Geophysical_model998,/home/lyara/areswave/models/Geophysical_model998.nd,nd,UNK,,,933.856,60.0,879.282,186.45799999999997,933.856,60.0,1120.061,33.855999999999995,1492.472,84.6389999999999,1690.849,60.0,0.4169638362221132,0.4187717819493978,0.4181691333736362,0.5830361637778868,0.5812282180506022,1
Geophysical_model511,/home/lyara/areswave/models/Geophysical_model511.nd,nd,UNK,,,900.0,60.0,900.0,179.82000000000005,900.0,60.0,1118.724,33.65000000000009,1488.873,100.94900000000007,1687.125,60.0,0.5742596235690605,0.34023635531961094,0.4182441114027608,0.42574037643093954,0.6597636446803891,1
Geophysical_model710,/home/lyara/areswave/models/Geophysical_model710.nd,nd,UNK,,,900.0,60.0,900.0,22.456999999999994,900.0,60.0,1101.621,16.801999999999907,1488.061,100.81099999999992,1686.284,60.0,0.28323803446035234,0.48602328614624213,0.4184282022509455,0.7167619655396477,0.5139767138537579,1
AK_model_53,/home/lyara/areswave/models/AK_model_53.nd,nd,UNK,,,1012.109,60.0,833.338,25.53800000000001,1012.109,60.0,1114.263,102.154,1369.649,76.61600000000021,1656.21,60.0,0.3978488781187224,0.4288983820387188,0.41854854739872,0.6021511218812776,0.5711016179612812,1
Geophysical_model469,/home/lyara/areswave/models/Geophysical_model469.nd,nd,UNK,,,966.552,60.0,900.0,195.293,966.552,60.0,1116.294,16.63799999999992,1465.692,99.82799999999997,1680.354,60.0,0.3466151028059822,0.45459170174126573,0.41859950209617125,0.6533848971940178,0.5454082982587343,1
Geophysical_model115,/home/lyara/areswave/models/Geophysical_model115.nd,nd,UNK,,,966.552,60.0,900.0,195.293,966.552,60.0,1116.294,16.63799999999992,1465.692,99.82799999999997,1680.354,60.0,0.3466151028059822,0.45459170174126573,0.41859950209617125,0.6533848971940178,0.5454082982587343,1
CD_model59,/home/lyara/areswave/models/CD_model59.nd,nd,UNK,,,,60.0,,60.0,,60.0,,60.0,,60.0,,60.0,0.32489824169710624,0.4655570963010526,0.41867081143307044,0.6751017583028938,0.5344429036989474,1
Geophysical_model779,/home/lyara/areswave/models/Geophysical_model779.nd,nd,UNK,,,933.604,60.0,877.962,198.34299999999996,933.604,60.0,1118.427,33.60400000000004,1488.074,84.01099999999997,1686.298,60.0,0.32978018789602825,0.46317757790744096,0.41871178123697006,0.6702198121039717,0.536822422092559,1
CD_model38,/home/lyara/areswave/models/CD_model38.nd,nd,UNK,,,,60.0,,60.0,,60.0,,60.0,,60.0,,60.0,0.3955315503947099,0.43034313930172796,0.41873927633272195,0.6044684496052901,0.569656860698272,1
Geophysical_model611,/home/lyara/areswave/models/Geophysical_model611.nd,nd,UNK,,,1084.148,60.0,900.0,22.19100000000003,1084.148,60.0,1100.889,16.741000000000213,1469.186,100.44499999999994,1684.076,60.0,0.35179718001974014,0.45312499623184677,0.4193490574944779,0.6482028199802599,0.5468750037681532,1
Geophysical_model675,/home/lyara/areswave/models/Geophysical_model675.nd,nd,UNK,,,1084.148,60.0,900.0,22.19100000000003,1084.148,60.0,1100.889,16.741000000000213,1469.186,100.44499999999994,1684.076,60.0,0.35179718001974014,0.45312499623184677,0.4193490574944779,0.6482028199802599,0.5468750037681532,1
Geophysical_model69,/home/lyara/areswave/models/Geophysical_model69.nd,nd,UNK,,,1016.434,60.0,877.14,182.87599999999998,1016.434,60.0,1132.867,33.26700000000005,1498.801,99.79999999999995,1680.187,60.0,0.3210078487314496,0.46866107943245583,0.41944333586545374,0.6789921512685504,0.5313389205675442,1
Geophysical_model817,/home/lyara/areswave/models/Geophysical_model817.nd,nd,UNK,,,950.91,60.0,900.0,185.16499999999996,950.91,60.0,1120.608,33.940000000000055,1476.975,84.84899999999993,1692.373,60.0,0.4125622158012897,0.4232724470956345,0.4197023699975196,0.5874377841987103,0.5767275529043655,1
Geophysical_model651,/home/lyara/areswave/models/Geophysical_model651.nd,nd,UNK,,,900.0,60.0,900.0,22.408999999999992,900.0,60.0,1101.621,16.801999999999907,1488.061,100.81099999999992,1686.284,60.0,0.4329271318731436,0.41309158740412044,0.41970343556046147,0.5670728681268564,0.5869084125958796,1
Geophysical_model925,/home/lyara/areswave/models/Geophysical_model925.nd,nd,UNK,,,950.093,60.0,900.0,199.76800000000003,950.093,60.0,1133.767,50.09299999999985,1484.418,66.79099999999994,1682.515,60.0,0.36257933419843313,0.4482659732200568,0.4197037602128489,0.6374206658015669,0.5517340267799432,1
Geophysical_model993,/home/lyara/areswave/models/Geophysical_model993.nd,nd,UNK,,,950.093,60.0,900.0,199.76800000000003,950.093,60.0,1133.767,50.09299999999985,1484.418,66.79099999999994,1682.515,60.0,0.36257933419843313,0.4482659732200568,0.4197037602128489,0.6374206658015669,0.5517340267799432,1
Geophysical_model797,/home/lyara/areswave/models/Geophysical_model797.nd,nd,UNK,,,933.11,60.0,878.025,197.77800000000002,933.11,60.0,1115.217,16.554999999999836,1479.431,99.33100000000013,1677.355,60.0,0.35845200684820555,0.4503816053914905,0.4197384058770622,0.6415479931517944,0.5496183946085095,1
MD_model25,/home/lyara/areswave/models/MD_model25.nd,nd,UNK,,,906.668,60.0,896.424,194.63299999999992,906.668,60.0,1295.935,81.95100000000002,1306.179,30.73199999999997,1500.813,60.924999999999955,0.36684460335870095,0.4462608067587208,0.4197887389587142,0.633155396641299,0.5537391932412792,1
Geophysical_model201,/home/lyara/areswave/models/Geophysical_model201.nd,nd,UNK,,,1049.881,60.0,900.0,182.40099999999995,1049.881,60.0,1133.149,33.307000000000016,1482.872,83.26800000000003,1680.916,60.0,0.3590028689238476,0.4502763157482874,0.41985183347347416,0.6409971310761524,0.5497236842517126,1
Geophysical_model324,/home/lyara/areswave/models/Geophysical_model324.nd,nd,UNK,,,1049.881,60.0,900.0,182.40099999999995,1049.881,60.0,1133.149,33.307000000000016,1482.872,83.26800000000003,1680.916,60.0,0.3590028689238476,0.4502763157482874,0.41985183347347416,0.6409971310761524,0.5497236842517126,1
Geophysical_model690,/home/lyara/areswave/models/Geophysical_model690.nd,nd,UNK,,,900.0,60.0,900.0,179.96799999999996,900.0,60.0,1118.266,33.57899999999995,1470.849,100.73799999999983,1685.847,60.0,0.26379960820160375,0.49791367088011873,0.4198756499872804,0.7362003917983962,0.5020863291198813,1
Geophysical_model857,/home/lyara/areswave/models/Geophysical_model857.nd,nd,UNK,,,933.943,60.0,879.277,186.50599999999997,933.943,60.0,1120.631,33.942999999999984,1494.007,84.85800000000017,1692.437,60.0,0.19933233026094999,0.5302138118010131,0.41991998462099206,0.80066766973905,0.4697861881989869,1
Geophysical_model884,/home/lyara/areswave/models/Geophysical_model884.nd,nd,UNK,,,933.365,60.0,900.0,186.28300000000002,933.365,60.0,1116.871,33.36500000000001,1483.885,83.41200000000003,1681.963,60.0,0.34483735775970836,0.45760605167814206,0.4200164870386642,0.6551626422402916,0.5423939483218579,1
Geophysical_model541,/home/lyara/areswave/models/Geophysical_model541.nd,nd,UNK,,,916.672,60.0,900.0,180.16999999999996,916.672,60.0,1116.741,33.34500000000003,1483.532,83.36199999999985,1681.599,60.0,0.2554487397614258,0.5024942167430755,0.4201457244158589,0.7445512602385742,0.49750578325692457,1
Geophysical_model693,/home/lyara/areswave/models/Geophysical_model693.nd,nd,UNK,,,916.721,60.0,876.007,191.94399999999996,916.721,60.0,1117.378,33.442999999999984,1485.25,83.60799999999995,1683.376,60.0,0.3055769087965685,0.4777252349813458,0.42034245958642,0.6944230912034315,0.5222747650186542,1
Geophysical_model123,/home/lyara/areswave/models/Geophysical_model123.nd,nd,UNK,,,1032.872,60.0,900.0,181.79200000000003,1032.872,60.0,1132.525,33.2170000000001,1481.314,83.04500000000007,1679.303,60.0,0.2803504907576484,0.49039308702618867,0.4203788882700086,0.7196495092423516,0.5096069129738113,1
Geophysical_model359,/home/lyara/areswave/models/Geophysical_model359.nd,nd,UNK,,,949.517,60.0,900.0,193.34400000000005,949.517,60.0,1114.574,16.505999999999858,1444.688,115.53999999999996,1675.563,60.0,0.215791726508612,0.5233367355276732,0.4208217325213195,0.784208273491388,0.4766632644723268,1
Geophysical_model296,/home/lyara/areswave/models/Geophysical_model296.nd,nd,UNK,,,949.517,60.0,900.0,193.34400000000005,949.517,60.0,1114.574,16.505999999999858,1444.688,115.53999999999996,1675.563,60.0,0.215791726508612,0.5233367355276732,0.4208217325213195,0.784208273491388,0.4766632644723268,1
AK_model_33,/home/lyara/areswave/models/AK_model_33.nd,nd,UNK,,,1079.942,60.0,818.715,26.121999999999957,1079.942,60.0,1288.923,52.24499999999989,1341.169,52.24499999999989,1681.533,60.0,0.3750863267610951,0.4439007248834873,0.4209625921760232,0.6249136732389049,0.5560992751165127,1
MD_model26,/home/lyara/areswave/models/MD_model26.nd,nd,UNK,,,1011.624,60.0,870.538,10.077999999999975,1011.624,60.0,1293.796,151.164,1354.261,60.465999999999894,1485.27,60.0,0.3960166406522355,0.4338424206526573,0.42123382731918335,0.6039833593477645,0.5661575793473427,1
Geophysical_model580,/home/lyara/areswave/models/Geophysical_model580.nd,nd,UNK,,,900.0,60.0,900.0,185.40200000000004,900.0,60.0,1106.136,17.17800000000011,1466.874,85.88999999999987,1699.91,60.0,0.31322085170197034,0.4753235872676631,0.42128934207909885,0.6867791482980297,0.5246764127323369,1
Geophysical_model786,/home/lyara/areswave/models/Geophysical_model786.nd,nd,UNK,,,900.0,60.0,900.0,185.40200000000004,900.0,60.0,1106.136,17.17800000000011,1466.874,85.88999999999987,1699.91,60.0,0.31322085170197034,0.4753235872676631,0.42128934207909885,0.6867791482980297,0.5246764127323369,1
Geophysical_model711,/home/lyara/areswave/models/Geophysical_model711.nd,nd,UNK,,,916.837,60.0,879.831,181.52099999999996,916.837,60.0,1118.884,33.67399999999998,1489.303,84.18600000000015,1687.57,60.0,0.31989692208199594,0.47200574487486335,0.42130280394390757,0.6801030779180041,0.5279942551251366,1
AK_model_93,/home/lyara/areswave/models/AK_model_93.nd,nd,UNK,,,1064.542,60.0,770.65,26.718000000000075,1064.542,60.0,1278.281,26.71699999999987,1331.716,53.434999999999945,1701.982,60.0,0.34243175433104844,0.460945969367355,0.4214412310219195,0.6575682456689516,0.539054030632645,1
Geophysical_model704,/home/lyara/areswave/models/Geophysical_model704.nd,nd,UNK,,,1099.489,60.0,900.0,21.059999999999945,1099.489,60.0,1116.113,16.624000000000024,1465.218,99.74500000000012,1679.849,60.0,0.394510843785975,0.4351741784232973,0.42161973354418986,0.605489156214025,0.5648258215767027,1
Geophysical_model653,/home/lyara/areswave/models/Geophysical_model653.nd,nd,UNK,,,916.721,60.0,875.849,193.20899999999995,916.721,60.0,1117.378,33.442999999999984,1485.25,83.60799999999995,1683.376,60.0,0.5146563584577001,0.37514242226273986,0.42164706766105997,0.4853436415422999,0.6248575777372601,1
AK_model_11,/home/lyara/areswave/models/AK_model_11.nd,nd,UNK,,,1040.425,60.0,848.992,23.928999999999974,1040.425,60.0,1279.717,71.78800000000001,1303.646,23.929000000000087,1652.614,60.0,0.5090020125514829,0.3781424491931996,0.42176230364596073,0.49099798744851714,0.6218575508068004,1
Geophysical_model627,/home/lyara/areswave/models/Geophysical_model627.nd,nd,UNK,,,950.721,60.0,900.0,183.97400000000005,950.721,60.0,1119.792,33.81400000000008,1491.747,67.62800000000016,1690.099,60.0,0.36082656742579167,0.4522975674366966,0.4218072340997283,0.6391734325742083,0.5477024325633034,1
AK_model_44,/home/lyara/areswave/models/AK_model_44.nd,nd,UNK,,,1024.918,60.0,790.32,26.067000000000007,1024.918,60.0,1285.582,130.3320000000001,1494.114,26.067000000000007,1677.908,60.0,0.2966346156085651,0.48462560396512033,0.4219619411796019,0.7033653843914349,0.5153743960348797,1
Geophysical_model866,/home/lyara/areswave/models/Geophysical_model866.nd,nd,UNK,,,950.119,60.0,900.0,181.0,950.119,60.0,1133.89,50.11999999999989,1484.726,66.82600000000002,1682.834,60.0,0.27031030273618206,0.4980973241793871,0.42216831703165214,0.7296896972638179,0.5019026758206129,1
MD_model46,/home/lyara/areswave/models/MD_model46.nd,nd,UNK,,,1043.145,60.0,863.077,90.03399999999999,1043.145,60.0,1283.235,60.02300000000014,1333.254,10.004000000000133,1483.311,61.49000000000001,0.3905161464358563,0.43802885669842084,0.4221912866108994,0.6094838535641437,0.5619711433015792,1
MD_model90,/home/lyara/areswave/models/MD_model90.nd,nd,UNK,,,1068.089,60.0,754.092,184.067,1068.089,60.0,1252.156,184.067,1382.085,108.27500000000009,1624.97,60.0,0.4247736695237756,0.4211776479992423,0.4223763218407534,0.5752263304762244,0.5788223520007577,1
Geophysical_model584,/home/lyara/areswave/models/Geophysical_model584.nd,nd,UNK,,,916.701,60.0,877.696,178.433,916.701,60.0,1117.112,33.402000000000044,1484.532,83.5039999999999,1682.633,60.0,0.2881431748052241,0.489593186490218,0.42244318259522,0.7118568251947759,0.510406813509782,1
Geophysical_model679,/home/lyara/areswave/models/Geophysical_model679.nd,nd,UNK,,,933.365,60.0,900.0,185.19600000000003,933.365,60.0,1116.872,33.36500000000001,1483.886,83.41300000000001,1681.964,60.0,0.36603844048118495,0.45071509953913835,0.42248954651982057,0.633961559518815,0.5492849004608616,1
Geophysical_model793,/home/lyara/areswave/models/Geophysical_model793.nd,nd,UNK,,,933.855,60.0,879.282,186.45799999999997,933.855,60.0,1120.056,33.85500000000002,1492.459,84.63700000000017,1690.835,60.0,0.6453337425505284,0.3113949705559953,0.42270789455417307,0.35466625744947156,0.6886050294440047,1
Geophysical_model15,/home/lyara/areswave/models/Geophysical_model15.nd,nd,UNK,,,966.855,60.0,900.0,194.18200000000002,966.855,60.0,1117.28,33.427999999999884,1484.985,100.2829999999999,1683.102,60.0,0.31677427601312,0.4758149212754602,0.42280137285468017,0.68322572398688,0.5241850787245398,1
CD_model10,/home/lyara/areswave/models/CD_model10.nd,nd,UNK,,,,60.0,,60.0,,60.0,,60.0,,60.0,,60.0,0.3887676060007925,0.4398750510588162,0.422839236039475,0.6112323939992075,0.5601249489411838,1
MD_model34,/home/lyara/areswave/models/MD_model34.nd,nd,UNK,,,1024.891,60.0,743.373,194.89800000000002,1024.891,60.0,1295.582,21.6550000000002,1371.376,75.79299999999989,1635.565,60.0,0.4736088305656101,0.39769577406354706,0.4230001262309014,0.5263911694343899,0.6023042259364529,1
Geophysical_model581,/home/lyara/areswave/models/Geophysical_model581.nd,nd,UNK,,,916.965,60.0,900.0,195.10299999999995,916.965,60.0,1120.539,33.92899999999986,1493.758,84.82200000000012,1692.179,60.0,0.2528289834470141,0.5081740792224133,0.4230590472972802,0.7471710165529859,0.4918259207775867,1
Geophysical_model476,/home/lyara/areswave/models/Geophysical_model476.nd,nd,UNK,,,967.7,60.0,900.0,181.48800000000006,967.7,60.0,1120.025,33.850000000000136,1458.525,118.47499999999991,1690.748,60.0,0.24212013312462066,0.5139655263308693,0.42335039526211976,0.7578798668753793,0.4860344736691306,1
Geophysical_model140,/home/lyara/areswave/models/Geophysical_model140.nd,nd,UNK,,,965.752,60.0,900.0,181.09500000000003,965.752,60.0,1113.693,16.437000000000126,1458.888,115.06499999999983,1673.108,60.0,0.33194848269793786,0.4691134308869763,0.4233917814906302,0.6680515173020621,0.5308865691130237,1
Geophysical_model664,/home/lyara/areswave/models/Geophysical_model664.nd,nd,UNK,,,1099.489,60.0,900.0,21.426000000000045,1099.489,60.0,1116.113,16.624000000000024,1465.218,99.74500000000012,1679.849,60.0,0.4390676301289418,0.41568110512729717,0.4234766134611787,0.5609323698710582,0.5843188948727028,1
Geophysical_model753,/home/lyara/areswave/models/Geophysical_model753.nd,nd,UNK,,,1099.489,60.0,900.0,21.426000000000045,1099.489,60.0,1116.113,16.624000000000024,1465.218,99.74500000000012,1679.849,60.0,0.4390676301289418,0.41568110512729717,0.4234766134611787,0.5609323698710582,0.5843188948727028,1
Geophysical_model739,/home/lyara/areswave/models/Geophysical_model739.nd,nd,UNK,,,1099.489,60.0,900.0,21.426000000000045,1099.489,60.0,1116.113,16.624000000000024,1465.218,99.74500000000012,1679.849,60.0,0.4390676301289418,0.41568110512729717,0.4234766134611787,0.5609323698710582,0.5843188948727028,1
Geophysical_model875,/home/lyara/areswave/models/Geophysical_model875.nd,nd,UNK,,,933.693,60.0,900.0,181.54600000000005,933.693,60.0,1119.005,33.69300000000021,1455.935,84.23299999999995,1687.906,60.0,0.277174682664283,0.49754133007095613,0.4240857809353984,0.722825317335717,0.5024586699290439,1
Geophysical_model497,/home/lyara/areswave/models/Geophysical_model497.nd,nd,UNK,,,1063.97,60.0,900.0,188.35900000000004,1063.97,60.0,1145.955,32.79399999999987,1490.293,65.58799999999997,1671.628,60.0,0.4738833970254406,0.39930866472215276,0.4241669088232487,0.5261166029745594,0.6006913352778472,1
Geophysical_model50,/home/lyara/areswave/models/Geophysical_model50.nd,nd,UNK,,,982.805,60.0,860.982,195.08799999999997,982.805,60.0,1115.292,16.56100000000015,1463.072,99.36500000000001,1677.564,60.0,0.40629305002663474,0.43325996079925744,0.4242709905417166,0.5937069499733653,0.5667400392007426,1
Geophysical_model776,/home/lyara/areswave/models/Geophysical_model776.nd,nd,UNK,,,916.728,60.0,900.0,193.20899999999995,916.728,60.0,1117.459,33.455999999999904,1468.739,83.63800000000015,1683.6,60.0,0.3450579096688635,0.4639964488456215,0.42435026912003554,0.6549420903311365,0.5360035511543785,1
Geophysical_model587,/home/lyara/areswave/models/Geophysical_model587.nd,nd,UNK,,,916.728,60.0,900.0,191.66499999999996,916.728,60.0,1117.459,33.455999999999904,1485.467,83.63800000000015,1683.6,60.0,0.48615623618203163,0.3935868702725015,0.42444332557567827,0.5138437638179684,0.6064131297274985,1
Geophysical_model523,/home/lyara/areswave/models/Geophysical_model523.nd,nd,UNK,,,966.694,60.0,900.0,192.65800000000002,966.694,60.0,1133.428,33.346000000000004,1483.57,66.69399999999996,1681.638,60.0,0.2829983069372599,0.49518705635661375,0.42445747321682914,0.7170016930627401,0.5048129436433862,1
Geophysical_model742,/home/lyara/areswave/models/Geophysical_model742.nd,nd,UNK,,,966.694,60.0,900.0,192.65800000000002,966.694,60.0,1133.428,33.346000000000004,1483.57,66.69399999999996,1681.638,60.0,0.2829983069372599,0.49518705635661375,0.42445747321682914,0.7170016930627401,0.5048129436433862,1
Geophysical_model387,/home/lyara/areswave/models/Geophysical_model387.nd,nd,UNK,,,966.673,60.0,900.0,186.43399999999997,966.673,60.0,1116.688,33.33600000000001,1483.391,100.00999999999999,1681.453,60.0,0.4266114316956714,0.4240077763883453,0.4248756614907873,0.5733885683043286,0.5759922236116547,1
Geophysical_model877,/home/lyara/areswave/models/Geophysical_model877.nd,nd,UNK,,,933.943,60.0,879.36,185.76099999999997,933.943,60.0,1120.631,33.942999999999984,1477.036,84.85800000000017,1692.437,60.0,0.3451664543132613,0.46483377109557333,0.4249446655014693,0.6548335456867387,0.5351662289044267,1
AK_model_97,/home/lyara/areswave/models/AK_model_97.nd,nd,UNK,,,1076.276,60.0,775.803,27.315000000000055,1076.276,60.0,1294.802,54.631999999999834,1322.117,27.31600000000003,1723.434,60.0,0.21925113650479244,0.5282619442515231,0.4252583416692795,0.7807488634952076,0.471738055748477,1
CD_model100,/home/lyara/areswave/models/CD_model100.nd,nd,UNK,,,,60.0,,60.0,,60.0,,60.0,,60.0,,60.0,0.2982812069653661,0.48906376933512785,0.42546958187854056,0.7017187930346339,0.5109362306648721,1
AK_model_6,/home/lyara/areswave/models/AK_model_6.nd,nd,UNK,,,1050.566,60.0,816.362,26.023000000000025,1050.566,60.0,1284.77,78.06799999999998,1310.793,26.02300000000014,1676.747,60.0,0.3244000824169574,0.47616765499007463,0.42557846413236894,0.6755999175830426,0.5238323450099254,1
Geophysical_model540,/home/lyara/areswave/models/Geophysical_model540.nd,nd,UNK,,,916.576,60.0,879.318,186.135,916.576,60.0,1115.488,16.576000000000022,1496.736,99.45600000000013,1678.109,60.0,0.4074378602231834,0.4351163614492376,0.4258901943738862,0.5925621397768166,0.5648836385507624,1
Geophysical_model859,/home/lyara/areswave/models/Geophysical_model859.nd,nd,UNK,,,950.013,60.0,900.0,182.12900000000002,950.013,60.0,1133.396,33.3420000000001,1483.489,66.68399999999997,1681.554,60.0,0.4025567771987615,0.4376282301423595,0.42593774582782684,0.5974432228012385,0.5623717698576405,1
Geophysical_model166,/home/lyara/areswave/models/Geophysical_model166.nd,nd,UNK,,,1063.464,60.0,900.0,197.09799999999996,1063.464,60.0,1145.196,32.692999999999984,1472.124,65.38599999999997,1669.795,60.0,0.3084477344605757,0.48502002885333306,0.4261625973890806,0.6915522655394243,0.5149799711466669,1
Geophysical_model90,/home/lyara/areswave/models/Geophysical_model90.nd,nd,UNK,,,949.68,60.0,900.0,190.49400000000003,949.68,60.0,1115.279,16.559999999999945,1446.478,115.91999999999985,1677.528,60.0,0.26679777964342843,0.5061637177750666,0.4263750717311872,0.7332022203565716,0.4938362822249333,1
Geophysical_model741,/home/lyara/areswave/models/Geophysical_model741.nd,nd,UNK,,,916.648,60.0,900.0,180.18100000000004,916.648,60.0,1116.419,16.64799999999991,1499.315,99.88499999999999,1680.704,60.0,0.2631083599668955,0.5080477621445546,0.42640129475200156,0.7368916400331045,0.4919522378554454,1
Geophysical_model249,/home/lyara/areswave/models/Geophysical_model249.nd,nd,UNK,,,967.872,60.0,900.0,181.00400000000002,967.872,60.0,1120.585,33.937000000000126,1459.948,101.80899999999997,1692.31,60.0,0.27735879938994834,0.5009747939796545,0.42643612911641915,0.7226412006100517,0.49902520602034545,1
Geophysical_model910,/home/lyara/areswave/models/Geophysical_model910.nd,nd,UNK,,,950.007,60.0,900.0,179.014,950.007,60.0,1133.367,33.337999999999965,1483.418,66.67599999999993,1681.481,60.0,0.5037108689922816,0.3883474630196968,0.4268019316772251,0.49628913100771843,0.6116525369803032,1
Geophysical_model278,/home/lyara/areswave/models/Geophysical_model278.nd,nd,UNK,,,950.857,60.0,900.0,199.14499999999998,950.857,60.0,1120.38,33.903999999999996,1459.426,101.71299999999997,1691.737,60.0,0.27670233086247753,0.5032407426795522,0.42772793874052734,0.7232976691375225,0.4967592573204478,1
Geophysical_model414,/home/lyara/areswave/models/Geophysical_model414.nd,nd,UNK,,,950.857,60.0,900.0,199.14499999999998,950.857,60.0,1120.38,33.903999999999996,1459.426,101.71299999999997,1691.737,60.0,0.27670233086247753,0.5032407426795522,0.42772793874052734,0.7232976691375225,0.4967592573204478,1
Geophysical_model263,/home/lyara/areswave/models/Geophysical_model263.nd,nd,UNK,,,950.857,60.0,900.0,199.14499999999998,950.857,60.0,1120.38,33.903999999999996,1459.426,101.71299999999997,1691.737,60.0,0.27670233086247753,0.5032407426795522,0.42772793874052734,0.7232976691375225,0.4967592573204478,1
AK_model_28,/home/lyara/areswave/models/AK_model_28.nd,nd,UNK,,,1043.88,60.0,800.399,27.053999999999974,1043.88,60.0,1287.361,54.1070000000002,1314.414,27.054000000000087,1713.845,60.0,0.18558679734058392,0.5489399353430615,0.427822222675569,0.8144132026594161,0.4510600646569385,1
Geophysical_model716,/home/lyara/areswave/models/Geophysical_model716.nd,nd,UNK,,,916.965,60.0,878.056,197.49199999999996,916.965,60.0,1120.546,33.930000000000064,1476.812,101.79099999999994,1692.199,60.0,0.5097438080334149,0.38705603382021336,0.4279519585579472,0.4902561919665851,0.6129439661797866,1
Geophysical_model585,/home/lyara/areswave/models/Geophysical_model585.nd,nd,UNK,,,916.965,60.0,878.056,197.49199999999996,916.965,60.0,1120.546,33.930000000000064,1476.812,101.79099999999994,1692.199,60.0,0.5097438080334149,0.38705603382021336,0.4279519585579472,0.4902561919665851,0.6129439661797866,1
Geophysical_model838,/home/lyara/areswave/models/Geophysical_model838.nd,nd,UNK,,,916.965,60.0,878.056,197.49199999999996,916.965,60.0,1120.546,33.930000000000064,1476.812,101.79099999999994,1692.199,60.0,0.5097438080334149,0.38705603382021336,0.4279519585579472,0.4902561919665851,0.6129439661797866,1
Geophysical_model896,/home/lyara/areswave/models/Geophysical_model896.nd,nd,UNK,,,900.0,60.0,900.0,198.32500000000005,900.0,60.0,1104.416,17.035000000000082,1479.179,102.20799999999986,1694.72,60.0,0.3030023667967633,0.49044910948645226,0.42796686192322264,0.6969976332032367,0.5095508905135477,1
AK_model_12,/home/lyara/areswave/models/AK_model_12.nd,nd,UNK,,,1035.663,60.0,813.003,24.74000000000001,1035.663,60.0,1283.062,74.2199999999998,1307.802,24.74000000000001,1686.223,60.0,0.3500979450698821,0.4670368123693538,0.4280571899361966,0.6499020549301179,0.5329631876306462,1
Geophysical_model878,/home/lyara/areswave/models/Geophysical_model878.nd,nd,UNK,,,916.648,60.0,900.0,180.38800000000003,916.648,60.0,1116.419,16.64799999999991,1499.315,99.88499999999999,1680.704,60.0,0.32779770032618516,0.47819196304116607,0.42806054213617245,0.6722022996738148,0.5218080369588339,1
Geophysical_model590,/home/lyara/areswave/models/Geophysical_model590.nd,nd,UNK,,,916.672,60.0,876.867,185.067,916.672,60.0,1116.735,33.343999999999824,1483.517,83.35900000000015,1681.583,60.0,0.3833285402891139,0.45121951659138715,0.42858919115729605,0.6166714597108861,0.5487804834086129,1
Geophysical_model967,/home/lyara/areswave/models/Geophysical_model967.nd,nd,UNK,,,916.672,60.0,877.4,180.79700000000003,916.672,60.0,1116.741,33.34500000000003,1483.532,83.36199999999985,1681.599,60.0,0.40996262234061864,0.4381883808132392,0.42877979465569904,0.5900373776593814,0.5618116191867608,1
Geophysical_model382,/home/lyara/areswave/models/Geophysical_model382.nd,nd,UNK,,,1063.521,60.0,900.0,197.65700000000004,1063.521,60.0,1145.281,32.70399999999995,1488.674,65.4079999999999,1669.999,60.0,0.4192824411175362,0.43387688966026616,0.42901207347935616,0.5807175588824638,0.5661231103397338,1
AK_model_40,/home/lyara/areswave/models/AK_model_40.nd,nd,UNK,,,1044.143,60.0,837.506,25.829999999999927,1044.143,60.0,1276.61,77.4889999999998,1302.439,25.829999999999927,1667.377,60.0,0.3096719340730256,0.48874569760606457,0.4290544430950516,0.6903280659269744,0.5112543023939354,1
Geophysical_model291,/home/lyara/areswave/models/Geophysical_model291.nd,nd,UNK,,,1033.201,60.0,900.0,180.11699999999996,1033.201,60.0,1133.102,33.299999999999955,1499.404,83.25,1680.794,60.0,0.3437376198655331,0.47182670312752917,0.4291303420401971,0.6562623801344669,0.5281732968724708,1
Geophysical_model755,/home/lyara/areswave/models/Geophysical_model755.nd,nd,UNK,,,933.815,60.0,879.527,184.25300000000004,933.815,60.0,1119.798,33.81499999999983,1474.857,84.53699999999981,1690.116,60.0,0.44274646162993214,0.4225553573279738,0.4292857254286266,0.5572535383700679,0.5774446426720262,1
Geophysical_model570,/home/lyara/areswave/models/Geophysical_model570.nd,nd,UNK,,,933.815,60.0,879.527,184.25300000000004,933.815,60.0,1119.798,33.81499999999983,1474.857,84.53699999999981,1690.116,60.0,0.44274646162993214,0.4225553573279738,0.4292857254286266,0.5572535383700679,0.5774446426720262,1
Geophysical_model230,/home/lyara/areswave/models/Geophysical_model230.nd,nd,UNK,,,949.483,60.0,900.0,193.52599999999995,949.483,60.0,1114.426,16.494000000000142,1460.805,98.9659999999999,1675.15,60.0,0.3191628686659944,0.48441732877033494,0.4293325087355548,0.6808371313340056,0.5155826712296651,1
MD_model30,/home/lyara/areswave/models/MD_model30.nd,nd,UNK,,,1031.761,60.0,887.465,10.307000000000016,1031.761,60.0,1279.127,154.60400000000004,1330.661,61.84199999999987,1586.589,60.0,0.492140407578586,0.39797976165809645,0.429366643631593,0.507859592421414,0.6020202383419035,1
CD_model62,/home/lyara/areswave/models/CD_model62.nd,nd,UNK,,,,60.0,,60.0,,60.0,,60.0,,60.0,,60.0,0.36746437979315505,0.46038715649540674,0.42941289759465623,0.632535620206845,0.5396128435045933,1
Geophysical_model34,/home/lyara/areswave/models/Geophysical_model34.nd,nd,UNK,,,1047.698,60.0,900.0,190.48699999999997,1047.698,60.0,1146.164,32.82199999999989,1490.792,65.64300000000003,1672.131,60.0,0.47794755286296686,0.40515422449892236,0.4294186672869372,0.5220524471370331,0.5948457755010776,1
AK_model_65,/home/lyara/areswave/models/AK_model_65.nd,nd,UNK,,,1001.408,60.0,796.24,25.645999999999958,1001.408,60.0,1103.992,102.58400000000006,1360.452,25.645999999999958,1695.897,60.0,0.4709146289382836,0.4087001758634695,0.4294383268884075,0.5290853710617164,0.5912998241365305,1
AK_model_18,/home/lyara/areswave/models/AK_model_18.nd,nd,UNK,,,1030.098,60.0,809.519,24.509000000000015,1030.098,60.0,1275.186,98.03499999999985,1324.204,171.56100000000015,1676.548,60.0,0.36395058730317653,0.46222075563928366,0.42946403286058127,0.6360494126968235,0.5377792443607163,1
CD_model70,/home/lyara/areswave/models/CD_model70.nd,nd,UNK,,,,60.0,,60.0,,60.0,,60.0,,60.0,,60.0,0.38305564318694163,0.453026171955226,0.42970266236579785,0.6169443568130584,0.546973828044774,1
AK_model_80,/home/lyara/areswave/models/AK_model_80.nd,nd,UNK,,,1048.834,60.0,845.714,25.3900000000001,1048.834,60.0,1277.345,50.77999999999997,1328.125,50.7800000000002,1687.555,60.0,0.45624627240335547,0.4169911789559968,0.4300762101051164,0.5437537275966445,0.5830088210440032,1
Geophysical_model442,/home/lyara/areswave/models/Geophysical_model442.nd,nd,UNK,,,949.524,60.0,900.0,193.25699999999995,949.524,60.0,1114.604,16.509000000000015,1461.273,99.048,1675.648,60.0,0.3958588454124635,0.4475912244576222,0.43034709810923594,0.6041411545875365,0.5524087755423778,1
Geophysical_model914,/home/lyara/areswave/models/Geophysical_model914.nd,nd,UNK,,,916.754,60.0,875.916,192.673,916.754,60.0,1117.798,33.506999999999834,1486.378,83.76800000000003,1684.543,60.0,0.4074946909619621,0.4418455051207121,0.4303952337344621,0.5925053090380379,0.5581544948792879,1
Geophysical_model551,/home/lyara/areswave/models/Geophysical_model551.nd,nd,UNK,,,916.754,60.0,875.916,192.673,916.754,60.0,1117.798,33.506999999999834,1486.378,83.76800000000003,1684.543,60.0,0.4074946909619621,0.4418455051207121,0.4303952337344621,0.5925053090380379,0.5581544948792879,1
Geophysical_model899,/home/lyara/areswave/models/Geophysical_model899.nd,nd,UNK,,,933.35,60.0,853.741,185.034,933.35,60.0,1116.776,33.34999999999991,1483.627,83.375,1681.697,60.0,0.3053783518666764,0.49313040381830964,0.43054638650109855,0.6946216481333236,0.5068695961816904,1
Geophysical_model940,/home/lyara/areswave/models/Geophysical_model940.nd,nd,UNK,,,933.35,60.0,853.741,185.034,933.35,60.0,1116.776,33.34999999999991,1483.627,83.375,1681.697,60.0,0.3053783518666764,0.49313040381830964,0.43054638650109855,0.6946216481333236,0.5068695961816904,1
Geophysical_model202,/home/lyara/areswave/models/Geophysical_model202.nd,nd,UNK,,,1000.927,60.0,900.0,187.87,1000.927,60.0,1135.497,33.64300000000003,1488.742,84.106,1686.989,60.0,0.40862389759040463,0.4418217276209775,0.4307557842774532,0.5913761024095954,0.5581782723790225,1
Geophysical_model847,/home/lyara/areswave/models/Geophysical_model847.nd,nd,UNK,,,916.687,60.0,876.852,185.18100000000004,916.687,60.0,1116.931,33.374000000000024,1484.044,83.43500000000017,1682.128,60.0,0.33935039673506173,0.47670932319347326,0.43092301437400277,0.6606496032649383,0.5232906768065267,1
Geophysical_model831,/home/lyara/areswave/models/Geophysical_model831.nd,nd,UNK,,,933.798,60.0,879.696,182.73299999999995,933.798,60.0,1119.688,33.798,1491.467,84.49500000000012,1689.809,60.0,0.2958300713953733,0.4989722208495796,0.4312581710315109,0.7041699286046267,0.5010277791504204,1
Geophysical_model912,/home/lyara/areswave/models/Geophysical_model912.nd,nd,UNK,,,916.723,60.0,900.0,178.98699999999997,916.723,60.0,1117.396,33.44599999999991,1468.574,83.61400000000003,1683.425,60.0,0.34769449611786374,0.47333005686268703,0.43145153661441266,0.6523055038821363,0.526669943137313,1
Geophysical_model881,/home/lyara/areswave/models/Geophysical_model881.nd,nd,UNK,,,950.007,60.0,900.0,179.212,950.007,60.0,1133.367,50.00700000000006,1483.418,66.67599999999993,1681.481,60.0,0.4311933852534837,0.43208393877712614,0.43178708760257867,0.5688066147465163,0.5679160612228739,1
Geophysical_model212,/home/lyara/areswave/models/Geophysical_model212.nd,nd,UNK,,,1001.068,60.0,876.475,188.20299999999997,1001.068,60.0,1118.98,33.68900000000008,1489.56,101.06700000000001,1687.836,60.0,0.3839617176397785,0.4557686025238217,0.43183297422914063,0.6160382823602215,0.5442313974761783,1
Geophysical_model816,/home/lyara/areswave/models/Geophysical_model816.nd,nd,UNK,,,1087.5,60.0,900.0,22.587999999999965,1087.5,60.0,1104.545,17.04599999999982,1445.454,119.31799999999998,1695.109,60.0,0.24930354322399517,0.523409740356396,0.432041007978929,0.7506964567760048,0.47659025964360396,1
Geophysical_model421,/home/lyara/areswave/models/Geophysical_model421.nd,nd,UNK,,,999.836,60.0,900.0,191.389,999.836,60.0,1116.312,16.639000000000124,1465.739,99.83699999999999,1680.405,60.0,0.39229868762344833,0.4521482966828366,0.4321984269963739,0.6077013123765517,0.5478517033171634,1
Geophysical_model6,/home/lyara/areswave/models/Geophysical_model6.nd,nd,UNK,,,966.445,60.0,900.0,181.38099999999997,966.445,60.0,1115.945,16.611000000000104,1464.778,99.66700000000014,1679.382,60.0,0.27554909856009224,0.5107090630780294,0.432322408238717,0.7244509014399078,0.48929093692197057,1
Geophysical_model13,/home/lyara/areswave/models/Geophysical_model13.nd,nd,UNK,,,1000.969,60.0,876.459,188.33000000000004,1000.969,60.0,1135.595,33.65599999999995,1488.989,100.97000000000003,1687.244,60.0,0.26065488736212916,0.518175960386688,0.4323356027118351,0.7393451126378708,0.48182403961331205,1
Geophysical_model96,/home/lyara/areswave/models/Geophysical_model96.nd,nd,UNK,,,966.829,60.0,900.0,198.79600000000005,966.829,60.0,1117.194,33.41399999999999,1451.339,100.24299999999994,1682.862,60.0,0.5266297374970421,0.3856700638832956,0.43265662175454445,0.47337026250295783,0.6143299361167044,1
Geophysical_model234,/home/lyara/areswave/models/Geophysical_model234.nd,nd,UNK,,,966.829,60.0,900.0,198.79600000000005,966.829,60.0,1117.194,33.41399999999999,1451.339,100.24299999999994,1682.862,60.0,0.5266297374970421,0.3856700638832956,0.43265662175454445,0.47337026250295783,0.6143299361167044,1
CD_model14,/home/lyara/areswave/models/CD_model14.nd,nd,UNK,,,,60.0,,60.0,,60.0,,60.0,,60.0,,60.0,0.41191166240851895,0.4432905526455989,0.43283092256657224,0.588088337591481,0.5567094473544011,1
MD_model13,/home/lyara/areswave/models/MD_model13.nd,nd,UNK,,,1005.054,60.0,807.542,10.396000000000072,1005.054,60.0,1244.149,145.53600000000006,1358.498,166.32600000000002,1595.035,60.0,0.29344043384908136,0.5027445052606658,0.4329764814568044,0.7065595661509186,0.4972554947393341,1
Geophysical_model900,/home/lyara/areswave/models/Geophysical_model900.nd,nd,UNK,,,916.728,60.0,875.978,192.17600000000004,916.728,60.0,1117.467,33.455999999999904,1485.488,83.64100000000008,1683.622,60.0,0.372865533634972,0.463395521237971,0.433218858703638,0.627134466365028,0.536604478762029,1
AK_model_23,/home/lyara/areswave/models/AK_model_23.nd,nd,UNK,,,1057.206,60.0,792.209,26.5,1057.206,60.0,1295.703,52.999000000000024,1322.203,26.5,1691.329,60.0,0.3429456467194155,0.4783966832202142,0.433246337719948,0.6570543532805845,0.5216033167797858,1
CD_model81,/home/lyara/areswave/models/CD_model81.nd,nd,UNK,,,,60.0,,60.0,,60.0,,60.0,,60.0,,60.0,0.4097590028887024,0.4453980419779997,0.43351836228156726,0.5902409971112976,0.5546019580220003,1
Geophysical_model849,/home/lyara/areswave/models/Geophysical_model849.nd,nd,UNK,,,916.902,60.0,900.0,181.07899999999995,916.902,60.0,1119.729,33.80400000000009,1474.676,84.51099999999997,1689.924,60.0,0.40943087678099965,0.4456016829609698,0.4335447475676464,0.5905691232190003,0.5543983170390302,1
Geophysical_model555,/home/lyara/areswave/models/Geophysical_model555.nd,nd,UNK,,,916.902,60.0,900.0,181.07899999999995,916.902,60.0,1119.729,33.80400000000009,1474.676,84.51099999999997,1689.924,60.0,0.40943087678099965,0.4456016829609698,0.4335447475676464,0.5905691232190003,0.5543983170390302,1
Geophysical_model687,/home/lyara/areswave/models/Geophysical_model687.nd,nd,UNK,,,916.902,60.0,900.0,181.07899999999995,916.902,60.0,1119.729,33.80400000000009,1474.676,84.51099999999997,1689.924,60.0,0.40943087678099965,0.4456016829609698,0.4335447475676464,0.5905691232190003,0.5543983170390302,1
Geophysical_model550,/home/lyara/areswave/models/Geophysical_model550.nd,nd,UNK,,,1099.489,60.0,900.0,20.990999999999985,1099.489,60.0,1116.113,16.624000000000024,1465.218,99.74500000000012,1679.849,60.0,0.35026190867418683,0.47519598439860633,0.43355129249046653,0.6497380913258132,0.5248040156013937,1
Geophysical_model703,/home/lyara/areswave/models/Geophysical_model703.nd,nd,UNK,,,1099.489,60.0,900.0,20.990999999999985,1099.489,60.0,1116.113,16.624000000000024,1465.218,99.74500000000012,1679.849,60.0,0.35026190867418683,0.47519598439860633,0.43355129249046653,0.6497380913258132,0.5248040156013937,1
Geophysical_model569,/home/lyara/areswave/models/Geophysical_model569.nd,nd,UNK,,,916.707,60.0,875.814,193.485,916.707,60.0,1117.197,33.414999999999964,1484.761,83.53800000000001,1682.87,60.0,0.45973478763260356,0.420950460385184,0.4338785694676572,0.5402652123673964,0.579049539614816,1
Geophysical_model780,/home/lyara/areswave/models/Geophysical_model780.nd,nd,UNK,,,916.707,60.0,875.814,193.485,916.707,60.0,1117.197,33.414999999999964,1484.761,83.53800000000001,1682.87,60.0,0.45973478763260356,0.420950460385184,0.4338785694676572,0.5402652123673964,0.579049539614816,1
Geophysical_model692,/home/lyara/areswave/models/Geophysical_model692.nd,nd,UNK,,,1099.489,60.0,900.0,20.90599999999995,1099.489,60.0,1116.113,16.624000000000024,1465.218,99.74500000000012,1679.849,60.0,0.6144843081284599,0.3436159510777693,0.4339054034279995,0.3855156918715401,0.6563840489222307,1
Geophysical_model186,/home/lyara/areswave/models/Geophysical_model186.nd,nd,UNK,,,933.038,60.0,900.0,199.34000000000003,933.038,60.0,1114.745,16.519000000000005,1445.122,99.11300000000006,1676.04,60.0,0.4199652085367306,0.44107934390080694,0.43404129877944814,0.5800347914632694,0.5589206560991931,1
Geophysical_model678,/home/lyara/areswave/models/Geophysical_model678.nd,nd,UNK,,,916.693,60.0,877.488,180.09500000000003,916.693,60.0,1117.015,33.386000000000195,1484.271,83.46699999999987,1682.363,60.0,0.43929194989164944,0.4314237203411918,0.4340464635246777,0.5607080501083506,0.5685762796588082,1
AK_model_67,/home/lyara/areswave/models/AK_model_67.nd,nd,UNK,,,1034.55,60.0,885.984,24.75999999999999,1034.55,60.0,1158.354,99.04399999999987,1381.202,99.04299999999989,1662.605,60.0,0.41073930630589073,0.4457011580506922,0.43404720746909176,0.5892606936941093,0.5542988419493078,1
Geophysical_model787,/home/lyara/areswave/models/Geophysical_model787.nd,nd,UNK,,,933.798,60.0,900.0,182.937,933.798,60.0,1119.688,33.798,1474.568,84.49500000000012,1689.809,60.0,0.432373475512996,0.4349795567892695,0.43411086303051166,0.567626524487004,0.5650204432107305,1
AK_model_35,/home/lyara/areswave/models/AK_model_35.nd,nd,UNK,,,1083.341,60.0,898.594,26.39300000000003,1083.341,60.0,1294.481,26.392000000000053,1347.266,79.17699999999991,1689.198,60.0,0.378164990263405,0.46233255796659445,0.4342767020655313,0.621835009736595,0.5376674420334056,1
Geophysical_model926,/home/lyara/areswave/models/Geophysical_model926.nd,nd,UNK,,,933.844,60.0,879.594,183.65200000000004,933.844,60.0,1119.984,33.84400000000005,1492.265,84.60900000000015,1690.635,60.0,0.2983464384571167,0.5034276273192589,0.43506723103187817,0.7016535615428833,0.49657237268074106,1
MD_model57,/home/lyara/areswave/models/MD_model57.nd,nd,UNK,,,943.736,60.0,850.536,93.19999999999993,943.736,60.0,1285.469,62.13300000000004,1306.18,31.06600000000003,1593.857,60.0,0.37731583190990936,0.4642486646446964,0.43527105373310065,0.6226841680900906,0.5357513353553036,1
Geophysical_model335,/home/lyara/areswave/models/Geophysical_model335.nd,nd,UNK,,,1031.52,60.0,900.0,187.375,1031.52,60.0,1130.159,32.87999999999988,1491.838,82.19900000000007,1673.183,60.0,0.676111365699849,0.3149756162446292,0.43535419939636916,0.32388863430015097,0.6850243837553708,1
Geophysical_model636,/home/lyara/areswave/models/Geophysical_model636.nd,nd,UNK,,,900.0,60.0,900.0,178.87,900.0,60.0,1118.565,33.625,1471.633,100.87599999999998,1686.682,60.0,0.28275303384915507,0.511687969158861,0.43537632405562565,0.7172469661508449,0.4883120308411391,1
Geophysical_model958,/home/lyara/areswave/models/Geophysical_model958.nd,nd,UNK,,,900.0,60.0,900.0,188.84000000000003,900.0,60.0,1116.0,16.61500000000001,1498.154,99.69200000000001,1679.536,60.0,0.34776453792938744,0.4792201987292819,0.43540164512931706,0.6522354620706126,0.5207798012707181,1
AK_model_2,/home/lyara/areswave/models/AK_model_2.nd,nd,UNK,,,1042.278,60.0,836.749,25.69100000000003,1042.278,60.0,1273.498,102.76400000000012,1324.88,25.690999999999804,1663.202,60.0,0.38236543057226835,0.46192742310847357,0.4354067589297385,0.6176345694277317,0.5380725768915264,1
Geophysical_model686,/home/lyara/areswave/models/Geophysical_model686.nd,nd,UNK,,,900.0,60.0,900.0,21.477999999999952,900.0,60.0,1116.829,33.35799999999995,1483.771,100.07500000000005,1681.845,60.0,0.28853142485587024,0.509009121487846,0.43551655594385413,0.7114685751441298,0.4909908785121539,1
MD_model48,/home/lyara/areswave/models/MD_model48.nd,nd,UNK,,,929.177,60.0,788.375,191.08799999999997,929.177,60.0,1281.18,60.343000000000075,1301.295,60.0,1482.325,61.521999999999935,0.5440748450453737,0.381263840151119,0.4355341751158706,0.45592515495462627,0.618736159848881,1
Geophysical_model560,/home/lyara/areswave/models/Geophysical_model560.nd,nd,UNK,,,1099.489,60.0,900.0,21.346000000000004,1099.489,60.0,1116.113,16.624000000000024,1465.218,99.74500000000012,1679.849,60.0,0.34399700983258286,0.4821340333857007,0.43608835886799474,0.6560029901674171,0.5178659666142993,1
Geophysical_model464,/home/lyara/areswave/models/Geophysical_model464.nd,nd,UNK,,,1030.985,60.0,900.0,188.21500000000003,1030.985,60.0,1129.223,32.746000000000095,1489.43,81.86500000000001,1670.76,60.0,0.5231318715490477,0.3936673164992629,0.43682216818252445,0.4768681284509523,0.6063326835007371,1
Geophysical_model443,/home/lyara/areswave/models/Geophysical_model443.nd,nd,UNK,,,1030.985,60.0,900.0,188.21500000000003,1030.985,60.0,1129.223,32.746000000000095,1489.43,81.86500000000001,1670.76,60.0,0.5231318715490477,0.3936673164992629,0.43682216818252445,0.4768681284509523,0.6063326835007371,1
Geophysical_model846,/home/lyara/areswave/models/Geophysical_model846.nd,nd,UNK,,,916.714,60.0,900.0,188.96900000000005,916.714,60.0,1117.284,33.42800000000011,1468.281,83.57100000000014,1683.113,60.0,0.37819952358385833,0.46664235817532085,0.4371614133115,0.6218004764161417,0.5333576418246792,1
CD_model47,/home/lyara/areswave/models/CD_model47.nd,nd,UNK,,,,60.0,,60.0,,60.0,,60.0,,60.0,,60.0,0.34052087093371597,0.48617556513436233,0.43762400040081356,0.659479129066284,0.5138244348656377,1
Geophysical_model407,/home/lyara/areswave/models/Geophysical_model407.nd,nd,UNK,,,1047.872,60.0,900.0,189.28499999999997,1047.872,60.0,1130.023,32.8599999999999,1491.488,82.15100000000007,1672.831,60.0,0.4754745696964713,0.4189643236590408,0.43780107233818427,0.5245254303035287,0.5810356763409592,1
Geophysical_model572,/home/lyara/areswave/models/Geophysical_model572.nd,nd,UNK,,,1099.901,60.0,900.0,21.404999999999973,1099.901,60.0,1116.56,16.65800000000013,1466.387,116.60899999999992,1681.095,60.0,0.3012437096883802,0.5060841034327803,0.43780397218464695,0.6987562903116198,0.4939158965672197,1
CD_model76,/home/lyara/areswave/models/CD_model76.nd,nd,UNK,,,,60.0,,60.0,,60.0,,60.0,,60.0,,60.0,0.45303823311341185,0.43025901681921797,0.4378520889172826,0.5469617668865882,0.569740983180782,1
Geophysical_model840,/home/lyara/areswave/models/Geophysical_model840.nd,nd,UNK,,,950.057,60.0,900.0,178.01199999999994,950.057,60.0,1133.601,33.371000000000095,1484.001,66.74299999999994,1682.084,60.0,0.2833016292068611,0.5151864322484555,0.43789149790125736,0.7166983707931389,0.4848135677515445,1
Geophysical_model3,/home/lyara/areswave/models/Geophysical_model3.nd,nd,UNK,,,1098.645,60.0,900.0,180.72500000000002,1098.645,60.0,1115.199,16.55399999999986,1429.721,99.32199999999989,1677.304,60.0,0.4039920141904384,0.4549394804465513,0.4379569916945137,0.5960079858095616,0.5450605195534487,1
Geophysical_model660,/home/lyara/areswave/models/Geophysical_model660.nd,nd,UNK,,,1097.761,60.0,900.0,24.192999999999984,1097.761,60.0,1114.242,16.480000000000018,1443.844,115.3610000000001,1674.637,60.0,0.30290057248913804,0.5056119863833928,0.43804151508530786,0.697099427510862,0.4943880136166073,1
Geophysical_model721,/home/lyara/areswave/models/Geophysical_model721.nd,nd,UNK,,,933.939,60.0,879.373,185.64099999999996,933.939,60.0,1120.601,33.93899999999985,1476.955,84.84699999999998,1692.352,60.0,0.5228980345904399,0.3956958692888817,0.43809659105606774,0.47710196540956,0.6043041307111183,1
Geophysical_model737,/home/lyara/areswave/models/Geophysical_model737.nd,nd,UNK,,,933.939,60.0,879.373,185.64099999999996,933.939,60.0,1120.601,33.93899999999985,1476.955,84.84699999999998,1692.352,60.0,0.5228980345904399,0.3956958692888817,0.43809659105606774,0.47710196540956,0.6043041307111183,1
Geophysical_model554,/home/lyara/areswave/models/Geophysical_model554.nd,nd,UNK,,,933.939,60.0,879.373,185.64099999999996,933.939,60.0,1120.601,33.93899999999985,1476.955,84.84699999999998,1692.352,60.0,0.5228980345904399,0.3956958692888817,0.43809659105606774,0.47710196540956,0.6043041307111183,1
Geophysical_model388,/home/lyara/areswave/models/Geophysical_model388.nd,nd,UNK,,,950.857,60.0,900.0,180.539,950.857,60.0,1120.38,33.903999999999996,1459.426,101.71299999999997,1691.737,60.0,0.33505009767923255,0.4896687556841961,0.43812920301587494,0.6649499023207674,0.5103312443158039,1
Geophysical_model622,/home/lyara/areswave/models/Geophysical_model622.nd,nd,UNK,,,933.416,60.0,900.0,184.26800000000003,933.416,60.0,1117.203,33.41600000000017,1484.777,83.53999999999996,1682.887,60.0,0.30012768315393135,0.5072669986615524,0.43822056015901206,0.6998723168460687,0.49273300133844755,1
Geophysical_model393,/home/lyara/areswave/models/Geophysical_model393.nd,nd,UNK,,,1031.867,60.0,900.0,187.779,1031.867,60.0,1130.767,32.96699999999987,1476.918,82.41600000000017,1674.755,60.0,0.3087337664512322,0.5032139223505332,0.43838720371743284,0.6912662335487678,0.49678607764946686,1
Geophysical_model184,/home/lyara/areswave/models/Geophysical_model184.nd,nd,UNK,,,950.621,60.0,900.0,192.91899999999998,950.621,60.0,1119.357,33.74700000000007,1456.828,118.11599999999999,1688.886,60.0,0.222612893785046,0.546353369601976,0.43843987766299936,0.777387106214954,0.453646630398024,1
Geophysical_model474,/home/lyara/areswave/models/Geophysical_model474.nd,nd,UNK,,,949.523,60.0,900.0,189.937,949.523,60.0,1114.598,16.507000000000062,1461.256,99.04499999999985,1675.63,60.0,0.2992469583487599,0.508152098250725,0.4385170516167367,0.7007530416512401,0.491847901749275,1
Geophysical_model384,/home/lyara/areswave/models/Geophysical_model384.nd,nd,UNK,,,949.523,60.0,900.0,189.937,949.523,60.0,1114.598,16.507000000000062,1461.256,99.04499999999985,1675.63,60.0,0.2992469583487599,0.508152098250725,0.4385170516167367,0.7007530416512401,0.491847901749275,1
Geophysical_model416,/home/lyara/areswave/models/Geophysical_model416.nd,nd,UNK,,,965.961,60.0,900.0,191.53599999999994,965.961,60.0,1114.373,16.490999999999985,1460.669,98.94200000000001,1675.004,60.0,0.30746361113066234,0.5041299368185181,0.4385744949225662,0.6925363888693377,0.4958700631814818,1
Geophysical_model702,/home/lyara/areswave/models/Geophysical_model702.nd,nd,UNK,,,916.728,60.0,900.0,193.447,916.728,60.0,1117.459,33.455999999999904,1485.467,83.63800000000015,1683.6,60.0,0.310002824421135,0.5039181973471996,0.43927973970517803,0.689997175578865,0.4960818026528004,1
Geophysical_model617,/home/lyara/areswave/models/Geophysical_model617.nd,nd,UNK,,,900.0,60.0,900.0,22.54600000000005,900.0,60.0,1101.621,16.801999999999907,1454.457,100.81099999999992,1686.284,60.0,0.25763835325670714,0.530348347800802,0.43944501628610366,0.7423616467432929,0.46965165219919797,1
Geophysical_model659,/home/lyara/areswave/models/Geophysical_model659.nd,nd,UNK,,,916.847,60.0,879.824,181.587,916.847,60.0,1119.005,33.69300000000021,1489.628,84.23299999999995,1687.906,60.0,0.34275113282115954,0.4879436426173185,0.4395461393519322,0.6572488671788405,0.5120563573826815,1
Geophysical_model406,/home/lyara/areswave/models/Geophysical_model406.nd,nd,UNK,,,999.801,60.0,900.0,193.60699999999997,999.801,60.0,1116.236,16.63299999999981,1482.173,99.80099999999993,1680.192,60.0,0.433015601025843,0.4429406022791639,0.4396322685280569,0.566984398974157,0.5570593977208361,1
Geophysical_model595,/home/lyara/areswave/models/Geophysical_model595.nd,nd,UNK,,,933.533,60.0,900.0,190.85500000000002,933.533,60.0,1117.965,33.5329999999999,1486.828,83.83300000000008,1685.009,60.0,0.2452051858759462,0.5370625563323514,0.4397767661802163,0.7547948141240538,0.4629374436676486,1
CD_model96,/home/lyara/areswave/models/CD_model96.nd,nd,UNK,,,,60.0,,60.0,,60.0,,60.0,,60.0,,60.0,0.5169741968229454,0.4012412562449147,0.4398189031042583,0.48302580317705457,0.5987587437550853,1
Geophysical_model371,/home/lyara/areswave/models/Geophysical_model371.nd,nd,UNK,,,1031.52,60.0,900.0,186.70299999999997,1031.52,60.0,1130.159,32.87999999999988,1491.838,82.19900000000007,1673.183,60.0,0.30561332058806534,0.5070113197451135,0.43987865335943077,0.6943866794119347,0.4929886802548865,1
Geophysical_model699,/home/lyara/areswave/models/Geophysical_model699.nd,nd,UNK,,,900.0,60.0,900.0,179.615,900.0,60.0,1118.724,33.65000000000009,1488.873,100.94900000000007,1687.125,60.0,0.360000712739025,0.4802424061465813,0.44016184167739586,0.639999287260975,0.5197575938534187,1
Geophysical_model483,/home/lyara/areswave/models/Geophysical_model483.nd,nd,UNK,,,966.664,60.0,900.0,186.70399999999995,966.664,60.0,1116.657,16.666000000000167,1466.64,99.99500000000012,1681.365,60.0,0.3831172077253294,0.46878267641162585,0.4402275201828603,0.6168827922746706,0.5312173235883741,1
Geophysical_model20,/home/lyara/areswave/models/Geophysical_model20.nd,nd,UNK,,,966.664,60.0,900.0,186.70399999999995,966.664,60.0,1116.657,16.666000000000167,1466.64,99.99500000000012,1681.365,60.0,0.3831172077253294,0.46878267641162585,0.4402275201828603,0.6168827922746706,0.5312173235883741,1
AK_model_98,/home/lyara/areswave/models/AK_model_98.nd,nd,UNK,,,1045.711,60.0,774.539,27.116999999999962,1045.711,60.0,1289.767,54.23500000000013,1316.884,54.233999999999924,1716.731,60.0,0.3390658700642112,0.4910544743168148,0.4403916062326136,0.6609341299357888,0.5089455256831852,1
AK_model_37,/home/lyara/areswave/models/AK_model_37.nd,nd,UNK,,,1028.349,60.0,814.506,26.730000000000018,1028.349,60.0,1295.654,106.92200000000003,1482.767,160.38300000000004,1693.426,60.0,0.581665414240103,0.37001735611760167,0.4405667088251021,0.41833458575989707,0.6299826438823983,1
MD_model98,/home/lyara/areswave/models/MD_model98.nd,nd,UNK,,,964.445,60.0,700.606,189.96400000000006,964.445,60.0,1270.498,42.21499999999992,1333.82,105.53599999999983,1604.395,60.0,0.29968283894929715,0.5115960436110749,0.44095830872381564,0.7003171610507029,0.48840395638892503,1
Geophysical_model634,/home/lyara/areswave/models/Geophysical_model634.nd,nd,UNK,,,900.0,60.0,900.0,22.418000000000006,900.0,60.0,1101.621,16.801999999999907,1488.061,100.81099999999992,1686.284,60.0,0.35468524507131827,0.4845444339048899,0.4412580376270327,0.6453147549286817,0.5154555660951101,1
MD_model19,/home/lyara/areswave/models/MD_model19.nd,nd,UNK,,,1059.774,60.0,728.117,192.5759999999999,1059.774,60.0,1209.555,192.57500000000005,1348.637,106.98699999999985,1611.188,60.0,0.4205911128154223,0.4516023143353345,0.4412652471620304,0.5794088871845777,0.5483976856646655,1
AK_model_3,/home/lyara/areswave/models/AK_model_3.nd,nd,UNK,,,1022.298,60.0,814.479,51.95500000000004,1022.298,60.0,1282.072,103.90999999999985,1308.049,25.978000000000065,1673.821,60.0,0.37695463180640965,0.4734565861405907,0.44128926802919705,0.6230453681935904,0.5265434138594093,1
Geophysical_model955,/home/lyara/areswave/models/Geophysical_model955.nd,nd,UNK,,,949.954,60.0,900.0,178.87599999999998,949.954,60.0,1133.117,33.30300000000011,1482.794,83.25599999999986,1680.834,60.0,0.33816867692778696,0.4930069542030131,0.44139419511127104,0.661831323072213,0.5069930457969869,1
CD_model27,/home/lyara/areswave/models/CD_model27.nd,nd,UNK,,,,60.0,,60.0,,60.0,,60.0,,60.0,,60.0,0.4526415378444866,0.4358160323241217,0.4414245341642433,0.5473584621555134,0.5641839676758783,1
Geophysical_model146,/home/lyara/areswave/models/Geophysical_model146.nd,nd,UNK,,,950.269,60.0,900.0,194.93100000000004,950.269,60.0,1117.834,33.51299999999992,1452.962,117.29499999999985,1684.644,60.0,0.36727777656064375,0.47875642604734836,0.4415968762184468,0.6327222234393562,0.5212435739526516,1
Geophysical_model871,/home/lyara/areswave/models/Geophysical_model871.nd,nd,UNK,,,1099.979,60.0,900.0,21.956999999999994,1099.979,60.0,1116.644,16.664999999999964,1466.608,116.6550000000002,1681.33,60.0,0.34573320919223083,0.4895681421173693,0.4416231644756565,0.6542667908077692,0.5104318578826307,1
Geophysical_model895,/home/lyara/areswave/models/Geophysical_model895.nd,nd,UNK,,,900.0,60.0,900.0,197.88099999999997,900.0,60.0,1104.246,17.019999999999982,1461.676,102.12300000000005,1694.206,60.0,0.47131164158729555,0.42701340868302495,0.4417794863177818,0.5286883584127045,0.572986591316975,1
Geophysical_model273,/home/lyara/areswave/models/Geophysical_model273.nd,nd,UNK,,,950.621,60.0,900.0,192.23299999999995,950.621,60.0,1119.357,33.74700000000007,1456.828,101.24199999999996,1688.886,60.0,0.3298990452329892,0.4977732358009711,0.4418151722783105,0.6701009547670108,0.5022267641990289,1
Geophysical_model398,/home/lyara/areswave/models/Geophysical_model398.nd,nd,UNK,,,999.801,60.0,900.0,195.20299999999997,999.801,60.0,1116.236,16.63299999999981,1465.54,99.80099999999993,1680.192,60.0,0.4777505323191764,0.424250438422514,0.44208380305473477,0.5222494676808236,0.575749561577486,1
Geophysical_model253,/home/lyara/areswave/models/Geophysical_model253.nd,nd,UNK,,,999.801,60.0,900.0,195.20299999999997,999.801,60.0,1116.236,16.63299999999981,1465.54,99.80099999999993,1680.192,60.0,0.4777505323191764,0.424250438422514,0.44208380305473477,0.5222494676808236,0.575749561577486,1
Geophysical_model181,/home/lyara/areswave/models/Geophysical_model181.nd,nd,UNK,,,999.801,60.0,900.0,195.20299999999997,999.801,60.0,1116.236,16.63299999999981,1465.54,99.80099999999993,1680.192,60.0,0.4777505323191764,0.424250438422514,0.44208380305473477,0.5222494676808236,0.575749561577486,1
Geophysical_model76,/home/lyara/areswave/models/Geophysical_model76.nd,nd,UNK,,,1063.404,60.0,900.0,196.75800000000004,1063.404,60.0,1145.107,32.68099999999981,1488.256,65.36200000000008,1669.579,60.0,0.5004647812597975,0.41294048503295666,0.44211525044190364,0.4995352187402024,0.5870595149670433,1
Geophysical_model557,/home/lyara/areswave/models/Geophysical_model557.nd,nd,UNK,,,916.669,60.0,877.429,180.56799999999998,916.669,60.0,1116.699,33.337999999999965,1483.42,83.346,1681.482,60.0,0.3151909799348104,0.5059398301328373,0.44235688006682833,0.6848090200651896,0.49406016986716267,1
Geophysical_model124,/home/lyara/areswave/models/Geophysical_model124.nd,nd,UNK,,,966.637,60.0,900.0,190.476,966.637,60.0,1116.57,16.660000000000082,1466.415,99.95600000000013,1681.124,60.0,0.41807353628516974,0.4545073122588944,0.44236272026765283,0.5819264637148303,0.5454926877411056,1
Geophysical_model534,/home/lyara/areswave/models/Geophysical_model534.nd,nd,UNK,,,900.0,60.0,877.409,180.72699999999998,900.0,60.0,1118.976,33.68899999999985,1489.55,101.06600000000003,1687.825,60.0,0.29974435908042507,0.5137742560307765,0.442430957047326,0.7002556409195749,0.4862257439692235,1
Geophysical_model19,/home/lyara/areswave/models/Geophysical_model19.nd,nd,UNK,,,1033.261,60.0,900.0,182.78700000000003,1033.261,60.0,1133.207,33.315000000000055,1499.676,83.28800000000001,1681.067,60.0,0.44240722179318726,0.4424477150004339,0.44243421726468507,0.5575927782068127,0.5575522849995661,1
Geophysical_model149,/home/lyara/areswave/models/Geophysical_model149.nd,nd,UNK,,,1033.261,60.0,900.0,182.78700000000003,1033.261,60.0,1133.207,33.315000000000055,1499.676,83.28800000000001,1681.067,60.0,0.44240722179318726,0.4424477150004339,0.44243421726468507,0.5575927782068127,0.5575522849995661,1
Geophysical_model4,/home/lyara/areswave/models/Geophysical_model4.nd,nd,UNK,,,1001.298,60.0,880.765,192.35299999999995,1001.298,60.0,1136.363,33.76700000000005,1490.906,101.298,1689.229,60.0,0.5208153246121789,0.40380698503948376,0.4428097648970488,0.4791846753878211,0.5961930149605162,1
Geophysical_model951,/home/lyara/areswave/models/Geophysical_model951.nd,nd,UNK,,,933.943,60.0,900.0,186.07399999999996,933.943,60.0,1120.631,33.942999999999984,1477.036,84.85800000000017,1692.437,60.0,0.371958725156159,0.47865296891087994,0.44308822099263967,0.628041274843841,0.5213470310891201,1
Geophysical_model869,/home/lyara/areswave/models/Geophysical_model869.nd,nd,UNK,,,933.943,60.0,900.0,186.05499999999995,933.943,60.0,1120.631,33.942999999999984,1477.036,84.85800000000017,1692.437,60.0,0.371958725156159,0.47865296891087994,0.44308822099263967,0.628041274843841,0.5213470310891201,1
Geophysical_model567,/home/lyara/areswave/models/Geophysical_model567.nd,nd,UNK,,,933.943,60.0,900.0,186.05499999999995,933.943,60.0,1120.631,33.942999999999984,1477.036,84.85800000000017,1692.437,60.0,0.371958725156159,0.47865296891087994,0.44308822099263967,0.628041274843841,0.5213470310891201,1
AK_model_54,/home/lyara/areswave/models/AK_model_54.nd,nd,UNK,,,1017.898,60.0,837.887,25.715999999999894,1017.898,60.0,1172.194,102.86400000000003,1377.921,25.715000000000146,1664.88,60.0,0.35350446551505654,0.48845812675934075,0.443473573011246,0.6464955344849435,0.5115418732406593,1
Geophysical_model390,/home/lyara/areswave/models/Geophysical_model390.nd,nd,UNK,,,1033.228,60.0,900.0,182.29700000000003,1033.228,60.0,1133.149,33.307000000000016,1499.526,83.26800000000003,1680.916,60.0,0.44418178388391005,0.4436578972021905,0.4438325260960971,0.55581821611609,0.5563421027978095,1
maak,/home/lyara/areswave/models/maak.npz,npz,UNK,,,1084.528,60.0,858.423,180.88400000000001,1084.528,60.0,1174.97,90.44200000000001,1401.074,67.83199999999988,1695.01,22.6099999999999,0.5761795670682107,0.3776732671280776,0.44384203377478865,0.4238204329317893,0.6223267328719224,1
Geophysical_model290,/home/lyara/areswave/models/Geophysical_model290.nd,nd,UNK,,,1001.133,60.0,861.561,192.197,1001.133,60.0,1119.121,33.71100000000001,1473.087,101.13300000000004,1688.231,60.0,0.4005611178085988,0.46557791265462845,0.4439056477059519,0.5994388821914012,0.5344220873453716,1
Geophysical_model536,/home/lyara/areswave/models/Geophysical_model536.nd,nd,UNK,,,916.773,60.0,856.044,197.80200000000002,916.773,60.0,1118.053,33.547000000000025,1487.065,83.86599999999999,1685.254,60.0,0.24052060438352518,0.5459505694498454,0.4441405810944053,0.7594793956164748,0.45404943055015456,1
Geophysical_model217,/home/lyara/areswave/models/Geophysical_model217.nd,nd,UNK,,,1033.184,60.0,900.0,187.91999999999996,1033.184,60.0,1133.072,33.29500000000007,1499.327,83.24000000000001,1680.716,60.0,0.28393119621677165,0.5246573787481504,0.4444153179043575,0.7160688037832283,0.47534262125184956,1
Geophysical_model603,/home/lyara/areswave/models/Geophysical_model603.nd,nd,UNK,,,1099.625,60.0,900.0,21.54200000000003,1099.625,60.0,1116.26,16.635999999999967,1465.604,99.81200000000013,1680.261,60.0,0.30186031252663226,0.5157423004245465,0.444448304458575,0.6981396874733677,0.48425769957545345,1
Geophysical_model78,/home/lyara/areswave/models/Geophysical_model78.nd,nd,UNK,,,916.795,60.0,900.0,184.466,916.795,60.0,1101.543,16.795000000000073,1437.448,100.77099999999996,1686.049,60.0,0.3567161382399645,0.48833523540578605,0.4444622030171789,0.6432838617600355,0.511664764594214,1
Geophysical_model145,/home/lyara/areswave/models/Geophysical_model145.nd,nd,UNK,,,966.251,60.0,900.0,186.31600000000003,966.251,60.0,1115.315,16.562999999999874,1463.132,99.37599999999998,1677.628,60.0,0.6170995013599341,0.35844067283723313,0.4446602823448001,0.3829004986400659,0.6415593271627669,1
Geophysical_model372,/home/lyara/areswave/models/Geophysical_model372.nd,nd,UNK,,,966.596,60.0,900.0,180.875,966.596,60.0,1116.437,16.649000000000115,1466.066,99.894,1680.753,60.0,0.4250862347674714,0.4545199429705944,0.4447087069028868,0.5749137652325286,0.5454800570294056,1
Geophysical_model5,/home/lyara/areswave/models/Geophysical_model5.nd,nd,UNK,,,1015.251,60.0,900.0,187.659,1015.251,60.0,1130.502,32.92899999999986,1492.719,82.32200000000012,1674.068,60.0,0.5196136003183263,0.4072884738367921,0.4447301826639702,0.4803863996816738,0.5927115261632079,1
Geophysical_model465,/home/lyara/areswave/models/Geophysical_model465.nd,nd,UNK,,,982.905,60.0,859.324,183.043,982.905,60.0,1115.552,16.58100000000013,1463.752,116.06700000000001,1678.288,60.0,0.44768046921737625,0.4437868884541353,0.44508474870854897,0.5523195307826237,0.5562131115458647,1
CD_model9,/home/lyara/areswave/models/CD_model9.nd,nd,UNK,,,,60.0,,60.0,,60.0,,60.0,,60.0,,60.0,0.6019245942311802,0.36692501822770973,0.4452582102288665,0.3980754057688199,0.6330749817722903,1
Geophysical_model345,/home/lyara/areswave/models/Geophysical_model345.nd,nd,UNK,,,1031.859,60.0,900.0,187.37099999999998,1031.859,60.0,1130.753,32.96399999999994,1476.882,82.41200000000003,1674.718,60.0,0.33055894699886645,0.5026534090502426,0.4452885883664505,0.6694410530011335,0.49734659094975736,1
Geophysical_model327,/home/lyara/areswave/models/Geophysical_model327.nd,nd,UNK,,,1031.687,60.0,900.0,185.683,1031.687,60.0,1130.452,32.922000000000025,1492.591,82.30399999999986,1673.94,60.0,0.4074045251363023,0.4648103699255145,0.44567508832911046,0.5925954748636977,0.5351896300744855,1
CD_model65,/home/lyara/areswave/models/CD_model65.nd,nd,UNK,,,,60.0,,60.0,,60.0,,60.0,,60.0,,60.0,0.19767969348467185,0.5697063741427956,0.4456974805900877,0.8023203065153282,0.43029362585720443,1
Geophysical_model907,/home/lyara/areswave/models/Geophysical_model907.nd,nd,UNK,,,933.855,60.0,900.0,187.78200000000004,933.855,60.0,1120.056,33.85500000000002,1458.604,84.63700000000017,1690.835,60.0,0.4246154508357006,0.45652098926309304,0.44588580978729553,0.5753845491642994,0.543479010736907,1
MD_model49,/home/lyara/areswave/models/MD_model49.nd,nd,UNK,,,1035.919,60.0,728.669,186.5440000000001,1035.919,60.0,1299.277,10.972999999999956,1365.116,87.78600000000006,1653.423,60.0,0.43486124048234587,0.4514818749887597,0.44594166348662173,0.5651387595176541,0.5485181250112403,1
Geophysical_model488,/home/lyara/areswave/models/Geophysical_model488.nd,nd,UNK,,,1031.555,60.0,900.0,185.92700000000002,1031.555,60.0,1130.221,32.888999999999896,1491.996,82.221,1673.341,60.0,0.34240918499240725,0.49786278752633095,0.4460449200150231,0.6575908150075928,0.502137212473669,1
Geophysical_model720,/home/lyara/areswave/models/Geophysical_model720.nd,nd,UNK,,,933.975,60.0,879.241,186.83299999999997,933.975,60.0,1120.837,33.975000000000136,1494.562,84.9369999999999,1693.011,60.0,0.3775619425907263,0.4803661689820651,0.4460980935182855,0.6224380574092737,0.5196338310179349,1
Geophysical_model649,/home/lyara/areswave/models/Geophysical_model649.nd,nd,UNK,,,950.013,60.0,900.0,182.67999999999995,950.013,60.0,1133.396,33.3420000000001,1483.489,66.68399999999997,1681.554,60.0,0.5308403478357144,0.40415143121191743,0.44638107008651645,0.4691596521642856,0.5958485687880826,1
Geophysical_model763,/home/lyara/areswave/models/Geophysical_model763.nd,nd,UNK,,,950.013,60.0,900.0,182.67999999999995,950.013,60.0,1133.396,33.3420000000001,1483.489,66.68399999999997,1681.554,60.0,0.5308403478357144,0.40415143121191743,0.44638107008651645,0.4691596521642856,0.5958485687880826,1
Geophysical_model349,/home/lyara/areswave/models/Geophysical_model349.nd,nd,UNK,,,983.203,60.0,878.832,190.51300000000003,983.203,60.0,1116.329,16.6400000000001,1465.783,99.84400000000005,1680.452,60.0,0.47698301416359956,0.431166614214078,0.44643874753058516,0.5230169858364004,0.568833385785922,1
Geophysical_model185,/home/lyara/areswave/models/Geophysical_model185.nd,nd,UNK,,,1001.288,60.0,861.569,192.154,1001.288,60.0,1119.457,33.76299999999992,1490.847,101.28800000000001,1689.167,60.0,0.3772084105934298,0.48106792843963353,0.4464480891575657,0.6227915894065702,0.5189320715603665,1
Geophysical_model43,/home/lyara/areswave/models/Geophysical_model43.nd,nd,UNK,,,1099.378,60.0,900.0,180.832,1099.378,60.0,1115.993,16.614000000000033,1431.674,99.68900000000008,1679.515,60.0,0.2892857927833359,0.5251527054146188,0.44653040120419113,0.7107142072166641,0.47484729458538116,1
Geophysical_model502,/home/lyara/areswave/models/Geophysical_model502.nd,nd,UNK,,,967.586,60.0,900.0,190.60799999999995,967.586,60.0,1136.55,33.79299999999989,1491.375,67.58600000000001,1689.713,60.0,0.43379151319541076,0.4532600726660665,0.4467705528425146,0.5662084868045892,0.5467399273339335,1
CD_model56,/home/lyara/areswave/models/CD_model56.nd,nd,UNK,,,,60.0,,60.0,,60.0,,60.0,,60.0,,60.0,0.4346151019572677,0.45297853029169666,0.4468573875135537,0.5653848980427323,0.5470214697083033,1
Geophysical_model982,/home/lyara/areswave/models/Geophysical_model982.nd,nd,UNK,,,966.67,60.0,900.0,192.35000000000002,966.67,60.0,1133.345,33.33499999999981,1483.363,66.67000000000007,1681.424,60.0,0.24751920389761084,0.5466470332773565,0.4469377568174413,0.7524807961023892,0.45335296672264347,1
Geophysical_model901,/home/lyara/areswave/models/Geophysical_model901.nd,nd,UNK,,,966.67,60.0,900.0,192.35000000000002,966.67,60.0,1133.345,33.33499999999981,1483.363,66.67000000000007,1681.424,60.0,0.24751920389761084,0.5466470332773565,0.4469377568174413,0.7524807961023892,0.45335296672264347,1
Geophysical_model22,/home/lyara/areswave/models/Geophysical_model22.nd,nd,UNK,,,1063.523,60.0,900.0,194.688,1063.523,60.0,1145.284,32.70400000000018,1488.683,65.4090000000001,1670.008,60.0,0.45825465065885473,0.4414136723328649,0.4470273317748615,0.5417453493411453,0.5585863276671351,1
Geophysical_model221,/home/lyara/areswave/models/Geophysical_model221.nd,nd,UNK,,,1063.523,60.0,900.0,189.414,1063.523,60.0,1145.284,16.35200000000009,1488.683,65.4090000000001,1670.008,60.0,0.30846750314386284,0.5164153596404287,0.4470994074749068,0.6915324968561372,0.48358464035957127,1
CD_model11,/home/lyara/areswave/models/CD_model11.nd,nd,UNK,,,,60.0,,60.0,,60.0,,60.0,,60.0,,60.0,0.31806891034815266,0.5117286945618551,0.44717543315728764,0.6819310896518473,0.48827130543814484,1
Geophysical_model765,/home/lyara/areswave/models/Geophysical_model765.nd,nd,UNK,,,933.693,60.0,900.0,180.94000000000005,933.693,60.0,1119.005,33.69300000000021,1489.628,84.23299999999995,1687.906,60.0,0.308022777563415,0.5167984298943646,0.4472065457840481,0.691977222436585,0.4832015701056354,1
Geophysical_model616,/home/lyara/areswave/models/Geophysical_model616.nd,nd,UNK,,,933.693,60.0,900.0,180.94000000000005,933.693,60.0,1119.005,33.69300000000021,1489.628,84.23299999999995,1687.906,60.0,0.308022777563415,0.5167984298943646,0.4472065457840481,0.691977222436585,0.4832015701056354,1
Geophysical_model767,/home/lyara/areswave/models/Geophysical_model767.nd,nd,UNK,,,933.693,60.0,900.0,180.94000000000005,933.693,60.0,1119.005,33.69300000000021,1489.628,84.23299999999995,1687.906,60.0,0.308022777563415,0.5167984298943646,0.4472065457840481,0.691977222436585,0.4832015701056354,1
Geophysical_model696,/home/lyara/areswave/models/Geophysical_model696.nd,nd,UNK,,,933.693,60.0,900.0,180.94000000000005,933.693,60.0,1119.005,33.69300000000021,1489.628,84.23299999999995,1687.906,60.0,0.308022777563415,0.5167984298943646,0.4472065457840481,0.691977222436585,0.4832015701056354,1
Geophysical_model975,/home/lyara/areswave/models/Geophysical_model975.nd,nd,UNK,,,933.693,60.0,900.0,180.94000000000005,933.693,60.0,1119.005,33.69300000000021,1489.628,84.23299999999995,1687.906,60.0,0.308022777563415,0.5167984298943646,0.4472065457840481,0.691977222436585,0.4832015701056354,1
Geophysical_model510,/home/lyara/areswave/models/Geophysical_model510.nd,nd,UNK,,,1083.742,60.0,900.0,21.40300000000002,1083.742,60.0,1100.446,16.70400000000018,1484.635,100.22299999999996,1682.74,60.0,0.3041640223529346,0.5189832225278527,0.44737682246954663,0.6958359776470654,0.4810167774721473,1
AK_model_47,/home/lyara/areswave/models/AK_model_47.nd,nd,UNK,,,1007.565,60.0,771.239,26.258000000000038,1007.565,60.0,1270.15,131.29199999999992,1480.218,26.259000000000015,1689.744,60.0,0.3135872159077918,0.5148446771761191,0.4477588567533434,0.6864127840922082,0.48515532282388085,1
Geophysical_model905,/home/lyara/areswave/models/Geophysical_model905.nd,nd,UNK,,,933.943,60.0,879.311,186.19799999999998,933.943,60.0,1120.631,33.942999999999984,1494.007,84.85800000000017,1692.437,60.0,0.27522611666772245,0.5342402425440121,0.4479022005852489,0.7247738833322775,0.46575975745598786,1
Geophysical_model507,/home/lyara/areswave/models/Geophysical_model507.nd,nd,UNK,,,950.781,60.0,900.0,183.99,950.781,60.0,1136.977,33.85400000000004,1492.442,67.70700000000011,1690.818,60.0,0.4502323592013524,0.4467571276432095,0.4479155381625905,0.5497676407986476,0.5532428723567905,1
MD_model24,/home/lyara/areswave/models/MD_model24.nd,nd,UNK,,,1031.407,60.0,893.911,10.575999999999908,1031.407,60.0,1295.822,84.61299999999983,1316.975,95.18900000000008,1609.009,60.0,0.4448595505465437,0.4503317026305792,0.44850765193590075,0.5551404494534563,0.5496682973694208,1
Geophysical_model165,/home/lyara/areswave/models/Geophysical_model165.nd,nd,UNK,,,1016.295,60.0,900.0,197.50300000000004,1016.295,60.0,1132.589,33.22699999999986,1481.473,99.68200000000002,1679.468,60.0,0.41579347386805665,0.46493655382301025,0.44855552717135905,0.5842065261319433,0.5350634461769898,1
Geophysical_model298,/home/lyara/areswave/models/Geophysical_model298.nd,nd,UNK,,,950.621,60.0,900.0,193.21500000000003,950.621,60.0,1119.357,33.74700000000007,1439.955,118.11599999999999,1688.886,60.0,0.46249210696222276,0.4417464695601424,0.4486616820275025,0.5375078930377772,0.5582535304398576,1
Geophysical_model658,/home/lyara/areswave/models/Geophysical_model658.nd,nd,UNK,,,900.0,60.0,900.0,178.04999999999995,900.0,60.0,1118.724,33.65000000000009,1488.873,100.94900000000007,1687.125,60.0,0.31579322302206014,0.5151370053786364,0.4486890779264443,0.6842067769779399,0.48486299462136356,1
Geophysical_model645,/home/lyara/areswave/models/Geophysical_model645.nd,nd,UNK,,,917.055,60.0,877.857,199.28700000000003,917.055,60.0,1121.71,34.108999999999924,1496.91,102.327,1695.441,60.0,0.2689222683421978,0.5386752118974152,0.448757564045676,0.7310777316578022,0.46132478810258476,1
Geophysical_model546,/home/lyara/areswave/models/Geophysical_model546.nd,nd,UNK,,,916.694,60.0,877.651,178.79200000000003,916.694,60.0,1117.027,33.388999999999896,1467.608,83.47200000000021,1682.396,60.0,0.3218144127522671,0.5125699743804013,0.44898478717102325,0.6781855872477329,0.48743002561959875,1
CD_model3,/home/lyara/areswave/models/CD_model3.nd,nd,UNK,,,,60.0,,60.0,,60.0,,60.0,,60.0,,60.0,0.4786453037146283,0.4342310315012031,0.4490357889056782,0.5213546962853717,0.5657689684987969,1
CD_model68,/home/lyara/areswave/models/CD_model68.nd,nd,UNK,,,,60.0,,60.0,,60.0,,60.0,,60.0,,60.0,0.5418022306425625,0.4028883358353428,0.44919296743774934,0.4581977693574375,0.5971116641646572,1
Geophysical_model118,/home/lyara/areswave/models/Geophysical_model118.nd,nd,UNK,,,965.822,60.0,859.686,181.41200000000003,965.822,60.0,1113.92,16.455999999999904,1459.484,115.1869999999999,1673.742,60.0,0.48983299620720444,0.4292804574566168,0.449464637040146,0.5101670037927956,0.5707195425433832,1
Geophysical_model819,/home/lyara/areswave/models/Geophysical_model819.nd,nd,UNK,,,1085.015,60.0,900.0,29.636999999999944,1085.015,60.0,1101.834,16.819999999999936,1455.044,117.73700000000008,1686.928,60.0,0.3748078916551134,0.48712505323027344,0.44968599937188675,0.6251921083448866,0.5128749467697266,1
MD_model88,/home/lyara/areswave/models/MD_model88.nd,nd,UNK,,,971.749,60.0,755.911,194.255,971.749,60.0,1273.923,21.58400000000006,1338.675,53.960000000000036,1624.15,60.0,0.3335075623743702,0.5082174450700825,0.44998081750484503,0.6664924376256298,0.49178255492991746,1
CD_model95,/home/lyara/areswave/models/CD_model95.nd,nd,UNK,,,,60.0,,60.0,,60.0,,60.0,,60.0,,60.0,0.48938995871944413,0.43035672988685425,0.45003447283105086,0.5106100412805559,0.5696432701131457,1
Geophysical_model92,/home/lyara/areswave/models/Geophysical_model92.nd,nd,UNK,,,983.004,60.0,878.65,192.14800000000002,983.004,60.0,1115.809,16.601000000000113,1497.625,99.60400000000004,1679.004,60.0,0.441111050059092,0.45511574177932523,0.45044751120591414,0.558888949940908,0.5448842582206748,1
CD_model58,/home/lyara/areswave/models/CD_model58.nd,nd,UNK,,,,60.0,,60.0,,60.0,,60.0,,60.0,,60.0,0.47240948112718706,0.4396916317265648,0.4505975815267722,0.5275905188728129,0.5603083682734352,1
Geophysical_model708,/home/lyara/areswave/models/Geophysical_model708.nd,nd,UNK,,,900.0,60.0,900.0,178.57299999999998,900.0,60.0,1118.565,33.625,1471.633,100.87599999999998,1686.682,60.0,0.3707197806875945,0.490653509180936,0.4506755996831555,0.6292802193124055,0.509346490819064,1
MD_model28,/home/lyara/areswave/models/MD_model28.nd,nd,UNK,,,969.799,60.0,817.032,185.50200000000007,969.799,60.0,1297.155,43.64799999999991,1340.802,98.2059999999999,1649.766,60.0,0.40493026433507184,0.4735805749181,0.4506971380570906,0.5950697356649282,0.5264194250819,1
AK_model_4,/home/lyara/areswave/models/AK_model_4.nd,nd,UNK,,,1037.134,60.0,797.074,26.673000000000002,1037.134,60.0,1277.195,80.01999999999998,1303.868,26.673000000000002,1700.523,60.0,0.4904997288532652,0.43165380528133257,0.45126911313864343,0.5095002711467348,0.5683461947186674,1
MD_model80,/home/lyara/areswave/models/MD_model80.nd,nd,UNK,,,1000.561,60.0,786.005,10.216999999999985,1000.561,60.0,1164.033,194.12200000000007,1429.673,163.471,1571.993,60.0,0.4580421174209133,0.44799974502802964,0.4513472024923242,0.5419578825790867,0.5520002549719704,1
AK_model_45,/home/lyara/areswave/models/AK_model_45.nd,nd,UNK,,,1013.382,60.0,800.038,26.66700000000003,1013.382,60.0,1280.062,106.6719999999998,1493.405,26.667999999999893,1703.13,60.0,0.3067153537763483,0.5236634547615746,0.4513474210998325,0.6932846462236517,0.4763365452384254,1
Geophysical_model558,/home/lyara/areswave/models/Geophysical_model558.nd,nd,UNK,,,1097.761,60.0,900.0,24.104000000000042,1097.761,60.0,1114.242,16.480000000000018,1460.324,98.88100000000009,1674.637,60.0,0.37623723058037883,0.488925937685843,0.451363035317355,0.6237627694196212,0.511074062314157,1
Geophysical_model16,/home/lyara/areswave/models/Geophysical_model16.nd,nd,UNK,,,999.738,60.0,878.116,196.952,999.738,60.0,1116.099,16.623000000000047,1481.804,99.73799999999983,1679.811,60.0,0.4220196512883956,0.4660571043304299,0.45137795331641845,0.5779803487116044,0.5339428956695701,1
Geophysical_model823,/home/lyara/areswave/models/Geophysical_model823.nd,nd,UNK,,,1085.338,60.0,900.0,29.761999999999944,1085.338,60.0,1102.186,16.84900000000016,1456.013,101.09300000000007,1687.991,60.0,0.3167345100000877,0.5188270182492165,0.45146284883284027,0.6832654899999123,0.48117298175078355,1
Geophysical_model802,/home/lyara/areswave/models/Geophysical_model802.nd,nd,UNK,,,1085.338,60.0,900.0,29.761999999999944,1085.338,60.0,1102.186,16.84900000000016,1456.013,101.09300000000007,1687.991,60.0,0.3167345100000877,0.5188270182492165,0.45146284883284027,0.6832654899999123,0.48117298175078355,1
Geophysical_model346,/home/lyara/areswave/models/Geophysical_model346.nd,nd,UNK,,,967.494,60.0,900.0,192.86699999999996,967.494,60.0,1119.357,33.74700000000007,1456.828,118.11599999999999,1688.886,60.0,0.3853373434819687,0.4849295950398522,0.451732177853891,0.6146626565180313,0.5150704049601478,1
Geophysical_model242,/home/lyara/areswave/models/Geophysical_model242.nd,nd,UNK,,,967.494,60.0,900.0,192.86699999999996,967.494,60.0,1119.357,33.74700000000007,1456.828,118.11599999999999,1688.886,60.0,0.3853373434819687,0.4849295950398522,0.451732177853891,0.6146626565180313,0.5150704049601478,1
Geophysical_model243,/home/lyara/areswave/models/Geophysical_model243.nd,nd,UNK,,,982.905,60.0,900.0,182.57500000000005,982.905,60.0,1115.552,16.58100000000013,1463.752,116.06700000000001,1678.288,60.0,0.41840470189574486,0.46872464170745487,0.45195132843688485,0.5815952981042551,0.5312753582925451,1
Geophysical_model815,/home/lyara/areswave/models/Geophysical_model815.nd,nd,UNK,,,950.781,60.0,900.0,183.49599999999998,950.781,60.0,1136.977,33.85400000000004,1475.515,67.70700000000011,1690.818,60.0,0.20275416814615488,0.5772241115706442,0.45240079709581443,0.7972458318538451,0.4227758884293557,1
Geophysical_model74,/home/lyara/areswave/models/Geophysical_model74.nd,nd,UNK,,,950.042,60.0,900.0,197.93200000000002,950.042,60.0,1116.847,33.361000000000104,1450.457,116.7639999999999,1681.894,60.0,0.3031754608825741,0.5271758349006853,0.4525090435613149,0.6968245391174259,0.4728241650993147,1
Geophysical_model189,/home/lyara/areswave/models/Geophysical_model189.nd,nd,UNK,,,1047.171,60.0,900.0,194.52300000000002,1047.171,60.0,1145.284,32.70400000000018,1488.683,65.4090000000001,1670.008,60.0,0.5731560080162635,0.39297939324976994,0.4530382648386011,0.42684399198373646,0.6070206067502301,1
Geophysical_model203,/home/lyara/areswave/models/Geophysical_model203.nd,nd,UNK,,,1047.171,60.0,900.0,194.52300000000002,1047.171,60.0,1145.284,32.70400000000018,1488.683,65.4090000000001,1670.008,60.0,0.5731560080162635,0.39297939324976994,0.4530382648386011,0.42684399198373646,0.6070206067502301,1
Geophysical_model196,/home/lyara/areswave/models/Geophysical_model196.nd,nd,UNK,,,1047.171,60.0,900.0,194.52300000000002,1047.171,60.0,1145.284,32.70400000000018,1488.683,65.4090000000001,1670.008,60.0,0.5731560080162635,0.39297939324976994,0.4530382648386011,0.42684399198373646,0.6070206067502301,1
Geophysical_model23,/home/lyara/areswave/models/Geophysical_model23.nd,nd,UNK,,,1017.871,60.0,900.0,184.51999999999998,1017.871,60.0,1135.742,16.838999999999942,1489.354,84.19299999999998,1687.623,60.0,0.28249565498355744,0.5383592605193763,0.45307139200743674,0.7175043450164426,0.4616407394806237,1
Geophysical_model463,/home/lyara/areswave/models/Geophysical_model463.nd,nd,UNK,,,1017.871,60.0,900.0,184.51999999999998,1017.871,60.0,1135.742,16.838999999999942,1489.354,84.19299999999998,1687.623,60.0,0.28249565498355744,0.5383592605193763,0.45307139200743674,0.7175043450164426,0.4616407394806237,1
MD_model29,/home/lyara/areswave/models/MD_model29.nd,nd,UNK,,,986.476,60.0,738.622,183.197,986.476,60.0,1298.987,32.32900000000018,1352.868,53.881000000000085,1637.567,60.0,0.32376808032710924,0.5180628870466222,0.4532979514734512,0.6762319196728908,0.48193711295337777,1
Geophysical_model270,/home/lyara/areswave/models/Geophysical_model270.nd,nd,UNK,,,1001.288,60.0,880.467,195.33399999999995,1001.288,60.0,1119.457,33.76299999999992,1490.847,101.28800000000001,1689.167,60.0,0.3134741244116913,0.5238144526764623,0.45370100992153867,0.6865258755883087,0.4761855473235377,1
Geophysical_model361,/home/lyara/areswave/models/Geophysical_model361.nd,nd,UNK,,,1047.698,60.0,900.0,190.28200000000004,1047.698,60.0,1146.164,32.82199999999989,1490.792,82.05399999999986,1672.131,60.0,0.3861576877070775,0.48755315302277846,0.4537546645842115,0.6138423122929225,0.5124468469772215,1
Geophysical_model142,/home/lyara/areswave/models/Geophysical_model142.nd,nd,UNK,,,966.81,60.0,900.0,180.188,966.81,60.0,1117.132,33.40499999999997,1484.587,100.21499999999992,1682.69,60.0,0.42591682236556716,0.4679517343536508,0.45394009702428956,0.5740831776344328,0.5320482656463492,1
Geophysical_model564,/home/lyara/areswave/models/Geophysical_model564.nd,nd,UNK,,,1099.625,60.0,900.0,21.491999999999962,1099.625,60.0,1116.26,16.635999999999967,1465.604,99.81200000000013,1680.261,60.0,0.3680467033951128,0.49694475495132084,0.4539787377659182,0.6319532966048872,0.5030552450486792,1
MD_model72,/home/lyara/areswave/models/MD_model72.nd,nd,UNK,,,905.619,60.0,705.837,189.26700000000005,905.619,60.0,1294.668,84.11899999999991,1305.183,31.545000000000073,1596.284,60.0,0.39184173311272497,0.4852487632796991,0.4541130865573744,0.608158266887275,0.5147512367203009,1
Geophysical_model986,/home/lyara/areswave/models/Geophysical_model986.nd,nd,UNK,,,1086.703,60.0,900.0,20.995000000000005,1086.703,60.0,1103.676,16.972999999999956,1460.108,118.81000000000017,1692.486,60.0,0.34083458669490585,0.5112055834092539,0.4544152511711379,0.6591654133050941,0.4887944165907461,1
Geophysical_model748,/home/lyara/areswave/models/Geophysical_model748.nd,nd,UNK,,,1099.489,60.0,900.0,21.061000000000035,1099.489,60.0,1116.113,16.624000000000024,1465.218,99.74500000000012,1679.849,60.0,0.40463903685970903,0.47939960270285886,0.4544794140884756,0.595360963140291,0.5206003972971411,1
MD_model16,/home/lyara/areswave/models/MD_model16.nd,nd,UNK,,,999.038,60.0,820.271,10.515999999999963,999.038,60.0,1146.258,94.64100000000008,1346.056,189.28300000000013,1605.327,60.0,0.2912438537249614,0.5363553632453013,0.4546515267385214,0.7087561462750386,0.4636446367546987,1
Geophysical_model597,/home/lyara/areswave/models/Geophysical_model597.nd,nd,UNK,,,1099.901,60.0,900.0,21.409999999999968,1099.901,60.0,1116.56,16.65800000000013,1466.387,116.60899999999992,1681.095,60.0,0.31609118684204873,0.5240935386768435,0.45475942139857856,0.6839088131579513,0.4759064613231565,1
Geophysical_model918,/home/lyara/areswave/models/Geophysical_model918.nd,nd,UNK,,,933.4,60.0,900.0,184.586,933.4,60.0,1117.102,33.399999999999864,1484.505,66.80100000000016,1682.605,60.0,0.22496725435108467,0.5706659181768282,0.4554330302349137,0.7750327456489153,0.4293340818231718,1
Geophysical_model457,/home/lyara/areswave/models/Geophysical_model457.nd,nd,UNK,,,1000.924,60.0,900.0,185.79899999999998,1000.924,60.0,1118.67,33.641000000000076,1488.726,100.9240000000002,1686.973,60.0,0.35389715200756633,0.5063025187859069,0.45550072985979345,0.6461028479924337,0.4936974812140931,1
Geophysical_model894,/home/lyara/areswave/models/Geophysical_model894.nd,nd,UNK,,,950.013,60.0,900.0,182.41999999999996,950.013,60.0,1133.396,33.3420000000001,1483.489,66.68399999999997,1681.554,60.0,0.41713508853549597,0.4750607495097672,0.45575219585167676,0.582864911464504,0.5249392504902328,1
Geophysical_model436,/home/lyara/areswave/models/Geophysical_model436.nd,nd,UNK,,,949.631,60.0,900.0,190.808,949.631,60.0,1115.067,16.544000000000096,1462.484,99.26199999999994,1676.937,60.0,0.4268204753542859,0.4702995523999418,0.4558065267180565,0.5731795246457141,0.5297004476000582,1
Geophysical_model267,/home/lyara/areswave/models/Geophysical_model267.nd,nd,UNK,,,1048.554,60.0,900.0,194.99300000000005,1048.554,60.0,1147.591,33.011999999999944,1494.218,49.51800000000003,1675.576,60.0,0.6309616877339395,0.36864073540413633,0.456081052847404,0.36903831226606054,0.6313592645958637,1
Geophysical_model63,/home/lyara/areswave/models/Geophysical_model63.nd,nd,UNK,,,1048.554,60.0,900.0,194.99300000000005,1048.554,60.0,1147.591,33.011999999999944,1494.218,49.51800000000003,1675.576,60.0,0.6309616877339395,0.36864073540413633,0.456081052847404,0.36903831226606054,0.6313592645958637,1
Geophysical_model224,/home/lyara/areswave/models/Geophysical_model224.nd,nd,UNK,,,1048.554,60.0,900.0,194.99300000000005,1048.554,60.0,1147.591,33.011999999999944,1494.218,49.51800000000003,1675.576,60.0,0.6309616877339395,0.36864073540413633,0.456081052847404,0.36903831226606054,0.6313592645958637,1
MD_model37,/home/lyara/areswave/models/MD_model37.nd,nd,UNK,,,981.132,60.0,895.92,191.726,981.132,60.0,1290.024,31.95399999999995,1332.63,63.90800000000013,1615.446,60.0,0.3346990395250655,0.5168555683668065,0.45613672541955946,0.6653009604749345,0.48314443163319354,1
Geophysical_model725,/home/lyara/areswave/models/Geophysical_model725.nd,nd,UNK,,,916.724,60.0,876.418,188.65300000000002,916.724,60.0,1117.416,33.44800000000009,1485.35,83.62099999999987,1683.48,60.0,0.48675688676678197,0.44083376661858253,0.456141473334649,0.513243113233218,0.5591662333814175,1
Geophysical_model275,/home/lyara/areswave/models/Geophysical_model275.nd,nd,UNK,,,984.083,60.0,876.527,187.788,984.083,60.0,1118.616,33.63300000000004,1488.58,100.89899999999989,1686.822,60.0,0.4403257736337689,0.4641860842989076,0.45623264741052805,0.5596742263662311,0.5358139157010924,1
CD_model57,/home/lyara/areswave/models/CD_model57.nd,nd,UNK,,,,60.0,,60.0,,60.0,,60.0,,60.0,,60.0,0.3928032199319744,0.48820975333005934,0.4564075755306977,0.6071967800680256,0.5117902466699407,1
Geophysical_model343,/home/lyara/areswave/models/Geophysical_model343.nd,nd,UNK,,,1033.278,60.0,900.0,182.29700000000003,1033.278,60.0,1133.237,33.319999999999936,1499.753,83.29899999999998,1681.144,60.0,0.4404296532207277,0.4644318251022892,0.4564311011417687,0.5595703467792723,0.5355681748977108,1
Geophysical_model150,/home/lyara/areswave/models/Geophysical_model150.nd,nd,UNK,,,1099.378,60.0,900.0,179.668,1099.378,60.0,1115.993,16.614000000000033,1431.674,99.68900000000008,1679.515,60.0,0.4438002404967255,0.46308375371334376,0.45665591597447097,0.5561997595032745,0.5369162462866562,1
MD_model53,/home/lyara/areswave/models/MD_model53.nd,nd,UNK,,,903.72,60.0,838.985,183.4129999999999,903.72,60.0,1292.124,75.52299999999991,1324.491,32.36699999999996,1620.805,60.0,0.5032431972949116,0.43338486178874847,0.45667097362413617,0.4967568027050883,0.5666151382112515,1
Geophysical_model106,/home/lyara/areswave/models/Geophysical_model106.nd,nd,UNK,,,966.673,60.0,900.0,186.183,966.673,60.0,1116.688,33.33600000000001,1483.391,100.00999999999999,1681.453,60.0,0.4631063664077185,0.4536257271283798,0.45678594022149266,0.5368936335922815,0.5463742728716202,1
Geophysical_model851,/home/lyara/areswave/models/Geophysical_model851.nd,nd,UNK,,,916.576,60.0,877.831,199.52099999999996,916.576,60.0,1115.491,16.576000000000022,1496.743,99.45699999999988,1678.117,60.0,0.3067006940295105,0.531844914129322,0.45679684076271815,0.6932993059704895,0.46815508587067806,1
Geophysical_model52,/home/lyara/areswave/models/Geophysical_model52.nd,nd,UNK,,,983.376,60.0,879.036,188.678,983.376,60.0,1116.777,33.34999999999991,1483.63,100.05100000000016,1681.7,60.0,0.34292301510747414,0.5139284142284016,0.45692661452142574,0.6570769848925259,0.48607158577159837,1
CD_model92,/home/lyara/areswave/models/CD_model92.nd,nd,UNK,,,,60.0,,60.0,,60.0,,60.0,,60.0,,60.0,0.5772614040116627,0.3968678321207231,0.4569990227510363,0.4227385959883373,0.6031321678792769,1
Geophysical_model573,/home/lyara/areswave/models/Geophysical_model573.nd,nd,UNK,,,1098.113,60.0,900.0,23.974000000000046,1098.113,60.0,1114.623,16.509000000000015,1444.812,115.5659999999998,1675.699,60.0,0.33924749980138347,0.51617005121592,0.4571958674110745,0.6607525001986165,0.48382994878408003,1
Geophysical_model530,/home/lyara/areswave/models/Geophysical_model530.nd,nd,UNK,,,1086.696,60.0,900.0,21.399999999999977,1086.696,60.0,1103.669,16.97199999999998,1460.089,118.80700000000002,1692.465,60.0,0.30559746321344883,0.5331652730624677,0.4573093364461281,0.6944025367865512,0.46683472693753225,1
AK_model_81,/home/lyara/areswave/models/AK_model_81.nd,nd,UNK,,,1048.351,60.0,819.977,25.375,1048.351,60.0,1276.724,50.749000000000024,1327.474,50.75,1686.823,60.0,0.3331808739469849,0.5196095592923448,0.45746666417722476,0.6668191260530151,0.48039044070765524,1
Geophysical_model689,/home/lyara/areswave/models/Geophysical_model689.nd,nd,UNK,,,949.989,60.0,900.0,178.211,949.989,60.0,1116.619,16.66300000000001,1499.867,83.31500000000005,1681.259,60.0,0.6062602908024513,0.3831225617663788,0.45750180477840297,0.3937397091975488,0.6168774382336212,1
Geophysical_model283,/home/lyara/areswave/models/Geophysical_model283.nd,nd,UNK,,,983.303,60.0,877.982,198.163,983.303,60.0,1116.588,16.660000000000082,1466.461,116.625,1681.173,60.0,0.44646572217956915,0.4634329071720146,0.45777717884119945,0.5535342778204309,0.5365670928279854,1
Geophysical_model316,/home/lyara/areswave/models/Geophysical_model316.nd,nd,UNK,,,1001.288,60.0,861.085,194.57299999999998,1001.288,60.0,1119.457,33.76299999999992,1490.847,101.28800000000001,1689.167,60.0,0.3068316993738325,0.5333657283428324,0.45785438535316575,0.6931683006261675,0.4666342716571677,1
CD_model31,/home/lyara/areswave/models/CD_model31.nd,nd,UNK,,,,60.0,,60.0,,60.0,,60.0,,60.0,,60.0,0.5435304763937083,0.4150804345169644,0.4578971151425457,0.45646952360629167,0.5849195654830356,1
Geophysical_model566,/home/lyara/areswave/models/Geophysical_model566.nd,nd,UNK,,,916.723,60.0,877.828,199.54899999999998,916.723,60.0,1117.396,33.44599999999991,1485.297,83.61400000000003,1683.425,60.0,0.363161337085678,0.5053765987325618,0.4579715115169338,0.636838662914322,0.49462340126743815,1
Geophysical_model681,/home/lyara/areswave/models/Geophysical_model681.nd,nd,UNK,,,916.723,60.0,877.828,199.54899999999998,916.723,60.0,1117.396,33.44599999999991,1485.297,83.61400000000003,1683.425,60.0,0.363161337085678,0.5053765987325618,0.4579715115169338,0.636838662914322,0.49462340126743815,1
Geophysical_model996,/home/lyara/areswave/models/Geophysical_model996.nd,nd,UNK,,,916.723,60.0,877.828,199.54899999999998,916.723,60.0,1117.396,33.44599999999991,1485.297,83.61400000000003,1683.425,60.0,0.363161337085678,0.5053765987325618,0.4579715115169338,0.636838662914322,0.49462340126743815,1
CD_model6,/home/lyara/areswave/models/CD_model6.nd,nd,UNK,,,,60.0,,60.0,,60.0,,60.0,,60.0,,60.0,0.3814132224833604,0.4964537549953304,0.45810691082467375,0.6185867775166396,0.5035462450046696,1
Geophysical_model179,/home/lyara/areswave/models/Geophysical_model179.nd,nd,UNK,,,1047.142,60.0,900.0,180.534,1047.142,60.0,1145.237,32.69800000000009,1488.569,65.39699999999993,1669.893,60.0,0.29949173634956117,0.5375789843267315,0.4582165683343414,0.7005082636504388,0.46242101567326854,1
CD_model7,/home/lyara/areswave/models/CD_model7.nd,nd,UNK,,,,60.0,,60.0,,60.0,,60.0,,60.0,,60.0,0.36884418044561296,0.5030976742784316,0.4583465096674921,0.631155819554387,0.49690232572156845,1
MD_model36,/home/lyara/areswave/models/MD_model36.nd,nd,UNK,,,943.636,60.0,709.932,180.58899999999994,943.636,60.0,1272.946,63.738000000000056,1304.815,10.623000000000047,1608.508,60.0,0.3718159777580816,0.5017457709179605,0.4584358398646675,0.6281840222419184,0.49825422908203953,1
MD_model71,/home/lyara/areswave/models/MD_model71.nd,nd,UNK,,,988.56,60.0,746.594,10.520000000000095,988.56,60.0,1114.804,178.8449999999998,1440.933,21.039999999999964,1605.599,60.0,0.4541222574629884,0.4607732283627717,0.4585562380628439,0.5458777425370116,0.5392267716372283,1
Geophysical_model177,/home/lyara/areswave/models/Geophysical_model177.nd,nd,UNK,,,1031.636,60.0,900.0,188.04200000000003,1031.636,60.0,1130.363,32.90899999999988,1475.909,82.27300000000014,1673.71,60.0,0.37205421598775745,0.5020641390428464,0.45872749802448337,0.6279457840122425,0.4979358609571536,1
CD_model60,/home/lyara/areswave/models/CD_model60.nd,nd,UNK,,,,60.0,,60.0,,60.0,,60.0,,60.0,,60.0,0.3641504777113549,0.5061668959480969,0.45882808986918294,0.6358495222886451,0.49383310405190306,1
CD_model21,/home/lyara/areswave/models/CD_model21.nd,nd,UNK,,,,60.0,,60.0,,60.0,,60.0,,60.0,,60.0,0.5136219558379153,0.43157188877851105,0.4589219111316458,0.48637804416208474,0.568428111221489,1
Geophysical_model294,/home/lyara/areswave/models/Geophysical_model294.nd,nd,UNK,,,1001.298,60.0,861.612,191.938,1001.298,60.0,1119.479,33.76700000000005,1474.023,101.298,1689.229,60.0,0.49115702659242255,0.443032825625683,0.4590742259479295,0.5088429734075774,0.556967174374317,1
Geophysical_model435,/home/lyara/areswave/models/Geophysical_model435.nd,nd,UNK,,,949.68,60.0,900.0,189.86900000000003,949.68,60.0,1115.279,16.559999999999945,1463.038,99.3599999999999,1677.528,60.0,0.4072861246540044,0.48500680701320764,0.45909991289347324,0.5927138753459956,0.5149931929867924,1
Geophysical_model956,/home/lyara/areswave/models/Geophysical_model956.nd,nd,UNK,,,966.616,60.0,900.0,179.216,966.616,60.0,1133.157,33.30799999999999,1499.547,83.26999999999998,1680.937,60.0,0.34307214248980866,0.5171162002147472,0.45910151430643437,0.6569278575101913,0.48288379978525275,1
Geophysical_model923,/home/lyara/areswave/models/Geophysical_model923.nd,nd,UNK,,,933.343,60.0,900.0,180.43899999999996,933.343,60.0,1116.73,33.343000000000075,1483.505,83.35800000000017,1681.57,60.0,0.41611250982030545,0.48070579346211717,0.4591746989148466,0.5838874901796945,0.5192942065378828,1
Geophysical_model529,/home/lyara/areswave/models/Geophysical_model529.nd,nd,UNK,,,916.577,60.0,878.227,195.957,916.577,60.0,1115.503,16.576999999999998,1480.2,99.46299999999997,1678.151,60.0,0.5016448724608161,0.438033346819112,0.45923718869968005,0.4983551275391839,0.561966653180888,1
Geophysical_model883,/home/lyara/areswave/models/Geophysical_model883.nd,nd,UNK,,,966.653,60.0,900.0,192.909,966.653,60.0,1133.286,33.327,1499.88,66.654,1681.272,60.0,0.33558453471938876,0.521096739828212,0.4592593381252709,0.6644154652806112,0.47890326017178797,1
Geophysical_model908,/home/lyara/areswave/models/Geophysical_model908.nd,nd,UNK,,,966.653,60.0,900.0,192.909,966.653,60.0,1133.286,33.327,1499.88,66.654,1681.272,60.0,0.33558453471938876,0.521096739828212,0.4592593381252709,0.6644154652806112,0.47890326017178797,1
Geophysical_model965,/home/lyara/areswave/models/Geophysical_model965.nd,nd,UNK,,,966.653,60.0,900.0,192.909,966.653,60.0,1133.286,33.327,1499.88,66.654,1681.272,60.0,0.33558453471938876,0.521096739828212,0.4592593381252709,0.6644154652806112,0.47890326017178797,1
MD_model74,/home/lyara/areswave/models/MD_model74.nd,nd,UNK,,,1018.128,60.0,852.239,10.368000000000052,1018.128,60.0,1246.227,134.78500000000008,1391.38,114.04999999999995,1576.24,60.0,0.6410132893961256,0.36846650241451906,0.4593154314083879,0.35898671060387444,0.6315334975854809,1
Geophysical_model98,/home/lyara/areswave/models/Geophysical_model98.nd,nd,UNK,,,1098.133,60.0,900.0,197.5,1098.133,60.0,1147.666,16.510999999999967,1494.399,66.04399999999987,1675.759,60.0,0.38007440799327186,0.49905418843716554,0.45939426162253433,0.6199255920067281,0.5009458115628345,1
Geophysical_model903,/home/lyara/areswave/models/Geophysical_model903.nd,nd,UNK,,,916.669,60.0,877.364,181.08500000000004,916.669,60.0,1116.699,33.337999999999965,1483.42,83.346,1681.482,60.0,0.4287135257241901,0.47492894870818614,0.4595238077135208,0.5712864742758099,0.5250710512918139,1
Geophysical_model796,/home/lyara/areswave/models/Geophysical_model796.nd,nd,UNK,,,916.669,60.0,877.364,181.08500000000004,916.669,60.0,1116.699,33.337999999999965,1483.42,83.346,1681.482,60.0,0.4287135257241901,0.47492894870818614,0.4595238077135208,0.5712864742758099,0.5250710512918139,1
Geophysical_model593,/home/lyara/areswave/models/Geophysical_model593.nd,nd,UNK,,,916.669,60.0,877.364,181.08500000000004,916.669,60.0,1116.699,33.337999999999965,1483.42,83.346,1681.482,60.0,0.4287135257241901,0.47492894870818614,0.4595238077135208,0.5712864742758099,0.5250710512918139,1
Geophysical_model282,/home/lyara/areswave/models/Geophysical_model282.nd,nd,UNK,,,999.884,60.0,900.0,194.89200000000005,999.884,60.0,1116.415,16.646999999999935,1482.655,99.88400000000001,1680.691,60.0,0.45795834263459567,0.460400711934853,0.4595865888347672,0.5420416573654043,0.539599288065147,1
Geophysical_model764,/home/lyara/areswave/models/Geophysical_model764.nd,nd,UNK,,,933.862,60.0,900.0,186.66999999999996,933.862,60.0,1120.105,33.86200000000008,1492.59,84.65599999999995,1690.97,60.0,0.368035113734107,0.5054359218513745,0.45963565247895205,0.631964886265893,0.49456407814862546,1
Geophysical_model592,/home/lyara/areswave/models/Geophysical_model592.nd,nd,UNK,,,916.736,60.0,875.96,192.31899999999996,916.736,60.0,1117.572,33.47199999999998,1485.77,83.68100000000004,1683.914,60.0,0.3073908436863668,0.5357883415133664,0.4596558422376999,0.6926091563136332,0.46421165848663354,1
Geophysical_model860,/home/lyara/areswave/models/Geophysical_model860.nd,nd,UNK,,,933.943,60.0,900.0,186.52700000000004,933.943,60.0,1120.631,33.942999999999984,1494.007,84.85800000000017,1692.437,60.0,0.5028121331320361,0.4381772158675813,0.45972218828906625,0.4971878668679639,0.5618227841324187,1
Geophysical_model867,/home/lyara/areswave/models/Geophysical_model867.nd,nd,UNK,,,900.0,60.0,859.276,183.25699999999995,900.0,60.0,1106.522,17.210000000000036,1485.145,86.04999999999995,1502.356,68.83999999999992,0.3924785906951095,0.49480516215300474,0.46069630500037295,0.6075214093048905,0.5051948378469953,1
Geophysical_model919,/home/lyara/areswave/models/Geophysical_model919.nd,nd,UNK,,,900.0,60.0,859.276,183.25699999999995,900.0,60.0,1106.522,17.210000000000036,1485.145,86.04999999999995,1502.356,68.83999999999992,0.3924785906951095,0.49480516215300474,0.46069630500037295,0.6075214093048905,0.5051948378469953,1
Geophysical_model852,/home/lyara/areswave/models/Geophysical_model852.nd,nd,UNK,,,900.0,60.0,900.0,22.33000000000004,900.0,60.0,1104.307,17.02500000000009,1461.843,119.17900000000009,1694.389,60.0,0.32051249127491255,0.5309332927337129,0.4607930255807795,0.6794875087250875,0.4690667072662871,1
CD_model94,/home/lyara/areswave/models/CD_model94.nd,nd,UNK,,,,60.0,,60.0,,60.0,,60.0,,60.0,,60.0,0.5579789420473373,0.4123416040442832,0.4608873833786346,0.44202105795266267,0.5876583959557168,1
AK_model_22,/home/lyara/areswave/models/AK_model_22.nd,nd,UNK,,,1079.893,60.0,816.324,26.357000000000085,1079.893,60.0,1290.748,52.71399999999994,1317.105,26.35699999999997,1685.402,60.0,0.37003352362273234,0.5074131969598568,0.4616199725141486,0.6299664763772677,0.49258680304014324,1
Geophysical_model933,/home/lyara/areswave/models/Geophysical_model933.nd,nd,UNK,,,950.04,60.0,900.0,179.98800000000006,950.04,60.0,1133.521,50.039999999999964,1483.802,66.7199999999998,1681.878,60.0,0.36022372593327945,0.5130457964238856,0.46210510626035023,0.6397762740667206,0.4869542035761144,1
Geophysical_model683,/home/lyara/areswave/models/Geophysical_model683.nd,nd,UNK,,,900.0,60.0,900.0,179.635,900.0,60.0,1101.753,16.812000000000126,1488.445,100.87599999999998,1686.682,60.0,0.3561680978702323,0.5150846902211754,0.462112492770861,0.6438319021297677,0.48491530977882463,1
Geophysical_model231,/home/lyara/areswave/models/Geophysical_model231.nd,nd,UNK,,,1098.133,60.0,900.0,196.25699999999995,1098.133,60.0,1147.666,33.02300000000014,1494.399,66.04399999999987,1675.759,60.0,0.3227256170212607,0.5322794222874133,0.46242815386536246,0.6772743829787393,0.4677205777125867,1
AK_model_89,/home/lyara/areswave/models/AK_model_89.nd,nd,UNK,,,1067.757,60.0,799.181,26.85699999999997,1067.757,60.0,1282.617,26.85699999999997,1336.333,53.715000000000146,1707.44,60.0,0.4392855029201963,0.4740614711166823,0.4624694817178536,0.5607144970798037,0.5259385288833177,1
Geophysical_model969,/home/lyara/areswave/models/Geophysical_model969.nd,nd,UNK,,,900.0,60.0,900.0,180.861,900.0,60.0,1106.104,17.174999999999955,1483.961,103.05199999999991,1699.813,60.0,0.38063644442126254,0.5036242095901664,0.4626282878671984,0.6193635555787375,0.49637579040983365,1
CD_model46,/home/lyara/areswave/models/CD_model46.nd,nd,UNK,,,,60.0,,60.0,,60.0,,60.0,,60.0,,60.0,0.47033254072609687,0.4588730812559383,0.4626929010793244,0.5296674592739031,0.5411269187440617,1
CD_model45,/home/lyara/areswave/models/CD_model45.nd,nd,UNK,,,,60.0,,60.0,,60.0,,60.0,,60.0,,60.0,0.47033254072609687,0.4588730812559383,0.4626929010793244,0.5296674592739031,0.5411269187440617,1
Geophysical_model326,/home/lyara/areswave/models/Geophysical_model326.nd,nd,UNK,,,1031.555,60.0,900.0,186.06500000000005,1031.555,60.0,1130.221,32.888999999999896,1491.996,82.221,1673.341,60.0,0.5639640914669877,0.41279642560829655,0.46318564756119357,0.4360359085330124,0.5872035743917035,1
Geophysical_model93,/home/lyara/areswave/models/Geophysical_model93.nd,nd,UNK,,,967.494,60.0,900.0,192.45299999999997,967.494,60.0,1119.357,33.74700000000007,1456.828,118.11599999999999,1688.886,60.0,0.4093706340234238,0.49023112010601966,0.4632776247451544,0.5906293659765762,0.5097688798939803,1
Geophysical_model396,/home/lyara/areswave/models/Geophysical_model396.nd,nd,UNK,,,949.68,60.0,900.0,188.73199999999997,949.68,60.0,1115.279,16.559999999999945,1446.478,99.3599999999999,1677.528,60.0,0.2827070083812214,0.5539450376938504,0.46353236125630737,0.7172929916187786,0.44605496230614966,1
Geophysical_model215,/home/lyara/areswave/models/Geophysical_model215.nd,nd,UNK,,,949.483,60.0,900.0,193.481,949.483,60.0,1114.426,16.494000000000142,1460.805,98.9659999999999,1675.15,60.0,0.4148243412855639,0.48824770824787966,0.4637732525937744,0.5851756587144361,0.5117522917521203,1
Geophysical_model890,/home/lyara/areswave/models/Geophysical_model890.nd,nd,UNK,,,917.024,60.0,877.908,198.82600000000002,917.024,60.0,1121.318,34.04899999999998,1495.857,102.14699999999993,1694.351,60.0,0.44113867519528793,0.47550444134444536,0.4640491859613929,0.5588613248047121,0.5244955586555546,1
Geophysical_model519,/home/lyara/areswave/models/Geophysical_model519.nd,nd,UNK,,,917.024,60.0,877.908,198.82600000000002,917.024,60.0,1121.318,34.04899999999998,1495.857,102.14699999999993,1694.351,60.0,0.44113867519528793,0.47550444134444536,0.4640491859613929,0.5588613248047121,0.5244955586555546,1
Geophysical_model985,/home/lyara/areswave/models/Geophysical_model985.nd,nd,UNK,,,950.721,60.0,900.0,182.836,950.721,60.0,1119.792,33.81400000000008,1491.747,84.53500000000008,1690.099,60.0,0.4050055218517892,0.49421890074036345,0.46448110777750534,0.5949944781482108,0.5057810992596365,1
Geophysical_model970,/home/lyara/areswave/models/Geophysical_model970.nd,nd,UNK,,,933.805,60.0,900.0,186.68499999999995,933.805,60.0,1119.733,33.805000000000064,1474.687,84.51299999999992,1689.935,60.0,0.2231432894449351,0.5851930183412065,0.46450977537578275,0.7768567105550649,0.4148069816587935,1
Geophysical_model439,/home/lyara/areswave/models/Geophysical_model439.nd,nd,UNK,,,1030.76,60.0,900.0,188.125,1030.76,60.0,1128.83,32.690000000000055,1488.42,81.72500000000014,1669.744,60.0,0.3742707930545217,0.5097060351572074,0.4645609544563121,0.6257292069454783,0.4902939648427927,1
Geophysical_model648,/home/lyara/areswave/models/Geophysical_model648.nd,nd,UNK,,,1099.754,60.0,900.0,21.49000000000001,1099.754,60.0,1116.4,16.645999999999958,1465.97,116.52299999999991,1680.651,60.0,0.37888247264970165,0.5079450089172675,0.46492416349474547,0.6211175273502983,0.4920549910827325,1
Geophysical_model444,/home/lyara/areswave/models/Geophysical_model444.nd,nd,UNK,,,949.55,60.0,900.0,192.74099999999999,949.55,60.0,1114.715,16.516000000000076,1461.562,99.09899999999993,1675.956,60.0,0.3781070948939266,0.5095403817165338,0.46572928610899805,0.6218929051060734,0.4904596182834661,1
Geophysical_model948,/home/lyara/areswave/models/Geophysical_model948.nd,nd,UNK,,,933.856,60.0,900.0,185.25800000000004,933.856,60.0,1120.061,33.855999999999995,1475.545,84.6389999999999,1690.849,60.0,0.22314856073382372,0.5871713927242272,0.46583044872742607,0.7768514392661763,0.4128286072757727,1
MD_model43,/home/lyara/areswave/models/MD_model43.nd,nd,UNK,,,928.392,60.0,875.123,191.76799999999992,928.392,60.0,1269.313,63.923,1301.275,53.269000000000005,1616.08,60.0,0.4417917904202482,0.4779638932193182,0.4659065256196282,0.5582082095797518,0.5220361067806818,1
Geophysical_model841,/home/lyara/areswave/models/Geophysical_model841.nd,nd,UNK,,,916.723,60.0,877.735,178.11699999999996,916.723,60.0,1117.396,33.44599999999991,1485.297,83.61400000000003,1683.425,60.0,0.2970766534285164,0.550389715644205,0.46595202823897547,0.7029233465714836,0.449610284355795,1
Geophysical_model650,/home/lyara/areswave/models/Geophysical_model650.nd,nd,UNK,,,916.714,60.0,876.024,191.80700000000002,916.714,60.0,1117.284,33.42800000000011,1484.996,83.57100000000014,1683.113,60.0,0.5239256589372141,0.4371722455543289,0.46609005001529064,0.47607434106278584,0.5628277544456711,1
Geophysical_model552,/home/lyara/areswave/models/Geophysical_model552.nd,nd,UNK,,,916.714,60.0,876.024,191.80700000000002,916.714,60.0,1117.284,33.42800000000011,1484.996,83.57100000000014,1683.113,60.0,0.5239256589372141,0.4371722455543289,0.46609005001529064,0.47607434106278584,0.5628277544456711,1
Geophysical_model269,/home/lyara/areswave/models/Geophysical_model269.nd,nd,UNK,,,950.621,60.0,900.0,192.721,950.621,60.0,1119.357,33.74700000000007,1456.828,118.11599999999999,1688.886,60.0,0.3218118061019617,0.5382919170805298,0.46613188008767376,0.6781881938980383,0.4617080829194702,1
Geophysical_model128,/home/lyara/areswave/models/Geophysical_model128.nd,nd,UNK,,,998.736,60.0,900.0,188.68399999999997,998.736,60.0,1130.385,32.91199999999981,1475.961,98.73699999999985,1673.765,60.0,0.26737482246288746,0.5655814911494761,0.4661792682539465,0.7326251775371125,0.4344185088505239,1
Geophysical_model195,/home/lyara/areswave/models/Geophysical_model195.nd,nd,UNK,,,966.712,60.0,900.0,192.40499999999997,966.712,60.0,1116.813,33.355999999999995,1483.727,100.06700000000001,1681.8,60.0,0.49901662184639073,0.44976207566214466,0.46618025772356003,0.5009833781536093,0.5502379243378553,1
Geophysical_model60,/home/lyara/areswave/models/Geophysical_model60.nd,nd,UNK,,,966.712,60.0,900.0,192.40499999999997,966.712,60.0,1116.813,33.355999999999995,1483.727,100.06700000000001,1681.8,60.0,0.49901662184639073,0.44976207566214466,0.46618025772356003,0.5009833781536093,0.5502379243378553,1
MD_model35,/home/lyara/areswave/models/MD_model35.nd,nd,UNK,,,1018.784,60.0,751.464,181.77800000000002,1018.784,60.0,1286.105,21.38499999999999,1360.954,74.84999999999991,1612.653,60.0,0.23057769659859606,0.5846304128318105,0.46661284075407233,0.7694223034014039,0.4153695871681895,1
MD_model41,/home/lyara/areswave/models/MD_model41.nd,nd,UNK,,,935.041,60.0,741.286,182.99,935.041,60.0,1268.729,64.58500000000004,1301.021,53.82100000000014,1628.814,60.0,0.4005190173106533,0.5000572086075143,0.4668778115085607,0.5994809826893467,0.4999427913924857,1
CD_model39,/home/lyara/areswave/models/CD_model39.nd,nd,UNK,,,,60.0,,60.0,,60.0,,60.0,,60.0,,60.0,0.25680948105165247,0.5719649145810302,0.4669131034045709,0.7431905189483475,0.42803508541896984,1
Geophysical_model307,/home/lyara/areswave/models/Geophysical_model307.nd,nd,UNK,,,999.558,60.0,878.735,191.38400000000001,999.558,60.0,1115.708,16.592999999999847,1480.753,99.55799999999999,1678.723,60.0,0.4525544879229152,0.4749099464388893,0.46745812693356453,0.5474455120770848,0.5250900535611107,1
Geophysical_model280,/home/lyara/areswave/models/Geophysical_model280.nd,nd,UNK,,,999.558,60.0,878.735,191.38400000000001,999.558,60.0,1115.708,16.592999999999847,1480.753,99.55799999999999,1678.723,60.0,0.4525544879229152,0.4749099464388893,0.46745812693356453,0.5474455120770848,0.5250900535611107,1
Geophysical_model95,/home/lyara/areswave/models/Geophysical_model95.nd,nd,UNK,,,999.558,60.0,878.735,191.38400000000001,999.558,60.0,1115.708,16.592999999999847,1480.753,99.55799999999999,1678.723,60.0,0.4525544879229152,0.4749099464388893,0.46745812693356453,0.5474455120770848,0.5250900535611107,1
Geophysical_model42,/home/lyara/areswave/models/Geophysical_model42.nd,nd,UNK,,,949.68,60.0,900.0,189.971,949.68,60.0,1115.279,16.559999999999945,1446.478,115.91999999999985,1677.528,60.0,0.5074844748883968,0.4477404981078882,0.4676551570347243,0.49251552511160324,0.5522595018921118,1
MD_model40,/home/lyara/areswave/models/MD_model40.nd,nd,UNK,,,1052.24,60.0,752.637,181.90200000000004,1052.24,60.0,1266.242,32.09999999999991,1351.843,53.500999999999976,1614.318,60.0,0.3307659327810344,0.5361303004958587,0.46767551125758394,0.6692340672189656,0.46386969950414125,1
Geophysical_model148,/home/lyara/areswave/models/Geophysical_model148.nd,nd,UNK,,,983.062,60.0,858.582,186.38099999999997,983.062,60.0,1115.961,16.613000000000056,1464.822,116.28700000000003,1679.428,60.0,0.49548202820664144,0.4539551777020937,0.4677974612036096,0.5045179717933586,0.5460448222979063,1
Geophysical_model652,/home/lyara/areswave/models/Geophysical_model652.nd,nd,UNK,,,900.0,60.0,900.0,180.04200000000003,900.0,60.0,1101.507,33.585000000000036,1470.937,100.75299999999993,1685.941,60.0,0.40503472663608187,0.4992766287341138,0.46786266136810317,0.5949652733639181,0.5007233712658862,1
CD_model34,/home/lyara/areswave/models/CD_model34.nd,nd,UNK,,,,60.0,,60.0,,60.0,,60.0,,60.0,,60.0,0.27994934522321646,0.5618962162542347,0.46791392591056197,0.7200506547767835,0.43810378374576525,1
AK_model_85,/home/lyara/areswave/models/AK_model_85.nd,nd,UNK,,,1079.656,60.0,874.091,182.72400000000005,1079.656,60.0,1285.221,22.839999999999918,1376.584,91.36200000000008,1647.618,60.0,0.387306700529774,0.5082938185367862,0.46796477920111546,0.612693299470226,0.4917061814632138,1
CD_model19,/home/lyara/areswave/models/CD_model19.nd,nd,UNK,,,,60.0,,60.0,,60.0,,60.0,,60.0,,60.0,0.4804722682801805,0.46183519830796593,0.4680475549653708,0.5195277317198195,0.5381648016920341,1
Geophysical_model59,/home/lyara/areswave/models/Geophysical_model59.nd,nd,UNK,,,1063.404,60.0,900.0,196.39999999999998,1063.404,60.0,1145.107,32.68099999999981,1488.256,65.36200000000008,1669.579,60.0,0.4729289625351818,0.4658578012312309,0.4682148549992145,0.5270710374648182,0.5341421987687691,1
Geophysical_model232,/home/lyara/areswave/models/Geophysical_model232.nd,nd,UNK,,,1033.403,60.0,900.0,187.37900000000002,1033.403,60.0,1133.456,16.675000000000182,1483.64,66.702,1681.71,60.0,0.4349132223042318,0.48546548886010843,0.4686147333414829,0.5650867776957682,0.5145345111398916,1
Geophysical_model156,/home/lyara/areswave/models/Geophysical_model156.nd,nd,UNK,,,1033.403,60.0,900.0,187.37900000000002,1033.403,60.0,1133.456,16.675000000000182,1483.64,66.702,1681.71,60.0,0.4349132223042318,0.48546548886010843,0.4686147333414829,0.5650867776957682,0.5145345111398916,1
Geophysical_model84,/home/lyara/areswave/models/Geophysical_model84.nd,nd,UNK,,,1064.355,60.0,900.0,188.62699999999995,1064.355,60.0,1146.533,16.435999999999922,1475.244,65.74200000000019,1673.022,60.0,0.6200713210630703,0.39316307069999845,0.4687991541543557,0.3799286789369297,0.6068369293000015,1
Geophysical_model942,/home/lyara/areswave/models/Geophysical_model942.nd,nd,UNK,,,900.0,60.0,900.0,184.99900000000002,900.0,60.0,1106.204,17.18399999999997,1484.246,85.9190000000001,1535.797,68.7349999999999,0.4139846653832375,0.49635914651934354,0.4689009861406415,0.5860153346167625,0.5036408534806565,1
Geophysical_model772,/home/lyara/areswave/models/Geophysical_model772.nd,nd,UNK,,,933.784,60.0,900.0,183.01300000000003,933.784,60.0,1119.594,33.784000000000106,1491.215,84.45899999999983,1689.548,60.0,0.42550477602329106,0.49060093012704864,0.4689022120924628,0.5744952239767089,0.5093990698729514,1
Geophysical_model771,/home/lyara/areswave/models/Geophysical_model771.nd,nd,UNK,,,933.784,60.0,900.0,183.01300000000003,933.784,60.0,1119.594,33.784000000000106,1491.215,84.45899999999983,1689.548,60.0,0.42550477602329106,0.49060093012704864,0.4689022120924628,0.5744952239767089,0.5093990698729514,1
Geophysical_model480,/home/lyara/areswave/models/Geophysical_model480.nd,nd,UNK,,,999.558,60.0,878.726,191.466,999.558,60.0,1115.708,16.592999999999847,1497.346,99.55799999999999,1678.723,60.0,0.33358298912213136,0.5366760839480093,0.4689783856727166,0.6664170108778686,0.46332391605199075,1
AK_model_30,/home/lyara/areswave/models/AK_model_30.nd,nd,UNK,,,1083.305,60.0,820.426,26.28800000000001,1083.305,60.0,1293.608,52.57600000000002,1319.896,52.57600000000002,1687.417,60.0,0.39631372617382354,0.5053303281665684,0.4689914608356534,0.6036862738261765,0.4946696718334315,1
Geophysical_model612,/home/lyara/areswave/models/Geophysical_model612.nd,nd,UNK,,,916.714,60.0,900.0,193.35500000000002,916.714,60.0,1117.28,33.42699999999991,1484.983,83.56899999999996,1683.1,60.0,0.4264568136488964,0.49030713331238207,0.4690236934245535,0.5735431863511036,0.5096928666876179,1
Geophysical_model801,/home/lyara/areswave/models/Geophysical_model801.nd,nd,UNK,,,966.694,60.0,900.0,192.625,966.694,60.0,1133.428,33.346000000000004,1483.57,66.69399999999996,1681.638,60.0,0.5824478460864155,0.41274896762964186,0.4693152604485664,0.4175521539135844,0.5872510323703581,1
CD_model90,/home/lyara/areswave/models/CD_model90.nd,nd,UNK,,,,60.0,,60.0,,60.0,,60.0,,60.0,,60.0,0.2907589238738256,0.5593990158982445,0.46985231855677156,0.7092410761261744,0.4406009841017556,1
CD_model86,/home/lyara/areswave/models/CD_model86.nd,nd,UNK,,,,60.0,,60.0,,60.0,,60.0,,60.0,,60.0,0.2907589238738256,0.5593990158982445,0.46985231855677156,0.7092410761261744,0.4406009841017556,1
Geophysical_model102,/home/lyara/areswave/models/Geophysical_model102.nd,nd,UNK,,,1016.295,60.0,900.0,198.32399999999996,1016.295,60.0,1132.589,33.22699999999986,1464.86,99.68200000000002,1679.468,60.0,0.33976166638336036,0.5349719941965643,0.4699018849254963,0.6602383336166396,0.4650280058034357,1
Geophysical_model512,/home/lyara/areswave/models/Geophysical_model512.nd,nd,UNK,,,933.807,60.0,900.0,183.49300000000005,933.807,60.0,1119.743,33.807000000000016,1491.615,84.51700000000005,1689.962,60.0,0.45651515982218627,0.4767334645023975,0.4699940296089937,0.5434848401778137,0.5232665354976025,1
AK_model_95,/home/lyara/areswave/models/AK_model_95.nd,nd,UNK,,,1073.564,60.0,774.981,27.144000000000005,1073.564,60.0,1290.715,27.144000000000005,1345.002,54.28800000000001,1717.883,60.0,0.518737522742155,0.4458905995787218,0.47017290729986616,0.481262477257845,0.5541094004212782,1
Geophysical_model937,/home/lyara/areswave/models/Geophysical_model937.nd,nd,UNK,,,916.589,60.0,878.454,193.918,916.589,60.0,1115.651,16.588999999999942,1497.188,99.53100000000018,1678.564,60.0,0.5303172240961589,0.44044496439418646,0.47040238429484393,0.46968277590384105,0.5595550356058135,1
Geophysical_model1000,/home/lyara/areswave/models/Geophysical_model1000.nd,nd,UNK,,,966.993,60.0,878.426,194.16700000000003,966.993,60.0,1117.726,33.496999999999844,1486.187,100.49000000000001,1684.345,60.0,0.4320676755679187,0.48973150104283925,0.4705102258845324,0.5679323244320813,0.5102684989571608,1
Geophysical_model698,/home/lyara/areswave/models/Geophysical_model698.nd,nd,UNK,,,1067.222,60.0,900.0,22.057000000000016,1067.222,60.0,1100.667,16.72199999999998,1451.834,100.33300000000008,1683.405,60.0,0.3368577015286469,0.5375267630205114,0.47063707585655656,0.6631422984713531,0.46247323697948856,1
Geophysical_model265,/home/lyara/areswave/models/Geophysical_model265.nd,nd,UNK,,,983.111,60.0,878.726,191.46400000000006,983.111,60.0,1116.088,16.62200000000007,1465.153,99.73299999999995,1679.781,60.0,0.44835539271921976,0.4818005567855428,0.4706521687634351,0.5516446072807802,0.5181994432144572,1
Geophysical_model172,/home/lyara/areswave/models/Geophysical_model172.nd,nd,UNK,,,966.367,60.0,900.0,189.356,966.367,60.0,1115.693,16.5920000000001,1464.12,116.14300000000003,1678.681,60.0,0.43487862513956976,0.4885961436475901,0.47069030414491664,0.5651213748604302,0.5114038563524099,1
Geophysical_model29,/home/lyara/areswave/models/Geophysical_model29.nd,nd,UNK,,,966.367,60.0,900.0,189.356,966.367,60.0,1115.693,16.5920000000001,1464.12,116.14300000000003,1678.681,60.0,0.43487862513956976,0.4885961436475901,0.47069030414491664,0.5651213748604302,0.5114038563524099,1
Geophysical_model30,/home/lyara/areswave/models/Geophysical_model30.nd,nd,UNK,,,966.367,60.0,900.0,189.356,966.367,60.0,1115.693,16.5920000000001,1464.12,116.14300000000003,1678.681,60.0,0.43487862513956976,0.4885961436475901,0.47069030414491664,0.5651213748604302,0.5114038563524099,1
Geophysical_model391,/home/lyara/areswave/models/Geophysical_model391.nd,nd,UNK,,,1030.76,60.0,900.0,187.67899999999997,1030.76,60.0,1128.83,32.690000000000055,1488.42,81.72500000000014,1669.744,60.0,0.36027091425238045,0.5261455258777008,0.47085398866926065,0.6397290857476196,0.47385447412229914,1
CD_model85,/home/lyara/areswave/models/CD_model85.nd,nd,UNK,,,,60.0,,60.0,,60.0,,60.0,,60.0,,60.0,0.24235205960133976,0.585161869327677,0.47089193275223123,0.7576479403986602,0.41483813067232295,1
Geophysical_model792,/home/lyara/areswave/models/Geophysical_model792.nd,nd,UNK,,,900.0,60.0,900.0,20.659999999999968,900.0,60.0,1106.104,17.174999999999955,1483.961,103.05199999999991,1699.813,60.0,0.4584960799993689,0.47729734415546965,0.4710302561034361,0.5415039200006311,0.5227026558445304,1
Geophysical_model697,/home/lyara/areswave/models/Geophysical_model697.nd,nd,UNK,,,900.0,60.0,900.0,20.659999999999968,900.0,60.0,1106.104,17.174999999999955,1483.961,103.05199999999991,1699.813,60.0,0.4584960799993689,0.47729734415546965,0.4710302561034361,0.5415039200006311,0.5227026558445304,1
Geophysical_model882,/home/lyara/areswave/models/Geophysical_model882.nd,nd,UNK,,,900.0,60.0,900.0,20.659999999999968,900.0,60.0,1106.104,17.174999999999955,1483.961,103.05199999999991,1699.813,60.0,0.4584960799993689,0.47729734415546965,0.4710302561034361,0.5415039200006311,0.5227026558445304,1
MD_model9,/home/lyara/areswave/models/MD_model9.nd,nd,UNK,,,993.358,60.0,779.806,10.169000000000096,993.358,60.0,1156.065,193.21399999999994,1430.632,172.87599999999998,1501.816,60.0,0.3098840430299762,0.5523172911237624,0.4715062084258337,0.6901159569700238,0.4476827088762377,1
Geophysical_model151,/home/lyara/areswave/models/Geophysical_model151.nd,nd,UNK,,,916.88,60.0,900.0,182.47299999999996,916.88,60.0,1102.557,16.87999999999988,1440.153,101.27800000000002,1689.11,60.0,0.4708115568766996,0.47193396185751846,0.47155982686391223,0.5291884431233004,0.5280660381424815,1
Geophysical_model978,/home/lyara/areswave/models/Geophysical_model978.nd,nd,UNK,,,950.781,60.0,900.0,183.60400000000004,950.781,60.0,1136.977,33.85400000000004,1492.442,67.70700000000011,1690.818,60.0,0.33866784020069995,0.5381595050206465,0.47166228341399763,0.6613321597993,0.4618404949793535,1
AK_model_70,/home/lyara/areswave/models/AK_model_70.nd,nd,UNK,,,1060.0,60.0,825.0,25.0,1060.0,60.0,1300.0,75.0,1300.0,50.0,1634.964,60.0,0.3645239167035367,0.5257045519993948,0.47197767356744214,0.6354760832964633,0.47429544800060514,1
AK_model_90,/home/lyara/areswave/models/AK_model_90.nd,nd,UNK,,,1066.591,60.0,798.434,26.81600000000003,1066.591,60.0,1281.116,26.815000000000055,1334.748,53.631000000000085,1705.618,60.0,0.48156865861980713,0.4678875465954452,0.4724479172702325,0.5184313413801929,0.5321124534045548,1
Geophysical_model9,/home/lyara/areswave/models/Geophysical_model9.nd,nd,UNK,,,949.517,60.0,900.0,192.452,949.517,60.0,1114.574,16.505999999999858,1444.688,115.53999999999996,1675.563,60.0,0.41137676258310885,0.503008981984526,0.4724649088507203,0.5886232374168912,0.49699101801547396,1
Geophysical_model610,/home/lyara/areswave/models/Geophysical_model610.nd,nd,UNK,,,916.648,60.0,900.0,179.42899999999997,916.648,60.0,1116.419,16.64799999999991,1482.668,99.88499999999999,1680.704,60.0,0.42796526951104874,0.4948942882615692,0.47258461534472906,0.5720347304889513,0.5051057117384308,1
Geophysical_model863,/home/lyara/areswave/models/Geophysical_model863.nd,nd,UNK,,,950.526,60.0,900.0,171.76099999999997,950.526,60.0,1135.789,33.68399999999997,1472.631,67.36899999999991,1687.745,60.0,0.24487868402796276,0.5870277889283104,0.4729780872948612,0.7551213159720372,0.4129722110716895,1
CD_model67,/home/lyara/areswave/models/CD_model67.nd,nd,UNK,,,,60.0,,60.0,,60.0,,60.0,,60.0,,60.0,0.2687493513228457,0.5751302297406644,0.47300327026805816,0.7312506486771543,0.42486977025933564,1
Geophysical_model175,/home/lyara/areswave/models/Geophysical_model175.nd,nd,UNK,,,949.72,60.0,900.0,186.75400000000002,949.72,60.0,1115.452,16.573000000000093,1463.49,99.44000000000005,1678.009,60.0,0.5927280078980877,0.41320710946677675,0.47304740894388037,0.4072719921019123,0.5867928905332233,1
Geophysical_model976,/home/lyara/areswave/models/Geophysical_model976.nd,nd,UNK,,,916.837,60.0,900.0,181.46799999999996,916.837,60.0,1118.884,33.67399999999998,1489.303,84.18600000000015,1687.57,60.0,0.2787736989179923,0.5707077567910953,0.4733964041667276,0.7212263010820077,0.4292922432089047,1
Geophysical_model618,/home/lyara/areswave/models/Geophysical_model618.nd,nd,UNK,,,933.862,60.0,900.0,186.58500000000004,933.862,60.0,1120.105,33.86200000000008,1492.59,84.65599999999995,1690.97,60.0,0.298199869122164,0.5614863672844311,0.47372420123034215,0.701800130877836,0.43851363271556887,1
Geophysical_model188,/home/lyara/areswave/models/Geophysical_model188.nd,nd,UNK,,,967.494,60.0,900.0,188.938,967.494,60.0,1119.357,33.74700000000007,1456.828,118.11599999999999,1688.886,60.0,0.3688100657028014,0.527629267829825,0.47468953378748385,0.6311899342971986,0.472370732170175,1
MD_model50,/home/lyara/areswave/models/MD_model50.nd,nd,UNK,,,1043.775,60.0,704.13,186.25699999999995,1043.775,60.0,1295.769,186.25700000000006,1361.507,87.65100000000007,1649.586,60.0,0.3701108153799273,0.5270586847035903,0.4747427282623693,0.6298891846200727,0.47294131529640976,1
AK_model_66,/home/lyara/areswave/models/AK_model_66.nd,nd,UNK,,,1018.904,60.0,817.742,25.145999999999958,1018.904,60.0,1169.776,100.5809999999999,1370.939,75.43600000000015,1678.566,60.0,0.4743183230465706,0.4751529658158914,0.47487475155945114,0.5256816769534294,0.5248470341841086,1
Geophysical_model235,/home/lyara/areswave/models/Geophysical_model235.nd,nd,UNK,,,916.874,60.0,900.0,181.13800000000003,916.874,60.0,1102.492,16.874000000000024,1439.978,101.2460000000001,1688.913,60.0,0.5395830108312277,0.442583887466667,0.4749169285881873,0.4604169891687723,0.557416112533333,1
MD_model17,/home/lyara/areswave/models/MD_model17.nd,nd,UNK,,,1094.831,60.0,723.03,196.836,1094.831,60.0,1193.249,185.89999999999986,1411.956,98.41799999999989,1645.069,60.0,0.6032919440995881,0.4107599827900432,0.4749373032265582,0.3967080559004119,0.5892400172099568,1
Geophysical_model640,/home/lyara/areswave/models/Geophysical_model640.nd,nd,UNK,,,900.0,60.0,877.345,181.23800000000006,900.0,60.0,1119.204,33.72399999999993,1490.165,101.17100000000005,1688.461,60.0,0.360565926862664,0.5321482379343023,0.4749541342437562,0.639434073137336,0.4678517620656976,1
Geophysical_model28,/home/lyara/areswave/models/Geophysical_model28.nd,nd,UNK,,,999.738,60.0,900.0,196.45899999999995,999.738,60.0,1116.099,16.623000000000047,1465.181,99.73799999999983,1679.811,60.0,0.3355662584240042,0.5460477545112816,0.4758872558155225,0.6644337415759958,0.4539522454887184,1
MD_model92,/home/lyara/areswave/models/MD_model92.nd,nd,UNK,,,957.353,60.0,715.782,186.66899999999998,957.353,60.0,1275.788,54.90300000000002,1308.73,43.922000000000025,1652.135,60.0,0.4347257301467682,0.4964749860992501,0.47589190078175614,0.5652742698532318,0.5035250139007499,1
Geophysical_model495,/home/lyara/areswave/models/Geophysical_model495.nd,nd,UNK,,,966.559,60.0,900.0,180.90700000000004,966.559,60.0,1116.317,16.638999999999896,1465.751,99.83900000000017,1680.417,60.0,0.49134167151592467,0.4681814430712553,0.47590151921947843,0.5086583284840753,0.5318185569287447,1
Geophysical_model539,/home/lyara/areswave/models/Geophysical_model539.nd,nd,UNK,,,950.085,60.0,900.0,183.34400000000005,950.085,60.0,1133.728,33.3900000000001,1484.32,66.779,1682.414,60.0,0.32861442838448474,0.5498294526309822,0.47609111121548303,0.6713855716155153,0.45017054736901785,1
Geophysical_model408,/home/lyara/areswave/models/Geophysical_model408.nd,nd,UNK,,,949.973,60.0,900.0,193.77599999999995,949.973,60.0,1116.548,16.656999999999925,1449.698,99.94499999999994,1681.061,60.0,0.3022756646736481,0.5631788734640268,0.47621113720056724,0.6977243353263519,0.43682112653597316,1
Geophysical_model113,/home/lyara/areswave/models/Geophysical_model113.nd,nd,UNK,,,949.973,60.0,900.0,193.77599999999995,949.973,60.0,1116.548,16.656999999999925,1449.698,99.94499999999994,1681.061,60.0,0.3022756646736481,0.5631788734640268,0.47621113720056724,0.6977243353263519,0.43682112653597316,1
Geophysical_model213,/home/lyara/areswave/models/Geophysical_model213.nd,nd,UNK,,,949.973,60.0,900.0,193.77599999999995,949.973,60.0,1116.548,16.656999999999925,1449.698,99.94499999999994,1681.061,60.0,0.3022756646736481,0.5631788734640268,0.47621113720056724,0.6977243353263519,0.43682112653597316,1
Geophysical_model749,/home/lyara/areswave/models/Geophysical_model749.nd,nd,UNK,,,900.0,60.0,900.0,197.837,900.0,60.0,1104.246,17.019999999999982,1478.696,102.12300000000005,1694.206,60.0,0.2662673970815638,0.5814443946931147,0.47638539548926434,0.7337326029184362,0.4185556053068853,1
Geophysical_model91,/home/lyara/areswave/models/Geophysical_model91.nd,nd,UNK,,,1001.362,60.0,880.983,190.173,1001.362,60.0,1119.617,33.78800000000001,1491.277,101.36200000000008,1689.612,60.0,0.4291795147745233,0.499999655344447,0.47639294182113917,0.5708204852254767,0.500000344655553,1
Geophysical_model168,/home/lyara/areswave/models/Geophysical_model168.nd,nd,UNK,,,1001.362,60.0,880.983,190.173,1001.362,60.0,1119.617,33.78800000000001,1491.277,101.36200000000008,1689.612,60.0,0.4291795147745233,0.499999655344447,0.47639294182113917,0.5708204852254767,0.500000344655553,1
Geophysical_model366,/home/lyara/areswave/models/Geophysical_model366.nd,nd,UNK,,,949.973,60.0,900.0,193.913,949.973,60.0,1116.548,16.656999999999925,1449.698,99.94499999999994,1681.061,60.0,0.4055391578544091,0.5123648551855029,0.47675628940847165,0.5944608421455909,0.48763514481449716,1
Geophysical_model583,/home/lyara/areswave/models/Geophysical_model583.nd,nd,UNK,,,1086.489,60.0,900.0,21.158000000000015,1086.489,60.0,1103.443,16.952999999999975,1459.467,118.67499999999995,1691.782,60.0,0.4502604009064367,0.4903338694356213,0.4769760465925598,0.5497395990935633,0.5096661305643787,1
Geophysical_model665,/home/lyara/areswave/models/Geophysical_model665.nd,nd,UNK,,,1086.489,60.0,900.0,21.158000000000015,1086.489,60.0,1103.443,16.952999999999975,1459.467,118.67499999999995,1691.782,60.0,0.4502604009064367,0.4903338694356213,0.4769760465925598,0.5497395990935633,0.5096661305643787,1
MD_model67,/home/lyara/areswave/models/MD_model67.nd,nd,UNK,,,988.648,60.0,733.806,10.617999999999938,988.648,60.0,1105.451,10.617999999999938,1424.004,31.855000000000018,1620.994,60.0,0.6406202224675539,0.3953804987420406,0.4771270733172117,0.35937977753244604,0.6046195012579594,1
Geophysical_model228,/home/lyara/areswave/models/Geophysical_model228.nd,nd,UNK,,,1000.927,60.0,900.0,186.836,1000.927,60.0,1135.497,33.64300000000003,1488.742,84.106,1686.989,60.0,0.42224291885267684,0.5053721526691373,0.47766240806365046,0.5777570811473232,0.4946278473308628,1
AK_model_27,/home/lyara/areswave/models/AK_model_27.nd,nd,UNK,,,1040.423,60.0,798.576,26.871999999999957,1040.423,60.0,1282.27,53.743999999999915,1309.142,53.743999999999915,1707.264,60.0,0.5052181883966621,0.4639651100983093,0.4777161361977602,0.4947818116033379,0.5360348899016907,1
Geophysical_model11,/home/lyara/areswave/models/Geophysical_model11.nd,nd,UNK,,,1001.216,60.0,861.153,194.23299999999995,1001.216,60.0,1119.301,33.738000000000056,1490.426,101.2159999999999,1688.731,60.0,0.3672753465121529,0.5331676774473835,0.47787023380230664,0.6327246534878471,0.46683232255261653,1
Geophysical_model79,/home/lyara/areswave/models/Geophysical_model79.nd,nd,UNK,,,982.905,60.0,879.721,182.515,982.905,60.0,1115.552,16.58100000000013,1463.752,116.06700000000001,1678.288,60.0,0.3317479978626202,0.5509764900652026,0.47790032599767507,0.6682520021373798,0.44902350993479745,1
AK_model_46,/home/lyara/areswave/models/AK_model_46.nd,nd,UNK,,,1017.265,60.0,775.483,26.864999999999895,1017.265,60.0,1285.911,134.3230000000001,1473.964,26.86500000000001,1710.571,60.0,0.3388453234423222,0.5481420697358971,0.47837648763803875,0.6611546765576778,0.4518579302641029,1
MD_model70,/home/lyara/areswave/models/MD_model70.nd,nd,UNK,,,1005.796,60.0,809.43,10.335000000000036,1005.796,60.0,1243.502,165.3610000000001,1439.868,165.3610000000001,1592.774,60.0,0.44542604038483136,0.49493152831641773,0.47842969900588894,0.5545739596151686,0.5050684716835823,1
Geophysical_model642,/home/lyara/areswave/models/Geophysical_model642.nd,nd,UNK,,,1099.713,60.0,877.292,22.70900000000006,1099.713,60.0,1116.356,16.64300000000003,1449.211,99.85699999999997,1680.527,60.0,0.4226466203310434,0.5063518847519521,0.47845012994498254,0.5773533796689566,0.49364811524804786,1
Geophysical_model171,/home/lyara/areswave/models/Geophysical_model171.nd,nd,UNK,,,1016.326,60.0,900.0,195.567,1016.326,60.0,1132.652,33.235999999999876,1498.248,99.70800000000008,1679.631,60.0,0.36625920305646953,0.5356775608231905,0.4792047749009502,0.6337407969435305,0.4643224391768095,1
MD_model18,/home/lyara/areswave/models/MD_model18.nd,nd,UNK,,,1091.8,60.0,713.204,194.70600000000002,1091.8,60.0,1102.617,10.817000000000007,1416.311,108.16999999999985,1626.516,60.0,0.4814559411142766,0.47852146159712816,0.4794996214361776,0.5185440588857234,0.5214785384028718,1
Geophysical_model40,/home/lyara/areswave/models/Geophysical_model40.nd,nd,UNK,,,1063.521,60.0,900.0,197.404,1063.521,60.0,1145.281,32.70399999999995,1488.674,65.4079999999999,1669.999,60.0,0.5674808034887433,0.4363158454741811,0.48003749814570185,0.43251919651125675,0.5636841545258189,1
CD_model61,/home/lyara/areswave/models/CD_model61.nd,nd,UNK,,,,60.0,,60.0,,60.0,,60.0,,60.0,,60.0,0.5914854586665547,0.4244149312885379,0.4801051070812101,0.40851454133344534,0.5755850687114621,1
Geophysical_model354,/home/lyara/areswave/models/Geophysical_model354.nd,nd,UNK,,,1063.97,60.0,900.0,189.30700000000002,1063.97,60.0,1145.955,16.396999999999935,1490.293,65.58799999999997,1671.628,60.0,0.617967863298087,0.4112190945452596,0.48013535079620207,0.38203213670191305,0.5887809054547404,1
Geophysical_model378,/home/lyara/areswave/models/Geophysical_model378.nd,nd,UNK,,,1063.97,60.0,900.0,189.30700000000002,1063.97,60.0,1145.955,16.396999999999935,1490.293,65.58799999999997,1671.628,60.0,0.617967863298087,0.4112190945452596,0.48013535079620207,0.38203213670191305,0.5887809054547404,1
Geophysical_model542,/home/lyara/areswave/models/Geophysical_model542.nd,nd,UNK,,,1088.045,60.0,900.0,20.70399999999995,1088.045,60.0,1105.14,17.0949999999998,1464.136,119.66499999999996,1696.906,60.0,0.2787585615670529,0.5808433667261848,0.4801484316731408,0.7212414384329471,0.41915663327381525,1
Geophysical_model241,/home/lyara/areswave/models/Geophysical_model241.nd,nd,UNK,,,1033.228,60.0,900.0,182.39200000000005,1033.228,60.0,1133.149,33.307000000000016,1482.872,83.26800000000003,1680.916,60.0,0.3376324900105343,0.5522421466437311,0.4807055944326655,0.6623675099894657,0.447757853356269,1
Geophysical_model330,/home/lyara/areswave/models/Geophysical_model330.nd,nd,UNK,,,1047.741,60.0,900.0,190.02200000000005,1047.741,60.0,1146.235,32.830999999999904,1490.965,82.07799999999997,1672.304,60.0,0.3891010794181897,0.5266704320602721,0.48081398117957797,0.6108989205818103,0.4733295679397279,1
Geophysical_model409,/home/lyara/areswave/models/Geophysical_model409.nd,nd,UNK,,,1047.741,60.0,900.0,190.02200000000005,1047.741,60.0,1146.235,32.830999999999904,1490.965,82.07799999999997,1672.304,60.0,0.3891010794181897,0.5266704320602721,0.48081398117957797,0.6108989205818103,0.4733295679397279,1
Geophysical_model158,/home/lyara/areswave/models/Geophysical_model158.nd,nd,UNK,,,1017.887,60.0,900.0,186.66499999999996,1017.887,60.0,1135.775,16.841000000000122,1489.437,84.2059999999999,1687.708,60.0,0.41375258823571537,0.5145292713791538,0.4809370436646743,0.5862474117642846,0.4854707286208461,1
Geophysical_model614,/home/lyara/areswave/models/Geophysical_model614.nd,nd,UNK,,,933.975,60.0,879.27,186.57299999999998,933.975,60.0,1120.837,33.975000000000136,1494.562,84.9369999999999,1693.011,60.0,0.4365594986061029,0.5035970369958781,0.48125119086595297,0.5634405013938971,0.4964029630041219,1
MD_model51,/home/lyara/areswave/models/MD_model51.nd,nd,UNK,,,983.045,60.0,717.402,191.26300000000003,983.045,60.0,1291.191,31.87799999999993,1354.945,74.37999999999988,1605.669,60.0,0.43946375188825937,0.5022967142933835,0.48135239349167547,0.5605362481117406,0.4977032857066165,1
Geophysical_model620,/home/lyara/areswave/models/Geophysical_model620.nd,nd,UNK,,,933.4,60.0,900.0,184.22799999999995,933.4,60.0,1117.102,33.399999999999864,1484.505,83.5010000000002,1682.605,60.0,0.3656169144856758,0.5394623995098077,0.48151390450176373,0.6343830855143242,0.4605376004901923,1
Geophysical_model673,/home/lyara/areswave/models/Geophysical_model673.nd,nd,UNK,,,900.0,60.0,900.0,180.98900000000003,900.0,60.0,1118.976,33.68899999999985,1489.55,101.06600000000003,1687.825,60.0,0.5782622739876877,0.43324468994323173,0.4815838846247171,0.42173772601231235,0.5667553100567683,1
CD_model20,/home/lyara/areswave/models/CD_model20.nd,nd,UNK,,,,60.0,,60.0,,60.0,,60.0,,60.0,,60.0,0.45452646527766727,0.4957703226642092,0.48202237020202854,0.5454735347223327,0.5042296773357908,1
CD_model53,/home/lyara/areswave/models/CD_model53.nd,nd,UNK,,,,60.0,,60.0,,60.0,,60.0,,60.0,,60.0,0.4091388744942701,0.5185753258310692,0.4820965087188029,0.5908611255057299,0.4814246741689307,1
CD_model87,/home/lyara/areswave/models/CD_model87.nd,nd,UNK,,,,60.0,,60.0,,60.0,,60.0,,60.0,,60.0,0.5761117233643953,0.4353752538264115,0.4822874103390728,0.42388827663560463,0.5646247461735885,1
Geophysical_model700,/home/lyara/areswave/models/Geophysical_model700.nd,nd,UNK,,,916.847,60.0,879.958,180.37400000000002,916.847,60.0,1119.005,33.69300000000021,1489.628,84.23299999999995,1687.906,60.0,0.3263829428288557,0.560446793110708,0.48242550968342385,0.6736170571711443,0.43955320688929195,1
MD_model4,/home/lyara/areswave/models/MD_model4.nd,nd,UNK,,,994.529,60.0,768.899,10.255999999999972,994.529,60.0,1117.601,164.09400000000005,1394.511,194.86299999999983,1507.326,60.71499999999992,0.45463447980074734,0.496402364154799,0.4824797360367818,0.5453655201992527,0.503597635845201,1
Geophysical_model72,/home/lyara/areswave/models/Geophysical_model72.nd,nd,UNK,,,1032.978,60.0,900.0,188.98199999999997,1032.978,60.0,1132.711,33.24400000000014,1481.777,83.11099999999988,1679.782,60.0,0.5407589001935695,0.4533811491571381,0.4825070661692819,0.45924109980643046,0.5466188508428619,1
MD_model32,/home/lyara/areswave/models/MD_model32.nd,nd,UNK,,,997.466,60.0,794.657,10.139999999999986,997.466,60.0,1129.292,141.96699999999987,1352.383,111.54500000000007,1504.49,60.807000000000016,0.4773777378497106,0.48540018793576223,0.48272603790707835,0.5226222621502894,0.5145998120642378,1
Geophysical_model892,/home/lyara/areswave/models/Geophysical_model892.nd,nd,UNK,,,933.943,60.0,900.0,185.966,933.943,60.0,1120.631,33.942999999999984,1477.036,84.85800000000017,1692.437,60.0,0.4652453058763598,0.49243017176466297,0.4833685498018953,0.5347546941236402,0.507569828235337,1
Geophysical_model413,/home/lyara/areswave/models/Geophysical_model413.nd,nd,UNK,,,1063.846,60.0,900.0,187.43899999999996,1063.846,60.0,1145.769,32.769000000000005,1489.845,65.53899999999999,1671.177,60.0,0.6143212580380903,0.41806639756411945,0.4834846843887764,0.3856787419619096,0.5819336024358805,1
MD_model23,/home/lyara/areswave/models/MD_model23.nd,nd,UNK,,,932.566,60.0,762.339,180.86599999999999,932.566,60.0,1273.019,74.47499999999991,1326.215,31.917000000000144,1608.988,60.0,0.6714571750440901,0.3901894156026797,0.48394533541648316,0.3285428249559099,0.6098105843973203,1
AK_model_87,/home/lyara/areswave/models/AK_model_87.nd,nd,UNK,,,1080.176,60.0,842.943,26.359000000000037,1080.176,60.0,1291.051,26.3599999999999,1343.769,79.07799999999997,1685.704,60.0,0.4930248525523956,0.47947313800809,0.48399037618952523,0.5069751474476044,0.52052686199191,1
AK_model_71,/home/lyara/areswave/models/AK_model_71.nd,nd,UNK,,,1027.518,60.0,797.261,25.58400000000006,1027.518,60.0,1283.359,76.75199999999995,1308.944,25.58400000000006,1695.121,60.0,0.3307072929942316,0.5611405764593183,0.48432948197095604,0.6692927070057684,0.4388594235406818,1
Geophysical_model287,/home/lyara/areswave/models/Geophysical_model287.nd,nd,UNK,,,1001.133,60.0,861.705,191.47500000000002,1001.133,60.0,1119.121,33.71100000000001,1489.942,101.13300000000004,1688.231,60.0,0.34486069914638295,0.554257681053215,0.48445868708427103,0.655139300853617,0.44574231894678495,1
Geophysical_model45,/home/lyara/areswave/models/Geophysical_model45.nd,nd,UNK,,,1016.295,60.0,900.0,198.29700000000003,1016.295,60.0,1132.589,33.22699999999986,1481.473,99.68200000000002,1679.468,60.0,0.3198706328415979,0.5667622728656896,0.48446505952432567,0.6801293671584021,0.4332377271343104,1
CD_model4,/home/lyara/areswave/models/CD_model4.nd,nd,UNK,,,,60.0,,60.0,,60.0,,60.0,,60.0,,60.0,0.6108765830834808,0.4212728743579177,0.4844741105997721,0.38912341691651925,0.5787271256420823,1
Geophysical_model214,/home/lyara/areswave/models/Geophysical_model214.nd,nd,UNK,,,949.92,60.0,900.0,183.216,949.92,60.0,1116.318,16.6400000000001,1449.115,116.47900000000004,1680.421,60.0,0.36143839748903306,0.5464409151596468,0.4847734092694422,0.6385616025109669,0.4535590848403532,1
Geophysical_model322,/home/lyara/areswave/models/Geophysical_model322.nd,nd,UNK,,,983.19,60.0,900.0,194.81899999999996,983.19,60.0,1116.294,16.63799999999992,1465.692,116.46600000000012,1680.354,60.0,0.40912900450128775,0.5236349739343293,0.48546631745664887,0.5908709954987122,0.4763650260656706,1
Geophysical_model24,/home/lyara/areswave/models/Geophysical_model24.nd,nd,UNK,,,1098.645,60.0,900.0,181.856,1098.645,60.0,1115.199,16.55399999999986,1429.721,99.32199999999989,1677.304,60.0,0.2545615413021921,0.6010261330992568,0.4855379358335686,0.7454384586978079,0.39897386690074316,1
CD_model13,/home/lyara/areswave/models/CD_model13.nd,nd,UNK,,,,60.0,,60.0,,60.0,,60.0,,60.0,,60.0,0.493478492590512,0.4816085180272016,0.48556517621497175,0.506521507409488,0.5183914819727984,1
CD_model12,/home/lyara/areswave/models/CD_model12.nd,nd,UNK,,,,60.0,,60.0,,60.0,,60.0,,60.0,,60.0,0.493478492590512,0.4816085180272016,0.48556517621497175,0.506521507409488,0.5183914819727984,1
Geophysical_model870,/home/lyara/areswave/models/Geophysical_model870.nd,nd,UNK,,,900.0,60.0,859.178,183.70100000000002,900.0,60.0,1106.522,17.210000000000036,1485.145,86.04999999999995,1502.356,68.83999999999992,0.335474420535111,0.5607934500484225,0.4856871068773187,0.664525579464889,0.4392065499515775,1
Geophysical_model125,/home/lyara/areswave/models/Geophysical_model125.nd,nd,UNK,,,983.004,60.0,878.65,192.14800000000002,983.004,60.0,1115.809,16.601000000000113,1497.625,99.60400000000004,1679.004,60.0,0.42239389192293264,0.5177394375506494,0.4859575890080772,0.5776061080770674,0.4822605624493505,1
Geophysical_model255,/home/lyara/areswave/models/Geophysical_model255.nd,nd,UNK,,,1017.871,60.0,900.0,185.688,1017.871,60.0,1135.742,16.838999999999942,1489.354,84.19299999999998,1687.623,60.0,0.28453408411567693,0.5871463012109667,0.4862755621792034,0.7154659158843231,0.41285369878903333,1
Geophysical_model769,/home/lyara/areswave/models/Geophysical_model769.nd,nd,UNK,,,950.91,60.0,900.0,199.563,950.91,60.0,1137.578,33.940000000000055,1476.975,67.8789999999999,1692.373,60.0,0.4521384252480962,0.5034309500557006,0.4863334417864991,0.5478615747519038,0.4965690499442994,1
Geophysical_model646,/home/lyara/areswave/models/Geophysical_model646.nd,nd,UNK,,,950.013,60.0,900.0,182.46900000000005,950.013,60.0,1133.396,50.01299999999992,1483.489,66.68399999999997,1681.554,60.0,0.34472060591326903,0.5571543054678665,0.48634307228300067,0.655279394086731,0.4428456945321335,1
MD_model27,/home/lyara/areswave/models/MD_model27.nd,nd,UNK,,,1030.409,60.0,895.244,10.397000000000048,1030.409,60.0,1259.149,83.17799999999988,1311.135,31.19100000000003,1589.478,60.0,0.5510933534685103,0.4539916265860017,0.4863588688801712,0.44890664653148965,0.5460083734139983,1
Geophysical_model62,/home/lyara/areswave/models/Geophysical_model62.nd,nd,UNK,,,1099.133,60.0,900.0,181.77599999999995,1099.133,60.0,1115.728,16.593999999999824,1431.022,99.56700000000001,1678.777,60.0,0.3977216731283455,0.530771286620216,0.48642141545625917,0.6022783268716545,0.469228713379784,1
Geophysical_model26,/home/lyara/areswave/models/Geophysical_model26.nd,nd,UNK,,,1049.919,60.0,900.0,181.611,1049.919,60.0,1133.207,33.315000000000055,1483.019,83.28800000000001,1681.067,60.0,0.46686325164731024,0.4964391810505403,0.4865805379161303,0.5331367483526898,0.5035608189494597,1
Geophysical_model297,/home/lyara/areswave/models/Geophysical_model297.nd,nd,UNK,,,1049.919,60.0,900.0,181.611,1049.919,60.0,1133.207,33.315000000000055,1483.019,83.28800000000001,1681.067,60.0,0.46686325164731024,0.4964391810505403,0.4865805379161303,0.5331367483526898,0.5035608189494597,1
CD_model77,/home/lyara/areswave/models/CD_model77.nd,nd,UNK,,,,60.0,,60.0,,60.0,,60.0,,60.0,,60.0,0.6487300435254852,0.4056659224267859,0.48668729612635236,0.3512699564745147,0.5943340775732141,1
AK_model_5,/home/lyara/areswave/models/AK_model_5.nd,nd,UNK,,,1050.493,60.0,815.949,26.06000000000006,1050.493,60.0,1285.037,78.18200000000002,1311.097,26.059999999999945,1677.345,60.0,0.28670837977034924,0.5871758882435008,0.48702005208578364,0.7132916202296508,0.4128241117564993,1
Geophysical_model990,/home/lyara/areswave/models/Geophysical_model990.nd,nd,UNK,,,950.721,60.0,900.0,183.73699999999997,950.721,60.0,1119.792,33.81400000000008,1491.747,84.53500000000008,1690.099,60.0,0.36831687228748455,0.5466952372186431,0.48723578224159025,0.6316831277125154,0.45330476278135684,1
Geophysical_model902,/home/lyara/areswave/models/Geophysical_model902.nd,nd,UNK,,,900.0,60.0,900.0,29.450000000000045,900.0,60.0,1102.126,16.84400000000005,1455.847,101.0630000000001,1687.809,60.0,0.48183600381257663,0.48994101879314833,0.48723934713295775,0.5181639961874234,0.5100589812068517,1
AK_model_41,/home/lyara/areswave/models/AK_model_41.nd,nd,UNK,,,1033.676,60.0,821.492,26.524,1033.676,60.0,1298.907,106.09199999999987,1484.568,159.13799999999992,1694.521,60.0,0.4510723689647015,0.5055905976458075,0.4874178547521055,0.5489276310352985,0.49440940235419256,1
Geophysical_model257,/home/lyara/areswave/models/Geophysical_model257.nd,nd,UNK,,,967.872,60.0,900.0,180.54700000000003,967.872,60.0,1120.585,33.937000000000126,1459.948,101.80899999999997,1692.31,60.0,0.34538516278103226,0.5591614793637718,0.4879027071695253,0.6546148372189677,0.44083852063622825,1
Geophysical_model415,/home/lyara/areswave/models/Geophysical_model415.nd,nd,UNK,,,949.68,60.0,900.0,189.93600000000004,949.68,60.0,1115.279,16.559999999999945,1463.038,99.3599999999999,1677.528,60.0,0.4289046335336837,0.5175125696490128,0.4879765909439031,0.5710953664663163,0.4824874303509872,1
Geophysical_model10,/home/lyara/areswave/models/Geophysical_model10.nd,nd,UNK,,,983.111,60.0,878.833,190.50300000000004,983.111,60.0,1116.088,16.62200000000007,1465.153,116.35500000000002,1679.781,60.0,0.5847675059907815,0.43958715394598524,0.487980604627584,0.41523249400921847,0.5604128460540148,1
MD_model8,/home/lyara/areswave/models/MD_model8.nd,nd,UNK,,,1001.915,60.0,793.775,10.407000000000039,1001.915,60.0,1241.276,145.6980000000001,1449.416,187.32600000000002,1592.569,60.0,0.5946181731952446,0.43497924879217476,0.4881922235931981,0.40538182680475543,0.5650207512078252,1
MD_model65,/home/lyara/areswave/models/MD_model65.nd,nd,UNK,,,1057.396,60.0,710.116,184.49199999999996,1057.396,60.0,1285.298,21.705000000000155,1361.266,75.96800000000007,1636.741,60.0,0.28603152902935003,0.589520709393974,0.4883576492724327,0.71396847097065,0.410479290606026,1
AK_model_32,/home/lyara/areswave/models/AK_model_32.nd,nd,UNK,,,1041.652,60.0,799.091,26.951000000000022,1041.652,60.0,1284.214,53.90300000000002,1311.165,53.90300000000002,1709.879,60.0,0.4203691022166932,0.5223792211837572,0.48837584819473595,0.5796308977833068,0.47762077881624276,1
CD_model89,/home/lyara/areswave/models/CD_model89.nd,nd,UNK,,,,60.0,,60.0,,60.0,,60.0,,60.0,,60.0,0.4136896933114852,0.5269595703083538,0.489202944642731,0.5863103066885148,0.47304042969164617,1
Geophysical_model321,/home/lyara/areswave/models/Geophysical_model321.nd,nd,UNK,,,1064.355,60.0,900.0,189.894,1064.355,60.0,1146.533,32.87099999999987,1491.679,65.74200000000019,1673.022,60.0,0.5058867571124196,0.4822728936825621,0.49014418149251454,0.4941132428875804,0.5177271063174379,1
CD_model16,/home/lyara/areswave/models/CD_model16.nd,nd,UNK,,,,60.0,,60.0,,60.0,,60.0,,60.0,,60.0,0.5558954785174988,0.4574129499907218,0.49024045949964745,0.44410452148250124,0.5425870500092782,1
Geophysical_model363,/home/lyara/areswave/models/Geophysical_model363.nd,nd,UNK,,,949.973,60.0,900.0,197.183,949.973,60.0,1116.548,16.656999999999925,1449.698,116.60299999999984,1681.061,60.0,0.3576014484738268,0.5571321349832461,0.490621906146773,0.6423985515261732,0.44286786501675396,1
Geophysical_model375,/home/lyara/areswave/models/Geophysical_model375.nd,nd,UNK,,,949.973,60.0,900.0,197.183,949.973,60.0,1116.548,16.656999999999925,1449.698,116.60299999999984,1681.061,60.0,0.3576014484738268,0.5571321349832461,0.490621906146773,0.6423985515261732,0.44286786501675396,1
Geophysical_model246,/home/lyara/areswave/models/Geophysical_model246.nd,nd,UNK,,,1033.219,60.0,900.0,180.10900000000004,1033.219,60.0,1133.134,33.305000000000064,1482.834,83.26200000000017,1680.877,60.0,0.534885974971194,0.46854075827714714,0.49065583050849604,0.46511402502880606,0.5314592417228529,1
Geophysical_model992,/home/lyara/areswave/models/Geophysical_model992.nd,nd,UNK,,,950.127,60.0,900.0,199.96900000000005,950.127,60.0,1133.926,50.12699999999995,1484.815,66.83600000000001,1682.926,60.0,0.45209532246302375,0.5102358348282383,0.49085566403983344,0.5479046775369762,0.48976416517176175,1
Geophysical_model240,/home/lyara/areswave/models/Geophysical_model240.nd,nd,UNK,,,999.801,60.0,878.469,193.77800000000002,999.801,60.0,1116.236,16.63299999999981,1498.807,99.80099999999993,1680.192,60.0,0.5530235999485913,0.4599743203838448,0.49099074690542693,0.44697640005140865,0.5400256796161552,1
MD_model11,/home/lyara/areswave/models/MD_model11.nd,nd,UNK,,,987.786,60.0,735.63,10.505999999999972,987.786,60.0,1103.357,10.507000000000062,1429.058,84.05199999999991,1604.141,60.0,0.46002548921165765,0.5065422146005073,0.4910366394708907,0.5399745107883424,0.4934577853994927,1
MD_model14,/home/lyara/areswave/models/MD_model14.nd,nd,UNK,,,1003.044,60.0,801.326,10.616999999999962,1003.044,60.0,1130.445,138.01800000000003,1321.547,191.10199999999986,1614.289,60.0,0.30291054854188626,0.5853692451274144,0.4912163462655717,0.6970894514581137,0.4146307548725856,1
Geophysical_model206,/home/lyara/areswave/models/Geophysical_model206.nd,nd,UNK,,,916.863,60.0,900.0,181.38800000000003,916.863,60.0,1102.35,16.863000000000056,1439.601,101.17599999999993,1688.486,60.0,0.6629957119300669,0.4056875904810804,0.4914569642974092,0.33700428806993316,0.5943124095189196,1
Geophysical_model591,/home/lyara/areswave/models/Geophysical_model591.nd,nd,UNK,,,916.669,60.0,900.0,180.92600000000004,916.669,60.0,1116.699,33.337999999999965,1483.42,83.346,1681.482,60.0,0.4356452676255328,0.5195146395760795,0.4915581822592306,0.5643547323744672,0.48048536042392054,1
Geophysical_model806,/home/lyara/areswave/models/Geophysical_model806.nd,nd,UNK,,,916.669,60.0,900.0,180.92600000000004,916.669,60.0,1116.699,33.337999999999965,1483.42,83.346,1681.482,60.0,0.4356452676255328,0.5195146395760795,0.4915581822592306,0.5643547323744672,0.48048536042392054,1
MD_model1,/home/lyara/areswave/models/MD_model1.nd,nd,UNK,,,998.962,60.0,781.126,10.372999999999934,998.962,60.0,1102.693,197.08999999999992,1445.007,186.7170000000001,1598.079,60.0,0.43971895537278527,0.5175289827505731,0.49159230695797723,0.5602810446272147,0.4824710172494268,1
Geophysical_model639,/home/lyara/areswave/models/Geophysical_model639.nd,nd,UNK,,,1099.754,60.0,900.0,21.45500000000004,1099.754,60.0,1116.4,16.645999999999958,1465.97,116.52299999999991,1680.651,60.0,0.36863115763618803,0.5537856591485666,0.4920674919777737,0.631368842363812,0.4462143408514334,1
Geophysical_model377,/home/lyara/areswave/models/Geophysical_model377.nd,nd,UNK,,,1031.555,60.0,900.0,185.67899999999997,1031.555,60.0,1130.221,32.888999999999896,1491.996,82.221,1673.341,60.0,0.6004249579117742,0.43805320264892544,0.49217712106987505,0.3995750420882258,0.5619467973510746,1
Geophysical_model223,/home/lyara/areswave/models/Geophysical_model223.nd,nd,UNK,,,1016.377,60.0,900.0,197.923,1016.377,60.0,1132.755,33.251000000000204,1498.512,99.75199999999995,1679.896,60.0,0.5092810266687405,0.4838553844897482,0.49233059854941236,0.49071897333125947,0.5161446155102518,1
Geophysical_model794,/home/lyara/areswave/models/Geophysical_model794.nd,nd,UNK,,,950.91,60.0,900.0,184.586,950.91,60.0,1120.608,33.940000000000055,1493.945,84.84899999999993,1692.373,60.0,0.29967481134354823,0.589165378747769,0.49266852294636204,0.7003251886564518,0.410834621252231,1
CD_model54,/home/lyara/areswave/models/CD_model54.nd,nd,UNK,,,,60.0,,60.0,,60.0,,60.0,,60.0,,60.0,0.4798264939167268,0.4999578497950361,0.4932473978355996,0.5201735060832732,0.5000421502049639,1
Geophysical_model709,/home/lyara/areswave/models/Geophysical_model709.nd,nd,UNK,,,900.0,60.0,900.0,21.48599999999999,900.0,60.0,1116.829,33.35799999999995,1483.771,100.07500000000005,1681.845,60.0,0.4122366519833943,0.5338143572230978,0.49328845547653,0.5877633480166057,0.46618564277690216,1
CD_model93,/home/lyara/areswave/models/CD_model93.nd,nd,UNK,,,,60.0,,60.0,,60.0,,60.0,,60.0,,60.0,0.3571830027472911,0.5620074052391935,0.4937326044085593,0.6428169972527089,0.4379925947608066,1
Geophysical_model707,/home/lyara/areswave/models/Geophysical_model707.nd,nd,UNK,,,933.674,60.0,879.802,181.78499999999997,933.674,60.0,1118.884,33.67399999999998,1489.303,84.18600000000015,1687.57,60.0,0.4031899520125366,0.539335633839074,0.4939537398968949,0.5968100479874634,0.46066436616092604,1
Geophysical_model879,/home/lyara/areswave/models/Geophysical_model879.nd,nd,UNK,,,933.674,60.0,879.802,181.78499999999997,933.674,60.0,1118.884,33.67399999999998,1489.303,84.18600000000015,1687.57,60.0,0.4031899520125366,0.539335633839074,0.4939537398968949,0.5968100479874634,0.46066436616092604,1
Geophysical_model135,/home/lyara/areswave/models/Geophysical_model135.nd,nd,UNK,,,1048.611,60.0,900.0,193.514,1048.611,60.0,1147.685,33.02399999999989,1494.444,66.04899999999998,1675.804,60.0,0.37810818548933267,0.5518828132131857,0.4939579373052347,0.6218918145106673,0.44811718678681434,1
Geophysical_model680,/home/lyara/areswave/models/Geophysical_model680.nd,nd,UNK,,,1099.489,60.0,900.0,21.152000000000044,1099.489,60.0,1116.113,16.624000000000024,1465.218,99.74500000000012,1679.849,60.0,0.3830540669585676,0.5497548533456393,0.49418792454994875,0.6169459330414324,0.45024514665436066,1
MD_model54,/home/lyara/areswave/models/MD_model54.nd,nd,UNK,,,954.555,60.0,795.413,148.53200000000004,954.555,60.0,1294.057,60.0,1336.495,53.047000000000025,1618.333,60.0,0.3998489782302268,0.5419863405356837,0.49460721976719807,0.6001510217697732,0.45801365946431627,1
Geophysical_model503,/home/lyara/areswave/models/Geophysical_model503.nd,nd,UNK,,,950.526,60.0,900.0,173.24099999999999,950.526,60.0,1135.789,33.68399999999997,1489.473,67.36899999999991,1687.745,60.0,0.3515170349009632,0.5663445827652693,0.494735400143834,0.6484829650990368,0.4336554172347307,1
Geophysical_model886,/home/lyara/areswave/models/Geophysical_model886.nd,nd,UNK,,,950.526,60.0,900.0,173.24099999999999,950.526,60.0,1135.789,33.68399999999997,1489.473,67.36899999999991,1687.745,60.0,0.3515170349009632,0.5663445827652693,0.494735400143834,0.6484829650990368,0.4336554172347307,1
Geophysical_model758,/home/lyara/areswave/models/Geophysical_model758.nd,nd,UNK,,,950.526,60.0,900.0,173.24099999999999,950.526,60.0,1135.789,33.68399999999997,1489.473,67.36899999999991,1687.745,60.0,0.3515170349009632,0.5663445827652693,0.494735400143834,0.6484829650990368,0.4336554172347307,1
Geophysical_model428,/home/lyara/areswave/models/Geophysical_model428.nd,nd,UNK,,,966.066,60.0,900.0,192.77999999999997,966.066,60.0,1114.715,16.516000000000076,1461.562,99.09899999999993,1675.956,60.0,0.6207400288408191,0.4317740412340836,0.4947627037696621,0.37925997115918086,0.5682259587659164,1
Geophysical_model70,/home/lyara/areswave/models/Geophysical_model70.nd,nd,UNK,,,1000.927,60.0,900.0,186.95600000000002,1000.927,60.0,1135.497,33.64300000000003,1488.742,84.106,1686.989,60.0,0.5190433746077625,0.48270576079705174,0.49481829873395533,0.4809566253922375,0.5172942392029483,1
Geophysical_model582,/home/lyara/areswave/models/Geophysical_model582.nd,nd,UNK,,,916.922,60.0,900.0,183.74300000000005,916.922,60.0,1119.984,33.84400000000005,1475.344,84.60900000000015,1690.635,60.0,0.39478284148959664,0.546182701907737,0.49571608176835685,0.6052171585104034,0.45381729809226296,1
Geophysical_model454,/home/lyara/areswave/models/Geophysical_model454.nd,nd,UNK,,,1031.52,60.0,900.0,186.462,1031.52,60.0,1130.159,32.87999999999988,1475.398,82.19900000000007,1673.183,60.0,0.44911973110515235,0.5190381233623724,0.49573199260996575,0.5508802688948476,0.4809618766376276,1
Geophysical_model239,/home/lyara/areswave/models/Geophysical_model239.nd,nd,UNK,,,1048.843,60.0,900.0,194.70399999999995,1048.843,60.0,1148.071,33.07600000000002,1495.37,66.15199999999982,1676.736,60.0,0.4399444126317654,0.5237916880485554,0.4958425962429587,0.5600555873682346,0.4762083119514447,1
Geophysical_model159,/home/lyara/areswave/models/Geophysical_model159.nd,nd,UNK,,,1048.843,60.0,900.0,194.70399999999995,1048.843,60.0,1148.071,33.07600000000002,1495.37,66.15199999999982,1676.736,60.0,0.4399444126317654,0.5237916880485554,0.4958425962429587,0.5600555873682346,0.4762083119514447,1
Geophysical_model669,/home/lyara/areswave/models/Geophysical_model669.nd,nd,UNK,,,1088.06,60.0,900.0,20.66700000000003,1088.06,60.0,1105.156,17.09699999999998,1464.18,119.67499999999995,1696.954,60.0,0.4579286173993691,0.51491290629346,0.495918143328763,0.5420713826006309,0.48508709370654,1
Geophysical_model789,/home/lyara/areswave/models/Geophysical_model789.nd,nd,UNK,,,1088.067,60.0,900.0,20.66700000000003,1088.067,60.0,1105.164,17.09699999999998,1464.2,119.67900000000009,1696.976,60.0,0.4579286173993691,0.51491290629346,0.495918143328763,0.5420713826006309,0.48508709370654,1
Geophysical_model116,/home/lyara/areswave/models/Geophysical_model116.nd,nd,UNK,,,933.558,60.0,900.0,194.47400000000005,933.558,60.0,1101.346,16.778999999999996,1436.922,100.673,1685.455,60.0,0.3712989004235516,0.558865979417832,0.4963436197530719,0.6287010995764484,0.441134020582168,1
AK_model_13,/home/lyara/areswave/models/AK_model_13.nd,nd,UNK,,,1077.549,60.0,882.305,24.404999999999973,1077.549,60.0,1297.199,73.2170000000001,1321.604,24.40599999999995,1673.271,60.0,0.46453851682834446,0.512579107740506,0.49656557743645213,0.5354614831716555,0.4874208922594941,1
Geophysical_model362,/home/lyara/areswave/models/Geophysical_model362.nd,nd,UNK,,,1001.068,60.0,900.0,188.04899999999998,1001.068,60.0,1135.824,33.68900000000008,1489.56,101.06700000000001,1687.836,60.0,0.37009960038443257,0.5607790199429449,0.4972192134234408,0.6299003996155674,0.4392209800570551,1
Geophysical_model260,/home/lyara/areswave/models/Geophysical_model260.nd,nd,UNK,,,982.805,60.0,860.802,195.98800000000006,982.805,60.0,1115.292,16.56100000000015,1496.194,99.36500000000001,1677.564,60.0,0.3737474273917766,0.5590953414133848,0.497312703406182,0.6262525726082234,0.4409046585866152,1
Geophysical_model450,/home/lyara/areswave/models/Geophysical_model450.nd,nd,UNK,,,966.559,60.0,900.0,181.65099999999995,966.559,60.0,1116.317,16.638999999999896,1465.751,99.83900000000017,1680.417,60.0,0.5433611222275252,0.4744165781106191,0.49739809281625447,0.45663887777247475,0.5255834218893809,1
Geophysical_model358,/home/lyara/areswave/models/Geophysical_model358.nd,nd,UNK,,,1049.881,60.0,900.0,182.43100000000004,1049.881,60.0,1133.149,33.307000000000016,1482.872,83.26800000000003,1680.916,60.0,0.3569741101020615,0.56787907619343,0.49757742082964046,0.6430258898979385,0.4321209238065699,1
Geophysical_model131,/home/lyara/areswave/models/Geophysical_model131.nd,nd,UNK,,,966.637,60.0,900.0,189.17499999999995,966.637,60.0,1116.57,16.660000000000082,1466.415,99.95600000000013,1681.124,60.0,0.4786579882053391,0.5074840014083188,0.4978753303406589,0.5213420117946609,0.4925159985916812,1
AK_model_96,/home/lyara/areswave/models/AK_model_96.nd,nd,UNK,,,1066.783,60.0,771.908,26.807000000000016,1066.783,60.0,1281.238,26.807000000000016,1334.851,53.61299999999983,1705.64,60.0,0.3815616138625644,0.5566115087476178,0.4982615437859333,0.6184383861374356,0.4433884912523822,1
Geophysical_model139,/home/lyara/areswave/models/Geophysical_model139.nd,nd,UNK,,,1033.067,60.0,900.0,182.58299999999997,1033.067,60.0,1132.867,33.26700000000005,1498.801,83.16699999999992,1680.187,60.0,0.46043471396610247,0.5174565824921118,0.49844929298344204,0.5395652860338975,0.48254341750788815,1
CD_model63,/home/lyara/areswave/models/CD_model63.nd,nd,UNK,,,,60.0,,60.0,,60.0,,60.0,,60.0,,60.0,0.46845421775644447,0.514468974005701,0.49913072192261554,0.5315457822435555,0.485531025994299,1
Geophysical_model320,/home/lyara/areswave/models/Geophysical_model320.nd,nd,UNK,,,983.203,60.0,878.839,190.447,983.203,60.0,1116.329,16.6400000000001,1465.783,116.48400000000015,1680.452,60.0,0.4416072290140095,0.5279897049004822,0.49919554627165796,0.5583927709859905,0.4720102950995177,1
Geophysical_model434,/home/lyara/areswave/models/Geophysical_model434.nd,nd,UNK,,,983.203,60.0,878.839,190.447,983.203,60.0,1116.329,16.6400000000001,1465.783,116.48400000000015,1680.452,60.0,0.4416072290140095,0.5279897049004822,0.49919554627165796,0.5583927709859905,0.4720102950995177,1
MD_model31,/home/lyara/areswave/models/MD_model31.nd,nd,UNK,,,1004.85,60.0,809.075,10.303999999999974,1004.85,60.0,1252.146,154.55999999999995,1303.666,103.03999999999996,1580.355,60.0,0.6732665526974317,0.4123364852255942,0.49931317438287337,0.3267334473025683,0.5876635147744058,1
Geophysical_model350,/home/lyara/areswave/models/Geophysical_model350.nd,nd,UNK,,,999.844,60.0,878.82,190.61599999999999,999.844,60.0,1116.329,16.6400000000001,1465.783,99.84400000000005,1680.452,60.0,0.31006656903528906,0.5941188686532863,0.4994347687806206,0.6899334309647109,0.40588113134671366,1
Geophysical_model55,/home/lyara/areswave/models/Geophysical_model55.nd,nd,UNK,,,1064.102,60.0,900.0,191.78599999999994,1064.102,60.0,1146.153,32.819999999999936,1490.767,65.6400000000001,1672.105,60.0,0.5054825650714666,0.49648901136541734,0.4994868626007671,0.4945174349285334,0.5035109886345827,1
Geophysical_model119,/home/lyara/areswave/models/Geophysical_model119.nd,nd,UNK,,,1064.102,60.0,900.0,191.78599999999994,1064.102,60.0,1146.153,32.819999999999936,1490.767,65.6400000000001,1672.105,60.0,0.5054825650714666,0.49648901136541734,0.4994868626007671,0.4945174349285334,0.5035109886345827,1
Geophysical_model136,/home/lyara/areswave/models/Geophysical_model136.nd,nd,UNK,,,949.483,60.0,900.0,193.52599999999995,949.483,60.0,1114.426,16.494000000000142,1460.805,98.9659999999999,1675.15,60.0,0.41089735896048796,0.5445067269212285,0.49997027093431495,0.589102641039512,0.4554932730787716,1
Geophysical_model12,/home/lyara/areswave/models/Geophysical_model12.nd,nd,UNK,,,949.483,60.0,900.0,193.52599999999995,949.483,60.0,1114.426,16.494000000000142,1460.805,98.9659999999999,1675.15,60.0,0.41089735896048796,0.5445067269212285,0.49997027093431495,0.589102641039512,0.4554932730787716,1
Geophysical_model211,/home/lyara/areswave/models/Geophysical_model211.nd,nd,UNK,,,949.483,60.0,900.0,193.52599999999995,949.483,60.0,1114.426,16.494000000000142,1460.805,98.9659999999999,1675.15,60.0,0.41089735896048796,0.5445067269212285,0.49997027093431495,0.589102641039512,0.4554932730787716,1
Geophysical_model862,/home/lyara/areswave/models/Geophysical_model862.nd,nd,UNK,,,916.702,60.0,877.518,179.85699999999997,916.702,60.0,1117.126,33.403999999999996,1484.569,83.50999999999999,1682.671,60.0,0.3886716446461044,0.5559063684713696,0.5001614605296146,0.6113283553538956,0.44409363152863035,1
MD_model82,/home/lyara/areswave/models/MD_model82.nd,nd,UNK,,,1052.51,60.0,736.454,189.63400000000001,1052.51,60.0,1263.214,42.13999999999987,1336.96,63.21100000000001,1596.883,60.0,0.4873743472884622,0.5076683171131091,0.5009036605048934,0.5126256527115378,0.4923316828868909,1
Geophysical_model21,/home/lyara/areswave/models/Geophysical_model21.nd,nd,UNK,,,1014.96,60.0,900.0,184.462,1014.96,60.0,1129.919,32.846000000000004,1491.22,82.11300000000006,1672.561,60.0,0.42351177513173666,0.5397765078792075,0.5010215969633839,0.5764882248682633,0.4602234921207925,1
MD_model73,/home/lyara/areswave/models/MD_model73.nd,nd,UNK,,,995.034,60.0,763.228,10.53699999999992,995.034,60.0,1100.4,147.51299999999992,1395.426,126.44000000000005,1602.505,60.0,0.33965059227522987,0.5819241837800511,0.5011663199451107,0.6603494077247701,0.41807581621994894,1
AK_model_25,/home/lyara/areswave/models/AK_model_25.nd,nd,UNK,,,1038.21,60.0,798.179,26.670000000000073,1038.21,60.0,1278.24,26.670000000000073,1331.58,53.33999999999992,1701.46,60.0,0.2548502381380965,0.625262152861713,0.5017915146205075,0.7451497618619035,0.3747378471382869,1
Geophysical_model853,/home/lyara/areswave/models/Geophysical_model853.nd,nd,UNK,,,950.057,60.0,900.0,199.34900000000005,950.057,60.0,1133.601,33.371000000000095,1484.001,66.74299999999994,1682.084,60.0,0.3961539192408111,0.5548957080746606,0.5019817784633774,0.6038460807591889,0.44510429192533935,1
Geophysical_model129,/home/lyara/areswave/models/Geophysical_model129.nd,nd,UNK,,,1099.26,60.0,900.0,178.923,1099.26,60.0,1115.865,16.605000000000018,1431.359,116.23399999999992,1679.159,60.0,0.3876321263102821,0.5594887165852688,0.5022031864936065,0.6123678736897179,0.4405112834147312,1
Geophysical_model112,/home/lyara/areswave/models/Geophysical_model112.nd,nd,UNK,,,1098.133,60.0,900.0,196.45600000000002,1098.133,60.0,1147.666,33.02300000000014,1477.888,66.04399999999987,1675.759,60.0,0.46047311930790336,0.5233147835620089,0.5023675621439737,0.5395268806920966,0.4766852164379911,1
AK_model_77,/home/lyara/areswave/models/AK_model_77.nd,nd,UNK,,,1027.629,60.0,797.873,25.527999999999906,1027.629,60.0,1282.914,76.58600000000001,1308.442,25.52800000000002,1694.139,60.0,0.3461299426038277,0.5806762765063131,0.5024941652054847,0.6538700573961723,0.4193237234936868,1
Geophysical_model178,/home/lyara/areswave/models/Geophysical_model178.nd,nd,UNK,,,999.801,60.0,857.307,192.11800000000005,999.801,60.0,1116.236,16.63299999999981,1482.173,99.80099999999993,1680.192,60.0,0.33261363478216166,0.5874426839055839,0.5024996675311098,0.6673863652178383,0.41255731609441615,1
Geophysical_model394,/home/lyara/areswave/models/Geophysical_model394.nd,nd,UNK,,,1048.112,60.0,900.0,188.29700000000003,1048.112,60.0,1130.397,32.91399999999999,1492.449,82.28500000000008,1673.797,60.0,0.3942483029365881,0.5580546601576448,0.5034525410839592,0.6057516970634119,0.4419453398423551,1
Geophysical_model472,/home/lyara/areswave/models/Geophysical_model472.nd,nd,UNK,,,1048.112,60.0,900.0,188.29700000000003,1048.112,60.0,1130.397,32.91399999999999,1492.449,82.28500000000008,1673.797,60.0,0.3942483029365881,0.5580546601576448,0.5034525410839592,0.6057516970634119,0.4419453398423551,1
Geophysical_model475,/home/lyara/areswave/models/Geophysical_model475.nd,nd,UNK,,,1048.112,60.0,900.0,188.29700000000003,1048.112,60.0,1130.397,32.91399999999999,1492.449,82.28500000000008,1673.797,60.0,0.3942483029365881,0.5580546601576448,0.5034525410839592,0.6057516970634119,0.4419453398423551,1
Geophysical_model323,/home/lyara/areswave/models/Geophysical_model323.nd,nd,UNK,,,1048.112,60.0,900.0,188.29700000000003,1048.112,60.0,1130.397,32.91399999999999,1492.449,82.28500000000008,1673.797,60.0,0.3942483029365881,0.5580546601576448,0.5034525410839592,0.6057516970634119,0.4419453398423551,1
Geophysical_model621,/home/lyara/areswave/models/Geophysical_model621.nd,nd,UNK,,,1098.113,60.0,875.932,48.13499999999999,1098.113,60.0,1114.623,16.509000000000015,1444.812,115.5659999999998,1675.699,60.0,0.2796307656690916,0.6154234842028464,0.5034925780249281,0.7203692343309084,0.3845765157971536,1
CD_model33,/home/lyara/areswave/models/CD_model33.nd,nd,UNK,,,,60.0,,60.0,,60.0,,60.0,,60.0,,60.0,0.34407231042241015,0.5838931992753424,0.5039529029910317,0.6559276895775898,0.4161068007246576,1
Geophysical_model766,/home/lyara/areswave/models/Geophysical_model766.nd,nd,UNK,,,1099.489,60.0,900.0,21.00400000000002,1099.489,60.0,1116.113,16.624000000000024,1465.218,99.74500000000012,1679.849,60.0,0.4002576700204674,0.5562362876629083,0.504243415115428,0.5997423299795326,0.44376371233709166,1
Geophysical_model25,/home/lyara/areswave/models/Geophysical_model25.nd,nd,UNK,,,983.376,60.0,879.05,188.54600000000005,983.376,60.0,1116.777,33.34999999999991,1466.955,100.05100000000016,1681.7,60.0,0.46040347633081846,0.5261874692858794,0.5042594716341925,0.5395965236691815,0.4738125307141205,1
Geophysical_model132,/home/lyara/areswave/models/Geophysical_model132.nd,nd,UNK,,,1048.611,60.0,900.0,194.70399999999995,1048.611,60.0,1147.685,33.02399999999989,1494.444,66.04899999999998,1675.804,60.0,0.47178159684068155,0.5213572515991254,0.5048320333463108,0.5282184031593185,0.4786427484008747,1
Geophysical_model57,/home/lyara/areswave/models/Geophysical_model57.nd,nd,UNK,,,984.104,60.0,876.704,186.37199999999996,984.104,60.0,1118.67,33.641000000000076,1488.726,100.9240000000002,1686.973,60.0,0.6284361829068461,0.44303300654693967,0.5048340653335751,0.37156381709315395,0.5569669934530603,1
AK_model_86,/home/lyara/areswave/models/AK_model_86.nd,nd,UNK,,,1049.938,60.0,885.794,23.448999999999955,1049.938,60.0,1284.43,23.450000000000045,1354.777,70.34700000000021,1674.308,60.0,0.2520941297699848,0.6313772115909729,0.5049495176506436,0.7479058702300152,0.36862278840902707,1
Geophysical_model695,/home/lyara/areswave/models/Geophysical_model695.nd,nd,UNK,,,900.0,60.0,857.316,192.07600000000002,900.0,60.0,1116.56,16.65800000000013,1466.387,116.60899999999992,1681.095,60.0,0.5099715437260627,0.502594759907923,0.5050536878473029,0.4900284562739373,0.49740524009207693,1
Geophysical_model105,/home/lyara/areswave/models/Geophysical_model105.nd,nd,UNK,,,1001.023,60.0,876.565,187.47699999999998,1001.023,60.0,1118.883,33.674999999999955,1489.302,101.02399999999989,1687.568,60.0,0.34284012622014903,0.5863468109268217,0.5051779160245975,0.657159873779851,0.4136531890731782,1
AK_model_26,/home/lyara/areswave/models/AK_model_26.nd,nd,UNK,,,1062.407,60.0,796.562,26.585000000000036,1062.407,60.0,1275.083,26.58400000000006,1328.252,53.169000000000096,1697.655,60.0,0.19870690582327966,0.6589833413036976,0.505557862810225,0.8012930941767203,0.3410166586963023,1
Geophysical_model598,/home/lyara/areswave/models/Geophysical_model598.nd,nd,UNK,,,933.261,60.0,900.0,182.73199999999997,933.261,60.0,1116.199,16.630999999999858,1498.706,83.154,1680.091,60.0,0.26927137309968574,0.623783818150694,0.5056130031336913,0.7307286269003143,0.37621618184930605,1
CD_model82,/home/lyara/areswave/models/CD_model82.nd,nd,UNK,,,,60.0,,60.0,,60.0,,60.0,,60.0,,60.0,0.5293179952103306,0.4943674700076891,0.5060176450752363,0.4706820047896694,0.5056325299923109,1
CD_model36,/home/lyara/areswave/models/CD_model36.nd,nd,UNK,,,,60.0,,60.0,,60.0,,60.0,,60.0,,60.0,0.5293179952103306,0.4943674700076891,0.5060176450752363,0.4706820047896694,0.5056325299923109,1
CD_model32,/home/lyara/areswave/models/CD_model32.nd,nd,UNK,,,,60.0,,60.0,,60.0,,60.0,,60.0,,60.0,0.4874359312436449,0.5159127894842349,0.5064205034040382,0.5125640687563551,0.4840872105157651,1
Geophysical_model827,/home/lyara/areswave/models/Geophysical_model827.nd,nd,UNK,,,916.589,60.0,878.476,193.716,916.589,60.0,1115.651,16.588999999999942,1497.188,99.53100000000018,1678.564,60.0,0.30301595684387406,0.6081664683699421,0.5064496311945862,0.6969840431561259,0.3918335316300579,1
AK_model_88,/home/lyara/areswave/models/AK_model_88.nd,nd,UNK,,,1071.541,60.0,800.713,27.083000000000084,1071.541,60.0,1288.203,27.083000000000084,1342.368,54.164999999999964,1714.927,60.0,0.3575480547566128,0.581062697958621,0.5065578168912849,0.6424519452433872,0.418937302041379,1
Geophysical_model299,/home/lyara/areswave/models/Geophysical_model299.nd,nd,UNK,,,1098.572,60.0,900.0,179.41700000000003,1098.572,60.0,1115.12,16.548000000000002,1446.074,99.28600000000006,1677.084,60.0,0.43338582693384964,0.5436211018532326,0.5068760102134383,0.5666141730661504,0.4563788981467674,1
MD_model64,/home/lyara/areswave/models/MD_model64.nd,nd,UNK,,,1026.644,60.0,732.299,185.32799999999997,1026.644,60.0,1299.185,10.902000000000044,1342.791,76.3119999999999,1640.914,60.0,0.5930643151566876,0.46404996551925115,0.50705474873173,0.40693568484331244,0.5359500344807488,1
Geophysical_model845,/home/lyara/areswave/models/Geophysical_model845.nd,nd,UNK,,,950.781,60.0,900.0,184.211,950.781,60.0,1136.977,33.85400000000004,1492.442,67.70700000000011,1690.818,60.0,0.4674107111307645,0.5272086128034617,0.5072759789125626,0.5325892888692355,0.4727913871965384,1
Geophysical_model974,/home/lyara/areswave/models/Geophysical_model974.nd,nd,UNK,,,950.781,60.0,900.0,184.211,950.781,60.0,1136.977,33.85400000000004,1492.442,67.70700000000011,1690.818,60.0,0.4674107111307645,0.5272086128034617,0.5072759789125626,0.5325892888692355,0.4727913871965384,1
Geophysical_model839,/home/lyara/areswave/models/Geophysical_model839.nd,nd,UNK,,,950.781,60.0,900.0,184.211,950.781,60.0,1136.977,33.85400000000004,1492.442,67.70700000000011,1690.818,60.0,0.4674107111307645,0.5272086128034617,0.5072759789125626,0.5325892888692355,0.4727913871965384,1
MD_model3,/home/lyara/areswave/models/MD_model3.nd,nd,UNK,,,1000.461,60.0,799.496,10.576999999999998,1000.461,60.0,1137.964,190.38800000000015,1434.124,190.3889999999999,1609.796,60.0,0.7436588739372239,0.3898590009957561,0.5077922919762453,0.2563411260627762,0.6101409990042439,1
Geophysical_model71,/home/lyara/areswave/models/Geophysical_model71.nd,nd,UNK,,,1096.225,60.0,900.0,197.35000000000002,1096.225,60.0,1145.281,32.70399999999995,1488.674,65.4079999999999,1669.999,60.0,0.6083948239012892,0.45749797969303985,0.5077969277624562,0.3916051760987108,0.5425020203069602,1
Geophysical_model216,/home/lyara/areswave/models/Geophysical_model216.nd,nd,UNK,,,1096.225,60.0,900.0,197.35000000000002,1096.225,60.0,1145.281,32.70399999999995,1488.674,65.4079999999999,1669.999,60.0,0.6083948239012892,0.45749797969303985,0.5077969277624562,0.3916051760987108,0.5425020203069602,1
Geophysical_model292,/home/lyara/areswave/models/Geophysical_model292.nd,nd,UNK,,,967.499,60.0,858.902,184.94100000000003,967.499,60.0,1119.373,33.75,1456.871,101.2489999999998,1688.933,60.0,0.41891056027904705,0.552941788775252,0.5082647126098504,0.581089439720953,0.447058211224748,1
MD_model69,/home/lyara/areswave/models/MD_model69.nd,nd,UNK,,,1009.071,60.0,829.529,10.561000000000035,1009.071,60.0,1135.807,137.29599999999982,1347.033,190.10400000000004,1617.331,60.0,0.6181174641757736,0.45479871323720245,0.5092382968833928,0.38188253582422643,0.5452012867627976,1
AK_model_9,/home/lyara/areswave/models/AK_model_9.nd,nd,UNK,,,1080.348,60.0,882.922,24.677999999999997,1080.348,60.0,1277.774,49.355999999999995,1302.453,49.355999999999995,1657.767,60.0,0.5429478248179095,0.4926223629829145,0.5093975169279128,0.4570521751820905,0.5073776370170855,1
Geophysical_model599,/home/lyara/areswave/models/Geophysical_model599.nd,nd,UNK,,,933.507,60.0,875.918,192.65700000000004,933.507,60.0,1117.798,33.506999999999834,1469.624,83.76800000000003,1684.543,60.0,0.27154359124565064,0.6283378390386458,0.5094064231076474,0.7284564087543494,0.3716621609613541,1
Geophysical_model768,/home/lyara/areswave/models/Geophysical_model768.nd,nd,UNK,,,933.507,60.0,875.918,192.65700000000004,933.507,60.0,1117.798,33.506999999999834,1469.624,83.76800000000003,1684.543,60.0,0.27154359124565064,0.6283378390386458,0.5094064231076474,0.7284564087543494,0.3716621609613541,1
Geophysical_model73,/home/lyara/areswave/models/Geophysical_model73.nd,nd,UNK,,,1032.872,60.0,900.0,180.68100000000004,1032.872,60.0,1132.525,33.2170000000001,1497.923,83.04500000000007,1679.303,60.0,0.5382604756489204,0.49502912443042435,0.5094395748365897,0.46173952435107957,0.5049708755695757,1
Geophysical_model487,/home/lyara/areswave/models/Geophysical_model487.nd,nd,UNK,,,1047.872,60.0,900.0,189.36,1047.872,60.0,1130.023,32.8599999999999,1491.488,82.15100000000007,1672.831,60.0,0.3579502799654001,0.5858754786586353,0.5099004124275569,0.6420497200345999,0.4141245213413646,1
Geophysical_model939,/home/lyara/areswave/models/Geophysical_model939.nd,nd,UNK,,,933.365,60.0,876.693,186.45500000000004,933.365,60.0,1116.871,33.36500000000001,1483.885,83.41200000000003,1681.963,60.0,0.41889823369903034,0.5558423845561271,0.5101943342704282,0.5811017663009697,0.44415761544387283,1
Geophysical_model637,/home/lyara/areswave/models/Geophysical_model637.nd,nd,UNK,,,933.365,60.0,876.693,186.45500000000004,933.365,60.0,1116.871,33.36500000000001,1483.885,83.41200000000003,1681.963,60.0,0.41889823369903034,0.5558423845561271,0.5101943342704282,0.5811017663009697,0.44415761544387283,1
Geophysical_model733,/home/lyara/areswave/models/Geophysical_model733.nd,nd,UNK,,,933.815,60.0,879.484,184.644,933.815,60.0,1119.798,33.81499999999983,1474.857,84.53699999999981,1690.116,60.0,0.22443103527307362,0.6539700979408339,0.5107904103849138,0.7755689647269264,0.34602990205916606,1
Geophysical_model635,/home/lyara/areswave/models/Geophysical_model635.nd,nd,UNK,,,916.706,60.0,900.0,188.09299999999996,916.706,60.0,1117.178,33.412000000000035,1484.711,83.52999999999997,1682.818,60.0,0.3634933249590777,0.5851106141297224,0.5112381844061742,0.6365066750409223,0.4148893858702776,1
Geophysical_model104,/home/lyara/areswave/models/Geophysical_model104.nd,nd,UNK,,,1032.98,60.0,900.0,181.668,1032.98,60.0,1132.715,33.24499999999989,1498.411,83.11300000000006,1679.794,60.0,0.33157268515747695,0.6013189613064405,0.5114035359234527,0.668427314842523,0.3986810386935596,1
Geophysical_model199,/home/lyara/areswave/models/Geophysical_model199.nd,nd,UNK,,,1032.98,60.0,900.0,181.668,1032.98,60.0,1132.715,33.24499999999989,1498.411,83.11300000000006,1679.794,60.0,0.33157268515747695,0.6013189613064405,0.5114035359234527,0.668427314842523,0.3986810386935596,1
Geophysical_model233,/home/lyara/areswave/models/Geophysical_model233.nd,nd,UNK,,,1033.403,60.0,900.0,187.83500000000004,1033.403,60.0,1133.456,16.675000000000182,1483.64,66.702,1681.71,60.0,0.4981601444638091,0.5181189898876536,0.5114660414130388,0.5018398555361909,0.4818810101123464,1
Geophysical_model144,/home/lyara/areswave/models/Geophysical_model144.nd,nd,UNK,,,966.251,60.0,900.0,186.74800000000005,966.251,60.0,1115.315,16.562999999999874,1463.132,99.37599999999998,1677.628,60.0,0.40986721559249994,0.5627061966597455,0.5117598696373303,0.5901327844075,0.43729380334025447,1
AK_model_73,/home/lyara/areswave/models/AK_model_73.nd,nd,UNK,,,1039.669,60.0,790.268,24.93999999999994,1039.669,60.0,1264.13,74.81999999999994,1314.011,24.940000000000055,1670.688,60.0,0.32271429943420626,0.6067707104109092,0.5120852400853416,0.6772857005657937,0.3932292895890907,1
MD_model87,/home/lyara/areswave/models/MD_model87.nd,nd,UNK,,,1045.49,60.0,805.604,185.36700000000008,1045.49,60.0,1296.28,185.36699999999996,1361.703,87.231,1638.16,60.0,0.5829475189910267,0.4782457780161192,0.5131463583410883,0.4170524810089733,0.5217542219838808,1
CD_model84,/home/lyara/areswave/models/CD_model84.nd,nd,UNK,,,,60.0,,60.0,,60.0,,60.0,,60.0,,60.0,0.5263991501855438,0.5067892743801183,0.5133258996485935,0.4736008498144562,0.4932107256198816,1
Geophysical_model44,/home/lyara/areswave/models/Geophysical_model44.nd,nd,UNK,,,983.376,60.0,857.898,189.46000000000004,983.376,60.0,1116.777,33.34999999999991,1466.955,100.05100000000016,1681.7,60.0,0.35966217347721074,0.5904306659572933,0.5135078351305992,0.6403378265227893,0.4095693340427066,1
CD_model2,/home/lyara/areswave/models/CD_model2.nd,nd,UNK,,,,60.0,,60.0,,60.0,,60.0,,60.0,,60.0,0.27254191983107834,0.6342080848380376,0.5136526965023845,0.7274580801689217,0.36579191516196247,1
Geophysical_model422,/home/lyara/areswave/models/Geophysical_model422.nd,nd,UNK,,,1031.655,60.0,900.0,189.51199999999994,1031.655,60.0,1130.397,32.91399999999999,1492.449,82.28500000000008,1673.797,60.0,0.6505947674430343,0.4452309999300951,0.5136855891010749,0.3494052325569657,0.5547690000699049,1
Geophysical_model402,/home/lyara/areswave/models/Geophysical_model402.nd,nd,UNK,,,1031.655,60.0,900.0,189.51199999999994,1031.655,60.0,1130.397,32.91399999999999,1492.449,82.28500000000008,1673.797,60.0,0.6505947674430343,0.4452309999300951,0.5136855891010749,0.3494052325569657,0.5547690000699049,1
Geophysical_model193,/home/lyara/areswave/models/Geophysical_model193.nd,nd,UNK,,,999.708,60.0,900.0,195.71000000000004,999.708,60.0,1132.652,33.235999999999876,1498.248,99.70800000000008,1679.631,60.0,0.43133025932187885,0.5558244053644432,0.5143263566835884,0.5686697406781211,0.4441755946355568,1
Geophysical_model311,/home/lyara/areswave/models/Geophysical_model311.nd,nd,UNK,,,999.708,60.0,900.0,195.71000000000004,999.708,60.0,1132.652,33.235999999999876,1498.248,99.70800000000008,1679.631,60.0,0.43133025932187885,0.5558244053644432,0.5143263566835884,0.5686697406781211,0.4441755946355568,1
CD_model97,/home/lyara/areswave/models/CD_model97.nd,nd,UNK,,,,60.0,,60.0,,60.0,,60.0,,60.0,,60.0,0.5378693591106032,0.5029976972237427,0.5146215845193628,0.46213064088939676,0.4970023027762573,1
Geophysical_model38,/home/lyara/areswave/models/Geophysical_model38.nd,nd,UNK,,,1033.254,60.0,900.0,187.68200000000002,1033.254,60.0,1133.195,33.3130000000001,1482.987,83.28300000000013,1681.034,60.0,0.5107714607865124,0.5168555586851915,0.5148275260522984,0.4892285392134876,0.4831444413148085,1
Geophysical_model473,/home/lyara/areswave/models/Geophysical_model473.nd,nd,UNK,,,1064.355,60.0,900.0,188.668,1064.355,60.0,1146.533,32.87099999999987,1491.679,65.74200000000019,1673.022,60.0,0.5491345879649306,0.49775799624788497,0.5148835268202335,0.45086541203506936,0.502242003752115,1
Geophysical_model325,/home/lyara/areswave/models/Geophysical_model325.nd,nd,UNK,,,1064.355,60.0,900.0,188.668,1064.355,60.0,1146.533,32.87099999999987,1491.679,65.74200000000019,1673.022,60.0,0.5491345879649306,0.49775799624788497,0.5148835268202335,0.45086541203506936,0.502242003752115,1
CD_model22,/home/lyara/areswave/models/CD_model22.nd,nd,UNK,,,,60.0,,60.0,,60.0,,60.0,,60.0,,60.0,0.6872633610829391,0.42888610583050846,0.5150118575813186,0.3127366389170609,0.5711138941694915,1
Geophysical_model293,/home/lyara/areswave/models/Geophysical_model293.nd,nd,UNK,,,916.874,60.0,900.0,181.649,916.874,60.0,1102.492,16.874000000000024,1439.978,101.2460000000001,1688.913,60.0,0.6036812565007775,0.47079146945702455,0.5150880651382755,0.39631874349922247,0.5292085305429755,1
Geophysical_model535,/home/lyara/areswave/models/Geophysical_model535.nd,nd,UNK,,,950.109,60.0,900.0,178.34699999999998,950.109,60.0,1133.844,33.40599999999995,1484.609,66.8119999999999,1682.713,60.0,0.40368973635646077,0.5712205762139773,0.5153769629281384,0.5963102636435392,0.4287794237860228,1
Geophysical_model606,/home/lyara/areswave/models/Geophysical_model606.nd,nd,UNK,,,916.576,60.0,877.86,199.25699999999995,916.576,60.0,1115.491,16.576000000000022,1496.743,99.45699999999988,1678.117,60.0,0.47358649342182113,0.5374138021830874,0.5161380325959987,0.5264135065781789,0.4625861978169125,1
CD_model5,/home/lyara/areswave/models/CD_model5.nd,nd,UNK,,,,60.0,,60.0,,60.0,,60.0,,60.0,,60.0,0.5603235049393476,0.4943761755178727,0.5163586186583643,0.4396764950606525,0.5056238244821273,1
Geophysical_model204,/home/lyara/areswave/models/Geophysical_model204.nd,nd,UNK,,,982.32,60.0,900.0,191.80899999999997,982.32,60.0,1114.032,16.465000000000146,1459.777,115.24799999999982,1674.055,60.0,0.5434607317599898,0.504480129655186,0.5174736636901206,0.45653926824001023,0.49551987034481404,1
Geophysical_model548,/home/lyara/areswave/models/Geophysical_model548.nd,nd,UNK,,,916.902,60.0,879.896,180.93899999999996,916.902,60.0,1119.729,33.80400000000009,1474.676,84.51099999999997,1689.924,60.0,0.4545590657144174,0.5489395791973961,0.5174794080364032,0.5454409342855826,0.45106042080260383,1
Geophysical_model352,/home/lyara/areswave/models/Geophysical_model352.nd,nd,UNK,,,1064.355,60.0,900.0,189.35799999999995,1064.355,60.0,1146.533,16.435999999999922,1475.244,65.74200000000019,1673.022,60.0,0.5159013980729342,0.5191780029560271,0.5180858013283295,0.4840986019270658,0.48082199704397294,1
Geophysical_model799,/home/lyara/areswave/models/Geophysical_model799.nd,nd,UNK,,,933.862,60.0,900.0,186.98699999999997,933.862,60.0,1120.105,33.86200000000008,1492.59,84.65599999999995,1690.97,60.0,0.29823454899268986,0.6289601539795298,0.5187182856505831,0.7017654510073101,0.3710398460204703,1
Geophysical_model58,/home/lyara/areswave/models/Geophysical_model58.nd,nd,UNK,,,966.592,60.0,900.0,182.84199999999998,966.592,60.0,1116.423,16.64799999999991,1466.03,99.88800000000015,1680.715,60.0,0.47940215419393883,0.5397426980686979,0.5196291834437782,0.5205978458060612,0.46025730193130215,1
Geophysical_model33,/home/lyara/areswave/models/Geophysical_model33.nd,nd,UNK,,,1031.756,60.0,900.0,188.22799999999995,1031.756,60.0,1130.574,32.93899999999985,1476.434,82.34799999999996,1674.255,60.0,0.3974161735072481,0.581756289256047,0.5203095840064474,0.6025838264927519,0.41824371074395295,1
Geophysical_model236,/home/lyara/areswave/models/Geophysical_model236.nd,nd,UNK,,,933.558,60.0,900.0,195.82000000000005,933.558,60.0,1101.346,16.778999999999996,1436.922,117.452,1685.455,60.0,0.37466818084723563,0.5937407447529871,0.5207165567844033,0.6253318191527644,0.4062592552470129,1
Geophysical_model694,/home/lyara/areswave/models/Geophysical_model694.nd,nd,UNK,,,900.0,60.0,900.0,179.832,900.0,60.0,1118.299,33.585000000000036,1487.729,100.75299999999993,1685.941,60.0,0.24796043079041075,0.6583489198968817,0.5215527568613915,0.7520395692095893,0.3416510801031183,1
Geophysical_model482,/home/lyara/areswave/models/Geophysical_model482.nd,nd,UNK,,,1063.97,60.0,900.0,188.40099999999995,1063.97,60.0,1145.955,32.79399999999987,1490.293,65.58799999999997,1671.628,60.0,0.5262200787469054,0.5192322594492598,0.5215615325484749,0.4737799212530946,0.4807677405507403,1
Geophysical_model485,/home/lyara/areswave/models/Geophysical_model485.nd,nd,UNK,,,1063.97,60.0,900.0,188.40099999999995,1063.97,60.0,1145.955,32.79399999999987,1490.293,65.58799999999997,1671.628,60.0,0.5262200787469054,0.5192322594492598,0.5215615325484749,0.4737799212530946,0.4807677405507403,1
Geophysical_model374,/home/lyara/areswave/models/Geophysical_model374.nd,nd,UNK,,,1063.97,60.0,900.0,188.40099999999995,1063.97,60.0,1145.955,32.79399999999987,1490.293,65.58799999999997,1671.628,60.0,0.5262200787469054,0.5192322594492598,0.5215615325484749,0.4737799212530946,0.4807677405507403,1
MD_model61,/home/lyara/areswave/models/MD_model61.nd,nd,UNK,,,1068.978,60.0,864.088,193.50699999999995,1068.978,60.0,1194.188,193.50700000000006,1399.077,102.44500000000016,1694.611,60.0,0.479321161201838,0.5428667909523228,0.5216849143688279,0.520678838798162,0.45713320904767724,1
Geophysical_model904,/home/lyara/areswave/models/Geophysical_model904.nd,nd,UNK,,,950.128,60.0,900.0,199.44500000000005,950.128,60.0,1133.929,50.12799999999993,1484.824,66.83699999999999,1682.935,60.0,0.2505508953662857,0.6581701465435585,0.5222970628178009,0.7494491046337143,0.3418298534564414,1
Geophysical_model887,/home/lyara/areswave/models/Geophysical_model887.nd,nd,UNK,,,966.653,60.0,900.0,193.25599999999997,966.653,60.0,1133.286,33.327,1499.88,83.31700000000001,1681.272,60.0,0.5857378498729076,0.4909045385697567,0.5225156423374736,0.4142621501270925,0.5090954614302433,1
Geophysical_model100,/home/lyara/areswave/models/Geophysical_model100.nd,nd,UNK,,,1033.219,60.0,877.55,179.596,1033.219,60.0,1133.134,33.305000000000064,1482.834,83.26200000000017,1680.877,60.0,0.301361760709963,0.633433419663033,0.5227428666786763,0.698638239290037,0.366566580336967,1
MD_model83,/home/lyara/areswave/models/MD_model83.nd,nd,UNK,,,957.498,60.0,725.173,190.08499999999992,957.498,60.0,1263.746,42.240999999999985,1305.987,52.80099999999993,1598.029,60.0,0.5061313307032215,0.5311407637272645,0.5228042860525836,0.49386866929677853,0.46885923627273557,1
Geophysical_model379,/home/lyara/areswave/models/Geophysical_model379.nd,nd,UNK,,,1047.698,60.0,900.0,189.60400000000004,1047.698,60.0,1146.164,32.82199999999989,1490.792,82.05399999999986,1672.131,60.0,0.4067036460889195,0.581474782303244,0.5232177368984692,0.5932963539110805,0.41852521769675594,1
Geophysical_model2,/home/lyara/areswave/models/Geophysical_model2.nd,nd,UNK,,,1033.278,60.0,900.0,182.55399999999997,1033.278,60.0,1133.237,33.319999999999936,1483.093,83.29899999999998,1681.144,60.0,0.40358003020757693,0.5835928313942388,0.5235885643320182,0.5964199697924231,0.4164071686057612,1
Geophysical_model1,/home/lyara/areswave/models/Geophysical_model1.nd,nd,UNK,,,1033.278,60.0,900.0,182.55399999999997,1033.278,60.0,1133.237,33.319999999999936,1483.093,83.29899999999998,1681.144,60.0,0.40358003020757693,0.5835928313942388,0.5235885643320182,0.5964199697924231,0.4164071686057612,1
CD_model52,/home/lyara/areswave/models/CD_model52.nd,nd,UNK,,,,60.0,,60.0,,60.0,,60.0,,60.0,,60.0,0.5670426233770576,0.5028971644476695,0.5242789840907989,0.4329573766229425,0.4971028355523305,1
Geophysical_model81,/home/lyara/areswave/models/Geophysical_model81.nd,nd,UNK,,,950.269,60.0,900.0,194.50800000000004,950.269,60.0,1117.834,33.51299999999992,1452.962,117.29499999999985,1684.644,60.0,0.4469813885054782,0.5637163145842334,0.5248046725579817,0.5530186114945218,0.4362836854157665,1
Geophysical_model835,/home/lyara/areswave/models/Geophysical_model835.nd,nd,UNK,,,949.989,60.0,900.0,178.12400000000002,949.989,60.0,1116.619,16.66300000000001,1483.204,83.31500000000005,1681.259,60.0,0.3536535247461621,0.6105543530785303,0.5249207436344075,0.6463464752538379,0.38944564692146966,1
Geophysical_model173,/home/lyara/areswave/models/Geophysical_model173.nd,nd,UNK,,,1063.521,60.0,900.0,197.91200000000003,1063.521,60.0,1145.281,32.70399999999995,1488.674,65.4079999999999,1669.999,60.0,0.44470362093785964,0.5656361540245121,0.5253253096622946,0.5552963790621404,0.434363845975488,1
Geophysical_model470,/home/lyara/areswave/models/Geophysical_model470.nd,nd,UNK,,,1063.97,60.0,900.0,188.42200000000003,1063.97,60.0,1145.955,32.79399999999987,1490.293,65.58799999999997,1671.628,60.0,0.5804373407864641,0.49820342354150193,0.5256147292898227,0.41956265921353586,0.5017965764584981,1
Geophysical_model897,/home/lyara/areswave/models/Geophysical_model897.nd,nd,UNK,,,950.093,60.0,900.0,199.61199999999997,950.093,60.0,1133.767,50.09299999999985,1484.418,66.79099999999994,1682.515,60.0,0.55233980078388,0.512669349098143,0.5258928329933886,0.44766019921612,0.487330650901857,1
Geophysical_model527,/home/lyara/areswave/models/Geophysical_model527.nd,nd,UNK,,,966.867,60.0,900.0,178.18499999999995,966.867,60.0,1134.035,33.43399999999997,1485.088,66.86699999999996,1683.208,60.0,0.38216494916919264,0.598084868672425,0.5261115621713476,0.6178350508308074,0.40191513132757495,1
Geophysical_model424,/home/lyara/areswave/models/Geophysical_model424.nd,nd,UNK,,,1001.023,60.0,900.0,187.88699999999994,1001.023,60.0,1118.883,33.674999999999955,1472.464,101.02399999999989,1687.568,60.0,0.37012360203986605,0.6044202532116084,0.5263213694876944,0.629876397960134,0.3955797467883916,1
Geophysical_model984,/home/lyara/areswave/models/Geophysical_model984.nd,nd,UNK,,,933.11,60.0,877.605,179.15700000000004,933.11,60.0,1115.217,16.554999999999836,1495.986,99.33100000000013,1677.355,60.0,0.5022777373396405,0.5384079041756522,0.526364515230315,0.4977222626603594,0.4615920958243478,1
MD_model2,/home/lyara/areswave/models/MD_model2.nd,nd,UNK,,,986.891,60.0,741.65,21.326000000000022,986.891,60.0,1114.842,42.649999999999864,1445.384,42.65100000000007,1631.921,60.0,0.4871668045606351,0.5470553894297419,0.5270925278067063,0.5128331954393649,0.45294461057025814,1
Geophysical_model516,/home/lyara/areswave/models/Geophysical_model516.nd,nd,UNK,,,1086.489,60.0,900.0,21.269000000000005,1086.489,60.0,1103.443,16.952999999999975,1459.467,118.67499999999995,1691.782,60.0,0.5592522431292972,0.5114097888431632,0.5273572736052079,0.4407477568707027,0.48859021115683676,1
MD_model5,/home/lyara/areswave/models/MD_model5.nd,nd,UNK,,,982.978,60.0,734.96,10.33400000000006,982.978,60.0,1106.988,10.333999999999833,1406.677,62.003999999999905,1580.647,60.0,0.5267252953713675,0.5298774592263216,0.5288267379413368,0.47327470462863247,0.47012254077367843,1
Geophysical_model401,/home/lyara/areswave/models/Geophysical_model401.nd,nd,UNK,,,933.558,60.0,900.0,195.534,933.558,60.0,1101.346,16.778999999999996,1436.922,117.452,1685.455,60.0,0.3669751397421067,0.6104340774546282,0.5292810982171211,0.6330248602578933,0.38956592254537176,1
AK_model_51,/home/lyara/areswave/models/AK_model_51.nd,nd,UNK,,,1018.843,60.0,822.06,24.59699999999998,1018.843,60.0,1289.418,122.9889999999998,1486.2,172.18399999999997,1667.832,60.0,0.461015552535306,0.5642066734031879,0.529809633113894,0.538984447464694,0.4357933265968121,1
CD_model91,/home/lyara/areswave/models/CD_model91.nd,nd,UNK,,,,60.0,,60.0,,60.0,,60.0,,60.0,,60.0,0.5336472382219011,0.5279595455968956,0.5298554431385641,0.46635276177809887,0.4720404544031044,1
Geophysical_model798,/home/lyara/areswave/models/Geophysical_model798.nd,nd,UNK,,,916.723,60.0,877.548,179.61400000000003,916.723,60.0,1117.396,33.44599999999991,1485.297,83.61400000000003,1683.425,60.0,0.5158487260629467,0.5380206878957141,0.5306300339514584,0.4841512739370533,0.46197931210428583,1
Geophysical_model425,/home/lyara/areswave/models/Geophysical_model425.nd,nd,UNK,,,1031.687,60.0,900.0,185.74099999999999,1031.687,60.0,1130.452,32.922000000000025,1476.13,82.30399999999986,1673.94,60.0,0.40146564145524766,0.5956789444255101,0.530941176768756,0.5985343585447523,0.40432105557448994,1
Geophysical_model762,/home/lyara/areswave/models/Geophysical_model762.nd,nd,UNK,,,933.422,60.0,900.0,184.31399999999996,933.422,60.0,1117.244,33.423,1484.889,83.55599999999981,1683.002,60.0,0.5078365229352418,0.5434691650108341,0.5315916176523033,0.49216347706475816,0.45653083498916597,1
Geophysical_model127,/home/lyara/areswave/models/Geophysical_model127.nd,nd,UNK,,,916.861,60.0,900.0,181.87,916.861,60.0,1102.329,16.860000000000127,1439.543,101.16399999999999,1688.421,60.0,0.4479065195440104,0.5735173700551499,0.5316470865514368,0.5520934804559896,0.4264826299448501,1
Geophysical_model864,/home/lyara/areswave/models/Geophysical_model864.nd,nd,UNK,,,933.862,60.0,879.268,186.58399999999995,933.862,60.0,1120.105,33.86200000000008,1492.59,84.65599999999995,1690.97,60.0,0.610487695610278,0.49431747301604845,0.5330408805474584,0.38951230438972195,0.5056825269839516,1
Geophysical_model705,/home/lyara/areswave/models/Geophysical_model705.nd,nd,UNK,,,933.862,60.0,879.268,186.58399999999995,933.862,60.0,1120.105,33.86200000000008,1492.59,84.65599999999995,1690.97,60.0,0.610487695610278,0.49431747301604845,0.5330408805474584,0.38951230438972195,0.5056825269839516,1
Geophysical_model701,/home/lyara/areswave/models/Geophysical_model701.nd,nd,UNK,,,933.862,60.0,879.268,186.58399999999995,933.862,60.0,1120.105,33.86200000000008,1492.59,84.65599999999995,1690.97,60.0,0.610487695610278,0.49431747301604845,0.5330408805474584,0.38951230438972195,0.5056825269839516,1
AK_model_31,/home/lyara/areswave/models/AK_model_31.nd,nd,UNK,,,1063.166,60.0,823.564,26.622999999999934,1063.166,60.0,1276.145,26.623000000000047,1329.39,53.24499999999989,1699.028,60.0,0.2913898139698493,0.6546514507896712,0.5335642385163973,0.7086101860301507,0.34534854921032876,1
AK_model_16,/home/lyara/areswave/models/AK_model_16.nd,nd,UNK,,,1032.613,60.0,811.315,24.588999999999942,1032.613,60.0,1278.5,73.76600000000008,1303.088,24.588999999999942,1680.441,60.0,0.40593940913514037,0.598086484578054,0.5340374594304161,0.5940605908648596,0.40191351542194603,1
Geophysical_model972,/home/lyara/areswave/models/Geophysical_model972.nd,nd,UNK,,,950.91,60.0,900.0,184.519,950.91,60.0,1120.608,33.940000000000055,1493.945,84.84899999999993,1692.373,60.0,0.35605712985898563,0.6235821897713811,0.5344071698005827,0.6439428701410144,0.3764178102286188,1
Geophysical_model944,/home/lyara/areswave/models/Geophysical_model944.nd,nd,UNK,,,950.91,60.0,900.0,184.519,950.91,60.0,1120.608,33.940000000000055,1493.945,84.84899999999993,1692.373,60.0,0.35605712985898563,0.6235821897713811,0.5344071698005827,0.6439428701410144,0.3764178102286188,1
AK_model_7,/home/lyara/areswave/models/AK_model_7.nd,nd,UNK,,,1075.329,60.0,845.445,25.541999999999916,1075.329,60.0,1279.671,51.085000000000036,1305.214,51.08600000000001,1667.556,60.0,0.4797939638948363,0.562152058427711,0.5346993602500861,0.5202060361051637,0.437847941572289,1
Geophysical_model319,/home/lyara/areswave/models/Geophysical_model319.nd,nd,UNK,,,1063.521,60.0,900.0,197.86199999999997,1063.521,60.0,1145.281,32.70399999999995,1488.674,65.4079999999999,1669.999,60.0,0.40302780042071495,0.6020138174956151,0.535685145137315,0.596972199579285,0.3979861825043849,1
Geophysical_model728,/home/lyara/areswave/models/Geophysical_model728.nd,nd,UNK,,,933.805,60.0,879.401,185.38699999999994,933.805,60.0,1119.733,33.805000000000064,1491.589,84.51299999999992,1689.935,60.0,0.21635408894006103,0.6970191110637268,0.5367974370225049,0.783645911059939,0.3029808889362732,1
Geophysical_model64,/home/lyara/areswave/models/Geophysical_model64.nd,nd,UNK,,,967.437,60.0,900.0,186.20899999999995,967.437,60.0,1119.169,33.718000000000075,1456.352,101.15499999999997,1688.364,60.0,0.2699721016632579,0.6706860911553494,0.5371147613246522,0.7300278983367421,0.32931390884465056,1
CD_model69,/home/lyara/areswave/models/CD_model69.nd,nd,UNK,,,,60.0,,60.0,,60.0,,60.0,,60.0,,60.0,0.6404859439423202,0.4857204376223645,0.5373089397290164,0.35951405605767983,0.5142795623776355,1
AK_model_57,/home/lyara/areswave/models/AK_model_57.nd,nd,UNK,,,1014.565,60.0,889.976,24.918000000000006,1014.565,60.0,1164.071,99.67100000000005,1388.331,99.67100000000005,1670.1,60.0,0.5702941223251189,0.5209458268659275,0.537395258685658,0.4297058776748811,0.4790541731340725,1
Geophysical_model198,/home/lyara/areswave/models/Geophysical_model198.nd,nd,UNK,,,983.727,60.0,878.886,190.02599999999995,983.727,60.0,1117.689,33.49000000000001,1486.086,100.47199999999998,1684.241,60.0,0.40482669977155195,0.6040250124500675,0.5376255748905623,0.595173300228448,0.3959749875499326,1
Geophysical_model455,/home/lyara/areswave/models/Geophysical_model455.nd,nd,UNK,,,1049.531,60.0,900.0,179.63599999999997,1049.531,60.0,1132.603,33.22900000000004,1481.508,83.07300000000009,1679.504,60.0,0.542177054399448,0.5356409467444871,0.5378196492961408,0.45782294560055203,0.46435905325551285,1
Geophysical_model466,/home/lyara/areswave/models/Geophysical_model466.nd,nd,UNK,,,1031.687,60.0,900.0,185.18899999999996,1031.687,60.0,1130.452,32.922000000000025,1492.591,82.30399999999986,1673.94,60.0,0.6552535654293026,0.47949173416855306,0.5380790112554695,0.34474643457069737,0.5205082658314469,1
Geophysical_model732,/home/lyara/areswave/models/Geophysical_model732.nd,nd,UNK,,,933.813,60.0,900.0,183.28999999999996,933.813,60.0,1119.783,33.8130000000001,1491.724,84.53199999999993,1690.075,60.0,0.5872290507539797,0.5135785457681479,0.5381287140967584,0.41277094924602026,0.4864214542318522,1
Geophysical_model8,/home/lyara/areswave/models/Geophysical_model8.nd,nd,UNK,,,1064.102,60.0,900.0,191.005,1064.102,60.0,1146.153,32.820000000000164,1490.767,65.6400000000001,1672.105,60.0,0.5727257821875615,0.5209190678164899,0.5381879726068471,0.4272742178124385,0.4790809321835101,1
Geophysical_model207,/home/lyara/areswave/models/Geophysical_model207.nd,nd,UNK,,,1064.102,60.0,900.0,191.005,1064.102,60.0,1146.153,32.820000000000164,1490.767,65.6400000000001,1672.105,60.0,0.5727257821875615,0.5209190678164899,0.5381879726068471,0.4272742178124385,0.4790809321835101,1
Geophysical_model39,/home/lyara/areswave/models/Geophysical_model39.nd,nd,UNK,,,1032.972,60.0,877.469,180.25099999999998,1032.972,60.0,1132.701,33.243000000000166,1498.374,83.10699999999997,1679.757,60.0,0.37249122081008423,0.6221099866203512,0.5389037313502621,0.6275087791899158,0.37789001337964884,1
AK_model_42,/home/lyara/areswave/models/AK_model_42.nd,nd,UNK,,,1023.627,60.0,814.993,26.08000000000004,1023.627,60.0,1284.42,104.31700000000001,1310.5,182.55500000000006,1676.948,60.0,0.6611277654213621,0.47829884899055475,0.5392418211341572,0.3388722345786379,0.5217011510094453,1
MD_model52,/home/lyara/areswave/models/MD_model52.nd,nd,UNK,,,1047.919,60.0,764.485,185.3230000000001,1047.919,60.0,1265.946,32.70399999999995,1331.354,54.50700000000006,1640.388,60.0,0.4920797975131356,0.5635604870224431,0.5397335905193406,0.5079202024868644,0.43643951297755695,1
Geophysical_model304,/home/lyara/areswave/models/Geophysical_model304.nd,nd,UNK,,,1033.067,60.0,877.206,182.35400000000004,1033.067,60.0,1132.867,33.26700000000005,1498.801,83.16699999999992,1680.187,60.0,0.5116894901771425,0.5539991812457754,0.5398959508895644,0.48831050982285756,0.44600081875422454,1
Geophysical_model120,/home/lyara/areswave/models/Geophysical_model120.nd,nd,UNK,,,1033.184,60.0,900.0,188.139,1033.184,60.0,1133.072,33.29500000000007,1482.679,83.24000000000001,1680.716,60.0,0.550000258261574,0.5353579278177003,0.5402387046323248,0.449999741738426,0.46464207218229964,1
Geophysical_model433,/home/lyara/areswave/models/Geophysical_model433.nd,nd,UNK,,,1064.377,60.0,900.0,188.24,1064.377,60.0,1146.565,32.875,1491.756,65.75099999999998,1673.1,60.0,0.44613454204848957,0.5876502481712638,0.540478346130339,0.5538654579515104,0.41234975182873623,1
Geophysical_model471,/home/lyara/areswave/models/Geophysical_model471.nd,nd,UNK,,,1064.377,60.0,900.0,188.24,1064.377,60.0,1146.565,32.875,1491.756,65.75099999999998,1673.1,60.0,0.44613454204848957,0.5876502481712638,0.540478346130339,0.5538654579515104,0.41234975182873623,1
Geophysical_model657,/home/lyara/areswave/models/Geophysical_model657.nd,nd,UNK,,,916.728,60.0,900.0,191.85400000000004,916.728,60.0,1117.467,33.455999999999904,1485.488,83.64100000000008,1683.622,60.0,0.4697642131967871,0.5759708898736152,0.5405686643146725,0.5302357868032129,0.4240291101263848,1
Geophysical_model392,/home/lyara/areswave/models/Geophysical_model392.nd,nd,UNK,,,1031.687,60.0,900.0,185.87199999999996,1031.687,60.0,1130.452,32.922000000000025,1492.591,82.30399999999986,1673.94,60.0,0.4259040122966927,0.5986064188425446,0.5410389499939273,0.5740959877033073,0.4013935811574554,1
Geophysical_model31,/home/lyara/areswave/models/Geophysical_model31.nd,nd,UNK,,,983.237,60.0,879.302,186.28300000000002,983.237,60.0,1116.417,16.64800000000014,1466.015,99.88400000000001,1680.698,60.0,0.49678166324904716,0.563284209023374,0.541116693765265,0.5032183367509528,0.43671579097662605,1
Geophysical_model489,/home/lyara/areswave/models/Geophysical_model489.nd,nd,UNK,,,967.872,60.0,900.0,180.37699999999995,967.872,60.0,1120.585,33.937000000000126,1459.948,101.80899999999997,1692.31,60.0,0.2920234944351511,0.6656656828329723,0.5411182867003652,0.7079765055648489,0.3343343171670277,1
Geophysical_model47,/home/lyara/areswave/models/Geophysical_model47.nd,nd,UNK,,,1017.887,60.0,900.0,183.97400000000005,1017.887,60.0,1135.775,33.682000000000016,1472.595,84.2059999999999,1687.708,60.0,0.30083621983781794,0.6613004730075728,0.5411457219509878,0.6991637801621821,0.3386995269924272,1
Geophysical_model86,/home/lyara/areswave/models/Geophysical_model86.nd,nd,UNK,,,1015.239,60.0,900.0,189.35199999999998,1015.239,60.0,1130.479,32.92599999999993,1492.66,98.77700000000004,1674.009,60.0,0.4768240265623873,0.5735259693267782,0.5412919884053146,0.5231759734376127,0.4264740306732217,1
Geophysical_model82,/home/lyara/areswave/models/Geophysical_model82.nd,nd,UNK,,,1096.27,60.0,900.0,198.57399999999996,1096.27,60.0,1145.337,32.71100000000001,1488.81,65.423,1670.136,60.0,0.61451909753928,0.5048628671764108,0.5414149439640339,0.38548090246072003,0.4951371328235891,1
Geophysical_model437,/home/lyara/areswave/models/Geophysical_model437.nd,nd,UNK,,,1000.927,60.0,900.0,186.89499999999998,1000.927,60.0,1135.497,33.64300000000003,1488.742,84.106,1686.989,60.0,0.3121407600884537,0.6563676506747878,0.5416253538126764,0.6878592399115463,0.3436323493252123,1
Geophysical_model783,/home/lyara/areswave/models/Geophysical_model783.nd,nd,UNK,,,916.648,60.0,877.515,179.87800000000004,916.648,60.0,1116.419,16.64799999999991,1499.315,99.88499999999999,1680.704,60.0,0.5961438789331115,0.5155085199403525,0.5423869729379388,0.40385612106688856,0.4844914800596475,1
Geophysical_model915,/home/lyara/areswave/models/Geophysical_model915.nd,nd,UNK,,,950.085,60.0,900.0,182.60699999999997,950.085,60.0,1133.728,33.3900000000001,1484.32,66.779,1682.414,60.0,0.2249108426252121,0.7015858063610467,0.5426941517824352,0.7750891573747879,0.29841419363895333,1
MD_model95,/home/lyara/areswave/models/MD_model95.nd,nd,UNK,,,1010.926,60.0,859.539,10.812999999999988,1010.926,60.0,1248.82,140.57400000000007,1356.954,194.6400000000001,1642.275,60.0,0.4002488562785098,0.6141055204241186,0.5428199657089157,0.5997511437214902,0.38589447957588147,1
Geophysical_model453,/home/lyara/areswave/models/Geophysical_model453.nd,nd,UNK,,,1031.555,60.0,876.742,186.06399999999996,1031.555,60.0,1130.221,32.888999999999896,1475.552,82.221,1673.341,60.0,0.34379013345103715,0.6427365621922645,0.5430877526118554,0.6562098665489629,0.35726343780773556,1
CD_model25,/home/lyara/areswave/models/CD_model25.nd,nd,UNK,,,,60.0,,60.0,,60.0,,60.0,,60.0,,60.0,0.6088935561250811,0.5108577171754434,0.543536330158656,0.3911064438749189,0.4891422828245566,1
Geophysical_model68,/home/lyara/areswave/models/Geophysical_model68.nd,nd,UNK,,,933.76,60.0,900.0,182.039,933.76,60.0,1102.557,16.87999999999988,1440.153,101.27800000000002,1689.11,60.0,0.49052645203037903,0.5708274666707835,0.5440604617906487,0.509473547969621,0.4291725333292165,1
Geophysical_model518,/home/lyara/areswave/models/Geophysical_model518.nd,nd,UNK,,,950.781,60.0,900.0,184.07600000000002,950.781,60.0,1136.977,33.85400000000004,1492.442,67.70700000000011,1690.818,60.0,0.5262622633217863,0.5532001776020284,0.5442208728419478,0.47373773667821373,0.44679982239797156,1
CD_model15,/home/lyara/areswave/models/CD_model15.nd,nd,UNK,,,,60.0,,60.0,,60.0,,60.0,,60.0,,60.0,0.4568288446669716,0.5886708904227711,0.5447235418375046,0.5431711553330284,0.41132910957722896,1
AK_model_38,/home/lyara/areswave/models/AK_model_38.nd,nd,UNK,,,1017.632,60.0,808.958,26.084999999999923,1017.632,60.0,1278.474,104.33699999999999,1304.559,26.08400000000006,1671.473,60.0,0.37946198349575877,0.6273825879829049,0.5447423864871895,0.6205380165042412,0.37261741201709514,1
Geophysical_model18,/home/lyara/areswave/models/Geophysical_model18.nd,nd,UNK,,,1098.133,60.0,900.0,196.457,1098.133,60.0,1147.666,16.510999999999967,1494.399,66.04399999999987,1675.759,60.0,0.5600806949437602,0.5378514525801543,0.5452612000346896,0.4399193050562397,0.46214854741984573,1
Geophysical_model514,/home/lyara/areswave/models/Geophysical_model514.nd,nd,UNK,,,916.991,60.0,878.264,195.62300000000005,916.991,60.0,1120.887,33.98299999999995,1494.697,84.95699999999988,1693.151,60.0,0.4999343822696114,0.5683553348918804,0.5455483506844574,0.5000656177303886,0.43164466510811955,1
Geophysical_model180,/home/lyara/areswave/models/Geophysical_model180.nd,nd,UNK,,,966.993,60.0,856.89,193.99599999999998,966.993,60.0,1117.726,33.496999999999844,1486.187,100.49000000000001,1684.345,60.0,0.5279879416347968,0.5543544119564225,0.5455655885158807,0.47201205836520316,0.4456455880435775,1
Geophysical_model219,/home/lyara/areswave/models/Geophysical_model219.nd,nd,UNK,,,999.473,60.0,900.0,182.298,999.473,60.0,1115.525,16.57899999999995,1496.838,99.47299999999996,1678.212,60.0,0.44854552989680585,0.5942678953188194,0.5456937735114815,0.5514544701031941,0.40573210468118054,1
Geophysical_model157,/home/lyara/areswave/models/Geophysical_model157.nd,nd,UNK,,,999.473,60.0,900.0,182.298,999.473,60.0,1115.525,16.57899999999995,1496.838,99.47299999999996,1678.212,60.0,0.44854552989680585,0.5942678953188194,0.5456937735114815,0.5514544701031941,0.40573210468118054,1
ceylan,/home/lyara/areswave/models/ceylan.nd,nd,UNK,,,1086.523,60.0,887.59,24.865999999999985,1086.523,60.0,1285.455,24.866999999999962,1360.055,74.60000000000014,1666.648,60.0,0.3717042501211758,0.6329004859830774,0.5458350740291101,0.6282957498788242,0.3670995140169227,1
Geophysical_model383,/home/lyara/areswave/models/Geophysical_model383.nd,nd,UNK,,,1031.555,60.0,900.0,185.83299999999997,1031.555,60.0,1130.221,32.888999999999896,1475.552,82.221,1673.341,60.0,0.4449482469801044,0.5968651900567215,0.5462262090311825,0.5550517530198956,0.40313480994327855,1
Geophysical_model353,/home/lyara/areswave/models/Geophysical_model353.nd,nd,UNK,,,967.499,60.0,900.0,184.85799999999995,967.499,60.0,1119.373,33.75,1456.871,101.2489999999998,1688.933,60.0,0.492650086864177,0.5735855533847665,0.54660706454457,0.507349913135823,0.4264144466152336,1
Geophysical_model492,/home/lyara/areswave/models/Geophysical_model492.nd,nd,UNK,,,967.499,60.0,900.0,184.85799999999995,967.499,60.0,1119.373,33.75,1456.871,101.2489999999998,1688.933,60.0,0.492650086864177,0.5735855533847665,0.54660706454457,0.507349913135823,0.4264144466152336,1
Geophysical_model848,/home/lyara/areswave/models/Geophysical_model848.nd,nd,UNK,,,950.021,60.0,900.0,180.06399999999996,950.021,60.0,1133.429,33.34699999999998,1483.573,66.69400000000019,1681.641,60.0,0.27985303716259036,0.6804147086741957,0.5468941515036606,0.7201469628374096,0.31958529132580427,1
MD_model96,/home/lyara/areswave/models/MD_model96.nd,nd,UNK,,,901.131,60.0,890.515,180.45899999999995,901.131,60.0,1293.895,74.30700000000002,1315.126,31.846000000000004,1608.043,60.0,0.3922781707550178,0.6258779276600299,0.5480113420250259,0.6077218292449822,0.3741220723399701,1
Geophysical_model248,/home/lyara/areswave/models/Geophysical_model248.nd,nd,UNK,,,999.558,60.0,878.729,191.44100000000003,999.558,60.0,1115.708,16.592999999999847,1497.346,99.55799999999999,1678.723,60.0,0.338099059186485,0.6532733906361995,0.5482152801529613,0.661900940813515,0.3467266093638005,1
Geophysical_model114,/home/lyara/areswave/models/Geophysical_model114.nd,nd,UNK,,,1098.133,60.0,900.0,196.06600000000003,1098.133,60.0,1147.666,33.02300000000014,1494.399,66.04399999999987,1675.759,60.0,0.5123062026320431,0.5664712943219767,0.5484162637586655,0.4876937973679569,0.43352870567802326,1
AK_model_55,/home/lyara/areswave/models/AK_model_55.nd,nd,UNK,,,1024.297,60.0,845.36,25.562000000000012,1024.297,60.0,1152.109,102.24900000000002,1382.171,51.125,1667.971,60.0,0.4485833327454487,0.5988544531311021,0.5487640796692176,0.5514166672545513,0.4011455468688979,1
Geophysical_model226,/home/lyara/areswave/models/Geophysical_model226.nd,nd,UNK,,,1096.615,60.0,900.0,186.49900000000002,1096.615,60.0,1145.769,32.769000000000005,1489.845,65.53899999999999,1671.177,60.0,0.543284229558116,0.5516967649052191,0.5488925864561848,0.456715770441884,0.44830323509478087,1
Geophysical_model682,/home/lyara/areswave/models/Geophysical_model682.nd,nd,UNK,,,966.806,60.0,900.0,177.611,966.806,60.0,1133.823,33.40299999999979,1484.557,66.80700000000002,1682.659,60.0,0.36344621789772813,0.6419034410513611,0.5490843666668167,0.6365537821022719,0.35809655894863884,1
Geophysical_model911,/home/lyara/areswave/models/Geophysical_model911.nd,nd,UNK,,,933.365,60.0,900.0,186.46000000000004,933.365,60.0,1116.871,33.36500000000001,1483.885,83.41200000000003,1681.963,60.0,0.4863589151317934,0.5808537205486998,0.5493554520763976,0.5136410848682066,0.41914627945130023,1
Geophysical_model103,/home/lyara/areswave/models/Geophysical_model103.nd,nd,UNK,,,1016.326,60.0,900.0,195.543,1016.326,60.0,1132.652,33.235999999999876,1498.248,99.70800000000008,1679.631,60.0,0.4056782706564087,0.6213552644654803,0.5494629331957898,0.5943217293435913,0.3786447355345197,1
Geophysical_model276,/home/lyara/areswave/models/Geophysical_model276.nd,nd,UNK,,,999.801,60.0,857.053,193.26199999999994,999.801,60.0,1116.236,16.63299999999981,1465.54,99.80099999999993,1680.192,60.0,0.5401044852166267,0.5551828467733795,0.5501567262544619,0.4598955147833733,0.4448171532266206,1
Geophysical_model952,/home/lyara/areswave/models/Geophysical_model952.nd,nd,UNK,,,950.007,60.0,900.0,178.721,950.007,60.0,1133.367,33.337999999999965,1483.418,66.67599999999993,1681.481,60.0,0.2726161481514149,0.6912582855135627,0.5517109063928468,0.7273838518485851,0.3087417144864372,1
Geophysical_model821,/home/lyara/areswave/models/Geophysical_model821.nd,nd,UNK,,,950.007,60.0,900.0,178.721,950.007,60.0,1133.367,33.337999999999965,1483.418,66.67599999999993,1681.481,60.0,0.2726161481514149,0.6912582855135627,0.5517109063928468,0.7273838518485851,0.3087417144864372,1
Geophysical_model854,/home/lyara/areswave/models/Geophysical_model854.nd,nd,UNK,,,900.0,60.0,900.0,184.47699999999998,900.0,60.0,1106.204,17.18399999999997,1467.062,85.9190000000001,1501.429,68.7349999999999,0.43627469094477256,0.6100530119656167,0.5521269049586687,0.5637253090552274,0.38994698803438327,1
Geophysical_model738,/home/lyara/areswave/models/Geophysical_model738.nd,nd,UNK,,,900.0,60.0,900.0,184.47699999999998,900.0,60.0,1106.204,17.18399999999997,1467.062,85.9190000000001,1501.429,68.7349999999999,0.43627469094477256,0.6100530119656167,0.5521269049586687,0.5637253090552274,0.38994698803438327,1
MD_model94,/home/lyara/areswave/models/MD_model94.nd,nd,UNK,,,1025.295,60.0,867.383,10.527999999999906,1025.295,60.0,1288.482,157.913,1351.647,168.44000000000005,1600.766,60.0,0.6091398213787353,0.5246756764683619,0.5528303914384863,0.3908601786212647,0.4753243235316381,1
MD_model68,/home/lyara/areswave/models/MD_model68.nd,nd,UNK,,,1004.173,60.0,810.147,10.212000000000103,1004.173,60.0,1126.717,142.9670000000001,1402.439,112.33100000000013,1575.246,60.0,0.3865904577046182,0.6362734902902032,0.5530458127616749,0.6134095422953818,0.3637265097097968,1
Geophysical_model668,/home/lyara/areswave/models/Geophysical_model668.nd,nd,UNK,,,1099.489,60.0,900.0,21.05899999999997,1099.489,60.0,1116.113,16.624000000000024,1465.218,99.74500000000012,1679.849,60.0,0.3686159550697514,0.646925270576215,0.5541554987407271,0.6313840449302486,0.35307472942378504,1
Geophysical_model494,/home/lyara/areswave/models/Geophysical_model494.nd,nd,UNK,,,999.801,60.0,857.502,191.24099999999999,999.801,60.0,1116.236,16.63299999999981,1465.54,99.80099999999993,1680.192,60.0,0.4063947680266735,0.628401599106837,0.5543993220801159,0.5936052319733265,0.371598400893163,1
Geophysical_model417,/home/lyara/areswave/models/Geophysical_model417.nd,nd,UNK,,,1047.872,60.0,900.0,189.23900000000003,1047.872,60.0,1130.023,32.8599999999999,1491.488,82.15100000000007,1672.831,60.0,0.39023196370427904,0.6367938185586846,0.554606533607216,0.609768036295721,0.36320618144131545,1
Geophysical_model160,/home/lyara/areswave/models/Geophysical_model160.nd,nd,UNK,,,1001.362,60.0,862.062,189.68899999999996,1001.362,60.0,1119.617,33.78800000000001,1491.277,101.36200000000008,1689.612,60.0,0.5339517732564503,0.5649654178180312,0.5546275362975043,0.4660482267435497,0.43503458218196883,1
Geophysical_model220,/home/lyara/areswave/models/Geophysical_model220.nd,nd,UNK,,,982.959,60.0,900.0,190.42999999999995,982.959,60.0,1115.693,16.5920000000001,1464.12,116.14300000000003,1678.681,60.0,0.389089899210443,0.6384512212958724,0.5553307806007293,0.610910100789557,0.36154877870412766,1
MD_model10,/home/lyara/areswave/models/MD_model10.nd,nd,UNK,,,1002.201,60.0,801.147,10.581999999999994,1002.201,60.0,1245.582,137.56400000000008,1372.563,190.47199999999998,1611.713,60.0,0.5512172764333318,0.558188462414962,0.5558647337544186,0.4487827235666682,0.441811537585038,1
Geophysical_model122,/home/lyara/areswave/models/Geophysical_model122.nd,nd,UNK,,,967.437,60.0,900.0,186.66099999999994,967.437,60.0,1119.169,33.718000000000075,1456.352,101.15499999999997,1688.364,60.0,0.24907616492286666,0.7101599147598959,0.5564653314808862,0.7509238350771333,0.2898400852401041,1
Geophysical_model101,/home/lyara/areswave/models/Geophysical_model101.nd,nd,UNK,,,967.437,60.0,900.0,186.66099999999994,967.437,60.0,1119.169,33.718000000000075,1456.352,101.15499999999997,1688.364,60.0,0.24907616492286666,0.7101599147598959,0.5564653314808862,0.7509238350771333,0.2898400852401041,1
Geophysical_model445,/home/lyara/areswave/models/Geophysical_model445.nd,nd,UNK,,,1047.789,60.0,900.0,189.394,1047.789,60.0,1146.314,32.8420000000001,1491.154,65.68399999999997,1672.494,60.0,0.3908097148541435,0.6407616767929913,0.5574443561467087,0.6091902851458565,0.35923832320700866,1
Geophysical_model183,/home/lyara/areswave/models/Geophysical_model183.nd,nd,UNK,,,1031.859,60.0,900.0,187.99699999999996,1031.859,60.0,1130.754,32.965000000000146,1493.366,82.41200000000003,1674.72,60.0,0.41582642732186414,0.6288652431808683,0.5578523045612003,0.5841735726781359,0.3711347568191316,1
Geophysical_model486,/home/lyara/areswave/models/Geophysical_model486.nd,nd,UNK,,,1031.859,60.0,900.0,187.99699999999996,1031.859,60.0,1130.754,32.965000000000146,1493.366,82.41200000000003,1674.72,60.0,0.41582642732186414,0.6288652431808683,0.5578523045612003,0.5841735726781359,0.3711347568191316,1
CD_model17,/home/lyara/areswave/models/CD_model17.nd,nd,UNK,,,,60.0,,60.0,,60.0,,60.0,,60.0,,60.0,0.5445714626946038,0.5645339300565935,0.5578797742692636,0.45542853730539623,0.4354660699434065,1
CD_model80,/home/lyara/areswave/models/CD_model80.nd,nd,UNK,,,,60.0,,60.0,,60.0,,60.0,,60.0,,60.0,0.47125578296664006,0.601369346019562,0.5579981583352547,0.5287442170333599,0.39863065398043795,1
Geophysical_model451,/home/lyara/areswave/models/Geophysical_model451.nd,nd,UNK,,,1047.105,60.0,900.0,187.49099999999999,1047.105,60.0,1145.175,32.690000000000055,1488.42,65.38000000000011,1669.744,60.0,0.40765755566510375,0.6353032803665022,0.5594213721327027,0.5923424443348962,0.36469671963349776,1
Geophysical_model380,/home/lyara/areswave/models/Geophysical_model380.nd,nd,UNK,,,1047.105,60.0,900.0,187.49099999999999,1047.105,60.0,1145.175,32.690000000000055,1488.42,65.38000000000011,1669.744,60.0,0.40765755566510375,0.6353032803665022,0.5594213721327027,0.5923424443348962,0.36469671963349776,1
CD_model73,/home/lyara/areswave/models/CD_model73.nd,nd,UNK,,,,60.0,,60.0,,60.0,,60.0,,60.0,,60.0,0.4760420989046934,0.6019301936135415,0.5599674953772588,0.5239579010953066,0.3980698063864585,1
Geophysical_model75,/home/lyara/areswave/models/Geophysical_model75.nd,nd,UNK,,,1031.636,60.0,900.0,186.52099999999996,1031.636,60.0,1130.363,32.90899999999988,1492.363,82.27300000000014,1673.71,60.0,0.5128421306324624,0.5847287925641087,0.5607665719202266,0.4871578693675376,0.4152712074358913,1
MD_model44,/home/lyara/areswave/models/MD_model44.nd,nd,UNK,,,921.056,60.0,890.938,140.55100000000004,921.056,60.0,1262.393,70.27499999999986,1302.55,40.15800000000013,1483.258,61.49199999999996,0.4251159377484145,0.6315079595230826,0.5627106189315265,0.5748840622515855,0.3684920404769174,1
Geophysical_model822,/home/lyara/areswave/models/Geophysical_model822.nd,nd,UNK,,,933.261,60.0,876.904,184.765,933.261,60.0,1116.199,16.630999999999858,1482.075,99.78399999999988,1680.091,60.0,0.5309236724478216,0.5792367544796252,0.5631323938023574,0.46907632755217843,0.4207632455203748,1
Geophysical_model712,/home/lyara/areswave/models/Geophysical_model712.nd,nd,UNK,,,916.714,60.0,900.0,193.20000000000005,916.714,60.0,1117.28,33.42699999999991,1484.983,83.56899999999996,1683.1,60.0,0.47820237138817323,0.60640547191476,0.5636711050725643,0.5217976286118268,0.3935945280852399,1
Geophysical_model256,/home/lyara/areswave/models/Geophysical_model256.nd,nd,UNK,,,999.894,60.0,878.151,196.63800000000003,999.894,60.0,1116.438,16.648999999999887,1499.366,99.894,1680.755,60.0,0.44791398873381627,0.6224717867029155,0.5642858540465491,0.5520860112661837,0.3775282132970846,1
Geophysical_model448,/home/lyara/areswave/models/Geophysical_model448.nd,nd,UNK,,,999.894,60.0,878.151,196.63800000000003,999.894,60.0,1116.438,16.648999999999887,1499.366,99.894,1680.755,60.0,0.44791398873381627,0.6224717867029155,0.5642858540465491,0.5520860112661837,0.3775282132970846,1
Geophysical_model314,/home/lyara/areswave/models/Geophysical_model314.nd,nd,UNK,,,999.894,60.0,878.151,196.63800000000003,999.894,60.0,1116.438,16.648999999999887,1499.366,99.894,1680.755,60.0,0.44791398873381627,0.6224717867029155,0.5642858540465491,0.5520860112661837,0.3775282132970846,1
Geophysical_model429,/home/lyara/areswave/models/Geophysical_model429.nd,nd,UNK,,,965.996,60.0,900.0,194.13,965.996,60.0,1114.487,16.499000000000024,1460.966,98.99399999999991,1675.321,60.0,0.4308783586105489,0.6310196766842056,0.5643059039929866,0.5691216413894511,0.36898032331579445,1
MD_model33,/home/lyara/areswave/models/MD_model33.nd,nd,UNK,,,1018.87,60.0,748.052,187.49,1018.87,60.0,1279.273,20.832000000000107,1362.602,72.91300000000001,1579.187,60.0,0.30268591589573046,0.6961917910134172,0.5650231659741883,0.6973140841042695,0.30380820898658273,1
Geophysical_model367,/home/lyara/areswave/models/Geophysical_model367.nd,nd,UNK,,,1031.442,60.0,900.0,189.02300000000002,1031.442,60.0,1130.023,32.8599999999999,1491.488,82.15100000000007,1672.831,60.0,0.41672939556828015,0.6421171948411171,0.5669879284168381,0.5832706044317199,0.357882805158883,1
Geophysical_model317,/home/lyara/areswave/models/Geophysical_model317.nd,nd,UNK,,,1031.442,60.0,900.0,189.02300000000002,1031.442,60.0,1130.023,32.8599999999999,1491.488,82.15100000000007,1672.831,60.0,0.41672939556828015,0.6421171948411171,0.5669879284168381,0.5832706044317199,0.357882805158883,1
Geophysical_model368,/home/lyara/areswave/models/Geophysical_model368.nd,nd,UNK,,,1031.52,60.0,900.0,186.95600000000002,1031.52,60.0,1130.159,32.87999999999988,1491.838,82.19900000000007,1673.183,60.0,0.38870354403140406,0.6566548903392755,0.5673377749033183,0.6112964559685959,0.34334510966072457,1
Geophysical_model950,/home/lyara/areswave/models/Geophysical_model950.nd,nd,UNK,,,950.057,60.0,900.0,199.649,950.057,60.0,1133.601,33.371000000000095,1484.001,66.74299999999994,1682.084,60.0,0.53983150456578,0.5838492254040818,0.5691766517913145,0.46016849543421995,0.4161507745959182,1
Geophysical_model997,/home/lyara/areswave/models/Geophysical_model997.nd,nd,UNK,,,950.057,60.0,900.0,199.649,950.057,60.0,1133.601,33.371000000000095,1484.001,66.74299999999994,1682.084,60.0,0.53983150456578,0.5838492254040818,0.5691766517913145,0.46016849543421995,0.4161507745959182,1
Geophysical_model46,/home/lyara/areswave/models/Geophysical_model46.nd,nd,UNK,,,1049.531,60.0,900.0,179.79999999999995,1049.531,60.0,1132.603,33.22900000000004,1498.123,83.07300000000009,1679.504,60.0,0.6328685055078045,0.5400728428714006,0.5710047304168685,0.36713149449219545,0.4599271571285995,1
Geophysical_model850,/home/lyara/areswave/models/Geophysical_model850.nd,nd,UNK,,,950.127,60.0,900.0,199.68399999999997,950.127,60.0,1133.926,50.12699999999995,1484.815,66.83600000000001,1682.926,60.0,0.28397567594971307,0.714553585156058,0.5710276154206096,0.7160243240502869,0.28544641484394195,1
Geophysical_model365,/home/lyara/areswave/models/Geophysical_model365.nd,nd,UNK,,,999.752,60.0,900.0,199.11900000000003,999.752,60.0,1132.755,33.251000000000204,1481.887,99.75199999999995,1679.896,60.0,0.47151274337706994,0.6208924165081402,0.5710991921311167,0.5284872566229301,0.37910758349185975,1
MD_model38,/home/lyara/areswave/models/MD_model38.nd,nd,UNK,,,1054.062,60.0,780.894,189.11599999999999,1054.062,60.0,1253.684,178.61000000000013,1348.242,10.506000000000085,1597.105,60.0,0.6651802522639374,0.5243797946234642,0.571313280503622,0.3348197477360626,0.4756202053765358,1
MD_model42,/home/lyara/areswave/models/MD_model42.nd,nd,UNK,,,951.682,60.0,896.388,187.99700000000007,951.682,60.0,1272.382,55.29299999999989,1338.734,99.52800000000002,1661.734,60.0,0.7040916556775345,0.5060594119701646,0.5720701598726212,0.29590834432246543,0.4939405880298354,1
Geophysical_model342,/home/lyara/areswave/models/Geophysical_model342.nd,nd,UNK,,,1031.762,60.0,900.0,188.29999999999995,1031.762,60.0,1130.583,32.94100000000003,1492.929,82.35100000000011,1674.28,60.0,0.3772203536341734,0.673508523161871,0.5747457999859719,0.6227796463658266,0.32649147683812896,1
Geophysical_model35,/home/lyara/areswave/models/Geophysical_model35.nd,nd,UNK,,,1049.765,60.0,900.0,179.803,1049.765,60.0,1132.968,33.28099999999995,1499.059,83.202,1680.447,60.0,0.6090916326151756,0.557864331532832,0.5749400985602798,0.3909083673848243,0.442135668467168,1
Geophysical_model490,/home/lyara/areswave/models/Geophysical_model490.nd,nd,UNK,,,1096.615,60.0,900.0,187.39999999999998,1096.615,60.0,1145.769,32.769000000000005,1489.845,65.53899999999999,1671.177,60.0,0.5710466935274355,0.5782273178587318,0.5758337764149664,0.42895330647256447,0.4217726821412682,1
Geophysical_model405,/home/lyara/areswave/models/Geophysical_model405.nd,nd,UNK,,,1047.083,60.0,900.0,186.64499999999998,1047.083,60.0,1145.138,32.684999999999945,1488.33,65.36999999999989,1669.654,60.0,0.4220462701038271,0.6588616986839027,0.5799232224905442,0.5779537298961729,0.3411383013160973,1
Geophysical_model452,/home/lyara/areswave/models/Geophysical_model452.nd,nd,UNK,,,1031.687,60.0,900.0,185.72000000000003,1031.687,60.0,1130.452,32.922000000000025,1492.591,82.30399999999986,1673.94,60.0,0.5834454306676505,0.5782493289498994,0.5799813628558165,0.41655456933234947,0.42175067105010056,1
CD_model75,/home/lyara/areswave/models/CD_model75.nd,nd,UNK,,,,60.0,,60.0,,60.0,,60.0,,60.0,,60.0,0.5942949425436967,0.57822217290362,0.5835797627836455,0.40570505745630325,0.42177782709638,1
AK_model_68,/home/lyara/areswave/models/AK_model_68.nd,nd,UNK,,,1018.739,60.0,892.89,25.16999999999996,1018.739,60.0,1220.098,125.85000000000014,1396.287,50.33899999999994,1678.891,60.0,0.5182602426896079,0.6186204101570407,0.5851670210012297,0.4817397573103921,0.38137958984295933,1
Geophysical_model458,/home/lyara/areswave/models/Geophysical_model458.nd,nd,UNK,,,1031.442,60.0,900.0,189.44299999999998,1031.442,60.0,1130.023,32.8599999999999,1491.488,82.15100000000007,1672.831,60.0,0.4988303819785592,0.629063253850634,0.5856522965599424,0.5011696180214408,0.37093674614936606,1
MD_model39,/home/lyara/areswave/models/MD_model39.nd,nd,UNK,,,991.477,60.0,715.811,190.846,991.477,60.0,1298.951,31.807999999999993,1362.566,63.61500000000001,1602.381,60.0,0.6458373512163983,0.5578751407662479,0.5871958775829648,0.3541626487836017,0.44212485923375217,1
CD_model1,/home/lyara/areswave/models/CD_model1.nd,nd,UNK,,,,60.0,,60.0,,60.0,,60.0,,60.0,,60.0,0.5705654906092116,0.5987303229835692,0.58934204552545,0.4294345093907884,0.40126967701643085,1
CD_model64,/home/lyara/areswave/models/CD_model64.nd,nd,UNK,,,,60.0,,60.0,,60.0,,60.0,,60.0,,60.0,0.5705654906092116,0.5987303229835692,0.58934204552545,0.4294345093907884,0.40126967701643085,1
MD_model89,/home/lyara/areswave/models/MD_model89.nd,nd,UNK,,,984.933,60.0,781.659,192.57500000000005,984.933,60.0,1273.795,32.096000000000004,1327.288,74.88999999999987,1611.235,60.0,0.7405461573052585,0.5178530546588899,0.592084088874346,0.2594538426947414,0.48214694534111013,1
Geophysical_model17,/home/lyara/areswave/models/Geophysical_model17.nd,nd,UNK,,,1016.434,60.0,877.32,181.44000000000005,1016.434,60.0,1132.867,33.26700000000005,1498.801,83.16699999999992,1680.187,60.0,0.6419130467783446,0.5674572332314725,0.5922758377470965,0.3580869532216554,0.4325427667685275,1
Geophysical_model169,/home/lyara/areswave/models/Geophysical_model169.nd,nd,UNK,,,1016.434,60.0,877.32,181.44000000000005,1016.434,60.0,1132.867,33.26700000000005,1498.801,83.16699999999992,1680.187,60.0,0.6419130467783446,0.5674572332314725,0.5922758377470965,0.3580869532216554,0.4325427667685275,1
Geophysical_model108,/home/lyara/areswave/models/Geophysical_model108.nd,nd,UNK,,,999.816,60.0,900.0,195.837,999.816,60.0,1116.267,16.635999999999967,1498.893,99.81500000000005,1680.28,60.0,0.4743582514086405,0.6519738983423287,0.592768682697766,0.5256417485913595,0.3480261016576714,1
Geophysical_model355,/home/lyara/areswave/models/Geophysical_model355.nd,nd,UNK,,,1063.846,60.0,900.0,187.63800000000003,1063.846,60.0,1145.769,32.769000000000005,1489.845,65.53899999999999,1671.177,60.0,0.4998885438880063,0.6407341448756055,0.5937856112130725,0.5001114561119937,0.35926585512439446,1
Geophysical_model310,/home/lyara/areswave/models/Geophysical_model310.nd,nd,UNK,,,1016.326,60.0,878.266,195.60199999999998,1016.326,60.0,1132.652,33.235999999999876,1498.248,99.70800000000008,1679.631,60.0,0.4173892595973514,0.6823615766875266,0.5940374709908015,0.5826107404026486,0.31763842331247344,1
Geophysical_model812,/home/lyara/areswave/models/Geophysical_model812.nd,nd,UNK,,,916.648,60.0,900.0,180.024,916.648,60.0,1116.419,16.64799999999991,1499.315,99.88499999999999,1680.704,60.0,0.6893272612527384,0.5471391048928465,0.5945351570128105,0.31067273874726165,0.4528608951071535,1
Geophysical_model456,/home/lyara/areswave/models/Geophysical_model456.nd,nd,UNK,,,1016.299,60.0,877.225,182.20000000000005,1016.299,60.0,1132.599,33.228000000000065,1498.111,99.68500000000017,1679.493,60.0,0.3970849509399035,0.6982469500825955,0.5978596170350315,0.6029150490600965,0.3017530499174045,1
Geophysical_model99,/home/lyara/areswave/models/Geophysical_model99.nd,nd,UNK,,,1032.538,60.0,900.0,187.97199999999998,1032.538,60.0,1131.941,33.13499999999999,1496.421,82.83600000000001,1677.792,60.0,0.5799660029108278,0.6071681133980243,0.5981007432356255,0.4200339970891723,0.39283188660197566,1
Geophysical_model161,/home/lyara/areswave/models/Geophysical_model161.nd,nd,UNK,,,1032.538,60.0,900.0,187.97199999999998,1032.538,60.0,1131.941,33.13499999999999,1496.421,82.83600000000001,1677.792,60.0,0.5799660029108278,0.6071681133980243,0.5981007432356255,0.4200339970891723,0.39283188660197566,1
Geophysical_model14,/home/lyara/areswave/models/Geophysical_model14.nd,nd,UNK,,,1032.538,60.0,900.0,187.97199999999998,1032.538,60.0,1131.941,33.13499999999999,1496.421,82.83600000000001,1677.792,60.0,0.5799660029108278,0.6071681133980243,0.5981007432356255,0.4200339970891723,0.39283188660197566,1
CD_model30,/home/lyara/areswave/models/CD_model30.nd,nd,UNK,,,,60.0,,60.0,,60.0,,60.0,,60.0,,60.0,0.3614927710162642,0.7172299712586592,0.5986509045111942,0.6385072289837358,0.2827700287413409,1
CD_model43,/home/lyara/areswave/models/CD_model43.nd,nd,UNK,,,,60.0,,60.0,,60.0,,60.0,,60.0,,60.0,0.3614927710162642,0.7172299712586592,0.5986509045111942,0.6385072289837358,0.2827700287413409,1
AK_model_58,/home/lyara/areswave/models/AK_model_58.nd,nd,UNK,,,1013.144,60.0,839.363,24.825999999999908,1013.144,60.0,1162.1,124.12999999999988,1385.533,49.651999999999816,1666.989,60.0,0.36563846803635136,0.7154553537330298,0.5988497251674704,0.6343615319636486,0.2845446462669702,1
Geophysical_model995,/home/lyara/areswave/models/Geophysical_model995.nd,nd,UNK,,,950.91,60.0,900.0,199.279,950.91,60.0,1137.578,33.940000000000055,1493.945,84.84899999999993,1692.373,60.0,0.38523817640019575,0.7059308822604982,0.5990333136403974,0.6147618235998042,0.2940691177395019,1
Geophysical_model110,/home/lyara/areswave/models/Geophysical_model110.nd,nd,UNK,,,1032.978,60.0,900.0,189.19899999999996,1032.978,60.0,1132.711,33.24400000000014,1498.399,83.11099999999988,1679.782,60.0,0.5270984444658255,0.6419386291405262,0.6036585675822926,0.4729015555341744,0.3580613708594738,1
Geophysical_model274,/home/lyara/areswave/models/Geophysical_model274.nd,nd,UNK,,,1032.808,60.0,900.0,180.65800000000002,1032.808,60.0,1132.413,33.200999999999794,1481.034,83.00499999999988,1679.013,60.0,0.48060099602991446,0.6656793748455125,0.6039865819069798,0.5193990039700855,0.3343206251544875,1
Geophysical_model893,/home/lyara/areswave/models/Geophysical_model893.nd,nd,UNK,,,950.04,60.0,900.0,197.96500000000003,950.04,60.0,1133.518,33.36000000000013,1483.796,66.72000000000003,1681.871,60.0,0.4428620205362741,0.6847673881935705,0.6041322656411384,0.5571379794637259,0.31523261180642953,1
MD_model45,/home/lyara/areswave/models/MD_model45.nd,nd,UNK,,,966.263,60.0,741.442,194.164,966.263,60.0,1262.617,30.6579999999999,1334.151,51.096000000000004,1497.657,60.0,0.6063041862294536,0.6030906149618921,0.6041618053844126,0.39369581377054647,0.3969093850381079,1
AK_model_82,/home/lyara/areswave/models/AK_model_82.nd,nd,UNK,,,1066.874,60.0,841.141,25.081000000000017,1066.874,60.0,1292.606,50.162000000000035,1342.769,50.16300000000001,1675.283,60.0,0.46603348311041604,0.6742180007044087,0.6048231615064111,0.533966516889584,0.32578199929559126,1
MD_model59,/home/lyara/areswave/models/MD_model59.nd,nd,UNK,,,935.775,60.0,826.829,79.23300000000006,935.775,60.0,1262.612,69.33000000000015,1302.229,39.615999999999985,1470.6,61.90000000000009,0.4974955858172212,0.6652445293852587,0.6093282148625795,0.5025044141827788,0.33475547061474126,1
Geophysical_model87,/home/lyara/areswave/models/Geophysical_model87.nd,nd,UNK,,,1031.859,60.0,900.0,186.91999999999996,1031.859,60.0,1130.753,32.96399999999994,1476.882,82.41200000000003,1674.718,60.0,0.4237088310565815,0.7088996104799019,0.6138360173387951,0.5762911689434185,0.29110038952009804,1
Geophysical_model340,/home/lyara/areswave/models/Geophysical_model340.nd,nd,UNK,,,1001.133,60.0,861.553,192.23400000000004,1001.133,60.0,1119.121,33.71100000000001,1473.087,101.13300000000004,1688.231,60.0,0.3508565788040847,0.745852727067807,0.614187344313233,0.6491434211959153,0.25414727293219297,1
MD_model21,/home/lyara/areswave/models/MD_model21.nd,nd,UNK,,,1008.575,60.0,761.465,182.64600000000007,1008.575,60.0,1298.66,21.488000000000056,1373.867,75.20700000000011,1615.642,60.0,0.635928061372375,0.6056664057334568,0.6157536242797629,0.36407193862762494,0.39433359426654324,1
Geophysical_model868,/home/lyara/areswave/models/Geophysical_model868.nd,nd,UNK,,,949.989,60.0,900.0,186.74199999999996,949.989,60.0,1133.282,33.32600000000002,1483.205,83.31499999999983,1681.261,60.0,0.5224107780083007,0.6630212386405402,0.6161510850964603,0.47758922199169934,0.3369787613594598,1
MD_model66,/home/lyara/areswave/models/MD_model66.nd,nd,UNK,,,988.043,60.0,741.78,10.260999999999967,988.043,60.0,1131.696,30.7829999999999,1429.263,41.04300000000012,1581.866,60.0,0.6557844971849021,0.5978640416700784,0.6171708601750197,0.34421550281509794,0.4021359583299215,1
Geophysical_model56,/home/lyara/areswave/models/Geophysical_model56.nd,nd,UNK,,,1015.15,60.0,876.661,186.71299999999997,1015.15,60.0,1130.3,32.90100000000007,1475.751,82.25,1673.548,60.0,0.5046657140510663,0.6744764006218809,0.6178728384316093,0.4953342859489337,0.32552359937811914,1
MD_model75,/home/lyara/areswave/models/MD_model75.nd,nd,UNK,,,1024.463,60.0,849.461,10.294999999999959,1024.463,60.0,1240.642,51.471000000000004,1302.407,123.53100000000018,1508.292,60.6840000000002,0.7247717993784618,0.564880680172626,0.6181777199079046,0.2752282006215382,0.4351193198273739,1
Geophysical_model328,/home/lyara/areswave/models/Geophysical_model328.nd,nd,UNK,,,1001.288,60.0,861.171,194.14300000000003,1001.288,60.0,1119.457,33.76299999999992,1490.847,101.28800000000001,1689.167,60.0,0.37470180687563215,0.7419197928154792,0.6195137975021968,0.6252981931243679,0.25808020718452085,1
Geophysical_model336,/home/lyara/areswave/models/Geophysical_model336.nd,nd,UNK,,,1001.288,60.0,861.171,194.14300000000003,1001.288,60.0,1119.457,33.76299999999992,1490.847,101.28800000000001,1689.167,60.0,0.37470180687563215,0.7419197928154792,0.6195137975021968,0.6252981931243679,0.25808020718452085,1
AK_model_59,/home/lyara/areswave/models/AK_model_59.nd,nd,UNK,,,1013.735,60.0,839.485,24.89199999999994,1013.735,60.0,1163.093,124.46499999999992,1387.13,49.78599999999983,1668.845,60.0,0.5595179969538101,0.6639558557842382,0.6291432361740955,0.4404820030461899,0.33604414421576173,1
Geophysical_model295,/home/lyara/areswave/models/Geophysical_model295.nd,nd,UNK,,,1032.872,60.0,900.0,181.34699999999998,1032.872,60.0,1132.525,33.2170000000001,1497.923,83.04500000000007,1679.303,60.0,0.5643172140074821,0.6631204430044146,0.6301860333387704,0.4356827859925178,0.3368795569955853,1
Geophysical_model262,/home/lyara/areswave/models/Geophysical_model262.nd,nd,UNK,,,1032.872,60.0,900.0,181.34699999999998,1032.872,60.0,1132.525,33.2170000000001,1497.923,83.04500000000007,1679.303,60.0,0.5643172140074821,0.6631204430044146,0.6301860333387704,0.4356827859925178,0.3368795569955853,1
Geophysical_model438,/home/lyara/areswave/models/Geophysical_model438.nd,nd,UNK,,,1033.261,60.0,900.0,181.95600000000002,1033.261,60.0,1133.207,33.315000000000055,1499.676,83.28800000000001,1681.067,60.0,0.6087301046463827,0.6476036238340008,0.6346457841047948,0.3912698953536173,0.35239637616599917,1
CD_model23,/home/lyara/areswave/models/CD_model23.nd,nd,UNK,,,,60.0,,60.0,,60.0,,60.0,,60.0,,60.0,0.4918194049860821,0.7083163568093291,0.6361507062015801,0.5081805950139179,0.2916836431906709,1
Geophysical_model337,/home/lyara/areswave/models/Geophysical_model337.nd,nd,UNK,,,967.872,60.0,900.0,180.90700000000004,967.872,60.0,1120.585,33.937000000000126,1459.948,101.80899999999997,1692.31,60.0,0.550222037039815,0.6800921653437728,0.6368021225757868,0.449777962960185,0.31990783465622713,1
Geophysical_model431,/home/lyara/areswave/models/Geophysical_model431.nd,nd,UNK,,,999.807,60.0,900.0,191.389,999.807,60.0,1116.249,16.634000000000015,1465.574,99.80700000000002,1680.229,60.0,0.40367221353491534,0.7573961269741756,0.6394881558277555,0.5963277864650847,0.24260387302582437,1
Geophysical_model477,/home/lyara/areswave/models/Geophysical_model477.nd,nd,UNK,,,1016.377,60.0,900.0,198.78300000000002,1016.377,60.0,1132.755,33.251000000000204,1465.261,99.75199999999995,1679.896,60.0,0.49290921035058655,0.7247075633171904,0.6474414456616558,0.5070907896494135,0.27529243668280956,1
Geophysical_model334,/home/lyara/areswave/models/Geophysical_model334.nd,nd,UNK,,,1016.377,60.0,900.0,198.78300000000002,1016.377,60.0,1132.755,33.251000000000204,1465.261,99.75199999999995,1679.896,60.0,0.49290921035058655,0.7247075633171904,0.6474414456616558,0.5070907896494135,0.27529243668280956,1
MD_model60,/home/lyara/areswave/models/MD_model60.nd,nd,UNK,,,1089.018,60.0,853.974,190.274,1089.018,60.0,1122.596,11.192999999999984,1357.641,89.54099999999994,1672.31,60.0,0.517878289774975,0.7124136261305775,0.6475685140120433,0.482121710225025,0.28758637386942254,1
Geophysical_model182,/home/lyara/areswave/models/Geophysical_model182.nd,nd,UNK,,,1099.994,60.0,900.0,180.69000000000005,1099.994,60.0,1116.66,16.66599999999994,1449.983,99.99699999999984,1681.374,60.0,0.338059637025369,0.8047947318616064,0.649216366916194,0.661940362974631,0.19520526813839362,1
Geophysical_model746,/home/lyara/areswave/models/Geophysical_model746.nd,nd,UNK,,,966.806,60.0,900.0,177.86599999999999,966.806,60.0,1133.823,33.40299999999979,1484.557,66.80700000000002,1682.659,60.0,0.592773295205776,0.6813663701267294,0.6518353451530783,0.407226704794224,0.31863362987327054,1
MD_model81,/home/lyara/areswave/models/MD_model81.nd,nd,UNK,,,935.619,60.0,731.217,182.88599999999997,935.619,60.0,1290.631,53.79000000000019,1301.389,60.0,1629.021,60.0,0.678376156458581,0.6420363068932797,0.6541495900817135,0.32162384354141904,0.3579636931067203,1
MD_model20,/home/lyara/areswave/models/MD_model20.nd,nd,UNK,,,1028.07,60.0,756.946,192.04600000000005,1028.07,60.0,1299.193,22.593000000000075,1366.974,79.07799999999997,1694.594,60.0,0.5984098053451787,0.6943126039846412,0.6623450044381537,0.4015901946548212,0.30568739601535877,1
MD_model86,/home/lyara/areswave/models/MD_model86.nd,nd,UNK,,,1096.037,60.0,822.973,196.606,1096.037,60.0,1128.805,10.923000000000002,1358.179,98.30299999999988,1635.11,60.0,0.7755029978458544,0.624567922672595,0.6748796143970148,0.22449700215414561,0.375432077327405,1
MD_model47,/home/lyara/areswave/models/MD_model47.nd,nd,UNK,,,962.295,60.0,707.928,185.88300000000004,962.295,60.0,1294.928,39.13300000000004,1343.845,48.91599999999994,1504.511,251.3320000000001,0.6778515610668825,0.6976415600988616,0.6910448937548685,0.32214843893311745,0.3023584399011384,1
Geophysical_model351,/home/lyara/areswave/models/Geophysical_model351.nd,nd,UNK,,,916.856,60.0,900.0,181.22000000000003,916.856,60.0,1102.271,16.855999999999995,1439.389,101.13499999999999,1688.246,60.0,0.5402519804843682,0.779906827728917,0.7000218786474006,0.4597480195156319,0.220093172271083,1
Geophysical_model348,/home/lyara/areswave/models/Geophysical_model348.nd,nd,UNK,,,1032.872,60.0,877.308,181.53499999999997,1032.872,60.0,1132.525,33.2170000000001,1481.314,83.04500000000007,1679.303,60.0,0.6269545201566287,0.7407942385021679,0.7028476657203214,0.37304547984337133,0.25920576149783214,1
Geophysical_model947,/home/lyara/areswave/models/Geophysical_model947.nd,nd,UNK,,,966.806,60.0,900.0,177.404,966.806,60.0,1133.823,33.40299999999979,1484.557,66.80700000000002,1682.659,60.0,0.5533736780282672,0.8061481626812086,0.7218900011302282,0.44662632197173285,0.19385183731879138,1
MD_model6,/home/lyara/areswave/models/MD_model6.nd,nd,UNK,,,984.528,60.0,728.132,10.255999999999972,984.528,60.0,1107.599,184.60500000000002,1384.507,102.5590000000002,1507.577,60.0,0.6212203483685435,0.7900013921440774,0.7337410442188994,0.3787796516314566,0.20999860785592256,1
AK_model_8,/home/lyara/areswave/models/AK_model_8.nd,nd,UNK,,,1058.295,60.0,876.798,25.927999999999997,1058.295,60.0,1291.649,77.78499999999985,1317.577,25.92800000000011,1682.257,60.0,0.7725910049144651,0.7427576060475042,0.7527020723364911,0.22740899508553486,0.2572423939524958,1
