model_id,source_path,source_format,composition,tpot_K,adiabat_K_km,d_main_km,w_main_km,d_800_km,w_800_km,d_1000_km,w_1000_km,d_1200_km,w_1200_km,d_1400_km,w_1400_km,d_1600_km,w_1600_km,mean_p_misfit,mean_s_misfit,total_misfit,mean_p_cc,mean_s_cc,used_events
Geophysical_model277,/home/lyara/areswave/models/Geophysical_model277.nd,nd,UNK,,,1099.994,60.0,900.0,181.19100000000003,1099.994,60.0,1116.66,16.66599999999994,1449.983,99.99699999999984,1681.374,60.0,0.3906100232206333,0.31694724318358325,0.34150150319593325,0.6093899767793667,0.6830527568164168,1
Geophysical_model410,/home/lyara/areswave/models/Geophysical_model410.nd,nd,UNK,,,1099.994,60.0,900.0,181.19100000000003,1099.994,60.0,1116.66,16.66599999999994,1449.983,99.99699999999984,1681.374,60.0,0.3906100232206333,0.31694724318358325,0.34150150319593325,0.6093899767793667,0.6830527568164168,1
Geophysical_model399,/home/lyara/areswave/models/Geophysical_model399.nd,nd,UNK,,,1098.226,60.0,900.0,179.57600000000002,1098.226,60.0,1114.745,16.519000000000005,1445.122,99.11300000000006,1676.04,60.0,0.41902940659193777,0.3338256303171423,0.36222688907540745,0.5809705934080622,0.6661743696828577,1
Geophysical_model900,/home/lyara/areswave/models/Geophysical_model900.nd,nd,UNK,,,916.728,60.0,875.978,192.17600000000004,916.728,60.0,1117.467,33.455999999999904,1485.488,83.64100000000008,1683.622,60.0,0.37149557670370137,0.37475470081932394,0.37366832611411643,0.6285044232962986,0.6252452991806761,1
AK_model_16,/home/lyara/areswave/models/AK_model_16.nd,nd,UNK,,,1032.613,60.0,811.315,24.588999999999942,1032.613,60.0,1278.5,73.76600000000008,1303.088,24.588999999999942,1680.441,60.0,0.3994004610005285,0.36179628520250684,0.3743310104685141,0.6005995389994715,0.6382037147974932,1
Geophysical_model518,/home/lyara/areswave/models/Geophysical_model518.nd,nd,UNK,,,950.781,60.0,900.0,184.07600000000002,950.781,60.0,1136.977,33.85400000000004,1492.442,67.70700000000011,1690.818,60.0,0.34714769037954063,0.38803964607483665,0.3744089941764046,0.6528523096204594,0.6119603539251633,1
Geophysical_model9,/home/lyara/areswave/models/Geophysical_model9.nd,nd,UNK,,,949.517,60.0,900.0,192.452,949.517,60.0,1114.574,16.505999999999858,1444.688,115.53999999999996,1675.563,60.0,0.3848939501688212,0.3752616314785272,0.37847240437529184,0.6151060498311788,0.6247383685214728,1
AK_model_19,/home/lyara/areswave/models/AK_model_19.nd,nd,UNK,,,1045.493,60.0,811.971,25.947000000000003,1045.493,60.0,1279.016,25.947000000000116,1330.909,51.89300000000003,1670.7,60.0,0.4378072838393555,0.35191588676082464,0.3805463524536683,0.5621927161606445,0.6480841132391754,1
Geophysical_model428,/home/lyara/areswave/models/Geophysical_model428.nd,nd,UNK,,,966.066,60.0,900.0,192.77999999999997,966.066,60.0,1114.715,16.516000000000076,1461.562,99.09899999999993,1675.956,60.0,0.492035507262812,0.3322547685560756,0.3855150147916544,0.507964492737188,0.6677452314439244,1
AK_model_67,/home/lyara/areswave/models/AK_model_67.nd,nd,UNK,,,1034.55,60.0,885.984,24.75999999999999,1034.55,60.0,1158.354,99.04399999999987,1381.202,99.04299999999989,1662.605,60.0,0.3596586942286172,0.40122337665274166,0.3873684825113668,0.6403413057713828,0.5987766233472583,1
Geophysical_model862,/home/lyara/areswave/models/Geophysical_model862.nd,nd,UNK,,,916.702,60.0,877.518,179.85699999999997,916.702,60.0,1117.126,33.403999999999996,1484.569,83.50999999999999,1682.671,60.0,0.32247739434292233,0.4393515833769315,0.4003935203655951,0.6775226056570777,0.5606484166230685,1
Geophysical_model97,/home/lyara/areswave/models/Geophysical_model97.nd,nd,UNK,,,983.19,60.0,878.419,194.22500000000002,983.19,60.0,1116.294,16.63799999999992,1465.692,116.46600000000012,1680.354,60.0,0.46430206739873214,0.37026339471917835,0.4016096189456963,0.5356979326012679,0.6297366052808216,1
Geophysical_model618,/home/lyara/areswave/models/Geophysical_model618.nd,nd,UNK,,,933.862,60.0,900.0,186.58500000000004,933.862,60.0,1120.105,33.86200000000008,1492.59,84.65599999999995,1690.97,60.0,0.4312587932314812,0.3924127673208576,0.4053614426243988,0.5687412067685188,0.6075872326791424,1
MD_model21,/home/lyara/areswave/models/MD_model21.nd,nd,UNK,,,1008.575,60.0,761.465,182.64600000000007,1008.575,60.0,1298.66,21.488000000000056,1373.867,75.20700000000011,1615.642,60.0,0.505704752553293,0.35657736736424794,0.4062864957605963,0.49429524744670705,0.6434226326357521,1
Geophysical_model286,/home/lyara/areswave/models/Geophysical_model286.nd,nd,UNK,,,949.973,60.0,900.0,197.89099999999996,949.973,60.0,1116.548,16.656999999999925,1449.698,99.94499999999994,1681.061,60.0,0.47629924479456254,0.3740920740929685,0.4081611309934998,0.5237007552054375,0.6259079259070315,1
Geophysical_model812,/home/lyara/areswave/models/Geophysical_model812.nd,nd,UNK,,,916.648,60.0,900.0,180.024,916.648,60.0,1116.419,16.64799999999991,1499.315,99.88499999999999,1680.704,60.0,0.3711296248257714,0.4266868251132665,0.40816775835076813,0.6288703751742286,0.5733131748867335,1
Geophysical_model339,/home/lyara/areswave/models/Geophysical_model339.nd,nd,UNK,,,949.973,60.0,900.0,195.96500000000003,949.973,60.0,1116.548,16.656999999999925,1449.698,116.60299999999984,1681.061,60.0,0.5011380060574779,0.36640019810318425,0.41131280075461546,0.498861993942522,0.6335998018968158,1
Geophysical_model499,/home/lyara/areswave/models/Geophysical_model499.nd,nd,UNK,,,949.973,60.0,900.0,195.96500000000003,949.973,60.0,1116.548,16.656999999999925,1449.698,116.60299999999984,1681.061,60.0,0.5011380060574779,0.36640019810318425,0.41131280075461546,0.498861993942522,0.6335998018968158,1
MD_model51,/home/lyara/areswave/models/MD_model51.nd,nd,UNK,,,983.045,60.0,717.402,191.26300000000003,983.045,60.0,1291.191,31.87799999999993,1354.945,74.37999999999988,1605.669,60.0,0.45054956008589087,0.39568919620216003,0.41397598416340364,0.5494504399141091,0.60431080379784,1
Geophysical_model3,/home/lyara/areswave/models/Geophysical_model3.nd,nd,UNK,,,1098.645,60.0,900.0,180.72500000000002,1098.645,60.0,1115.199,16.55399999999986,1429.721,99.32199999999989,1677.304,60.0,0.46530118835040246,0.3896038524333898,0.4148362977390607,0.5346988116495975,0.6103961475666102,1
Geophysical_model690,/home/lyara/areswave/models/Geophysical_model690.nd,nd,UNK,,,900.0,60.0,900.0,179.96799999999996,900.0,60.0,1118.266,33.57899999999995,1470.849,100.73799999999983,1685.847,60.0,0.37981431308143043,0.4355964264888217,0.4170023886863579,0.6201856869185696,0.5644035735111783,1
Geophysical_model489,/home/lyara/areswave/models/Geophysical_model489.nd,nd,UNK,,,967.872,60.0,900.0,180.37699999999995,967.872,60.0,1120.585,33.937000000000126,1459.948,101.80899999999997,1692.31,60.0,0.38472273453830874,0.4347097412262515,0.41804740566360393,0.6152772654616913,0.5652902587737485,1
MD_model81,/home/lyara/areswave/models/MD_model81.nd,nd,UNK,,,935.619,60.0,731.217,182.88599999999997,935.619,60.0,1290.631,53.79000000000019,1301.389,60.0,1629.021,60.0,0.41575124624914983,0.4193493257134254,0.41814996589200026,0.5842487537508502,0.5806506742865746,1
AK_model_13,/home/lyara/areswave/models/AK_model_13.nd,nd,UNK,,,1077.549,60.0,882.305,24.404999999999973,1077.549,60.0,1297.199,73.2170000000001,1321.604,24.40599999999995,1673.271,60.0,0.4294284958822372,0.41378963649939093,0.41900258962700637,0.5705715041177628,0.5862103635006091,1
Geophysical_model627,/home/lyara/areswave/models/Geophysical_model627.nd,nd,UNK,,,950.721,60.0,900.0,183.97400000000005,950.721,60.0,1119.792,33.81400000000008,1491.747,67.62800000000016,1690.099,60.0,0.43534239340319125,0.4142385889030865,0.42127319040312144,0.5646576065968087,0.5857614110969135,1
Geophysical_model699,/home/lyara/areswave/models/Geophysical_model699.nd,nd,UNK,,,900.0,60.0,900.0,179.615,900.0,60.0,1118.724,33.65000000000009,1488.873,100.94900000000007,1687.125,60.0,0.37675952864553264,0.4441141230814699,0.4216625916028242,0.6232404713544674,0.5558858769185301,1
Geophysical_model991,/home/lyara/areswave/models/Geophysical_model991.nd,nd,UNK,,,933.856,60.0,900.0,186.07299999999998,933.856,60.0,1120.061,33.855999999999995,1492.472,84.6389999999999,1690.849,60.0,0.460919714842426,0.4064105589220439,0.42458027756217126,0.539080285157574,0.5935894410779561,1
Geophysical_model673,/home/lyara/areswave/models/Geophysical_model673.nd,nd,UNK,,,900.0,60.0,900.0,180.98900000000003,900.0,60.0,1118.976,33.68899999999985,1489.55,101.06600000000003,1687.825,60.0,0.4649614061963019,0.4067863375749091,0.4261780271153734,0.5350385938036981,0.5932136624250909,1
Geophysical_model303,/home/lyara/areswave/models/Geophysical_model303.nd,nd,UNK,,,949.55,60.0,900.0,192.86199999999997,949.55,60.0,1114.715,16.516000000000076,1461.562,99.09899999999993,1675.956,60.0,0.41983849859030686,0.43243222641626133,0.42823431714094323,0.5801615014096931,0.5675677735837387,1
Geophysical_model66,/home/lyara/areswave/models/Geophysical_model66.nd,nd,UNK,,,983.237,60.0,879.302,186.28300000000002,983.237,60.0,1116.417,16.64800000000014,1466.015,99.88400000000001,1680.698,60.0,0.48517063862820853,0.40016050310910756,0.42849721494880794,0.5148293613717915,0.5998394968908924,1
CD_model100,/home/lyara/areswave/models/CD_model100.nd,nd,UNK,,,,60.0,,60.0,,60.0,,60.0,,60.0,,60.0,0.417122160865394,0.43463893107020224,0.42880000766859955,0.582877839134606,0.5653610689297978,1
Geophysical_model105,/home/lyara/areswave/models/Geophysical_model105.nd,nd,UNK,,,1001.023,60.0,876.565,187.47699999999998,1001.023,60.0,1118.883,33.674999999999955,1489.302,101.02399999999989,1687.568,60.0,0.45935310504503846,0.41692030740813546,0.43106457328710307,0.5406468949549615,0.5830796925918645,1
Geophysical_model995,/home/lyara/areswave/models/Geophysical_model995.nd,nd,UNK,,,950.91,60.0,900.0,199.279,950.91,60.0,1137.578,33.940000000000055,1493.945,84.84899999999993,1692.373,60.0,0.5584040595740456,0.36819571106952764,0.43159849390436694,0.44159594042595435,0.6318042889304724,1
Geophysical_model355,/home/lyara/areswave/models/Geophysical_model355.nd,nd,UNK,,,1063.846,60.0,900.0,187.63800000000003,1063.846,60.0,1145.769,32.769000000000005,1489.845,65.53899999999999,1671.177,60.0,0.42726192804272833,0.4340633125464356,0.4317961843785332,0.5727380719572717,0.5659366874535644,1
Geophysical_model465,/home/lyara/areswave/models/Geophysical_model465.nd,nd,UNK,,,982.905,60.0,859.324,183.043,982.905,60.0,1115.552,16.58100000000013,1463.752,116.06700000000001,1678.288,60.0,0.3673079620956984,0.4641588467104113,0.431875218505507,0.6326920379043016,0.5358411532895887,1
CD_model27,/home/lyara/areswave/models/CD_model27.nd,nd,UNK,,,,60.0,,60.0,,60.0,,60.0,,60.0,,60.0,0.38290150371410914,0.4582827973558601,0.4331556994752764,0.6170984962858909,0.5417172026441399,1
Geophysical_model667,/home/lyara/areswave/models/Geophysical_model667.nd,nd,UNK,,,900.0,60.0,900.0,21.341999999999985,900.0,60.0,1100.223,33.371000000000095,1483.984,100.11099999999988,1682.066,60.0,0.40828567143462824,0.44559134878892537,0.4331561230041596,0.5917143285653718,0.5544086512110746,1
Geophysical_model79,/home/lyara/areswave/models/Geophysical_model79.nd,nd,UNK,,,982.905,60.0,879.721,182.515,982.905,60.0,1115.552,16.58100000000013,1463.752,116.06700000000001,1678.288,60.0,0.4069273406199838,0.4465058496973151,0.43331301333820466,0.5930726593800162,0.5534941503026849,1
Geophysical_model361,/home/lyara/areswave/models/Geophysical_model361.nd,nd,UNK,,,1047.698,60.0,900.0,190.28200000000004,1047.698,60.0,1146.164,32.82199999999989,1490.792,82.05399999999986,1672.131,60.0,0.3790694099637091,0.46048339878748823,0.43334540251289516,0.6209305900362909,0.5395166012125118,1
Geophysical_model969,/home/lyara/areswave/models/Geophysical_model969.nd,nd,UNK,,,900.0,60.0,900.0,180.861,900.0,60.0,1106.104,17.174999999999955,1483.961,103.05199999999991,1699.813,60.0,0.4913332910579188,0.407011034589161,0.4351184534120803,0.5086667089420812,0.592988965410839,1
Geophysical_model415,/home/lyara/areswave/models/Geophysical_model415.nd,nd,UNK,,,949.68,60.0,900.0,189.93600000000004,949.68,60.0,1115.279,16.559999999999945,1463.038,99.3599999999999,1677.528,60.0,0.5386745245591644,0.38878865754402825,0.4387506132157403,0.4613254754408355,0.6112113424559718,1
Geophysical_model213,/home/lyara/areswave/models/Geophysical_model213.nd,nd,UNK,,,949.973,60.0,900.0,193.77599999999995,949.973,60.0,1116.548,16.656999999999925,1449.698,99.94499999999994,1681.061,60.0,0.38558716680847616,0.4656686496003325,0.4389748220030471,0.6144128331915238,0.5343313503996675,1
Geophysical_model113,/home/lyara/areswave/models/Geophysical_model113.nd,nd,UNK,,,949.973,60.0,900.0,193.77599999999995,949.973,60.0,1116.548,16.656999999999925,1449.698,99.94499999999994,1681.061,60.0,0.38558716680847616,0.4656686496003325,0.4389748220030471,0.6144128331915238,0.5343313503996675,1
Geophysical_model408,/home/lyara/areswave/models/Geophysical_model408.nd,nd,UNK,,,949.973,60.0,900.0,193.77599999999995,949.973,60.0,1116.548,16.656999999999925,1449.698,99.94499999999994,1681.061,60.0,0.38558716680847616,0.4656686496003325,0.4389748220030471,0.6144128331915238,0.5343313503996675,1
Geophysical_model80,/home/lyara/areswave/models/Geophysical_model80.nd,nd,UNK,,,1016.377,60.0,900.0,199.21400000000006,1016.377,60.0,1132.755,33.251000000000204,1498.512,99.75199999999995,1679.896,60.0,0.4187879239233412,0.45081607649938404,0.4401400256407031,0.5812120760766588,0.549183923500616,1
Geophysical_model357,/home/lyara/areswave/models/Geophysical_model357.nd,nd,UNK,,,949.68,60.0,900.0,188.74300000000005,949.68,60.0,1115.279,16.559999999999945,1446.478,99.3599999999999,1677.528,60.0,0.528947380260985,0.39650170615621927,0.44065026419114117,0.471052619739015,0.6034982938437807,1
Geophysical_model569,/home/lyara/areswave/models/Geophysical_model569.nd,nd,UNK,,,916.707,60.0,875.814,193.485,916.707,60.0,1117.197,33.414999999999964,1484.761,83.53800000000001,1682.87,60.0,0.38515862508666854,0.47239856758186016,0.44331858675012964,0.6148413749133315,0.5276014324181398,1
Geophysical_model780,/home/lyara/areswave/models/Geophysical_model780.nd,nd,UNK,,,916.707,60.0,875.814,193.485,916.707,60.0,1117.197,33.414999999999964,1484.761,83.53800000000001,1682.87,60.0,0.38515862508666854,0.47239856758186016,0.44331858675012964,0.6148413749133315,0.5276014324181398,1
Geophysical_model106,/home/lyara/areswave/models/Geophysical_model106.nd,nd,UNK,,,966.673,60.0,900.0,186.183,966.673,60.0,1116.688,33.33600000000001,1483.391,100.00999999999999,1681.453,60.0,0.4790529697886051,0.426346723065845,0.4439154719734317,0.5209470302113949,0.573653276934155,1
Geophysical_model226,/home/lyara/areswave/models/Geophysical_model226.nd,nd,UNK,,,1096.615,60.0,900.0,186.49900000000002,1096.615,60.0,1145.769,32.769000000000005,1489.845,65.53899999999999,1671.177,60.0,0.36340899652583303,0.48504151280410135,0.4444973407113452,0.636591003474167,0.5149584871958987,1
MD_model64,/home/lyara/areswave/models/MD_model64.nd,nd,UNK,,,1026.644,60.0,732.299,185.32799999999997,1026.644,60.0,1299.185,10.902000000000044,1342.791,76.3119999999999,1640.914,60.0,0.4558174960952883,0.4409071939530498,0.4458772946671293,0.5441825039047117,0.5590928060469502,1
Geophysical_model109,/home/lyara/areswave/models/Geophysical_model109.nd,nd,UNK,,,983.19,60.0,900.0,192.45299999999997,983.19,60.0,1116.294,16.63799999999992,1465.692,116.46600000000012,1680.354,60.0,0.5172286387827043,0.41042503876666125,0.4460262387720089,0.4827713612172957,0.5895749612333387,1
Geophysical_model971,/home/lyara/areswave/models/Geophysical_model971.nd,nd,UNK,,,1099.979,60.0,900.0,22.013000000000034,1099.979,60.0,1116.644,16.664999999999964,1466.608,116.6550000000002,1681.33,60.0,0.6167784562861811,0.36112684853310606,0.4463440511174644,0.3832215437138189,0.6388731514668939,1
Geophysical_model519,/home/lyara/areswave/models/Geophysical_model519.nd,nd,UNK,,,917.024,60.0,877.908,198.82600000000002,917.024,60.0,1121.318,34.04899999999998,1495.857,102.14699999999993,1694.351,60.0,0.5141214327641361,0.41296411167019165,0.44668321870150646,0.4858785672358638,0.5870358883298084,1
Geophysical_model890,/home/lyara/areswave/models/Geophysical_model890.nd,nd,UNK,,,917.024,60.0,877.908,198.82600000000002,917.024,60.0,1121.318,34.04899999999998,1495.857,102.14699999999993,1694.351,60.0,0.5141214327641361,0.41296411167019165,0.44668321870150646,0.4858785672358638,0.5870358883298084,1
Geophysical_model955,/home/lyara/areswave/models/Geophysical_model955.nd,nd,UNK,,,949.954,60.0,900.0,178.87599999999998,949.954,60.0,1133.117,33.30300000000011,1482.794,83.25599999999986,1680.834,60.0,0.46668598295931063,0.43738794702339,0.4471539590020302,0.5333140170406894,0.56261205297661,1
AK_model_79,/home/lyara/areswave/models/AK_model_79.nd,nd,UNK,,,1048.231,60.0,820.541,25.298999999999978,1048.231,60.0,1275.921,50.597999999999956,1326.519,50.597999999999956,1685.301,60.0,0.46446653319800835,0.43959430836895697,0.4478850499786408,0.5355334668019917,0.560405691631043,1
Geophysical_model700,/home/lyara/areswave/models/Geophysical_model700.nd,nd,UNK,,,916.847,60.0,879.958,180.37400000000002,916.847,60.0,1119.005,33.69300000000021,1489.628,84.23299999999995,1687.906,60.0,0.4543503160229825,0.4459082645932102,0.4487222817364676,0.5456496839770175,0.5540917354067898,1
Geophysical_model756,/home/lyara/areswave/models/Geophysical_model756.nd,nd,UNK,,,949.989,60.0,900.0,199.91499999999996,949.989,60.0,1116.619,16.66300000000001,1483.204,83.31500000000005,1681.259,60.0,0.42130747849283545,0.4629439330595233,0.44906511487062734,0.5786925215071645,0.5370560669404767,1
Geophysical_model581,/home/lyara/areswave/models/Geophysical_model581.nd,nd,UNK,,,916.965,60.0,900.0,195.10299999999995,916.965,60.0,1120.539,33.92899999999986,1493.758,84.82200000000012,1692.179,60.0,0.48286361077188544,0.43226686672556247,0.44913244807433683,0.5171363892281146,0.5677331332744375,1
Geophysical_model822,/home/lyara/areswave/models/Geophysical_model822.nd,nd,UNK,,,933.261,60.0,876.904,184.765,933.261,60.0,1116.199,16.630999999999858,1482.075,99.78399999999988,1680.091,60.0,0.5131364680969648,0.4171622536076679,0.44915365843743355,0.4868635319030352,0.5828377463923321,1
CD_model16,/home/lyara/areswave/models/CD_model16.nd,nd,UNK,,,,60.0,,60.0,,60.0,,60.0,,60.0,,60.0,0.487999119181488,0.4301690244644122,0.4494457227034374,0.512000880818512,0.5698309755355878,1
Geophysical_model279,/home/lyara/areswave/models/Geophysical_model279.nd,nd,UNK,,,966.81,60.0,900.0,178.02099999999996,966.81,60.0,1117.132,33.40499999999997,1484.587,100.21499999999992,1682.69,60.0,0.335425108687359,0.5064735501269453,0.44945740298041653,0.664574891312641,0.49352644987305466,1
Geophysical_model131,/home/lyara/areswave/models/Geophysical_model131.nd,nd,UNK,,,966.637,60.0,900.0,189.17499999999995,966.637,60.0,1116.57,16.660000000000082,1466.415,99.95600000000013,1681.124,60.0,0.5108736457679768,0.41893071281713234,0.4495783571340805,0.48912635423202316,0.5810692871828677,1
AK_model_85,/home/lyara/areswave/models/AK_model_85.nd,nd,UNK,,,1079.656,60.0,874.091,182.72400000000005,1079.656,60.0,1285.221,22.839999999999918,1376.584,91.36200000000008,1647.618,60.0,0.3511467391843357,0.5014082437943629,0.45132107559102047,0.6488532608156643,0.4985917562056371,1
CD_model97,/home/lyara/areswave/models/CD_model97.nd,nd,UNK,,,,60.0,,60.0,,60.0,,60.0,,60.0,,60.0,0.4271698904036384,0.4637818213233105,0.45157784435008647,0.5728301095963616,0.5362181786766895,1
Geophysical_model871,/home/lyara/areswave/models/Geophysical_model871.nd,nd,UNK,,,1099.979,60.0,900.0,21.956999999999994,1099.979,60.0,1116.644,16.664999999999964,1466.608,116.6550000000002,1681.33,60.0,0.3747274665076211,0.4902206455132272,0.45172291917802515,0.6252725334923789,0.5097793544867728,1
Geophysical_model732,/home/lyara/areswave/models/Geophysical_model732.nd,nd,UNK,,,933.813,60.0,900.0,183.28999999999996,933.813,60.0,1119.783,33.8130000000001,1491.724,84.53199999999993,1690.075,60.0,0.5162220110377338,0.4196534507768699,0.4518429708638245,0.48377798896226615,0.5803465492231301,1
Geophysical_model600,/home/lyara/areswave/models/Geophysical_model600.nd,nd,UNK,,,1098.51,60.0,900.0,23.878000000000043,1098.51,60.0,1115.052,16.54300000000012,1462.444,99.25500000000011,1676.896,60.0,0.526083145942028,0.4151811944027791,0.4521485115825287,0.473916854057972,0.5848188055972209,1
Geophysical_model860,/home/lyara/areswave/models/Geophysical_model860.nd,nd,UNK,,,933.943,60.0,900.0,186.52700000000004,933.943,60.0,1120.631,33.942999999999984,1494.007,84.85800000000017,1692.437,60.0,0.590715385560143,0.3840422992313437,0.45293332800761016,0.40928461443985703,0.6159577007686563,1
Geophysical_model645,/home/lyara/areswave/models/Geophysical_model645.nd,nd,UNK,,,917.055,60.0,877.857,199.28700000000003,917.055,60.0,1121.71,34.108999999999924,1496.91,102.327,1695.441,60.0,0.7052968770312107,0.32832639987735124,0.4539832255953044,0.29470312296878937,0.6716736001226488,1
MD_model35,/home/lyara/areswave/models/MD_model35.nd,nd,UNK,,,1018.784,60.0,751.464,181.77800000000002,1018.784,60.0,1286.105,21.38499999999999,1360.954,74.84999999999991,1612.653,60.0,0.3428844785798645,0.5097584187438944,0.45413377202255106,0.6571155214201355,0.4902415812561056,1
Geophysical_model157,/home/lyara/areswave/models/Geophysical_model157.nd,nd,UNK,,,999.473,60.0,900.0,182.298,999.473,60.0,1115.525,16.57899999999995,1496.838,99.47299999999996,1678.212,60.0,0.6476668090492224,0.3578938197158552,0.45448481616031094,0.3523331909507777,0.6421061802841448,1
Geophysical_model219,/home/lyara/areswave/models/Geophysical_model219.nd,nd,UNK,,,999.473,60.0,900.0,182.298,999.473,60.0,1115.525,16.57899999999995,1496.838,99.47299999999996,1678.212,60.0,0.6476668090492224,0.3578938197158552,0.45448481616031094,0.3523331909507777,0.6421061802841448,1
Geophysical_model979,/home/lyara/areswave/models/Geophysical_model979.nd,nd,UNK,,,916.648,60.0,877.439,180.48900000000003,916.648,60.0,1116.419,16.64799999999991,1482.668,99.88499999999999,1680.704,60.0,0.42306693592688027,0.47093659037089997,0.4549800388895601,0.5769330640731197,0.5290634096291,1
AK_model_51,/home/lyara/areswave/models/AK_model_51.nd,nd,UNK,,,1018.843,60.0,822.06,24.59699999999998,1018.843,60.0,1289.418,122.9889999999998,1486.2,172.18399999999997,1667.832,60.0,0.545125163926186,0.4146404817375262,0.4581353758004128,0.454874836073814,0.5853595182624738,1
Geophysical_model695,/home/lyara/areswave/models/Geophysical_model695.nd,nd,UNK,,,900.0,60.0,857.316,192.07600000000002,900.0,60.0,1116.56,16.65800000000013,1466.387,116.60899999999992,1681.095,60.0,0.5164971173592389,0.43043217140644197,0.4591204867240409,0.48350288264076113,0.569567828593558,1
Geophysical_model850,/home/lyara/areswave/models/Geophysical_model850.nd,nd,UNK,,,950.127,60.0,900.0,199.68399999999997,950.127,60.0,1133.926,50.12699999999995,1484.815,66.83600000000001,1682.926,60.0,0.370564667531074,0.5073949467457873,0.46178485367421623,0.629435332468926,0.49260505325421267,1
Geophysical_model476,/home/lyara/areswave/models/Geophysical_model476.nd,nd,UNK,,,967.7,60.0,900.0,181.48800000000006,967.7,60.0,1120.025,33.850000000000136,1458.525,118.47499999999991,1690.748,60.0,0.4751093519788949,0.4554104166888997,0.4619767284522314,0.5248906480211051,0.5445895833111003,1
CD_model74,/home/lyara/areswave/models/CD_model74.nd,nd,UNK,,,,60.0,,60.0,,60.0,,60.0,,60.0,,60.0,0.3730596750123597,0.5067712622430154,0.4622007331661302,0.6269403249876403,0.49322873775698456,1
Geophysical_model508,/home/lyara/areswave/models/Geophysical_model508.nd,nd,UNK,,,1083.952,60.0,900.0,22.323999999999955,1083.952,60.0,1100.674,16.722999999999956,1485.3,100.33699999999999,1683.428,60.0,0.43800464064195743,0.4773010576588752,0.46420225198656934,0.5619953593580426,0.5226989423411248,1
Geophysical_model44,/home/lyara/areswave/models/Geophysical_model44.nd,nd,UNK,,,983.376,60.0,857.898,189.46000000000004,983.376,60.0,1116.777,33.34999999999991,1466.955,100.05100000000016,1681.7,60.0,0.7127612374215013,0.3400873999198133,0.46431201242037595,0.28723876257849873,0.6599126000801867,1
Geophysical_model733,/home/lyara/areswave/models/Geophysical_model733.nd,nd,UNK,,,933.815,60.0,879.484,184.644,933.815,60.0,1119.798,33.81499999999983,1474.857,84.53699999999981,1690.116,60.0,0.5922391456216111,0.40047267284663846,0.46439483043829605,0.40776085437838894,0.5995273271533615,1
Geophysical_model953,/home/lyara/areswave/models/Geophysical_model953.nd,nd,UNK,,,916.648,60.0,877.533,179.73699999999997,916.648,60.0,1116.419,16.64799999999991,1499.315,99.88499999999999,1680.704,60.0,0.5279669221485102,0.43412733677882376,0.4654071985687192,0.4720330778514898,0.5658726632211762,1
MD_model31,/home/lyara/areswave/models/MD_model31.nd,nd,UNK,,,1004.85,60.0,809.075,10.303999999999974,1004.85,60.0,1252.146,154.55999999999995,1303.666,103.03999999999996,1580.355,60.0,0.40617357863897785,0.49567221690166496,0.4658393374807693,0.5938264213610221,0.504327783098335,1
Geophysical_model875,/home/lyara/areswave/models/Geophysical_model875.nd,nd,UNK,,,933.693,60.0,900.0,181.54600000000005,933.693,60.0,1119.005,33.69300000000021,1455.935,84.23299999999995,1687.906,60.0,0.4394472603270223,0.480356379272302,0.4667200062905421,0.5605527396729777,0.519643620727698,1
Geophysical_model36,/home/lyara/areswave/models/Geophysical_model36.nd,nd,UNK,,,1049.308,60.0,900.0,180.20000000000005,1049.308,60.0,1132.256,33.17900000000009,1497.231,82.94900000000007,1678.607,60.0,0.3124264078172818,0.5449660702509203,0.46745284943970744,0.6875735921827182,0.4550339297490798,1
Geophysical_model892,/home/lyara/areswave/models/Geophysical_model892.nd,nd,UNK,,,933.943,60.0,900.0,185.966,933.943,60.0,1120.631,33.942999999999984,1477.036,84.85800000000017,1692.437,60.0,0.570863756906544,0.41592398234128924,0.46757057386304085,0.429136243093456,0.5840760176587108,1
Geophysical_model375,/home/lyara/areswave/models/Geophysical_model375.nd,nd,UNK,,,949.973,60.0,900.0,197.183,949.973,60.0,1116.548,16.656999999999925,1449.698,116.60299999999984,1681.061,60.0,0.6014950423751197,0.401651402322005,0.4682659490063766,0.3985049576248803,0.598348597677995,1
Geophysical_model363,/home/lyara/areswave/models/Geophysical_model363.nd,nd,UNK,,,949.973,60.0,900.0,197.183,949.973,60.0,1116.548,16.656999999999925,1449.698,116.60299999999984,1681.061,60.0,0.6014950423751197,0.401651402322005,0.4682659490063766,0.3985049576248803,0.598348597677995,1
MD_model22,/home/lyara/areswave/models/MD_model22.nd,nd,UNK,,,1019.062,60.0,898.164,197.83299999999997,1019.062,60.0,1293.831,21.98199999999997,1304.822,76.93500000000017,1648.61,60.0,0.41142835194570293,0.49811414988144553,0.46921888390286465,0.5885716480542971,0.5018858501185545,1
Geophysical_model847,/home/lyara/areswave/models/Geophysical_model847.nd,nd,UNK,,,916.687,60.0,876.852,185.18100000000004,916.687,60.0,1116.931,33.374000000000024,1484.044,83.43500000000017,1682.128,60.0,0.6427080697230709,0.383134799931104,0.46965922319509296,0.35729193027692907,0.616865200068896,1
Geophysical_model452,/home/lyara/areswave/models/Geophysical_model452.nd,nd,UNK,,,1031.687,60.0,900.0,185.72000000000003,1031.687,60.0,1130.452,32.922000000000025,1492.591,82.30399999999986,1673.94,60.0,0.4982186779670059,0.4557218163897969,0.46988743691553325,0.5017813220329941,0.5442781836102031,1
Geophysical_model128,/home/lyara/areswave/models/Geophysical_model128.nd,nd,UNK,,,998.736,60.0,900.0,188.68399999999997,998.736,60.0,1130.385,32.91199999999981,1475.961,98.73699999999985,1673.765,60.0,0.4887129937458652,0.4610799150475303,0.4702909412803086,0.5112870062541348,0.5389200849524697,1
Geophysical_model528,/home/lyara/areswave/models/Geophysical_model528.nd,nd,UNK,,,933.804,60.0,900.0,181.16899999999998,933.804,60.0,1119.729,33.80400000000009,1491.578,84.51099999999997,1689.924,60.0,0.5853071946198698,0.4129023073720137,0.4703706031212991,0.41469280538013015,0.5870976926279863,1
Geophysical_model810,/home/lyara/areswave/models/Geophysical_model810.nd,nd,UNK,,,966.616,60.0,900.0,178.75699999999995,966.616,60.0,1133.157,33.30799999999999,1499.547,83.26999999999998,1680.937,60.0,0.47232334783523156,0.46969299728959224,0.4705697808048053,0.5276766521647684,0.5303070027104078,1
Geophysical_model144,/home/lyara/areswave/models/Geophysical_model144.nd,nd,UNK,,,966.251,60.0,900.0,186.74800000000005,966.251,60.0,1115.315,16.562999999999874,1463.132,99.37599999999998,1677.628,60.0,0.49433787749911473,0.45887372672099347,0.47069511031370054,0.5056621225008853,0.5411262732790065,1
Geophysical_model182,/home/lyara/areswave/models/Geophysical_model182.nd,nd,UNK,,,1099.994,60.0,900.0,180.69000000000005,1099.994,60.0,1116.66,16.66599999999994,1449.983,99.99699999999984,1681.374,60.0,0.4228446415364491,0.4952907509424279,0.4711420478071016,0.5771553584635509,0.5047092490575721,1
MD_model44,/home/lyara/areswave/models/MD_model44.nd,nd,UNK,,,921.056,60.0,890.938,140.55100000000004,921.056,60.0,1262.393,70.27499999999986,1302.55,40.15800000000013,1483.258,61.49199999999996,0.49118268703200985,0.46122564753580075,0.4712113273678704,0.5088173129679902,0.5387743524641992,1
Geophysical_model577,/home/lyara/areswave/models/Geophysical_model577.nd,nd,UNK,,,1099.625,60.0,900.0,21.533000000000015,1099.625,60.0,1116.26,16.635999999999967,1465.604,99.81200000000013,1680.261,60.0,0.38936311133007184,0.5124830052687549,0.47144304062252723,0.6106368886699282,0.4875169947312451,1
Geophysical_model101,/home/lyara/areswave/models/Geophysical_model101.nd,nd,UNK,,,967.437,60.0,900.0,186.66099999999994,967.437,60.0,1119.169,33.718000000000075,1456.352,101.15499999999997,1688.364,60.0,0.4256788853906117,0.49474847901674235,0.47172528114136547,0.5743211146093883,0.5052515209832577,1
Geophysical_model122,/home/lyara/areswave/models/Geophysical_model122.nd,nd,UNK,,,967.437,60.0,900.0,186.66099999999994,967.437,60.0,1119.169,33.718000000000075,1456.352,101.15499999999997,1688.364,60.0,0.4256788853906117,0.49474847901674235,0.47172528114136547,0.5743211146093883,0.5052515209832577,1
Geophysical_model639,/home/lyara/areswave/models/Geophysical_model639.nd,nd,UNK,,,1099.754,60.0,900.0,21.45500000000004,1099.754,60.0,1116.4,16.645999999999958,1465.97,116.52299999999991,1680.651,60.0,0.529332940126035,0.4431178248804144,0.47185619662895456,0.47066705987396495,0.5568821751195856,1
Geophysical_model836,/home/lyara/areswave/models/Geophysical_model836.nd,nd,UNK,,,900.0,60.0,900.0,187.837,900.0,60.0,1115.838,16.60200000000009,1464.498,116.22000000000003,1679.083,60.0,0.4572409665320839,0.4805133323333145,0.4727558770662377,0.5427590334679161,0.5194866676666855,1
Geophysical_model491,/home/lyara/areswave/models/Geophysical_model491.nd,nd,UNK,,,1098.226,60.0,900.0,179.37300000000005,1098.226,60.0,1114.745,16.519000000000005,1445.122,99.11300000000006,1676.04,60.0,0.5331965134633239,0.4430165916326885,0.4730765655762336,0.4668034865366762,0.5569834083673115,1
Geophysical_model205,/home/lyara/areswave/models/Geophysical_model205.nd,nd,UNK,,,965.752,60.0,900.0,182.01,965.752,60.0,1113.693,16.437000000000126,1458.888,115.06499999999983,1673.108,60.0,0.36683092948808504,0.5262641622445328,0.4731197513257168,0.633169070511915,0.4737358377554673,1
Geophysical_model133,/home/lyara/areswave/models/Geophysical_model133.nd,nd,UNK,,,1098.133,60.0,900.0,196.67700000000002,1098.133,60.0,1147.666,16.510999999999967,1494.399,66.04399999999987,1675.759,60.0,0.36784221841205056,0.525887969424103,0.47320605242008557,0.6321577815879494,0.474112030575897,1
AK_model_73,/home/lyara/areswave/models/AK_model_73.nd,nd,UNK,,,1039.669,60.0,790.268,24.93999999999994,1039.669,60.0,1264.13,74.81999999999994,1314.011,24.940000000000055,1670.688,60.0,0.5844622784293185,0.41785908941771077,0.47339348575491336,0.4155377215706815,0.5821409105822892,1
Geophysical_model120,/home/lyara/areswave/models/Geophysical_model120.nd,nd,UNK,,,1033.184,60.0,900.0,188.139,1033.184,60.0,1133.072,33.29500000000007,1482.679,83.24000000000001,1680.716,60.0,0.5107817106684754,0.45505248466012127,0.4736288933295727,0.48921828933152456,0.5449475153398787,1
Geophysical_model746,/home/lyara/areswave/models/Geophysical_model746.nd,nd,UNK,,,966.806,60.0,900.0,177.86599999999999,966.806,60.0,1133.823,33.40299999999979,1484.557,66.80700000000002,1682.659,60.0,0.5362053909045859,0.4432778199491175,0.4742536769342736,0.4637946090954142,0.5567221800508825,1
Geophysical_model137,/home/lyara/areswave/models/Geophysical_model137.nd,nd,UNK,,,966.251,60.0,900.0,186.97199999999998,966.251,60.0,1115.315,16.562999999999874,1463.132,99.37599999999998,1677.628,60.0,0.4756570295832101,0.4750481905575953,0.4752511368994669,0.5243429704167899,0.5249518094424047,1
Geophysical_model646,/home/lyara/areswave/models/Geophysical_model646.nd,nd,UNK,,,950.013,60.0,900.0,182.46900000000005,950.013,60.0,1133.396,50.01299999999992,1483.489,66.68399999999997,1681.554,60.0,0.55336600313178,0.43629817494740153,0.4753207843421943,0.44663399686822003,0.5637018250525985,1
Geophysical_model573,/home/lyara/areswave/models/Geophysical_model573.nd,nd,UNK,,,1098.113,60.0,900.0,23.974000000000046,1098.113,60.0,1114.623,16.509000000000015,1444.812,115.5659999999998,1675.699,60.0,0.5018962453689348,0.46209149083360435,0.4753597423453812,0.4981037546310651,0.5379085091663957,1
Geophysical_model833,/home/lyara/areswave/models/Geophysical_model833.nd,nd,UNK,,,950.007,60.0,900.0,178.79499999999996,950.007,60.0,1133.367,50.00700000000006,1483.418,66.67599999999993,1681.481,60.0,0.4395792376319112,0.4942870306297237,0.47605109963045283,0.5604207623680888,0.5057129693702763,1
Geophysical_model229,/home/lyara/areswave/models/Geophysical_model229.nd,nd,UNK,,,965.752,60.0,900.0,181.72400000000005,965.752,60.0,1113.693,16.437000000000126,1458.888,115.06499999999983,1673.108,60.0,0.5744078720526804,0.4273204431161498,0.47634958609499334,0.4255921279473196,0.5726795568838502,1
Geophysical_model899,/home/lyara/areswave/models/Geophysical_model899.nd,nd,UNK,,,933.35,60.0,853.741,185.034,933.35,60.0,1116.776,33.34999999999991,1483.627,83.375,1681.697,60.0,0.4448984797426515,0.49265895363926815,0.47673879567372923,0.5551015202573485,0.5073410463607319,1
Geophysical_model940,/home/lyara/areswave/models/Geophysical_model940.nd,nd,UNK,,,933.35,60.0,853.741,185.034,933.35,60.0,1116.776,33.34999999999991,1483.627,83.375,1681.697,60.0,0.4448984797426515,0.49265895363926815,0.47673879567372923,0.5551015202573485,0.5073410463607319,1
Geophysical_model598,/home/lyara/areswave/models/Geophysical_model598.nd,nd,UNK,,,933.261,60.0,900.0,182.73199999999997,933.261,60.0,1116.199,16.630999999999858,1498.706,83.154,1680.091,60.0,0.4461397054341585,0.49315144048998205,0.47748086213804086,0.5538602945658415,0.506848559510018,1
Geophysical_model1,/home/lyara/areswave/models/Geophysical_model1.nd,nd,UNK,,,1033.278,60.0,900.0,182.55399999999997,1033.278,60.0,1133.237,33.319999999999936,1483.093,83.29899999999998,1681.144,60.0,0.4055668826429065,0.5134398042321917,0.47748216370243,0.5944331173570935,0.48656019576780823,1
Geophysical_model2,/home/lyara/areswave/models/Geophysical_model2.nd,nd,UNK,,,1033.278,60.0,900.0,182.55399999999997,1033.278,60.0,1133.237,33.319999999999936,1483.093,83.29899999999998,1681.144,60.0,0.4055668826429065,0.5134398042321917,0.47748216370243,0.5944331173570935,0.48656019576780823,1
Geophysical_model337,/home/lyara/areswave/models/Geophysical_model337.nd,nd,UNK,,,967.872,60.0,900.0,180.90700000000004,967.872,60.0,1120.585,33.937000000000126,1459.948,101.80899999999997,1692.31,60.0,0.38201569407965263,0.5254854952124,0.47766222816815085,0.6179843059203474,0.4745145047876001,1
Geophysical_model255,/home/lyara/areswave/models/Geophysical_model255.nd,nd,UNK,,,1017.871,60.0,900.0,185.688,1017.871,60.0,1135.742,16.838999999999942,1489.354,84.19299999999998,1687.623,60.0,0.49254345987231296,0.4703686366444767,0.47776024438708875,0.507456540127687,0.5296313633555233,1
Geophysical_model571,/home/lyara/areswave/models/Geophysical_model571.nd,nd,UNK,,,916.969,60.0,856.194,197.12699999999995,916.969,60.0,1120.603,33.93900000000008,1476.962,84.84699999999998,1692.359,60.0,0.610563346286011,0.4133413588662048,0.4790820213394736,0.38943665371398895,0.5866586411337952,1
Geophysical_model960,/home/lyara/areswave/models/Geophysical_model960.nd,nd,UNK,,,916.969,60.0,856.194,197.12699999999995,916.969,60.0,1120.603,33.93900000000008,1476.962,84.84699999999998,1692.359,60.0,0.610563346286011,0.4133413588662048,0.4790820213394736,0.38943665371398895,0.5866586411337952,1
Geophysical_model562,/home/lyara/areswave/models/Geophysical_model562.nd,nd,UNK,,,916.969,60.0,856.194,197.12699999999995,916.969,60.0,1120.603,33.93900000000008,1476.962,84.84699999999998,1692.359,60.0,0.610563346286011,0.4133413588662048,0.4790820213394736,0.38943665371398895,0.5866586411337952,1
Geophysical_model790,/home/lyara/areswave/models/Geophysical_model790.nd,nd,UNK,,,900.0,60.0,900.0,197.837,900.0,60.0,1104.416,17.035000000000082,1479.179,102.20799999999986,1694.72,60.0,0.46587768188600676,0.4880243139725421,0.48064210327703033,0.5341223181139932,0.5119756860274579,1
Geophysical_model371,/home/lyara/areswave/models/Geophysical_model371.nd,nd,UNK,,,1031.52,60.0,900.0,186.70299999999997,1031.52,60.0,1130.159,32.87999999999988,1491.838,82.19900000000007,1673.183,60.0,0.40092133909350136,0.5214306184224385,0.48126085864612617,0.5990786609064986,0.47856938157756146,1
Geophysical_model683,/home/lyara/areswave/models/Geophysical_model683.nd,nd,UNK,,,900.0,60.0,900.0,179.635,900.0,60.0,1101.753,16.812000000000126,1488.445,100.87599999999998,1686.682,60.0,0.3674098807989248,0.5383154821474554,0.48134694836461184,0.6325901192010752,0.4616845178525446,1
CD_model94,/home/lyara/areswave/models/CD_model94.nd,nd,UNK,,,,60.0,,60.0,,60.0,,60.0,,60.0,,60.0,0.3627490349242909,0.5408113321095709,0.4814572330478109,0.6372509650757091,0.4591886678904291,1
Geophysical_model41,/home/lyara/areswave/models/Geophysical_model41.nd,nd,UNK,,,949.973,60.0,900.0,192.69399999999996,949.973,60.0,1116.548,16.656999999999925,1449.698,116.60299999999984,1681.061,60.0,0.49603913057774485,0.4741810254505183,0.48146706049292715,0.5039608694222552,0.5258189745494817,1
Geophysical_model967,/home/lyara/areswave/models/Geophysical_model967.nd,nd,UNK,,,916.672,60.0,877.4,180.79700000000003,916.672,60.0,1116.741,33.34500000000003,1483.532,83.36199999999985,1681.599,60.0,0.4640851037934326,0.49029321871300735,0.48155718040648243,0.5359148962065674,0.5097067812869926,1
Geophysical_model88,/home/lyara/areswave/models/Geophysical_model88.nd,nd,UNK,,,966.337,60.0,900.0,193.89700000000005,966.337,60.0,1115.594,16.58400000000006,1463.861,116.08899999999994,1678.405,60.0,0.4932474210874105,0.4759051942625725,0.4816859365375185,0.5067525789125895,0.5240948057374275,1
Geophysical_model37,/home/lyara/areswave/models/Geophysical_model37.nd,nd,UNK,,,966.337,60.0,900.0,193.89700000000005,966.337,60.0,1115.594,16.58400000000006,1463.861,116.08899999999994,1678.405,60.0,0.4932474210874105,0.4759051942625725,0.4816859365375185,0.5067525789125895,0.5240948057374275,1
MD_model99,/home/lyara/areswave/models/MD_model99.nd,nd,UNK,,,994.256,60.0,719.122,190.4770000000001,994.256,60.0,1290.553,31.746000000000095,1332.882,84.65699999999993,1604.038,60.0,0.4204084623305604,0.5126631541175442,0.48191159018854957,0.5795915376694396,0.4873368458824559,1
Geophysical_model90,/home/lyara/areswave/models/Geophysical_model90.nd,nd,UNK,,,949.68,60.0,900.0,190.49400000000003,949.68,60.0,1115.279,16.559999999999945,1446.478,115.91999999999985,1677.528,60.0,0.5891704336299304,0.4285095028021345,0.4820631464113998,0.4108295663700696,0.5714904971978655,1
Geophysical_model521,/home/lyara/areswave/models/Geophysical_model521.nd,nd,UNK,,,966.806,60.0,900.0,176.74800000000005,966.806,60.0,1133.823,33.40299999999979,1484.557,66.80700000000002,1682.659,60.0,0.4697080948654919,0.48870621957578875,0.4823735113390231,0.5302919051345081,0.5112937804242113,1
Geophysical_model340,/home/lyara/areswave/models/Geophysical_model340.nd,nd,UNK,,,1001.133,60.0,861.553,192.23400000000004,1001.133,60.0,1119.121,33.71100000000001,1473.087,101.13300000000004,1688.231,60.0,0.5007375055221697,0.47345854476990556,0.48255153168732695,0.4992624944778303,0.5265414552300944,1
Geophysical_model302,/home/lyara/areswave/models/Geophysical_model302.nd,nd,UNK,,,933.563,60.0,900.0,195.716,933.563,60.0,1101.377,16.78099999999995,1453.786,100.68900000000008,1685.548,60.0,0.484812558636892,0.48168186062244156,0.4827254266272584,0.515187441363108,0.5183181393775584,1
Geophysical_model816,/home/lyara/areswave/models/Geophysical_model816.nd,nd,UNK,,,1087.5,60.0,900.0,22.587999999999965,1087.5,60.0,1104.545,17.04599999999982,1445.454,119.31799999999998,1695.109,60.0,0.5350793425181443,0.45714358176646797,0.48312216868369334,0.46492065748185574,0.542856418233532,1
Geophysical_model388,/home/lyara/areswave/models/Geophysical_model388.nd,nd,UNK,,,950.857,60.0,900.0,180.539,950.857,60.0,1120.38,33.903999999999996,1459.426,101.71299999999997,1691.737,60.0,0.6082606870716203,0.42119617475503013,0.4835510121938935,0.39173931292837977,0.5788038252449699,1
Geophysical_model127,/home/lyara/areswave/models/Geophysical_model127.nd,nd,UNK,,,916.861,60.0,900.0,181.87,916.861,60.0,1102.329,16.860000000000127,1439.543,101.16399999999999,1688.421,60.0,0.5958177392850814,0.4281200560323767,0.48401928378327824,0.40418226071491853,0.5718799439676233,1
Geophysical_model551,/home/lyara/areswave/models/Geophysical_model551.nd,nd,UNK,,,916.754,60.0,875.916,192.673,916.754,60.0,1117.798,33.506999999999834,1486.378,83.76800000000003,1684.543,60.0,0.5725367732083534,0.43989634903379304,0.4841098237586465,0.4274632267916466,0.560103650966207,1
Geophysical_model914,/home/lyara/areswave/models/Geophysical_model914.nd,nd,UNK,,,916.754,60.0,875.916,192.673,916.754,60.0,1117.798,33.506999999999834,1486.378,83.76800000000003,1684.543,60.0,0.5725367732083534,0.43989634903379304,0.4841098237586465,0.4274632267916466,0.560103650966207,1
MD_model91,/home/lyara/areswave/models/MD_model91.nd,nd,UNK,,,1010.241,60.0,823.126,10.394999999999982,1010.241,60.0,1155.775,155.93000000000006,1301.31,166.32400000000007,1600.05,60.0,0.3865115592798044,0.5330275229292455,0.4841888683794318,0.6134884407201956,0.4669724770707545,1
AK_model_75,/home/lyara/areswave/models/AK_model_75.nd,nd,UNK,,,1055.732,60.0,825.114,51.24800000000005,1055.732,60.0,1286.349,51.24799999999982,1311.974,51.24800000000005,1698.307,60.0,0.38648516441572545,0.5333906747890986,0.48442217133130755,0.6135148355842746,0.4666093252109014,1
Geophysical_model840,/home/lyara/areswave/models/Geophysical_model840.nd,nd,UNK,,,950.057,60.0,900.0,178.01199999999994,950.057,60.0,1133.601,33.371000000000095,1484.001,66.74299999999994,1682.084,60.0,0.5022130268897835,0.4756530388429775,0.48450636819191284,0.4977869731102164,0.5243469611570225,1
Geophysical_model855,/home/lyara/areswave/models/Geophysical_model855.nd,nd,UNK,,,916.736,60.0,875.945,192.44100000000003,916.736,60.0,1117.572,33.47199999999998,1469.034,83.68100000000004,1683.914,60.0,0.5038546346289579,0.4760070965730173,0.4852896092583308,0.49614536537104215,0.5239929034269827,1
Geophysical_model164,/home/lyara/areswave/models/Geophysical_model164.nd,nd,UNK,,,950.866,60.0,900.0,193.89499999999998,950.866,60.0,1120.421,33.91100000000006,1459.531,101.73300000000017,1691.853,60.0,0.4928029039841454,0.4817676286014255,0.4854460537289988,0.5071970960158546,0.5182323713985745,1
MD_model65,/home/lyara/areswave/models/MD_model65.nd,nd,UNK,,,1057.396,60.0,710.116,184.49199999999996,1057.396,60.0,1285.298,21.705000000000155,1361.266,75.96800000000007,1636.741,60.0,0.5845940174483225,0.436534787703477,0.4858878642850922,0.4154059825516775,0.563465212296523,1
Geophysical_model304,/home/lyara/areswave/models/Geophysical_model304.nd,nd,UNK,,,1033.067,60.0,877.206,182.35400000000004,1033.067,60.0,1132.867,33.26700000000005,1498.801,83.16699999999992,1680.187,60.0,0.7600593104531097,0.35102563830660916,0.487370195688776,0.23994068954689027,0.6489743616933908,1
Geophysical_model173,/home/lyara/areswave/models/Geophysical_model173.nd,nd,UNK,,,1063.521,60.0,900.0,197.91200000000003,1063.521,60.0,1145.281,32.70399999999995,1488.674,65.4079999999999,1669.999,60.0,0.36990351308981584,0.5465305053543019,0.4876548412661399,0.6300964869101842,0.453469494645698,1
Geophysical_model464,/home/lyara/areswave/models/Geophysical_model464.nd,nd,UNK,,,1030.985,60.0,900.0,188.21500000000003,1030.985,60.0,1129.223,32.746000000000095,1489.43,81.86500000000001,1670.76,60.0,0.3841447350172318,0.5396008106758731,0.4877821187896593,0.6158552649827682,0.46039918932412693,1
Geophysical_model443,/home/lyara/areswave/models/Geophysical_model443.nd,nd,UNK,,,1030.985,60.0,900.0,188.21500000000003,1030.985,60.0,1129.223,32.746000000000095,1489.43,81.86500000000001,1670.76,60.0,0.3841447350172318,0.5396008106758731,0.4877821187896593,0.6158552649827682,0.46039918932412693,1
Geophysical_model594,/home/lyara/areswave/models/Geophysical_model594.nd,nd,UNK,,,900.0,60.0,900.0,179.41999999999996,900.0,60.0,1118.565,33.625,1488.445,100.87599999999998,1686.682,60.0,0.40592839352601806,0.5297782407722083,0.4884949583568115,0.5940716064739819,0.4702217592277917,1
MD_model47,/home/lyara/areswave/models/MD_model47.nd,nd,UNK,,,962.295,60.0,707.928,185.88300000000004,962.295,60.0,1294.928,39.13300000000004,1343.845,48.91599999999994,1504.511,251.3320000000001,0.4677717878653077,0.4990225329289276,0.488605617907721,0.5322282121346923,0.5009774670710724,1
Geophysical_model126,/home/lyara/areswave/models/Geophysical_model126.nd,nd,UNK,,,966.298,60.0,878.977,189.20799999999997,966.298,60.0,1115.469,16.57399999999984,1463.533,116.02199999999993,1678.056,60.0,0.44850099749237493,0.5107663561842973,0.49001123662032314,0.5514990025076251,0.48923364381570267,1
Geophysical_model272,/home/lyara/areswave/models/Geophysical_model272.nd,nd,UNK,,,949.973,60.0,900.0,197.75400000000002,949.973,60.0,1116.548,16.656999999999925,1449.698,99.94499999999994,1681.061,60.0,0.6253634401821684,0.42389676425025713,0.49105232289422757,0.37463655981783167,0.5761032357497429,1
Geophysical_model560,/home/lyara/areswave/models/Geophysical_model560.nd,nd,UNK,,,1099.489,60.0,900.0,21.346000000000004,1099.489,60.0,1116.113,16.624000000000024,1465.218,99.74500000000012,1679.849,60.0,0.5963276702353281,0.4384225098677752,0.4910575633236262,0.40367232976467193,0.5615774901322248,1
Geophysical_model407,/home/lyara/areswave/models/Geophysical_model407.nd,nd,UNK,,,1047.872,60.0,900.0,189.28499999999997,1047.872,60.0,1130.023,32.8599999999999,1491.488,82.15100000000007,1672.831,60.0,0.3817134540659928,0.5458189575979513,0.49111712308729844,0.6182865459340072,0.4541810424020487,1
Geophysical_model856,/home/lyara/areswave/models/Geophysical_model856.nd,nd,UNK,,,933.454,60.0,900.0,180.49900000000002,933.454,60.0,1134.179,33.45400000000018,1485.447,66.9079999999999,1683.58,60.0,0.5247390486389916,0.474655501893549,0.49135001747536317,0.4752609513610084,0.525344498106451,1
Geophysical_model145,/home/lyara/areswave/models/Geophysical_model145.nd,nd,UNK,,,966.251,60.0,900.0,186.31600000000003,966.251,60.0,1115.315,16.562999999999874,1463.132,99.37599999999998,1677.628,60.0,0.5184828516219151,0.47793931670330225,0.49145382834283985,0.4815171483780849,0.5220606832966977,1
Geophysical_model557,/home/lyara/areswave/models/Geophysical_model557.nd,nd,UNK,,,916.669,60.0,877.429,180.56799999999998,916.669,60.0,1116.699,33.337999999999965,1483.42,83.346,1681.482,60.0,0.439567405819156,0.5175257555059907,0.4915396389437124,0.560432594180844,0.48247424449400933,1
Geophysical_model252,/home/lyara/areswave/models/Geophysical_model252.nd,nd,UNK,,,950.33,60.0,900.0,194.29100000000005,950.33,60.0,1118.099,33.55300000000011,1453.635,117.4380000000001,1685.382,60.0,0.4472415038228371,0.5139695811558577,0.49172688871151743,0.5527584961771629,0.48603041884414233,1
Geophysical_model281,/home/lyara/areswave/models/Geophysical_model281.nd,nd,UNK,,,999.737,60.0,878.076,197.31600000000003,999.737,60.0,1116.097,16.623000000000047,1465.176,99.73700000000008,1679.805,60.0,0.38950318411577534,0.5439071027795562,0.49243912989162925,0.6104968158842247,0.45609289722044377,1
Geophysical_model202,/home/lyara/areswave/models/Geophysical_model202.nd,nd,UNK,,,1000.927,60.0,900.0,187.87,1000.927,60.0,1135.497,33.64300000000003,1488.742,84.106,1686.989,60.0,0.5592163085026065,0.4600207179053677,0.49308591477111396,0.44078369149739344,0.5399792820946323,1
AK_model_55,/home/lyara/areswave/models/AK_model_55.nd,nd,UNK,,,1024.297,60.0,845.36,25.562000000000012,1024.297,60.0,1152.109,102.24900000000002,1382.171,51.125,1667.971,60.0,0.43520866538482206,0.5222217466883556,0.4932173862538445,0.5647913346151779,0.47777825331164436,1
Geophysical_model783,/home/lyara/areswave/models/Geophysical_model783.nd,nd,UNK,,,916.648,60.0,877.515,179.87800000000004,916.648,60.0,1116.419,16.64799999999991,1499.315,99.88499999999999,1680.704,60.0,0.6209841452604272,0.43000777783825395,0.49366656697897837,0.3790158547395727,0.569992222161746,1
MD_model60,/home/lyara/areswave/models/MD_model60.nd,nd,UNK,,,1089.018,60.0,853.974,190.274,1089.018,60.0,1122.596,11.192999999999984,1357.641,89.54099999999994,1672.31,60.0,0.5680283428300202,0.4580202674925202,0.4946896259383536,0.43197165716997976,0.5419797325074798,1
Geophysical_model777,/home/lyara/areswave/models/Geophysical_model777.nd,nd,UNK,,,900.0,60.0,900.0,59.59699999999998,900.0,60.0,1101.608,33.60100000000011,1488.023,100.80399999999986,1686.245,60.0,0.5518399263966696,0.4661544856624674,0.4947162992405348,0.4481600736033305,0.5338455143375326,1
Geophysical_model804,/home/lyara/areswave/models/Geophysical_model804.nd,nd,UNK,,,900.0,60.0,900.0,59.59699999999998,900.0,60.0,1101.608,33.60100000000011,1488.023,100.80399999999986,1686.245,60.0,0.5518399263966696,0.4661544856624674,0.4947162992405348,0.4481600736033305,0.5338455143375326,1
Geophysical_model174,/home/lyara/areswave/models/Geophysical_model174.nd,nd,UNK,,,999.816,60.0,900.0,195.88099999999997,999.816,60.0,1116.267,16.635999999999967,1498.893,99.81500000000005,1680.28,60.0,0.4655592532215094,0.5095041419506061,0.49485584570757385,0.5344407467784906,0.4904958580493939,1
Geophysical_model398,/home/lyara/areswave/models/Geophysical_model398.nd,nd,UNK,,,999.801,60.0,900.0,195.20299999999997,999.801,60.0,1116.236,16.63299999999981,1465.54,99.80099999999993,1680.192,60.0,0.447977069577274,0.5203140894400147,0.4962017494857678,0.552022930422726,0.47968591055998533,1
Geophysical_model181,/home/lyara/areswave/models/Geophysical_model181.nd,nd,UNK,,,999.801,60.0,900.0,195.20299999999997,999.801,60.0,1116.236,16.63299999999981,1465.54,99.80099999999993,1680.192,60.0,0.447977069577274,0.5203140894400147,0.4962017494857678,0.552022930422726,0.47968591055998533,1
Geophysical_model253,/home/lyara/areswave/models/Geophysical_model253.nd,nd,UNK,,,999.801,60.0,900.0,195.20299999999997,999.801,60.0,1116.236,16.63299999999981,1465.54,99.80099999999993,1680.192,60.0,0.447977069577274,0.5203140894400147,0.4962017494857678,0.552022930422726,0.47968591055998533,1
MD_model55,/home/lyara/areswave/models/MD_model55.nd,nd,UNK,,,936.329,60.0,822.179,103.77300000000002,936.329,60.0,1299.533,62.26299999999992,1309.91,31.131999999999834,1597.929,60.0,0.48572334396712735,0.5016289282135955,0.4963270667981061,0.5142766560328726,0.4983710717864045,1
AK_model_92,/home/lyara/areswave/models/AK_model_92.nd,nd,UNK,,,1080.172,60.0,777.645,27.502000000000066,1080.172,60.0,1272.689,27.50200000000018,1327.694,55.00499999999988,1730.346,60.0,0.5780346146373898,0.455659249745366,0.49645103804270724,0.4219653853626102,0.544340750254634,1
Geophysical_model950,/home/lyara/areswave/models/Geophysical_model950.nd,nd,UNK,,,950.057,60.0,900.0,199.649,950.057,60.0,1133.601,33.371000000000095,1484.001,66.74299999999994,1682.084,60.0,0.4157706524965188,0.5369035274813454,0.4965259024864032,0.5842293475034812,0.46309647251865466,1
Geophysical_model997,/home/lyara/areswave/models/Geophysical_model997.nd,nd,UNK,,,950.057,60.0,900.0,199.649,950.057,60.0,1133.601,33.371000000000095,1484.001,66.74299999999994,1682.084,60.0,0.4157706524965188,0.5369035274813454,0.4965259024864032,0.5842293475034812,0.46309647251865466,1
Geophysical_model94,/home/lyara/areswave/models/Geophysical_model94.nd,nd,UNK,,,983.071,60.0,878.665,192.014,983.071,60.0,1115.985,16.614000000000033,1464.884,99.68600000000015,1679.494,60.0,0.5332948524550842,0.4789070852974425,0.49703634101665645,0.4667051475449158,0.5210929147025575,1
MD_model53,/home/lyara/areswave/models/MD_model53.nd,nd,UNK,,,903.72,60.0,838.985,183.4129999999999,903.72,60.0,1292.124,75.52299999999991,1324.491,32.36699999999996,1620.805,60.0,0.38880679578808497,0.5517029068639339,0.49740420317198425,0.611193204211915,0.4482970931360662,1
Geophysical_model507,/home/lyara/areswave/models/Geophysical_model507.nd,nd,UNK,,,950.781,60.0,900.0,183.99,950.781,60.0,1136.977,33.85400000000004,1492.442,67.70700000000011,1690.818,60.0,0.6254714224796541,0.4337440225314033,0.49765315584748687,0.37452857752034585,0.5662559774685967,1
Geophysical_model42,/home/lyara/areswave/models/Geophysical_model42.nd,nd,UNK,,,949.68,60.0,900.0,189.971,949.68,60.0,1115.279,16.559999999999945,1446.478,115.91999999999985,1677.528,60.0,0.6662663800867045,0.4135400470517523,0.49778215806340304,0.33373361991329553,0.5864599529482477,1
Geophysical_model373,/home/lyara/areswave/models/Geophysical_model373.nd,nd,UNK,,,1031.784,60.0,900.0,188.35000000000002,1031.784,60.0,1130.622,32.94600000000014,1493.027,82.36500000000001,1674.378,60.0,0.5353718583396727,0.479123387449624,0.4978728777463069,0.46462814166032723,0.520876612550376,1
Geophysical_model992,/home/lyara/areswave/models/Geophysical_model992.nd,nd,UNK,,,950.127,60.0,900.0,199.96900000000005,950.127,60.0,1133.926,50.12699999999995,1484.815,66.83600000000001,1682.926,60.0,0.5157865039078415,0.4907684235229306,0.49910778365123426,0.4842134960921584,0.5092315764770694,1
Geophysical_model881,/home/lyara/areswave/models/Geophysical_model881.nd,nd,UNK,,,950.007,60.0,900.0,179.212,950.007,60.0,1133.367,50.00700000000006,1483.418,66.67599999999993,1681.481,60.0,0.3920558378750064,0.5538611056051602,0.49992601636177564,0.6079441621249936,0.4461388943948398,1
Geophysical_model298,/home/lyara/areswave/models/Geophysical_model298.nd,nd,UNK,,,950.621,60.0,900.0,193.21500000000003,950.621,60.0,1119.357,33.74700000000007,1439.955,118.11599999999999,1688.886,60.0,0.47275557205255525,0.5138500101325321,0.5001518641058732,0.5272444279474447,0.48614998986746794,1
MD_model56,/home/lyara/areswave/models/MD_model56.nd,nd,UNK,,,903.728,60.0,798.823,115.39600000000007,903.728,60.0,1291.878,73.43399999999997,1312.859,31.471000000000004,1613.347,60.0,0.38676823051110776,0.5577692439711139,0.5007689061511119,0.6132317694888922,0.442230756028886,1
CD_model78,/home/lyara/areswave/models/CD_model78.nd,nd,UNK,,,,60.0,,60.0,,60.0,,60.0,,60.0,,60.0,0.5861235014081605,0.4590786517003147,0.5014269349362633,0.41387649859183945,0.5409213482996853,1
Geophysical_model200,/home/lyara/areswave/models/Geophysical_model200.nd,nd,UNK,,,933.606,60.0,900.0,183.88699999999994,933.606,60.0,1101.635,16.80300000000011,1437.694,117.62099999999987,1686.328,60.0,0.5368048996176602,0.48412203763499395,0.501682991629216,0.4631951003823398,0.515877962365006,1
Geophysical_model672,/home/lyara/areswave/models/Geophysical_model672.nd,nd,UNK,,,900.0,60.0,900.0,180.97199999999998,900.0,60.0,1119.116,33.710000000000036,1489.927,101.13099999999986,1688.215,60.0,0.5604726521846585,0.47261073847043245,0.501898043041841,0.43952734781534153,0.5273892615295676,1
Geophysical_model617,/home/lyara/areswave/models/Geophysical_model617.nd,nd,UNK,,,900.0,60.0,900.0,22.54600000000005,900.0,60.0,1101.621,16.801999999999907,1454.457,100.81099999999992,1686.284,60.0,0.34560868045215243,0.5805334267282576,0.5022251779695558,0.6543913195478476,0.4194665732717424,1
Geophysical_model370,/home/lyara/areswave/models/Geophysical_model370.nd,nd,UNK,,,966.673,60.0,900.0,188.82299999999998,966.673,60.0,1116.688,33.33600000000001,1450.054,100.00999999999999,1681.453,60.0,0.419906938964686,0.5436730032341359,0.5024176484776527,0.580093061035314,0.456326996765864,1
Geophysical_model514,/home/lyara/areswave/models/Geophysical_model514.nd,nd,UNK,,,916.991,60.0,878.264,195.62300000000005,916.991,60.0,1120.887,33.98299999999995,1494.697,84.95699999999988,1693.151,60.0,0.6281106180760161,0.439741638564348,0.5025312984015707,0.3718893819239839,0.560258361435652,1
Geophysical_model11,/home/lyara/areswave/models/Geophysical_model11.nd,nd,UNK,,,1001.216,60.0,861.153,194.23299999999995,1001.216,60.0,1119.301,33.738000000000056,1490.426,101.2159999999999,1688.731,60.0,0.6103630391166781,0.4486923192628274,0.502582559214111,0.3896369608833219,0.5513076807371726,1
Geophysical_model445,/home/lyara/areswave/models/Geophysical_model445.nd,nd,UNK,,,1047.789,60.0,900.0,189.394,1047.789,60.0,1146.314,32.8420000000001,1491.154,65.68399999999997,1672.494,60.0,0.35631762780362597,0.5757894344168758,0.5026321655457925,0.643682372196374,0.4242105655831242,1
Geophysical_model923,/home/lyara/areswave/models/Geophysical_model923.nd,nd,UNK,,,933.343,60.0,900.0,180.43899999999996,933.343,60.0,1116.73,33.343000000000075,1483.505,83.35800000000017,1681.57,60.0,0.42085265109097103,0.5436177991053207,0.5026960831005375,0.579147348909029,0.4563822008946793,1
Geophysical_model365,/home/lyara/areswave/models/Geophysical_model365.nd,nd,UNK,,,999.752,60.0,900.0,199.11900000000003,999.752,60.0,1132.755,33.251000000000204,1481.887,99.75199999999995,1679.896,60.0,0.5078411104819462,0.5004044590360033,0.5028833428513176,0.4921588895180537,0.4995955409639967,1
Geophysical_model644,/home/lyara/areswave/models/Geophysical_model644.nd,nd,UNK,,,1099.903,60.0,900.0,21.504999999999995,1099.903,60.0,1116.562,16.65800000000013,1466.392,116.61000000000013,1681.1,60.0,0.39344324190777435,0.5578644105441455,0.5030573543320217,0.6065567580922256,0.44213558945585457,1
Geophysical_model643,/home/lyara/areswave/models/Geophysical_model643.nd,nd,UNK,,,1099.903,60.0,900.0,21.504999999999995,1099.903,60.0,1116.562,16.65800000000013,1466.392,116.61000000000013,1681.1,60.0,0.39344324190777435,0.5578644105441455,0.5030573543320217,0.6065567580922256,0.44213558945585457,1
MD_model12,/home/lyara/areswave/models/MD_model12.nd,nd,UNK,,,998.179,60.0,812.363,10.322999999999979,998.179,60.0,1183.995,165.16999999999985,1442.073,185.81600000000003,1584.814,60.0,0.4109798715301868,0.5493368115766326,0.5032178315611507,0.5890201284698132,0.4506631884233674,1
Geophysical_model404,/home/lyara/areswave/models/Geophysical_model404.nd,nd,UNK,,,966.706,60.0,900.0,186.46400000000006,966.706,60.0,1116.796,33.353000000000065,1467.004,100.05999999999995,1681.752,60.0,0.6232212725150057,0.44416744402538166,0.503852053521923,0.3767787274849943,0.5558325559746183,1
CD_model90,/home/lyara/areswave/models/CD_model90.nd,nd,UNK,,,,60.0,,60.0,,60.0,,60.0,,60.0,,60.0,0.46898991564440795,0.5213468387370572,0.5038945310395074,0.531010084355592,0.4786531612629427,1
CD_model86,/home/lyara/areswave/models/CD_model86.nd,nd,UNK,,,,60.0,,60.0,,60.0,,60.0,,60.0,,60.0,0.46898991564440795,0.5213468387370572,0.5038945310395074,0.531010084355592,0.4786531612629427,1
Geophysical_model380,/home/lyara/areswave/models/Geophysical_model380.nd,nd,UNK,,,1047.105,60.0,900.0,187.49099999999999,1047.105,60.0,1145.175,32.690000000000055,1488.42,65.38000000000011,1669.744,60.0,0.5910951165159947,0.4610086734662401,0.5043708211494916,0.40890488348400533,0.5389913265337599,1
Geophysical_model451,/home/lyara/areswave/models/Geophysical_model451.nd,nd,UNK,,,1047.105,60.0,900.0,187.49099999999999,1047.105,60.0,1145.175,32.690000000000055,1488.42,65.38000000000011,1669.744,60.0,0.5910951165159947,0.4610086734662401,0.5043708211494916,0.40890488348400533,0.5389913265337599,1
Geophysical_model873,/home/lyara/areswave/models/Geophysical_model873.nd,nd,UNK,,,966.709,60.0,875.782,193.74599999999998,966.709,60.0,1133.481,33.35500000000002,1483.703,66.70900000000006,1681.776,60.0,0.44577094470543044,0.5336917715357651,0.5043848292589869,0.5542290552945696,0.4663082284642349,1
Geophysical_model830,/home/lyara/areswave/models/Geophysical_model830.nd,nd,UNK,,,966.709,60.0,875.782,193.74599999999998,966.709,60.0,1133.481,33.35500000000002,1483.703,66.70900000000006,1681.776,60.0,0.44577094470543044,0.5336917715357651,0.5043848292589869,0.5542290552945696,0.4663082284642349,1
Geophysical_model238,/home/lyara/areswave/models/Geophysical_model238.nd,nd,UNK,,,983.209,60.0,877.982,198.163,983.209,60.0,1116.342,16.641999999999825,1465.818,116.49200000000019,1680.489,60.0,0.4199797942099752,0.5467013296194176,0.5044608178162702,0.5800202057900248,0.4532986703805823,1
Geophysical_model784,/home/lyara/areswave/models/Geophysical_model784.nd,nd,UNK,,,916.796,60.0,855.883,198.52800000000002,916.796,60.0,1118.345,33.5920000000001,1487.852,83.97900000000004,1686.068,60.0,0.48107026480506276,0.5170371965681835,0.5050482193138098,0.5189297351949372,0.48296280343181647,1
Geophysical_model179,/home/lyara/areswave/models/Geophysical_model179.nd,nd,UNK,,,1047.142,60.0,900.0,180.534,1047.142,60.0,1145.237,32.69800000000009,1488.569,65.39699999999993,1669.893,60.0,0.3917248084788698,0.5624778162544322,0.5055601469959113,0.6082751915211302,0.4375221837455678,1
Geophysical_model634,/home/lyara/areswave/models/Geophysical_model634.nd,nd,UNK,,,900.0,60.0,900.0,22.418000000000006,900.0,60.0,1101.621,16.801999999999907,1488.061,100.81099999999992,1686.284,60.0,0.5101698964201989,0.5042945832766357,0.5062530209911568,0.48983010357980106,0.4957054167233643,1
Geophysical_model416,/home/lyara/areswave/models/Geophysical_model416.nd,nd,UNK,,,965.961,60.0,900.0,191.53599999999994,965.961,60.0,1114.373,16.490999999999985,1460.669,98.94200000000001,1675.004,60.0,0.36376463290735583,0.5779394965035742,0.5065478753048348,0.6362353670926442,0.4220605034964258,1
Geophysical_model478,/home/lyara/areswave/models/Geophysical_model478.nd,nd,UNK,,,983.19,60.0,858.498,186.75699999999995,983.19,60.0,1116.294,16.63799999999992,1465.692,116.46500000000015,1680.354,60.0,0.4422745509439172,0.5389368858936255,0.5067161075770561,0.5577254490560828,0.46106311410637446,1
Geophysical_model368,/home/lyara/areswave/models/Geophysical_model368.nd,nd,UNK,,,1031.52,60.0,900.0,186.95600000000002,1031.52,60.0,1130.159,32.87999999999988,1491.838,82.19900000000007,1673.183,60.0,0.5212984276854884,0.5000251885017766,0.5071162682296805,0.47870157231451155,0.4999748114982235,1
Geophysical_model572,/home/lyara/areswave/models/Geophysical_model572.nd,nd,UNK,,,1099.901,60.0,900.0,21.404999999999973,1099.901,60.0,1116.56,16.65800000000013,1466.387,116.60899999999992,1681.095,60.0,0.3316647328796164,0.5948594453541928,0.5071278745293339,0.6683352671203836,0.4051405546458072,1
Geophysical_model779,/home/lyara/areswave/models/Geophysical_model779.nd,nd,UNK,,,933.604,60.0,877.962,198.34299999999996,933.604,60.0,1118.427,33.60400000000004,1488.074,84.01099999999997,1686.298,60.0,0.5168461097070692,0.502523390533701,0.5072976302581571,0.48315389029293077,0.49747660946629907,1
Geophysical_model785,/home/lyara/areswave/models/Geophysical_model785.nd,nd,UNK,,,900.0,60.0,900.0,29.769000000000005,900.0,60.0,1101.736,16.810999999999922,1471.585,100.86799999999994,1686.632,60.0,0.39604398454511525,0.5633761873506252,0.5075987864154552,0.6039560154548848,0.4366238126493748,1
Geophysical_model165,/home/lyara/areswave/models/Geophysical_model165.nd,nd,UNK,,,1016.295,60.0,900.0,197.50300000000004,1016.295,60.0,1132.589,33.22699999999986,1481.473,99.68200000000002,1679.468,60.0,0.46925174441416495,0.52803582116768,0.5084411289165084,0.530748255585835,0.47196417883232,1
Geophysical_model249,/home/lyara/areswave/models/Geophysical_model249.nd,nd,UNK,,,967.872,60.0,900.0,181.00400000000002,967.872,60.0,1120.585,33.937000000000126,1459.948,101.80899999999997,1692.31,60.0,0.51761622802764,0.5044496450800193,0.5088385060625595,0.48238377197236,0.4955503549199806,1
Geophysical_model83,/home/lyara/areswave/models/Geophysical_model83.nd,nd,UNK,,,1049.531,60.0,900.0,179.55899999999997,1049.531,60.0,1132.603,33.22900000000004,1498.123,83.07300000000009,1679.504,60.0,0.4523243300525689,0.5375613915502933,0.5091490377177185,0.5476756699474311,0.4624386084497068,1
Geophysical_model689,/home/lyara/areswave/models/Geophysical_model689.nd,nd,UNK,,,949.989,60.0,900.0,178.211,949.989,60.0,1116.619,16.66300000000001,1499.867,83.31500000000005,1681.259,60.0,0.4028633359791296,0.5626911468136553,0.5094152098688134,0.5971366640208704,0.43730885318634466,1
AK_model_7,/home/lyara/areswave/models/AK_model_7.nd,nd,UNK,,,1075.329,60.0,845.445,25.541999999999916,1075.329,60.0,1279.671,51.085000000000036,1305.214,51.08600000000001,1667.556,60.0,0.6050903590273606,0.46183630009171706,0.5095876530702649,0.39490964097263936,0.5381636999082829,1
Geophysical_model409,/home/lyara/areswave/models/Geophysical_model409.nd,nd,UNK,,,1047.741,60.0,900.0,190.02200000000005,1047.741,60.0,1146.235,32.830999999999904,1490.965,82.07799999999997,1672.304,60.0,0.6533534051971372,0.43779865911117644,0.50965024113983,0.3466465948028627,0.5622013408888236,1
Geophysical_model330,/home/lyara/areswave/models/Geophysical_model330.nd,nd,UNK,,,1047.741,60.0,900.0,190.02200000000005,1047.741,60.0,1146.235,32.830999999999904,1490.965,82.07799999999997,1672.304,60.0,0.6533534051971372,0.43779865911117644,0.50965024113983,0.3466465948028627,0.5622013408888236,1
Geophysical_model425,/home/lyara/areswave/models/Geophysical_model425.nd,nd,UNK,,,1031.687,60.0,900.0,185.74099999999999,1031.687,60.0,1130.452,32.922000000000025,1476.13,82.30399999999986,1673.94,60.0,0.41298349950548285,0.5580664134911881,0.5097054421626197,0.5870165004945171,0.4419335865088119,1
Geophysical_model225,/home/lyara/areswave/models/Geophysical_model225.nd,nd,UNK,,,983.376,60.0,900.0,189.029,983.376,60.0,1116.777,33.34999999999991,1483.63,100.05100000000016,1681.7,60.0,0.5448022337494478,0.4923578234077439,0.5098392935216453,0.45519776625055214,0.5076421765922561,1
Geophysical_model543,/home/lyara/areswave/models/Geophysical_model543.nd,nd,UNK,,,1086.489,60.0,900.0,21.24599999999998,1086.489,60.0,1103.443,16.952999999999975,1459.467,118.67499999999995,1691.782,60.0,0.4706026145071973,0.5297851267421743,0.5100576226638486,0.5293973854928027,0.4702148732578257,1
Geophysical_model852,/home/lyara/areswave/models/Geophysical_model852.nd,nd,UNK,,,900.0,60.0,900.0,22.33000000000004,900.0,60.0,1104.307,17.02500000000009,1461.843,119.17900000000009,1694.389,60.0,0.5735981667897714,0.47842604728021276,0.5101500871167323,0.42640183321022856,0.5215739527197872,1
Geophysical_model530,/home/lyara/areswave/models/Geophysical_model530.nd,nd,UNK,,,1086.696,60.0,900.0,21.399999999999977,1086.696,60.0,1103.669,16.97199999999998,1460.089,118.80700000000002,1692.465,60.0,0.4588977713207091,0.5364871262807286,0.5106240079607222,0.5411022286792909,0.4635128737192714,1
AK_model_39,/home/lyara/areswave/models/AK_model_39.nd,nd,UNK,,,1029.679,60.0,815.46,26.777000000000044,1029.679,60.0,1297.451,107.10899999999992,1431.337,160.664,1695.529,60.0,0.5351232574570267,0.4984639992026353,0.5106837519540991,0.4648767425429733,0.5015360007973647,1
Geophysical_model947,/home/lyara/areswave/models/Geophysical_model947.nd,nd,UNK,,,966.806,60.0,900.0,177.404,966.806,60.0,1133.823,33.40299999999979,1484.557,66.80700000000002,1682.659,60.0,0.5487994916864649,0.49169259355007433,0.5107282262622045,0.45120050831353514,0.5083074064499257,1
Geophysical_model748,/home/lyara/areswave/models/Geophysical_model748.nd,nd,UNK,,,1099.489,60.0,900.0,21.061000000000035,1099.489,60.0,1116.113,16.624000000000024,1465.218,99.74500000000012,1679.849,60.0,0.6231170451213547,0.45543414981927743,0.5113284482533031,0.3768829548786453,0.5445658501807226,1
Geophysical_model284,/home/lyara/areswave/models/Geophysical_model284.nd,nd,UNK,,,1032.872,60.0,900.0,181.64300000000003,1032.872,60.0,1132.525,33.2170000000001,1497.923,83.04500000000007,1679.303,60.0,0.5581404549787041,0.4893213473722069,0.5122610499077059,0.4418595450212958,0.5106786526277931,1
Geophysical_model515,/home/lyara/areswave/models/Geophysical_model515.nd,nd,UNK,,,1099.766,60.0,900.0,22.442000000000007,1099.766,60.0,1116.413,16.646999999999935,1466.003,99.88300000000004,1680.686,60.0,0.695607468624025,0.4208503616508157,0.5124360639752188,0.30439253137597494,0.5791496383491843,1
Geophysical_model350,/home/lyara/areswave/models/Geophysical_model350.nd,nd,UNK,,,999.844,60.0,878.82,190.61599999999999,999.844,60.0,1116.329,16.6400000000001,1465.783,99.84400000000005,1680.452,60.0,0.5450993815779255,0.4963190139802258,0.5125791365127924,0.45490061842207447,0.5036809860197742,1
Geophysical_model970,/home/lyara/areswave/models/Geophysical_model970.nd,nd,UNK,,,933.805,60.0,900.0,186.68499999999995,933.805,60.0,1119.733,33.805000000000064,1474.687,84.51299999999992,1689.935,60.0,0.5237736938397151,0.5071133283767345,0.5126667835310613,0.476226306160285,0.4928866716232655,1
Geophysical_model556,/home/lyara/areswave/models/Geophysical_model556.nd,nd,UNK,,,900.0,60.0,900.0,179.90099999999995,900.0,60.0,1119.137,33.71399999999994,1473.128,101.14099999999985,1688.275,60.0,0.5335559677295907,0.5027590140156655,0.5130246652536405,0.46644403227040926,0.49724098598433447,1
Geophysical_model666,/home/lyara/areswave/models/Geophysical_model666.nd,nd,UNK,,,900.0,60.0,900.0,179.90099999999995,900.0,60.0,1119.137,33.71399999999994,1473.128,101.14099999999985,1688.275,60.0,0.5335559677295907,0.5027590140156655,0.5130246652536405,0.46644403227040926,0.49724098598433447,1
Geophysical_model75,/home/lyara/areswave/models/Geophysical_model75.nd,nd,UNK,,,1031.636,60.0,900.0,186.52099999999996,1031.636,60.0,1130.363,32.90899999999988,1492.363,82.27300000000014,1673.71,60.0,0.45935408712141546,0.5399368478651265,0.5130759276172229,0.5406459128785845,0.4600631521348734,1
Geophysical_model686,/home/lyara/areswave/models/Geophysical_model686.nd,nd,UNK,,,900.0,60.0,900.0,21.477999999999952,900.0,60.0,1116.829,33.35799999999995,1483.771,100.07500000000005,1681.845,60.0,0.3924796796575565,0.5752236325920799,0.5143089816139054,0.6075203203424435,0.4247763674079201,1
Geophysical_model865,/home/lyara/areswave/models/Geophysical_model865.nd,nd,UNK,,,933.943,60.0,900.0,185.74,933.943,60.0,1120.631,33.942999999999984,1494.007,84.85800000000017,1692.437,60.0,0.48821673021161494,0.5284033571961695,0.5150078148679846,0.5117832697883851,0.47159664280383046,1
Geophysical_model884,/home/lyara/areswave/models/Geophysical_model884.nd,nd,UNK,,,933.365,60.0,900.0,186.28300000000002,933.365,60.0,1116.871,33.36500000000001,1483.885,83.41200000000003,1681.963,60.0,0.49478795801262965,0.5254664025706599,0.5152402543846498,0.5052120419873704,0.47453359742934015,1
CD_model84,/home/lyara/areswave/models/CD_model84.nd,nd,UNK,,,,60.0,,60.0,,60.0,,60.0,,60.0,,60.0,0.628250737806751,0.4587976443206975,0.5152820088160487,0.37174926219324894,0.5412023556793025,1
Geophysical_model43,/home/lyara/areswave/models/Geophysical_model43.nd,nd,UNK,,,1099.378,60.0,900.0,180.832,1099.378,60.0,1115.993,16.614000000000033,1431.674,99.68900000000008,1679.515,60.0,0.431746515858044,0.5570892631591954,0.5153083473921449,0.568253484141956,0.4429107368408046,1
Geophysical_model484,/home/lyara/areswave/models/Geophysical_model484.nd,nd,UNK,,,1031.853,60.0,900.0,187.85500000000002,1031.853,60.0,1130.743,32.96399999999994,1493.339,82.4079999999999,1674.693,60.0,0.49991343961651435,0.5241739863104531,0.5160871374124735,0.5000865603834856,0.4758260136895469,1
Geophysical_model51,/home/lyara/areswave/models/Geophysical_model51.nd,nd,UNK,,,983.004,60.0,878.652,192.13599999999997,983.004,60.0,1115.809,16.601000000000113,1481.025,116.20499999999993,1679.004,60.0,0.5480196422379959,0.5001508679718594,0.5161071260605715,0.451980357762004,0.4998491320281406,1
Geophysical_model266,/home/lyara/areswave/models/Geophysical_model266.nd,nd,UNK,,,949.973,60.0,900.0,197.60500000000002,949.973,60.0,1116.548,16.656999999999925,1449.698,99.94499999999994,1681.061,60.0,0.5306539704188746,0.5089200831577625,0.5161647122447999,0.4693460295811253,0.49107991684223745,1
Geophysical_model195,/home/lyara/areswave/models/Geophysical_model195.nd,nd,UNK,,,966.712,60.0,900.0,192.40499999999997,966.712,60.0,1116.813,33.355999999999995,1483.727,100.06700000000001,1681.8,60.0,0.4978228960047586,0.5258869810340199,0.5165322860242662,0.5021771039952414,0.47411301896598007,1
Geophysical_model60,/home/lyara/areswave/models/Geophysical_model60.nd,nd,UNK,,,966.712,60.0,900.0,192.40499999999997,966.712,60.0,1116.813,33.355999999999995,1483.727,100.06700000000001,1681.8,60.0,0.4978228960047586,0.5258869810340199,0.5165322860242662,0.5021771039952414,0.47411301896598007,1
MD_model30,/home/lyara/areswave/models/MD_model30.nd,nd,UNK,,,1031.761,60.0,887.465,10.307000000000016,1031.761,60.0,1279.127,154.60400000000004,1330.661,61.84199999999987,1586.589,60.0,0.6358591852194735,0.4579956905030734,0.5172835220752068,0.36414081478052657,0.5420043094969266,1
AK_model_80,/home/lyara/areswave/models/AK_model_80.nd,nd,UNK,,,1048.834,60.0,845.714,25.3900000000001,1048.834,60.0,1277.345,50.77999999999997,1328.125,50.7800000000002,1687.555,60.0,0.5454624733320346,0.5033397435547193,0.5173806534804911,0.4545375266679655,0.49666025644528067,1
Geophysical_model251,/home/lyara/areswave/models/Geophysical_model251.nd,nd,UNK,,,967.872,60.0,900.0,180.24099999999999,967.872,60.0,1120.585,33.937000000000126,1459.948,101.80899999999997,1692.31,60.0,0.5200857475052456,0.5162172071426611,0.5175067205968559,0.4799142524947544,0.48378279285733894,1
Geophysical_model426,/home/lyara/areswave/models/Geophysical_model426.nd,nd,UNK,,,967.872,60.0,900.0,180.24099999999999,967.872,60.0,1120.585,33.937000000000126,1459.948,101.80899999999997,1692.31,60.0,0.5200857475052456,0.5162172071426611,0.5175067205968559,0.4799142524947544,0.48378279285733894,1
CD_model95,/home/lyara/areswave/models/CD_model95.nd,nd,UNK,,,,60.0,,60.0,,60.0,,60.0,,60.0,,60.0,0.5979719882531109,0.47730384468109444,0.5175265592050999,0.402028011746889,0.5226961553189056,1
Geophysical_model744,/home/lyara/areswave/models/Geophysical_model744.nd,nd,UNK,,,1088.067,60.0,900.0,20.639999999999986,1088.067,60.0,1105.164,17.09699999999998,1464.2,119.67900000000009,1696.976,60.0,0.4553984221808306,0.5485962261383265,0.5175302914858279,0.5446015778191694,0.4514037738616735,1
MD_model3,/home/lyara/areswave/models/MD_model3.nd,nd,UNK,,,1000.461,60.0,799.496,10.576999999999998,1000.461,60.0,1137.964,190.38800000000015,1434.124,190.3889999999999,1609.796,60.0,0.4041351115836108,0.5745092254034523,0.5177178541301718,0.5958648884163892,0.4254907745965477,1
Geophysical_model372,/home/lyara/areswave/models/Geophysical_model372.nd,nd,UNK,,,966.596,60.0,900.0,180.875,966.596,60.0,1116.437,16.649000000000115,1466.066,99.894,1680.753,60.0,0.39020536701584696,0.5821389398622596,0.5181610822467887,0.609794632984153,0.4178610601377403,1
MD_model28,/home/lyara/areswave/models/MD_model28.nd,nd,UNK,,,969.799,60.0,817.032,185.50200000000007,969.799,60.0,1297.155,43.64799999999991,1340.802,98.2059999999999,1649.766,60.0,0.6052983346135032,0.4748852775542407,0.5183562965739948,0.3947016653864968,0.5251147224457593,1
Geophysical_model717,/home/lyara/areswave/models/Geophysical_model717.nd,nd,UNK,,,916.648,60.0,877.434,180.52700000000004,916.648,60.0,1116.419,16.64799999999991,1499.315,99.88499999999999,1680.704,60.0,0.5952655069057536,0.4807254009380556,0.5189054362606216,0.40473449309424636,0.5192745990619444,1
Geophysical_model558,/home/lyara/areswave/models/Geophysical_model558.nd,nd,UNK,,,1097.761,60.0,900.0,24.104000000000042,1097.761,60.0,1114.242,16.480000000000018,1460.324,98.88100000000009,1674.637,60.0,0.4253410499290331,0.5657693783685132,0.5189599355553531,0.5746589500709669,0.4342306216314868,1
Geophysical_model817,/home/lyara/areswave/models/Geophysical_model817.nd,nd,UNK,,,950.91,60.0,900.0,185.16499999999996,950.91,60.0,1120.608,33.940000000000055,1476.975,84.84899999999993,1692.373,60.0,0.7357638074369455,0.41106921817290887,0.5193007479275877,0.2642361925630545,0.5889307818270911,1
Geophysical_model59,/home/lyara/areswave/models/Geophysical_model59.nd,nd,UNK,,,1063.404,60.0,900.0,196.39999999999998,1063.404,60.0,1145.107,32.68099999999981,1488.256,65.36200000000008,1669.579,60.0,0.3422055284167388,0.6078537169145135,0.5193043207485886,0.6577944715832612,0.3921462830854865,1
Geophysical_model186,/home/lyara/areswave/models/Geophysical_model186.nd,nd,UNK,,,933.038,60.0,900.0,199.34000000000003,933.038,60.0,1114.745,16.519000000000005,1445.122,99.11300000000006,1676.04,60.0,0.4906636488307464,0.5337074402673749,0.5193595097884988,0.5093363511692536,0.46629255973262507,1
Geophysical_model87,/home/lyara/areswave/models/Geophysical_model87.nd,nd,UNK,,,1031.859,60.0,900.0,186.91999999999996,1031.859,60.0,1130.753,32.96399999999994,1476.882,82.41200000000003,1674.718,60.0,0.4471337815445352,0.5558259939788979,0.519595256500777,0.5528662184554648,0.4441740060211021,1
Geophysical_model936,/home/lyara/areswave/models/Geophysical_model936.nd,nd,UNK,,,1086.703,60.0,900.0,21.596000000000004,1086.703,60.0,1103.676,16.972999999999956,1460.108,118.81000000000017,1692.486,60.0,0.4963624629901926,0.5319973080365623,0.5201190263544391,0.5036375370098074,0.46800269196343774,1
Geophysical_model379,/home/lyara/areswave/models/Geophysical_model379.nd,nd,UNK,,,1047.698,60.0,900.0,189.60400000000004,1047.698,60.0,1146.164,32.82199999999989,1490.792,82.05399999999986,1672.131,60.0,0.3892600272725636,0.5867077287396871,0.520891828250646,0.6107399727274364,0.4132922712603128,1
MD_model59,/home/lyara/areswave/models/MD_model59.nd,nd,UNK,,,935.775,60.0,826.829,79.23300000000006,935.775,60.0,1262.612,69.33000000000015,1302.229,39.615999999999985,1470.6,61.90000000000009,0.40915601383895295,0.5768197700466651,0.520931851310761,0.590843986161047,0.42318022995333493,1
Geophysical_model500,/home/lyara/areswave/models/Geophysical_model500.nd,nd,UNK,,,950.39,60.0,900.0,189.02200000000005,950.39,60.0,1135.153,33.59400000000005,1487.881,67.18600000000015,1686.099,60.0,0.7129912510421154,0.4256099965357667,0.5214037480378829,0.28700874895788464,0.5743900034642333,1
Geophysical_model815,/home/lyara/areswave/models/Geophysical_model815.nd,nd,UNK,,,950.781,60.0,900.0,183.49599999999998,950.781,60.0,1136.977,33.85400000000004,1475.515,67.70700000000011,1690.818,60.0,0.4683594679728931,0.5486489794140794,0.521885808933684,0.5316405320271069,0.45135102058592064,1
MD_model40,/home/lyara/areswave/models/MD_model40.nd,nd,UNK,,,1052.24,60.0,752.637,181.90200000000004,1052.24,60.0,1266.242,32.09999999999991,1351.843,53.500999999999976,1614.318,60.0,0.41999363028061787,0.5732817164703294,0.5221856877404255,0.5800063697193821,0.42671828352967056,1
Geophysical_model386,/home/lyara/areswave/models/Geophysical_model386.nd,nd,UNK,,,967.7,60.0,900.0,181.90800000000002,967.7,60.0,1120.025,33.850000000000136,1458.525,118.47499999999991,1690.748,60.0,0.5072861617917697,0.5296816294127594,0.5222164735390962,0.4927138382082304,0.4703183705872406,1
Geophysical_model397,/home/lyara/areswave/models/Geophysical_model397.nd,nd,UNK,,,967.7,60.0,900.0,181.90800000000002,967.7,60.0,1120.025,33.850000000000136,1458.525,118.47499999999991,1690.748,60.0,0.5072861617917697,0.5296816294127594,0.5222164735390962,0.4927138382082304,0.4703183705872406,1
Geophysical_model382,/home/lyara/areswave/models/Geophysical_model382.nd,nd,UNK,,,1063.521,60.0,900.0,197.65700000000004,1063.521,60.0,1145.281,32.70399999999995,1488.674,65.4079999999999,1669.999,60.0,0.47984660142485913,0.5437273153710688,0.5224337440556656,0.5201533985751409,0.4562726846289312,1
Geophysical_model210,/home/lyara/areswave/models/Geophysical_model210.nd,nd,UNK,,,984.407,60.0,861.669,191.654,984.407,60.0,1119.457,33.76299999999992,1490.847,101.28800000000001,1689.167,60.0,0.44201648451130204,0.5638948834234268,0.5232687504527185,0.557983515488698,0.4361051165765733,1
Geophysical_model470,/home/lyara/areswave/models/Geophysical_model470.nd,nd,UNK,,,1063.97,60.0,900.0,188.42200000000003,1063.97,60.0,1145.955,32.79399999999987,1490.293,65.58799999999997,1671.628,60.0,0.49009822209904286,0.5405646391467704,0.5237425001308612,0.5099017779009571,0.4594353608532296,1
Geophysical_model929,/home/lyara/areswave/models/Geophysical_model929.nd,nd,UNK,,,933.343,60.0,900.0,179.35500000000002,933.343,60.0,1116.73,33.343000000000075,1483.505,83.35800000000017,1681.57,60.0,0.6836502736769587,0.4445716957948198,0.5242645550888662,0.3163497263230412,0.5554283042051802,1
Geophysical_model835,/home/lyara/areswave/models/Geophysical_model835.nd,nd,UNK,,,949.989,60.0,900.0,178.12400000000002,949.989,60.0,1116.619,16.66300000000001,1483.204,83.31500000000005,1681.259,60.0,0.45471069641411477,0.5593672904882321,0.524481759130193,0.5452893035858852,0.440632709511768,1
Geophysical_model752,/home/lyara/areswave/models/Geophysical_model752.nd,nd,UNK,,,933.856,60.0,900.0,185.07000000000005,933.856,60.0,1120.061,33.855999999999995,1458.617,84.6389999999999,1690.849,60.0,0.5549833855596972,0.5101304756745884,0.5250814456362912,0.4450166144403028,0.4898695243254117,1
Geophysical_model754,/home/lyara/areswave/models/Geophysical_model754.nd,nd,UNK,,,933.856,60.0,900.0,185.07000000000005,933.856,60.0,1120.061,33.855999999999995,1458.617,84.6389999999999,1690.849,60.0,0.5549833855596972,0.5101304756745884,0.5250814456362912,0.4450166144403028,0.4898695243254117,1
Geophysical_model994,/home/lyara/areswave/models/Geophysical_model994.nd,nd,UNK,,,933.856,60.0,900.0,185.07000000000005,933.856,60.0,1120.061,33.855999999999995,1458.617,84.6389999999999,1690.849,60.0,0.5549833855596972,0.5101304756745884,0.5250814456362912,0.4450166144403028,0.4898695243254117,1
Geophysical_model903,/home/lyara/areswave/models/Geophysical_model903.nd,nd,UNK,,,916.669,60.0,877.364,181.08500000000004,916.669,60.0,1116.699,33.337999999999965,1483.42,83.346,1681.482,60.0,0.36703971075817177,0.604247805859824,0.5251784408259399,0.6329602892418282,0.39575219414017604,1
Geophysical_model796,/home/lyara/areswave/models/Geophysical_model796.nd,nd,UNK,,,916.669,60.0,877.364,181.08500000000004,916.669,60.0,1116.699,33.337999999999965,1483.42,83.346,1681.482,60.0,0.36703971075817177,0.604247805859824,0.5251784408259399,0.6329602892418282,0.39575219414017604,1
Geophysical_model593,/home/lyara/areswave/models/Geophysical_model593.nd,nd,UNK,,,916.669,60.0,877.364,181.08500000000004,916.669,60.0,1116.699,33.337999999999965,1483.42,83.346,1681.482,60.0,0.36703971075817177,0.604247805859824,0.5251784408259399,0.6329602892418282,0.39575219414017604,1
Geophysical_model757,/home/lyara/areswave/models/Geophysical_model757.nd,nd,UNK,,,916.648,60.0,900.0,180.37900000000002,916.648,60.0,1116.419,16.64799999999991,1499.315,99.88499999999999,1680.704,60.0,0.513794358469692,0.5314738829196131,0.5255807081029727,0.486205641530308,0.46852611708038694,1
Geophysical_model885,/home/lyara/areswave/models/Geophysical_model885.nd,nd,UNK,,,916.648,60.0,900.0,180.37900000000002,916.648,60.0,1116.419,16.64799999999991,1499.315,99.88499999999999,1680.704,60.0,0.513794358469692,0.5314738829196131,0.5255807081029727,0.486205641530308,0.46852611708038694,1
Geophysical_model927,/home/lyara/areswave/models/Geophysical_model927.nd,nd,UNK,,,933.844,60.0,879.592,183.668,933.844,60.0,1119.984,33.84400000000005,1492.265,84.60900000000015,1690.635,60.0,0.5379760898027881,0.520085850957051,0.52604926390563,0.4620239101972119,0.479914149042949,1
Geophysical_model809,/home/lyara/areswave/models/Geophysical_model809.nd,nd,UNK,,,916.969,60.0,878.195,196.24400000000003,916.969,60.0,1120.603,33.93900000000008,1493.931,84.84699999999998,1692.359,60.0,0.44663686491083854,0.5659362233829572,0.5261697705589177,0.5533631350891615,0.4340637766170428,1
Geophysical_model548,/home/lyara/areswave/models/Geophysical_model548.nd,nd,UNK,,,916.902,60.0,879.896,180.93899999999996,916.902,60.0,1119.729,33.80400000000009,1474.676,84.51099999999997,1689.924,60.0,0.5309894464955699,0.5241331348478544,0.5264185720637595,0.4690105535044301,0.4758668651521456,1
Geophysical_model247,/home/lyara/areswave/models/Geophysical_model247.nd,nd,UNK,,,966.552,60.0,900.0,193.11,966.552,60.0,1116.294,16.63799999999992,1465.692,99.82799999999997,1680.354,60.0,0.5571023868103668,0.5113630659069215,0.5266095062080699,0.4428976131896331,0.48863693409307846,1
Geophysical_model877,/home/lyara/areswave/models/Geophysical_model877.nd,nd,UNK,,,933.943,60.0,879.36,185.76099999999997,933.943,60.0,1120.631,33.942999999999984,1477.036,84.85800000000017,1692.437,60.0,0.5144376905227004,0.5327166295308562,0.5266236498614709,0.48556230947729956,0.4672833704691438,1
Geophysical_model496,/home/lyara/areswave/models/Geophysical_model496.nd,nd,UNK,,,1064.195,60.0,900.0,188.313,1064.195,60.0,1146.293,32.83899999999994,1474.684,65.67800000000011,1672.443,60.0,0.40498927794406536,0.5876331846029685,0.5267518823833341,0.5950107220559346,0.4123668153970315,1
MD_model14,/home/lyara/areswave/models/MD_model14.nd,nd,UNK,,,1003.044,60.0,801.326,10.616999999999962,1003.044,60.0,1130.445,138.01800000000003,1321.547,191.10199999999986,1614.289,60.0,0.6817134809274361,0.4493027125233304,0.5267729686580324,0.3182865190725639,0.5506972874766696,1
Geophysical_model50,/home/lyara/areswave/models/Geophysical_model50.nd,nd,UNK,,,982.805,60.0,860.982,195.08799999999997,982.805,60.0,1115.292,16.56100000000015,1463.072,99.36500000000001,1677.564,60.0,0.509513941975978,0.5355732544633255,0.526886816967543,0.49048605802402195,0.4644267455366745,1
MD_model71,/home/lyara/areswave/models/MD_model71.nd,nd,UNK,,,988.56,60.0,746.594,10.520000000000095,988.56,60.0,1114.804,178.8449999999998,1440.933,21.039999999999964,1605.599,60.0,0.3540948087936806,0.6135533206394139,0.5270671500241695,0.6459051912063194,0.38644667936058613,1
MD_model86,/home/lyara/areswave/models/MD_model86.nd,nd,UNK,,,1096.037,60.0,822.973,196.606,1096.037,60.0,1128.805,10.923000000000002,1358.179,98.30299999999988,1635.11,60.0,0.32489045340595324,0.6282267825539983,0.5271146728379833,0.6751095465940468,0.37177321744600167,1
AK_model_87,/home/lyara/areswave/models/AK_model_87.nd,nd,UNK,,,1080.176,60.0,842.943,26.359000000000037,1080.176,60.0,1291.051,26.3599999999999,1343.769,79.07799999999997,1685.704,60.0,0.627390362266308,0.4770833405814171,0.5271856811430474,0.37260963773369205,0.5229166594185829,1
Geophysical_model827,/home/lyara/areswave/models/Geophysical_model827.nd,nd,UNK,,,916.589,60.0,878.476,193.716,916.589,60.0,1115.651,16.588999999999942,1497.188,99.53100000000018,1678.564,60.0,0.6938523128017364,0.44388267861563424,0.5272058900110016,0.30614768719826363,0.5561173213843658,1
Geophysical_model841,/home/lyara/areswave/models/Geophysical_model841.nd,nd,UNK,,,916.723,60.0,877.735,178.11699999999996,916.723,60.0,1117.396,33.44599999999991,1485.297,83.61400000000003,1683.425,60.0,0.4334265457995312,0.5757636685990364,0.5283179609992014,0.5665734542004688,0.42423633140096356,1
Geophysical_model258,/home/lyara/areswave/models/Geophysical_model258.nd,nd,UNK,,,999.884,60.0,900.0,194.94500000000005,999.884,60.0,1116.415,16.646999999999935,1499.302,99.88400000000001,1680.691,60.0,0.3912247851398031,0.5979124107621112,0.5290165355546752,0.6087752148601969,0.40208758923788884,1
Geophysical_model720,/home/lyara/areswave/models/Geophysical_model720.nd,nd,UNK,,,933.975,60.0,879.241,186.83299999999997,933.975,60.0,1120.837,33.975000000000136,1494.562,84.9369999999999,1693.011,60.0,0.6094841757129875,0.4888573086592555,0.5290662643438329,0.3905158242870125,0.5111426913407445,1
Geophysical_model453,/home/lyara/areswave/models/Geophysical_model453.nd,nd,UNK,,,1031.555,60.0,876.742,186.06399999999996,1031.555,60.0,1130.221,32.888999999999896,1475.552,82.221,1673.341,60.0,0.39584306700850125,0.5957743946797434,0.5291306187893293,0.6041569329914988,0.4042256053202567,1
MD_model100,/home/lyara/areswave/models/MD_model100.nd,nd,UNK,,,1053.462,60.0,725.562,190.39299999999992,1053.462,60.0,1275.587,31.73199999999997,1349.629,74.04200000000014,1609.919,60.0,0.3443706305811125,0.6216088662825192,0.5291961210487169,0.6556293694188875,0.3783911337174808,1
AK_model_11,/home/lyara/areswave/models/AK_model_11.nd,nd,UNK,,,1040.425,60.0,848.992,23.928999999999974,1040.425,60.0,1279.717,71.78800000000001,1303.646,23.929000000000087,1652.614,60.0,0.7033825231928174,0.4422661840488695,0.5293049637635189,0.29661747680718265,0.5577338159511305,1
Geophysical_model651,/home/lyara/areswave/models/Geophysical_model651.nd,nd,UNK,,,900.0,60.0,900.0,22.408999999999992,900.0,60.0,1101.621,16.801999999999907,1488.061,100.81099999999992,1686.284,60.0,0.6085180415891079,0.4897032655667417,0.5293081909075305,0.39148195841089206,0.5102967344332583,1
Geophysical_model813,/home/lyara/areswave/models/Geophysical_model813.nd,nd,UNK,,,933.856,60.0,900.0,185.649,933.856,60.0,1120.061,33.855999999999995,1492.472,84.6389999999999,1690.849,60.0,0.4458927439058308,0.5712870725419006,0.529488962996544,0.5541072560941692,0.42871292745809947,1
Geophysical_model823,/home/lyara/areswave/models/Geophysical_model823.nd,nd,UNK,,,1085.338,60.0,900.0,29.761999999999944,1085.338,60.0,1102.186,16.84900000000016,1456.013,101.09300000000007,1687.991,60.0,0.5873726553033611,0.5011488642913993,0.5298901279620533,0.41262734469663886,0.4988511357086008,1
Geophysical_model802,/home/lyara/areswave/models/Geophysical_model802.nd,nd,UNK,,,1085.338,60.0,900.0,29.761999999999944,1085.338,60.0,1102.186,16.84900000000016,1456.013,101.09300000000007,1687.991,60.0,0.5873726553033611,0.5011488642913993,0.5298901279620533,0.41262734469663886,0.4988511357086008,1
Geophysical_model898,/home/lyara/areswave/models/Geophysical_model898.nd,nd,UNK,,,916.672,60.0,877.434,180.529,916.672,60.0,1116.741,33.34500000000003,1483.532,83.36199999999985,1681.599,60.0,0.544711381439295,0.5241836987533794,0.5310262596486847,0.45528861856070507,0.4758163012466205,1
Geophysical_model614,/home/lyara/areswave/models/Geophysical_model614.nd,nd,UNK,,,933.975,60.0,879.27,186.57299999999998,933.975,60.0,1120.837,33.975000000000136,1494.562,84.9369999999999,1693.011,60.0,0.4991736987987745,0.5475666495310981,0.5314356659536569,0.5008263012012255,0.4524333504689019,1
AK_model_99,/home/lyara/areswave/models/AK_model_99.nd,nd,UNK,,,1043.821,60.0,773.927,26.989000000000033,1043.821,60.0,1286.726,53.97900000000004,1313.715,53.97900000000004,1712.601,60.0,0.5139914967337358,0.5402567343725296,0.5315016551595984,0.48600850326626416,0.45974326562747037,1
Geophysical_model545,/home/lyara/areswave/models/Geophysical_model545.nd,nd,UNK,,,916.767,60.0,900.0,191.72900000000004,916.767,60.0,1117.965,33.5329999999999,1486.828,83.83300000000008,1685.009,60.0,0.5480824399440802,0.5241255514861612,0.5321111809721343,0.45191756005591976,0.47587444851383875,1
Geophysical_model369,/home/lyara/areswave/models/Geophysical_model369.nd,nd,UNK,,,1031.52,60.0,900.0,186.47000000000003,1031.52,60.0,1130.159,32.87999999999988,1475.398,82.19900000000007,1673.183,60.0,0.4114252994339843,0.5936310867172758,0.532895824289512,0.5885747005660157,0.4063689132827241,1
Geophysical_model418,/home/lyara/areswave/models/Geophysical_model418.nd,nd,UNK,,,1031.52,60.0,900.0,186.47000000000003,1031.52,60.0,1130.159,32.87999999999988,1475.398,82.19900000000007,1673.183,60.0,0.4114252994339843,0.5936310867172758,0.532895824289512,0.5885747005660157,0.4063689132827241,1
Geophysical_model432,/home/lyara/areswave/models/Geophysical_model432.nd,nd,UNK,,,1031.52,60.0,900.0,186.47000000000003,1031.52,60.0,1130.159,32.87999999999988,1475.398,82.19900000000007,1673.183,60.0,0.4114252994339843,0.5936310867172758,0.532895824289512,0.5885747005660157,0.4063689132827241,1
AK_model_84,/home/lyara/areswave/models/AK_model_84.nd,nd,UNK,,,1086.523,60.0,887.59,24.865999999999985,1086.523,60.0,1285.455,24.866999999999962,1360.055,74.60000000000014,1666.648,60.0,0.5141523455124335,0.5422941378641055,0.5329135404135482,0.4858476544875665,0.4577058621358945,1
Geophysical_model916,/home/lyara/areswave/models/Geophysical_model916.nd,nd,UNK,,,916.693,60.0,900.0,178.836,916.693,60.0,1117.015,33.386000000000195,1484.271,83.46699999999987,1682.363,60.0,0.44322023782116915,0.5780650769949256,0.5331167972703401,0.5567797621788309,0.4219349230050744,1
Geophysical_model870,/home/lyara/areswave/models/Geophysical_model870.nd,nd,UNK,,,900.0,60.0,859.178,183.70100000000002,900.0,60.0,1106.522,17.210000000000036,1485.145,86.04999999999995,1502.356,68.83999999999992,0.524364872664475,0.5376913342015542,0.5332491803558611,0.475635127335525,0.46230866579844576,1
AK_model_18,/home/lyara/areswave/models/AK_model_18.nd,nd,UNK,,,1030.098,60.0,809.519,24.509000000000015,1030.098,60.0,1275.186,98.03499999999985,1324.204,171.56100000000015,1676.548,60.0,0.3668078840337877,0.6166729006222657,0.5333845617594397,0.6331921159662123,0.38332709937773435,1
MD_model36,/home/lyara/areswave/models/MD_model36.nd,nd,UNK,,,943.636,60.0,709.932,180.58899999999994,943.636,60.0,1272.946,63.738000000000056,1304.815,10.623000000000047,1608.508,60.0,0.3815623996201458,0.6106801299892828,0.5343075531995705,0.6184376003798542,0.3893198700107173,1
Geophysical_model208,/home/lyara/areswave/models/Geophysical_model208.nd,nd,UNK,,,966.508,60.0,900.0,193.79899999999998,966.508,60.0,1116.152,16.626999999999953,1465.32,99.76199999999994,1679.958,60.0,0.4860708891242833,0.5586220476958434,0.5344383281719901,0.5139291108757167,0.4413779523041566,1
Geophysical_model190,/home/lyara/areswave/models/Geophysical_model190.nd,nd,UNK,,,966.508,60.0,900.0,193.79899999999998,966.508,60.0,1116.152,16.626999999999953,1465.32,99.76199999999994,1679.958,60.0,0.4860708891242833,0.5586220476958434,0.5344383281719901,0.5139291108757167,0.4413779523041566,1
Geophysical_model53,/home/lyara/areswave/models/Geophysical_model53.nd,nd,UNK,,,966.508,60.0,900.0,193.79899999999998,966.508,60.0,1116.152,16.626999999999953,1465.32,99.76199999999994,1679.958,60.0,0.4860708891242833,0.5586220476958434,0.5344383281719901,0.5139291108757167,0.4413779523041566,1
Geophysical_model154,/home/lyara/areswave/models/Geophysical_model154.nd,nd,UNK,,,1096.756,60.0,900.0,198.57399999999996,1096.756,60.0,1145.945,32.79299999999989,1490.267,65.58500000000004,1671.602,60.0,0.3217924674431841,0.6410405042961016,0.5346244920117957,0.6782075325568159,0.3589594957038984,1
AK_model_30,/home/lyara/areswave/models/AK_model_30.nd,nd,UNK,,,1083.305,60.0,820.426,26.28800000000001,1083.305,60.0,1293.608,52.57600000000002,1319.896,52.57600000000002,1687.417,60.0,0.7260933390655028,0.4396187876149831,0.5351103047651563,0.2739066609344972,0.5603812123850169,1
Geophysical_model762,/home/lyara/areswave/models/Geophysical_model762.nd,nd,UNK,,,933.422,60.0,900.0,184.31399999999996,933.422,60.0,1117.244,33.423,1484.889,83.55599999999981,1683.002,60.0,0.5375796113249135,0.5338762097623355,0.5351106769498615,0.4624203886750865,0.4661237902376645,1
MD_model26,/home/lyara/areswave/models/MD_model26.nd,nd,UNK,,,1011.624,60.0,870.538,10.077999999999975,1011.624,60.0,1293.796,151.164,1354.261,60.465999999999894,1485.27,60.0,0.5163654121296627,0.5449615257976816,0.535429487908342,0.4836345878703373,0.4550384742023183,1
MD_model97,/home/lyara/areswave/models/MD_model97.nd,nd,UNK,,,969.857,60.0,861.889,183.54600000000005,969.857,60.0,1293.761,32.391000000000076,1347.745,64.77999999999997,1633.027,60.0,0.3474709683076367,0.6297099512037341,0.5356302902383683,0.6525290316923633,0.3702900487962659,1
Geophysical_model92,/home/lyara/areswave/models/Geophysical_model92.nd,nd,UNK,,,983.004,60.0,878.65,192.14800000000002,983.004,60.0,1115.809,16.601000000000113,1497.625,99.60400000000004,1679.004,60.0,0.4568977071670278,0.5760938264105353,0.5363617866626994,0.5431022928329722,0.4239061735894647,1
Geophysical_model82,/home/lyara/areswave/models/Geophysical_model82.nd,nd,UNK,,,1096.27,60.0,900.0,198.57399999999996,1096.27,60.0,1145.337,32.71100000000001,1488.81,65.423,1670.136,60.0,0.29534166864241396,0.657279865182318,0.5366337996690166,0.704658331357586,0.3427201348176821,1
Geophysical_model559,/home/lyara/areswave/models/Geophysical_model559.nd,nd,UNK,,,900.0,60.0,900.0,181.12199999999996,900.0,60.0,1119.137,33.71399999999994,1473.128,101.14099999999985,1688.275,60.0,0.7013130884315762,0.4543661870068597,0.5366818208150986,0.29868691156842375,0.5456338129931403,1
Geophysical_model191,/home/lyara/areswave/models/Geophysical_model191.nd,nd,UNK,,,966.625,60.0,900.0,195.34400000000005,966.625,60.0,1116.53,16.65599999999995,1466.308,99.93599999999992,1681.011,60.0,0.4683344818890314,0.570951998594333,0.5367461596925658,0.5316655181109686,0.42904800140566696,1
Geophysical_model294,/home/lyara/areswave/models/Geophysical_model294.nd,nd,UNK,,,1001.298,60.0,861.612,191.938,1001.298,60.0,1119.479,33.76700000000005,1474.023,101.298,1689.229,60.0,0.3878262893816554,0.6114012485925817,0.5368762621889397,0.6121737106183446,0.38859875140741834,1
Geophysical_model584,/home/lyara/areswave/models/Geophysical_model584.nd,nd,UNK,,,916.701,60.0,877.696,178.433,916.701,60.0,1117.112,33.402000000000044,1484.532,83.5039999999999,1682.633,60.0,0.45824860463435046,0.5765305113734456,0.5371032091270805,0.5417513953656495,0.4234694886265544,1
Geophysical_model390,/home/lyara/areswave/models/Geophysical_model390.nd,nd,UNK,,,1033.228,60.0,900.0,182.29700000000003,1033.228,60.0,1133.149,33.307000000000016,1499.526,83.26800000000003,1680.916,60.0,0.47216834852664713,0.5696615639891344,0.5371638255016387,0.5278316514733529,0.43033843601086563,1
Geophysical_model147,/home/lyara/areswave/models/Geophysical_model147.nd,nd,UNK,,,1064.034,60.0,900.0,190.61,1064.034,60.0,1146.052,32.807000000000016,1490.524,65.6139999999998,1671.86,60.0,0.3586282403154659,0.6268764694783182,0.5374603930907008,0.6413717596845341,0.3731235305216818,1
MD_model24,/home/lyara/areswave/models/MD_model24.nd,nd,UNK,,,1031.407,60.0,893.911,10.575999999999908,1031.407,60.0,1295.822,84.61299999999983,1316.975,95.18900000000008,1609.009,60.0,0.6063247221588015,0.5038213396099822,0.537989133792922,0.39367527784119843,0.49617866039001784,1
Geophysical_model455,/home/lyara/areswave/models/Geophysical_model455.nd,nd,UNK,,,1049.531,60.0,900.0,179.63599999999997,1049.531,60.0,1132.603,33.22900000000004,1481.508,83.07300000000009,1679.504,60.0,0.5399821846996284,0.5373303318965226,0.5382142828308912,0.46001781530037156,0.46266966810347737,1
Geophysical_model962,/home/lyara/areswave/models/Geophysical_model962.nd,nd,UNK,,,1085.282,60.0,900.0,29.508000000000038,1085.282,60.0,1102.126,16.84400000000005,1455.847,101.0630000000001,1687.809,60.0,0.5918415143193634,0.5120558299602918,0.5386510580799823,0.4081584856806367,0.4879441700397082,1
Geophysical_model930,/home/lyara/areswave/models/Geophysical_model930.nd,nd,UNK,,,1085.282,60.0,900.0,29.508000000000038,1085.282,60.0,1102.126,16.84400000000005,1455.847,101.0630000000001,1687.809,60.0,0.5918415143193634,0.5120558299602918,0.5386510580799823,0.4081584856806367,0.4879441700397082,1
Geophysical_model561,/home/lyara/areswave/models/Geophysical_model561.nd,nd,UNK,,,900.0,60.0,900.0,22.397000000000048,900.0,60.0,1101.621,16.801999999999907,1488.061,100.81099999999992,1686.284,60.0,0.7073448824594197,0.4551409364846617,0.5392089184762477,0.2926551175405803,0.5448590635153383,1
Geophysical_model957,/home/lyara/areswave/models/Geophysical_model957.nd,nd,UNK,,,949.985,60.0,900.0,199.42999999999995,949.985,60.0,1133.262,33.32300000000009,1483.154,83.30799999999999,1681.208,60.0,0.4907506540957458,0.5642897694430864,0.5397767309939728,0.5092493459042542,0.43571023055691366,1
Geophysical_model829,/home/lyara/areswave/models/Geophysical_model829.nd,nd,UNK,,,949.985,60.0,900.0,199.42999999999995,949.985,60.0,1133.262,33.32300000000009,1483.154,83.30799999999999,1681.208,60.0,0.4907506540957458,0.5642897694430864,0.5397767309939728,0.5092493459042542,0.43571023055691366,1
MD_model82,/home/lyara/areswave/models/MD_model82.nd,nd,UNK,,,1052.51,60.0,736.454,189.63400000000001,1052.51,60.0,1263.214,42.13999999999987,1336.96,63.21100000000001,1596.883,60.0,0.34369391858500453,0.6379979050309716,0.5398965762156492,0.6563060814149955,0.3620020949690284,1
Geophysical_model28,/home/lyara/areswave/models/Geophysical_model28.nd,nd,UNK,,,999.738,60.0,900.0,196.45899999999995,999.738,60.0,1116.099,16.623000000000047,1465.181,99.73799999999983,1679.811,60.0,0.45948967981518496,0.5805146675239096,0.5401730049543346,0.540510320184815,0.41948533247609043,1
Geophysical_model270,/home/lyara/areswave/models/Geophysical_model270.nd,nd,UNK,,,1001.288,60.0,880.467,195.33399999999995,1001.288,60.0,1119.457,33.76299999999992,1490.847,101.28800000000001,1689.167,60.0,0.43468935478857595,0.592980064748262,0.5402164947617,0.565310645211424,0.40701993525173796,1
Geophysical_model118,/home/lyara/areswave/models/Geophysical_model118.nd,nd,UNK,,,965.822,60.0,859.686,181.41200000000003,965.822,60.0,1113.92,16.455999999999904,1459.484,115.1869999999999,1673.742,60.0,0.4975692872207911,0.5619086411154273,0.5404621898172152,0.5024307127792089,0.4380913588845727,1
AK_model_48,/home/lyara/areswave/models/AK_model_48.nd,nd,UNK,,,1008.347,60.0,797.627,26.339999999999918,1008.347,60.0,1298.086,131.70000000000005,1482.466,52.679999999999836,1692.058,60.0,0.7216785496429023,0.4511686661281562,0.5413386272997383,0.27832145035709766,0.5488313338718438,1
Geophysical_model574,/home/lyara/areswave/models/Geophysical_model574.nd,nd,UNK,,,900.0,60.0,900.0,191.03700000000003,900.0,60.0,1116.744,33.34500000000003,1483.543,100.03599999999983,1681.61,60.0,0.4947678580009939,0.5650398015359519,0.5416158203576326,0.5052321419990061,0.43496019846404815,1
Geophysical_model575,/home/lyara/areswave/models/Geophysical_model575.nd,nd,UNK,,,900.0,60.0,900.0,191.03700000000003,900.0,60.0,1116.744,33.34500000000003,1483.543,100.03599999999983,1681.61,60.0,0.4947678580009939,0.5650398015359519,0.5416158203576326,0.5052321419990061,0.43496019846404815,1
Geophysical_model39,/home/lyara/areswave/models/Geophysical_model39.nd,nd,UNK,,,1032.972,60.0,877.469,180.25099999999998,1032.972,60.0,1132.701,33.243000000000166,1498.374,83.10699999999997,1679.757,60.0,0.6081044511472143,0.5084039073319926,0.5416374219370664,0.39189554885278566,0.4915960926680074,1
MD_model1,/home/lyara/areswave/models/MD_model1.nd,nd,UNK,,,998.962,60.0,781.126,10.372999999999934,998.962,60.0,1102.693,197.08999999999992,1445.007,186.7170000000001,1598.079,60.0,0.41235711896273053,0.606284922857283,0.5416423215590989,0.5876428810372695,0.39371507714271703,1
AK_model_82,/home/lyara/areswave/models/AK_model_82.nd,nd,UNK,,,1066.874,60.0,841.141,25.081000000000017,1066.874,60.0,1292.606,50.162000000000035,1342.769,50.16300000000001,1675.283,60.0,0.49245977244476513,0.5672671301229957,0.5423313442302522,0.5075402275552349,0.4327328698770043,1
Geophysical_model601,/home/lyara/areswave/models/Geophysical_model601.nd,nd,UNK,,,916.693,60.0,877.681,178.54899999999998,916.693,60.0,1117.015,33.386000000000195,1484.271,83.46699999999987,1682.363,60.0,0.5283675325293775,0.5494566956161967,0.542426974587257,0.47163246747062243,0.4505433043838033,1
MD_model7,/home/lyara/areswave/models/MD_model7.nd,nd,UNK,,,992.399,60.0,762.376,10.455000000000041,992.399,60.0,1107.411,188.20000000000005,1389.712,188.20100000000002,1605.996,60.0,0.4649254341003347,0.5815435371917541,0.542670836161281,0.5350745658996653,0.4184564628082459,1
Geophysical_model522,/home/lyara/areswave/models/Geophysical_model522.nd,nd,UNK,,,916.711,60.0,877.48,180.159,916.711,60.0,1117.248,33.423,1484.898,83.55700000000002,1683.012,60.0,0.6410806097158218,0.49359810955877303,0.5427589429444559,0.3589193902841782,0.506401890441227,1
Geophysical_model384,/home/lyara/areswave/models/Geophysical_model384.nd,nd,UNK,,,949.523,60.0,900.0,189.937,949.523,60.0,1114.598,16.507000000000062,1461.256,99.04499999999985,1675.63,60.0,0.6234989367702811,0.5029324745457682,0.5431212952872725,0.3765010632297189,0.4970675254542319,1
Geophysical_model474,/home/lyara/areswave/models/Geophysical_model474.nd,nd,UNK,,,949.523,60.0,900.0,189.937,949.523,60.0,1114.598,16.507000000000062,1461.256,99.04499999999985,1675.63,60.0,0.6234989367702811,0.5029324745457682,0.5431212952872725,0.3765010632297189,0.4970675254542319,1
Geophysical_model943,/home/lyara/areswave/models/Geophysical_model943.nd,nd,UNK,,,900.0,60.0,900.0,188.60199999999998,900.0,60.0,1115.838,16.60200000000009,1464.498,116.22000000000003,1679.083,60.0,0.49112279183313934,0.5695637462942544,0.5434167614738827,0.5088772081668607,0.4304362537057456,1
AK_model_47,/home/lyara/areswave/models/AK_model_47.nd,nd,UNK,,,1007.565,60.0,771.239,26.258000000000038,1007.565,60.0,1270.15,131.29199999999992,1480.218,26.259000000000015,1689.744,60.0,0.6492480039130182,0.49057651657325874,0.5434670123531785,0.35075199608698177,0.5094234834267413,1
Geophysical_model909,/home/lyara/areswave/models/Geophysical_model909.nd,nd,UNK,,,916.648,60.0,900.0,180.34400000000005,916.648,60.0,1116.419,16.64799999999991,1499.315,99.88499999999999,1680.704,60.0,0.6103340179620245,0.5102075216156081,0.5435830203977469,0.3896659820379756,0.48979247838439194,1
Geophysical_model503,/home/lyara/areswave/models/Geophysical_model503.nd,nd,UNK,,,950.526,60.0,900.0,173.24099999999999,950.526,60.0,1135.789,33.68399999999997,1489.473,67.36899999999991,1687.745,60.0,0.4542006739054376,0.5884833808230123,0.543722478517154,0.5457993260945624,0.4115166191769876,1
Geophysical_model758,/home/lyara/areswave/models/Geophysical_model758.nd,nd,UNK,,,950.526,60.0,900.0,173.24099999999999,950.526,60.0,1135.789,33.68399999999997,1489.473,67.36899999999991,1687.745,60.0,0.4542006739054376,0.5884833808230123,0.543722478517154,0.5457993260945624,0.4115166191769876,1
Geophysical_model886,/home/lyara/areswave/models/Geophysical_model886.nd,nd,UNK,,,950.526,60.0,900.0,173.24099999999999,950.526,60.0,1135.789,33.68399999999997,1489.473,67.36899999999991,1687.745,60.0,0.4542006739054376,0.5884833808230123,0.543722478517154,0.5457993260945624,0.4115166191769876,1
Geophysical_model246,/home/lyara/areswave/models/Geophysical_model246.nd,nd,UNK,,,1033.219,60.0,900.0,180.10900000000004,1033.219,60.0,1133.134,33.305000000000064,1482.834,83.26200000000017,1680.877,60.0,0.3698544964989937,0.6306864366579159,0.5437424566049418,0.6301455035010063,0.36931356334208415,1
Geophysical_model431,/home/lyara/areswave/models/Geophysical_model431.nd,nd,UNK,,,999.807,60.0,900.0,191.389,999.807,60.0,1116.249,16.634000000000015,1465.574,99.80700000000002,1680.229,60.0,0.44311169770777925,0.5942645233348923,0.5438802481258547,0.5568883022922207,0.4057354766651077,1
MD_model41,/home/lyara/areswave/models/MD_model41.nd,nd,UNK,,,935.041,60.0,741.286,182.99,935.041,60.0,1268.729,64.58500000000004,1301.021,53.82100000000014,1628.814,60.0,0.5636364281003727,0.53424054699682,0.5440391740313376,0.4363635718996272,0.46575945300318,1
Geophysical_model512,/home/lyara/areswave/models/Geophysical_model512.nd,nd,UNK,,,933.807,60.0,900.0,183.49300000000005,933.807,60.0,1119.743,33.807000000000016,1491.615,84.51700000000005,1689.962,60.0,0.516719389377556,0.5585296962634163,0.5445929273014629,0.483280610622444,0.4414703037365837,1
MD_model84,/home/lyara/areswave/models/MD_model84.nd,nd,UNK,,,957.206,60.0,743.892,191.98299999999995,957.206,60.0,1277.177,53.32899999999995,1341.172,74.65999999999985,1613.68,60.0,0.6521784554536646,0.4909032010479776,0.5446616191832065,0.3478215445463354,0.5090967989520224,1
Geophysical_model78,/home/lyara/areswave/models/Geophysical_model78.nd,nd,UNK,,,916.795,60.0,900.0,184.466,916.795,60.0,1101.543,16.795000000000073,1437.448,100.77099999999996,1686.049,60.0,0.5193021785524818,0.5577596408628702,0.5449404867594074,0.48069782144751816,0.4422403591371297,1
Geophysical_model31,/home/lyara/areswave/models/Geophysical_model31.nd,nd,UNK,,,983.237,60.0,879.302,186.28300000000002,983.237,60.0,1116.417,16.64800000000014,1466.015,99.88400000000001,1680.698,60.0,0.6064628949039591,0.5146334257423502,0.5452432487962198,0.3935371050960409,0.4853665742576498,1
Geophysical_model894,/home/lyara/areswave/models/Geophysical_model894.nd,nd,UNK,,,950.013,60.0,900.0,182.41999999999996,950.013,60.0,1133.396,33.3420000000001,1483.489,66.68399999999997,1681.554,60.0,0.43061746961380976,0.6026185446996801,0.54528485300439,0.5693825303861902,0.3973814553003198,1
MD_model68,/home/lyara/areswave/models/MD_model68.nd,nd,UNK,,,1004.173,60.0,810.147,10.212000000000103,1004.173,60.0,1126.717,142.9670000000001,1402.439,112.33100000000013,1575.246,60.0,0.5063467228364522,0.5650052168277118,0.5454523854972919,0.49365327716354784,0.43499478317228824,1
Geophysical_model858,/home/lyara/areswave/models/Geophysical_model858.nd,nd,UNK,,,933.805,60.0,900.0,184.51800000000003,933.805,60.0,1119.733,33.805000000000064,1491.589,84.51299999999992,1689.935,60.0,0.6423452638313838,0.49705880055032636,0.5454876216440122,0.35765473616861615,0.5029411994496736,1
MD_model78,/home/lyara/areswave/models/MD_model78.nd,nd,UNK,,,1001.327,60.0,824.502,10.40199999999993,1001.327,60.0,1136.547,166.42399999999998,1302.971,166.42399999999998,1591.73,60.0,0.38353797787082566,0.627928514702497,0.5464650024252732,0.6164620221291743,0.372071485297503,1
Geophysical_model241,/home/lyara/areswave/models/Geophysical_model241.nd,nd,UNK,,,1033.228,60.0,900.0,182.39200000000005,1033.228,60.0,1133.149,33.307000000000016,1482.872,83.26800000000003,1680.916,60.0,0.46345048392852184,0.5882355687837301,0.5466405404986606,0.5365495160714782,0.41176443121626993,1
AK_model_70,/home/lyara/areswave/models/AK_model_70.nd,nd,UNK,,,1060.0,60.0,825.0,25.0,1060.0,60.0,1300.0,75.0,1300.0,50.0,1634.964,60.0,0.45222680052784114,0.5939456890173296,0.5467060595208334,0.5477731994721589,0.40605431098267036,1
Geophysical_model93,/home/lyara/areswave/models/Geophysical_model93.nd,nd,UNK,,,967.494,60.0,900.0,192.45299999999997,967.494,60.0,1119.357,33.74700000000007,1456.828,118.11599999999999,1688.886,60.0,0.6326203470353537,0.5038054998967214,0.5467437822762655,0.3673796529646462,0.4961945001032786,1
CD_model39,/home/lyara/areswave/models/CD_model39.nd,nd,UNK,,,,60.0,,60.0,,60.0,,60.0,,60.0,,60.0,0.5380118925276385,0.5511318632490096,0.5467585396752193,0.4619881074723616,0.44886813675099035,1
MD_model27,/home/lyara/areswave/models/MD_model27.nd,nd,UNK,,,1030.409,60.0,895.244,10.397000000000048,1030.409,60.0,1259.149,83.17799999999988,1311.135,31.19100000000003,1589.478,60.0,0.40078011814007175,0.6199060393256448,0.5468640655971204,0.5992198818599282,0.3800939606743552,1
Geophysical_model878,/home/lyara/areswave/models/Geophysical_model878.nd,nd,UNK,,,916.648,60.0,900.0,180.38800000000003,916.648,60.0,1116.419,16.64799999999991,1499.315,99.88499999999999,1680.704,60.0,0.6070808054699544,0.5168416522046496,0.5469213699597512,0.3929191945300456,0.4831583477953504,1
Geophysical_model682,/home/lyara/areswave/models/Geophysical_model682.nd,nd,UNK,,,966.806,60.0,900.0,177.611,966.806,60.0,1133.823,33.40299999999979,1484.557,66.80700000000002,1682.659,60.0,0.49156974848643675,0.5755468314072432,0.547554470433641,0.5084302515135632,0.4244531685927569,1
Geophysical_model869,/home/lyara/areswave/models/Geophysical_model869.nd,nd,UNK,,,933.943,60.0,900.0,186.05499999999995,933.943,60.0,1120.631,33.942999999999984,1477.036,84.85800000000017,1692.437,60.0,0.628055112522377,0.5080574237844337,0.5480566533637482,0.37194488747762305,0.4919425762155663,1
Geophysical_model567,/home/lyara/areswave/models/Geophysical_model567.nd,nd,UNK,,,933.943,60.0,900.0,186.05499999999995,933.943,60.0,1120.631,33.942999999999984,1477.036,84.85800000000017,1692.437,60.0,0.628055112522377,0.5080574237844337,0.5480566533637482,0.37194488747762305,0.4919425762155663,1
Geophysical_model951,/home/lyara/areswave/models/Geophysical_model951.nd,nd,UNK,,,933.943,60.0,900.0,186.07399999999996,933.943,60.0,1120.631,33.942999999999984,1477.036,84.85800000000017,1692.437,60.0,0.628055112522377,0.5080574237844337,0.5480566533637482,0.37194488747762305,0.4919425762155663,1
Geophysical_model319,/home/lyara/areswave/models/Geophysical_model319.nd,nd,UNK,,,1063.521,60.0,900.0,197.86199999999997,1063.521,60.0,1145.281,32.70399999999995,1488.674,65.4079999999999,1669.999,60.0,0.5117028523003149,0.5663949240680413,0.5481642334787992,0.4882971476996852,0.4336050759319587,1
MD_model61,/home/lyara/areswave/models/MD_model61.nd,nd,UNK,,,1068.978,60.0,864.088,193.50699999999995,1068.978,60.0,1194.188,193.50700000000006,1399.077,102.44500000000016,1694.611,60.0,0.40305895672852987,0.6207225053988645,0.5481679891754196,0.5969410432714701,0.3792774946011354,1
Geophysical_model536,/home/lyara/areswave/models/Geophysical_model536.nd,nd,UNK,,,916.773,60.0,856.044,197.80200000000002,916.773,60.0,1118.053,33.547000000000025,1487.065,83.86599999999999,1685.254,60.0,0.48774875557339537,0.578470465418967,0.5482298954704431,0.5122512444266046,0.421529534581033,1
Geophysical_model352,/home/lyara/areswave/models/Geophysical_model352.nd,nd,UNK,,,1064.355,60.0,900.0,189.35799999999995,1064.355,60.0,1146.533,16.435999999999922,1475.244,65.74200000000019,1673.022,60.0,0.32838116775354365,0.6588409422227197,0.5486876840663277,0.6716188322464564,0.34115905777728023,1
Geophysical_model264,/home/lyara/areswave/models/Geophysical_model264.nd,nd,UNK,,,966.81,60.0,900.0,179.33100000000002,966.81,60.0,1117.132,33.40499999999997,1451.182,100.21499999999992,1682.69,60.0,0.4330536440229835,0.6079859950698157,0.5496752113875383,0.5669463559770165,0.3920140049301844,1
AK_model_71,/home/lyara/areswave/models/AK_model_71.nd,nd,UNK,,,1027.518,60.0,797.261,25.58400000000006,1027.518,60.0,1283.359,76.75199999999995,1308.944,25.58400000000006,1695.121,60.0,0.503761580228082,0.5733144041428051,0.5501301295045641,0.49623841977191796,0.42668559585719484,1
Geophysical_model505,/home/lyara/areswave/models/Geophysical_model505.nd,nd,UNK,,,949.989,60.0,900.0,178.015,949.989,60.0,1116.619,16.66300000000001,1499.867,83.31500000000005,1681.259,60.0,0.5376231464449399,0.5564194861050688,0.5501540395516925,0.46237685355506014,0.44358051389493125,1
Geophysical_model726,/home/lyara/areswave/models/Geophysical_model726.nd,nd,UNK,,,916.736,60.0,875.955,192.35699999999997,916.736,60.0,1117.572,33.47199999999998,1485.77,83.68100000000004,1683.914,60.0,0.5863082954806633,0.5333682288704193,0.5510149177405007,0.41369170451933673,0.46663177112958065,1
Geophysical_model655,/home/lyara/areswave/models/Geophysical_model655.nd,nd,UNK,,,916.707,60.0,900.0,194.01800000000003,916.707,60.0,1117.197,33.414999999999964,1484.761,83.53800000000001,1682.87,60.0,0.5549448181874246,0.5495776428792042,0.5513667013152777,0.44505518181257536,0.4504223571207958,1
Geophysical_model928,/home/lyara/areswave/models/Geophysical_model928.nd,nd,UNK,,,916.707,60.0,900.0,194.01800000000003,916.707,60.0,1117.197,33.414999999999964,1484.761,83.53800000000001,1682.87,60.0,0.5549448181874246,0.5495776428792042,0.5513667013152777,0.44505518181257536,0.4504223571207958,1
Geophysical_model55,/home/lyara/areswave/models/Geophysical_model55.nd,nd,UNK,,,1064.102,60.0,900.0,191.78599999999994,1064.102,60.0,1146.153,32.819999999999936,1490.767,65.6400000000001,1672.105,60.0,0.3287575364511709,0.6630734299410418,0.5516347987777515,0.6712424635488291,0.3369265700589582,1
Geophysical_model119,/home/lyara/areswave/models/Geophysical_model119.nd,nd,UNK,,,1064.102,60.0,900.0,191.78599999999994,1064.102,60.0,1146.153,32.819999999999936,1490.767,65.6400000000001,1672.105,60.0,0.3287575364511709,0.6630734299410418,0.5516347987777515,0.6712424635488291,0.3369265700589582,1
AK_model_52,/home/lyara/areswave/models/AK_model_52.nd,nd,UNK,,,1026.612,60.0,827.005,24.951000000000022,1026.612,60.0,1276.121,74.85200000000009,1301.072,24.951000000000022,1681.933,60.0,0.710627478592776,0.47221109296511765,0.5516832215076705,0.289372521407224,0.5277889070348823,1
Geophysical_model209,/home/lyara/areswave/models/Geophysical_model209.nd,nd,UNK,,,1033.403,60.0,900.0,187.39999999999998,1033.403,60.0,1133.456,16.675000000000182,1483.64,66.702,1681.71,60.0,0.4574723634036766,0.5989320902004035,0.5517788479348279,0.5425276365963234,0.4010679097995965,1
Geophysical_model223,/home/lyara/areswave/models/Geophysical_model223.nd,nd,UNK,,,1016.377,60.0,900.0,197.923,1016.377,60.0,1132.755,33.251000000000204,1498.512,99.75199999999995,1679.896,60.0,0.5102902382954779,0.5728638810906759,0.5520060001589432,0.4897097617045221,0.42713611890932407,1
Geophysical_model138,/home/lyara/areswave/models/Geophysical_model138.nd,nd,UNK,,,982.921,60.0,900.0,196.41899999999998,982.921,60.0,1115.594,16.58400000000006,1463.861,116.08899999999994,1678.405,60.0,0.47429583406355624,0.591783913807375,0.5526212205594354,0.5257041659364438,0.4082160861926249,1
Geophysical_model791,/home/lyara/areswave/models/Geophysical_model791.nd,nd,UNK,,,1084.693,60.0,900.0,22.44100000000003,1084.693,60.0,1101.483,16.789999999999964,1487.659,100.74200000000019,1685.869,60.0,0.4072080948007021,0.6264409133413172,0.5533633071611122,0.5927919051992979,0.37355908665868276,1
Geophysical_model734,/home/lyara/areswave/models/Geophysical_model734.nd,nd,UNK,,,1084.693,60.0,900.0,22.44100000000003,1084.693,60.0,1101.483,16.789999999999964,1487.659,100.74200000000019,1685.869,60.0,0.4072080948007021,0.6264409133413172,0.5533633071611122,0.5927919051992979,0.37355908665868276,1
Geophysical_model221,/home/lyara/areswave/models/Geophysical_model221.nd,nd,UNK,,,1063.523,60.0,900.0,189.414,1063.523,60.0,1145.284,16.35200000000009,1488.683,65.4090000000001,1670.008,60.0,0.5050648935523716,0.5790225783300886,0.5543700167375163,0.49493510644762834,0.4209774216699113,1
Geophysical_model335,/home/lyara/areswave/models/Geophysical_model335.nd,nd,UNK,,,1031.52,60.0,900.0,187.375,1031.52,60.0,1130.159,32.87999999999988,1491.838,82.19900000000007,1673.183,60.0,0.45801475674109315,0.6025796149754001,0.5543913288972978,0.5419852432589068,0.39742038502459986,1
MD_model88,/home/lyara/areswave/models/MD_model88.nd,nd,UNK,,,971.749,60.0,755.911,194.255,971.749,60.0,1273.923,21.58400000000006,1338.675,53.960000000000036,1624.15,60.0,0.4162520119177959,0.623491170813409,0.554411451181538,0.5837479880822041,0.37650882918659107,1
Geophysical_model16,/home/lyara/areswave/models/Geophysical_model16.nd,nd,UNK,,,999.738,60.0,878.116,196.952,999.738,60.0,1116.099,16.623000000000047,1481.804,99.73799999999983,1679.811,60.0,0.42204359872184294,0.6220223898776349,0.5553627928257042,0.5779564012781571,0.377977610122365,1
Geophysical_model269,/home/lyara/areswave/models/Geophysical_model269.nd,nd,UNK,,,950.621,60.0,900.0,192.721,950.621,60.0,1119.357,33.74700000000007,1456.828,118.11599999999999,1688.886,60.0,0.6457393366855085,0.5102432299550814,0.5554085988652239,0.35426066331449146,0.48975677004491863,1
Geophysical_model487,/home/lyara/areswave/models/Geophysical_model487.nd,nd,UNK,,,1047.872,60.0,900.0,189.36,1047.872,60.0,1130.023,32.8599999999999,1491.488,82.15100000000007,1672.831,60.0,0.41696929658955784,0.6246863561404927,0.5554473362901811,0.5830307034104422,0.3753136438595073,1
Geophysical_model206,/home/lyara/areswave/models/Geophysical_model206.nd,nd,UNK,,,916.863,60.0,900.0,181.38800000000003,916.863,60.0,1102.35,16.863000000000056,1439.601,101.17599999999993,1688.486,60.0,0.631942218271796,0.5173677987251335,0.5555592719073543,0.368057781728204,0.48263220127486645,1
Geophysical_model924,/home/lyara/areswave/models/Geophysical_model924.nd,nd,UNK,,,966.648,60.0,900.0,192.32299999999998,966.648,60.0,1133.268,33.32400000000007,1483.17,83.31000000000017,1681.223,60.0,0.4282201078928676,0.6198100343217561,0.5559467255121265,0.5717798921071324,0.38018996567824387,1
MD_model23,/home/lyara/areswave/models/MD_model23.nd,nd,UNK,,,932.566,60.0,762.339,180.86599999999999,932.566,60.0,1273.019,74.47499999999991,1326.215,31.917000000000144,1608.988,60.0,0.5413595654173354,0.563708050107917,0.5562585552110565,0.45864043458266457,0.4362919498920829,1
AK_model_32,/home/lyara/areswave/models/AK_model_32.nd,nd,UNK,,,1041.652,60.0,799.091,26.951000000000022,1041.652,60.0,1284.214,53.90300000000002,1311.165,53.90300000000002,1709.879,60.0,0.5765736567940567,0.5470615049944969,0.5568988889276835,0.42342634320594325,0.4529384950055031,1
Geophysical_model479,/home/lyara/areswave/models/Geophysical_model479.nd,nd,UNK,,,983.998,60.0,876.544,187.64999999999998,983.998,60.0,1118.394,33.59899999999993,1487.983,100.79700000000003,1686.203,60.0,0.6408154124611095,0.5151982837590989,0.5570706599931025,0.3591845875388905,0.4848017162409011,1
Geophysical_model891,/home/lyara/areswave/models/Geophysical_model891.nd,nd,UNK,,,933.072,60.0,900.0,199.226,933.072,60.0,1114.966,16.536000000000058,1495.291,82.67899999999986,1676.656,60.0,0.6796731272060514,0.49600809871523177,0.5572297748788383,0.32032687279394856,0.5039919012847682,1
Geophysical_model702,/home/lyara/areswave/models/Geophysical_model702.nd,nd,UNK,,,916.728,60.0,900.0,193.447,916.728,60.0,1117.459,33.455999999999904,1485.467,83.63800000000015,1683.6,60.0,0.4058449960635039,0.633283844273898,0.5574708948704332,0.5941550039364961,0.36671615572610206,1
Geophysical_model377,/home/lyara/areswave/models/Geophysical_model377.nd,nd,UNK,,,1031.555,60.0,900.0,185.67899999999997,1031.555,60.0,1130.221,32.888999999999896,1491.996,82.221,1673.341,60.0,0.4182931376809107,0.6271975651936668,0.5575627560227481,0.5817068623190893,0.3728024348063333,1
Geophysical_model323,/home/lyara/areswave/models/Geophysical_model323.nd,nd,UNK,,,1048.112,60.0,900.0,188.29700000000003,1048.112,60.0,1130.397,32.91399999999999,1492.449,82.28500000000008,1673.797,60.0,0.3941279999356191,0.6407865879614862,0.5585670586195305,0.6058720000643809,0.35921341203851376,1
Geophysical_model472,/home/lyara/areswave/models/Geophysical_model472.nd,nd,UNK,,,1048.112,60.0,900.0,188.29700000000003,1048.112,60.0,1130.397,32.91399999999999,1492.449,82.28500000000008,1673.797,60.0,0.3941279999356191,0.6407865879614862,0.5585670586195305,0.6058720000643809,0.35921341203851376,1
Geophysical_model394,/home/lyara/areswave/models/Geophysical_model394.nd,nd,UNK,,,1048.112,60.0,900.0,188.29700000000003,1048.112,60.0,1130.397,32.91399999999999,1492.449,82.28500000000008,1673.797,60.0,0.3941279999356191,0.6407865879614862,0.5585670586195305,0.6058720000643809,0.35921341203851376,1
Geophysical_model475,/home/lyara/areswave/models/Geophysical_model475.nd,nd,UNK,,,1048.112,60.0,900.0,188.29700000000003,1048.112,60.0,1130.397,32.91399999999999,1492.449,82.28500000000008,1673.797,60.0,0.3941279999356191,0.6407865879614862,0.5585670586195305,0.6058720000643809,0.35921341203851376,1
AK_model_96,/home/lyara/areswave/models/AK_model_96.nd,nd,UNK,,,1066.783,60.0,771.908,26.807000000000016,1066.783,60.0,1281.238,26.807000000000016,1334.851,53.61299999999983,1705.64,60.0,0.45658867319489793,0.6096748828894367,0.5586461463245905,0.5434113268051021,0.3903251171105632,1
Geophysical_model941,/home/lyara/areswave/models/Geophysical_model941.nd,nd,UNK,,,900.0,60.0,900.0,29.79600000000005,900.0,60.0,1101.736,16.810999999999922,1488.396,100.86799999999994,1686.632,60.0,0.48048333174755464,0.5978986016574008,0.5587601783541188,0.5195166682524454,0.40210139834259917,1
Geophysical_model595,/home/lyara/areswave/models/Geophysical_model595.nd,nd,UNK,,,933.533,60.0,900.0,190.85500000000002,933.533,60.0,1117.965,33.5329999999999,1486.828,83.83300000000008,1685.009,60.0,0.35433723632881386,0.6610892870600916,0.558838603482999,0.6456627636711861,0.3389107129399084,1
Geophysical_model401,/home/lyara/areswave/models/Geophysical_model401.nd,nd,UNK,,,933.558,60.0,900.0,195.534,933.558,60.0,1101.346,16.778999999999996,1436.922,117.452,1685.455,60.0,0.5207291155608461,0.5781473098509161,0.5590079117542261,0.4792708844391539,0.4218526901490839,1
Geophysical_model143,/home/lyara/areswave/models/Geophysical_model143.nd,nd,UNK,,,984.095,60.0,900.0,186.25400000000002,984.095,60.0,1118.647,33.63799999999992,1488.665,100.91399999999999,1686.91,60.0,0.47386420700093745,0.6023249869486204,0.5595047269660594,0.5261357929990625,0.39767501305137964,1
Geophysical_model883,/home/lyara/areswave/models/Geophysical_model883.nd,nd,UNK,,,966.653,60.0,900.0,192.909,966.653,60.0,1133.286,33.327,1499.88,66.654,1681.272,60.0,0.4480719154067687,0.6158370699563545,0.5599153517731592,0.5519280845932313,0.38416293004364555,1
Geophysical_model965,/home/lyara/areswave/models/Geophysical_model965.nd,nd,UNK,,,966.653,60.0,900.0,192.909,966.653,60.0,1133.286,33.327,1499.88,66.654,1681.272,60.0,0.4480719154067687,0.6158370699563545,0.5599153517731592,0.5519280845932313,0.38416293004364555,1
Geophysical_model908,/home/lyara/areswave/models/Geophysical_model908.nd,nd,UNK,,,966.653,60.0,900.0,192.909,966.653,60.0,1133.286,33.327,1499.88,66.654,1681.272,60.0,0.4480719154067687,0.6158370699563545,0.5599153517731592,0.5519280845932313,0.38416293004364555,1
CD_model96,/home/lyara/areswave/models/CD_model96.nd,nd,UNK,,,,60.0,,60.0,,60.0,,60.0,,60.0,,60.0,0.4562863028132559,0.6117510342290662,0.5599294570904627,0.5437136971867441,0.3882489657709338,1
Geophysical_model730,/home/lyara/areswave/models/Geophysical_model730.nd,nd,UNK,,,933.948,60.0,900.0,185.625,933.948,60.0,1120.665,33.947999999999865,1494.098,84.87099999999987,1692.531,60.0,0.6305869896921978,0.5249363992573668,0.5601532627356438,0.36941301030780216,0.47506360074263315,1
Geophysical_model454,/home/lyara/areswave/models/Geophysical_model454.nd,nd,UNK,,,1031.52,60.0,900.0,186.462,1031.52,60.0,1130.159,32.87999999999988,1475.398,82.19900000000007,1673.183,60.0,0.6520786687924834,0.5143440309518694,0.5602555768987408,0.34792133120751656,0.4856559690481306,1
Geophysical_model819,/home/lyara/areswave/models/Geophysical_model819.nd,nd,UNK,,,1085.015,60.0,900.0,29.636999999999944,1085.015,60.0,1101.834,16.819999999999936,1455.044,117.73700000000008,1686.928,60.0,0.46401197383998616,0.6093201213393573,0.5608840721729003,0.5359880261600138,0.39067987866064274,1
Geophysical_model466,/home/lyara/areswave/models/Geophysical_model466.nd,nd,UNK,,,1031.687,60.0,900.0,185.18899999999996,1031.687,60.0,1130.452,32.922000000000025,1492.591,82.30399999999986,1673.94,60.0,0.5833476655266123,0.5499810753551909,0.561103272078998,0.4166523344733877,0.4500189246448091,1
Geophysical_model806,/home/lyara/areswave/models/Geophysical_model806.nd,nd,UNK,,,916.669,60.0,900.0,180.92600000000004,916.669,60.0,1116.699,33.337999999999965,1483.42,83.346,1681.482,60.0,0.4325568290287588,0.6257430768049768,0.5613476608795708,0.5674431709712412,0.37425692319502324,1
Geophysical_model591,/home/lyara/areswave/models/Geophysical_model591.nd,nd,UNK,,,916.669,60.0,900.0,180.92600000000004,916.669,60.0,1116.699,33.337999999999965,1483.42,83.346,1681.482,60.0,0.4325568290287588,0.6257430768049768,0.5613476608795708,0.5674431709712412,0.37425692319502324,1
Geophysical_model846,/home/lyara/areswave/models/Geophysical_model846.nd,nd,UNK,,,916.714,60.0,900.0,188.96900000000005,916.714,60.0,1117.284,33.42800000000011,1468.281,83.57100000000014,1683.113,60.0,0.40750114736242526,0.6382830347660668,0.561355738964853,0.5924988526375747,0.3617169652339332,1
Geophysical_model273,/home/lyara/areswave/models/Geophysical_model273.nd,nd,UNK,,,950.621,60.0,900.0,192.23299999999995,950.621,60.0,1119.357,33.74700000000007,1456.828,101.24199999999996,1688.886,60.0,0.45671069180332147,0.6137107111248222,0.5613773713509886,0.5432893081966785,0.38628928887517777,1
AK_model_78,/home/lyara/areswave/models/AK_model_78.nd,nd,UNK,,,1047.5,60.0,794.889,25.260999999999967,1047.5,60.0,1249.589,75.7829999999999,1300.111,50.52299999999991,1683.921,60.0,0.7646092592993401,0.4598753822761986,0.5614533412839124,0.23539074070065996,0.5401246177238014,1
Geophysical_model349,/home/lyara/areswave/models/Geophysical_model349.nd,nd,UNK,,,983.203,60.0,878.832,190.51300000000003,983.203,60.0,1116.329,16.6400000000001,1465.783,99.84400000000005,1680.452,60.0,0.7504285155570859,0.46734360730991675,0.5617052433923065,0.24957148444291408,0.5326563926900832,1
MD_model57,/home/lyara/areswave/models/MD_model57.nd,nd,UNK,,,943.736,60.0,850.536,93.19999999999993,943.736,60.0,1285.469,62.13300000000004,1306.18,31.06600000000003,1593.857,60.0,0.4415532861463759,0.6225015225994399,0.5621854437817518,0.5584467138536241,0.3774984774005601,1
Geophysical_model324,/home/lyara/areswave/models/Geophysical_model324.nd,nd,UNK,,,1049.881,60.0,900.0,182.40099999999995,1049.881,60.0,1133.149,33.307000000000016,1482.872,83.26800000000003,1680.916,60.0,0.3456459755140049,0.670494861728692,0.5622118996571296,0.6543540244859951,0.329505138271308,1
Geophysical_model201,/home/lyara/areswave/models/Geophysical_model201.nd,nd,UNK,,,1049.881,60.0,900.0,182.40099999999995,1049.881,60.0,1133.149,33.307000000000016,1482.872,83.26800000000003,1680.916,60.0,0.3456459755140049,0.670494861728692,0.5622118996571296,0.6543540244859951,0.329505138271308,1
Geophysical_model727,/home/lyara/areswave/models/Geophysical_model727.nd,nd,UNK,,,933.943,60.0,879.345,185.89099999999996,933.943,60.0,1120.631,33.942999999999984,1494.007,84.85800000000017,1692.437,60.0,0.5564057226507313,0.5651644758996068,0.562244891483315,0.44359427734926865,0.43483552410039317,1
Geophysical_model578,/home/lyara/areswave/models/Geophysical_model578.nd,nd,UNK,,,933.943,60.0,879.345,185.89099999999996,933.943,60.0,1120.631,33.942999999999984,1494.007,84.85800000000017,1692.437,60.0,0.5564057226507313,0.5651644758996068,0.562244891483315,0.44359427734926865,0.43483552410039317,1
Geophysical_model609,/home/lyara/areswave/models/Geophysical_model609.nd,nd,UNK,,,933.943,60.0,879.345,185.89099999999996,933.943,60.0,1120.631,33.942999999999984,1494.007,84.85800000000017,1692.437,60.0,0.5564057226507313,0.5651644758996068,0.562244891483315,0.44359427734926865,0.43483552410039317,1
Geophysical_model926,/home/lyara/areswave/models/Geophysical_model926.nd,nd,UNK,,,933.844,60.0,879.594,183.65200000000004,933.844,60.0,1119.984,33.84400000000005,1492.265,84.60900000000015,1690.635,60.0,0.3791447158799829,0.6538946799414256,0.5623113585876114,0.6208552841200171,0.34610532005857436,1
Geophysical_model180,/home/lyara/areswave/models/Geophysical_model180.nd,nd,UNK,,,966.993,60.0,856.89,193.99599999999998,966.993,60.0,1117.726,33.496999999999844,1486.187,100.49000000000001,1684.345,60.0,0.6064301930596427,0.5406854285073224,0.5626003500247625,0.3935698069403573,0.4593145714926777,1
Geophysical_model366,/home/lyara/areswave/models/Geophysical_model366.nd,nd,UNK,,,949.973,60.0,900.0,193.913,949.973,60.0,1116.548,16.656999999999925,1449.698,99.94499999999994,1681.061,60.0,0.551513212790046,0.5691193871215093,0.5632506623443548,0.44848678720995405,0.43088061287849067,1
Geophysical_model175,/home/lyara/areswave/models/Geophysical_model175.nd,nd,UNK,,,949.72,60.0,900.0,186.75400000000002,949.72,60.0,1115.452,16.573000000000093,1463.49,99.44000000000005,1678.009,60.0,0.4031076641192787,0.6433761467921175,0.5632866525678378,0.5968923358807213,0.3566238532078825,1
Geophysical_model139,/home/lyara/areswave/models/Geophysical_model139.nd,nd,UNK,,,1033.067,60.0,900.0,182.58299999999997,1033.067,60.0,1132.867,33.26700000000005,1498.801,83.16699999999992,1680.187,60.0,0.6141926009195522,0.5382618409605671,0.5635720942802288,0.38580739908044787,0.461738159039433,1
Geophysical_model129,/home/lyara/areswave/models/Geophysical_model129.nd,nd,UNK,,,1099.26,60.0,900.0,178.923,1099.26,60.0,1115.865,16.605000000000018,1431.359,116.23399999999992,1679.159,60.0,0.5530424912199496,0.5692851127292604,0.5638709055594902,0.44695750878005036,0.43071488727073953,1
Geophysical_model396,/home/lyara/areswave/models/Geophysical_model396.nd,nd,UNK,,,949.68,60.0,900.0,188.73199999999997,949.68,60.0,1115.279,16.559999999999945,1446.478,99.3599999999999,1677.528,60.0,0.46984940688228716,0.611647930676764,0.5643817560786051,0.5301505931177128,0.38835206932323596,1
Geophysical_model787,/home/lyara/areswave/models/Geophysical_model787.nd,nd,UNK,,,933.798,60.0,900.0,182.937,933.798,60.0,1119.688,33.798,1474.568,84.49500000000012,1689.809,60.0,0.549327518216475,0.572604749018659,0.5648456720845977,0.45067248178352504,0.427395250981341,1
Geophysical_model975,/home/lyara/areswave/models/Geophysical_model975.nd,nd,UNK,,,933.693,60.0,900.0,180.94000000000005,933.693,60.0,1119.005,33.69300000000021,1489.628,84.23299999999995,1687.906,60.0,0.46877410991519863,0.6130029320034838,0.5649266579740554,0.5312258900848014,0.3869970679965163,1
Geophysical_model696,/home/lyara/areswave/models/Geophysical_model696.nd,nd,UNK,,,933.693,60.0,900.0,180.94000000000005,933.693,60.0,1119.005,33.69300000000021,1489.628,84.23299999999995,1687.906,60.0,0.46877410991519863,0.6130029320034838,0.5649266579740554,0.5312258900848014,0.3869970679965163,1
Geophysical_model765,/home/lyara/areswave/models/Geophysical_model765.nd,nd,UNK,,,933.693,60.0,900.0,180.94000000000005,933.693,60.0,1119.005,33.69300000000021,1489.628,84.23299999999995,1687.906,60.0,0.46877410991519863,0.6130029320034838,0.5649266579740554,0.5312258900848014,0.3869970679965163,1
Geophysical_model616,/home/lyara/areswave/models/Geophysical_model616.nd,nd,UNK,,,933.693,60.0,900.0,180.94000000000005,933.693,60.0,1119.005,33.69300000000021,1489.628,84.23299999999995,1687.906,60.0,0.46877410991519863,0.6130029320034838,0.5649266579740554,0.5312258900848014,0.3869970679965163,1
Geophysical_model767,/home/lyara/areswave/models/Geophysical_model767.nd,nd,UNK,,,933.693,60.0,900.0,180.94000000000005,933.693,60.0,1119.005,33.69300000000021,1489.628,84.23299999999995,1687.906,60.0,0.46877410991519863,0.6130029320034838,0.5649266579740554,0.5312258900848014,0.3869970679965163,1
Geophysical_model76,/home/lyara/areswave/models/Geophysical_model76.nd,nd,UNK,,,1063.404,60.0,900.0,196.75800000000004,1063.404,60.0,1145.107,32.68099999999981,1488.256,65.36200000000008,1669.579,60.0,0.37745474686275937,0.6595786269142563,0.5655373335637573,0.6225452531372406,0.34042137308574366,1
CD_model73,/home/lyara/areswave/models/CD_model73.nd,nd,UNK,,,,60.0,,60.0,,60.0,,60.0,,60.0,,60.0,0.6443905553587312,0.5261116056921029,0.5655379222476457,0.3556094446412687,0.47388839430789703,1
CD_model17,/home/lyara/areswave/models/CD_model17.nd,nd,UNK,,,,60.0,,60.0,,60.0,,60.0,,60.0,,60.0,0.35965131651922455,0.6688338636469366,0.5657730146043659,0.6403486834807754,0.33116613635306336,1
Geophysical_model980,/home/lyara/areswave/models/Geophysical_model980.nd,nd,UNK,,,916.969,60.0,878.268,195.58399999999995,916.969,60.0,1120.603,33.93900000000008,1493.931,84.84699999999998,1692.359,60.0,0.4576286037020725,0.6198797328070826,0.5657960231054125,0.5423713962979275,0.3801202671929173,1
Geophysical_model619,/home/lyara/areswave/models/Geophysical_model619.nd,nd,UNK,,,916.969,60.0,878.268,195.58399999999995,916.969,60.0,1120.603,33.93900000000008,1493.931,84.84699999999998,1692.359,60.0,0.4576286037020725,0.6198797328070826,0.5657960231054125,0.5423713962979275,0.3801202671929173,1
Geophysical_model461,/home/lyara/areswave/models/Geophysical_model461.nd,nd,UNK,,,1031.853,60.0,900.0,187.83900000000006,1031.853,60.0,1130.743,32.96399999999994,1493.339,82.4079999999999,1674.693,60.0,0.387530170964524,0.6550915580580186,0.5659044290268537,0.612469829035476,0.3449084419419814,1
Geophysical_model347,/home/lyara/areswave/models/Geophysical_model347.nd,nd,UNK,,,1031.853,60.0,900.0,187.83900000000006,1031.853,60.0,1130.743,32.96399999999994,1493.339,82.4079999999999,1674.693,60.0,0.387530170964524,0.6550915580580186,0.5659044290268537,0.612469829035476,0.3449084419419814,1
Geophysical_model306,/home/lyara/areswave/models/Geophysical_model306.nd,nd,UNK,,,1031.853,60.0,900.0,187.83900000000006,1031.853,60.0,1130.743,32.96399999999994,1493.339,82.4079999999999,1674.693,60.0,0.387530170964524,0.6550915580580186,0.5659044290268537,0.612469829035476,0.3449084419419814,1
AK_model_64,/home/lyara/areswave/models/AK_model_64.nd,nd,UNK,,,998.537,60.0,795.118,25.42700000000002,998.537,60.0,1151.102,101.71000000000004,1354.521,76.28199999999993,1688.766,60.0,0.44451546680739773,0.6266308962194056,0.5659257530820696,0.5554845331926023,0.37336910378059435,1
Geophysical_model735,/home/lyara/areswave/models/Geophysical_model735.nd,nd,UNK,,,900.0,60.0,900.0,179.56500000000005,900.0,60.0,1118.565,33.625,1488.445,100.87599999999998,1686.682,60.0,0.41789549056949526,0.6404513125755429,0.5662660385735271,0.5821045094305047,0.35954868742445706,1
Geophysical_model736,/home/lyara/areswave/models/Geophysical_model736.nd,nd,UNK,,,1084.925,60.0,900.0,29.855999999999995,1084.925,60.0,1101.736,16.810999999999922,1454.774,100.86799999999994,1686.632,60.0,0.6077115555541124,0.545972511819611,0.5665521930644448,0.39228844444588756,0.454027488180389,1
AK_model_31,/home/lyara/areswave/models/AK_model_31.nd,nd,UNK,,,1063.166,60.0,823.564,26.622999999999934,1063.166,60.0,1276.145,26.623000000000047,1329.39,53.24499999999989,1699.028,60.0,0.5244055688759064,0.5881000257207729,0.5668685401058174,0.47559443112409355,0.41189997427922703,1
Geophysical_model613,/home/lyara/areswave/models/Geophysical_model613.nd,nd,UNK,,,1099.905,60.0,900.0,21.057000000000016,1099.905,60.0,1116.564,16.6579999999999,1466.397,99.95299999999997,1681.106,60.0,0.5263703915057039,0.587180499664617,0.566910463611646,0.47362960849429614,0.4128195003353829,1
Geophysical_model405,/home/lyara/areswave/models/Geophysical_model405.nd,nd,UNK,,,1047.083,60.0,900.0,186.64499999999998,1047.083,60.0,1145.138,32.684999999999945,1488.33,65.36999999999989,1669.654,60.0,0.5977211534106263,0.551674922492636,0.5670236661319662,0.40227884658937374,0.448325077507364,1
MD_model34,/home/lyara/areswave/models/MD_model34.nd,nd,UNK,,,1024.891,60.0,743.373,194.89800000000002,1024.891,60.0,1295.582,21.6550000000002,1371.376,75.79299999999989,1635.565,60.0,0.3517275559217812,0.6749590422984515,0.567215213506228,0.6482724440782188,0.32504095770154845,1
Geophysical_model715,/home/lyara/areswave/models/Geophysical_model715.nd,nd,UNK,,,900.0,60.0,900.0,180.03999999999996,900.0,60.0,1118.266,33.57899999999995,1470.849,100.73799999999983,1685.847,60.0,0.4576919493090471,0.6222238345829065,0.5673798728249534,0.5423080506909529,0.3777761654170935,1
Geophysical_model805,/home/lyara/areswave/models/Geophysical_model805.nd,nd,UNK,,,1085.08,60.0,900.0,29.801000000000045,1085.08,60.0,1101.905,16.826000000000022,1455.24,117.77800000000002,1687.143,60.0,0.47831897066281215,0.6125368539370062,0.5677975595122748,0.5216810293371879,0.38746314606299376,1
Geophysical_model531,/home/lyara/areswave/models/Geophysical_model531.nd,nd,UNK,,,950.068,60.0,900.0,179.99099999999999,950.068,60.0,1133.65,50.067999999999984,1484.125,66.75700000000006,1682.212,60.0,0.4737387087847794,0.6149110555706216,0.5678536066420076,0.5262612912152206,0.3850889444293783,1
Geophysical_model568,/home/lyara/areswave/models/Geophysical_model568.nd,nd,UNK,,,900.0,60.0,900.0,181.52300000000002,900.0,60.0,1118.976,33.68899999999985,1472.706,101.06600000000003,1687.825,60.0,0.5773514547163966,0.5632413618128937,0.5679447261140614,0.4226485452836034,0.4367586381871062,1
Geophysical_model808,/home/lyara/areswave/models/Geophysical_model808.nd,nd,UNK,,,916.724,60.0,900.0,188.91700000000003,916.724,60.0,1117.416,33.44800000000009,1468.626,83.62099999999987,1683.48,60.0,0.6159524868400692,0.5444746253003305,0.5683005791469101,0.3840475131599308,0.4555253746996694,1
Geophysical_model679,/home/lyara/areswave/models/Geophysical_model679.nd,nd,UNK,,,933.365,60.0,900.0,185.19600000000003,933.365,60.0,1116.872,33.36500000000001,1483.886,83.41300000000001,1681.964,60.0,0.5037067852137869,0.6010415618264171,0.5685966362888737,0.4962932147862132,0.3989584381735829,1
Geophysical_model257,/home/lyara/areswave/models/Geophysical_model257.nd,nd,UNK,,,967.872,60.0,900.0,180.54700000000003,967.872,60.0,1120.585,33.937000000000126,1459.948,101.80899999999997,1692.31,60.0,0.5181779568999882,0.5942152139989846,0.5688694616326525,0.4818220431000118,0.4057847860010154,1
Geophysical_model58,/home/lyara/areswave/models/Geophysical_model58.nd,nd,UNK,,,966.592,60.0,900.0,182.84199999999998,966.592,60.0,1116.423,16.64799999999991,1466.03,99.88800000000015,1680.715,60.0,0.45676506039948883,0.6250661498564487,0.5689657867041288,0.5432349396005112,0.37493385014355135,1
Geophysical_model248,/home/lyara/areswave/models/Geophysical_model248.nd,nd,UNK,,,999.558,60.0,878.729,191.44100000000003,999.558,60.0,1115.708,16.592999999999847,1497.346,99.55799999999999,1678.723,60.0,0.43054611523952147,0.6382027640376986,0.5689838811049729,0.5694538847604785,0.3617972359623014,1
Geophysical_model525,/home/lyara/areswave/models/Geophysical_model525.nd,nd,UNK,,,933.975,60.0,900.0,186.00699999999995,933.975,60.0,1120.837,33.975000000000136,1494.562,84.9369999999999,1693.011,60.0,0.5660309641036008,0.5707902335586543,0.5692038104069698,0.43396903589639924,0.4292097664413456,1
MD_model2,/home/lyara/areswave/models/MD_model2.nd,nd,UNK,,,986.891,60.0,741.65,21.326000000000022,986.891,60.0,1114.842,42.649999999999864,1445.384,42.65100000000007,1631.921,60.0,0.4301279931639532,0.6394052809007243,0.5696461849884673,0.5698720068360468,0.36059471909927565,1
Geophysical_model788,/home/lyara/areswave/models/Geophysical_model788.nd,nd,UNK,,,900.0,60.0,900.0,178.308,900.0,60.0,1120.035,33.85100000000011,1492.403,101.55500000000006,1690.777,60.0,0.4794179737175642,0.6149635483126836,0.5697816901143105,0.5205820262824358,0.3850364516873163,1
Geophysical_model998,/home/lyara/areswave/models/Geophysical_model998.nd,nd,UNK,,,933.856,60.0,879.282,186.45799999999997,933.856,60.0,1120.061,33.855999999999995,1492.472,84.6389999999999,1690.849,60.0,0.6217032313083583,0.5439507261676675,0.5698682278812311,0.37829676869164175,0.45604927383233257,1
Geophysical_model641,/home/lyara/areswave/models/Geophysical_model641.nd,nd,UNK,,,916.669,60.0,877.464,180.28499999999997,916.669,60.0,1116.699,33.337999999999965,1483.42,83.346,1681.482,60.0,0.5006268462884744,0.6047337643508782,0.570031458330077,0.49937315371152563,0.3952662356491218,1
Geophysical_model803,/home/lyara/areswave/models/Geophysical_model803.nd,nd,UNK,,,1099.489,60.0,900.0,21.019000000000005,1099.489,60.0,1116.113,16.624000000000024,1465.218,99.74500000000012,1679.849,60.0,0.7085055396106168,0.5015327135678469,0.5705236555821035,0.29149446038938326,0.49846728643215304,1
Geophysical_model579,/home/lyara/areswave/models/Geophysical_model579.nd,nd,UNK,,,1099.489,60.0,900.0,21.019000000000005,1099.489,60.0,1116.113,16.624000000000024,1465.218,99.74500000000012,1679.849,60.0,0.7085055396106168,0.5015327135678469,0.5705236555821035,0.29149446038938326,0.49846728643215304,1
AK_model_54,/home/lyara/areswave/models/AK_model_54.nd,nd,UNK,,,1017.898,60.0,837.887,25.715999999999894,1017.898,60.0,1172.194,102.86400000000003,1377.921,25.715000000000146,1664.88,60.0,0.6866419520521506,0.5129022309535424,0.5708154713197451,0.3133580479478494,0.48709776904645763,1
Geophysical_model828,/home/lyara/areswave/models/Geophysical_model828.nd,nd,UNK,,,966.709,60.0,900.0,193.61599999999999,966.709,60.0,1133.481,33.35500000000002,1483.703,66.70900000000006,1681.776,60.0,0.49437407085908824,0.6094703558987423,0.571104927552191,0.5056259291409118,0.3905296441012577,1
Geophysical_model84,/home/lyara/areswave/models/Geophysical_model84.nd,nd,UNK,,,1064.355,60.0,900.0,188.62699999999995,1064.355,60.0,1146.533,16.435999999999922,1475.244,65.74200000000019,1673.022,60.0,0.41150362575065125,0.6517950467243299,0.5716979063997704,0.5884963742493488,0.34820495327567014,1
Geophysical_model290,/home/lyara/areswave/models/Geophysical_model290.nd,nd,UNK,,,1001.133,60.0,861.561,192.197,1001.133,60.0,1119.121,33.71100000000001,1473.087,101.13300000000004,1688.231,60.0,0.5000613315072739,0.6096296665835013,0.5731068882247589,0.499938668492726,0.39037033341649874,1
Geophysical_model331,/home/lyara/areswave/models/Geophysical_model331.nd,nd,UNK,,,966.03,60.0,900.0,191.53599999999994,966.03,60.0,1114.598,16.507000000000062,1461.256,99.04499999999985,1675.63,60.0,0.40823560983468,0.6555574618655574,0.5731168445219316,0.59176439016532,0.3444425381344426,1
Geophysical_model665,/home/lyara/areswave/models/Geophysical_model665.nd,nd,UNK,,,1086.489,60.0,900.0,21.158000000000015,1086.489,60.0,1103.443,16.952999999999975,1459.467,118.67499999999995,1691.782,60.0,0.3878760745558679,0.6662745490326603,0.5734750575403962,0.6121239254441321,0.33372545096733974,1
Geophysical_model583,/home/lyara/areswave/models/Geophysical_model583.nd,nd,UNK,,,1086.489,60.0,900.0,21.158000000000015,1086.489,60.0,1103.443,16.952999999999975,1459.467,118.67499999999995,1691.782,60.0,0.3878760745558679,0.6662745490326603,0.5734750575403962,0.6121239254441321,0.33372545096733974,1
Gudkova,/home/lyara/areswave/models/Gudkova.nd,nd,UNK,,,819.32,60.0,819.32,307.727,819.32,60.0,1174.566,16.70399999999995,1443.681,39.91800000000012,1567.533,90.13499999999999,0.5385830667080628,0.5915245600627221,0.573877395611169,0.4614169332919372,0.4084754399372778,1
Geophysical_model338,/home/lyara/areswave/models/Geophysical_model338.nd,nd,UNK,,,983.209,60.0,878.088,197.21000000000004,983.209,60.0,1116.344,16.642000000000053,1465.824,116.49299999999994,1680.495,60.0,0.492154511008318,0.6148625310856186,0.5739598577265185,0.507845488991682,0.3851374689143814,1
AK_model_26,/home/lyara/areswave/models/AK_model_26.nd,nd,UNK,,,1062.407,60.0,796.562,26.585000000000036,1062.407,60.0,1275.083,26.58400000000006,1328.252,53.169000000000096,1697.655,60.0,0.4658648522829192,0.6281967407108666,0.5740861112348842,0.5341351477170808,0.37180325928913344,1
Geophysical_model469,/home/lyara/areswave/models/Geophysical_model469.nd,nd,UNK,,,966.552,60.0,900.0,195.293,966.552,60.0,1116.294,16.63799999999992,1465.692,99.82799999999997,1680.354,60.0,0.5975096539342043,0.5625725415426055,0.5742182456731384,0.4024903460657957,0.4374274584573945,1
Geophysical_model115,/home/lyara/areswave/models/Geophysical_model115.nd,nd,UNK,,,966.552,60.0,900.0,195.293,966.552,60.0,1116.294,16.63799999999992,1465.692,99.82799999999997,1680.354,60.0,0.5975096539342043,0.5625725415426055,0.5742182456731384,0.4024903460657957,0.4374274584573945,1
Geophysical_model532,/home/lyara/areswave/models/Geophysical_model532.nd,nd,UNK,,,916.612,60.0,878.548,193.06899999999996,916.612,60.0,1115.955,16.61200000000008,1498.03,99.67200000000003,1679.411,60.0,0.5796315550188746,0.5716803630000091,0.5743307603396309,0.42036844498112536,0.4283196369999909,1
AK_model_40,/home/lyara/areswave/models/AK_model_40.nd,nd,UNK,,,1044.143,60.0,837.506,25.829999999999927,1044.143,60.0,1276.61,77.4889999999998,1302.439,25.829999999999927,1667.377,60.0,0.39618752901663923,0.6634547285435772,0.5743656620345979,0.6038124709833608,0.33654527145642277,1
Geophysical_model747,/home/lyara/areswave/models/Geophysical_model747.nd,nd,UNK,,,900.0,60.0,900.0,29.783999999999992,900.0,60.0,1101.736,16.810999999999922,1471.585,100.86799999999994,1686.632,60.0,0.45597261197472316,0.6337184854881202,0.5744698609836545,0.5440273880252768,0.3662815145118799,1
Geophysical_model434,/home/lyara/areswave/models/Geophysical_model434.nd,nd,UNK,,,983.203,60.0,878.839,190.447,983.203,60.0,1116.329,16.6400000000001,1465.783,116.48400000000015,1680.452,60.0,0.5368610524962047,0.5936407303305109,0.5747141710524089,0.4631389475037952,0.4063592696694891,1
Geophysical_model320,/home/lyara/areswave/models/Geophysical_model320.nd,nd,UNK,,,983.203,60.0,878.839,190.447,983.203,60.0,1116.329,16.6400000000001,1465.783,116.48400000000015,1680.452,60.0,0.5368610524962047,0.5936407303305109,0.5747141710524089,0.4631389475037952,0.4063592696694891,1
Geophysical_model459,/home/lyara/areswave/models/Geophysical_model459.nd,nd,UNK,,,966.557,60.0,877.418,180.65499999999997,966.557,60.0,1116.31,16.639000000000124,1465.734,99.83500000000004,1680.4,60.0,0.689980215444272,0.5172105522450025,0.5748004399780923,0.310019784555728,0.48278944775499755,1
Geophysical_model482,/home/lyara/areswave/models/Geophysical_model482.nd,nd,UNK,,,1063.97,60.0,900.0,188.40099999999995,1063.97,60.0,1145.955,32.79399999999987,1490.293,65.58799999999997,1671.628,60.0,0.3864811409930884,0.6690530355467912,0.5748624040288902,0.6135188590069116,0.33094696445320876,1
Geophysical_model485,/home/lyara/areswave/models/Geophysical_model485.nd,nd,UNK,,,1063.97,60.0,900.0,188.40099999999995,1063.97,60.0,1145.955,32.79399999999987,1490.293,65.58799999999997,1671.628,60.0,0.3864811409930884,0.6690530355467912,0.5748624040288902,0.6135188590069116,0.33094696445320876,1
Geophysical_model374,/home/lyara/areswave/models/Geophysical_model374.nd,nd,UNK,,,1063.97,60.0,900.0,188.40099999999995,1063.97,60.0,1145.955,32.79399999999987,1490.293,65.58799999999997,1671.628,60.0,0.3864811409930884,0.6690530355467912,0.5748624040288902,0.6135188590069116,0.33094696445320876,1
Geophysical_model288,/home/lyara/areswave/models/Geophysical_model288.nd,nd,UNK,,,949.52,60.0,900.0,193.24900000000002,949.52,60.0,1114.585,16.507000000000062,1461.223,99.03999999999996,1675.595,60.0,0.4457542112624763,0.6395662815811032,0.5749622581415609,0.5542457887375237,0.36043371841889676,1
Geophysical_model640,/home/lyara/areswave/models/Geophysical_model640.nd,nd,UNK,,,900.0,60.0,877.345,181.23800000000006,900.0,60.0,1119.204,33.72399999999993,1490.165,101.17100000000005,1688.461,60.0,0.6597815560804787,0.5325558315195653,0.5749644063732031,0.3402184439195213,0.46744416848043463,1
Geophysical_model988,/home/lyara/areswave/models/Geophysical_model988.nd,nd,UNK,,,950.085,60.0,900.0,182.54700000000003,950.085,60.0,1133.728,33.3900000000001,1484.32,66.779,1682.414,60.0,0.47152933944151076,0.6268169662109753,0.5750544239544871,0.5284706605584892,0.37318303378902473,1
CD_model15,/home/lyara/areswave/models/CD_model15.nd,nd,UNK,,,,60.0,,60.0,,60.0,,60.0,,60.0,,60.0,0.38365192901008227,0.6708148449190615,0.5750938729494018,0.6163480709899177,0.3291851550809385,1
Geophysical_model343,/home/lyara/areswave/models/Geophysical_model343.nd,nd,UNK,,,1033.278,60.0,900.0,182.29700000000003,1033.278,60.0,1133.237,33.319999999999936,1499.753,83.29899999999998,1681.144,60.0,0.5108950242872395,0.6075266295342454,0.5753160944519101,0.48910497571276046,0.39247337046575453,1
MD_model83,/home/lyara/areswave/models/MD_model83.nd,nd,UNK,,,957.498,60.0,725.173,190.08499999999992,957.498,60.0,1263.746,42.240999999999985,1305.987,52.80099999999993,1598.029,60.0,0.47827552105767634,0.6247948442681194,0.5759550698646384,0.5217244789423237,0.3752051557318806,1
AK_model_22,/home/lyara/areswave/models/AK_model_22.nd,nd,UNK,,,1079.893,60.0,816.324,26.357000000000085,1079.893,60.0,1290.748,52.71399999999994,1317.105,26.35699999999997,1685.402,60.0,0.6771559125832998,0.5256157244407086,0.5761291204882389,0.3228440874167002,0.4743842755592914,1
Geophysical_model228,/home/lyara/areswave/models/Geophysical_model228.nd,nd,UNK,,,1000.927,60.0,900.0,186.836,1000.927,60.0,1135.497,33.64300000000003,1488.742,84.106,1686.989,60.0,0.3725614019016886,0.6785372862094273,0.5765453247735145,0.6274385980983114,0.3214627137905727,1
Geophysical_model121,/home/lyara/areswave/models/Geophysical_model121.nd,nd,UNK,,,1063.821,60.0,900.0,185.53499999999997,1063.821,60.0,1145.731,32.764000000000124,1489.755,65.529,1671.087,60.0,0.381439464157867,0.6748376144697366,0.5770382310324468,0.618560535842133,0.32516238553026344,1
Geophysical_model68,/home/lyara/areswave/models/Geophysical_model68.nd,nd,UNK,,,933.76,60.0,900.0,182.039,933.76,60.0,1102.557,16.87999999999988,1440.153,101.27800000000002,1689.11,60.0,0.4464846825721991,0.6427514931117617,0.5773292229319075,0.5535153174278009,0.3572485068882382,1
Geophysical_model265,/home/lyara/areswave/models/Geophysical_model265.nd,nd,UNK,,,983.111,60.0,878.726,191.46400000000006,983.111,60.0,1116.088,16.62200000000007,1465.153,99.73299999999995,1679.781,60.0,0.41594042378704066,0.6583788389927612,0.5775660339241876,0.5840595762129593,0.3416211610072389,1
Geophysical_model685,/home/lyara/areswave/models/Geophysical_model685.nd,nd,UNK,,,933.11,60.0,877.665,178.67700000000002,933.11,60.0,1115.217,16.554999999999836,1495.986,99.33100000000013,1677.355,60.0,0.5475363261539163,0.5929664424410102,0.5778230703453122,0.4524636738460837,0.40703355755898984,1
Geophysical_model393,/home/lyara/areswave/models/Geophysical_model393.nd,nd,UNK,,,1031.867,60.0,900.0,187.779,1031.867,60.0,1130.767,32.96699999999987,1476.918,82.41600000000017,1674.755,60.0,0.36629929283025797,0.6839972106462526,0.5780979047075877,0.633700707169742,0.31600278935374737,1
Geophysical_model236,/home/lyara/areswave/models/Geophysical_model236.nd,nd,UNK,,,933.558,60.0,900.0,195.82000000000005,933.558,60.0,1101.346,16.778999999999996,1436.922,117.452,1685.455,60.0,0.3999133311160096,0.6674399763507316,0.5782644279391577,0.6000866688839904,0.3325600236492684,1
Geophysical_model62,/home/lyara/areswave/models/Geophysical_model62.nd,nd,UNK,,,1099.133,60.0,900.0,181.77599999999995,1099.133,60.0,1115.728,16.593999999999824,1431.022,99.56700000000001,1678.777,60.0,0.6936859918374447,0.5205616106448858,0.5782697377090721,0.3063140081625552,0.4794383893551141,1
Geophysical_model708,/home/lyara/areswave/models/Geophysical_model708.nd,nd,UNK,,,900.0,60.0,900.0,178.57299999999998,900.0,60.0,1118.565,33.625,1471.633,100.87599999999998,1686.682,60.0,0.42212330249847463,0.656387665828081,0.5782995447182122,0.5778766975015254,0.34361233417191905,1
Geophysical_model745,/home/lyara/areswave/models/Geophysical_model745.nd,nd,UNK,,,916.716,60.0,875.992,192.06399999999996,916.716,60.0,1117.309,33.432000000000016,1451.63,83.57999999999993,1683.182,60.0,0.46812107747799514,0.6335275759723527,0.5783920764742335,0.5318789225220049,0.36647242402764735,1
Geophysical_model64,/home/lyara/areswave/models/Geophysical_model64.nd,nd,UNK,,,967.437,60.0,900.0,186.20899999999995,967.437,60.0,1119.169,33.718000000000075,1456.352,101.15499999999997,1688.364,60.0,0.4033759971923634,0.6666030077769127,0.5788606709153963,0.5966240028076366,0.3333969922230873,1
Geophysical_model296,/home/lyara/areswave/models/Geophysical_model296.nd,nd,UNK,,,949.517,60.0,900.0,193.34400000000005,949.517,60.0,1114.574,16.505999999999858,1444.688,115.53999999999996,1675.563,60.0,0.5145375167204027,0.6111197701073645,0.5789256856450439,0.48546248327959723,0.38888022989263543,1
Geophysical_model359,/home/lyara/areswave/models/Geophysical_model359.nd,nd,UNK,,,949.517,60.0,900.0,193.34400000000005,949.517,60.0,1114.574,16.505999999999858,1444.688,115.53999999999996,1675.563,60.0,0.5145375167204027,0.6111197701073645,0.5789256856450439,0.48546248327959723,0.38888022989263543,1
AK_model_83,/home/lyara/areswave/models/AK_model_83.nd,nd,UNK,,,1062.342,60.0,838.335,24.889999999999986,1062.342,60.0,1261.459,49.778999999999996,1336.127,49.778999999999996,1667.691,60.0,0.498401996277549,0.6194969061636538,0.5791319362016188,0.501598003722451,0.3805030938363462,1
Geophysical_model116,/home/lyara/areswave/models/Geophysical_model116.nd,nd,UNK,,,933.558,60.0,900.0,194.47400000000005,933.558,60.0,1101.346,16.778999999999996,1436.922,100.673,1685.455,60.0,0.3991551344726557,0.6694813112992306,0.5793725856903723,0.6008448655273443,0.33051868870076945,1
Geophysical_model13,/home/lyara/areswave/models/Geophysical_model13.nd,nd,UNK,,,1000.969,60.0,876.459,188.33000000000004,1000.969,60.0,1135.595,33.65599999999995,1488.989,100.97000000000003,1687.244,60.0,0.49126764441190807,0.6238215883637368,0.5796369403797939,0.5087323555880919,0.37617841163626325,1
Geophysical_model728,/home/lyara/areswave/models/Geophysical_model728.nd,nd,UNK,,,933.805,60.0,879.401,185.38699999999994,933.805,60.0,1119.733,33.805000000000064,1491.589,84.51299999999992,1689.935,60.0,0.41284983489036564,0.6634527277617792,0.5799184301379747,0.5871501651096344,0.3365472722382208,1
Geophysical_model901,/home/lyara/areswave/models/Geophysical_model901.nd,nd,UNK,,,966.67,60.0,900.0,192.35000000000002,966.67,60.0,1133.345,33.33499999999981,1483.363,66.67000000000007,1681.424,60.0,0.5805600530959987,0.5801907963764616,0.5803138819496406,0.4194399469040013,0.4198092036235383,1
Geophysical_model982,/home/lyara/areswave/models/Geophysical_model982.nd,nd,UNK,,,966.67,60.0,900.0,192.35000000000002,966.67,60.0,1133.345,33.33499999999981,1483.363,66.67000000000007,1681.424,60.0,0.5805600530959987,0.5801907963764616,0.5803138819496406,0.4194399469040013,0.4198092036235383,1
Geophysical_model450,/home/lyara/areswave/models/Geophysical_model450.nd,nd,UNK,,,966.559,60.0,900.0,181.65099999999995,966.559,60.0,1116.317,16.638999999999896,1465.751,99.83900000000017,1680.417,60.0,0.4930448159681048,0.6245172303935147,0.5806930922517114,0.5069551840318952,0.37548276960648524,1
MD_model58,/home/lyara/areswave/models/MD_model58.nd,nd,UNK,,,900.043,60.0,768.768,121.17700000000002,900.043,60.0,1293.868,80.78499999999985,1314.064,30.294000000000096,1495.829,61.08600000000001,0.36657477816229755,0.6879277470553928,0.5808100907576944,0.6334252218377024,0.3120722529446071,1
Geophysical_model102,/home/lyara/areswave/models/Geophysical_model102.nd,nd,UNK,,,1016.295,60.0,900.0,198.32399999999996,1016.295,60.0,1132.589,33.22699999999986,1464.86,99.68200000000002,1679.468,60.0,0.5716637890551755,0.5854504617757895,0.5808549042022515,0.42833621094482455,0.4145495382242105,1
CD_model64,/home/lyara/areswave/models/CD_model64.nd,nd,UNK,,,,60.0,,60.0,,60.0,,60.0,,60.0,,60.0,0.5620626383024987,0.590717522222673,0.5811658942492816,0.43793736169750136,0.40928247777732696,1
CD_model1,/home/lyara/areswave/models/CD_model1.nd,nd,UNK,,,,60.0,,60.0,,60.0,,60.0,,60.0,,60.0,0.5620626383024987,0.590717522222673,0.5811658942492816,0.43793736169750136,0.40928247777732696,1
CD_model7,/home/lyara/areswave/models/CD_model7.nd,nd,UNK,,,,60.0,,60.0,,60.0,,60.0,,60.0,,60.0,0.4255533193589076,0.659151764818129,0.5812856163317218,0.5744466806410924,0.340848235181871,1
Geophysical_model107,/home/lyara/areswave/models/Geophysical_model107.nd,nd,UNK,,,983.232,60.0,900.0,182.33500000000004,983.232,60.0,1116.402,16.645999999999958,1465.975,116.52400000000011,1680.656,60.0,0.4677540411252944,0.6381320260848564,0.5813393644316691,0.5322459588747056,0.3618679739151435,1
Geophysical_model151,/home/lyara/areswave/models/Geophysical_model151.nd,nd,UNK,,,916.88,60.0,900.0,182.47299999999996,916.88,60.0,1102.557,16.87999999999988,1440.153,101.27800000000002,1689.11,60.0,0.5991316691603636,0.5744378929448943,0.5826691516833841,0.4008683308396364,0.4255621070551056,1
Geophysical_model716,/home/lyara/areswave/models/Geophysical_model716.nd,nd,UNK,,,916.965,60.0,878.056,197.49199999999996,916.965,60.0,1120.546,33.930000000000064,1476.812,101.79099999999994,1692.199,60.0,0.49654267474863445,0.6259177960649345,0.5827927556261678,0.5034573252513656,0.3740822039350655,1
Geophysical_model838,/home/lyara/areswave/models/Geophysical_model838.nd,nd,UNK,,,916.965,60.0,878.056,197.49199999999996,916.965,60.0,1120.546,33.930000000000064,1476.812,101.79099999999994,1692.199,60.0,0.49654267474863445,0.6259177960649345,0.5827927556261678,0.5034573252513656,0.3740822039350655,1
Geophysical_model585,/home/lyara/areswave/models/Geophysical_model585.nd,nd,UNK,,,916.965,60.0,878.056,197.49199999999996,916.965,60.0,1120.546,33.930000000000064,1476.812,101.79099999999994,1692.199,60.0,0.49654267474863445,0.6259177960649345,0.5827927556261678,0.5034573252513656,0.3740822039350655,1
Geophysical_model786,/home/lyara/areswave/models/Geophysical_model786.nd,nd,UNK,,,900.0,60.0,900.0,185.40200000000004,900.0,60.0,1106.136,17.17800000000011,1466.874,85.88999999999987,1699.91,60.0,0.5418029174788859,0.6037247423609498,0.5830841340669285,0.4581970825211142,0.39627525763905025,1
Geophysical_model580,/home/lyara/areswave/models/Geophysical_model580.nd,nd,UNK,,,900.0,60.0,900.0,185.40200000000004,900.0,60.0,1106.136,17.17800000000011,1466.874,85.88999999999987,1699.91,60.0,0.5418029174788859,0.6037247423609498,0.5830841340669285,0.4581970825211142,0.39627525763905025,1
Geophysical_model615,/home/lyara/areswave/models/Geophysical_model615.nd,nd,UNK,,,900.0,60.0,900.0,21.485000000000014,900.0,60.0,1116.829,33.35799999999995,1467.092,100.07500000000005,1681.845,60.0,0.3586460196096066,0.6955996369502522,0.5832817645033703,0.6413539803903934,0.3044003630497478,1
Geophysical_model729,/home/lyara/areswave/models/Geophysical_model729.nd,nd,UNK,,,1088.334,60.0,900.0,20.706000000000017,1088.334,60.0,1105.456,17.121000000000095,1465.003,102.72800000000007,1697.857,60.0,0.6211327375565087,0.5643670786002524,0.5832889649190044,0.37886726244349134,0.4356329213997477,1
Geophysical_model412,/home/lyara/areswave/models/Geophysical_model412.nd,nd,UNK,,,1030.985,60.0,900.0,188.822,1030.985,60.0,1129.223,32.746000000000095,1489.43,81.86500000000001,1670.76,60.0,0.49165898781332584,0.6297398213328974,0.5837128768263735,0.5083410121866742,0.3702601786671026,1
Geophysical_model911,/home/lyara/areswave/models/Geophysical_model911.nd,nd,UNK,,,933.365,60.0,900.0,186.46000000000004,933.365,60.0,1116.871,33.36500000000001,1483.885,83.41200000000003,1681.963,60.0,0.6383701843028358,0.556404854310878,0.583726630974864,0.3616298156971643,0.44359514568912195,1
Geophysical_model22,/home/lyara/areswave/models/Geophysical_model22.nd,nd,UNK,,,1063.523,60.0,900.0,194.688,1063.523,60.0,1145.284,32.70400000000018,1488.683,65.4090000000001,1670.008,60.0,0.45959267026195516,0.6461604504037726,0.5839711903565,0.5404073297380448,0.3538395495962275,1
Geophysical_model460,/home/lyara/areswave/models/Geophysical_model460.nd,nd,UNK,,,1016.377,60.0,900.0,198.875,1016.377,60.0,1116.129,33.251000000000204,1498.512,99.75199999999995,1679.896,60.0,0.45338452302070265,0.649688054859719,0.5842535442467135,0.5466154769792974,0.350311945140281,1
Geophysical_model271,/home/lyara/areswave/models/Geophysical_model271.nd,nd,UNK,,,1016.377,60.0,900.0,198.875,1016.377,60.0,1116.129,33.251000000000204,1498.512,99.75199999999995,1679.896,60.0,0.45338452302070265,0.649688054859719,0.5842535442467135,0.5466154769792974,0.350311945140281,1
AK_model_61,/home/lyara/areswave/models/AK_model_61.nd,nd,UNK,,,1018.991,60.0,817.395,25.198999999999955,1018.991,60.0,1119.789,100.798,1371.784,75.59799999999996,1679.704,60.0,0.49756795457845415,0.6281246079390905,0.5846057234855451,0.5024320454215458,0.3718753920609095,1
AK_model_34,/home/lyara/areswave/models/AK_model_34.nd,nd,UNK,,,1087.427,60.0,875.207,26.527000000000044,1087.427,60.0,1299.646,26.52800000000002,1352.701,53.055000000000064,1695.247,60.0,0.7076503554364135,0.5236215237110341,0.5849644676194939,0.29234964456358653,0.4763784762889659,1
Geophysical_model327,/home/lyara/areswave/models/Geophysical_model327.nd,nd,UNK,,,1031.687,60.0,900.0,185.683,1031.687,60.0,1130.452,32.922000000000025,1492.591,82.30399999999986,1673.94,60.0,0.5650998882316994,0.5958745599751385,0.5856163360606588,0.43490011176830057,0.4041254400248615,1
Geophysical_model5,/home/lyara/areswave/models/Geophysical_model5.nd,nd,UNK,,,1015.251,60.0,900.0,187.659,1015.251,60.0,1130.502,32.92899999999986,1492.719,82.32200000000012,1674.068,60.0,0.3164544395907086,0.720210542240206,0.5856251746903736,0.6835455604092914,0.279789457759794,1
Geophysical_model861,/home/lyara/areswave/models/Geophysical_model861.nd,nd,UNK,,,949.959,60.0,900.0,179.64999999999998,949.959,60.0,1133.142,33.305000000000064,1499.507,83.2650000000001,1680.897,60.0,0.4654757594507377,0.6459386105185088,0.5857843268292517,0.5345242405492623,0.3540613894814913,1
Geophysical_model961,/home/lyara/areswave/models/Geophysical_model961.nd,nd,UNK,,,949.959,60.0,900.0,179.64999999999998,949.959,60.0,1133.142,33.305000000000064,1499.507,83.2650000000001,1680.897,60.0,0.4654757594507377,0.6459386105185088,0.5857843268292517,0.5345242405492623,0.3540613894814913,1
Geophysical_model417,/home/lyara/areswave/models/Geophysical_model417.nd,nd,UNK,,,1047.872,60.0,900.0,189.23900000000003,1047.872,60.0,1130.023,32.8599999999999,1491.488,82.15100000000007,1672.831,60.0,0.5226603727807512,0.6178346355578379,0.586109881298809,0.47733962721924883,0.38216536444216204,1
Geophysical_model351,/home/lyara/areswave/models/Geophysical_model351.nd,nd,UNK,,,916.856,60.0,900.0,181.22000000000003,916.856,60.0,1102.271,16.855999999999995,1439.389,101.13499999999999,1688.246,60.0,0.6843430618644704,0.5373702769835941,0.5863612052772195,0.3156569381355297,0.4626297230164059,1
Geophysical_model391,/home/lyara/areswave/models/Geophysical_model391.nd,nd,UNK,,,1030.76,60.0,900.0,187.67899999999997,1030.76,60.0,1128.83,32.690000000000055,1488.42,81.72500000000014,1669.744,60.0,0.27325714446036475,0.743059504102928,0.5864587175554069,0.7267428555396352,0.2569404958970721,1
Geophysical_model750,/home/lyara/areswave/models/Geophysical_model750.nd,nd,UNK,,,916.648,60.0,877.568,179.45600000000002,916.648,60.0,1116.419,16.64799999999991,1482.668,99.88499999999999,1680.704,60.0,0.5403358497982123,0.6097561043330375,0.5866160194880957,0.45966415020178775,0.39024389566696255,1
Geophysical_model800,/home/lyara/areswave/models/Geophysical_model800.nd,nd,UNK,,,1088.334,60.0,900.0,20.74000000000001,1088.334,60.0,1105.456,17.121000000000095,1465.003,102.72800000000007,1697.857,60.0,0.660567054237287,0.549713302686997,0.5866645532037603,0.339432945762713,0.45028669731300297,1
ceylan,/home/lyara/areswave/models/ceylan.nd,nd,UNK,,,1086.523,60.0,887.59,24.865999999999985,1086.523,60.0,1285.455,24.866999999999962,1360.055,74.60000000000014,1666.648,60.0,0.3436337410620264,0.7084432722746175,0.5868400952037538,0.6563662589379736,0.2915567277253826,1
Geophysical_model693,/home/lyara/areswave/models/Geophysical_model693.nd,nd,UNK,,,916.721,60.0,876.007,191.94399999999996,916.721,60.0,1117.378,33.442999999999984,1485.25,83.60799999999995,1683.376,60.0,0.5284507810460483,0.6174759326011986,0.5878008820828152,0.47154921895395174,0.3825240673988014,1
AK_model_33,/home/lyara/areswave/models/AK_model_33.nd,nd,UNK,,,1079.942,60.0,818.715,26.121999999999957,1079.942,60.0,1288.923,52.24499999999989,1341.169,52.24499999999989,1681.533,60.0,0.5375452677533603,0.6129600932629733,0.5878218180931023,0.46245473224663974,0.38703990673702676,1
Geophysical_model668,/home/lyara/areswave/models/Geophysical_model668.nd,nd,UNK,,,1099.489,60.0,900.0,21.05899999999997,1099.489,60.0,1116.113,16.624000000000024,1465.218,99.74500000000012,1679.849,60.0,0.6831383313567816,0.5406318018201587,0.5881339783323664,0.31686166864321846,0.4593681981798413,1
Geophysical_model439,/home/lyara/areswave/models/Geophysical_model439.nd,nd,UNK,,,1030.76,60.0,900.0,188.125,1030.76,60.0,1128.83,32.690000000000055,1488.42,81.72500000000014,1669.744,60.0,0.41141213665681464,0.6768716009274638,0.5883851128372474,0.5885878633431854,0.32312839907253627,1
Geophysical_model467,/home/lyara/areswave/models/Geophysical_model467.nd,nd,UNK,,,999.884,60.0,900.0,193.03599999999994,999.884,60.0,1116.415,16.646999999999935,1499.302,99.88400000000001,1680.691,60.0,0.7354002368866206,0.5154468205897578,0.5887646260220454,0.2645997631133794,0.4845531794102422,1
Geophysical_model742,/home/lyara/areswave/models/Geophysical_model742.nd,nd,UNK,,,966.694,60.0,900.0,192.65800000000002,966.694,60.0,1133.428,33.346000000000004,1483.57,66.69399999999996,1681.638,60.0,0.4187832154100162,0.6749644443905445,0.589570701397035,0.5812167845899838,0.32503555560945546,1
Geophysical_model523,/home/lyara/areswave/models/Geophysical_model523.nd,nd,UNK,,,966.694,60.0,900.0,192.65800000000002,966.694,60.0,1133.428,33.346000000000004,1483.57,66.69399999999996,1681.638,60.0,0.4187832154100162,0.6749644443905445,0.589570701397035,0.5812167845899838,0.32503555560945546,1
Geophysical_model57,/home/lyara/areswave/models/Geophysical_model57.nd,nd,UNK,,,984.104,60.0,876.704,186.37199999999996,984.104,60.0,1118.67,33.641000000000076,1488.726,100.9240000000002,1686.973,60.0,0.4801134916562221,0.6446279041935783,0.5897897666811263,0.5198865083437779,0.35537209580642165,1
Geophysical_model526,/home/lyara/areswave/models/Geophysical_model526.nd,nd,UNK,,,916.589,60.0,878.506,193.44399999999996,916.589,60.0,1115.651,16.588999999999942,1497.188,99.53100000000018,1678.564,60.0,0.5638383795007119,0.6032542488606951,0.5901156257407006,0.4361616204992881,0.3967457511393049,1
Geophysical_model603,/home/lyara/areswave/models/Geophysical_model603.nd,nd,UNK,,,1099.625,60.0,900.0,21.54200000000003,1099.625,60.0,1116.26,16.635999999999967,1465.604,99.81200000000013,1680.261,60.0,0.42927068251295875,0.6714113699863349,0.5906978074952095,0.5707293174870413,0.3285886300136651,1
Geophysical_model141,/home/lyara/areswave/models/Geophysical_model141.nd,nd,UNK,,,1098.572,60.0,877.483,180.13199999999995,1098.572,60.0,1115.12,16.548000000000002,1446.074,99.28600000000006,1677.084,60.0,0.47340472524396304,0.6494332631089741,0.5907570838206371,0.526595274756037,0.3505667368910259,1
MD_model90,/home/lyara/areswave/models/MD_model90.nd,nd,UNK,,,1068.089,60.0,754.092,184.067,1068.089,60.0,1252.156,184.067,1382.085,108.27500000000009,1624.97,60.0,0.5439739877011137,0.6143423205033038,0.5908862095692404,0.4560260122988863,0.3856576794966962,1
Geophysical_model895,/home/lyara/areswave/models/Geophysical_model895.nd,nd,UNK,,,900.0,60.0,900.0,197.88099999999997,900.0,60.0,1104.246,17.019999999999982,1461.676,102.12300000000005,1694.206,60.0,0.4620240314962788,0.6553711446793355,0.59092210695165,0.5379759685037212,0.3446288553206644,1
CD_model18,/home/lyara/areswave/models/CD_model18.nd,nd,UNK,,,,60.0,,60.0,,60.0,,60.0,,60.0,,60.0,0.35596909857572967,0.7085062657744484,0.5909938767082088,0.6440309014242703,0.2914937342255516,1
Geophysical_model637,/home/lyara/areswave/models/Geophysical_model637.nd,nd,UNK,,,933.365,60.0,876.693,186.45500000000004,933.365,60.0,1116.871,33.36500000000001,1483.885,83.41200000000003,1681.963,60.0,0.483139040995499,0.6456979732652937,0.5915116625086955,0.516860959004501,0.3543020267347064,1
Geophysical_model939,/home/lyara/areswave/models/Geophysical_model939.nd,nd,UNK,,,933.365,60.0,876.693,186.45500000000004,933.365,60.0,1116.871,33.36500000000001,1483.885,83.41200000000003,1681.963,60.0,0.483139040995499,0.6456979732652937,0.5915116625086955,0.516860959004501,0.3543020267347064,1
AK_model_23,/home/lyara/areswave/models/AK_model_23.nd,nd,UNK,,,1057.206,60.0,792.209,26.5,1057.206,60.0,1295.703,52.999000000000024,1322.203,26.5,1691.329,60.0,0.6402009262564555,0.5675032112303553,0.591735782905722,0.3597990737435445,0.43249678876964476,1
Geophysical_model235,/home/lyara/areswave/models/Geophysical_model235.nd,nd,UNK,,,916.874,60.0,900.0,181.13800000000003,916.874,60.0,1102.492,16.874000000000024,1439.978,101.2460000000001,1688.913,60.0,0.4323224219542059,0.672833017712568,0.5926628191264472,0.5676775780457941,0.327166982287432,1
CD_model83,/home/lyara/areswave/models/CD_model83.nd,nd,UNK,,,,60.0,,60.0,,60.0,,60.0,,60.0,,60.0,0.4998497373197659,0.6403060233676077,0.5934872613516604,0.5001502626802341,0.35969397663239233,1
Geophysical_model321,/home/lyara/areswave/models/Geophysical_model321.nd,nd,UNK,,,1064.355,60.0,900.0,189.894,1064.355,60.0,1146.533,32.87099999999987,1491.679,65.74200000000019,1673.022,60.0,0.5414146392626378,0.6195799586437241,0.5935248521833619,0.4585853607373623,0.38042004135627594,1
Geophysical_model989,/home/lyara/areswave/models/Geophysical_model989.nd,nd,UNK,,,966.597,60.0,900.0,179.63199999999995,966.597,60.0,1133.089,33.298,1499.372,83.2460000000001,1680.761,60.0,0.47011419878560257,0.6552875753165603,0.5935631164729077,0.5298858012143974,0.34471242468343966,1
Geophysical_model345,/home/lyara/areswave/models/Geophysical_model345.nd,nd,UNK,,,1031.859,60.0,900.0,187.37099999999998,1031.859,60.0,1130.753,32.96399999999994,1476.882,82.41200000000003,1674.718,60.0,0.41772068146249197,0.6820767939620399,0.593958089795524,0.582279318537508,0.3179232060379601,1
Geophysical_model946,/home/lyara/areswave/models/Geophysical_model946.nd,nd,UNK,,,916.702,60.0,877.535,179.72000000000003,916.702,60.0,1117.126,33.403999999999996,1484.569,83.50999999999999,1682.671,60.0,0.5185104309437344,0.6323679191799101,0.5944154231011849,0.4814895690562656,0.36763208082008997,1
Geophysical_model497,/home/lyara/areswave/models/Geophysical_model497.nd,nd,UNK,,,1063.97,60.0,900.0,188.35900000000004,1063.97,60.0,1145.955,32.79399999999987,1490.293,65.58799999999997,1671.628,60.0,0.3569803648719324,0.7137774352432372,0.5948450784528023,0.6430196351280676,0.2862225647567628,1
Geophysical_model494,/home/lyara/areswave/models/Geophysical_model494.nd,nd,UNK,,,999.801,60.0,857.502,191.24099999999999,999.801,60.0,1116.236,16.63299999999981,1465.54,99.80099999999993,1680.192,60.0,0.6964850583218021,0.5440788318193088,0.5948809073201399,0.30351494167819787,0.4559211681806911,1
Geophysical_model301,/home/lyara/areswave/models/Geophysical_model301.nd,nd,UNK,,,949.517,60.0,900.0,192.18499999999995,949.517,60.0,1114.574,16.505999999999858,1444.688,115.53999999999996,1675.563,60.0,0.4077522767724059,0.688713906730404,0.5950600300777379,0.5922477232275941,0.31128609326959605,1
Geophysical_model125,/home/lyara/areswave/models/Geophysical_model125.nd,nd,UNK,,,983.004,60.0,878.65,192.14800000000002,983.004,60.0,1115.809,16.601000000000113,1497.625,99.60400000000004,1679.004,60.0,0.4353577627918016,0.6752591563537217,0.595292025166415,0.5646422372081984,0.3247408436462783,1
Geophysical_model792,/home/lyara/areswave/models/Geophysical_model792.nd,nd,UNK,,,900.0,60.0,900.0,20.659999999999968,900.0,60.0,1106.104,17.174999999999955,1483.961,103.05199999999991,1699.813,60.0,0.7049035502354992,0.5406813210185278,0.5954220640908516,0.29509644976450083,0.45931867898147216,1
Geophysical_model697,/home/lyara/areswave/models/Geophysical_model697.nd,nd,UNK,,,900.0,60.0,900.0,20.659999999999968,900.0,60.0,1106.104,17.174999999999955,1483.961,103.05199999999991,1699.813,60.0,0.7049035502354992,0.5406813210185278,0.5954220640908516,0.29509644976450083,0.45931867898147216,1
Geophysical_model882,/home/lyara/areswave/models/Geophysical_model882.nd,nd,UNK,,,900.0,60.0,900.0,20.659999999999968,900.0,60.0,1106.104,17.174999999999955,1483.961,103.05199999999991,1699.813,60.0,0.7049035502354992,0.5406813210185278,0.5954220640908516,0.29509644976450083,0.45931867898147216,1
Geophysical_model986,/home/lyara/areswave/models/Geophysical_model986.nd,nd,UNK,,,1086.703,60.0,900.0,20.995000000000005,1086.703,60.0,1103.676,16.972999999999956,1460.108,118.81000000000017,1692.486,60.0,0.36313479377989477,0.7118428512613211,0.5956068321008456,0.6368652062201052,0.288157148738679,1
Geophysical_model539,/home/lyara/areswave/models/Geophysical_model539.nd,nd,UNK,,,950.085,60.0,900.0,183.34400000000005,950.085,60.0,1133.728,33.3900000000001,1484.32,66.779,1682.414,60.0,0.5101194339525884,0.6384863769660771,0.5956973959615809,0.4898805660474116,0.3615136230339228,1
Geophysical_model364,/home/lyara/areswave/models/Geophysical_model364.nd,nd,UNK,,,1016.295,60.0,900.0,198.36800000000005,1016.295,60.0,1132.589,33.22699999999986,1498.087,99.68200000000002,1679.468,60.0,0.5242601315879682,0.6329567646615294,0.596724553637009,0.47573986841203175,0.3670432353384706,1
Geophysical_model313,/home/lyara/areswave/models/Geophysical_model313.nd,nd,UNK,,,1016.295,60.0,900.0,198.36800000000005,1016.295,60.0,1132.589,33.22699999999986,1498.087,99.68200000000002,1679.468,60.0,0.5242601315879682,0.6329567646615294,0.596724553637009,0.47573986841203175,0.3670432353384706,1
Geophysical_model498,/home/lyara/areswave/models/Geophysical_model498.nd,nd,UNK,,,1016.295,60.0,900.0,198.36800000000005,1016.295,60.0,1132.589,33.22699999999986,1498.087,99.68200000000002,1679.468,60.0,0.5242601315879682,0.6329567646615294,0.596724553637009,0.47573986841203175,0.3670432353384706,1
Geophysical_model15,/home/lyara/areswave/models/Geophysical_model15.nd,nd,UNK,,,966.855,60.0,900.0,194.18200000000002,966.855,60.0,1117.28,33.427999999999884,1484.985,100.2829999999999,1683.102,60.0,0.7102787681705158,0.5409994743930222,0.5974259056521868,0.2897212318294841,0.45900052560697774,1
Geophysical_model642,/home/lyara/areswave/models/Geophysical_model642.nd,nd,UNK,,,1099.713,60.0,877.292,22.70900000000006,1099.713,60.0,1116.356,16.64300000000003,1449.211,99.85699999999997,1680.527,60.0,0.5368536148301746,0.6280070904830433,0.5976225985987537,0.46314638516982537,0.37199290951695674,1
Geophysical_model839,/home/lyara/areswave/models/Geophysical_model839.nd,nd,UNK,,,950.781,60.0,900.0,184.211,950.781,60.0,1136.977,33.85400000000004,1492.442,67.70700000000011,1690.818,60.0,0.41977022607994874,0.6869738661882352,0.5979059861521397,0.5802297739200513,0.31302613381176486,1
Geophysical_model974,/home/lyara/areswave/models/Geophysical_model974.nd,nd,UNK,,,950.781,60.0,900.0,184.211,950.781,60.0,1136.977,33.85400000000004,1492.442,67.70700000000011,1690.818,60.0,0.41977022607994874,0.6869738661882352,0.5979059861521397,0.5802297739200513,0.31302613381176486,1
Geophysical_model845,/home/lyara/areswave/models/Geophysical_model845.nd,nd,UNK,,,950.781,60.0,900.0,184.211,950.781,60.0,1136.977,33.85400000000004,1492.442,67.70700000000011,1690.818,60.0,0.41977022607994874,0.6869738661882352,0.5979059861521397,0.5802297739200513,0.31302613381176486,1
Geophysical_model590,/home/lyara/areswave/models/Geophysical_model590.nd,nd,UNK,,,916.672,60.0,876.867,185.067,916.672,60.0,1116.735,33.343999999999824,1483.517,83.35900000000015,1681.583,60.0,0.5437932096755167,0.6256285309573667,0.5983500905300834,0.45620679032448336,0.3743714690426333,1
Geophysical_model990,/home/lyara/areswave/models/Geophysical_model990.nd,nd,UNK,,,950.721,60.0,900.0,183.73699999999997,950.721,60.0,1119.792,33.81400000000008,1491.747,84.53500000000008,1690.099,60.0,0.6024808078715904,0.5969651561308211,0.5988037067110775,0.3975191921284095,0.40303484386917887,1
Geophysical_model502,/home/lyara/areswave/models/Geophysical_model502.nd,nd,UNK,,,967.586,60.0,900.0,190.60799999999995,967.586,60.0,1136.55,33.79299999999989,1491.375,67.58600000000001,1689.713,60.0,0.6821708235848212,0.5573271268707356,0.5989416924420975,0.31782917641517877,0.44267287312926445,1
Geophysical_model332,/home/lyara/areswave/models/Geophysical_model332.nd,nd,UNK,,,1063.97,60.0,900.0,188.12900000000002,1063.97,60.0,1145.955,32.79399999999987,1490.293,65.58799999999997,1671.628,60.0,0.35499709490981124,0.7211310904473641,0.5990864252681799,0.6450029050901888,0.2788689095526359,1
Geophysical_model344,/home/lyara/areswave/models/Geophysical_model344.nd,nd,UNK,,,1063.97,60.0,900.0,188.12900000000002,1063.97,60.0,1145.955,32.79399999999987,1490.293,65.58799999999997,1671.628,60.0,0.35499709490981124,0.7211310904473641,0.5990864252681799,0.6450029050901888,0.2788689095526359,1
Geophysical_model793,/home/lyara/areswave/models/Geophysical_model793.nd,nd,UNK,,,933.855,60.0,879.282,186.45799999999997,933.855,60.0,1120.056,33.85500000000002,1492.459,84.63700000000017,1690.835,60.0,0.4551251604095763,0.6715189157495067,0.5993876639695299,0.5448748395904237,0.3284810842504933,1
Geophysical_model797,/home/lyara/areswave/models/Geophysical_model797.nd,nd,UNK,,,933.11,60.0,878.025,197.77800000000002,933.11,60.0,1115.217,16.554999999999836,1479.431,99.33100000000013,1677.355,60.0,0.6001431610229162,0.6001037923921636,0.6001169152690812,0.39985683897708385,0.3998962076078364,1
Geophysical_model6,/home/lyara/areswave/models/Geophysical_model6.nd,nd,UNK,,,966.445,60.0,900.0,181.38099999999997,966.445,60.0,1115.945,16.611000000000104,1464.778,99.66700000000014,1679.382,60.0,0.36685002565622127,0.717686378667632,0.6007409276638284,0.6331499743437787,0.28231362133236804,1
Geophysical_model934,/home/lyara/areswave/models/Geophysical_model934.nd,nd,UNK,,,950.013,60.0,900.0,182.27999999999997,950.013,60.0,1133.396,33.3420000000001,1483.489,66.68399999999997,1681.554,60.0,0.6395142214901539,0.5816666174379636,0.600949152122027,0.3604857785098461,0.41833338256203645,1
MD_model73,/home/lyara/areswave/models/MD_model73.nd,nd,UNK,,,995.034,60.0,763.228,10.53699999999992,995.034,60.0,1100.4,147.51299999999992,1395.426,126.44000000000005,1602.505,60.0,0.46088379025980797,0.6712870967197349,0.6011526612330925,0.539116209740192,0.3287129032802652,1
Geophysical_model606,/home/lyara/areswave/models/Geophysical_model606.nd,nd,UNK,,,916.576,60.0,877.86,199.25699999999995,916.576,60.0,1115.491,16.576000000000022,1496.743,99.45699999999988,1678.117,60.0,0.4683973799765223,0.6678185481735192,0.601344825441187,0.5316026200234777,0.33218145182648084,1
Geophysical_model801,/home/lyara/areswave/models/Geophysical_model801.nd,nd,UNK,,,966.694,60.0,900.0,192.625,966.694,60.0,1133.428,33.346000000000004,1483.57,66.69399999999996,1681.638,60.0,0.6936340059122297,0.5555461528048854,0.6015754371740002,0.3063659940877703,0.4444538471951146,1
MD_model4,/home/lyara/areswave/models/MD_model4.nd,nd,UNK,,,994.529,60.0,768.899,10.255999999999972,994.529,60.0,1117.601,164.09400000000005,1394.511,194.86299999999983,1507.326,60.71499999999992,0.4230607611285131,0.6912450707130893,0.6018503008515639,0.5769392388714869,0.3087549292869107,1
Geophysical_model312,/home/lyara/areswave/models/Geophysical_model312.nd,nd,UNK,,,966.712,60.0,878.564,192.92499999999995,966.712,60.0,1116.813,33.355999999999995,1483.727,100.06700000000001,1681.8,60.0,0.5410905682614158,0.6327601477244833,0.6022036212367942,0.45890943173858423,0.3672398522755167,1
Geophysical_model292,/home/lyara/areswave/models/Geophysical_model292.nd,nd,UNK,,,967.499,60.0,858.902,184.94100000000003,967.499,60.0,1119.373,33.75,1456.871,101.2489999999998,1688.933,60.0,0.6999734279521374,0.5543013606817617,0.6028587164385536,0.30002657204786265,0.4456986393182383,1
Geophysical_model322,/home/lyara/areswave/models/Geophysical_model322.nd,nd,UNK,,,983.19,60.0,900.0,194.81899999999996,983.19,60.0,1116.294,16.63799999999992,1465.692,116.46600000000012,1680.354,60.0,0.8007396702659797,0.503923943955646,0.6028625193924239,0.19926032973402028,0.49607605604435406,1
Geophysical_model874,/home/lyara/areswave/models/Geophysical_model874.nd,nd,UNK,,,916.644,60.0,876.99,184.08100000000002,916.644,60.0,1116.374,16.644000000000005,1499.19,99.86500000000001,1680.578,60.0,0.49379253411711355,0.6578338884888679,0.6031534370316165,0.5062074658828865,0.3421661115111321,1
Geophysical_model857,/home/lyara/areswave/models/Geophysical_model857.nd,nd,UNK,,,933.943,60.0,879.277,186.50599999999997,933.943,60.0,1120.631,33.942999999999984,1494.007,84.85800000000017,1692.437,60.0,0.567213984011327,0.6216063723364348,0.6034755762280656,0.432786015988673,0.3783936276635652,1
cd_model50,/home/lyara/areswave/models/cd_model50.npz,npz,UNK,,,,60.0,,60.0,,60.0,,60.0,,60.0,,60.0,0.5860695836875913,0.6125827775904202,0.6037450462894772,0.4139304163124087,0.3874172224095797,1
MD_model15,/home/lyara/areswave/models/MD_model15.nd,nd,UNK,,,994.191,60.0,802.191,10.66700000000003,994.191,60.0,1164.858,149.33400000000006,1463.525,192.0,1618.557,60.0,0.45607772302923044,0.678154848408645,0.6041291399488401,0.5439222769707696,0.321845151591355,1
Geophysical_model825,/home/lyara/areswave/models/Geophysical_model825.nd,nd,UNK,,,916.714,60.0,876.157,190.74599999999998,916.714,60.0,1117.284,33.42800000000011,1484.996,83.57100000000014,1683.113,60.0,0.5588329179224986,0.6268584763757264,0.6041832902246504,0.44116708207750144,0.37314152362427355,1
AK_model_28,/home/lyara/areswave/models/AK_model_28.nd,nd,UNK,,,1043.88,60.0,800.399,27.053999999999974,1043.88,60.0,1287.361,54.1070000000002,1314.414,27.054000000000087,1713.845,60.0,0.6250612046004793,0.5940376181228971,0.6043788136154246,0.3749387953995207,0.4059623818771029,1
Geophysical_model677,/home/lyara/areswave/models/Geophysical_model677.nd,nd,UNK,,,1050.167,60.0,900.0,21.375999999999976,1050.167,60.0,1100.223,33.371000000000095,1483.984,100.11099999999988,1682.066,60.0,0.4047990371207275,0.704272195185387,0.6044478091638338,0.5952009628792725,0.2957278048146131,1
Geophysical_model676,/home/lyara/areswave/models/Geophysical_model676.nd,nd,UNK,,,1050.167,60.0,900.0,21.375999999999976,1050.167,60.0,1100.223,33.371000000000095,1483.984,100.11099999999988,1682.066,60.0,0.4047990371207275,0.704272195185387,0.6044478091638338,0.5952009628792725,0.2957278048146131,1
Geophysical_model760,/home/lyara/areswave/models/Geophysical_model760.nd,nd,UNK,,,1050.167,60.0,900.0,21.375999999999976,1050.167,60.0,1100.223,33.371000000000095,1483.984,100.11099999999988,1682.066,60.0,0.4047990371207275,0.704272195185387,0.6044478091638338,0.5952009628792725,0.2957278048146131,1
Geophysical_model751,/home/lyara/areswave/models/Geophysical_model751.nd,nd,UNK,,,1050.167,60.0,900.0,21.375999999999976,1050.167,60.0,1100.223,33.371000000000095,1483.984,100.11099999999988,1682.066,60.0,0.4047990371207275,0.704272195185387,0.6044478091638338,0.5952009628792725,0.2957278048146131,1
Geophysical_model383,/home/lyara/areswave/models/Geophysical_model383.nd,nd,UNK,,,1031.555,60.0,900.0,185.83299999999997,1031.555,60.0,1130.221,32.888999999999896,1475.552,82.221,1673.341,60.0,0.3681208132649404,0.7230710578606968,0.6047543096621113,0.6318791867350596,0.2769289421393032,1
Geophysical_model678,/home/lyara/areswave/models/Geophysical_model678.nd,nd,UNK,,,916.693,60.0,877.488,180.09500000000003,916.693,60.0,1117.015,33.386000000000195,1484.271,83.46699999999987,1682.363,60.0,0.4334257657817464,0.6904811558549853,0.6047960258305723,0.5665742342182536,0.3095188441450147,1
Geophysical_model984,/home/lyara/areswave/models/Geophysical_model984.nd,nd,UNK,,,933.11,60.0,877.605,179.15700000000004,933.11,60.0,1115.217,16.554999999999836,1495.986,99.33100000000013,1677.355,60.0,0.5114090102934934,0.6521885105015998,0.6052620104322309,0.48859098970650655,0.34781148949840024,1
Geophysical_model438,/home/lyara/areswave/models/Geophysical_model438.nd,nd,UNK,,,1033.261,60.0,900.0,181.95600000000002,1033.261,60.0,1133.207,33.315000000000055,1499.676,83.28800000000001,1681.067,60.0,0.35989356034478726,0.7282838217944418,0.6054870679778903,0.6401064396552127,0.2717161782055582,1
MD_model39,/home/lyara/areswave/models/MD_model39.nd,nd,UNK,,,991.477,60.0,715.811,190.846,991.477,60.0,1298.951,31.807999999999993,1362.566,63.61500000000001,1602.381,60.0,0.3534682645058007,0.7324576937699341,0.606127884015223,0.6465317354941993,0.2675423062300659,1
Geophysical_model196,/home/lyara/areswave/models/Geophysical_model196.nd,nd,UNK,,,1047.171,60.0,900.0,194.52300000000002,1047.171,60.0,1145.284,32.70400000000018,1488.683,65.4090000000001,1670.008,60.0,0.5515407485195745,0.6335349547561562,0.6062035526772956,0.4484592514804255,0.36646504524384377,1
Geophysical_model189,/home/lyara/areswave/models/Geophysical_model189.nd,nd,UNK,,,1047.171,60.0,900.0,194.52300000000002,1047.171,60.0,1145.284,32.70400000000018,1488.683,65.4090000000001,1670.008,60.0,0.5515407485195745,0.6335349547561562,0.6062035526772956,0.4484592514804255,0.36646504524384377,1
Geophysical_model203,/home/lyara/areswave/models/Geophysical_model203.nd,nd,UNK,,,1047.171,60.0,900.0,194.52300000000002,1047.171,60.0,1145.284,32.70400000000018,1488.683,65.4090000000001,1670.008,60.0,0.5515407485195745,0.6335349547561562,0.6062035526772956,0.4484592514804255,0.36646504524384377,1
CD_model80,/home/lyara/areswave/models/CD_model80.nd,nd,UNK,,,,60.0,,60.0,,60.0,,60.0,,60.0,,60.0,0.5700424743213777,0.6243911900441712,0.6062749514699067,0.42995752567862233,0.3756088099558288,1
MD_model93,/home/lyara/areswave/models/MD_model93.nd,nd,UNK,,,1028.365,60.0,811.573,195.11299999999994,1028.365,60.0,1288.514,75.87699999999995,1321.033,21.679000000000087,1639.515,60.0,0.598571151885393,0.6104977714123446,0.6065222315700275,0.401428848114607,0.3895022285876554,1
AK_model_98,/home/lyara/areswave/models/AK_model_98.nd,nd,UNK,,,1045.711,60.0,774.539,27.116999999999962,1045.711,60.0,1289.767,54.23500000000013,1316.884,54.233999999999924,1716.731,60.0,0.650276364711067,0.5846717110124002,0.6065399289119559,0.3497236352889331,0.4153282889875998,1
Geophysical_model268,/home/lyara/areswave/models/Geophysical_model268.nd,nd,UNK,,,965.961,60.0,900.0,192.22000000000003,965.961,60.0,1114.373,16.490999999999985,1460.669,98.94200000000001,1675.004,60.0,0.5124993749270784,0.6544041309975481,0.6071025456407249,0.4875006250729216,0.3455958690024518,1
Geophysical_model648,/home/lyara/areswave/models/Geophysical_model648.nd,nd,UNK,,,1099.754,60.0,900.0,21.49000000000001,1099.754,60.0,1116.4,16.645999999999958,1465.97,116.52299999999991,1680.651,60.0,0.4830201731689673,0.6697005710013268,0.6074737717238737,0.5169798268310327,0.33029942899867315,1
Geophysical_model123,/home/lyara/areswave/models/Geophysical_model123.nd,nd,UNK,,,1032.872,60.0,900.0,181.79200000000003,1032.872,60.0,1132.525,33.2170000000001,1481.314,83.04500000000007,1679.303,60.0,0.51053715882008,0.6565339826374545,0.6078683746983297,0.48946284117992006,0.3434660173625454,1
Geophysical_model424,/home/lyara/areswave/models/Geophysical_model424.nd,nd,UNK,,,1001.023,60.0,900.0,187.88699999999994,1001.023,60.0,1118.883,33.674999999999955,1472.464,101.02399999999989,1687.568,60.0,0.4651472862359731,0.6805120483112359,0.6087237942861483,0.5348527137640269,0.31948795168876404,1
MD_model49,/home/lyara/areswave/models/MD_model49.nd,nd,UNK,,,1035.919,60.0,728.669,186.5440000000001,1035.919,60.0,1299.277,10.972999999999956,1365.116,87.78600000000006,1653.423,60.0,0.5967134650502732,0.6147500090609422,0.6087378277240526,0.40328653494972677,0.38524999093905776,1
Geophysical_model146,/home/lyara/areswave/models/Geophysical_model146.nd,nd,UNK,,,950.269,60.0,900.0,194.93100000000004,950.269,60.0,1117.834,33.51299999999992,1452.962,117.29499999999985,1684.644,60.0,0.5482751979723587,0.639333598255925,0.6089807981614029,0.4517248020276413,0.36066640174407505,1
Geophysical_model896,/home/lyara/areswave/models/Geophysical_model896.nd,nd,UNK,,,900.0,60.0,900.0,198.32500000000005,900.0,60.0,1104.416,17.035000000000082,1479.179,102.20799999999986,1694.72,60.0,0.5233041375579934,0.6520143004334829,0.6091109128083197,0.47669586244200657,0.3479856995665172,1
Geophysical_model310,/home/lyara/areswave/models/Geophysical_model310.nd,nd,UNK,,,1016.326,60.0,878.266,195.60199999999998,1016.326,60.0,1132.652,33.235999999999876,1498.248,99.70800000000008,1679.631,60.0,0.36142296866774715,0.7332859624959808,0.609331631219903,0.6385770313322529,0.26671403750401923,1
Geophysical_model921,/home/lyara/areswave/models/Geophysical_model921.nd,nd,UNK,,,916.674,60.0,877.608,179.13699999999994,916.674,60.0,1116.766,33.347999999999956,1483.6,83.37099999999987,1681.669,60.0,0.4531445330450311,0.6875294805453145,0.6094011647118868,0.5468554669549689,0.3124705194546855,1
Geophysical_model712,/home/lyara/areswave/models/Geophysical_model712.nd,nd,UNK,,,916.714,60.0,900.0,193.20000000000005,916.714,60.0,1117.28,33.42699999999991,1484.983,83.56899999999996,1683.1,60.0,0.8264797513582722,0.5009450123421159,0.609456592014168,0.17352024864172771,0.49905498765788414,1
Geophysical_model47,/home/lyara/areswave/models/Geophysical_model47.nd,nd,UNK,,,1017.887,60.0,900.0,183.97400000000005,1017.887,60.0,1135.775,33.682000000000016,1472.595,84.2059999999999,1687.708,60.0,0.49871343854838635,0.6655298471599045,0.6099243776227318,0.5012865614516137,0.33447015284009546,1
Geophysical_model778,/home/lyara/areswave/models/Geophysical_model778.nd,nd,UNK,,,933.288,60.0,876.97,184.23699999999997,933.288,60.0,1116.374,16.644000000000005,1499.19,99.86500000000001,1680.578,60.0,0.5009102308078986,0.6645008027529127,0.6099706121045747,0.49908976919210135,0.3354991972470874,1
Geophysical_model353,/home/lyara/areswave/models/Geophysical_model353.nd,nd,UNK,,,967.499,60.0,900.0,184.85799999999995,967.499,60.0,1119.373,33.75,1456.871,101.2489999999998,1688.933,60.0,0.48572989468518135,0.6722210687588333,0.6100573440676159,0.5142701053148186,0.32777893124116675,1
Geophysical_model492,/home/lyara/areswave/models/Geophysical_model492.nd,nd,UNK,,,967.499,60.0,900.0,184.85799999999995,967.499,60.0,1119.373,33.75,1456.871,101.2489999999998,1688.933,60.0,0.48572989468518135,0.6722210687588333,0.6100573440676159,0.5142701053148186,0.32777893124116675,1
Geophysical_model413,/home/lyara/areswave/models/Geophysical_model413.nd,nd,UNK,,,1063.846,60.0,900.0,187.43899999999996,1063.846,60.0,1145.769,32.769000000000005,1489.845,65.53899999999999,1671.177,60.0,0.3502678509975613,0.7400462900199825,0.6101201436791754,0.6497321490024387,0.2599537099800176,1
Geophysical_model45,/home/lyara/areswave/models/Geophysical_model45.nd,nd,UNK,,,1016.295,60.0,900.0,198.29700000000003,1016.295,60.0,1132.589,33.22699999999986,1481.473,99.68200000000002,1679.468,60.0,0.3924039365318591,0.7190008906370866,0.6101352392686774,0.6075960634681409,0.28099910936291334,1
Geophysical_model698,/home/lyara/areswave/models/Geophysical_model698.nd,nd,UNK,,,1067.222,60.0,900.0,22.057000000000016,1067.222,60.0,1100.667,16.72199999999998,1451.834,100.33300000000008,1683.405,60.0,0.5464996519851046,0.642406605587345,0.6104376210532648,0.45350034801489536,0.35759339441265503,1
CD_model77,/home/lyara/areswave/models/CD_model77.nd,nd,UNK,,,,60.0,,60.0,,60.0,,60.0,,60.0,,60.0,0.4901529019562386,0.6706875768108034,0.6105093518592818,0.5098470980437614,0.32931242318919657,1
Geophysical_model215,/home/lyara/areswave/models/Geophysical_model215.nd,nd,UNK,,,949.483,60.0,900.0,193.481,949.483,60.0,1114.426,16.494000000000142,1460.805,98.9659999999999,1675.15,60.0,0.6329842978519341,0.599396003391873,0.6105921015452268,0.3670157021480659,0.40060399660812696,1
Geophysical_model976,/home/lyara/areswave/models/Geophysical_model976.nd,nd,UNK,,,916.837,60.0,900.0,181.46799999999996,916.837,60.0,1118.884,33.67399999999998,1489.303,84.18600000000015,1687.57,60.0,0.5407960308040503,0.6457425080574488,0.6107603489729826,0.4592039691959498,0.35425749194255124,1
Geophysical_model275,/home/lyara/areswave/models/Geophysical_model275.nd,nd,UNK,,,984.083,60.0,876.527,187.788,984.083,60.0,1118.616,33.63300000000004,1488.58,100.89899999999989,1686.822,60.0,0.4742872107226016,0.6790134540656657,0.610771372951311,0.5257127892773984,0.3209865459343343,1
Geophysical_model289,/home/lyara/areswave/models/Geophysical_model289.nd,nd,UNK,,,966.724,60.0,900.0,180.02700000000004,966.724,60.0,1116.853,33.36200000000008,1467.154,100.08600000000001,1681.912,60.0,0.47087160762086433,0.6809955899186378,0.6109542624860467,0.5291283923791357,0.31900441008136216,1
Geophysical_model632,/home/lyara/areswave/models/Geophysical_model632.nd,nd,UNK,,,900.0,60.0,900.0,22.41999999999996,900.0,60.0,1101.621,16.801999999999907,1488.061,100.81099999999992,1686.284,60.0,0.45309500890800947,0.6901410628912361,0.6111257115634939,0.5469049910919905,0.30985893710876394,1
Geophysical_model52,/home/lyara/areswave/models/Geophysical_model52.nd,nd,UNK,,,983.376,60.0,879.036,188.678,983.376,60.0,1116.777,33.34999999999991,1483.63,100.05100000000016,1681.7,60.0,0.7410665910537308,0.5468276528297429,0.6115739655710722,0.25893340894626915,0.4531723471702572,1
Geophysical_model546,/home/lyara/areswave/models/Geophysical_model546.nd,nd,UNK,,,916.694,60.0,877.651,178.79200000000003,916.694,60.0,1117.027,33.388999999999896,1467.608,83.47200000000021,1682.396,60.0,0.6040076495211009,0.6153663001374512,0.6115800832653344,0.3959923504788992,0.38463369986254886,1
CD_model62,/home/lyara/areswave/models/CD_model62.nd,nd,UNK,,,,60.0,,60.0,,60.0,,60.0,,60.0,,60.0,0.494826647142133,0.6700381621715565,0.6116343238284153,0.505173352857867,0.3299618378284434,1
MD_model42,/home/lyara/areswave/models/MD_model42.nd,nd,UNK,,,951.682,60.0,896.388,187.99700000000007,951.682,60.0,1272.382,55.29299999999989,1338.734,99.52800000000002,1661.734,60.0,0.3900655764213753,0.7224457637273332,0.6116523679586806,0.6099344235786247,0.27755423627266684,1
Geophysical_model308,/home/lyara/areswave/models/Geophysical_model308.nd,nd,UNK,,,1016.273,60.0,878.266,195.60199999999998,1016.273,60.0,1132.546,33.221000000000004,1497.976,99.66300000000001,1679.357,60.0,0.3456892573857736,0.7455276175843231,0.6122481641848067,0.6543107426142264,0.254472382415677,1
AK_model_6,/home/lyara/areswave/models/AK_model_6.nd,nd,UNK,,,1050.566,60.0,816.362,26.023000000000025,1050.566,60.0,1284.77,78.06799999999998,1310.793,26.02300000000014,1676.747,60.0,0.44772115772958565,0.6954549614657282,0.612877026887014,0.5522788422704143,0.30454503853427184,1
Geophysical_model160,/home/lyara/areswave/models/Geophysical_model160.nd,nd,UNK,,,1001.362,60.0,862.062,189.68899999999996,1001.362,60.0,1119.617,33.78800000000001,1491.277,101.36200000000008,1689.612,60.0,0.6135259657467711,0.6126832374701441,0.6129641468956865,0.38647403425322896,0.3873167625298559,1
Geophysical_model400,/home/lyara/areswave/models/Geophysical_model400.nd,nd,UNK,,,949.523,60.0,900.0,191.149,949.523,60.0,1114.598,16.507000000000062,1461.256,99.04499999999985,1675.63,60.0,0.47156826593710577,0.6850379240840694,0.6138813713684148,0.5284317340628942,0.3149620759159306,1
Geophysical_model149,/home/lyara/areswave/models/Geophysical_model149.nd,nd,UNK,,,1033.261,60.0,900.0,182.78700000000003,1033.261,60.0,1133.207,33.315000000000055,1499.676,83.28800000000001,1681.067,60.0,0.3588674529056993,0.741841617952077,0.6141835629366178,0.6411325470943007,0.2581583820479229,1
Geophysical_model19,/home/lyara/areswave/models/Geophysical_model19.nd,nd,UNK,,,1033.261,60.0,900.0,182.78700000000003,1033.261,60.0,1133.207,33.315000000000055,1499.676,83.28800000000001,1681.067,60.0,0.3588674529056993,0.741841617952077,0.6141835629366178,0.6411325470943007,0.2581583820479229,1
Geophysical_model741,/home/lyara/areswave/models/Geophysical_model741.nd,nd,UNK,,,916.648,60.0,900.0,180.18100000000004,916.648,60.0,1116.419,16.64799999999991,1499.315,99.88499999999999,1680.704,60.0,0.6964318503844407,0.5731288738399749,0.6142298660214635,0.3035681496155594,0.4268711261600251,1
Geophysical_model944,/home/lyara/areswave/models/Geophysical_model944.nd,nd,UNK,,,950.91,60.0,900.0,184.519,950.91,60.0,1120.608,33.940000000000055,1493.945,84.84899999999993,1692.373,60.0,0.5294275855545728,0.6567881723940354,0.614334643447548,0.4705724144454272,0.3432118276059645,1
Geophysical_model972,/home/lyara/areswave/models/Geophysical_model972.nd,nd,UNK,,,950.91,60.0,900.0,184.519,950.91,60.0,1120.608,33.940000000000055,1493.945,84.84899999999993,1692.373,60.0,0.5294275855545728,0.6567881723940354,0.614334643447548,0.4705724144454272,0.3432118276059645,1
Geophysical_model124,/home/lyara/areswave/models/Geophysical_model124.nd,nd,UNK,,,966.637,60.0,900.0,190.476,966.637,60.0,1116.57,16.660000000000082,1466.415,99.95600000000013,1681.124,60.0,0.5344839035019975,0.6546381467612825,0.6145867323415208,0.4655160964980025,0.34536185323871754,1
CD_model38,/home/lyara/areswave/models/CD_model38.nd,nd,UNK,,,,60.0,,60.0,,60.0,,60.0,,60.0,,60.0,0.48309008499723516,0.6809471298096025,0.6149947815388134,0.5169099150027648,0.3190528701903975,1
Geophysical_model868,/home/lyara/areswave/models/Geophysical_model868.nd,nd,UNK,,,949.989,60.0,900.0,186.74199999999996,949.989,60.0,1133.282,33.32600000000002,1483.205,83.31499999999983,1681.261,60.0,0.4784512491000551,0.6834825842801207,0.6151388058867654,0.5215487508999449,0.3165174157198794,1
AK_model_20,/home/lyara/areswave/models/AK_model_20.nd,nd,UNK,,,1062.423,60.0,820.847,26.841999999999985,1062.423,60.0,1277.158,26.84199999999987,1330.842,53.68399999999997,1702.21,60.0,0.5935154227243675,0.6259841806965896,0.6151612613725156,0.40648457727563253,0.3740158193034104,1
Geophysical_model985,/home/lyara/areswave/models/Geophysical_model985.nd,nd,UNK,,,950.721,60.0,900.0,182.836,950.721,60.0,1119.792,33.81400000000008,1491.747,84.53500000000008,1690.099,60.0,0.6917000488356377,0.5772440187335282,0.6153960287675647,0.3082999511643623,0.42275598126647185,1
Geophysical_model599,/home/lyara/areswave/models/Geophysical_model599.nd,nd,UNK,,,933.507,60.0,875.918,192.65700000000004,933.507,60.0,1117.798,33.506999999999834,1469.624,83.76800000000003,1684.543,60.0,0.5236587306759123,0.6625832411136263,0.6162750709677217,0.4763412693240877,0.3374167588863737,1
Geophysical_model768,/home/lyara/areswave/models/Geophysical_model768.nd,nd,UNK,,,933.507,60.0,875.918,192.65700000000004,933.507,60.0,1117.798,33.506999999999834,1469.624,83.76800000000003,1684.543,60.0,0.5236587306759123,0.6625832411136263,0.6162750709677217,0.4763412693240877,0.3374167588863737,1
AK_model_62,/home/lyara/areswave/models/AK_model_62.nd,nd,UNK,,,1016.476,60.0,815.77,25.087999999999965,1016.476,60.0,1116.83,100.35300000000007,1367.713,75.2650000000001,1675.2,60.0,0.4201736407696852,0.7143650614142824,0.61630125453275,0.5798263592303148,0.28563493858571765,1
Geophysical_model245,/home/lyara/areswave/models/Geophysical_model245.nd,nd,UNK,,,967.7,60.0,900.0,181.096,967.7,60.0,1120.025,33.850000000000136,1458.525,118.47499999999991,1690.748,60.0,0.42558463871771124,0.7117036719524064,0.6163306608741747,0.5744153612822888,0.2882963280475936,1
Geophysical_model952,/home/lyara/areswave/models/Geophysical_model952.nd,nd,UNK,,,950.007,60.0,900.0,178.721,950.007,60.0,1133.367,33.337999999999965,1483.418,66.67599999999993,1681.481,60.0,0.5200982024413872,0.6649468572705959,0.6166639723275263,0.4799017975586129,0.33505314272940406,1
Geophysical_model821,/home/lyara/areswave/models/Geophysical_model821.nd,nd,UNK,,,950.007,60.0,900.0,178.721,950.007,60.0,1133.367,33.337999999999965,1483.418,66.67599999999993,1681.481,60.0,0.5200982024413872,0.6649468572705959,0.6166639723275263,0.4799017975586129,0.33505314272940406,1
Geophysical_model958,/home/lyara/areswave/models/Geophysical_model958.nd,nd,UNK,,,900.0,60.0,900.0,188.84000000000003,900.0,60.0,1116.0,16.61500000000001,1498.154,99.69200000000001,1679.536,60.0,0.6031817829953918,0.6234485180714315,0.6166929397127516,0.3968182170046082,0.37655148192856847,1
CD_model92,/home/lyara/areswave/models/CD_model92.nd,nd,UNK,,,,60.0,,60.0,,60.0,,60.0,,60.0,,60.0,0.4749104508532518,0.6878430842721588,0.6168655397991898,0.5250895491467482,0.31215691572784116,1
Geophysical_model635,/home/lyara/areswave/models/Geophysical_model635.nd,nd,UNK,,,916.706,60.0,900.0,188.09299999999996,916.706,60.0,1117.178,33.412000000000035,1484.711,83.52999999999997,1682.818,60.0,0.5265364370767694,0.6623787683929184,0.6170979912875354,0.47346356292323055,0.3376212316070816,1
MD_model11,/home/lyara/areswave/models/MD_model11.nd,nd,UNK,,,987.786,60.0,735.63,10.505999999999972,987.786,60.0,1103.357,10.507000000000062,1429.058,84.05199999999991,1604.141,60.0,0.4803061823051157,0.6858194906425588,0.6173150545300777,0.5196938176948843,0.3141805093574412,1
Geophysical_model77,/home/lyara/areswave/models/Geophysical_model77.nd,nd,UNK,,,1049.531,60.0,900.0,181.05100000000004,1049.531,60.0,1132.603,33.22900000000004,1498.123,83.07300000000009,1679.504,60.0,0.6048462004015933,0.6237962453580497,0.6174795637058975,0.39515379959840663,0.3762037546419504,1
Geophysical_model389,/home/lyara/areswave/models/Geophysical_model389.nd,nd,UNK,,,949.524,60.0,900.0,193.33900000000006,949.524,60.0,1114.604,16.509000000000015,1461.273,99.048,1675.648,60.0,0.44005945563108806,0.706562322689801,0.6177280336702301,0.5599405443689119,0.29343767731019893,1
Geophysical_model167,/home/lyara/areswave/models/Geophysical_model167.nd,nd,UNK,,,984.407,60.0,861.42,192.90099999999995,984.407,60.0,1119.457,33.76299999999992,1490.847,101.28800000000001,1689.167,60.0,0.6636764117810136,0.5952554594850152,0.6180624435836813,0.33632358821898645,0.4047445405149847,1
Geophysical_model907,/home/lyara/areswave/models/Geophysical_model907.nd,nd,UNK,,,933.855,60.0,900.0,187.78200000000004,933.855,60.0,1120.056,33.85500000000002,1458.604,84.63700000000017,1690.835,60.0,0.563158042157481,0.6465097467504777,0.6187258452194788,0.436841957842519,0.3534902532495224,1
Geophysical_model811,/home/lyara/areswave/models/Geophysical_model811.nd,nd,UNK,,,900.0,60.0,900.0,181.49800000000005,900.0,60.0,1106.522,17.210000000000036,1467.935,86.04999999999995,1502.356,68.83999999999992,0.5514482548439463,0.6527105766652537,0.6189564693914845,0.4485517451560537,0.34728942333474627,1
Geophysical_model959,/home/lyara/areswave/models/Geophysical_model959.nd,nd,UNK,,,900.0,60.0,900.0,181.49800000000005,900.0,60.0,1106.522,17.210000000000036,1467.935,86.04999999999995,1502.356,68.83999999999992,0.5514482548439463,0.6527105766652537,0.6189564693914845,0.4485517451560537,0.34728942333474627,1
Geophysical_model550,/home/lyara/areswave/models/Geophysical_model550.nd,nd,UNK,,,1099.489,60.0,900.0,20.990999999999985,1099.489,60.0,1116.113,16.624000000000024,1465.218,99.74500000000012,1679.849,60.0,0.5711265038462282,0.6433113760855396,0.6192497520057691,0.4288734961537718,0.3566886239144604,1
Geophysical_model703,/home/lyara/areswave/models/Geophysical_model703.nd,nd,UNK,,,1099.489,60.0,900.0,20.990999999999985,1099.489,60.0,1116.113,16.624000000000024,1465.218,99.74500000000012,1679.849,60.0,0.5711265038462282,0.6433113760855396,0.6192497520057691,0.4288734961537718,0.3566886239144604,1
Geophysical_model437,/home/lyara/areswave/models/Geophysical_model437.nd,nd,UNK,,,1000.927,60.0,900.0,186.89499999999998,1000.927,60.0,1135.497,33.64300000000003,1488.742,84.106,1686.989,60.0,0.4819699093748323,0.6878912417422856,0.6192507976198011,0.5180300906251677,0.31210875825771445,1
MD_model8,/home/lyara/areswave/models/MD_model8.nd,nd,UNK,,,1001.915,60.0,793.775,10.407000000000039,1001.915,60.0,1241.276,145.6980000000001,1449.416,187.32600000000002,1592.569,60.0,0.4576072140347125,0.700466554362603,0.6195134409199728,0.5423927859652875,0.2995334456373971,1
Geophysical_model419,/home/lyara/areswave/models/Geophysical_model419.nd,nd,UNK,,,983.998,60.0,876.703,186.37300000000005,983.998,60.0,1118.394,33.59899999999993,1471.183,100.79700000000003,1686.203,60.0,0.5171237574769929,0.6715915282711664,0.6201022713397752,0.48287624252300715,0.32840847172883353,1
Geophysical_model261,/home/lyara/areswave/models/Geophysical_model261.nd,nd,UNK,,,983.358,60.0,900.0,178.32600000000002,983.358,60.0,1116.73,33.343000000000075,1483.504,100.02999999999997,1681.569,60.0,0.5641384585395952,0.6490034780933198,0.6207151382420782,0.43586154146040484,0.3509965219066802,1
Geophysical_model153,/home/lyara/areswave/models/Geophysical_model153.nd,nd,UNK,,,983.358,60.0,900.0,178.32600000000002,983.358,60.0,1116.73,33.343000000000075,1483.504,100.02999999999997,1681.569,60.0,0.5641384585395952,0.6490034780933198,0.6207151382420782,0.43586154146040484,0.3509965219066802,1
AK_model_100,/home/lyara/areswave/models/AK_model_100.nd,nd,UNK,,,1074.576,60.0,802.778,27.180000000000064,1074.576,60.0,1292.015,54.36000000000013,1319.195,27.180000000000064,1719.458,60.0,0.5163110963299455,0.6729539095803855,0.6207396384969055,0.48368890367005446,0.3270460904196145,1
Geophysical_model237,/home/lyara/areswave/models/Geophysical_model237.nd,nd,UNK,,,949.523,60.0,900.0,190.596,949.523,60.0,1114.598,16.507000000000062,1461.256,99.04499999999985,1675.63,60.0,0.5479653768559078,0.6575673857883452,0.6210333828108661,0.4520346231440922,0.34243261421165483,1
Geophysical_model906,/home/lyara/areswave/models/Geophysical_model906.nd,nd,UNK,,,916.577,60.0,900.0,196.183,916.577,60.0,1115.503,16.576999999999998,1480.2,99.46299999999997,1678.151,60.0,0.7095347923268147,0.5770982509692593,0.6212437647551111,0.29046520767318534,0.4229017490307408,1
Geophysical_model46,/home/lyara/areswave/models/Geophysical_model46.nd,nd,UNK,,,1049.531,60.0,900.0,179.79999999999995,1049.531,60.0,1132.603,33.22900000000004,1498.123,83.07300000000009,1679.504,60.0,0.6209638654422345,0.6215812363052535,0.6213754460175805,0.37903613455776547,0.37841876369474653,1
Geophysical_model714,/home/lyara/areswave/models/Geophysical_model714.nd,nd,UNK,,,900.0,60.0,900.0,21.451000000000022,900.0,60.0,1116.78,33.350999999999885,1483.638,100.05199999999991,1681.708,60.0,0.4569692854398766,0.7037363660975939,0.6214806725450215,0.5430307145601234,0.29626363390240606,1
Geophysical_model889,/home/lyara/areswave/models/Geophysical_model889.nd,nd,UNK,,,933.507,60.0,900.0,193.37099999999998,933.507,60.0,1117.798,33.506999999999834,1486.378,83.76800000000003,1684.543,60.0,0.5342023680716065,0.6654892187267367,0.6217269351750266,0.4657976319283935,0.33451078127326334,1
Geophysical_model520,/home/lyara/areswave/models/Geophysical_model520.nd,nd,UNK,,,933.507,60.0,900.0,193.37099999999998,933.507,60.0,1117.798,33.506999999999834,1486.378,83.76800000000003,1684.543,60.0,0.5342023680716065,0.6654892187267367,0.6217269351750266,0.4657976319283935,0.33451078127326334,1
Geophysical_model670,/home/lyara/areswave/models/Geophysical_model670.nd,nd,UNK,,,933.507,60.0,900.0,193.37099999999998,933.507,60.0,1117.798,33.506999999999834,1486.378,83.76800000000003,1684.543,60.0,0.5342023680716065,0.6654892187267367,0.6217269351750266,0.4657976319283935,0.33451078127326334,1
MD_model80,/home/lyara/areswave/models/MD_model80.nd,nd,UNK,,,1000.561,60.0,786.005,10.216999999999985,1000.561,60.0,1164.033,194.12200000000007,1429.673,163.471,1571.993,60.0,0.6531630288142964,0.606162306734992,0.6218292140947602,0.3468369711857036,0.39383769326500795,1
Geophysical_model596,/home/lyara/areswave/models/Geophysical_model596.nd,nd,UNK,,,900.0,60.0,900.0,178.56500000000005,900.0,60.0,1118.724,33.65000000000009,1472.049,100.94900000000007,1687.125,60.0,0.3754537450765403,0.7451301204799521,0.6219046620121481,0.6245462549234597,0.2548698795200479,1
Geophysical_model234,/home/lyara/areswave/models/Geophysical_model234.nd,nd,UNK,,,966.829,60.0,900.0,198.79600000000005,966.829,60.0,1117.194,33.41399999999999,1451.339,100.24299999999994,1682.862,60.0,0.48907624639524705,0.6887066603711983,0.6221631890458812,0.510923753604753,0.3112933396288017,1
Geophysical_model96,/home/lyara/areswave/models/Geophysical_model96.nd,nd,UNK,,,966.829,60.0,900.0,198.79600000000005,966.829,60.0,1117.194,33.41399999999999,1451.339,100.24299999999994,1682.862,60.0,0.48907624639524705,0.6887066603711983,0.6221631890458812,0.510923753604753,0.3112933396288017,1
Geophysical_model488,/home/lyara/areswave/models/Geophysical_model488.nd,nd,UNK,,,1031.555,60.0,900.0,185.92700000000002,1031.555,60.0,1130.221,32.888999999999896,1491.996,82.221,1673.341,60.0,0.513000287928241,0.677073684976992,0.6223825526274084,0.48699971207175896,0.3229263150230079,1
Geophysical_model759,/home/lyara/areswave/models/Geophysical_model759.nd,nd,UNK,,,966.806,60.0,900.0,177.51700000000005,966.806,60.0,1133.823,33.40299999999979,1484.557,66.80700000000002,1682.659,60.0,0.6113915508447002,0.6286832241450084,0.6229193330449058,0.3886084491552998,0.3713167758549915,1
Geophysical_model684,/home/lyara/areswave/models/Geophysical_model684.nd,nd,UNK,,,900.0,60.0,900.0,21.480000000000018,900.0,60.0,1116.854,33.36200000000008,1483.837,100.08699999999999,1681.914,60.0,0.5714272367565393,0.6494433169409151,0.6234379568794565,0.4285727632434607,0.350556683059085,1
Geophysical_model549,/home/lyara/areswave/models/Geophysical_model549.nd,nd,UNK,,,1098.51,60.0,900.0,24.052999999999997,1098.51,60.0,1115.052,16.54300000000012,1445.902,115.79700000000003,1676.896,60.0,0.5999440144847434,0.635209353202036,0.6234542402962718,0.4000559855152566,0.36479064679796397,1
Geophysical_model820,/home/lyara/areswave/models/Geophysical_model820.nd,nd,UNK,,,950.007,60.0,900.0,178.976,950.007,60.0,1133.367,33.337999999999965,1483.418,66.67599999999993,1681.481,60.0,0.7263472511474129,0.5723524973783618,0.6236840819680455,0.2736527488525871,0.42764750262163814,1
CD_model47,/home/lyara/areswave/models/CD_model47.nd,nd,UNK,,,,60.0,,60.0,,60.0,,60.0,,60.0,,60.0,0.4757359082277618,0.6982793558322657,0.6240982066307644,0.5242640917722382,0.3017206441677342,1
MD_model98,/home/lyara/areswave/models/MD_model98.nd,nd,UNK,,,964.445,60.0,700.606,189.96400000000006,964.445,60.0,1270.498,42.21499999999992,1333.82,105.53599999999983,1604.395,60.0,0.5724377759380188,0.6500636606882895,0.6241883657715326,0.4275622240619812,0.34993633931171053,1
Geophysical_model473,/home/lyara/areswave/models/Geophysical_model473.nd,nd,UNK,,,1064.355,60.0,900.0,188.668,1064.355,60.0,1146.533,32.87099999999987,1491.679,65.74200000000019,1673.022,60.0,0.39730069473842067,0.7379163455617426,0.6243777952873019,0.6026993052615793,0.2620836544382574,1
Geophysical_model325,/home/lyara/areswave/models/Geophysical_model325.nd,nd,UNK,,,1064.355,60.0,900.0,188.668,1064.355,60.0,1146.533,32.87099999999987,1491.679,65.74200000000019,1673.022,60.0,0.39730069473842067,0.7379163455617426,0.6243777952873019,0.6026993052615793,0.2620836544382574,1
Geophysical_model674,/home/lyara/areswave/models/Geophysical_model674.nd,nd,UNK,,,916.672,60.0,900.0,180.51700000000005,916.672,60.0,1116.738,33.34500000000003,1483.524,83.36099999999988,1681.59,60.0,0.5473006132581282,0.6633729394439861,0.6246821640487001,0.4526993867418719,0.3366270605560139,1
AK_model_89,/home/lyara/areswave/models/AK_model_89.nd,nd,UNK,,,1067.757,60.0,799.181,26.85699999999997,1067.757,60.0,1282.617,26.85699999999997,1336.333,53.715000000000146,1707.44,60.0,0.5939150458525685,0.6402730773232717,0.6248204001663705,0.4060849541474315,0.3597269226767284,1
Geophysical_model782,/home/lyara/areswave/models/Geophysical_model782.nd,nd,UNK,,,900.0,60.0,900.0,179.015,900.0,60.0,1119.258,33.73199999999997,1490.311,101.19599999999991,1688.613,60.0,0.4996733622123194,0.687403006610705,0.6248264584779099,0.5003266377876806,0.31259699338929503,1
Geophysical_model691,/home/lyara/areswave/models/Geophysical_model691.nd,nd,UNK,,,900.0,60.0,900.0,179.015,900.0,60.0,1119.258,33.73199999999997,1490.311,101.19599999999991,1688.613,60.0,0.4996733622123194,0.687403006610705,0.6248264584779099,0.5003266377876806,0.31259699338929503,1
Geophysical_model656,/home/lyara/areswave/models/Geophysical_model656.nd,nd,UNK,,,900.0,60.0,900.0,179.015,900.0,60.0,1119.258,33.73199999999997,1490.311,101.19599999999991,1688.613,60.0,0.4996733622123194,0.687403006610705,0.6248264584779099,0.5003266377876806,0.31259699338929503,1
AK_model_4,/home/lyara/areswave/models/AK_model_4.nd,nd,UNK,,,1037.134,60.0,797.074,26.673000000000002,1037.134,60.0,1277.195,80.01999999999998,1303.868,26.673000000000002,1700.523,60.0,0.6132852810028864,0.630857702935445,0.6250002289579254,0.38671471899711357,0.3691422970645551,1
Geophysical_model333,/home/lyara/areswave/models/Geophysical_model333.nd,nd,UNK,,,1098.133,60.0,900.0,196.23800000000006,1098.133,60.0,1147.666,33.02300000000014,1494.399,66.04399999999987,1675.759,60.0,0.6414520558496913,0.6176576498945963,0.6255891185462946,0.35854794415030866,0.3823423501054037,1
MD_model46,/home/lyara/areswave/models/MD_model46.nd,nd,UNK,,,1043.145,60.0,863.077,90.03399999999999,1043.145,60.0,1283.235,60.02300000000014,1333.254,10.004000000000133,1483.311,61.49000000000001,0.34953156112739825,0.7651506201594329,0.6266109338154213,0.6504684388726018,0.2348493798405671,1
Geophysical_model973,/home/lyara/areswave/models/Geophysical_model973.nd,nd,UNK,,,916.719,60.0,876.023,191.813,916.719,60.0,1117.351,33.43899999999985,1485.177,83.59699999999998,1683.3,60.0,0.5072158891402267,0.6864262831933565,0.6266894851756466,0.4927841108597733,0.3135737168066434,1
Geophysical_model963,/home/lyara/areswave/models/Geophysical_model963.nd,nd,UNK,,,916.719,60.0,876.023,191.813,916.719,60.0,1117.351,33.43899999999985,1485.177,83.59699999999998,1683.3,60.0,0.5072158891402267,0.6864262831933565,0.6266894851756466,0.4927841108597733,0.3135737168066434,1
Geophysical_model217,/home/lyara/areswave/models/Geophysical_model217.nd,nd,UNK,,,1033.184,60.0,900.0,187.91999999999996,1033.184,60.0,1133.072,33.29500000000007,1499.327,83.24000000000001,1680.716,60.0,0.6569688157235414,0.6128557162382078,0.627560082733319,0.3430311842764586,0.3871442837617922,1
Geophysical_model853,/home/lyara/areswave/models/Geophysical_model853.nd,nd,UNK,,,950.057,60.0,900.0,199.34900000000005,950.057,60.0,1133.601,33.371000000000095,1484.001,66.74299999999994,1682.084,60.0,0.5468069886756799,0.6682466119412309,0.6277667375193806,0.4531930113243201,0.3317533880587691,1
Geophysical_model114,/home/lyara/areswave/models/Geophysical_model114.nd,nd,UNK,,,1098.133,60.0,900.0,196.06600000000003,1098.133,60.0,1147.666,33.02300000000014,1494.399,66.04399999999987,1675.759,60.0,0.5947464875529621,0.6445040296771647,0.6279181823024306,0.4052535124470379,0.35549597032283525,1
Geophysical_model262,/home/lyara/areswave/models/Geophysical_model262.nd,nd,UNK,,,1032.872,60.0,900.0,181.34699999999998,1032.872,60.0,1132.525,33.2170000000001,1497.923,83.04500000000007,1679.303,60.0,0.659225307270586,0.6124579293121704,0.628047055298309,0.34077469272941396,0.3875420706878296,1
Geophysical_model295,/home/lyara/areswave/models/Geophysical_model295.nd,nd,UNK,,,1032.872,60.0,900.0,181.34699999999998,1032.872,60.0,1132.525,33.2170000000001,1497.923,83.04500000000007,1679.303,60.0,0.659225307270586,0.6124579293121704,0.628047055298309,0.34077469272941396,0.3875420706878296,1
Geophysical_model798,/home/lyara/areswave/models/Geophysical_model798.nd,nd,UNK,,,916.723,60.0,877.548,179.61400000000003,916.723,60.0,1117.396,33.44599999999991,1485.297,83.61400000000003,1683.425,60.0,0.7561249363895037,0.5644008850400535,0.6283089021565369,0.2438750636104963,0.4355991149599465,1
Geophysical_model652,/home/lyara/areswave/models/Geophysical_model652.nd,nd,UNK,,,900.0,60.0,900.0,180.04200000000003,900.0,60.0,1101.507,33.585000000000036,1470.937,100.75299999999993,1685.941,60.0,0.5911464271438938,0.64719535171197,0.6285123768559445,0.40885357285610624,0.35280464828803004,1
AK_model_46,/home/lyara/areswave/models/AK_model_46.nd,nd,UNK,,,1017.265,60.0,775.483,26.864999999999895,1017.265,60.0,1285.911,134.3230000000001,1473.964,26.86500000000001,1710.571,60.0,0.5247908135371674,0.6806615356421114,0.6287046282737968,0.4752091864628326,0.3193384643578886,1
Geophysical_model501,/home/lyara/areswave/models/Geophysical_model501.nd,nd,UNK,,,916.672,60.0,900.0,180.688,916.672,60.0,1116.741,33.34500000000003,1483.532,83.36199999999985,1681.599,60.0,0.5394953365795416,0.6741756895812174,0.6292822385806588,0.4605046634204583,0.3258243104187825,1
Geophysical_model282,/home/lyara/areswave/models/Geophysical_model282.nd,nd,UNK,,,999.884,60.0,900.0,194.89200000000005,999.884,60.0,1116.415,16.646999999999935,1482.655,99.88400000000001,1680.691,60.0,0.5172830537459019,0.6853261615488393,0.6293117922811935,0.4827169462540981,0.31467383845116076,1
Geophysical_model250,/home/lyara/areswave/models/Geophysical_model250.nd,nd,UNK,,,1033.261,60.0,900.0,182.41499999999996,1033.261,60.0,1133.207,33.315000000000055,1499.676,83.28800000000001,1681.067,60.0,0.6756975041241042,0.606206382437046,0.6293700896660654,0.3243024958758958,0.39379361756295395,1
Geophysical_model148,/home/lyara/areswave/models/Geophysical_model148.nd,nd,UNK,,,983.062,60.0,858.582,186.38099999999997,983.062,60.0,1115.961,16.613000000000056,1464.822,116.28700000000003,1679.428,60.0,0.3813551770721648,0.7539135068833377,0.6297273969462801,0.6186448229278352,0.2460864931166623,1
Geophysical_model658,/home/lyara/areswave/models/Geophysical_model658.nd,nd,UNK,,,900.0,60.0,900.0,178.04999999999995,900.0,60.0,1118.724,33.65000000000009,1488.873,100.94900000000007,1687.125,60.0,0.41397923130927006,0.7378210321302752,0.6298737651899401,0.5860207686907299,0.2621789678697248,1
Geophysical_model535,/home/lyara/areswave/models/Geophysical_model535.nd,nd,UNK,,,950.109,60.0,900.0,178.34699999999998,950.109,60.0,1133.844,33.40599999999995,1484.609,66.8119999999999,1682.713,60.0,0.6321859254401041,0.6288138670467048,0.6299378865111712,0.3678140745598959,0.37118613295329517,1
Geophysical_model477,/home/lyara/areswave/models/Geophysical_model477.nd,nd,UNK,,,1016.377,60.0,900.0,198.78300000000002,1016.377,60.0,1132.755,33.251000000000204,1465.261,99.75199999999995,1679.896,60.0,0.43493446781483025,0.7277090143076705,0.6301174988100571,0.5650655321851697,0.2722909856923294,1
Geophysical_model334,/home/lyara/areswave/models/Geophysical_model334.nd,nd,UNK,,,1016.377,60.0,900.0,198.78300000000002,1016.377,60.0,1132.755,33.251000000000204,1465.261,99.75199999999995,1679.896,60.0,0.43493446781483025,0.7277090143076705,0.6301174988100571,0.5650655321851697,0.2722909856923294,1
CD_model52,/home/lyara/areswave/models/CD_model52.nd,nd,UNK,,,,60.0,,60.0,,60.0,,60.0,,60.0,,60.0,0.5105101301061625,0.6904474238819098,0.6304683259566607,0.48948986989383747,0.30955257611809023,1
Geophysical_model592,/home/lyara/areswave/models/Geophysical_model592.nd,nd,UNK,,,916.736,60.0,875.96,192.31899999999996,916.736,60.0,1117.572,33.47199999999998,1485.77,83.68100000000004,1683.914,60.0,0.4511120112473086,0.7202012425209716,0.6305048320964173,0.5488879887526914,0.27979875747902844,1
Geophysical_model311,/home/lyara/areswave/models/Geophysical_model311.nd,nd,UNK,,,999.708,60.0,900.0,195.71000000000004,999.708,60.0,1132.652,33.235999999999876,1498.248,99.70800000000008,1679.631,60.0,0.5094314079950462,0.691057901445195,0.6305157369618121,0.4905685920049539,0.3089420985548051,1
Geophysical_model193,/home/lyara/areswave/models/Geophysical_model193.nd,nd,UNK,,,999.708,60.0,900.0,195.71000000000004,999.708,60.0,1132.652,33.235999999999876,1498.248,99.70800000000008,1679.631,60.0,0.5094314079950462,0.691057901445195,0.6305157369618121,0.4905685920049539,0.3089420985548051,1
AK_model_59,/home/lyara/areswave/models/AK_model_59.nd,nd,UNK,,,1013.735,60.0,839.485,24.89199999999994,1013.735,60.0,1163.093,124.46499999999992,1387.13,49.78599999999983,1668.845,60.0,0.6809442420955527,0.6060927748825315,0.6310432639535386,0.31905575790444723,0.3939072251174684,1
Geophysical_model721,/home/lyara/areswave/models/Geophysical_model721.nd,nd,UNK,,,933.939,60.0,879.373,185.64099999999996,933.939,60.0,1120.601,33.93899999999985,1476.955,84.84699999999998,1692.352,60.0,0.4640896758318279,0.7146843492838441,0.6311527914665054,0.5359103241681721,0.28531565071615594,1
Geophysical_model737,/home/lyara/areswave/models/Geophysical_model737.nd,nd,UNK,,,933.939,60.0,879.373,185.64099999999996,933.939,60.0,1120.601,33.93899999999985,1476.955,84.84699999999998,1692.352,60.0,0.4640896758318279,0.7146843492838441,0.6311527914665054,0.5359103241681721,0.28531565071615594,1
Geophysical_model554,/home/lyara/areswave/models/Geophysical_model554.nd,nd,UNK,,,933.939,60.0,879.373,185.64099999999996,933.939,60.0,1120.601,33.93899999999985,1476.955,84.84699999999998,1692.352,60.0,0.4640896758318279,0.7146843492838441,0.6311527914665054,0.5359103241681721,0.28531565071615594,1
Geophysical_model56,/home/lyara/areswave/models/Geophysical_model56.nd,nd,UNK,,,1015.15,60.0,876.661,186.71299999999997,1015.15,60.0,1130.3,32.90100000000007,1475.751,82.25,1673.548,60.0,0.4796033352730098,0.7075251325325992,0.631551200112736,0.5203966647269902,0.2924748674674008,1
Geophysical_model85,/home/lyara/areswave/models/Geophysical_model85.nd,nd,UNK,,,1031.784,60.0,900.0,187.68499999999995,1031.784,60.0,1130.622,32.94600000000014,1476.554,82.36500000000001,1674.378,60.0,0.46997339240040414,0.712441626058288,0.63161888150566,0.5300266075995959,0.28755837394171196,1
Geophysical_model385,/home/lyara/areswave/models/Geophysical_model385.nd,nd,UNK,,,999.801,60.0,900.0,191.803,999.801,60.0,1116.236,16.63299999999981,1498.807,99.80099999999993,1680.192,60.0,0.46651566406701117,0.7146562829195788,0.6319427433020562,0.5334843359329888,0.2853437170804212,1
Geophysical_model724,/home/lyara/areswave/models/Geophysical_model724.nd,nd,UNK,,,1099.905,60.0,900.0,21.075000000000045,1099.905,60.0,1116.564,16.6579999999999,1466.397,99.95299999999997,1681.106,60.0,0.6053386985004285,0.6464291055808377,0.6327323032207013,0.3946613014995714,0.35357089441916234,1
Geophysical_model662,/home/lyara/areswave/models/Geophysical_model662.nd,nd,UNK,,,1099.905,60.0,900.0,21.075000000000045,1099.905,60.0,1116.564,16.6579999999999,1466.397,99.95299999999997,1681.106,60.0,0.6053386985004285,0.6464291055808377,0.6327323032207013,0.3946613014995714,0.35357089441916234,1
Geophysical_model547,/home/lyara/areswave/models/Geophysical_model547.nd,nd,UNK,,,1099.905,60.0,900.0,21.075000000000045,1099.905,60.0,1116.564,16.6579999999999,1466.397,99.95299999999997,1681.106,60.0,0.6053386985004285,0.6464291055808377,0.6327323032207013,0.3946613014995714,0.35357089441916234,1
Geophysical_model402,/home/lyara/areswave/models/Geophysical_model402.nd,nd,UNK,,,1031.655,60.0,900.0,189.51199999999994,1031.655,60.0,1130.397,32.91399999999999,1492.449,82.28500000000008,1673.797,60.0,0.4609818766979894,0.7187657984023583,0.632837824500902,0.5390181233020106,0.2812342015976416,1
Geophysical_model422,/home/lyara/areswave/models/Geophysical_model422.nd,nd,UNK,,,1031.655,60.0,900.0,189.51199999999994,1031.655,60.0,1130.397,32.91399999999999,1492.449,82.28500000000008,1673.797,60.0,0.4609818766979894,0.7187657984023583,0.632837824500902,0.5390181233020106,0.2812342015976416,1
MD_model85,/home/lyara/areswave/models/MD_model85.nd,nd,UNK,,,997.953,60.0,716.651,183.928,997.953,60.0,1290.073,32.458000000000084,1333.35,86.55399999999986,1630.024,60.0,0.43728737479680935,0.7307444839420042,0.6329254475602726,0.5627126252031907,0.2692555160579958,1
Geophysical_model529,/home/lyara/areswave/models/Geophysical_model529.nd,nd,UNK,,,916.577,60.0,878.227,195.957,916.577,60.0,1115.503,16.576999999999998,1480.2,99.46299999999997,1678.151,60.0,0.5664222917971753,0.6662068967416734,0.632945361760174,0.43357770820282476,0.3337931032583266,1
Geophysical_model749,/home/lyara/areswave/models/Geophysical_model749.nd,nd,UNK,,,900.0,60.0,900.0,197.837,900.0,60.0,1104.246,17.019999999999982,1478.696,102.12300000000005,1694.206,60.0,0.5739105920534289,0.6625457575238183,0.6330007023670218,0.4260894079465712,0.33745424247618167,1
Geophysical_model954,/home/lyara/areswave/models/Geophysical_model954.nd,nd,UNK,,,900.0,60.0,900.0,187.087,900.0,60.0,1116.17,16.62799999999993,1448.739,116.40000000000009,1680.009,60.0,0.6218404844982571,0.6386008716979834,0.6330140759647414,0.37815951550174287,0.36139912830201665,1
Geophysical_model723,/home/lyara/areswave/models/Geophysical_model723.nd,nd,UNK,,,916.644,60.0,876.961,184.31500000000005,916.644,60.0,1116.374,16.644000000000005,1499.19,99.86500000000001,1680.578,60.0,0.6941224629899216,0.6030842548044475,0.6334303241996055,0.3058775370100783,0.3969157451955525,1
Geophysical_model608,/home/lyara/areswave/models/Geophysical_model608.nd,nd,UNK,,,916.644,60.0,876.961,184.31500000000005,916.644,60.0,1116.374,16.644000000000005,1499.19,99.86500000000001,1680.578,60.0,0.6941224629899216,0.6030842548044475,0.6334303241996055,0.3058775370100783,0.3969157451955525,1
Geophysical_model300,/home/lyara/areswave/models/Geophysical_model300.nd,nd,UNK,,,1033.261,60.0,900.0,184.61199999999997,1033.261,60.0,1133.207,33.315000000000055,1483.019,83.28800000000001,1681.067,60.0,0.3856705002550749,0.7579004266813927,0.6338237845392868,0.6143294997449251,0.24209957331860726,1
MD_model32,/home/lyara/areswave/models/MD_model32.nd,nd,UNK,,,997.466,60.0,794.657,10.139999999999986,997.466,60.0,1129.292,141.96699999999987,1352.383,111.54500000000007,1504.49,60.807000000000016,0.47296375583822703,0.7145333291304183,0.6340101380330213,0.527036244161773,0.28546667086958166,1
Geophysical_model98,/home/lyara/areswave/models/Geophysical_model98.nd,nd,UNK,,,1098.133,60.0,900.0,197.5,1098.133,60.0,1147.666,16.510999999999967,1494.399,66.04399999999987,1675.759,60.0,0.5943856338045741,0.6541323826406173,0.6342167996952696,0.40561436619542585,0.3458676173593826,1
Geophysical_model818,/home/lyara/areswave/models/Geophysical_model818.nd,nd,UNK,,,966.709,60.0,900.0,193.66600000000005,966.709,60.0,1133.481,33.35500000000002,1483.703,66.70900000000006,1681.776,60.0,0.5646433719602313,0.6692328061272328,0.6343696614048989,0.43535662803976877,0.3307671938727672,1
Geophysical_model659,/home/lyara/areswave/models/Geophysical_model659.nd,nd,UNK,,,916.847,60.0,879.824,181.587,916.847,60.0,1119.005,33.69300000000021,1489.628,84.23299999999995,1687.906,60.0,0.5143427728042298,0.6959200395864777,0.6353942839923951,0.48565722719577015,0.3040799604135222,1
Geophysical_model447,/home/lyara/areswave/models/Geophysical_model447.nd,nd,UNK,,,1099.994,60.0,900.0,180.50199999999995,1099.994,60.0,1116.66,16.66599999999994,1449.983,99.99699999999984,1681.374,60.0,0.5617268288136543,0.6727319639434094,0.635730252233491,0.43827317118634573,0.3272680360565906,1
Geophysical_model108,/home/lyara/areswave/models/Geophysical_model108.nd,nd,UNK,,,999.816,60.0,900.0,195.837,999.816,60.0,1116.267,16.635999999999967,1498.893,99.81500000000005,1680.28,60.0,0.4378876676998814,0.7346814153064027,0.635750166104229,0.5621123323001186,0.2653185846935972,1
AK_model_81,/home/lyara/areswave/models/AK_model_81.nd,nd,UNK,,,1048.351,60.0,819.977,25.375,1048.351,60.0,1276.724,50.749000000000024,1327.474,50.75,1686.823,60.0,0.6169334982231944,0.6454950251672091,0.6359745161858709,0.3830665017768056,0.35450497483279086,1
Geophysical_model653,/home/lyara/areswave/models/Geophysical_model653.nd,nd,UNK,,,916.721,60.0,875.849,193.20899999999995,916.721,60.0,1117.378,33.442999999999984,1485.25,83.60799999999995,1683.376,60.0,0.4465023833830123,0.7309880970990192,0.6361595258603502,0.5534976166169877,0.2690119029009807,1
MD_model96,/home/lyara/areswave/models/MD_model96.nd,nd,UNK,,,901.131,60.0,890.515,180.45899999999995,901.131,60.0,1293.895,74.30700000000002,1315.126,31.846000000000004,1608.043,60.0,0.5442323339737778,0.6832003456497036,0.6368776750910616,0.45576766602622215,0.3167996543502964,1
Geophysical_model983,/home/lyara/areswave/models/Geophysical_model983.nd,nd,UNK,,,933.343,60.0,900.0,178.96400000000006,933.343,60.0,1116.73,33.343000000000075,1483.505,83.35800000000017,1681.57,60.0,0.6600073283472199,0.6257298773180411,0.6371556943277673,0.3399926716527802,0.37427012268195886,1
Geophysical_model192,/home/lyara/areswave/models/Geophysical_model192.nd,nd,UNK,,,1016.377,60.0,900.0,199.29700000000003,1016.377,60.0,1132.755,33.251000000000204,1498.512,99.75199999999995,1679.896,60.0,0.5932945261306188,0.659139063546127,0.6371908844076243,0.4067054738693811,0.34086093645387305,1
Geophysical_model441,/home/lyara/areswave/models/Geophysical_model441.nd,nd,UNK,,,1047.083,60.0,900.0,187.13800000000003,1047.083,60.0,1145.138,32.684999999999945,1488.33,65.36999999999989,1669.654,60.0,0.5508881595028912,0.6803973122362452,0.6372275946584606,0.44911184049710884,0.3196026877637548,1
Geophysical_model420,/home/lyara/areswave/models/Geophysical_model420.nd,nd,UNK,,,1047.083,60.0,900.0,187.13800000000003,1047.083,60.0,1145.138,32.684999999999945,1488.33,65.36999999999989,1669.654,60.0,0.5508881595028912,0.6803973122362452,0.6372275946584606,0.44911184049710884,0.3196026877637548,1
Geophysical_model411,/home/lyara/areswave/models/Geophysical_model411.nd,nd,UNK,,,1047.083,60.0,900.0,187.13800000000003,1047.083,60.0,1145.138,32.684999999999945,1488.33,65.36999999999989,1669.654,60.0,0.5508881595028912,0.6803973122362452,0.6372275946584606,0.44911184049710884,0.3196026877637548,1
Geophysical_model231,/home/lyara/areswave/models/Geophysical_model231.nd,nd,UNK,,,1098.133,60.0,900.0,196.25699999999995,1098.133,60.0,1147.666,33.02300000000014,1494.399,66.04399999999987,1675.759,60.0,0.5559834037114108,0.677971218838523,0.6373086137961522,0.44401659628858925,0.32202878116147704,1
Geophysical_model904,/home/lyara/areswave/models/Geophysical_model904.nd,nd,UNK,,,950.128,60.0,900.0,199.44500000000005,950.128,60.0,1133.929,50.12799999999993,1484.824,66.83699999999999,1682.935,60.0,0.556126748626522,0.6780681737938559,0.6374210320714112,0.44387325137347805,0.3219318262061442,1
Geophysical_model69,/home/lyara/areswave/models/Geophysical_model69.nd,nd,UNK,,,1016.434,60.0,877.14,182.87599999999998,1016.434,60.0,1132.867,33.26700000000005,1498.801,99.79999999999995,1680.187,60.0,0.6417673221424323,0.6354898668022289,0.63758235191563,0.35823267785756774,0.3645101331977712,1
MD_model79,/home/lyara/areswave/models/MD_model79.nd,nd,UNK,,,991.345,60.0,742.39,10.372999999999934,991.345,60.0,1126.195,10.373000000000047,1354.404,93.35799999999995,1580.668,60.0,0.41467423152533966,0.7498923841494087,0.6381529999413856,0.5853257684746603,0.25010761585059127,1
Geophysical_model33,/home/lyara/areswave/models/Geophysical_model33.nd,nd,UNK,,,1031.756,60.0,900.0,188.22799999999995,1031.756,60.0,1130.574,32.93899999999985,1476.434,82.34799999999996,1674.255,60.0,0.4327005911281081,0.7410059260744748,0.6382374810923526,0.5672994088718919,0.25899407392552515,1
Geophysical_model638,/home/lyara/areswave/models/Geophysical_model638.nd,nd,UNK,,,916.693,60.0,877.71,178.31899999999996,916.693,60.0,1117.015,33.386000000000195,1484.271,83.46699999999987,1682.363,60.0,0.5656312959920722,0.6748322622291163,0.6384319401501016,0.4343687040079279,0.32516773777088365,1
Geophysical_model694,/home/lyara/areswave/models/Geophysical_model694.nd,nd,UNK,,,900.0,60.0,900.0,179.832,900.0,60.0,1118.299,33.585000000000036,1487.729,100.75299999999993,1685.941,60.0,0.371399932175712,0.7722724165545497,0.6386482550949372,0.628600067824288,0.2277275834454503,1
AK_model_5,/home/lyara/areswave/models/AK_model_5.nd,nd,UNK,,,1050.493,60.0,815.949,26.06000000000006,1050.493,60.0,1285.037,78.18200000000002,1311.097,26.059999999999945,1677.345,60.0,0.5524635377207328,0.6826315677852282,0.6392422244303964,0.4475364622792672,0.3173684322147718,1
Geophysical_model222,/home/lyara/areswave/models/Geophysical_model222.nd,nd,UNK,,,1063.846,60.0,900.0,185.688,1063.846,60.0,1145.769,32.769000000000005,1489.845,65.53899999999999,1671.177,60.0,0.4393116602901095,0.7400379634828658,0.6397958624186136,0.5606883397098905,0.2599620365171343,1
Geophysical_model242,/home/lyara/areswave/models/Geophysical_model242.nd,nd,UNK,,,967.494,60.0,900.0,192.86699999999996,967.494,60.0,1119.357,33.74700000000007,1456.828,118.11599999999999,1688.886,60.0,0.5871368389077052,0.6670924104455813,0.6404405532662892,0.41286316109229476,0.33290758955441874,1
Geophysical_model346,/home/lyara/areswave/models/Geophysical_model346.nd,nd,UNK,,,967.494,60.0,900.0,192.86699999999996,967.494,60.0,1119.357,33.74700000000007,1456.828,118.11599999999999,1688.886,60.0,0.5871368389077052,0.6670924104455813,0.6404405532662892,0.41286316109229476,0.33290758955441874,1
Geophysical_model636,/home/lyara/areswave/models/Geophysical_model636.nd,nd,UNK,,,900.0,60.0,900.0,178.87,900.0,60.0,1118.565,33.625,1471.633,100.87599999999998,1686.682,60.0,0.5316924564076319,0.6952589813743258,0.6407368063854278,0.46830754359236815,0.30474101862567415,1
Geophysical_model24,/home/lyara/areswave/models/Geophysical_model24.nd,nd,UNK,,,1098.645,60.0,900.0,181.856,1098.645,60.0,1115.199,16.55399999999986,1429.721,99.32199999999989,1677.304,60.0,0.47866134011891126,0.7222364530548571,0.6410447487428751,0.5213386598810887,0.27776354694514294,1
Geophysical_model932,/home/lyara/areswave/models/Geophysical_model932.nd,nd,UNK,,,966.597,60.0,900.0,179.61900000000003,966.597,60.0,1133.089,33.298,1499.372,83.2460000000001,1680.761,60.0,0.4839567494266822,0.7202779402425028,0.6415042099705626,0.5160432505733178,0.2797220597574972,1
Geophysical_model176,/home/lyara/areswave/models/Geophysical_model176.nd,nd,UNK,,,966.298,60.0,900.0,189.20899999999995,966.298,60.0,1115.469,16.57399999999984,1463.533,99.44699999999989,1678.056,60.0,0.34951918821881134,0.7877649329700647,0.6416830180529802,0.6504808117811887,0.2122350670299353,1
AK_model_36,/home/lyara/areswave/models/AK_model_36.nd,nd,UNK,,,1018.238,60.0,808.87,26.17100000000005,1018.238,60.0,1227.606,104.6840000000002,1306.119,26.17100000000005,1673.647,60.0,0.5547436816252169,0.6852104241770796,0.6417215099931254,0.4452563183747831,0.3147895758229205,1
Geophysical_model61,/home/lyara/areswave/models/Geophysical_model61.nd,nd,UNK,,,982.649,60.0,900.0,184.15300000000002,982.649,60.0,1114.887,16.529999999999973,1462.012,115.70799999999986,1676.435,60.0,0.5212388565408336,0.7020181038876558,0.6417583547720485,0.4787611434591664,0.29798189611234416,1
AK_model_93,/home/lyara/areswave/models/AK_model_93.nd,nd,UNK,,,1064.542,60.0,770.65,26.718000000000075,1064.542,60.0,1278.281,26.71699999999987,1331.716,53.434999999999945,1701.982,60.0,0.5981092351585766,0.6636267823238562,0.6417875999354297,0.40189076484142333,0.33637321767614387,1
Geophysical_model91,/home/lyara/areswave/models/Geophysical_model91.nd,nd,UNK,,,1001.362,60.0,880.983,190.173,1001.362,60.0,1119.617,33.78800000000001,1491.277,101.36200000000008,1689.612,60.0,0.6692862961563303,0.6281241471302549,0.6418448634722801,0.3307137038436697,0.3718758528697451,1
Geophysical_model168,/home/lyara/areswave/models/Geophysical_model168.nd,nd,UNK,,,1001.362,60.0,880.983,190.173,1001.362,60.0,1119.617,33.78800000000001,1491.277,101.36200000000008,1689.612,60.0,0.6692862961563303,0.6281241471302549,0.6418448634722801,0.3307137038436697,0.3718758528697451,1
Geophysical_model920,/home/lyara/areswave/models/Geophysical_model920.nd,nd,UNK,,,949.962,60.0,900.0,178.86800000000005,949.962,60.0,1133.157,33.30799999999999,1499.547,83.26999999999998,1680.937,60.0,0.5739344084033902,0.677431508049027,0.6429324748338147,0.4260655915966099,0.322568491950973,1
Geophysical_model444,/home/lyara/areswave/models/Geophysical_model444.nd,nd,UNK,,,949.55,60.0,900.0,192.74099999999999,949.55,60.0,1114.715,16.516000000000076,1461.562,99.09899999999993,1675.956,60.0,0.4996306898340227,0.7146188337651302,0.6429561191214277,0.5003693101659773,0.2853811662348697,1
Geophysical_model563,/home/lyara/areswave/models/Geophysical_model563.nd,nd,UNK,,,1087.281,60.0,900.0,22.385999999999967,1087.281,60.0,1104.307,17.02500000000009,1461.843,119.17900000000009,1694.389,60.0,0.6421798919824193,0.643723868150526,0.6432092094278238,0.35782010801758074,0.35627613184947404,1
Geophysical_model381,/home/lyara/areswave/models/Geophysical_model381.nd,nd,UNK,,,999.558,60.0,878.755,191.207,999.558,60.0,1115.708,16.592999999999847,1497.346,99.55799999999999,1678.723,60.0,0.4291462786187885,0.7504423312663949,0.6433436470505262,0.5708537213812115,0.24955766873360505,1
Geophysical_model178,/home/lyara/areswave/models/Geophysical_model178.nd,nd,UNK,,,999.801,60.0,857.307,192.11800000000005,999.801,60.0,1116.236,16.63299999999981,1482.173,99.80099999999993,1680.192,60.0,0.7720670651078423,0.5791628923834105,0.6434642832915544,0.22793293489215774,0.42083710761658955,1
Geophysical_model34,/home/lyara/areswave/models/Geophysical_model34.nd,nd,UNK,,,1047.698,60.0,900.0,190.48699999999997,1047.698,60.0,1146.164,32.82199999999989,1490.792,65.64300000000003,1672.131,60.0,0.5258019167030452,0.7023744464664027,0.6435169365452835,0.47419808329695473,0.2976255535335973,1
MD_model50,/home/lyara/areswave/models/MD_model50.nd,nd,UNK,,,1043.775,60.0,704.13,186.25699999999995,1043.775,60.0,1295.769,186.25700000000006,1361.507,87.65100000000007,1649.586,60.0,0.515506471572203,0.7076568878878459,0.6436067491159649,0.484493528427797,0.29234311211215414,1
Geophysical_model517,/home/lyara/areswave/models/Geophysical_model517.nd,nd,UNK,,,933.327,60.0,900.0,186.16499999999996,933.327,60.0,1116.628,16.663999999999987,1499.894,83.31899999999996,1681.286,60.0,0.5715000527294609,0.6802730130402133,0.6440153596032958,0.4284999472705391,0.3197269869597867,1
Geophysical_model713,/home/lyara/areswave/models/Geophysical_model713.nd,nd,UNK,,,916.672,60.0,877.403,180.774,916.672,60.0,1116.738,33.34500000000003,1483.524,83.36099999999988,1681.59,60.0,0.41629395231624833,0.7582187530772422,0.6442438194902442,0.5837060476837517,0.24178124692275776,1
Geophysical_model23,/home/lyara/areswave/models/Geophysical_model23.nd,nd,UNK,,,1017.871,60.0,900.0,184.51999999999998,1017.871,60.0,1135.742,16.838999999999942,1489.354,84.19299999999998,1687.623,60.0,0.48860098080806236,0.722172770415273,0.6443155072128693,0.5113990191919376,0.27782722958472705,1
Geophysical_model463,/home/lyara/areswave/models/Geophysical_model463.nd,nd,UNK,,,1017.871,60.0,900.0,184.51999999999998,1017.871,60.0,1135.742,16.838999999999942,1489.354,84.19299999999998,1687.623,60.0,0.48860098080806236,0.722172770415273,0.6443155072128693,0.5113990191919376,0.27782722958472705,1
AK_model_63,/home/lyara/areswave/models/AK_model_63.nd,nd,UNK,,,996.13,60.0,793.624,25.313999999999965,996.13,60.0,1122.696,75.94000000000005,1325.202,75.93900000000008,1684.197,60.0,0.4814540821790102,0.7259474611386796,0.6444496681521231,0.5185459178209898,0.27405253886132036,1
AK_model_24,/home/lyara/areswave/models/AK_model_24.nd,nd,UNK,,,1075.946,60.0,803.518,27.242999999999938,1075.946,60.0,1293.887,54.4849999999999,1321.13,27.242999999999938,1721.839,60.0,0.7123568364114745,0.6106775549284138,0.6445706487561007,0.2876431635885255,0.38932244507158625,1
Geophysical_model486,/home/lyara/areswave/models/Geophysical_model486.nd,nd,UNK,,,1031.859,60.0,900.0,187.99699999999996,1031.859,60.0,1130.754,32.965000000000146,1493.366,82.41200000000003,1674.72,60.0,0.3528270085377124,0.7906778653746249,0.6447275797623208,0.6471729914622876,0.2093221346253751,1
Geophysical_model183,/home/lyara/areswave/models/Geophysical_model183.nd,nd,UNK,,,1031.859,60.0,900.0,187.99699999999996,1031.859,60.0,1130.754,32.965000000000146,1493.366,82.41200000000003,1674.72,60.0,0.3528270085377124,0.7906778653746249,0.6447275797623208,0.6471729914622876,0.2093221346253751,1
Geophysical_model625,/home/lyara/areswave/models/Geophysical_model625.nd,nd,UNK,,,916.728,60.0,900.0,191.68600000000004,916.728,60.0,1117.467,33.455999999999904,1485.488,83.64100000000008,1683.622,60.0,0.48556848833071065,0.7243557527407793,0.6447599979374231,0.5144315116692894,0.2756442472592207,1
Geophysical_model631,/home/lyara/areswave/models/Geophysical_model631.nd,nd,UNK,,,933.855,60.0,900.0,186.07600000000002,933.855,60.0,1120.056,33.85500000000002,1492.459,84.63700000000017,1690.835,60.0,0.38637775796190665,0.7740484650485451,0.6448248960196655,0.6136222420380933,0.22595153495145492,1
Geophysical_model274,/home/lyara/areswave/models/Geophysical_model274.nd,nd,UNK,,,1032.808,60.0,900.0,180.65800000000002,1032.808,60.0,1132.413,33.200999999999794,1481.034,83.00499999999988,1679.013,60.0,0.4535680788704215,0.7406676193093953,0.644967772496404,0.5464319211295785,0.25933238069060477,1
Geophysical_model318,/home/lyara/areswave/models/Geophysical_model318.nd,nd,UNK,,,983.209,60.0,878.051,197.538,983.209,60.0,1116.342,16.641999999999825,1465.818,116.49200000000019,1680.489,60.0,0.6089654678350047,0.6631786999888205,0.6451076226042153,0.3910345321649953,0.33682130001117944,1
Geophysical_model587,/home/lyara/areswave/models/Geophysical_model587.nd,nd,UNK,,,916.728,60.0,900.0,191.66499999999996,916.728,60.0,1117.459,33.455999999999904,1485.467,83.63800000000015,1683.6,60.0,0.5229287148461931,0.7063463418985487,0.6452071328810969,0.4770712851538069,0.2936536581014513,1
Geophysical_model722,/home/lyara/areswave/models/Geophysical_model722.nd,nd,UNK,,,900.0,60.0,900.0,22.447000000000003,900.0,60.0,1101.621,16.801999999999907,1488.061,100.81099999999992,1686.284,60.0,0.49838535580597454,0.7186186482182942,0.645207550747521,0.5016146441940255,0.28138135178170576,1
Geophysical_model260,/home/lyara/areswave/models/Geophysical_model260.nd,nd,UNK,,,982.805,60.0,860.802,195.98800000000006,982.805,60.0,1115.292,16.56100000000015,1496.194,99.36500000000001,1677.564,60.0,0.4165276357261247,0.7596682920469957,0.645288073273372,0.5834723642738753,0.24033170795300435,1
Geophysical_model866,/home/lyara/areswave/models/Geophysical_model866.nd,nd,UNK,,,950.119,60.0,900.0,181.0,950.119,60.0,1133.89,50.11999999999989,1484.726,66.82600000000002,1682.834,60.0,0.6488798960384439,0.644883126954257,0.6462153833156526,0.3511201039615561,0.35511687304574296,1
Geophysical_model171,/home/lyara/areswave/models/Geophysical_model171.nd,nd,UNK,,,1016.326,60.0,900.0,195.567,1016.326,60.0,1132.652,33.235999999999876,1498.248,99.70800000000008,1679.631,60.0,0.3048936700018585,0.8173093763953083,0.6465041409308251,0.6951063299981415,0.18269062360469168,1
MD_model48,/home/lyara/areswave/models/MD_model48.nd,nd,UNK,,,929.177,60.0,788.375,191.08799999999997,929.177,60.0,1281.18,60.343000000000075,1301.295,60.0,1482.325,61.521999999999935,0.4139905890427622,0.7634924488104915,0.6469918288879151,0.5860094109572378,0.23650755118950856,1
Geophysical_model305,/home/lyara/areswave/models/Geophysical_model305.nd,nd,UNK,,,966.81,60.0,900.0,178.452,966.81,60.0,1117.132,33.40499999999997,1451.182,100.21499999999992,1682.69,60.0,0.5773581545149895,0.6818305951631963,0.6470064482804607,0.4226418454850105,0.31816940483680367,1
Geophysical_model4,/home/lyara/areswave/models/Geophysical_model4.nd,nd,UNK,,,1001.298,60.0,880.765,192.35299999999995,1001.298,60.0,1136.363,33.76700000000005,1490.906,101.298,1689.229,60.0,0.7167733688109652,0.6128029764458889,0.6474597739009144,0.2832266311890348,0.3871970235541112,1
Geophysical_model287,/home/lyara/areswave/models/Geophysical_model287.nd,nd,UNK,,,1001.133,60.0,861.705,191.47500000000002,1001.133,60.0,1119.121,33.71100000000001,1489.942,101.13300000000004,1688.231,60.0,0.55404719021002,0.694170653552431,0.647462832438294,0.44595280978998,0.30582934644756893,1
AK_model_58,/home/lyara/areswave/models/AK_model_58.nd,nd,UNK,,,1013.144,60.0,839.363,24.825999999999908,1013.144,60.0,1162.1,124.12999999999988,1385.533,49.651999999999816,1666.989,60.0,0.4701549536491354,0.7365605245994782,0.6477586676160306,0.5298450463508646,0.2634394754005218,1
Geophysical_model67,/home/lyara/areswave/models/Geophysical_model67.nd,nd,UNK,,,1017.871,60.0,900.0,184.98900000000003,1017.871,60.0,1135.742,16.838999999999942,1489.354,84.19299999999998,1687.623,60.0,0.5959815036778683,0.6748235090305903,0.648542840579683,0.4040184963221317,0.32517649096940965,1
Geophysical_model844,/home/lyara/areswave/models/Geophysical_model844.nd,nd,UNK,,,933.261,60.0,900.0,184.55899999999997,933.261,60.0,1116.199,16.630999999999858,1498.706,99.78399999999988,1680.091,60.0,0.7261772889254259,0.6114587823906943,0.6496982845689382,0.27382271107457407,0.38854121760930577,1
Geophysical_model163,/home/lyara/areswave/models/Geophysical_model163.nd,nd,UNK,,,967.551,60.0,900.0,181.75800000000004,967.551,60.0,1119.539,33.774999999999864,1457.292,118.21299999999997,1689.395,60.0,0.6651386484426207,0.6421898544779461,0.6498394524661709,0.3348613515573792,0.35781014552205387,1
Geophysical_model7,/home/lyara/areswave/models/Geophysical_model7.nd,nd,UNK,,,1063.404,60.0,900.0,197.09799999999996,1063.404,60.0,1145.107,32.68099999999981,1488.256,65.36200000000008,1669.579,60.0,0.4594596516543348,0.7451067282687734,0.6498910360639606,0.5405403483456652,0.25489327173122656,1
Geophysical_model227,/home/lyara/areswave/models/Geophysical_model227.nd,nd,UNK,,,967.56,60.0,879.511,184.39700000000005,967.56,60.0,1119.571,33.77999999999997,1457.372,101.34000000000015,1689.483,60.0,0.8376210126170573,0.5568939427679767,0.6504696327176702,0.16237898738294268,0.4431060572320234,1
Geophysical_model481,/home/lyara/areswave/models/Geophysical_model481.nd,nd,UNK,,,1096.615,60.0,900.0,187.25699999999995,1096.615,60.0,1145.769,32.769000000000005,1489.845,65.53899999999999,1671.177,60.0,0.3559572998298436,0.797765305185098,0.6504959700666798,0.6440427001701564,0.20223469481490197,1
Geophysical_model71,/home/lyara/areswave/models/Geophysical_model71.nd,nd,UNK,,,1096.225,60.0,900.0,197.35000000000002,1096.225,60.0,1145.281,32.70399999999995,1488.674,65.4079999999999,1669.999,60.0,0.6791440379555087,0.6365752372520981,0.6507648374865683,0.32085596204449135,0.36342476274790186,1
Geophysical_model216,/home/lyara/areswave/models/Geophysical_model216.nd,nd,UNK,,,1096.225,60.0,900.0,197.35000000000002,1096.225,60.0,1145.281,32.70399999999995,1488.674,65.4079999999999,1669.999,60.0,0.6791440379555087,0.6365752372520981,0.6507648374865683,0.32085596204449135,0.36342476274790186,1
Geophysical_model103,/home/lyara/areswave/models/Geophysical_model103.nd,nd,UNK,,,1016.326,60.0,900.0,195.543,1016.326,60.0,1132.652,33.235999999999876,1498.248,99.70800000000008,1679.631,60.0,0.3715521170718986,0.7903750364559856,0.65076739666129,0.6284478829281014,0.20962496354401433,1
Geophysical_model630,/home/lyara/areswave/models/Geophysical_model630.nd,nd,UNK,,,916.693,60.0,877.619,179.04700000000003,916.693,60.0,1117.015,33.386000000000195,1484.271,83.46699999999987,1682.363,60.0,0.6448080896485007,0.6543131801280783,0.6511448166348858,0.3551919103514994,0.34568681987192174,1
Geophysical_model197,/home/lyara/areswave/models/Geophysical_model197.nd,nd,UNK,,,1049.881,60.0,900.0,183.15499999999997,1049.881,60.0,1133.149,33.307000000000016,1466.219,83.26800000000003,1680.916,60.0,0.5050480301783804,0.7246770678651776,0.6514673886362452,0.49495196982161954,0.2753229321348224,1
Geophysical_model837,/home/lyara/areswave/models/Geophysical_model837.nd,nd,UNK,,,916.555,60.0,877.951,198.44299999999998,916.555,60.0,1115.217,16.554999999999836,1495.986,99.33100000000013,1677.355,60.0,0.5877683789340916,0.6837141725033953,0.6517322413136274,0.4122316210659084,0.3162858274966048,1
Geophysical_model524,/home/lyara/areswave/models/Geophysical_model524.nd,nd,UNK,,,916.555,60.0,877.951,198.44299999999998,916.555,60.0,1115.217,16.554999999999836,1495.986,99.33100000000013,1677.355,60.0,0.5877683789340916,0.6837141725033953,0.6517322413136274,0.4122316210659084,0.3162858274966048,1
Geophysical_model378,/home/lyara/areswave/models/Geophysical_model378.nd,nd,UNK,,,1063.97,60.0,900.0,189.30700000000002,1063.97,60.0,1145.955,16.396999999999935,1490.293,65.58799999999997,1671.628,60.0,0.5322578793127047,0.7126075232742226,0.65249097528705,0.46774212068729526,0.28739247672577745,1
Geophysical_model354,/home/lyara/areswave/models/Geophysical_model354.nd,nd,UNK,,,1063.97,60.0,900.0,189.30700000000002,1063.97,60.0,1145.955,16.396999999999935,1490.293,65.58799999999997,1671.628,60.0,0.5322578793127047,0.7126075232742226,0.65249097528705,0.46774212068729526,0.28739247672577745,1
CD_model69,/home/lyara/areswave/models/CD_model69.nd,nd,UNK,,,,60.0,,60.0,,60.0,,60.0,,60.0,,60.0,0.3724710602189961,0.7925352676921076,0.6525138652010704,0.6275289397810039,0.2074647323078924,1
Geophysical_model999,/home/lyara/areswave/models/Geophysical_model999.nd,nd,UNK,,,1086.489,60.0,900.0,21.298999999999978,1086.489,60.0,1103.443,16.952999999999975,1459.467,118.67499999999995,1691.782,60.0,0.5791226049387388,0.6893065825900833,0.6525785900396351,0.42087739506126115,0.3106934174099168,1
Geophysical_model32,/home/lyara/areswave/models/Geophysical_model32.nd,nd,UNK,,,1032.98,60.0,900.0,182.25,1032.98,60.0,1132.715,33.24499999999989,1498.411,83.11300000000006,1679.794,60.0,0.6862090464836839,0.6362488941227811,0.652902278243082,0.3137909535163161,0.3637511058772189,1
Geophysical_model194,/home/lyara/areswave/models/Geophysical_model194.nd,nd,UNK,,,1032.98,60.0,900.0,182.25,1032.98,60.0,1132.715,33.24499999999989,1498.411,83.11300000000006,1679.794,60.0,0.6862090464836839,0.6362488941227811,0.652902278243082,0.3137909535163161,0.3637511058772189,1
Geophysical_model72,/home/lyara/areswave/models/Geophysical_model72.nd,nd,UNK,,,1032.978,60.0,900.0,188.98199999999997,1032.978,60.0,1132.711,33.24400000000014,1481.777,83.11099999999988,1679.782,60.0,0.6609991902712851,0.6489336594393651,0.652955503050005,0.33900080972871494,0.35106634056063485,1
Geophysical_model8,/home/lyara/areswave/models/Geophysical_model8.nd,nd,UNK,,,1064.102,60.0,900.0,191.005,1064.102,60.0,1146.153,32.820000000000164,1490.767,65.6400000000001,1672.105,60.0,0.5015661343232116,0.7287947703637025,0.6530518916835389,0.49843386567678843,0.27120522963629745,1
Geophysical_model207,/home/lyara/areswave/models/Geophysical_model207.nd,nd,UNK,,,1064.102,60.0,900.0,191.005,1064.102,60.0,1146.153,32.820000000000164,1490.767,65.6400000000001,1672.105,60.0,0.5015661343232116,0.7287947703637025,0.6530518916835389,0.49843386567678843,0.27120522963629745,1
Geophysical_model629,/home/lyara/areswave/models/Geophysical_model629.nd,nd,UNK,,,900.0,60.0,900.0,21.486999999999966,900.0,60.0,1116.854,33.36200000000008,1483.837,100.08699999999999,1681.914,60.0,0.6632572778168226,0.6484225401243195,0.6533674526884873,0.3367427221831774,0.3515774598756804,1
Geophysical_model915,/home/lyara/areswave/models/Geophysical_model915.nd,nd,UNK,,,950.085,60.0,900.0,182.60699999999997,950.085,60.0,1133.728,33.3900000000001,1484.32,66.779,1682.414,60.0,0.4994350536240182,0.7306808866635497,0.6535989423170392,0.5005649463759818,0.26931911333645037,1
Geophysical_model89,/home/lyara/areswave/models/Geophysical_model89.nd,nd,UNK,,,1000.663,60.0,900.0,199.83900000000006,1000.663,60.0,1134.88,33.55400000000009,1470.423,83.88599999999997,1685.394,60.0,0.5350196779026098,0.7131965383391689,0.6538042515269825,0.46498032209739015,0.28680346166083115,1
Geophysical_model166,/home/lyara/areswave/models/Geophysical_model166.nd,nd,UNK,,,1063.464,60.0,900.0,197.09799999999996,1063.464,60.0,1145.196,32.692999999999984,1472.124,65.38599999999997,1669.795,60.0,0.3780507772728954,0.7929468709741495,0.6546481730737315,0.6219492227271046,0.20705312902585046,1
Geophysical_model755,/home/lyara/areswave/models/Geophysical_model755.nd,nd,UNK,,,933.815,60.0,879.527,184.25300000000004,933.815,60.0,1119.798,33.81499999999983,1474.857,84.53699999999981,1690.116,60.0,0.40426758873735047,0.7799956862890186,0.6547529871051293,0.5957324112626495,0.22000431371098142,1
Geophysical_model570,/home/lyara/areswave/models/Geophysical_model570.nd,nd,UNK,,,933.815,60.0,879.527,184.25300000000004,933.815,60.0,1119.798,33.81499999999983,1474.857,84.53699999999981,1690.116,60.0,0.40426758873735047,0.7799956862890186,0.6547529871051293,0.5957324112626495,0.22000431371098142,1
Geophysical_model933,/home/lyara/areswave/models/Geophysical_model933.nd,nd,UNK,,,950.04,60.0,900.0,179.98800000000006,950.04,60.0,1133.521,50.039999999999964,1483.802,66.7199999999998,1681.878,60.0,0.654959829934669,0.6547686353280973,0.6548323668636211,0.34504017006533105,0.34523136467190274,1
Geophysical_model880,/home/lyara/areswave/models/Geophysical_model880.nd,nd,UNK,,,916.693,60.0,877.556,179.548,916.693,60.0,1117.015,33.386000000000195,1484.271,83.46699999999987,1682.363,60.0,0.5479730150806221,0.7087384319283606,0.6551499596457812,0.45202698491937787,0.2912615680716394,1
Geophysical_model38,/home/lyara/areswave/models/Geophysical_model38.nd,nd,UNK,,,1033.254,60.0,900.0,187.68200000000002,1033.254,60.0,1133.195,33.3130000000001,1482.987,83.28300000000013,1681.034,60.0,0.4643189979910539,0.7505767037025551,0.6551574684653881,0.5356810020089461,0.24942329629744484,1
Geophysical_model897,/home/lyara/areswave/models/Geophysical_model897.nd,nd,UNK,,,950.093,60.0,900.0,199.61199999999997,950.093,60.0,1133.767,50.09299999999985,1484.418,66.79099999999994,1682.515,60.0,0.6453987343740544,0.6603522245502587,0.6553677278248572,0.35460126562594557,0.3396477754497414,1
Geophysical_model421,/home/lyara/areswave/models/Geophysical_model421.nd,nd,UNK,,,999.836,60.0,900.0,191.389,999.836,60.0,1116.312,16.639000000000124,1465.739,99.83699999999999,1680.405,60.0,0.7019384429784354,0.6321622775098104,0.6554209993326854,0.2980615570215645,0.3678377224901897,1
CD_model45,/home/lyara/areswave/models/CD_model45.nd,nd,UNK,,,,60.0,,60.0,,60.0,,60.0,,60.0,,60.0,0.39836364994454787,0.7845523375551252,0.6558227750182661,0.6016363500554521,0.21544766244487476,1
CD_model46,/home/lyara/areswave/models/CD_model46.nd,nd,UNK,,,,60.0,,60.0,,60.0,,60.0,,60.0,,60.0,0.39836364994454787,0.7845523375551252,0.6558227750182661,0.6016363500554521,0.21544766244487476,1
Geophysical_model392,/home/lyara/areswave/models/Geophysical_model392.nd,nd,UNK,,,1031.687,60.0,900.0,185.87199999999996,1031.687,60.0,1130.452,32.922000000000025,1492.591,82.30399999999986,1673.94,60.0,0.4347252361196824,0.7663790899997739,0.6558278053730767,0.5652747638803176,0.23362091000022614,1
Geophysical_model867,/home/lyara/areswave/models/Geophysical_model867.nd,nd,UNK,,,900.0,60.0,859.276,183.25699999999995,900.0,60.0,1106.522,17.210000000000036,1485.145,86.04999999999995,1502.356,68.83999999999992,0.7288774060280849,0.6193410081547425,0.65585314077919,0.27112259397191507,0.38065899184525753,1
Geophysical_model919,/home/lyara/areswave/models/Geophysical_model919.nd,nd,UNK,,,900.0,60.0,859.276,183.25699999999995,900.0,60.0,1106.522,17.210000000000036,1485.145,86.04999999999995,1502.356,68.83999999999992,0.7288774060280849,0.6193410081547425,0.65585314077919,0.27112259397191507,0.38065899184525753,1
Geophysical_model671,/home/lyara/areswave/models/Geophysical_model671.nd,nd,UNK,,,1099.625,60.0,900.0,21.470000000000027,1099.625,60.0,1116.26,16.635999999999967,1465.604,99.81200000000013,1680.261,60.0,0.8183165224729118,0.5759379930960036,0.6567308362216396,0.18168347752708827,0.42406200690399637,1
Geophysical_model553,/home/lyara/areswave/models/Geophysical_model553.nd,nd,UNK,,,900.0,60.0,900.0,178.562,900.0,60.0,1118.724,33.65000000000009,1472.049,100.94900000000007,1687.125,60.0,0.6646211597950218,0.6538852304672522,0.6574638735765087,0.33537884020497827,0.3461147695327478,1
Geophysical_model204,/home/lyara/areswave/models/Geophysical_model204.nd,nd,UNK,,,982.32,60.0,900.0,191.80899999999997,982.32,60.0,1114.032,16.465000000000146,1459.777,115.24799999999982,1674.055,60.0,0.5618316667008763,0.7054062191934675,0.6575480350292704,0.4381683332991238,0.29459378080653253,1
Geophysical_model54,/home/lyara/areswave/models/Geophysical_model54.nd,nd,UNK,,,1047.698,60.0,900.0,190.42999999999995,1047.698,60.0,1146.164,32.82199999999989,1490.792,65.64300000000003,1672.131,60.0,0.47107954315428735,0.7508137364704727,0.6575690053650776,0.5289204568457126,0.2491862635295273,1
AK_model_74,/home/lyara/areswave/models/AK_model_74.nd,nd,UNK,,,1048.917,60.0,820.552,25.374000000000024,1048.917,60.0,1277.282,50.74799999999982,1328.03,50.74800000000005,1687.331,60.0,0.7044405650824811,0.6345384402477269,0.6578391485259782,0.2955594349175189,0.3654615597522731,1
CD_model41,/home/lyara/areswave/models/CD_model41.nd,nd,UNK,,,,60.0,,60.0,,60.0,,60.0,,60.0,,60.0,0.48636071388204516,0.7437901983099724,0.65798037016733,0.5136392861179548,0.25620980169002766,1
Geophysical_model110,/home/lyara/areswave/models/Geophysical_model110.nd,nd,UNK,,,1032.978,60.0,900.0,189.19899999999996,1032.978,60.0,1132.711,33.24400000000014,1498.399,83.11099999999988,1679.782,60.0,0.46544843760150756,0.7545011724422731,0.6581502608286846,0.5345515623984924,0.24549882755772687,1
AK_model_49,/home/lyara/areswave/models/AK_model_49.nd,nd,UNK,,,1010.726,60.0,802.494,26.028999999999996,1010.726,60.0,1271.017,130.14599999999996,1479.249,26.028999999999996,1688.205,60.0,0.6967143781995411,0.6389011479835232,0.6581722247221958,0.303285621800459,0.3610988520164768,1
Geophysical_model761,/home/lyara/areswave/models/Geophysical_model761.nd,nd,UNK,,,900.0,60.0,900.0,179.39,900.0,60.0,1101.753,33.625,1488.445,100.87599999999998,1686.682,60.0,0.6288246654263987,0.6736051608835836,0.658678329064522,0.37117533457360125,0.3263948391164164,1
AK_model_27,/home/lyara/areswave/models/AK_model_27.nd,nd,UNK,,,1040.423,60.0,798.576,26.871999999999957,1040.423,60.0,1282.27,53.743999999999915,1309.142,53.743999999999915,1707.264,60.0,0.5771741520431408,0.699884658675256,0.6589811564645509,0.4228258479568592,0.30011534132474404,1
Geophysical_model872,/home/lyara/areswave/models/Geophysical_model872.nd,nd,UNK,,,916.706,60.0,876.388,188.89300000000003,916.706,60.0,1117.178,33.412000000000035,1484.711,83.52999999999997,1682.818,60.0,0.43141489377878706,0.7730427896994744,0.6591668243925786,0.5685851062212129,0.22695721030052562,1
Geophysical_model430,/home/lyara/areswave/models/Geophysical_model430.nd,nd,UNK,,,982.965,60.0,878.763,191.13199999999995,982.965,60.0,1115.708,16.592999999999847,1497.346,99.55799999999999,1678.723,60.0,0.4452935952472178,0.7666519279054743,0.6595324836860555,0.5547064047527822,0.23334807209452568,1
Geophysical_model647,/home/lyara/areswave/models/Geophysical_model647.nd,nd,UNK,,,916.648,60.0,877.465,180.284,916.648,60.0,1116.419,16.64799999999991,1499.315,99.88499999999999,1680.704,60.0,0.5496141354002515,0.7146075607411251,0.6596097522941672,0.4503858645997485,0.28539243925887486,1
Geophysical_model243,/home/lyara/areswave/models/Geophysical_model243.nd,nd,UNK,,,982.905,60.0,900.0,182.57500000000005,982.905,60.0,1115.552,16.58100000000013,1463.752,116.06700000000001,1678.288,60.0,0.534878685164389,0.722178833400122,0.6597454506548777,0.46512131483561103,0.27782116659987804,1
Geophysical_model297,/home/lyara/areswave/models/Geophysical_model297.nd,nd,UNK,,,1049.919,60.0,900.0,181.611,1049.919,60.0,1133.207,33.315000000000055,1483.019,83.28800000000001,1681.067,60.0,0.6554231359415399,0.6625102538936511,0.6601478812429474,0.34457686405846005,0.33748974610634885,1
Geophysical_model26,/home/lyara/areswave/models/Geophysical_model26.nd,nd,UNK,,,1049.919,60.0,900.0,181.611,1049.919,60.0,1133.207,33.315000000000055,1483.019,83.28800000000001,1681.067,60.0,0.6554231359415399,0.6625102538936511,0.6601478812429474,0.34457686405846005,0.33748974610634885,1
Geophysical_model367,/home/lyara/areswave/models/Geophysical_model367.nd,nd,UNK,,,1031.442,60.0,900.0,189.02300000000002,1031.442,60.0,1130.023,32.8599999999999,1491.488,82.15100000000007,1672.831,60.0,0.5804820276884037,0.7004050649300836,0.660430719182857,0.4195179723115962,0.2995949350699164,1
Geophysical_model317,/home/lyara/areswave/models/Geophysical_model317.nd,nd,UNK,,,1031.442,60.0,900.0,189.02300000000002,1031.442,60.0,1130.023,32.8599999999999,1491.488,82.15100000000007,1672.831,60.0,0.5804820276884037,0.7004050649300836,0.660430719182857,0.4195179723115962,0.2995949350699164,1
Geophysical_model509,/home/lyara/areswave/models/Geophysical_model509.nd,nd,UNK,,,1088.067,60.0,900.0,20.653999999999996,1088.067,60.0,1105.164,17.09699999999998,1464.2,119.67900000000009,1696.976,60.0,0.7935762104453246,0.5940541686318916,0.6605615159030359,0.20642378955467539,0.4059458313681083,1
Geophysical_model483,/home/lyara/areswave/models/Geophysical_model483.nd,nd,UNK,,,966.664,60.0,900.0,186.70399999999995,966.664,60.0,1116.657,16.666000000000167,1466.64,99.99500000000012,1681.365,60.0,0.4800657730201474,0.7509715906449845,0.6606696514367055,0.5199342269798526,0.24902840935501547,1
Geophysical_model20,/home/lyara/areswave/models/Geophysical_model20.nd,nd,UNK,,,966.664,60.0,900.0,186.70399999999995,966.664,60.0,1116.657,16.666000000000167,1466.64,99.99500000000012,1681.365,60.0,0.4800657730201474,0.7509715906449845,0.6606696514367055,0.5199342269798526,0.24902840935501547,1
Geophysical_model156,/home/lyara/areswave/models/Geophysical_model156.nd,nd,UNK,,,1033.403,60.0,900.0,187.37900000000002,1033.403,60.0,1133.456,16.675000000000182,1483.64,66.702,1681.71,60.0,0.4779229813342535,0.7521490903017656,0.6607403873125949,0.5220770186657465,0.24785090969823445,1
Geophysical_model232,/home/lyara/areswave/models/Geophysical_model232.nd,nd,UNK,,,1033.403,60.0,900.0,187.37900000000002,1033.403,60.0,1133.456,16.675000000000182,1483.64,66.702,1681.71,60.0,0.4779229813342535,0.7521490903017656,0.6607403873125949,0.5220770186657465,0.24785090969823445,1
Geophysical_model663,/home/lyara/areswave/models/Geophysical_model663.nd,nd,UNK,,,900.0,60.0,900.0,180.98299999999995,900.0,60.0,1119.116,33.710000000000036,1473.072,101.13099999999986,1688.215,60.0,0.5607425606746783,0.7112550291323654,0.6610842063131364,0.4392574393253217,0.2887449708676347,1
Geophysical_model81,/home/lyara/areswave/models/Geophysical_model81.nd,nd,UNK,,,950.269,60.0,900.0,194.50800000000004,950.269,60.0,1117.834,33.51299999999992,1452.962,117.29499999999985,1684.644,60.0,0.6103169236145027,0.686602037049182,0.6611736659042889,0.3896830763854972,0.313397962950818,1
Geophysical_model132,/home/lyara/areswave/models/Geophysical_model132.nd,nd,UNK,,,1048.611,60.0,900.0,194.70399999999995,1048.611,60.0,1147.685,33.02399999999989,1494.444,66.04899999999998,1675.804,60.0,0.506570521309599,0.7385145379007352,0.6611998657036898,0.49342947869040094,0.2614854620992649,1
Geophysical_model184,/home/lyara/areswave/models/Geophysical_model184.nd,nd,UNK,,,950.621,60.0,900.0,192.91899999999998,950.621,60.0,1119.357,33.74700000000007,1456.828,118.11599999999999,1688.886,60.0,0.8173887886474676,0.584277077773885,0.6619809813984125,0.18261121135253242,0.415722922226115,1
Geophysical_model493,/home/lyara/areswave/models/Geophysical_model493.nd,nd,UNK,,,1031.687,60.0,900.0,185.83000000000004,1031.687,60.0,1130.452,32.922000000000025,1476.13,82.30399999999986,1673.94,60.0,0.6630478581639172,0.6615073166491301,0.6620208304873925,0.33695214183608285,0.33849268335086996,1
MD_model20,/home/lyara/areswave/models/MD_model20.nd,nd,UNK,,,1028.07,60.0,756.946,192.04600000000005,1028.07,60.0,1299.193,22.593000000000075,1366.974,79.07799999999997,1694.594,60.0,0.5170916775314952,0.7348233193639981,0.6622461054198304,0.4829083224685048,0.26517668063600186,1
Geophysical_model240,/home/lyara/areswave/models/Geophysical_model240.nd,nd,UNK,,,999.801,60.0,878.469,193.77800000000002,999.801,60.0,1116.236,16.63299999999981,1498.807,99.80099999999993,1680.192,60.0,0.4051630140023281,0.7910858469483586,0.6624449026330151,0.5948369859976719,0.20891415305164146,1
Geophysical_model158,/home/lyara/areswave/models/Geophysical_model158.nd,nd,UNK,,,1017.887,60.0,900.0,186.66499999999996,1017.887,60.0,1135.775,16.841000000000122,1489.437,84.2059999999999,1687.708,60.0,0.5052681672814553,0.741135967037782,0.6625133671190064,0.4947318327185447,0.258864032962218,1
Geophysical_model490,/home/lyara/areswave/models/Geophysical_model490.nd,nd,UNK,,,1096.615,60.0,900.0,187.39999999999998,1096.615,60.0,1145.769,32.769000000000005,1489.845,65.53899999999999,1671.177,60.0,0.5273088812035983,0.7302005264025694,0.6625699780029124,0.4726911187964017,0.2697994735974306,1
CD_model65,/home/lyara/areswave/models/CD_model65.nd,nd,UNK,,,,60.0,,60.0,,60.0,,60.0,,60.0,,60.0,0.3739956661847218,0.807210566993811,0.6628056000574479,0.6260043338152782,0.19278943300618895,1
AK_model_41,/home/lyara/areswave/models/AK_model_41.nd,nd,UNK,,,1033.676,60.0,821.492,26.524,1033.676,60.0,1298.907,106.09199999999987,1484.568,159.13799999999992,1694.521,60.0,0.5865993838861758,0.7010089181055869,0.6628724066991165,0.4134006161138241,0.29899108189441315,1
Geophysical_model675,/home/lyara/areswave/models/Geophysical_model675.nd,nd,UNK,,,1084.148,60.0,900.0,22.19100000000003,1084.148,60.0,1100.889,16.741000000000213,1469.186,100.44499999999994,1684.076,60.0,0.5603140939111482,0.7146277545519888,0.6631898676717086,0.4396859060888518,0.28537224544801115,1
Geophysical_model611,/home/lyara/areswave/models/Geophysical_model611.nd,nd,UNK,,,1084.148,60.0,900.0,22.19100000000003,1084.148,60.0,1100.889,16.741000000000213,1469.186,100.44499999999994,1684.076,60.0,0.5603140939111482,0.7146277545519888,0.6631898676717086,0.4396859060888518,0.28537224544801115,1
MD_model95,/home/lyara/areswave/models/MD_model95.nd,nd,UNK,,,1010.926,60.0,859.539,10.812999999999988,1010.926,60.0,1248.82,140.57400000000007,1356.954,194.6400000000001,1642.275,60.0,0.40102547764114993,0.7943365680228388,0.6632328712289425,0.5989745223588501,0.20566343197716122,1
Geophysical_model511,/home/lyara/areswave/models/Geophysical_model511.nd,nd,UNK,,,900.0,60.0,900.0,179.82000000000005,900.0,60.0,1118.724,33.65000000000009,1488.873,100.94900000000007,1687.125,60.0,0.6264406438397614,0.6820583088269927,0.6635190871645823,0.3735593561602386,0.31794169117300736,1
Geophysical_model607,/home/lyara/areswave/models/Geophysical_model607.nd,nd,UNK,,,900.0,60.0,900.0,180.73800000000006,900.0,60.0,1116.617,16.66300000000001,1466.537,99.97700000000009,1681.255,60.0,0.4880680777293388,0.7512703986524304,0.6635362916780666,0.5119319222706612,0.2487296013475696,1
Geophysical_model117,/home/lyara/areswave/models/Geophysical_model117.nd,nd,UNK,,,966.508,60.0,900.0,194.01300000000003,966.508,60.0,1116.152,16.626999999999953,1465.32,99.76199999999994,1679.958,60.0,0.718693738153789,0.6360787093180674,0.6636170522633079,0.281306261846211,0.3639212906819326,1
Geophysical_model328,/home/lyara/areswave/models/Geophysical_model328.nd,nd,UNK,,,1001.288,60.0,861.171,194.14300000000003,1001.288,60.0,1119.457,33.76299999999992,1490.847,101.28800000000001,1689.167,60.0,0.4546916606624666,0.7689693598298222,0.6642101267740369,0.5453083393375334,0.2310306401701778,1
Geophysical_model336,/home/lyara/areswave/models/Geophysical_model336.nd,nd,UNK,,,1001.288,60.0,861.171,194.14300000000003,1001.288,60.0,1119.457,33.76299999999992,1490.847,101.28800000000001,1689.167,60.0,0.4546916606624666,0.7689693598298222,0.6642101267740369,0.5453083393375334,0.2310306401701778,1
Geophysical_model621,/home/lyara/areswave/models/Geophysical_model621.nd,nd,UNK,,,1098.113,60.0,875.932,48.13499999999999,1098.113,60.0,1114.623,16.509000000000015,1444.812,115.5659999999998,1675.699,60.0,0.6843577991109085,0.654196506425724,0.6642502706541188,0.31564220088909145,0.345803493574276,1
MD_model67,/home/lyara/areswave/models/MD_model67.nd,nd,UNK,,,988.648,60.0,733.806,10.617999999999938,988.648,60.0,1105.451,10.617999999999938,1424.004,31.855000000000018,1620.994,60.0,0.4191949257656701,0.7875649303029953,0.6647749287905537,0.5808050742343299,0.21243506969700468,1
Geophysical_model504,/home/lyara/areswave/models/Geophysical_model504.nd,nd,UNK,,,1050.167,60.0,900.0,21.375999999999976,1050.167,60.0,1100.223,33.371000000000095,1483.984,100.11099999999988,1682.066,60.0,0.7507237796814465,0.6218813225013489,0.6648288082280481,0.24927622031855343,0.3781186774986512,1
Geophysical_model283,/home/lyara/areswave/models/Geophysical_model283.nd,nd,UNK,,,983.303,60.0,877.982,198.163,983.303,60.0,1116.588,16.660000000000082,1466.461,116.625,1681.173,60.0,0.5631045299407236,0.7158516288375848,0.6649359292052978,0.43689547005927637,0.2841483711624152,1
Geophysical_model610,/home/lyara/areswave/models/Geophysical_model610.nd,nd,UNK,,,916.648,60.0,900.0,179.42899999999997,916.648,60.0,1116.419,16.64799999999991,1482.668,99.88499999999999,1680.704,60.0,0.6939122016518242,0.651201160368847,0.6654381741298394,0.30608779834817573,0.34879883963115305,1
AK_model_45,/home/lyara/areswave/models/AK_model_45.nd,nd,UNK,,,1013.382,60.0,800.038,26.66700000000003,1013.382,60.0,1280.062,106.6719999999998,1493.405,26.667999999999893,1703.13,60.0,0.5463134211894294,0.725744982581852,0.6659344621177111,0.4536865788105707,0.274255017418148,1
Geophysical_model709,/home/lyara/areswave/models/Geophysical_model709.nd,nd,UNK,,,900.0,60.0,900.0,21.48599999999999,900.0,60.0,1116.829,33.35799999999995,1483.771,100.07500000000005,1681.845,60.0,0.7255307096696455,0.6366571927190119,0.6662816983692231,0.27446929033035455,0.36334280728098817,1
Geophysical_model707,/home/lyara/areswave/models/Geophysical_model707.nd,nd,UNK,,,933.674,60.0,879.802,181.78499999999997,933.674,60.0,1118.884,33.67399999999998,1489.303,84.18600000000015,1687.57,60.0,0.6535271235625024,0.6736185147478364,0.6669213843527251,0.3464728764374976,0.32638148525216354,1
Geophysical_model879,/home/lyara/areswave/models/Geophysical_model879.nd,nd,UNK,,,933.674,60.0,879.802,181.78499999999997,933.674,60.0,1118.884,33.67399999999998,1489.303,84.18600000000015,1687.57,60.0,0.6535271235625024,0.6736185147478364,0.6669213843527251,0.3464728764374976,0.32638148525216354,1
Geophysical_model187,/home/lyara/areswave/models/Geophysical_model187.nd,nd,UNK,,,1016.434,60.0,877.254,181.96500000000003,1016.434,60.0,1132.867,33.26700000000005,1498.801,99.79999999999995,1680.187,60.0,0.5795567127370194,0.7106135689101727,0.6669279501857882,0.4204432872629806,0.2893864310898273,1
Geophysical_model834,/home/lyara/areswave/models/Geophysical_model834.nd,nd,UNK,,,1088.334,60.0,900.0,20.67100000000005,1088.334,60.0,1105.456,17.121000000000095,1465.003,102.72800000000007,1697.857,60.0,0.5512761491239158,0.7247603421629472,0.6669322778166032,0.4487238508760842,0.27523965783705284,1
Geophysical_model161,/home/lyara/areswave/models/Geophysical_model161.nd,nd,UNK,,,1032.538,60.0,900.0,187.97199999999998,1032.538,60.0,1131.941,33.13499999999999,1496.421,82.83600000000001,1677.792,60.0,0.5248789436510519,0.7381803201028077,0.6670798612855556,0.4751210563489481,0.2618196798971924,1
Geophysical_model99,/home/lyara/areswave/models/Geophysical_model99.nd,nd,UNK,,,1032.538,60.0,900.0,187.97199999999998,1032.538,60.0,1131.941,33.13499999999999,1496.421,82.83600000000001,1677.792,60.0,0.5248789436510519,0.7381803201028077,0.6670798612855556,0.4751210563489481,0.2618196798971924,1
Geophysical_model14,/home/lyara/areswave/models/Geophysical_model14.nd,nd,UNK,,,1032.538,60.0,900.0,187.97199999999998,1032.538,60.0,1131.941,33.13499999999999,1496.421,82.83600000000001,1677.792,60.0,0.5248789436510519,0.7381803201028077,0.6670798612855556,0.4751210563489481,0.2618196798971924,1
Geophysical_model582,/home/lyara/areswave/models/Geophysical_model582.nd,nd,UNK,,,916.922,60.0,900.0,183.74300000000005,916.922,60.0,1119.984,33.84400000000005,1475.344,84.60900000000015,1690.635,60.0,0.3521105261816413,0.8260178250956096,0.6680487254576203,0.6478894738183587,0.17398217490439036,1
Geophysical_model316,/home/lyara/areswave/models/Geophysical_model316.nd,nd,UNK,,,1001.288,60.0,861.085,194.57299999999998,1001.288,60.0,1119.457,33.76299999999992,1490.847,101.28800000000001,1689.167,60.0,0.5278337349074754,0.7382016286837814,0.6680789974250128,0.4721662650925246,0.2617983713162187,1
Geophysical_model423,/home/lyara/areswave/models/Geophysical_model423.nd,nd,UNK,,,966.246,60.0,900.0,188.279,966.246,60.0,1115.299,16.560999999999922,1463.089,99.36900000000014,1677.583,60.0,0.6741123265644277,0.6652301174646017,0.6681908538312104,0.32588767343557234,0.3347698825353983,1
Geophysical_model254,/home/lyara/areswave/models/Geophysical_model254.nd,nd,UNK,,,966.246,60.0,900.0,188.279,966.246,60.0,1115.299,16.560999999999922,1463.089,99.36900000000014,1677.583,60.0,0.6741123265644277,0.6652301174646017,0.6681908538312104,0.32588767343557234,0.3347698825353983,1
AK_model_43,/home/lyara/areswave/models/AK_model_43.nd,nd,UNK,,,1028.345,60.0,817.934,26.30200000000002,1028.345,60.0,1291.359,105.2059999999999,1475.469,157.80899999999997,1685.454,60.0,0.5937142828194417,0.7056401768522221,0.668331545507962,0.40628571718055834,0.29435982314777787,1
Geophysical_model239,/home/lyara/areswave/models/Geophysical_model239.nd,nd,UNK,,,1048.843,60.0,900.0,194.70399999999995,1048.843,60.0,1148.071,33.07600000000002,1495.37,66.15199999999982,1676.736,60.0,0.5230795837688069,0.7412683387102277,0.668538753729754,0.47692041623119313,0.25873166128977226,1
Geophysical_model159,/home/lyara/areswave/models/Geophysical_model159.nd,nd,UNK,,,1048.843,60.0,900.0,194.70399999999995,1048.843,60.0,1148.071,33.07600000000002,1495.37,66.15199999999982,1676.736,60.0,0.5230795837688069,0.7412683387102277,0.668538753729754,0.47692041623119313,0.25873166128977226,1
Geophysical_model774,/home/lyara/areswave/models/Geophysical_model774.nd,nd,UNK,,,1099.57,60.0,900.0,21.534999999999968,1099.57,60.0,1116.201,16.631000000000085,1465.45,99.78499999999985,1680.096,60.0,0.46900354685226064,0.7686742565660909,0.6687840199948142,0.5309964531477394,0.23132574343390913,1
CD_model26,/home/lyara/areswave/models/CD_model26.nd,nd,UNK,,,,60.0,,60.0,,60.0,,60.0,,60.0,,60.0,0.5328320074963029,0.7373149347617804,0.6691539590066213,0.46716799250369717,0.26268506523821955,1
Geophysical_model799,/home/lyara/areswave/models/Geophysical_model799.nd,nd,UNK,,,933.862,60.0,900.0,186.98699999999997,933.862,60.0,1120.105,33.86200000000008,1492.59,84.65599999999995,1690.97,60.0,0.6028081927460922,0.7023761316863828,0.669186818706286,0.39719180725390774,0.2976238683136172,1
Geophysical_model10,/home/lyara/areswave/models/Geophysical_model10.nd,nd,UNK,,,983.111,60.0,878.833,190.50300000000004,983.111,60.0,1116.088,16.62200000000007,1465.153,116.35500000000002,1679.781,60.0,0.5345029189659772,0.737166364448836,0.6696118826212164,0.46549708103402276,0.26283363555116396,1
AK_model_57,/home/lyara/areswave/models/AK_model_57.nd,nd,UNK,,,1014.565,60.0,889.976,24.918000000000006,1014.565,60.0,1164.071,99.67100000000005,1388.331,99.67100000000005,1670.1,60.0,0.390825511756163,0.8095742645372241,0.6699913469435371,0.609174488243837,0.19042573546277589,1
Geophysical_model471,/home/lyara/areswave/models/Geophysical_model471.nd,nd,UNK,,,1064.377,60.0,900.0,188.24,1064.377,60.0,1146.565,32.875,1491.756,65.75099999999998,1673.1,60.0,0.4102556081993347,0.799941069857633,0.6700459159715336,0.5897443918006653,0.20005893014236695,1
Geophysical_model433,/home/lyara/areswave/models/Geophysical_model433.nd,nd,UNK,,,1064.377,60.0,900.0,188.24,1064.377,60.0,1146.565,32.875,1491.756,65.75099999999998,1673.1,60.0,0.4102556081993347,0.799941069857633,0.6700459159715336,0.5897443918006653,0.20005893014236695,1
Geophysical_model831,/home/lyara/areswave/models/Geophysical_model831.nd,nd,UNK,,,933.798,60.0,879.696,182.73299999999995,933.798,60.0,1119.688,33.798,1491.467,84.49500000000012,1689.809,60.0,0.5785207509957908,0.7161385272622443,0.6702659351734264,0.42147924900420913,0.2838614727377557,1
Geophysical_model814,/home/lyara/areswave/models/Geophysical_model814.nd,nd,UNK,,,1088.465,60.0,900.0,20.69500000000005,1088.465,60.0,1105.598,17.133000000000038,1465.394,102.79899999999998,1698.287,60.0,0.45027656608813393,0.7810322242256148,0.6707803381797879,0.5497234339118661,0.21896777577438517,1
Geophysical_model199,/home/lyara/areswave/models/Geophysical_model199.nd,nd,UNK,,,1032.98,60.0,900.0,181.668,1032.98,60.0,1132.715,33.24499999999989,1498.411,83.11300000000006,1679.794,60.0,0.47791631770038945,0.7678979877549116,0.6712374310700708,0.5220836822996106,0.23210201224508842,1
Geophysical_model104,/home/lyara/areswave/models/Geophysical_model104.nd,nd,UNK,,,1032.98,60.0,900.0,181.668,1032.98,60.0,1132.715,33.24499999999989,1498.411,83.11300000000006,1679.794,60.0,0.47791631770038945,0.7678979877549116,0.6712374310700708,0.5220836822996106,0.23210201224508842,1
Geophysical_model566,/home/lyara/areswave/models/Geophysical_model566.nd,nd,UNK,,,916.723,60.0,877.828,199.54899999999998,916.723,60.0,1117.396,33.44599999999991,1485.297,83.61400000000003,1683.425,60.0,0.6333557639423301,0.6908891518206277,0.6717113558611952,0.36664423605766994,0.30911084817937234,1
Geophysical_model681,/home/lyara/areswave/models/Geophysical_model681.nd,nd,UNK,,,916.723,60.0,877.828,199.54899999999998,916.723,60.0,1117.396,33.44599999999991,1485.297,83.61400000000003,1683.425,60.0,0.6333557639423301,0.6908891518206277,0.6717113558611952,0.36664423605766994,0.30911084817937234,1
Geophysical_model996,/home/lyara/areswave/models/Geophysical_model996.nd,nd,UNK,,,916.723,60.0,877.828,199.54899999999998,916.723,60.0,1117.396,33.44599999999991,1485.297,83.61400000000003,1683.425,60.0,0.6333557639423301,0.6908891518206277,0.6717113558611952,0.36664423605766994,0.30911084817937234,1
AK_model_21,/home/lyara/areswave/models/AK_model_21.nd,nd,UNK,,,1060.311,60.0,819.703,53.46900000000005,1060.311,60.0,1274.186,26.733999999999924,1327.655,53.468999999999824,1698.352,60.0,0.6031838331597409,0.7063037515717061,0.6719304454343843,0.3968161668402591,0.29369624842829395,1
MD_model37,/home/lyara/areswave/models/MD_model37.nd,nd,UNK,,,981.132,60.0,895.92,191.726,981.132,60.0,1290.024,31.95399999999995,1332.63,63.90800000000013,1615.446,60.0,0.6333273281437539,0.6913730481823128,0.6720244748361265,0.36667267185624614,0.30862695181768723,1
AK_model_53,/home/lyara/areswave/models/AK_model_53.nd,nd,UNK,,,1012.109,60.0,833.338,25.53800000000001,1012.109,60.0,1114.263,102.154,1369.649,76.61600000000021,1656.21,60.0,0.45070553389589396,0.7833181050554303,0.6724472480022515,0.549294466104106,0.2166818949445697,1
AK_model_86,/home/lyara/areswave/models/AK_model_86.nd,nd,UNK,,,1049.938,60.0,885.794,23.448999999999955,1049.938,60.0,1284.43,23.450000000000045,1354.777,70.34700000000021,1674.308,60.0,0.5882926534565726,0.7145298095278233,0.6724507575040731,0.41170734654342744,0.2854701904721767,1
Geophysical_model291,/home/lyara/areswave/models/Geophysical_model291.nd,nd,UNK,,,1033.201,60.0,900.0,180.11699999999996,1033.201,60.0,1133.102,33.299999999999955,1499.404,83.25,1680.794,60.0,0.4844722638612662,0.7667161749938313,0.6726348712829763,0.5155277361387338,0.23328382500616876,1
Geophysical_model513,/home/lyara/areswave/models/Geophysical_model513.nd,nd,UNK,,,916.847,60.0,879.78,181.97699999999998,916.847,60.0,1119.005,33.69300000000021,1489.628,84.23299999999995,1687.906,60.0,0.5439102304295975,0.7373465469700822,0.6728677747899207,0.45608976957040254,0.2626534530299179,1
Geophysical_model913,/home/lyara/areswave/models/Geophysical_model913.nd,nd,UNK,,,916.847,60.0,879.78,181.97699999999998,916.847,60.0,1119.005,33.69300000000021,1489.628,84.23299999999995,1687.906,60.0,0.5439102304295975,0.7373465469700822,0.6728677747899207,0.45608976957040254,0.2626534530299179,1
Geophysical_model589,/home/lyara/areswave/models/Geophysical_model589.nd,nd,UNK,,,1086.489,60.0,900.0,21.26400000000001,1086.489,60.0,1103.443,16.952999999999975,1459.467,118.67499999999995,1691.782,60.0,0.692409315604446,0.6642931932894187,0.6736652340610944,0.30759068439555404,0.3357068067105813,1
Geophysical_model763,/home/lyara/areswave/models/Geophysical_model763.nd,nd,UNK,,,950.013,60.0,900.0,182.67999999999995,950.013,60.0,1133.396,33.3420000000001,1483.489,66.68399999999997,1681.554,60.0,0.4940274567451508,0.7637619319763708,0.6738504402326307,0.5059725432548492,0.2362380680236292,1
Geophysical_model649,/home/lyara/areswave/models/Geophysical_model649.nd,nd,UNK,,,950.013,60.0,900.0,182.67999999999995,950.013,60.0,1133.396,33.3420000000001,1483.489,66.68399999999997,1681.554,60.0,0.4940274567451508,0.7637619319763708,0.6738504402326307,0.5059725432548492,0.2362380680236292,1
Geophysical_model832,/home/lyara/areswave/models/Geophysical_model832.nd,nd,UNK,,,949.951,60.0,900.0,180.49300000000005,949.951,60.0,1116.453,16.65000000000009,1499.409,83.2510000000002,1680.798,60.0,0.5342770375985723,0.7438511848388882,0.6739931357587828,0.46572296240142774,0.25614881516111176,1
AK_model_97,/home/lyara/areswave/models/AK_model_97.nd,nd,UNK,,,1076.276,60.0,775.803,27.315000000000055,1076.276,60.0,1294.802,54.631999999999834,1322.117,27.31600000000003,1723.434,60.0,0.5274206046837759,0.7478926583977881,0.6744019738264507,0.47257939531622406,0.25210734160221193,1
Geophysical_model112,/home/lyara/areswave/models/Geophysical_model112.nd,nd,UNK,,,1098.133,60.0,900.0,196.45600000000002,1098.133,60.0,1147.666,33.02300000000014,1477.888,66.04399999999987,1675.759,60.0,0.6453677393650292,0.6892450743576788,0.6746192960267955,0.3546322606349707,0.3107549256423212,1
Geophysical_model495,/home/lyara/areswave/models/Geophysical_model495.nd,nd,UNK,,,966.559,60.0,900.0,180.90700000000004,966.559,60.0,1116.317,16.638999999999896,1465.751,99.83900000000017,1680.417,60.0,0.4396171864644798,0.7924277975613968,0.6748242605290912,0.5603828135355202,0.2075722024386032,1
Geophysical_model342,/home/lyara/areswave/models/Geophysical_model342.nd,nd,UNK,,,1031.762,60.0,900.0,188.29999999999995,1031.762,60.0,1130.583,32.94100000000003,1492.929,82.35100000000011,1674.28,60.0,0.6193583789299044,0.7027859396180267,0.674976752721986,0.3806416210700956,0.2972140603819733,1
Geophysical_model602,/home/lyara/areswave/models/Geophysical_model602.nd,nd,UNK,,,1099.903,60.0,900.0,21.410999999999945,1099.903,60.0,1116.562,16.65800000000013,1466.392,116.61000000000013,1681.1,60.0,0.5246589350592206,0.7502918186767336,0.6750808574708959,0.4753410649407795,0.2497081813232665,1
Geophysical_model341,/home/lyara/areswave/models/Geophysical_model341.nd,nd,UNK,,,999.558,60.0,857.532,191.10400000000004,999.558,60.0,1115.708,16.592999999999847,1497.346,99.55799999999999,1678.723,60.0,0.5864417026158693,0.7194181562538298,0.6750926717078429,0.41355829738413075,0.2805818437461702,1
Geophysical_model74,/home/lyara/areswave/models/Geophysical_model74.nd,nd,UNK,,,950.042,60.0,900.0,197.93200000000002,950.042,60.0,1116.847,33.361000000000104,1450.457,116.7639999999999,1681.894,60.0,0.7005718087255344,0.6627886300930099,0.675383022970518,0.2994281912744657,0.33721136990699013,1
Geophysical_model764,/home/lyara/areswave/models/Geophysical_model764.nd,nd,UNK,,,933.862,60.0,900.0,186.66999999999996,933.862,60.0,1120.105,33.86200000000008,1492.59,84.65599999999995,1690.97,60.0,0.8316122279399343,0.5973265728606831,0.6754217912204336,0.16838777206006567,0.4026734271393168,1
Geophysical_model449,/home/lyara/areswave/models/Geophysical_model449.nd,nd,UNK,,,1031.442,60.0,900.0,189.75400000000002,1031.442,60.0,1130.023,32.8599999999999,1491.488,82.15100000000007,1672.831,60.0,0.4786515634074088,0.7748710161655565,0.6761311985795073,0.5213484365925912,0.2251289838344435,1
Geophysical_model534,/home/lyara/areswave/models/Geophysical_model534.nd,nd,UNK,,,900.0,60.0,877.409,180.72699999999998,900.0,60.0,1118.976,33.68899999999985,1489.55,101.06600000000003,1687.825,60.0,0.5236950968223573,0.7523931306187859,0.676160452686643,0.4763049031776427,0.2476068693812141,1
Geophysical_model687,/home/lyara/areswave/models/Geophysical_model687.nd,nd,UNK,,,916.902,60.0,900.0,181.07899999999995,916.902,60.0,1119.729,33.80400000000009,1474.676,84.51099999999997,1689.924,60.0,0.6834629993043312,0.6729688023210707,0.6764668679821576,0.3165370006956688,0.32703119767892935,1
Geophysical_model849,/home/lyara/areswave/models/Geophysical_model849.nd,nd,UNK,,,916.902,60.0,900.0,181.07899999999995,916.902,60.0,1119.729,33.80400000000009,1474.676,84.51099999999997,1689.924,60.0,0.6834629993043312,0.6729688023210707,0.6764668679821576,0.3165370006956688,0.32703119767892935,1
Geophysical_model555,/home/lyara/areswave/models/Geophysical_model555.nd,nd,UNK,,,916.902,60.0,900.0,181.07899999999995,916.902,60.0,1119.729,33.80400000000009,1474.676,84.51099999999997,1689.924,60.0,0.6834629993043312,0.6729688023210707,0.6764668679821576,0.3165370006956688,0.32703119767892935,1
Geophysical_model40,/home/lyara/areswave/models/Geophysical_model40.nd,nd,UNK,,,1063.521,60.0,900.0,197.404,1063.521,60.0,1145.281,32.70399999999995,1488.674,65.4079999999999,1669.999,60.0,0.6745823316904174,0.6774447902753618,0.6764906374137136,0.3254176683095827,0.3225552097246382,1
Geophysical_model843,/home/lyara/areswave/models/Geophysical_model843.nd,nd,UNK,,,900.0,60.0,900.0,183.55899999999997,900.0,60.0,1106.386,17.19900000000007,1467.561,85.99399999999991,1501.958,68.79599999999982,0.7240733854600706,0.6536535813301734,0.6771268493734725,0.2759266145399294,0.34634641866982663,1
MD_model19,/home/lyara/areswave/models/MD_model19.nd,nd,UNK,,,1059.774,60.0,728.117,192.5759999999999,1059.774,60.0,1209.555,192.57500000000005,1348.637,106.98699999999985,1611.188,60.0,0.3737627332045237,0.8293581420352529,0.6774930057583433,0.6262372667954763,0.17064185796474704,1
Geophysical_model516,/home/lyara/areswave/models/Geophysical_model516.nd,nd,UNK,,,1086.489,60.0,900.0,21.269000000000005,1086.489,60.0,1103.443,16.952999999999975,1459.467,118.67499999999995,1691.782,60.0,0.6671257706452579,0.6828740740240578,0.6776246395644577,0.3328742293547421,0.3171259259759423,1
AK_model_50,/home/lyara/areswave/models/AK_model_50.nd,nd,UNK,,,1030.878,60.0,805.605,25.029999999999973,1030.878,60.0,1281.182,100.12200000000007,1481.425,175.21299999999997,1687.443,60.0,0.5180108202579262,0.7589818226084706,0.6786581551582892,0.4819891797420738,0.24101817739152936,1
Geophysical_model214,/home/lyara/areswave/models/Geophysical_model214.nd,nd,UNK,,,949.92,60.0,900.0,183.216,949.92,60.0,1116.318,16.6400000000001,1449.115,116.47900000000004,1680.421,60.0,0.4932079423895762,0.7718588583730542,0.6789752197118949,0.5067920576104238,0.22814114162694574,1
Geophysical_model605,/home/lyara/areswave/models/Geophysical_model605.nd,nd,UNK,,,916.648,60.0,900.0,180.15800000000002,916.648,60.0,1116.419,16.64799999999991,1499.315,99.88499999999999,1680.704,60.0,0.7404520122939351,0.6486835991800717,0.6792730702180262,0.25954798770606485,0.3513164008199283,1
Geophysical_model436,/home/lyara/areswave/models/Geophysical_model436.nd,nd,UNK,,,949.631,60.0,900.0,190.808,949.631,60.0,1115.067,16.544000000000096,1462.484,99.26199999999994,1676.937,60.0,0.679321553412894,0.6793400271655587,0.6793338692480039,0.320678446587106,0.3206599728344412,1
Geophysical_model738,/home/lyara/areswave/models/Geophysical_model738.nd,nd,UNK,,,900.0,60.0,900.0,184.47699999999998,900.0,60.0,1106.204,17.18399999999997,1467.062,85.9190000000001,1501.429,68.7349999999999,0.5024808425801999,0.7680589603066981,0.6795329210645319,0.4975191574198001,0.23194103969330193,1
Geophysical_model854,/home/lyara/areswave/models/Geophysical_model854.nd,nd,UNK,,,900.0,60.0,900.0,184.47699999999998,900.0,60.0,1106.204,17.18399999999997,1467.062,85.9190000000001,1501.429,68.7349999999999,0.5024808425801999,0.7680589603066981,0.6795329210645319,0.4975191574198001,0.23194103969330193,1
Geophysical_model769,/home/lyara/areswave/models/Geophysical_model769.nd,nd,UNK,,,950.91,60.0,900.0,199.563,950.91,60.0,1137.578,33.940000000000055,1476.975,67.8789999999999,1692.373,60.0,0.43257186024406746,0.8033331097551546,0.6797460265847922,0.5674281397559325,0.19666689024484538,1
Geophysical_model859,/home/lyara/areswave/models/Geophysical_model859.nd,nd,UNK,,,950.013,60.0,900.0,182.12900000000002,950.013,60.0,1133.396,33.3420000000001,1483.489,66.68399999999997,1681.554,60.0,0.7179757361208436,0.6607025786951521,0.6797936311703827,0.28202426387915636,0.3392974213048479,1
Geophysical_model136,/home/lyara/areswave/models/Geophysical_model136.nd,nd,UNK,,,949.483,60.0,900.0,193.52599999999995,949.483,60.0,1114.426,16.494000000000142,1460.805,98.9659999999999,1675.15,60.0,0.6122493675029026,0.7137140737724434,0.6798925050159298,0.38775063249709746,0.2862859262275565,1
Geophysical_model12,/home/lyara/areswave/models/Geophysical_model12.nd,nd,UNK,,,949.483,60.0,900.0,193.52599999999995,949.483,60.0,1114.426,16.494000000000142,1460.805,98.9659999999999,1675.15,60.0,0.6122493675029026,0.7137140737724434,0.6798925050159298,0.38775063249709746,0.2862859262275565,1
Geophysical_model211,/home/lyara/areswave/models/Geophysical_model211.nd,nd,UNK,,,949.483,60.0,900.0,193.52599999999995,949.483,60.0,1114.426,16.494000000000142,1460.805,98.9659999999999,1675.15,60.0,0.6122493675029026,0.7137140737724434,0.6798925050159298,0.38775063249709746,0.2862859262275565,1
Geophysical_model1000,/home/lyara/areswave/models/Geophysical_model1000.nd,nd,UNK,,,966.993,60.0,878.426,194.16700000000003,966.993,60.0,1117.726,33.496999999999844,1486.187,100.49000000000001,1684.345,60.0,0.6717999710902274,0.6854265290248576,0.6808843430466475,0.3282000289097726,0.3145734709751424,1
MD_model63,/home/lyara/areswave/models/MD_model63.nd,nd,UNK,,,1047.057,60.0,708.427,180.60199999999998,1047.057,60.0,1216.372,191.8900000000001,1363.111,90.30099999999993,1690.644,60.0,0.701038806352477,0.6709108400213709,0.680953495465073,0.29896119364752305,0.3290891599786291,1
Geophysical_model506,/home/lyara/areswave/models/Geophysical_model506.nd,nd,UNK,,,1086.703,60.0,900.0,21.099000000000046,1086.703,60.0,1103.676,16.972999999999956,1460.108,118.81000000000017,1692.486,60.0,0.5847735195420463,0.7293383947435337,0.6811501030097045,0.4152264804579537,0.2706616052564664,1
Geophysical_model623,/home/lyara/areswave/models/Geophysical_model623.nd,nd,UNK,,,900.0,60.0,900.0,179.49199999999996,900.0,60.0,1101.753,33.625,1488.445,100.87599999999998,1686.682,60.0,0.7014086051304121,0.6713828317506854,0.681391422877261,0.29859139486958786,0.3286171682493146,1
MD_model54,/home/lyara/areswave/models/MD_model54.nd,nd,UNK,,,954.555,60.0,795.413,148.53200000000004,954.555,60.0,1294.057,60.0,1336.495,53.047000000000025,1618.333,60.0,0.5784553209521845,0.7330383827070761,0.6815106954554455,0.4215446790478155,0.26696161729292384,1
Geophysical_model945,/home/lyara/areswave/models/Geophysical_model945.nd,nd,UNK,,,916.672,60.0,900.0,180.79499999999996,916.672,60.0,1116.738,33.34500000000003,1483.524,83.36099999999988,1681.59,60.0,0.7566357987251586,0.6447788006885442,0.682064466700749,0.24336420127484143,0.35522119931145574,1
CD_model48,/home/lyara/areswave/models/CD_model48.nd,nd,UNK,,,,60.0,,60.0,,60.0,,60.0,,60.0,,60.0,0.644421156296898,0.7015064438524519,0.6824780146672672,0.35557884370310194,0.2984935561475481,1
CD_model49,/home/lyara/areswave/models/CD_model49.nd,nd,UNK,,,,60.0,,60.0,,60.0,,60.0,,60.0,,60.0,0.644421156296898,0.7015064438524519,0.6824780146672672,0.35557884370310194,0.2984935561475481,1
Geophysical_model185,/home/lyara/areswave/models/Geophysical_model185.nd,nd,UNK,,,1001.288,60.0,861.569,192.154,1001.288,60.0,1119.457,33.76299999999992,1490.847,101.28800000000001,1689.167,60.0,0.46374042431460805,0.7920155758831265,0.6825905253602871,0.536259575685392,0.20798442411687346,1
MD_model75,/home/lyara/areswave/models/MD_model75.nd,nd,UNK,,,1024.463,60.0,849.461,10.294999999999959,1024.463,60.0,1240.642,51.471000000000004,1302.407,123.53100000000018,1508.292,60.6840000000002,0.4475194525715859,0.8006866760777615,0.6829642682423697,0.5524805474284141,0.19931332392223852,1
Geophysical_model781,/home/lyara/areswave/models/Geophysical_model781.nd,nd,UNK,,,916.648,60.0,877.507,179.94299999999998,916.648,60.0,1116.419,16.64799999999991,1499.315,99.88499999999999,1680.704,60.0,0.587340788487442,0.7311409720253451,0.6832075775127108,0.4126592115125581,0.2688590279746549,1
Geophysical_model633,/home/lyara/areswave/models/Geophysical_model633.nd,nd,UNK,,,916.648,60.0,877.507,179.94299999999998,916.648,60.0,1116.419,16.64799999999991,1499.315,99.88499999999999,1680.704,60.0,0.587340788487442,0.7311409720253451,0.6832075775127108,0.4126592115125581,0.2688590279746549,1
Geophysical_model427,/home/lyara/areswave/models/Geophysical_model427.nd,nd,UNK,,,949.973,60.0,900.0,194.57500000000005,949.973,60.0,1116.548,16.656999999999925,1449.698,99.94499999999994,1681.061,60.0,0.39497076876273174,0.8277636528567469,0.6834993581587417,0.6050292312372683,0.17223634714325312,1
Geophysical_model285,/home/lyara/areswave/models/Geophysical_model285.nd,nd,UNK,,,949.973,60.0,900.0,194.57500000000005,949.973,60.0,1116.548,16.656999999999925,1449.698,99.94499999999994,1681.061,60.0,0.39497076876273174,0.8277636528567469,0.6834993581587417,0.6050292312372683,0.17223634714325312,1
Geophysical_model387,/home/lyara/areswave/models/Geophysical_model387.nd,nd,UNK,,,966.673,60.0,900.0,186.43399999999997,966.673,60.0,1116.688,33.33600000000001,1483.391,100.00999999999999,1681.453,60.0,0.5085551583450922,0.7711950988647412,0.6836484520248582,0.49144484165490776,0.22880490113525873,1
Geophysical_model111,/home/lyara/areswave/models/Geophysical_model111.nd,nd,UNK,,,982.65,60.0,900.0,192.13,982.65,60.0,1114.889,16.5300000000002,1462.017,115.71000000000004,1676.44,60.0,0.49990287462363314,0.7757872054331671,0.6838257618299891,0.5000971253763669,0.22421279456683285,1
MD_model9,/home/lyara/areswave/models/MD_model9.nd,nd,UNK,,,993.358,60.0,779.806,10.169000000000096,993.358,60.0,1156.065,193.21399999999994,1430.632,172.87599999999998,1501.816,60.0,0.4130030561605539,0.8196094086728603,0.6840739578354248,0.5869969438394461,0.18039059132713972,1
Geophysical_model276,/home/lyara/areswave/models/Geophysical_model276.nd,nd,UNK,,,999.801,60.0,857.053,193.26199999999994,999.801,60.0,1116.236,16.63299999999981,1465.54,99.80099999999993,1680.192,60.0,0.4742481399144509,0.7896344033970186,0.6845056489028294,0.5257518600855491,0.21036559660298143,1
Geophysical_model938,/home/lyara/areswave/models/Geophysical_model938.nd,nd,UNK,,,1068.438,60.0,900.0,29.464000000000055,1068.438,60.0,1102.126,16.84400000000005,1455.847,117.90700000000015,1687.809,60.0,0.7471724372680951,0.653444640574632,0.6846872394724531,0.2528275627319049,0.34655535942536797,1
Geophysical_model826,/home/lyara/areswave/models/Geophysical_model826.nd,nd,UNK,,,1088.334,60.0,900.0,20.698999999999955,1088.334,60.0,1105.456,17.121000000000095,1465.003,119.85000000000014,1697.857,60.0,0.6377301227802945,0.7084013232369508,0.6848442564180655,0.36226987721970555,0.2915986767630491,1
AK_model_29,/home/lyara/areswave/models/AK_model_29.nd,nd,UNK,,,1044.427,60.0,827.691,27.091999999999985,1044.427,60.0,1288.254,54.18399999999997,1315.346,54.18399999999997,1715.068,60.0,0.5842901585231236,0.7353378790834368,0.6849886388966658,0.4157098414768764,0.2646621209165632,1
AK_model_35,/home/lyara/areswave/models/AK_model_35.nd,nd,UNK,,,1083.341,60.0,898.594,26.39300000000003,1083.341,60.0,1294.481,26.392000000000053,1347.266,79.17699999999991,1689.198,60.0,0.6425766629327432,0.706224624125528,0.6850086370612664,0.35742333706725676,0.293775375874472,1
Geophysical_model480,/home/lyara/areswave/models/Geophysical_model480.nd,nd,UNK,,,999.558,60.0,878.726,191.466,999.558,60.0,1115.708,16.592999999999847,1497.346,99.55799999999999,1678.723,60.0,0.6172792308333064,0.7190703270503497,0.6851399616446686,0.3827207691666937,0.2809296729496503,1
Geophysical_model657,/home/lyara/areswave/models/Geophysical_model657.nd,nd,UNK,,,916.728,60.0,900.0,191.85400000000004,916.728,60.0,1117.467,33.455999999999904,1485.488,83.64100000000008,1683.622,60.0,0.7312573764039387,0.6621025883615279,0.6851541843756648,0.2687426235960613,0.33789741163847214,1
CD_model40,/home/lyara/areswave/models/CD_model40.nd,nd,UNK,,,,60.0,,60.0,,60.0,,60.0,,60.0,,60.0,0.5759489967984373,0.7406424354934731,0.6857446225951277,0.4240510032015627,0.2593575645065269,1
Geophysical_model299,/home/lyara/areswave/models/Geophysical_model299.nd,nd,UNK,,,1098.572,60.0,900.0,179.41700000000003,1098.572,60.0,1115.12,16.548000000000002,1446.074,99.28600000000006,1677.084,60.0,0.44117587029691874,0.8084701980157479,0.6860387554428048,0.5588241297030813,0.19152980198425207,1
Geophysical_model280,/home/lyara/areswave/models/Geophysical_model280.nd,nd,UNK,,,999.558,60.0,878.735,191.38400000000001,999.558,60.0,1115.708,16.592999999999847,1480.753,99.55799999999999,1678.723,60.0,0.5339842211454824,0.7622604744212766,0.6861683899960118,0.46601577885451756,0.23773952557872335,1
Geophysical_model95,/home/lyara/areswave/models/Geophysical_model95.nd,nd,UNK,,,999.558,60.0,878.735,191.38400000000001,999.558,60.0,1115.708,16.592999999999847,1480.753,99.55799999999999,1678.723,60.0,0.5339842211454824,0.7622604744212766,0.6861683899960118,0.46601577885451756,0.23773952557872335,1
Geophysical_model307,/home/lyara/areswave/models/Geophysical_model307.nd,nd,UNK,,,999.558,60.0,878.735,191.38400000000001,999.558,60.0,1115.708,16.592999999999847,1480.753,99.55799999999999,1678.723,60.0,0.5339842211454824,0.7622604744212766,0.6861683899960118,0.46601577885451756,0.23773952557872335,1
AK_model_72,/home/lyara/areswave/models/AK_model_72.nd,nd,UNK,,,1026.606,60.0,795.967,25.627000000000066,1026.606,60.0,1282.873,76.88000000000011,1308.499,25.626999999999953,1695.104,60.0,0.7916748508804421,0.6362431373651772,0.6880537085369323,0.2083251491195579,0.36375686263482276,1
Geophysical_model948,/home/lyara/areswave/models/Geophysical_model948.nd,nd,UNK,,,933.856,60.0,900.0,185.25800000000004,933.856,60.0,1120.061,33.855999999999995,1475.545,84.6389999999999,1690.849,60.0,0.610614688796167,0.7272234771222126,0.6883538810135308,0.3893853112038331,0.27277652287778736,1
Geophysical_model942,/home/lyara/areswave/models/Geophysical_model942.nd,nd,UNK,,,900.0,60.0,900.0,184.99900000000002,900.0,60.0,1106.204,17.18399999999997,1484.246,85.9190000000001,1535.797,68.7349999999999,0.6594009592816015,0.7042743941227743,0.68931658250905,0.3405990407183985,0.29572560587722574,1
Geophysical_model654,/home/lyara/areswave/models/Geophysical_model654.nd,nd,UNK,,,916.721,60.0,875.945,192.43899999999996,916.721,60.0,1117.378,33.442999999999984,1485.25,83.60799999999995,1683.376,60.0,0.520217683017435,0.7743258319909558,0.689623115666449,0.47978231698256507,0.22567416800904413,1
Geophysical_model660,/home/lyara/areswave/models/Geophysical_model660.nd,nd,UNK,,,1097.761,60.0,900.0,24.192999999999984,1097.761,60.0,1114.242,16.480000000000018,1443.844,115.3610000000001,1674.637,60.0,0.5164855987825799,0.777420166569154,0.6904419773069627,0.48351440121742006,0.222579833430846,1
MD_model94,/home/lyara/areswave/models/MD_model94.nd,nd,UNK,,,1025.295,60.0,867.383,10.527999999999906,1025.295,60.0,1288.482,157.913,1351.647,168.44000000000005,1600.766,60.0,0.4905220228572895,0.7907550353589355,0.6906773645250536,0.5094779771427105,0.20924496464106446,1
Geophysical_model527,/home/lyara/areswave/models/Geophysical_model527.nd,nd,UNK,,,966.867,60.0,900.0,178.18499999999995,966.867,60.0,1134.035,33.43399999999997,1485.088,66.86699999999996,1683.208,60.0,0.5406511997550969,0.767059990166979,0.6915903933630183,0.45934880024490304,0.23294000983302096,1
MD_model6,/home/lyara/areswave/models/MD_model6.nd,nd,UNK,,,984.528,60.0,728.132,10.255999999999972,984.528,60.0,1107.599,184.60500000000002,1384.507,102.5590000000002,1507.577,60.0,0.35397531880916766,0.8612959759846566,0.6921890902594936,0.6460246811908323,0.1387040240153434,1
AK_model_25,/home/lyara/areswave/models/AK_model_25.nd,nd,UNK,,,1038.21,60.0,798.179,26.670000000000073,1038.21,60.0,1278.24,26.670000000000073,1331.58,53.33999999999992,1701.46,60.0,0.7106389875180763,0.6834466133521879,0.6925107380741506,0.28936101248192375,0.31655338664781213,1
Geophysical_model152,/home/lyara/areswave/models/Geophysical_model152.nd,nd,UNK,,,950.042,60.0,900.0,197.91099999999994,950.042,60.0,1116.847,33.361000000000104,1450.457,116.7639999999999,1681.894,60.0,0.7773380083698873,0.6501589971555979,0.6925520008936944,0.22266199163011263,0.34984100284440217,1
Geophysical_model17,/home/lyara/areswave/models/Geophysical_model17.nd,nd,UNK,,,1016.434,60.0,877.32,181.44000000000005,1016.434,60.0,1132.867,33.26700000000005,1498.801,83.16699999999992,1680.187,60.0,0.5327814580142388,0.7730370821510353,0.6929518741054365,0.4672185419857612,0.22696291784896475,1
Geophysical_model169,/home/lyara/areswave/models/Geophysical_model169.nd,nd,UNK,,,1016.434,60.0,877.32,181.44000000000005,1016.434,60.0,1132.867,33.26700000000005,1498.801,83.16699999999992,1680.187,60.0,0.5327814580142388,0.7730370821510353,0.6929518741054365,0.4672185419857612,0.22696291784896475,1
Geophysical_model395,/home/lyara/areswave/models/Geophysical_model395.nd,nd,UNK,,,966.251,60.0,900.0,185.62599999999998,966.251,60.0,1115.315,16.562999999999874,1463.132,99.37599999999998,1677.628,60.0,0.5381016951402015,0.7707618071007715,0.693208436447248,0.46189830485979855,0.22923819289922856,1
Geophysical_model403,/home/lyara/areswave/models/Geophysical_model403.nd,nd,UNK,,,966.251,60.0,900.0,185.62599999999998,966.251,60.0,1115.315,16.562999999999874,1463.132,99.37599999999998,1677.628,60.0,0.5381016951402015,0.7707618071007715,0.693208436447248,0.46189830485979855,0.22923819289922856,1
Geophysical_model468,/home/lyara/areswave/models/Geophysical_model468.nd,nd,UNK,,,966.251,60.0,900.0,185.62599999999998,966.251,60.0,1115.315,16.562999999999874,1463.132,99.37599999999998,1677.628,60.0,0.5381016951402015,0.7707618071007715,0.693208436447248,0.46189830485979855,0.22923819289922856,1
Geophysical_model356,/home/lyara/areswave/models/Geophysical_model356.nd,nd,UNK,,,966.251,60.0,900.0,185.62599999999998,966.251,60.0,1115.315,16.562999999999874,1463.132,99.37599999999998,1677.628,60.0,0.5381016951402015,0.7707618071007715,0.693208436447248,0.46189830485979855,0.22923819289922856,1
Geophysical_model538,/home/lyara/areswave/models/Geophysical_model538.nd,nd,UNK,,,950.085,60.0,900.0,182.62099999999998,950.085,60.0,1133.728,33.3900000000001,1484.32,66.779,1682.414,60.0,0.5414375296597118,0.7691759938814353,0.6932631724741941,0.45856247034028824,0.2308240061185647,1
Geophysical_model544,/home/lyara/areswave/models/Geophysical_model544.nd,nd,UNK,,,950.085,60.0,900.0,182.62099999999998,950.085,60.0,1133.728,33.3900000000001,1484.32,66.779,1682.414,60.0,0.5414375296597118,0.7691759938814353,0.6932631724741941,0.45856247034028824,0.2308240061185647,1
Geophysical_model740,/home/lyara/areswave/models/Geophysical_model740.nd,nd,UNK,,,1098.51,60.0,900.0,23.918000000000006,1098.51,60.0,1115.052,16.54300000000012,1462.444,99.25500000000011,1676.896,60.0,0.7286696608678886,0.6755654135800233,0.693266829342645,0.27133033913211135,0.32443458641997674,1
Geophysical_model887,/home/lyara/areswave/models/Geophysical_model887.nd,nd,UNK,,,966.653,60.0,900.0,193.25599999999997,966.653,60.0,1133.286,33.327,1499.88,83.31700000000001,1681.272,60.0,0.6042905479010252,0.7380789312934044,0.6934828034959447,0.3957094520989748,0.2619210687065956,1
CD_model44,/home/lyara/areswave/models/CD_model44.nd,nd,UNK,,,,60.0,,60.0,,60.0,,60.0,,60.0,,60.0,0.5649043632998163,0.7583696669057366,0.6938812323704298,0.4350956367001837,0.24163033309426338,1
Geophysical_model918,/home/lyara/areswave/models/Geophysical_model918.nd,nd,UNK,,,933.4,60.0,900.0,184.586,933.4,60.0,1117.102,33.399999999999864,1484.505,66.80100000000016,1682.605,60.0,0.7318856596902878,0.6750473334895043,0.6939934422230989,0.2681143403097121,0.3249526665104957,1
Geophysical_model100,/home/lyara/areswave/models/Geophysical_model100.nd,nd,UNK,,,1033.219,60.0,877.55,179.596,1033.219,60.0,1133.134,33.305000000000064,1482.834,83.26200000000017,1680.877,60.0,0.4762142187521776,0.8035430976089397,0.6944334713233523,0.5237857812478224,0.19645690239106028,1
Geophysical_model766,/home/lyara/areswave/models/Geophysical_model766.nd,nd,UNK,,,1099.489,60.0,900.0,21.00400000000002,1099.489,60.0,1116.113,16.624000000000024,1465.218,99.74500000000012,1679.849,60.0,0.3776451353823117,0.8529581961228095,0.6945205092093102,0.6223548646176883,0.14704180387719046,1
CD_model67,/home/lyara/areswave/models/CD_model67.nd,nd,UNK,,,,60.0,,60.0,,60.0,,60.0,,60.0,,60.0,0.4420371021200592,0.8208928060937465,0.6946075714358507,0.5579628978799408,0.17910719390625351,1
Geophysical_model612,/home/lyara/areswave/models/Geophysical_model612.nd,nd,UNK,,,916.714,60.0,900.0,193.35500000000002,916.714,60.0,1117.28,33.42699999999991,1484.983,83.56899999999996,1683.1,60.0,0.7710864333089846,0.6566014678007043,0.694763122970131,0.2289135666910153,0.3433985321992957,1
AK_model_38,/home/lyara/areswave/models/AK_model_38.nd,nd,UNK,,,1017.632,60.0,808.958,26.084999999999923,1017.632,60.0,1278.474,104.33699999999999,1304.559,26.08400000000006,1671.473,60.0,0.5592655699789982,0.7642359870857556,0.6959125147168365,0.44073443002100177,0.2357640129142444,1
Geophysical_model135,/home/lyara/areswave/models/Geophysical_model135.nd,nd,UNK,,,1048.611,60.0,900.0,193.514,1048.611,60.0,1147.685,33.02399999999989,1494.444,66.04899999999998,1675.804,60.0,0.8048420368976191,0.6415751127351994,0.6959974207893392,0.19515796310238087,0.35842488726480054,1
Geophysical_model794,/home/lyara/areswave/models/Geophysical_model794.nd,nd,UNK,,,950.91,60.0,900.0,184.586,950.91,60.0,1120.608,33.940000000000055,1493.945,84.84899999999993,1692.373,60.0,0.5620365040101559,0.7637545250493261,0.6965151847029359,0.4379634959898441,0.2362454749506739,1
Geophysical_model910,/home/lyara/areswave/models/Geophysical_model910.nd,nd,UNK,,,950.007,60.0,900.0,179.014,950.007,60.0,1133.367,33.337999999999965,1483.418,66.67599999999993,1681.481,60.0,0.6266802434573673,0.7314561064532905,0.6965308187879827,0.3733197565426328,0.26854389354670954,1
Geophysical_model977,/home/lyara/areswave/models/Geophysical_model977.nd,nd,UNK,,,1086.703,60.0,900.0,21.20399999999995,1086.703,60.0,1103.676,16.972999999999956,1460.108,118.81000000000017,1692.486,60.0,0.6767393951412687,0.7070703671230989,0.6969600431291555,0.3232606048587313,0.29292963287690116,1
CD_model63,/home/lyara/areswave/models/CD_model63.nd,nd,UNK,,,,60.0,,60.0,,60.0,,60.0,,60.0,,60.0,0.4608140263042918,0.8150780956663506,0.6969900725456643,0.5391859736957082,0.18492190433364944,1
maak,/home/lyara/areswave/models/maak.npz,npz,UNK,,,1084.528,60.0,858.423,180.88400000000001,1084.528,60.0,1174.97,90.44200000000001,1401.074,67.83199999999988,1695.01,22.6099999999999,0.45449458232893547,0.8184803885561147,0.6971517864803882,0.5455054176710645,0.1815196114438853,1
Geophysical_model130,/home/lyara/areswave/models/Geophysical_model130.nd,nd,UNK,,,1031.687,60.0,900.0,185.29399999999998,1031.687,60.0,1130.452,32.922000000000025,1492.591,82.30399999999986,1673.94,60.0,0.6874584649989075,0.7022692350392348,0.6973323116924591,0.31254153500109244,0.29773076496076517,1
MD_model38,/home/lyara/areswave/models/MD_model38.nd,nd,UNK,,,1054.062,60.0,780.894,189.11599999999999,1054.062,60.0,1253.684,178.61000000000013,1348.242,10.506000000000085,1597.105,60.0,0.5197242585524074,0.7862326020536403,0.6973964875532294,0.48027574144759255,0.21376739794635968,1
MD_model45,/home/lyara/areswave/models/MD_model45.nd,nd,UNK,,,966.263,60.0,741.442,194.164,966.263,60.0,1262.617,30.6579999999999,1334.151,51.096000000000004,1497.657,60.0,0.3964660774941473,0.8478956080702098,0.697419097878189,0.6035339225058527,0.15210439192979017,1
Geophysical_model964,/home/lyara/areswave/models/Geophysical_model964.nd,nd,UNK,,,933.422,60.0,900.0,183.587,933.422,60.0,1117.244,33.423,1484.889,83.55599999999981,1683.002,60.0,0.6588703161521909,0.7169192809411993,0.6975696260115298,0.341129683847809,0.2830807190588007,1
Geophysical_model628,/home/lyara/areswave/models/Geophysical_model628.nd,nd,UNK,,,933.422,60.0,900.0,183.587,933.422,60.0,1117.244,33.423,1484.889,83.55599999999981,1683.002,60.0,0.6588703161521909,0.7169192809411993,0.6975696260115298,0.341129683847809,0.2830807190588007,1
Geophysical_model348,/home/lyara/areswave/models/Geophysical_model348.nd,nd,UNK,,,1032.872,60.0,877.308,181.53499999999997,1032.872,60.0,1132.525,33.2170000000001,1481.314,83.04500000000007,1679.303,60.0,0.5387384318420624,0.7770668561002627,0.697624048014196,0.4612615681579376,0.2229331438997373,1
Geophysical_model188,/home/lyara/areswave/models/Geophysical_model188.nd,nd,UNK,,,967.494,60.0,900.0,188.938,967.494,60.0,1119.357,33.74700000000007,1456.828,118.11599999999999,1688.886,60.0,0.4872666361092942,0.8028177692045139,0.697634058172774,0.5127333638907058,0.19718223079548616,1
Geophysical_model622,/home/lyara/areswave/models/Geophysical_model622.nd,nd,UNK,,,933.416,60.0,900.0,184.26800000000003,933.416,60.0,1117.203,33.41600000000017,1484.777,83.53999999999996,1682.887,60.0,0.4655485393568404,0.8139321235524029,0.6978042621538819,0.5344514606431596,0.18606787644759717,1
Geophysical_model795,/home/lyara/areswave/models/Geophysical_model795.nd,nd,UNK,,,900.0,60.0,900.0,21.48599999999999,900.0,60.0,1116.829,33.35799999999995,1483.771,100.07500000000005,1681.845,60.0,0.5625347010369547,0.7656509255917159,0.6979455174067954,0.4374652989630453,0.23434907440828415,1
MD_model92,/home/lyara/areswave/models/MD_model92.nd,nd,UNK,,,957.353,60.0,715.782,186.66899999999998,957.353,60.0,1275.788,54.90300000000002,1308.73,43.922000000000025,1652.135,60.0,0.6674252362019427,0.713324908397883,0.6980250176659029,0.3325747637980573,0.28667509160211707,1
AK_model_12,/home/lyara/areswave/models/AK_model_12.nd,nd,UNK,,,1035.663,60.0,813.003,24.74000000000001,1035.663,60.0,1283.062,74.2199999999998,1307.802,24.74000000000001,1686.223,60.0,0.5605963443568669,0.7668290114713787,0.6980847890998748,0.43940365564313316,0.23317098852862134,1
Geophysical_model725,/home/lyara/areswave/models/Geophysical_model725.nd,nd,UNK,,,916.724,60.0,876.418,188.65300000000002,916.724,60.0,1117.416,33.44800000000009,1485.35,83.62099999999987,1683.48,60.0,0.7367304799437384,0.6790653477657043,0.6982870584917157,0.26326952005626164,0.32093465223429574,1
Geophysical_model993,/home/lyara/areswave/models/Geophysical_model993.nd,nd,UNK,,,950.093,60.0,900.0,199.76800000000003,950.093,60.0,1133.767,50.09299999999985,1484.418,66.79099999999994,1682.515,60.0,0.5721699874213911,0.7618511449604741,0.6986240924474464,0.42783001257860886,0.23814885503952582,1
Geophysical_model925,/home/lyara/areswave/models/Geophysical_model925.nd,nd,UNK,,,950.093,60.0,900.0,199.76800000000003,950.093,60.0,1133.767,50.09299999999985,1484.418,66.79099999999994,1682.515,60.0,0.5721699874213911,0.7618511449604741,0.6986240924474464,0.42783001257860886,0.23814885503952582,1
Geophysical_model775,/home/lyara/areswave/models/Geophysical_model775.nd,nd,UNK,,,900.0,60.0,877.329,181.36699999999996,900.0,60.0,1119.204,33.72399999999993,1490.165,101.17100000000005,1688.461,60.0,0.5850661759254399,0.7557577390061057,0.6988605513125504,0.4149338240745601,0.24424226099389432,1
Geophysical_model935,/home/lyara/areswave/models/Geophysical_model935.nd,nd,UNK,,,933.4,60.0,876.829,185.365,933.4,60.0,1117.102,33.399999999999864,1484.505,83.5010000000002,1682.605,60.0,0.6777918703172168,0.7094364018014631,0.6988882246400476,0.3222081296827832,0.29056359819853694,1
AK_model_69,/home/lyara/areswave/models/AK_model_69.nd,nd,UNK,,,1016.862,60.0,866.402,25.076000000000022,1016.862,60.0,1167.322,125.38299999999981,1393.012,50.15300000000002,1675.331,60.0,0.49701459302021556,0.7998679082485847,0.6989168031724616,0.5029854069797844,0.20013209175141536,1
Geophysical_model597,/home/lyara/areswave/models/Geophysical_model597.nd,nd,UNK,,,1099.901,60.0,900.0,21.409999999999968,1099.901,60.0,1116.56,16.65800000000013,1466.387,116.60899999999992,1681.095,60.0,0.5745750623875134,0.7616517861107338,0.6992928782029937,0.4254249376124865,0.2383482138892662,1
CD_model58,/home/lyara/areswave/models/CD_model58.nd,nd,UNK,,,,60.0,,60.0,,60.0,,60.0,,60.0,,60.0,0.4982430314121613,0.8010791318087163,0.7001337650098646,0.5017569685878387,0.19892086819128374,1
AK_model_2,/home/lyara/areswave/models/AK_model_2.nd,nd,UNK,,,1042.278,60.0,836.749,25.69100000000003,1042.278,60.0,1273.498,102.76400000000012,1324.88,25.690999999999804,1663.202,60.0,0.6426650642560598,0.7292430575781181,0.7003837264707654,0.3573349357439401,0.2707569424218819,1
Geophysical_model362,/home/lyara/areswave/models/Geophysical_model362.nd,nd,UNK,,,1001.068,60.0,900.0,188.04899999999998,1001.068,60.0,1135.824,33.68900000000008,1489.56,101.06700000000001,1687.836,60.0,0.6597386400176012,0.7217814636663409,0.7011005224500942,0.3402613599823988,0.27821853633365906,1
Geophysical_model680,/home/lyara/areswave/models/Geophysical_model680.nd,nd,UNK,,,1099.489,60.0,900.0,21.152000000000044,1099.489,60.0,1116.113,16.624000000000024,1465.218,99.74500000000012,1679.849,60.0,0.6818503577504329,0.7108675636351047,0.7011951616735473,0.31814964224956715,0.2891324363648952,1
Geophysical_model863,/home/lyara/areswave/models/Geophysical_model863.nd,nd,UNK,,,950.526,60.0,900.0,171.76099999999997,950.526,60.0,1135.789,33.68399999999997,1472.631,67.36899999999991,1687.745,60.0,0.38622439896156846,0.8588968111620457,0.7013393404285533,0.6137756010384315,0.14110318883795428,1
Geophysical_model259,/home/lyara/areswave/models/Geophysical_model259.nd,nd,UNK,,,984.104,60.0,876.799,185.60500000000002,984.104,60.0,1118.67,33.641000000000076,1488.726,100.9240000000002,1686.973,60.0,0.4738903432022742,0.8159076914107044,0.7019019086745609,0.5261096567977258,0.1840923085892956,1
CD_model25,/home/lyara/areswave/models/CD_model25.nd,nd,UNK,,,,60.0,,60.0,,60.0,,60.0,,60.0,,60.0,0.37736181355889065,0.8643940064584746,0.7020499421586134,0.6226381864411094,0.1356059935415254,1
Geophysical_model177,/home/lyara/areswave/models/Geophysical_model177.nd,nd,UNK,,,1031.636,60.0,900.0,188.04200000000003,1031.636,60.0,1130.363,32.90899999999988,1475.909,82.27300000000014,1673.71,60.0,0.5561424750186973,0.7757300478389932,0.7025341902322279,0.4438575249813027,0.22426995216100673,1
Geophysical_model706,/home/lyara/areswave/models/Geophysical_model706.nd,nd,UNK,,,1099.57,60.0,900.0,21.44500000000005,1099.57,60.0,1116.201,16.631000000000085,1465.45,99.78499999999985,1680.096,60.0,0.6054036026465008,0.7514673799608179,0.7027794541893789,0.3945963973534991,0.24853262003918206,1
Geophysical_model807,/home/lyara/areswave/models/Geophysical_model807.nd,nd,UNK,,,1099.57,60.0,900.0,21.44500000000005,1099.57,60.0,1116.201,16.631000000000085,1465.45,99.78499999999985,1680.096,60.0,0.6054036026465008,0.7514673799608179,0.7027794541893789,0.3945963973534991,0.24853262003918206,1
Geophysical_model753,/home/lyara/areswave/models/Geophysical_model753.nd,nd,UNK,,,1099.489,60.0,900.0,21.426000000000045,1099.489,60.0,1116.113,16.624000000000024,1465.218,99.74500000000012,1679.849,60.0,0.6347946213254476,0.738748657175019,0.7040973118918284,0.3652053786745524,0.26125134282498097,1
Geophysical_model664,/home/lyara/areswave/models/Geophysical_model664.nd,nd,UNK,,,1099.489,60.0,900.0,21.426000000000045,1099.489,60.0,1116.113,16.624000000000024,1465.218,99.74500000000012,1679.849,60.0,0.6347946213254476,0.738748657175019,0.7040973118918284,0.3652053786745524,0.26125134282498097,1
Geophysical_model739,/home/lyara/areswave/models/Geophysical_model739.nd,nd,UNK,,,1099.489,60.0,900.0,21.426000000000045,1099.489,60.0,1116.113,16.624000000000024,1465.218,99.74500000000012,1679.849,60.0,0.6347946213254476,0.738748657175019,0.7040973118918284,0.3652053786745524,0.26125134282498097,1
Geophysical_model309,/home/lyara/areswave/models/Geophysical_model309.nd,nd,UNK,,,1031.555,60.0,900.0,186.048,1031.555,60.0,1130.221,32.888999999999896,1491.996,82.221,1673.341,60.0,0.574280943139164,0.7696572828026927,0.7045318362481833,0.42571905686083605,0.23034271719730726,1
Geophysical_model218,/home/lyara/areswave/models/Geophysical_model218.nd,nd,UNK,,,966.445,60.0,900.0,179.84699999999998,966.445,60.0,1115.945,16.611000000000104,1464.778,99.66700000000014,1679.382,60.0,0.7118293493588278,0.7009874293093687,0.7046014026591885,0.2881706506411722,0.29901257069063125,1
Geophysical_model293,/home/lyara/areswave/models/Geophysical_model293.nd,nd,UNK,,,916.874,60.0,900.0,181.649,916.874,60.0,1102.492,16.874000000000024,1439.978,101.2460000000001,1688.913,60.0,0.4683599826475835,0.8228799516335163,0.7047066286382053,0.5316400173524165,0.17712004836648365,1
Geophysical_model220,/home/lyara/areswave/models/Geophysical_model220.nd,nd,UNK,,,982.959,60.0,900.0,190.42999999999995,982.959,60.0,1115.693,16.5920000000001,1464.12,116.14300000000003,1678.681,60.0,0.6265532387777455,0.7439044543119175,0.7047873824671935,0.37344676122225456,0.2560955456880825,1
MD_model43,/home/lyara/areswave/models/MD_model43.nd,nd,UNK,,,928.392,60.0,875.123,191.76799999999992,928.392,60.0,1269.313,63.923,1301.275,53.269000000000005,1616.08,60.0,0.7348830794454522,0.6908353522092088,0.7055179279546232,0.2651169205545479,0.3091646477907913,1
Geophysical_model917,/home/lyara/areswave/models/Geophysical_model917.nd,nd,UNK,,,900.0,60.0,877.931,198.62300000000005,900.0,60.0,1104.357,34.05899999999997,1496.041,102.17899999999986,1694.541,60.0,0.5722717323286024,0.7722466989453218,0.7055883767397487,0.4277282676713976,0.22775330105467811,1
Geophysical_model533,/home/lyara/areswave/models/Geophysical_model533.nd,nd,UNK,,,900.0,60.0,877.931,198.62300000000005,900.0,60.0,1104.357,34.05899999999997,1496.041,102.17899999999986,1694.541,60.0,0.5722717323286024,0.7722466989453218,0.7055883767397487,0.4277282676713976,0.22775330105467811,1
Geophysical_model18,/home/lyara/areswave/models/Geophysical_model18.nd,nd,UNK,,,1098.133,60.0,900.0,196.457,1098.133,60.0,1147.666,16.510999999999967,1494.399,66.04399999999987,1675.759,60.0,0.5920396140692753,0.7630077784648814,0.7060183903330127,0.4079603859307247,0.23699222153511856,1
Geophysical_model142,/home/lyara/areswave/models/Geophysical_model142.nd,nd,UNK,,,966.81,60.0,900.0,180.188,966.81,60.0,1117.132,33.40499999999997,1484.587,100.21499999999992,1682.69,60.0,0.42604472329308674,0.8462162142290118,0.7061590505837034,0.5739552767069133,0.15378378577098814,1
Geophysical_model458,/home/lyara/areswave/models/Geophysical_model458.nd,nd,UNK,,,1031.442,60.0,900.0,189.44299999999998,1031.442,60.0,1130.023,32.8599999999999,1491.488,82.15100000000007,1672.831,60.0,0.3833477134386857,0.8680383048377467,0.7064747743713929,0.6166522865613143,0.13196169516225328,1
Geophysical_model360,/home/lyara/areswave/models/Geophysical_model360.nd,nd,UNK,,,1047.872,60.0,900.0,189.034,1047.872,60.0,1130.023,32.8599999999999,1491.488,82.15100000000007,1672.831,60.0,0.5894824215146932,0.765495450594831,0.7068244409014518,0.41051757848530673,0.234504549405169,1
Geophysical_model329,/home/lyara/areswave/models/Geophysical_model329.nd,nd,UNK,,,1047.872,60.0,900.0,189.034,1047.872,60.0,1130.023,32.8599999999999,1491.488,82.15100000000007,1672.831,60.0,0.5894824215146932,0.765495450594831,0.7068244409014518,0.41051757848530673,0.234504549405169,1
AK_model_95,/home/lyara/areswave/models/AK_model_95.nd,nd,UNK,,,1073.564,60.0,774.981,27.144000000000005,1073.564,60.0,1290.715,27.144000000000005,1345.002,54.28800000000001,1717.883,60.0,0.665972363730211,0.7272872445456424,0.7068489509404986,0.33402763626978904,0.2727127554543576,1
CD_model34,/home/lyara/areswave/models/CD_model34.nd,nd,UNK,,,,60.0,,60.0,,60.0,,60.0,,60.0,,60.0,0.45245582716561805,0.8341760870700752,0.7069360004352561,0.547544172834382,0.16582391292992485,1
CD_model85,/home/lyara/areswave/models/CD_model85.nd,nd,UNK,,,,60.0,,60.0,,60.0,,60.0,,60.0,,60.0,0.5423977150081504,0.7892788384141612,0.7069851306121576,0.45760228499184963,0.21072116158583873,1
Geophysical_model978,/home/lyara/areswave/models/Geophysical_model978.nd,nd,UNK,,,950.781,60.0,900.0,183.60400000000004,950.781,60.0,1136.977,33.85400000000004,1492.442,67.70700000000011,1690.818,60.0,0.5189608703610127,0.8013244216167594,0.7072032378648437,0.48103912963898726,0.19867557838324054,1
Geophysical_model462,/home/lyara/areswave/models/Geophysical_model462.nd,nd,UNK,,,1030.985,60.0,900.0,189.88199999999995,1030.985,60.0,1129.223,32.746000000000095,1489.43,81.86500000000001,1670.76,60.0,0.5133270956261189,0.8044336857735467,0.7073981557244041,0.48667290437388117,0.19556631422645335,1
Geophysical_model968,/home/lyara/areswave/models/Geophysical_model968.nd,nd,UNK,,,949.898,60.0,900.0,182.37599999999998,949.898,60.0,1132.856,33.2650000000001,1498.773,83.16300000000001,1680.159,60.0,0.7596796405168816,0.6815871306180353,0.7076179672509841,0.24032035948311833,0.31841286938196467,1
Geophysical_model565,/home/lyara/areswave/models/Geophysical_model565.nd,nd,UNK,,,949.898,60.0,900.0,182.37599999999998,949.898,60.0,1132.856,33.2650000000001,1498.773,83.16300000000001,1680.159,60.0,0.7596796405168816,0.6815871306180353,0.7076179672509841,0.24032035948311833,0.31841286938196467,1
CD_model2,/home/lyara/areswave/models/CD_model2.nd,nd,UNK,,,,60.0,,60.0,,60.0,,60.0,,60.0,,60.0,0.6191081311887314,0.7530966015469237,0.708433778094193,0.38089186881126863,0.24690339845307632,1
Geophysical_model244,/home/lyara/areswave/models/Geophysical_model244.nd,nd,UNK,,,1099.378,60.0,900.0,179.28300000000002,1099.378,60.0,1115.993,16.614000000000033,1431.674,99.68900000000008,1679.515,60.0,0.5153535035035461,0.8051482645611265,0.7085500108752664,0.48464649649645386,0.19485173543887344,1
Geophysical_model824,/home/lyara/areswave/models/Geophysical_model824.nd,nd,UNK,,,900.0,60.0,900.0,188.077,900.0,60.0,1115.838,16.60200000000009,1464.498,116.22000000000003,1679.083,60.0,0.4732926137454334,0.827829203097259,0.709650339979984,0.5267073862545666,0.17217079690274092,1
Geophysical_model155,/home/lyara/areswave/models/Geophysical_model155.nd,nd,UNK,,,1096.935,60.0,900.0,199.07799999999997,1096.935,60.0,1146.169,32.822999999999865,1490.805,65.64499999999998,1672.143,60.0,0.5004592537902655,0.8152577090535835,0.7103248906324775,0.49954074620973454,0.18474229094641645,1
Geophysical_model170,/home/lyara/areswave/models/Geophysical_model170.nd,nd,UNK,,,1096.935,60.0,900.0,199.07799999999997,1096.935,60.0,1146.169,32.822999999999865,1490.805,65.64499999999998,1672.143,60.0,0.5004592537902655,0.8152577090535835,0.7103248906324775,0.49954074620973454,0.18474229094641645,1
Geophysical_model564,/home/lyara/areswave/models/Geophysical_model564.nd,nd,UNK,,,1099.625,60.0,900.0,21.491999999999962,1099.625,60.0,1116.26,16.635999999999967,1465.604,99.81200000000013,1680.261,60.0,0.5521438604556377,0.7905493050040708,0.7110808234879263,0.4478561395443624,0.2094506949959291,1
Geophysical_model358,/home/lyara/areswave/models/Geophysical_model358.nd,nd,UNK,,,1049.881,60.0,900.0,182.43100000000004,1049.881,60.0,1133.149,33.307000000000016,1482.872,83.26800000000003,1680.916,60.0,0.3699479050470922,0.8821626271725158,0.7114243864640413,0.6300520949529078,0.11783737282748417,1
Geophysical_model442,/home/lyara/areswave/models/Geophysical_model442.nd,nd,UNK,,,949.524,60.0,900.0,193.25699999999995,949.524,60.0,1114.604,16.509000000000015,1461.273,99.048,1675.648,60.0,0.7537325087920023,0.6917337565773147,0.7124000073155439,0.24626749120799774,0.3082662434226853,1
AK_model_88,/home/lyara/areswave/models/AK_model_88.nd,nd,UNK,,,1071.541,60.0,800.713,27.083000000000084,1071.541,60.0,1288.203,27.083000000000084,1342.368,54.164999999999964,1714.927,60.0,0.47967024639522515,0.8294731193651848,0.7128721617085315,0.5203297536047748,0.1705268806348153,1
Geophysical_model212,/home/lyara/areswave/models/Geophysical_model212.nd,nd,UNK,,,1001.068,60.0,876.475,188.20299999999997,1001.068,60.0,1118.98,33.68900000000008,1489.56,101.06700000000001,1687.836,60.0,0.6398298317674334,0.7495281496643025,0.7129620436986794,0.3601701682325667,0.2504718503356975,1
Geophysical_model65,/home/lyara/areswave/models/Geophysical_model65.nd,nd,UNK,,,965.752,60.0,900.0,181.31399999999996,965.752,60.0,1113.693,16.437000000000126,1442.45,115.06499999999983,1673.108,60.0,0.8836683828920021,0.6283594749165764,0.7134624442417183,0.11633161710799786,0.37164052508342366,1
Geophysical_model902,/home/lyara/areswave/models/Geophysical_model902.nd,nd,UNK,,,900.0,60.0,900.0,29.450000000000045,900.0,60.0,1102.126,16.84400000000005,1455.847,101.0630000000001,1687.809,60.0,0.898383491376777,0.6211754178152152,0.7135781090024024,0.10161650862322302,0.37882458218478476,1
Geophysical_model956,/home/lyara/areswave/models/Geophysical_model956.nd,nd,UNK,,,966.616,60.0,900.0,179.216,966.616,60.0,1133.157,33.30799999999999,1499.547,83.26999999999998,1680.937,60.0,0.6692192198236202,0.7357594858878651,0.7135793971997835,0.33078078017637974,0.26424051411213484,1
Geophysical_model949,/home/lyara/areswave/models/Geophysical_model949.nd,nd,UNK,,,916.648,60.0,877.517,179.86599999999999,916.648,60.0,1116.419,16.64799999999991,1499.315,99.88499999999999,1680.704,60.0,0.5843552168972386,0.7784625508597072,0.7137601062055511,0.4156447831027614,0.22153744914029283,1
Geophysical_model541,/home/lyara/areswave/models/Geophysical_model541.nd,nd,UNK,,,916.672,60.0,900.0,180.16999999999996,916.672,60.0,1116.741,33.34500000000003,1483.532,83.36199999999985,1681.599,60.0,0.46908164520340134,0.8366197834082688,0.7141070706733129,0.5309183547965987,0.16338021659173121,1
AK_model_68,/home/lyara/areswave/models/AK_model_68.nd,nd,UNK,,,1018.739,60.0,892.89,25.16999999999996,1018.739,60.0,1220.098,125.85000000000014,1396.287,50.33899999999994,1678.891,60.0,0.32380125267369775,0.9099510596810302,0.714567790678586,0.6761987473263023,0.09004894031896979,1
Geophysical_model35,/home/lyara/areswave/models/Geophysical_model35.nd,nd,UNK,,,1049.765,60.0,900.0,179.803,1049.765,60.0,1132.968,33.28099999999995,1499.059,83.202,1680.447,60.0,0.43567731573202106,0.8556699464990254,0.715672402910024,0.5643226842679789,0.14433005350097458,1
CD_model53,/home/lyara/areswave/models/CD_model53.nd,nd,UNK,,,,60.0,,60.0,,60.0,,60.0,,60.0,,60.0,0.5176369319307809,0.8160314993429032,0.7165666435388625,0.48236306806921914,0.18396850065709683,1
CD_model24,/home/lyara/areswave/models/CD_model24.nd,nd,UNK,,,,60.0,,60.0,,60.0,,60.0,,60.0,,60.0,0.40362972548215525,0.8732643823596054,0.7167194967337887,0.5963702745178447,0.12673561764039462,1
Geophysical_model692,/home/lyara/areswave/models/Geophysical_model692.nd,nd,UNK,,,1099.489,60.0,900.0,20.90599999999995,1099.489,60.0,1116.113,16.624000000000024,1465.218,99.74500000000012,1679.849,60.0,0.6037423268187494,0.7738703686148996,0.7171610213495162,0.39625767318125066,0.22612963138510042,1
Geophysical_model931,/home/lyara/areswave/models/Geophysical_model931.nd,nd,UNK,,,1099.979,60.0,900.0,21.802999999999997,1099.979,60.0,1116.644,16.664999999999964,1466.608,116.6550000000002,1681.33,60.0,0.6324962789408806,0.7605775785275591,0.7178838119986662,0.3675037210591194,0.23942242147244083,1
Geophysical_model25,/home/lyara/areswave/models/Geophysical_model25.nd,nd,UNK,,,983.376,60.0,879.05,188.54600000000005,983.376,60.0,1116.777,33.34999999999991,1466.955,100.05100000000016,1681.7,60.0,0.6056860203305517,0.7743593136009619,0.7181348825108252,0.39431397966944826,0.22564068639903814,1
Geophysical_model70,/home/lyara/areswave/models/Geophysical_model70.nd,nd,UNK,,,1000.927,60.0,900.0,186.95600000000002,1000.927,60.0,1135.497,33.64300000000003,1488.742,84.106,1686.989,60.0,0.3603121245177566,0.8997951416073511,0.7199674692441529,0.6396878754822434,0.10020485839264892,1
Geophysical_model49,/home/lyara/areswave/models/Geophysical_model49.nd,nd,UNK,,,1096.615,60.0,900.0,187.058,1096.615,60.0,1145.769,32.769000000000005,1489.845,65.53899999999999,1671.177,60.0,0.5975239421365277,0.781357105751946,0.7200793845468065,0.40247605786347224,0.21864289424805408,1
Geophysical_model86,/home/lyara/areswave/models/Geophysical_model86.nd,nd,UNK,,,1015.239,60.0,900.0,189.35199999999998,1015.239,60.0,1130.479,32.92599999999993,1492.66,98.77700000000004,1674.009,60.0,0.6958435761436783,0.733215603530441,0.7207582610681867,0.30415642385632163,0.266784396469559,1
AK_model_9,/home/lyara/areswave/models/AK_model_9.nd,nd,UNK,,,1080.348,60.0,882.922,24.677999999999997,1080.348,60.0,1277.774,49.355999999999995,1302.453,49.355999999999995,1657.767,60.0,0.5601109056327318,0.8019719613685516,0.7213516094566117,0.43988909436726825,0.1980280386314484,1
MD_model77,/home/lyara/areswave/models/MD_model77.nd,nd,UNK,,,993.197,60.0,753.202,10.434999999999945,993.197,60.0,1139.281,187.8219999999999,1400.145,125.21400000000017,1595.591,60.0,0.3841815819888572,0.890165402470892,0.7215041289768805,0.6158184180111428,0.10983459752910797,1
CD_model72,/home/lyara/areswave/models/CD_model72.nd,nd,UNK,,,,60.0,,60.0,,60.0,,60.0,,60.0,,60.0,0.5323057293966574,0.8163510206074198,0.721669256870499,0.46769427060334257,0.18364897939258015,1
Geophysical_model576,/home/lyara/areswave/models/Geophysical_model576.nd,nd,UNK,,,916.723,60.0,877.532,179.74099999999999,916.723,60.0,1117.396,33.44599999999991,1468.574,83.61400000000003,1683.425,60.0,0.4365087775196672,0.864592556748123,0.721897963671971,0.5634912224803328,0.13540744325187706,1
Geophysical_model162,/home/lyara/areswave/models/Geophysical_model162.nd,nd,UNK,,,983.983,60.0,900.0,186.25400000000002,983.983,60.0,1118.355,33.593000000000075,1487.879,100.779,1686.096,60.0,0.6764541282943013,0.7460125267182373,0.7228263939102586,0.32354587170569876,0.25398747328176274,1
Geophysical_model27,/home/lyara/areswave/models/Geophysical_model27.nd,nd,UNK,,,983.983,60.0,900.0,186.25400000000002,983.983,60.0,1118.355,33.593000000000075,1487.879,100.779,1686.096,60.0,0.6764541282943013,0.7460125267182373,0.7228263939102586,0.32354587170569876,0.25398747328176274,1
Geophysical_model937,/home/lyara/areswave/models/Geophysical_model937.nd,nd,UNK,,,916.589,60.0,878.454,193.918,916.589,60.0,1115.651,16.588999999999942,1497.188,99.53100000000018,1678.564,60.0,0.5527912710875332,0.8091056687305807,0.7236675361828983,0.44720872891246677,0.1908943312694194,1
Geophysical_model688,/home/lyara/areswave/models/Geophysical_model688.nd,nd,UNK,,,933.943,60.0,879.28,186.476,933.943,60.0,1120.631,33.942999999999984,1494.007,84.85800000000017,1692.437,60.0,0.624271187024374,0.774209622932327,0.7242301442963427,0.37572881297562594,0.22579037706767305,1
AK_model_90,/home/lyara/areswave/models/AK_model_90.nd,nd,UNK,,,1066.591,60.0,798.434,26.81600000000003,1066.591,60.0,1281.116,26.815000000000055,1334.748,53.631000000000085,1705.618,60.0,0.4283459641625923,0.8729577458685577,0.724753818633236,0.5716540358374077,0.12704225413144232,1
Geophysical_model773,/home/lyara/areswave/models/Geophysical_model773.nd,nd,UNK,,,900.0,60.0,900.0,177.99300000000005,900.0,60.0,1118.724,33.65000000000009,1488.873,100.94900000000007,1687.125,60.0,0.43869638584023785,0.8688395551162227,0.7254584986908944,0.5613036141597622,0.13116044488377734,1
Geophysical_model315,/home/lyara/areswave/models/Geophysical_model315.nd,nd,UNK,,,1001.068,60.0,900.0,187.65800000000002,1001.068,60.0,1135.824,33.68900000000008,1489.56,101.06700000000001,1687.836,60.0,0.45659632378078996,0.8610608839815801,0.72623936391465,0.54340367621921,0.13893911601841993,1
Geophysical_model73,/home/lyara/areswave/models/Geophysical_model73.nd,nd,UNK,,,1032.872,60.0,900.0,180.68100000000004,1032.872,60.0,1132.525,33.2170000000001,1497.923,83.04500000000007,1679.303,60.0,0.5820992293893342,0.7988993480750421,0.7266326418464728,0.4179007706106658,0.20110065192495782,1
Geophysical_model604,/home/lyara/areswave/models/Geophysical_model604.nd,nd,UNK,,,900.0,60.0,900.0,180.015,900.0,60.0,1118.266,33.57899999999995,1487.638,100.73799999999983,1685.847,60.0,0.544162209113166,0.8186571552952181,0.7271588399012008,0.45583779088683396,0.18134284470478187,1
Geophysical_model981,/home/lyara/areswave/models/Geophysical_model981.nd,nd,UNK,,,933.4,60.0,900.0,184.236,933.4,60.0,1117.102,33.399999999999864,1484.505,83.5010000000002,1682.605,60.0,0.5291522581643043,0.826286662397732,0.7272418609865894,0.47084774183569567,0.173713337602268,1
Geophysical_model912,/home/lyara/areswave/models/Geophysical_model912.nd,nd,UNK,,,916.723,60.0,900.0,178.98699999999997,916.723,60.0,1117.396,33.44599999999991,1468.574,83.61400000000003,1683.425,60.0,0.6329501626229822,0.7750617189631562,0.7276912001830982,0.3670498373770178,0.22493828103684377,1
Geophysical_model540,/home/lyara/areswave/models/Geophysical_model540.nd,nd,UNK,,,916.576,60.0,879.318,186.135,916.576,60.0,1115.488,16.576000000000022,1496.736,99.45600000000013,1678.109,60.0,0.609252307584042,0.7880160822777725,0.7284281573798624,0.39074769241595797,0.21198391772222744,1
AK_model_37,/home/lyara/areswave/models/AK_model_37.nd,nd,UNK,,,1028.349,60.0,814.506,26.730000000000018,1028.349,60.0,1295.654,106.92200000000003,1482.767,160.38300000000004,1693.426,60.0,0.827477090881902,0.679382366100632,0.7287472743610554,0.17252290911809792,0.32061763389936804,1
MD_model62,/home/lyara/areswave/models/MD_model62.nd,nd,UNK,,,1060.259,60.0,730.357,182.015,1060.259,60.0,1276.401,193.39100000000008,1356.032,45.503999999999905,1696.852,60.0,0.3921011599416506,0.8971190889831688,0.7287797793026627,0.6078988400583494,0.10288091101683118,1
AK_model_14,/home/lyara/areswave/models/AK_model_14.nd,nd,UNK,,,1026.729,60.0,807.065,24.406999999999925,1026.729,60.0,1270.801,97.62900000000013,1319.615,24.406999999999925,1671.438,60.0,0.5562782609388164,0.8175138298706497,0.730435306893372,0.4437217390611837,0.1824861701293503,1
Geophysical_model650,/home/lyara/areswave/models/Geophysical_model650.nd,nd,UNK,,,916.714,60.0,876.024,191.80700000000002,916.714,60.0,1117.284,33.42800000000011,1484.996,83.57100000000014,1683.113,60.0,0.6307668731627705,0.7806344492552929,0.7306785905577854,0.3692331268372295,0.21936555074470712,1
Geophysical_model552,/home/lyara/areswave/models/Geophysical_model552.nd,nd,UNK,,,916.714,60.0,876.024,191.80700000000002,916.714,60.0,1117.284,33.42800000000011,1484.996,83.57100000000014,1683.113,60.0,0.6307668731627705,0.7806344492552929,0.7306785905577854,0.3692331268372295,0.21936555074470712,1
Geophysical_model440,/home/lyara/areswave/models/Geophysical_model440.nd,nd,UNK,,,966.559,60.0,900.0,181.32500000000005,966.559,60.0,1116.317,16.638999999999896,1449.111,99.83900000000017,1680.417,60.0,0.4600666679410913,0.8670642880386606,0.7313984146728042,0.5399333320589087,0.13293571196133933,1
Geophysical_model140,/home/lyara/areswave/models/Geophysical_model140.nd,nd,UNK,,,965.752,60.0,900.0,181.09500000000003,965.752,60.0,1113.693,16.437000000000126,1458.888,115.06499999999983,1673.108,60.0,0.4547559150621785,0.8708454043132059,0.7321489078961968,0.5452440849378215,0.1291545956867941,1
CD_model33,/home/lyara/areswave/models/CD_model33.nd,nd,UNK,,,,60.0,,60.0,,60.0,,60.0,,60.0,,60.0,0.36768235229101853,0.9153524739488285,0.7327957667295585,0.6323176477089815,0.08464752605117154,1
AK_model_44,/home/lyara/areswave/models/AK_model_44.nd,nd,UNK,,,1024.918,60.0,790.32,26.067000000000007,1024.918,60.0,1285.582,130.3320000000001,1494.114,26.067000000000007,1677.908,60.0,0.7521085893994768,0.7237173534021388,0.7331810987345847,0.24789141060052317,0.27628264659786117,1
Geophysical_model704,/home/lyara/areswave/models/Geophysical_model704.nd,nd,UNK,,,1099.489,60.0,900.0,21.059999999999945,1099.489,60.0,1116.113,16.624000000000024,1465.218,99.74500000000012,1679.849,60.0,0.5356066122489695,0.8338720439554158,0.7344502333866004,0.4643933877510305,0.16612795604458416,1
Geophysical_model731,/home/lyara/areswave/models/Geophysical_model731.nd,nd,UNK,,,1099.489,60.0,900.0,21.413999999999987,1099.489,60.0,1116.113,16.624000000000024,1465.218,99.74500000000012,1679.849,60.0,0.6422401537387029,0.7812786263579651,0.7349324688182111,0.3577598462612971,0.21872137364203492,1
Geophysical_model624,/home/lyara/areswave/models/Geophysical_model624.nd,nd,UNK,,,1099.489,60.0,900.0,21.413999999999987,1099.489,60.0,1116.113,16.624000000000024,1465.218,99.74500000000012,1679.849,60.0,0.6422401537387029,0.7812786263579651,0.7349324688182111,0.3577598462612971,0.21872137364203492,1
CD_model59,/home/lyara/areswave/models/CD_model59.nd,nd,UNK,,,,60.0,,60.0,,60.0,,60.0,,60.0,,60.0,0.44608691740249096,0.8799894559526206,0.7353552764359107,0.553913082597509,0.12001054404737942,1
Geophysical_model620,/home/lyara/areswave/models/Geophysical_model620.nd,nd,UNK,,,933.4,60.0,900.0,184.22799999999995,933.4,60.0,1117.102,33.399999999999864,1484.505,83.5010000000002,1682.605,60.0,0.49479639259345987,0.856056586866243,0.7356365221086486,0.5052036074065401,0.143943413133757,1
Geophysical_model456,/home/lyara/areswave/models/Geophysical_model456.nd,nd,UNK,,,1016.299,60.0,877.225,182.20000000000005,1016.299,60.0,1132.599,33.228000000000065,1498.111,99.68500000000017,1679.493,60.0,0.5754542439651714,0.8159456584616552,0.735781853629494,0.4245457560348286,0.18405434153834477,1
Geophysical_model314,/home/lyara/areswave/models/Geophysical_model314.nd,nd,UNK,,,999.894,60.0,878.151,196.63800000000003,999.894,60.0,1116.438,16.648999999999887,1499.366,99.894,1680.755,60.0,0.540723487821213,0.8342445905933552,0.7364042230026412,0.459276512178787,0.1657554094066448,1
Geophysical_model256,/home/lyara/areswave/models/Geophysical_model256.nd,nd,UNK,,,999.894,60.0,878.151,196.63800000000003,999.894,60.0,1116.438,16.648999999999887,1499.366,99.894,1680.755,60.0,0.540723487821213,0.8342445905933552,0.7364042230026412,0.459276512178787,0.1657554094066448,1
Geophysical_model448,/home/lyara/areswave/models/Geophysical_model448.nd,nd,UNK,,,999.894,60.0,878.151,196.63800000000003,999.894,60.0,1116.438,16.648999999999887,1499.366,99.894,1680.755,60.0,0.540723487821213,0.8342445905933552,0.7364042230026412,0.459276512178787,0.1657554094066448,1
CD_model35,/home/lyara/areswave/models/CD_model35.nd,nd,UNK,,,,60.0,,60.0,,60.0,,60.0,,60.0,,60.0,0.5983685896787286,0.8069294977212139,0.7374091950403855,0.40163141032127136,0.19307050227878608,1
Geophysical_model701,/home/lyara/areswave/models/Geophysical_model701.nd,nd,UNK,,,933.862,60.0,879.268,186.58399999999995,933.862,60.0,1120.105,33.86200000000008,1492.59,84.65599999999995,1690.97,60.0,0.7016904278276701,0.7559714197551012,0.7378777557792908,0.2983095721723299,0.24402858024489885,1
Geophysical_model864,/home/lyara/areswave/models/Geophysical_model864.nd,nd,UNK,,,933.862,60.0,879.268,186.58399999999995,933.862,60.0,1120.105,33.86200000000008,1492.59,84.65599999999995,1690.97,60.0,0.7016904278276701,0.7559714197551012,0.7378777557792908,0.2983095721723299,0.24402858024489885,1
Geophysical_model705,/home/lyara/areswave/models/Geophysical_model705.nd,nd,UNK,,,933.862,60.0,879.268,186.58399999999995,933.862,60.0,1120.105,33.86200000000008,1492.59,84.65599999999995,1690.97,60.0,0.7016904278276701,0.7559714197551012,0.7378777557792908,0.2983095721723299,0.24402858024489885,1
Geophysical_model542,/home/lyara/areswave/models/Geophysical_model542.nd,nd,UNK,,,1088.045,60.0,900.0,20.70399999999995,1088.045,60.0,1105.14,17.0949999999998,1464.136,119.66499999999996,1696.906,60.0,0.8017489616243973,0.7062098474250977,0.7380562188248643,0.19825103837560265,0.2937901525749023,1
Geophysical_model851,/home/lyara/areswave/models/Geophysical_model851.nd,nd,UNK,,,916.576,60.0,877.831,199.52099999999996,916.576,60.0,1115.491,16.576000000000022,1496.743,99.45699999999988,1678.117,60.0,0.575847357557703,0.8201502973464333,0.7387159840835231,0.42415264244229706,0.17984970265356667,1
CD_model9,/home/lyara/areswave/models/CD_model9.nd,nd,UNK,,,,60.0,,60.0,,60.0,,60.0,,60.0,,60.0,0.43098925057456494,0.8929847107082837,0.7389862239970441,0.5690107494254351,0.10701528929171632,1
Geophysical_model588,/home/lyara/areswave/models/Geophysical_model588.nd,nd,UNK,,,916.714,60.0,900.0,191.837,916.714,60.0,1117.284,33.42800000000011,1468.281,83.57100000000014,1683.113,60.0,0.8143708506667073,0.7030698877654514,0.7401702087325367,0.18562914933329272,0.29693011223454857,1
Geophysical_model233,/home/lyara/areswave/models/Geophysical_model233.nd,nd,UNK,,,1033.403,60.0,900.0,187.83500000000004,1033.403,60.0,1133.456,16.675000000000182,1483.64,66.702,1681.71,60.0,0.699344092583815,0.7645496220096426,0.7428144455343668,0.30065590741618503,0.23545037799035734,1
Geophysical_model848,/home/lyara/areswave/models/Geophysical_model848.nd,nd,UNK,,,950.021,60.0,900.0,180.06399999999996,950.021,60.0,1133.429,33.34699999999998,1483.573,66.69400000000019,1681.641,60.0,0.6878464563798723,0.771872136683455,0.7438635765822608,0.3121535436201277,0.22812786331654497,1
CD_model54,/home/lyara/areswave/models/CD_model54.nd,nd,UNK,,,,60.0,,60.0,,60.0,,60.0,,60.0,,60.0,0.3593785180422323,0.9373792729673128,0.7447123546589527,0.6406214819577677,0.0626207270326872,1
AK_model_10,/home/lyara/areswave/models/AK_model_10.nd,nd,UNK,,,1032.783,60.0,836.001,24.597999999999956,1032.783,60.0,1278.762,73.79399999999987,1303.36,24.597000000000207,1680.778,60.0,0.47395587649964577,0.880306145940586,0.7448560561269392,0.5260441235003542,0.11969385405941398,1
Geophysical_model743,/home/lyara/areswave/models/Geophysical_model743.nd,nd,UNK,,,1086.489,60.0,900.0,21.32299999999998,1086.489,60.0,1103.443,16.952999999999975,1459.467,118.67499999999995,1691.782,60.0,0.7319930497739308,0.7525034513291844,0.7456666508107666,0.26800695022606924,0.2474965486708156,1
Geophysical_model29,/home/lyara/areswave/models/Geophysical_model29.nd,nd,UNK,,,966.367,60.0,900.0,189.356,966.367,60.0,1115.693,16.5920000000001,1464.12,116.14300000000003,1678.681,60.0,0.707899387038504,0.7653576992600337,0.7462049285195237,0.292100612961496,0.23464230073996623,1
Geophysical_model172,/home/lyara/areswave/models/Geophysical_model172.nd,nd,UNK,,,966.367,60.0,900.0,189.356,966.367,60.0,1115.693,16.5920000000001,1464.12,116.14300000000003,1678.681,60.0,0.707899387038504,0.7653576992600337,0.7462049285195237,0.292100612961496,0.23464230073996623,1
Geophysical_model30,/home/lyara/areswave/models/Geophysical_model30.nd,nd,UNK,,,966.367,60.0,900.0,189.356,966.367,60.0,1115.693,16.5920000000001,1464.12,116.14300000000003,1678.681,60.0,0.707899387038504,0.7653576992600337,0.7462049285195237,0.292100612961496,0.23464230073996623,1
Geophysical_model772,/home/lyara/areswave/models/Geophysical_model772.nd,nd,UNK,,,933.784,60.0,900.0,183.01300000000003,933.784,60.0,1119.594,33.784000000000106,1491.215,84.45899999999983,1689.548,60.0,0.5937971229852397,0.8229345090453271,0.7465553803586312,0.40620287701476027,0.17706549095467294,1
Geophysical_model771,/home/lyara/areswave/models/Geophysical_model771.nd,nd,UNK,,,933.784,60.0,900.0,183.01300000000003,933.784,60.0,1119.594,33.784000000000106,1491.215,84.45899999999983,1689.548,60.0,0.5937971229852397,0.8229345090453271,0.7465553803586312,0.40620287701476027,0.17706549095467294,1
MD_model69,/home/lyara/areswave/models/MD_model69.nd,nd,UNK,,,1009.071,60.0,829.529,10.561000000000035,1009.071,60.0,1135.807,137.29599999999982,1347.033,190.10400000000004,1617.331,60.0,0.4385019561803565,0.9015816727233207,0.7472217672089992,0.5614980438196435,0.09841832727667929,1
Geophysical_model893,/home/lyara/areswave/models/Geophysical_model893.nd,nd,UNK,,,950.04,60.0,900.0,197.96500000000003,950.04,60.0,1133.518,33.36000000000013,1483.796,66.72000000000003,1681.871,60.0,0.7640271680703982,0.7390536888993902,0.7473781819563928,0.23597283192960183,0.2609463111006098,1
MD_model29,/home/lyara/areswave/models/MD_model29.nd,nd,UNK,,,986.476,60.0,738.622,183.197,986.476,60.0,1298.987,32.32900000000018,1352.868,53.881000000000085,1637.567,60.0,0.4969635052615653,0.8730900166181556,0.7477145128326255,0.5030364947384347,0.12690998338184448,1
Geophysical_model198,/home/lyara/areswave/models/Geophysical_model198.nd,nd,UNK,,,983.727,60.0,878.886,190.02599999999995,983.727,60.0,1117.689,33.49000000000001,1486.086,100.47199999999998,1684.241,60.0,0.46380954435735955,0.8902671519952506,0.7481146161159536,0.5361904556426405,0.10973284800474935,1
Geophysical_model263,/home/lyara/areswave/models/Geophysical_model263.nd,nd,UNK,,,950.857,60.0,900.0,199.14499999999998,950.857,60.0,1120.38,33.903999999999996,1459.426,101.71299999999997,1691.737,60.0,0.6903474541716378,0.777266658241236,0.7482935902180365,0.3096525458283622,0.222733341758764,1
Geophysical_model414,/home/lyara/areswave/models/Geophysical_model414.nd,nd,UNK,,,950.857,60.0,900.0,199.14499999999998,950.857,60.0,1120.38,33.903999999999996,1459.426,101.71299999999997,1691.737,60.0,0.6903474541716378,0.777266658241236,0.7482935902180365,0.3096525458283622,0.222733341758764,1
Geophysical_model278,/home/lyara/areswave/models/Geophysical_model278.nd,nd,UNK,,,950.857,60.0,900.0,199.14499999999998,950.857,60.0,1120.38,33.903999999999996,1459.426,101.71299999999997,1691.737,60.0,0.6903474541716378,0.777266658241236,0.7482935902180365,0.3096525458283622,0.222733341758764,1
Geophysical_model718,/home/lyara/areswave/models/Geophysical_model718.nd,nd,UNK,,,933.856,60.0,900.0,185.09900000000005,933.856,60.0,1120.061,33.855999999999995,1492.472,84.6389999999999,1690.849,60.0,0.7950397253767125,0.7254836569329937,0.7486690130809,0.20496027462328742,0.27451634306700634,1
Geophysical_model537,/home/lyara/areswave/models/Geophysical_model537.nd,nd,UNK,,,933.394,60.0,900.0,184.93899999999996,933.394,60.0,1133.76,33.39499999999998,1484.399,66.78799999999978,1682.496,60.0,0.6729731428763489,0.7880577542773399,0.7496962171436762,0.3270268571236511,0.21194224572266004,1
AK_model_8,/home/lyara/areswave/models/AK_model_8.nd,nd,UNK,,,1058.295,60.0,876.798,25.927999999999997,1058.295,60.0,1291.649,77.78499999999985,1317.577,25.92800000000011,1682.257,60.0,0.7982559714704411,0.7262487456116618,0.7502511542312549,0.20174402852955883,0.2737512543883382,1
CD_model68,/home/lyara/areswave/models/CD_model68.nd,nd,UNK,,,,60.0,,60.0,,60.0,,60.0,,60.0,,60.0,0.40100464373561917,0.9257024170519387,0.7508031592798322,0.5989953562643808,0.0742975829480613,1
MD_model16,/home/lyara/areswave/models/MD_model16.nd,nd,UNK,,,999.038,60.0,820.271,10.515999999999963,999.038,60.0,1146.258,94.64100000000008,1346.056,189.28300000000013,1605.327,60.0,0.49590576519458063,0.8784645906499765,0.7509449821648445,0.5040942348054194,0.12153540935002348,1
MD_model87,/home/lyara/areswave/models/MD_model87.nd,nd,UNK,,,1045.49,60.0,805.604,185.36700000000008,1045.49,60.0,1296.28,185.36699999999996,1361.703,87.231,1638.16,60.0,0.5656061598572089,0.8439710693509559,0.7511827661863736,0.4343938401427911,0.15602893064904408,1
MD_model18,/home/lyara/areswave/models/MD_model18.nd,nd,UNK,,,1091.8,60.0,713.204,194.70600000000002,1091.8,60.0,1102.617,10.817000000000007,1416.311,108.16999999999985,1626.516,60.0,0.5298104259820842,0.8639644691554309,0.7525797880976487,0.4701895740179158,0.13603553084456907,1
Geophysical_model267,/home/lyara/areswave/models/Geophysical_model267.nd,nd,UNK,,,1048.554,60.0,900.0,194.99300000000005,1048.554,60.0,1147.591,33.011999999999944,1494.218,49.51800000000003,1675.576,60.0,0.6725986404691081,0.7943355519545969,0.753756581459434,0.3274013595308919,0.20566444804540304,1
Geophysical_model224,/home/lyara/areswave/models/Geophysical_model224.nd,nd,UNK,,,1048.554,60.0,900.0,194.99300000000005,1048.554,60.0,1147.591,33.011999999999944,1494.218,49.51800000000003,1675.576,60.0,0.6725986404691081,0.7943355519545969,0.753756581459434,0.3274013595308919,0.20566444804540304,1
Geophysical_model63,/home/lyara/areswave/models/Geophysical_model63.nd,nd,UNK,,,1048.554,60.0,900.0,194.99300000000005,1048.554,60.0,1147.591,33.011999999999944,1494.218,49.51800000000003,1675.576,60.0,0.6725986404691081,0.7943355519545969,0.753756581459434,0.3274013595308919,0.20566444804540304,1
Geophysical_model326,/home/lyara/areswave/models/Geophysical_model326.nd,nd,UNK,,,1031.555,60.0,900.0,186.06500000000005,1031.555,60.0,1130.221,32.888999999999896,1491.996,82.221,1673.341,60.0,0.49144261928290955,0.8880385941250115,0.7558399358443109,0.5085573807170904,0.11196140587498853,1
Geophysical_model510,/home/lyara/areswave/models/Geophysical_model510.nd,nd,UNK,,,1083.742,60.0,900.0,21.40300000000002,1083.742,60.0,1100.446,16.70400000000018,1484.635,100.22299999999996,1682.74,60.0,0.7072101600956886,0.780636152178325,0.7561608214841128,0.29278983990431134,0.21936384782167498,1
CD_model6,/home/lyara/areswave/models/CD_model6.nd,nd,UNK,,,,60.0,,60.0,,60.0,,60.0,,60.0,,60.0,0.4518629870513251,0.9083308848419549,0.7561749189117449,0.5481370129486749,0.09166911515804504,1
CD_model23,/home/lyara/areswave/models/CD_model23.nd,nd,UNK,,,,60.0,,60.0,,60.0,,60.0,,60.0,,60.0,0.43297902806643107,0.9184336942901541,0.7566154722155797,0.5670209719335689,0.08156630570984597,1
Geophysical_model710,/home/lyara/areswave/models/Geophysical_model710.nd,nd,UNK,,,900.0,60.0,900.0,22.456999999999994,900.0,60.0,1101.621,16.801999999999907,1488.061,100.81099999999992,1686.284,60.0,0.694504068136388,0.7881696314337919,0.756947777001324,0.305495931863612,0.21183036856620807,1
CD_model32,/home/lyara/areswave/models/CD_model32.nd,nd,UNK,,,,60.0,,60.0,,60.0,,60.0,,60.0,,60.0,0.49105763495887667,0.8927108112287391,0.758826419138785,0.5089423650411233,0.10728918877126088,1
MD_model72,/home/lyara/areswave/models/MD_model72.nd,nd,UNK,,,905.619,60.0,705.837,189.26700000000005,905.619,60.0,1294.668,84.11899999999991,1305.183,31.545000000000073,1596.284,60.0,0.5102269273441413,0.8834882176199614,0.7590677875280214,0.48977307265585873,0.11651178238003862,1
Geophysical_model376,/home/lyara/areswave/models/Geophysical_model376.nd,nd,UNK,,,983.203,60.0,878.839,190.45100000000002,983.203,60.0,1116.329,16.6400000000001,1465.783,99.84400000000005,1680.452,60.0,0.6921144720975582,0.7932130768863834,0.759513541956775,0.30788552790244184,0.20678692311361657,1
CD_model10,/home/lyara/areswave/models/CD_model10.nd,nd,UNK,,,,60.0,,60.0,,60.0,,60.0,,60.0,,60.0,0.3882666291939334,0.9470766857821433,0.7608066669194068,0.6117333708060666,0.05292331421785672,1
Geophysical_model876,/home/lyara/areswave/models/Geophysical_model876.nd,nd,UNK,,,1085.08,60.0,900.0,29.76800000000003,1085.08,60.0,1101.905,16.826000000000022,1455.24,117.77800000000002,1687.143,60.0,0.6802258084185049,0.8011765314828518,0.7608596237947362,0.31977419158149517,0.19882346851714813,1
AK_model_66,/home/lyara/areswave/models/AK_model_66.nd,nd,UNK,,,1018.904,60.0,817.742,25.145999999999958,1018.904,60.0,1169.776,100.5809999999999,1370.939,75.43600000000015,1678.566,60.0,0.7156350267632745,0.7845715763676605,0.7615927264995319,0.28436497323672555,0.21542842363233952,1
MD_model33,/home/lyara/areswave/models/MD_model33.nd,nd,UNK,,,1018.87,60.0,748.052,187.49,1018.87,60.0,1279.273,20.832000000000107,1362.602,72.91300000000001,1579.187,60.0,0.4767424900297672,0.905100084900729,0.7623142199437417,0.5232575099702328,0.09489991509927097,1
CD_model3,/home/lyara/areswave/models/CD_model3.nd,nd,UNK,,,,60.0,,60.0,,60.0,,60.0,,60.0,,60.0,0.4165533592803027,0.9354783223072993,0.7625033346316338,0.5834466407196973,0.0645216776927007,1
CD_model29,/home/lyara/areswave/models/CD_model29.nd,nd,UNK,,,,60.0,,60.0,,60.0,,60.0,,60.0,,60.0,0.38911305496231974,0.9495151460731958,0.7627144490362371,0.6108869450376803,0.05048485392680427,1
MD_model10,/home/lyara/areswave/models/MD_model10.nd,nd,UNK,,,1002.201,60.0,801.147,10.581999999999994,1002.201,60.0,1245.582,137.56400000000008,1372.563,190.47199999999998,1611.713,60.0,0.45371582169018676,0.9172442474456773,0.7627347721938471,0.5462841783098132,0.08275575255432269,1
MD_model74,/home/lyara/areswave/models/MD_model74.nd,nd,UNK,,,1018.128,60.0,852.239,10.368000000000052,1018.128,60.0,1246.227,134.78500000000008,1391.38,114.04999999999995,1576.24,60.0,0.4195244347032149,0.935042589358286,0.7632032044732623,0.5804755652967851,0.06495741064171401,1
AK_model_77,/home/lyara/areswave/models/AK_model_77.nd,nd,UNK,,,1027.629,60.0,797.873,25.527999999999906,1027.629,60.0,1282.914,76.58600000000001,1308.442,25.52800000000002,1694.139,60.0,0.6118192720203033,0.8401214125564362,0.764020699044392,0.38818072797969677,0.15987858744356373,1
Geophysical_model446,/home/lyara/areswave/models/Geophysical_model446.nd,nd,UNK,,,1031.442,60.0,900.0,188.76700000000005,1031.442,60.0,1130.023,32.8599999999999,1491.488,82.15100000000007,1672.831,60.0,0.4959569385948014,0.8987492250482991,0.7644851295637999,0.5040430614051986,0.10125077495170089,1
MD_model25,/home/lyara/areswave/models/MD_model25.nd,nd,UNK,,,906.668,60.0,896.424,194.63299999999992,906.668,60.0,1295.935,81.95100000000002,1306.179,30.73199999999997,1500.813,60.924999999999955,0.6892970298400536,0.8021093572643476,0.7645052481229163,0.31070297015994636,0.19789064273565232,1
Geophysical_model905,/home/lyara/areswave/models/Geophysical_model905.nd,nd,UNK,,,933.943,60.0,879.311,186.19799999999998,933.943,60.0,1120.631,33.942999999999984,1494.007,84.85800000000017,1692.437,60.0,0.7475594803524204,0.7738691281395979,0.765099245543872,0.2524405196475797,0.22613087186040212,1
Geophysical_model661,/home/lyara/areswave/models/Geophysical_model661.nd,nd,UNK,,,933.422,60.0,900.0,184.00400000000002,933.422,60.0,1117.244,33.423,1484.889,83.55599999999981,1683.002,60.0,0.5928178903746576,0.8513942689570195,0.7652021427628989,0.4071821096253424,0.14860573104298047,1
CD_model51,/home/lyara/areswave/models/CD_model51.nd,nd,UNK,,,,60.0,,60.0,,60.0,,60.0,,60.0,,60.0,0.5464454870602178,0.8750879565910312,0.7655404667474267,0.4535545129397823,0.12491204340896883,1
Geophysical_model134,/home/lyara/areswave/models/Geophysical_model134.nd,nd,UNK,,,982.649,60.0,876.764,185.889,982.649,60.0,1114.887,16.529999999999973,1462.012,115.70799999999986,1676.435,60.0,0.46063894296014374,0.9194377088347818,0.7665047868765691,0.5393610570398563,0.08056229116521814,1
CD_model55,/home/lyara/areswave/models/CD_model55.nd,nd,UNK,,,,60.0,,60.0,,60.0,,60.0,,60.0,,60.0,0.44230345981609553,0.9297236423819693,0.7672502481933448,0.5576965401839045,0.07027635761803075,1
MD_model70,/home/lyara/areswave/models/MD_model70.nd,nd,UNK,,,1005.796,60.0,809.43,10.335000000000036,1005.796,60.0,1243.502,165.3610000000001,1439.868,165.3610000000001,1592.774,60.0,0.810137872483882,0.7459362016555049,0.7673367585982973,0.189862127516118,0.25406379834449516,1
CD_model99,/home/lyara/areswave/models/CD_model99.nd,nd,UNK,,,,60.0,,60.0,,60.0,,60.0,,60.0,,60.0,0.630284276429457,0.8372952486684513,0.7682915912554531,0.369715723570543,0.16270475133154866,1
Geophysical_model457,/home/lyara/areswave/models/Geophysical_model457.nd,nd,UNK,,,1000.924,60.0,900.0,185.79899999999998,1000.924,60.0,1118.67,33.641000000000076,1488.726,100.9240000000002,1686.973,60.0,0.6090660349684718,0.8490589314667165,0.769061299300635,0.39093396503152816,0.15094106853328354,1
Geophysical_model48,/home/lyara/areswave/models/Geophysical_model48.nd,nd,UNK,,,1047.698,60.0,900.0,190.58799999999997,1047.698,60.0,1146.164,32.82199999999989,1490.792,65.64300000000003,1672.131,60.0,0.640323341540955,0.8344841607287982,0.7697638876661838,0.359676658459045,0.16551583927120186,1
CD_model98,/home/lyara/areswave/models/CD_model98.nd,nd,UNK,,,,60.0,,60.0,,60.0,,60.0,,60.0,,60.0,0.41299970115632545,0.9484944698797371,0.7699962136385999,0.5870002988436746,0.051505530120262884,1
Geophysical_model966,/home/lyara/areswave/models/Geophysical_model966.nd,nd,UNK,,,950.781,60.0,900.0,183.639,950.781,60.0,1136.977,33.85400000000004,1492.442,67.70700000000011,1690.818,60.0,0.6996830644845835,0.8068617422726193,0.771135516343274,0.30031693551541655,0.19313825772738072,1
Geophysical_model719,/home/lyara/areswave/models/Geophysical_model719.nd,nd,UNK,,,917.055,60.0,877.919,198.72500000000002,917.055,60.0,1121.71,34.108999999999924,1496.91,102.327,1695.441,60.0,0.6191125660321757,0.8498419622040307,0.7729321634800791,0.38088743396782426,0.1501580377959692,1
Geophysical_model150,/home/lyara/areswave/models/Geophysical_model150.nd,nd,UNK,,,1099.378,60.0,900.0,179.668,1099.378,60.0,1115.993,16.614000000000033,1431.674,99.68900000000008,1679.515,60.0,0.5275714966265861,0.8965593498932148,0.7735633988043386,0.47242850337341397,0.10344065010678516,1
MD_model17,/home/lyara/areswave/models/MD_model17.nd,nd,UNK,,,1094.831,60.0,723.03,196.836,1094.831,60.0,1193.249,185.89999999999986,1411.956,98.41799999999989,1645.069,60.0,0.6571906362707423,0.8331099412842276,0.7744701729463991,0.34280936372925774,0.16689005871577248,1
Geophysical_model770,/home/lyara/areswave/models/Geophysical_model770.nd,nd,UNK,,,950.781,60.0,900.0,183.56899999999996,950.781,60.0,1136.977,33.85400000000004,1492.442,67.70700000000011,1690.818,60.0,0.6652568630050896,0.8293630490383711,0.7746609870272773,0.33474313699491043,0.17063695096162892,1
CD_model8,/home/lyara/areswave/models/CD_model8.nd,nd,UNK,,,,60.0,,60.0,,60.0,,60.0,,60.0,,60.0,0.4570737396611503,0.9351168288751021,0.7757691324704514,0.5429262603388497,0.06488317112489797,1
Geophysical_model429,/home/lyara/areswave/models/Geophysical_model429.nd,nd,UNK,,,965.996,60.0,900.0,194.13,965.996,60.0,1114.487,16.499000000000024,1460.966,98.99399999999991,1675.321,60.0,0.7092601600427612,0.809080817556235,0.7758072650517437,0.29073983995723884,0.190919182443765,1
CD_model43,/home/lyara/areswave/models/CD_model43.nd,nd,UNK,,,,60.0,,60.0,,60.0,,60.0,,60.0,,60.0,0.48351927871649936,0.9223899946177724,0.7760997559840147,0.5164807212835006,0.07761000538222762,1
CD_model30,/home/lyara/areswave/models/CD_model30.nd,nd,UNK,,,,60.0,,60.0,,60.0,,60.0,,60.0,,60.0,0.48351927871649936,0.9223899946177724,0.7760997559840147,0.5164807212835006,0.07761000538222762,1
CD_model56,/home/lyara/areswave/models/CD_model56.nd,nd,UNK,,,,60.0,,60.0,,60.0,,60.0,,60.0,,60.0,0.5714228007358332,0.8793041594373606,0.7766770398701848,0.4285771992641668,0.12069584056263935,1
CD_model71,/home/lyara/areswave/models/CD_model71.nd,nd,UNK,,,,60.0,,60.0,,60.0,,60.0,,60.0,,60.0,0.5487253186032567,0.8942597545589427,0.7790816092403806,0.4512746813967433,0.1057402454410573,1
CD_model66,/home/lyara/areswave/models/CD_model66.nd,nd,UNK,,,,60.0,,60.0,,60.0,,60.0,,60.0,,60.0,0.5006052697277223,0.9203536014573799,0.7804374908808273,0.49939473027227765,0.07964639854262014,1
AK_model_91,/home/lyara/areswave/models/AK_model_91.nd,nd,UNK,,,1074.988,60.0,775.432,27.232999999999947,1074.988,60.0,1292.847,54.46399999999994,1320.08,54.46400000000017,1720.767,60.0,0.6376937494775999,0.8528881774274619,0.7811567014441746,0.36230625052240006,0.14711182257253813,1
Geophysical_model922,/home/lyara/areswave/models/Geophysical_model922.nd,nd,UNK,,,949.959,60.0,900.0,179.20600000000002,949.959,60.0,1133.142,33.305000000000064,1499.507,83.2650000000001,1680.897,60.0,0.712692126399934,0.8164434059201153,0.7818596460800548,0.287307873600066,0.18355659407988464,1
Geophysical_model586,/home/lyara/areswave/models/Geophysical_model586.nd,nd,UNK,,,1099.57,60.0,900.0,21.057999999999993,1099.57,60.0,1116.201,16.631000000000085,1465.45,99.78499999999985,1680.096,60.0,0.7444925431146467,0.8007763789776187,0.7820151003566279,0.25550745688535326,0.1992236210223813,1
Geophysical_model711,/home/lyara/areswave/models/Geophysical_model711.nd,nd,UNK,,,916.837,60.0,879.831,181.52099999999996,916.837,60.0,1118.884,33.67399999999998,1489.303,84.18600000000015,1687.57,60.0,0.6521744192907825,0.8479986286300766,0.7827238921836451,0.34782558070921754,0.15200137136992345,1
Geophysical_model776,/home/lyara/areswave/models/Geophysical_model776.nd,nd,UNK,,,916.728,60.0,900.0,193.20899999999995,916.728,60.0,1117.459,33.455999999999904,1468.739,83.63800000000015,1683.6,60.0,0.7191677891861721,0.817393828543041,0.7846518154240846,0.280832210813828,0.18260617145695904,1
Geophysical_model435,/home/lyara/areswave/models/Geophysical_model435.nd,nd,UNK,,,949.68,60.0,900.0,189.86900000000003,949.68,60.0,1115.279,16.559999999999945,1463.038,99.3599999999999,1677.528,60.0,0.5117766156070297,0.9211526165550239,0.7846939495723592,0.4882233843929703,0.07884738344497608,1
AK_model_56,/home/lyara/areswave/models/AK_model_56.nd,nd,UNK,,,1018.998,60.0,842.972,25.146999999999935,1018.998,60.0,1144.731,100.58600000000001,1371.051,50.29300000000012,1678.679,60.0,0.5764091482908265,0.8891020288509475,0.7848710686642404,0.42359085170917354,0.11089797114905259,1
Geophysical_model842,/home/lyara/areswave/models/Geophysical_model842.nd,nd,UNK,,,950.91,60.0,900.0,184.808,950.91,60.0,1120.608,33.940000000000055,1476.975,84.84899999999993,1692.373,60.0,0.6981939065341976,0.8308662938395655,0.7866421647377763,0.30180609346580245,0.16913370616043452,1
MD_model5,/home/lyara/areswave/models/MD_model5.nd,nd,UNK,,,982.978,60.0,734.96,10.33400000000006,982.978,60.0,1106.988,10.333999999999833,1406.677,62.003999999999905,1580.647,60.0,0.5132364778341507,0.9235301112850123,0.7867655668013919,0.48676352216584934,0.07646988871498775,1
Geophysical_model406,/home/lyara/areswave/models/Geophysical_model406.nd,nd,UNK,,,999.801,60.0,900.0,193.60699999999997,999.801,60.0,1116.236,16.63299999999981,1482.173,99.80099999999993,1680.192,60.0,0.7260839628018958,0.8187861748397312,0.7878854374937859,0.27391603719810415,0.18121382516026888,1
CD_model37,/home/lyara/areswave/models/CD_model37.nd,nd,UNK,,,,60.0,,60.0,,60.0,,60.0,,60.0,,60.0,0.5243510800636435,0.9243731438138314,0.7910324558971021,0.4756489199363565,0.07562685618616856,1
Geophysical_model669,/home/lyara/areswave/models/Geophysical_model669.nd,nd,UNK,,,1088.06,60.0,900.0,20.66700000000003,1088.06,60.0,1105.156,17.09699999999998,1464.18,119.67499999999995,1696.954,60.0,0.7321624278411603,0.8228431753959959,0.792616259544384,0.2678375721588397,0.17715682460400403,1
Geophysical_model789,/home/lyara/areswave/models/Geophysical_model789.nd,nd,UNK,,,1088.067,60.0,900.0,20.66700000000003,1088.067,60.0,1105.164,17.09699999999998,1464.2,119.67900000000009,1696.976,60.0,0.7321624278411603,0.8228431753959959,0.792616259544384,0.2678375721588397,0.17715682460400403,1
CD_model31,/home/lyara/areswave/models/CD_model31.nd,nd,UNK,,,,60.0,,60.0,,60.0,,60.0,,60.0,,60.0,0.5023429094586872,0.9392247943675553,0.7935974993979326,0.4976570905413128,0.06077520563244461,1
CD_model19,/home/lyara/areswave/models/CD_model19.nd,nd,UNK,,,,60.0,,60.0,,60.0,,60.0,,60.0,,60.0,0.4838672179053628,0.9526320045310687,0.7963770756558334,0.5161327820946372,0.04736799546893136,1
AK_model_65,/home/lyara/areswave/models/AK_model_65.nd,nd,UNK,,,1001.408,60.0,796.24,25.645999999999958,1001.408,60.0,1103.992,102.58400000000006,1360.452,25.645999999999958,1695.897,60.0,0.603697245708546,0.8968552401198422,0.7991359086494101,0.396302754291454,0.10314475988015777,1
CD_model22,/home/lyara/areswave/models/CD_model22.nd,nd,UNK,,,,60.0,,60.0,,60.0,,60.0,,60.0,,60.0,0.49341678616837015,0.9532972362932433,0.8000037529182856,0.5065832138316299,0.04670276370675676,1
CD_model89,/home/lyara/areswave/models/CD_model89.nd,nd,UNK,,,,60.0,,60.0,,60.0,,60.0,,60.0,,60.0,0.5131306629828158,0.9445390107416758,0.800736228155389,0.4868693370171841,0.055460989258324184,1
Geophysical_model626,/home/lyara/areswave/models/Geophysical_model626.nd,nd,UNK,,,933.4,60.0,876.875,184.99800000000005,933.4,60.0,1117.102,33.399999999999864,1484.505,83.5010000000002,1682.605,60.0,0.7022498130956342,0.8506864885864278,0.8012075967561633,0.29775018690436583,0.14931351141357213,1
MD_model89,/home/lyara/areswave/models/MD_model89.nd,nd,UNK,,,984.933,60.0,781.659,192.57500000000005,984.933,60.0,1273.795,32.096000000000004,1327.288,74.88999999999987,1611.235,60.0,0.5319999848711339,0.9371388611332172,0.8020925690458561,0.4680000151288662,0.06286113886678277,1
Geophysical_model987,/home/lyara/areswave/models/Geophysical_model987.nd,nd,UNK,,,916.714,60.0,900.0,189.303,916.714,60.0,1117.284,33.42800000000011,1484.996,83.57100000000014,1683.113,60.0,0.6835139328905196,0.8615395940258006,0.8021977069807069,0.31648606710948035,0.13846040597419934,1
CD_model11,/home/lyara/areswave/models/CD_model11.nd,nd,UNK,,,,60.0,,60.0,,60.0,,60.0,,60.0,,60.0,0.5323495770544568,0.9372709270903868,0.8022971437450769,0.4676504229455432,0.06272907290961315,1
CD_model88,/home/lyara/areswave/models/CD_model88.nd,nd,UNK,,,,60.0,,60.0,,60.0,,60.0,,60.0,,60.0,0.5358004933683105,0.9359993659998874,0.8025997417893618,0.4641995066316895,0.0640006340001126,1
CD_model93,/home/lyara/areswave/models/CD_model93.nd,nd,UNK,,,,60.0,,60.0,,60.0,,60.0,,60.0,,60.0,0.529434397653278,0.9414916001411869,0.8041391993118839,0.470565602346722,0.0585083998588131,1
CD_model70,/home/lyara/areswave/models/CD_model70.nd,nd,UNK,,,,60.0,,60.0,,60.0,,60.0,,60.0,,60.0,0.5518441049404457,0.9315785458494665,0.8050003988797929,0.4481558950595543,0.06842145415053351,1
CD_model36,/home/lyara/areswave/models/CD_model36.nd,nd,UNK,,,,60.0,,60.0,,60.0,,60.0,,60.0,,60.0,0.5174033144660188,0.955106731404468,0.809205592424985,0.4825966855339811,0.04489326859553202,1
CD_model82,/home/lyara/areswave/models/CD_model82.nd,nd,UNK,,,,60.0,,60.0,,60.0,,60.0,,60.0,,60.0,0.5174033144660188,0.955106731404468,0.809205592424985,0.4825966855339811,0.04489326859553202,1
MD_model76,/home/lyara/areswave/models/MD_model76.nd,nd,UNK,,,989.415,60.0,740.538,10.370000000000005,989.415,60.0,1124.223,176.288,1310.88,114.06899999999996,1578.639,60.0,0.7607961046468892,0.8366429110224191,0.8113606422305758,0.23920389535311087,0.16335708897758094,1
CD_model60,/home/lyara/areswave/models/CD_model60.nd,nd,UNK,,,,60.0,,60.0,,60.0,,60.0,,60.0,,60.0,0.5540430241475157,0.9461306053482962,0.815434744948036,0.4459569758524843,0.053869394651703824,1
Geophysical_model230,/home/lyara/areswave/models/Geophysical_model230.nd,nd,UNK,,,949.483,60.0,900.0,193.52599999999995,949.483,60.0,1114.426,16.494000000000142,1460.805,98.9659999999999,1675.15,60.0,0.7114579794898583,0.86747943830384,0.8154722853658462,0.28854202051014166,0.13252056169616006,1
CD_model4,/home/lyara/areswave/models/CD_model4.nd,nd,UNK,,,,60.0,,60.0,,60.0,,60.0,,60.0,,60.0,0.5513150979832884,0.9499958927180396,0.8171022944731225,0.4486849020167117,0.05000410728196034,1
CD_model21,/home/lyara/areswave/models/CD_model21.nd,nd,UNK,,,,60.0,,60.0,,60.0,,60.0,,60.0,,60.0,0.5915840886294677,0.9314246385564056,0.8181444552474263,0.4084159113705324,0.0685753614435945,1
AK_model_76,/home/lyara/areswave/models/AK_model_76.nd,nd,UNK,,,1050.178,60.0,796.314,25.38600000000008,1050.178,60.0,1278.655,50.77299999999991,1304.041,50.77300000000014,1688.733,60.0,0.6364046489759448,0.9091100071106507,0.8182082210657488,0.36359535102405516,0.0908899928893493,1
CD_model14,/home/lyara/areswave/models/CD_model14.nd,nd,UNK,,,,60.0,,60.0,,60.0,,60.0,,60.0,,60.0,0.6867781705204641,0.8839930770954414,0.8182547749037822,0.31322182947953586,0.11600692290455863,1
AK_model_94,/home/lyara/areswave/models/AK_model_94.nd,nd,UNK,,,1080.51,60.0,778.064,27.495000000000005,1080.51,60.0,1272.975,27.49499999999989,1327.965,54.99000000000001,1730.529,60.0,0.6305735307663749,0.9125212617486167,0.8185386847545361,0.36942646923362504,0.08747873825138336,1
CD_model87,/home/lyara/areswave/models/CD_model87.nd,nd,UNK,,,,60.0,,60.0,,60.0,,60.0,,60.0,,60.0,0.6063478275568737,0.925852202121557,0.8193507439333292,0.39365217244312634,0.07414779787844296,1
MD_model52,/home/lyara/areswave/models/MD_model52.nd,nd,UNK,,,1047.919,60.0,764.485,185.3230000000001,1047.919,60.0,1265.946,32.70399999999995,1331.354,54.50700000000006,1640.388,60.0,0.7125919492460511,0.8805026099650031,0.8245323897253524,0.287408050753949,0.11949739003499688,1
CD_model79,/home/lyara/areswave/models/CD_model79.nd,nd,UNK,,,,60.0,,60.0,,60.0,,60.0,,60.0,,60.0,0.6631331164798713,0.9073545403952576,0.8259473990901288,0.3368668835201287,0.0926454596047423,1
CD_model81,/home/lyara/areswave/models/CD_model81.nd,nd,UNK,,,,60.0,,60.0,,60.0,,60.0,,60.0,,60.0,0.5784409529815618,0.9506000298655013,0.8265470042375215,0.42155904701843816,0.04939997013449865,1
AK_model_60,/home/lyara/areswave/models/AK_model_60.nd,nd,UNK,,,997.761,60.0,820.36,25.34299999999996,997.761,60.0,1175.162,101.37199999999984,1352.562,25.343000000000075,1686.32,60.0,0.7594090747069946,0.8610275230327145,0.8271547069241412,0.24059092529300546,0.13897247696728549,1
CD_model75,/home/lyara/areswave/models/CD_model75.nd,nd,UNK,,,,60.0,,60.0,,60.0,,60.0,,60.0,,60.0,0.6897989043997996,0.8967602588206736,0.8277731406803822,0.3102010956002004,0.10323974117932645,1
CD_model76,/home/lyara/areswave/models/CD_model76.nd,nd,UNK,,,,60.0,,60.0,,60.0,,60.0,,60.0,,60.0,0.6109251559404685,0.9377515705684863,0.828809432359147,0.3890748440595315,0.06224842943151361,1
CD_model20,/home/lyara/areswave/models/CD_model20.nd,nd,UNK,,,,60.0,,60.0,,60.0,,60.0,,60.0,,60.0,0.6168763701220966,0.9376366005000193,0.8307165237073785,0.3831236298779034,0.06236339949998075,1
Geophysical_model888,/home/lyara/areswave/models/Geophysical_model888.nd,nd,UNK,,,1088.465,60.0,900.0,20.730000000000018,1088.465,60.0,1105.598,17.133000000000038,1465.394,102.79899999999998,1698.287,60.0,0.7388948819290937,0.877357200505212,0.8312030943131726,0.26110511807090625,0.12264279949478797,1
CD_model91,/home/lyara/areswave/models/CD_model91.nd,nd,UNK,,,,60.0,,60.0,,60.0,,60.0,,60.0,,60.0,0.6515529883719069,0.9213459340096588,0.8314149521304083,0.34844701162809316,0.0786540659903412,1
CD_model13,/home/lyara/areswave/models/CD_model13.nd,nd,UNK,,,,60.0,,60.0,,60.0,,60.0,,60.0,,60.0,0.6309287045279193,0.9387388910693311,0.8361354955555272,0.3690712954720807,0.061261108930668905,1
CD_model12,/home/lyara/areswave/models/CD_model12.nd,nd,UNK,,,,60.0,,60.0,,60.0,,60.0,,60.0,,60.0,0.6309287045279193,0.9387388910693311,0.8361354955555272,0.3690712954720807,0.061261108930668905,1
AK_model_3,/home/lyara/areswave/models/AK_model_3.nd,nd,UNK,,,1022.298,60.0,814.479,51.95500000000004,1022.298,60.0,1282.072,103.90999999999985,1308.049,25.978000000000065,1673.821,60.0,0.7522095734635158,0.8782974047248333,0.8362681276377275,0.2477904265364842,0.12170259527516668,1
CD_model42,/home/lyara/areswave/models/CD_model42.nd,nd,UNK,,,,60.0,,60.0,,60.0,,60.0,,60.0,,60.0,0.6466301805209831,0.9354834182610314,0.8391990056810154,0.35336981947901697,0.06451658173896857,1
MD_model66,/home/lyara/areswave/models/MD_model66.nd,nd,UNK,,,988.043,60.0,741.78,10.260999999999967,988.043,60.0,1131.696,30.7829999999999,1429.263,41.04300000000012,1581.866,60.0,0.7506621589792569,0.8913368666814907,0.8444452974474128,0.2493378410207431,0.10866313331850927,1
Geophysical_model21,/home/lyara/areswave/models/Geophysical_model21.nd,nd,UNK,,,1014.96,60.0,900.0,184.462,1014.96,60.0,1129.919,32.846000000000004,1491.22,82.11300000000006,1672.561,60.0,0.7219349933561772,0.9078512383876275,0.8458791567104774,0.2780650066438228,0.09214876161237248,1
MD_model13,/home/lyara/areswave/models/MD_model13.nd,nd,UNK,,,1005.054,60.0,807.542,10.396000000000072,1005.054,60.0,1244.149,145.53600000000006,1358.498,166.32600000000002,1595.035,60.0,0.7851589152467566,0.8801641812872313,0.8484957592737397,0.21484108475324337,0.1198358187127687,1
AK_model_42,/home/lyara/areswave/models/AK_model_42.nd,nd,UNK,,,1023.627,60.0,814.993,26.08000000000004,1023.627,60.0,1284.42,104.31700000000001,1310.5,182.55500000000006,1676.948,60.0,0.6807953173780557,0.9334142593323111,0.8492079453475593,0.3192046826219444,0.06658574066768885,1
CD_model57,/home/lyara/areswave/models/CD_model57.nd,nd,UNK,,,,60.0,,60.0,,60.0,,60.0,,60.0,,60.0,0.6826433250518922,0.9387945349053,0.8534107982874973,0.3173566749481078,0.06120546509470004,1
CD_model5,/home/lyara/areswave/models/CD_model5.nd,nd,UNK,,,,60.0,,60.0,,60.0,,60.0,,60.0,,60.0,0.7136679912201245,0.9289229613189833,0.8571713046193636,0.2863320087798756,0.0710770386810167,1
CD_model28,/home/lyara/areswave/models/CD_model28.nd,nd,UNK,,,,60.0,,60.0,,60.0,,60.0,,60.0,,60.0,0.6741905821680835,0.9512333828251748,0.8588857826061443,0.3258094178319165,0.04876661717482521,1
CD_model61,/home/lyara/areswave/models/CD_model61.nd,nd,UNK,,,,60.0,,60.0,,60.0,,60.0,,60.0,,60.0,0.6953620371169655,0.9471656455810953,0.8632311094263855,0.3046379628830344,0.052834354418904744,1
