model_id,source_path,source_format,composition,tpot_K,adiabat_K_km,d_main_km,w_main_km,d_800_km,w_800_km,d_1000_km,w_1000_km,d_1200_km,w_1200_km,d_1400_km,w_1400_km,d_1600_km,w_1600_km,mean_p_misfit,mean_s_misfit,total_misfit,mean_p_cc,mean_s_cc,used_events
MD_model78,/home/lyara/areswave/models/MD_model78.nd,nd,UNK,,,1001.327,60.0,824.502,10.40199999999993,1001.327,60.0,1136.547,166.42399999999998,1302.971,166.42399999999998,1591.73,60.0,0.32800858732286886,0.44726924298042126,0.4075156910945705,0.6719914126771311,0.5527307570195787,1
AK_model_63,/home/lyara/areswave/models/AK_model_63.nd,nd,UNK,,,996.13,60.0,793.624,25.313999999999965,996.13,60.0,1122.696,75.94000000000005,1325.202,75.93900000000008,1684.197,60.0,0.5209891499527552,0.5049784157652386,0.5103153271610775,0.47901085004724475,0.49502158423476145,1
MD_model16,/home/lyara/areswave/models/MD_model16.nd,nd,UNK,,,999.038,60.0,820.271,10.515999999999963,999.038,60.0,1146.258,94.64100000000008,1346.056,189.28300000000013,1605.327,60.0,0.12274979277170961,0.7066083490364151,0.5119888302815133,0.8772502072282904,0.2933916509635849,1
CD_model82,/home/lyara/areswave/models/CD_model82.nd,nd,UNK,,,,60.0,,60.0,,60.0,,60.0,,60.0,,60.0,0.21299511161234164,0.681313047320798,0.5252070687513125,0.7870048883876584,0.31868695267920205,1
CD_model36,/home/lyara/areswave/models/CD_model36.nd,nd,UNK,,,,60.0,,60.0,,60.0,,60.0,,60.0,,60.0,0.21299511161234164,0.681313047320798,0.5252070687513125,0.7870048883876584,0.31868695267920205,1
CD_model31,/home/lyara/areswave/models/CD_model31.nd,nd,UNK,,,,60.0,,60.0,,60.0,,60.0,,60.0,,60.0,0.2834873116302097,0.6760581549232472,0.5452012071589013,0.7165126883697903,0.3239418450767528,1
CD_model70,/home/lyara/areswave/models/CD_model70.nd,nd,UNK,,,,60.0,,60.0,,60.0,,60.0,,60.0,,60.0,0.26638041083207653,0.717757425394849,0.5672984205405914,0.7336195891679235,0.282242574605151,1
CD_model98,/home/lyara/areswave/models/CD_model98.nd,nd,UNK,,,,60.0,,60.0,,60.0,,60.0,,60.0,,60.0,0.2161913984777475,0.7486659201797768,0.5711744129457671,0.7838086015222525,0.25133407982022316,1
CD_model44,/home/lyara/areswave/models/CD_model44.nd,nd,UNK,,,,60.0,,60.0,,60.0,,60.0,,60.0,,60.0,0.36364274442859224,0.679482079761415,0.5742023013171407,0.6363572555714078,0.3205179202385851,1
AK_model_30,/home/lyara/areswave/models/AK_model_30.nd,nd,UNK,,,1083.305,60.0,820.426,26.28800000000001,1083.305,60.0,1293.608,52.57600000000002,1319.896,52.57600000000002,1687.417,60.0,0.6223689457842483,0.5652358392882013,0.584280208120217,0.37763105421575177,0.4347641607117987,1
CD_model20,/home/lyara/areswave/models/CD_model20.nd,nd,UNK,,,,60.0,,60.0,,60.0,,60.0,,60.0,,60.0,0.23369836754879914,0.7654456518978832,0.5881965571148552,0.7663016324512009,0.23455434810211687,1
AK_model_33,/home/lyara/areswave/models/AK_model_33.nd,nd,UNK,,,1079.942,60.0,818.715,26.121999999999957,1079.942,60.0,1288.923,52.24499999999989,1341.169,52.24499999999989,1681.533,60.0,0.6035100265750628,0.5816032339828974,0.5889054981802858,0.3964899734249372,0.41839676601710263,1
CD_model58,/home/lyara/areswave/models/CD_model58.nd,nd,UNK,,,,60.0,,60.0,,60.0,,60.0,,60.0,,60.0,0.35768783609946164,0.7087361716516849,0.5917200598009438,0.6423121639005384,0.29126382834831516,1
AK_model_20,/home/lyara/areswave/models/AK_model_20.nd,nd,UNK,,,1062.423,60.0,820.847,26.841999999999985,1062.423,60.0,1277.158,26.84199999999987,1330.842,53.68399999999997,1702.21,60.0,0.8135170096833928,0.4837951711323536,0.5937024506493667,0.18648299031660723,0.5162048288676464,1
AK_model_100,/home/lyara/areswave/models/AK_model_100.nd,nd,UNK,,,1074.576,60.0,802.778,27.180000000000064,1074.576,60.0,1292.015,54.36000000000013,1319.195,27.180000000000064,1719.458,60.0,0.5373237907952371,0.6368822932736837,0.6036961257808682,0.4626762092047629,0.36311770672631627,1
CD_model59,/home/lyara/areswave/models/CD_model59.nd,nd,UNK,,,,60.0,,60.0,,60.0,,60.0,,60.0,,60.0,0.58151370504687,0.6189588136564228,0.6064771107865718,0.41848629495312994,0.3810411863435772,1
CD_model22,/home/lyara/areswave/models/CD_model22.nd,nd,UNK,,,,60.0,,60.0,,60.0,,60.0,,60.0,,60.0,0.1647589444176345,0.8273604551896759,0.6064932849323288,0.8352410555823655,0.17263954481032404,1
CD_model81,/home/lyara/areswave/models/CD_model81.nd,nd,UNK,,,,60.0,,60.0,,60.0,,60.0,,60.0,,60.0,0.13263851620556422,0.8435238109722453,0.6065620460500183,0.8673614837944358,0.15647618902775473,1
CD_model4,/home/lyara/areswave/models/CD_model4.nd,nd,UNK,,,,60.0,,60.0,,60.0,,60.0,,60.0,,60.0,0.14997181315713803,0.8351205382853744,0.6067376299092956,0.850028186842862,0.1648794617146256,1
MD_model40,/home/lyara/areswave/models/MD_model40.nd,nd,UNK,,,1052.24,60.0,752.637,181.90200000000004,1052.24,60.0,1266.242,32.09999999999991,1351.843,53.500999999999976,1614.318,60.0,0.509665987575303,0.6577742470664794,0.6084048272360872,0.490334012424697,0.34222575293352064,1
CD_model10,/home/lyara/areswave/models/CD_model10.nd,nd,UNK,,,,60.0,,60.0,,60.0,,60.0,,60.0,,60.0,0.38878042600381246,0.7219263302229652,0.6108776954832477,0.6112195739961875,0.27807366977703485,1
CD_model67,/home/lyara/areswave/models/CD_model67.nd,nd,UNK,,,,60.0,,60.0,,60.0,,60.0,,60.0,,60.0,0.17153821255373924,0.8327054973319068,0.612316402405851,0.8284617874462608,0.1672945026680932,1
AK_model_27,/home/lyara/areswave/models/AK_model_27.nd,nd,UNK,,,1040.423,60.0,798.576,26.871999999999957,1040.423,60.0,1282.27,53.743999999999915,1309.142,53.743999999999915,1707.264,60.0,0.6581206421885489,0.5901535988677584,0.6128092799746886,0.34187935781145107,0.4098464011322415,1
CD_model72,/home/lyara/areswave/models/CD_model72.nd,nd,UNK,,,,60.0,,60.0,,60.0,,60.0,,60.0,,60.0,0.26608984411440906,0.7871499959320037,0.6134632786594721,0.7339101558855909,0.21285000406799628,1
CD_model68,/home/lyara/areswave/models/CD_model68.nd,nd,UNK,,,,60.0,,60.0,,60.0,,60.0,,60.0,,60.0,0.11352704931425239,0.8653142588714872,0.6147185223524089,0.8864729506857476,0.13468574112851286,1
CD_model97,/home/lyara/areswave/models/CD_model97.nd,nd,UNK,,,,60.0,,60.0,,60.0,,60.0,,60.0,,60.0,0.28243353032236884,0.7906391617452152,0.6212372846042664,0.7175664696776312,0.2093608382547848,1
CD_model55,/home/lyara/areswave/models/CD_model55.nd,nd,UNK,,,,60.0,,60.0,,60.0,,60.0,,60.0,,60.0,0.3046213862401832,0.7867174339395505,0.6260187513730947,0.6953786137598168,0.21328256606044949,1
MD_model13,/home/lyara/areswave/models/MD_model13.nd,nd,UNK,,,1005.054,60.0,807.542,10.396000000000072,1005.054,60.0,1244.149,145.53600000000006,1358.498,166.32600000000002,1595.035,60.0,0.2101619541790274,0.8419175252059504,0.6313323348636427,0.7898380458209726,0.1580824747940496,1
CD_model95,/home/lyara/areswave/models/CD_model95.nd,nd,UNK,,,,60.0,,60.0,,60.0,,60.0,,60.0,,60.0,0.12929448830049695,0.8851665477038795,0.6332091945694186,0.870705511699503,0.11483345229612049,1
CD_model39,/home/lyara/areswave/models/CD_model39.nd,nd,UNK,,,,60.0,,60.0,,60.0,,60.0,,60.0,,60.0,0.3746190052928593,0.7627868067755091,0.6333975396146259,0.6253809947071407,0.23721319322449083,1
Geophysical_model596,/home/lyara/areswave/models/Geophysical_model596.nd,nd,UNK,,,900.0,60.0,900.0,178.56500000000005,900.0,60.0,1118.724,33.65000000000009,1472.049,100.94900000000007,1687.125,60.0,0.7125741803367558,0.5977673292950633,0.6360362796422941,0.28742581966324426,0.40223267070493673,1
AK_model_66,/home/lyara/areswave/models/AK_model_66.nd,nd,UNK,,,1018.904,60.0,817.742,25.145999999999958,1018.904,60.0,1169.776,100.5809999999999,1370.939,75.43600000000015,1678.566,60.0,0.8937205050402974,0.5088230927868543,0.6371222302046687,0.10627949495970256,0.49117690721314566,1
CD_model3,/home/lyara/areswave/models/CD_model3.nd,nd,UNK,,,,60.0,,60.0,,60.0,,60.0,,60.0,,60.0,0.1725755330328732,0.87020601395976,0.6376625203174644,0.8274244669671268,0.12979398604023992,1
AK_model_5,/home/lyara/areswave/models/AK_model_5.nd,nd,UNK,,,1050.493,60.0,815.949,26.06000000000006,1050.493,60.0,1285.037,78.18200000000002,1311.097,26.059999999999945,1677.345,60.0,0.7771704923496379,0.5742203354572049,0.6418703877546825,0.22282950765036214,0.4257796645427952,1
AK_model_21,/home/lyara/areswave/models/AK_model_21.nd,nd,UNK,,,1060.311,60.0,819.703,53.46900000000005,1060.311,60.0,1274.186,26.733999999999924,1327.655,53.468999999999824,1698.352,60.0,0.7642337633235811,0.5811976717184024,0.642209702253462,0.23576623667641894,0.4188023282815976,1
CD_model11,/home/lyara/areswave/models/CD_model11.nd,nd,UNK,,,,60.0,,60.0,,60.0,,60.0,,60.0,,60.0,0.2079760653971876,0.8604883721320465,0.6429842698870936,0.7920239346028124,0.13951162786795346,1
MD_model77,/home/lyara/areswave/models/MD_model77.nd,nd,UNK,,,993.197,60.0,753.202,10.434999999999945,993.197,60.0,1139.281,187.8219999999999,1400.145,125.21400000000017,1595.591,60.0,0.8400633304370474,0.5454899092155704,0.6436810496227294,0.15993666956295258,0.4545100907844296,1
CD_model9,/home/lyara/areswave/models/CD_model9.nd,nd,UNK,,,,60.0,,60.0,,60.0,,60.0,,60.0,,60.0,0.5207849553746475,0.7109961992751656,0.6475924513083262,0.4792150446253525,0.28900380072483445,1
CD_model83,/home/lyara/areswave/models/CD_model83.nd,nd,UNK,,,,60.0,,60.0,,60.0,,60.0,,60.0,,60.0,0.3335833129085598,0.8080430968795057,0.649889835555857,0.6664166870914402,0.1919569031204943,1
CD_model100,/home/lyara/areswave/models/CD_model100.nd,nd,UNK,,,,60.0,,60.0,,60.0,,60.0,,60.0,,60.0,0.2529756957606034,0.8494228109361919,0.6506071058776625,0.7470243042393966,0.1505771890638081,1
CD_model12,/home/lyara/areswave/models/CD_model12.nd,nd,UNK,,,,60.0,,60.0,,60.0,,60.0,,60.0,,60.0,0.2634678997867115,0.8455485664581716,0.6515216775676849,0.7365321002132885,0.15445143354182841,1
CD_model13,/home/lyara/areswave/models/CD_model13.nd,nd,UNK,,,,60.0,,60.0,,60.0,,60.0,,60.0,,60.0,0.2634678997867115,0.8455485664581716,0.6515216775676849,0.7365321002132885,0.15445143354182841,1
cd_model50,/home/lyara/areswave/models/cd_model50.npz,npz,UNK,,,,60.0,,60.0,,60.0,,60.0,,60.0,,60.0,0.36435068439568274,0.7970754772192306,0.6528338796113813,0.6356493156043173,0.20292452278076942,1
MD_model11,/home/lyara/areswave/models/MD_model11.nd,nd,UNK,,,987.786,60.0,735.63,10.505999999999972,987.786,60.0,1103.357,10.507000000000062,1429.058,84.05199999999991,1604.141,60.0,0.6398168696001336,0.661408978805403,0.6542116090703132,0.3601831303998663,0.3385910211945971,1
CD_model35,/home/lyara/areswave/models/CD_model35.nd,nd,UNK,,,,60.0,,60.0,,60.0,,60.0,,60.0,,60.0,0.3994363275083973,0.7817040942587312,0.6542815053419533,0.6005636724916027,0.2182959057412688,1
MD_model65,/home/lyara/areswave/models/MD_model65.nd,nd,UNK,,,1057.396,60.0,710.116,184.49199999999996,1057.396,60.0,1285.298,21.705000000000155,1361.266,75.96800000000007,1636.741,60.0,0.33269519336422504,0.8174164112342396,0.6558426719442347,0.667304806635775,0.18258358876576045,1
CD_model16,/home/lyara/areswave/models/CD_model16.nd,nd,UNK,,,,60.0,,60.0,,60.0,,60.0,,60.0,,60.0,0.27318927533844506,0.8474511245403006,0.6560305081396821,0.7268107246615549,0.15254887545969942,1
CD_model80,/home/lyara/areswave/models/CD_model80.nd,nd,UNK,,,,60.0,,60.0,,60.0,,60.0,,60.0,,60.0,0.20906013735930085,0.8808055491967319,0.6568904119175882,0.7909398626406992,0.11919445080326802,1
AK_model_25,/home/lyara/areswave/models/AK_model_25.nd,nd,UNK,,,1038.21,60.0,798.179,26.670000000000073,1038.21,60.0,1278.24,26.670000000000073,1331.58,53.33999999999992,1701.46,60.0,0.822382793187806,0.5756882866957851,0.6579197888597921,0.177617206812194,0.42431171330421485,1
Geophysical_model634,/home/lyara/areswave/models/Geophysical_model634.nd,nd,UNK,,,900.0,60.0,900.0,22.418000000000006,900.0,60.0,1101.621,16.801999999999907,1488.061,100.81099999999992,1686.284,60.0,0.6233932510349967,0.6778487253970138,0.6596969006096748,0.3766067489650033,0.32215127460298626,1
CD_model92,/home/lyara/areswave/models/CD_model92.nd,nd,UNK,,,,60.0,,60.0,,60.0,,60.0,,60.0,,60.0,0.39180689690995796,0.7953750879213354,0.6608523575842096,0.608193103090042,0.20462491207866465,1
CD_model73,/home/lyara/areswave/models/CD_model73.nd,nd,UNK,,,,60.0,,60.0,,60.0,,60.0,,60.0,,60.0,0.45589989082702387,0.7637961858371559,0.6611640875004453,0.5441001091729761,0.23620381416284406,1
CD_model63,/home/lyara/areswave/models/CD_model63.nd,nd,UNK,,,,60.0,,60.0,,60.0,,60.0,,60.0,,60.0,0.3326820858078037,0.8307711341790569,0.6647414513886392,0.6673179141921963,0.16922886582094315,1
CD_model21,/home/lyara/areswave/models/CD_model21.nd,nd,UNK,,,,60.0,,60.0,,60.0,,60.0,,60.0,,60.0,0.31938423901084834,0.8376548451537588,0.6648979764394553,0.6806157609891517,0.1623451548462412,1
CD_model29,/home/lyara/areswave/models/CD_model29.nd,nd,UNK,,,,60.0,,60.0,,60.0,,60.0,,60.0,,60.0,0.3698207544362231,0.8142412544108693,0.6661010877526539,0.6301792455637769,0.1857587455891308,1
AK_model_14,/home/lyara/areswave/models/AK_model_14.nd,nd,UNK,,,1026.729,60.0,807.065,24.406999999999925,1026.729,60.0,1270.801,97.62900000000013,1319.615,24.406999999999925,1671.438,60.0,0.7356884927885302,0.6321125049982692,0.6666378342616895,0.2643115072114698,0.36788749500173074,1
CD_model56,/home/lyara/areswave/models/CD_model56.nd,nd,UNK,,,,60.0,,60.0,,60.0,,60.0,,60.0,,60.0,0.26199095720571686,0.8731699050606173,0.6694435891089837,0.7380090427942831,0.1268300949393827,1
AK_model_72,/home/lyara/areswave/models/AK_model_72.nd,nd,UNK,,,1026.606,60.0,795.967,25.627000000000066,1026.606,60.0,1282.873,76.88000000000011,1308.499,25.626999999999953,1695.104,60.0,0.6352404421175322,0.6866755403929082,0.6695305076344495,0.36475955788246783,0.31332445960709177,1
CD_model5,/home/lyara/areswave/models/CD_model5.nd,nd,UNK,,,,60.0,,60.0,,60.0,,60.0,,60.0,,60.0,0.3460895924265729,0.8406931179538727,0.6758252761114395,0.6539104075734271,0.15930688204612728,1
MD_model55,/home/lyara/areswave/models/MD_model55.nd,nd,UNK,,,936.329,60.0,822.179,103.77300000000002,936.329,60.0,1299.533,62.26299999999992,1309.91,31.131999999999834,1597.929,60.0,0.777692025228291,0.625677306385396,0.6763488793330277,0.22230797477170908,0.374322693614604,1
Geophysical_model697,/home/lyara/areswave/models/Geophysical_model697.nd,nd,UNK,,,900.0,60.0,900.0,20.659999999999968,900.0,60.0,1106.104,17.174999999999955,1483.961,103.05199999999991,1699.813,60.0,0.7952996404142156,0.6178161386412053,0.6769773058988754,0.2047003595857844,0.38218386135879473,1
Geophysical_model882,/home/lyara/areswave/models/Geophysical_model882.nd,nd,UNK,,,900.0,60.0,900.0,20.659999999999968,900.0,60.0,1106.104,17.174999999999955,1483.961,103.05199999999991,1699.813,60.0,0.7952996404142156,0.6178161386412053,0.6769773058988754,0.2047003595857844,0.38218386135879473,1
Geophysical_model792,/home/lyara/areswave/models/Geophysical_model792.nd,nd,UNK,,,900.0,60.0,900.0,20.659999999999968,900.0,60.0,1106.104,17.174999999999955,1483.961,103.05199999999991,1699.813,60.0,0.7952996404142156,0.6178161386412053,0.6769773058988754,0.2047003595857844,0.38218386135879473,1
CD_model78,/home/lyara/areswave/models/CD_model78.nd,nd,UNK,,,,60.0,,60.0,,60.0,,60.0,,60.0,,60.0,0.44762104167513106,0.7926537468388997,0.6776428451176435,0.5523789583248689,0.20734625316110036,1
MD_model33,/home/lyara/areswave/models/MD_model33.nd,nd,UNK,,,1018.87,60.0,748.052,187.49,1018.87,60.0,1279.273,20.832000000000107,1362.602,72.91300000000001,1579.187,60.0,0.6720921493280401,0.6812539965657908,0.6782000474865405,0.3279078506719599,0.3187460034342092,1
CD_model91,/home/lyara/areswave/models/CD_model91.nd,nd,UNK,,,,60.0,,60.0,,60.0,,60.0,,60.0,,60.0,0.3110443518214061,0.862409135781927,0.6786208744617533,0.6889556481785939,0.137590864218073,1
CD_model6,/home/lyara/areswave/models/CD_model6.nd,nd,UNK,,,,60.0,,60.0,,60.0,,60.0,,60.0,,60.0,0.27149236816016864,0.8829178388197012,0.6791093485998569,0.7285076318398314,0.11708216118029874,1
AK_model_61,/home/lyara/areswave/models/AK_model_61.nd,nd,UNK,,,1018.991,60.0,817.395,25.198999999999955,1018.991,60.0,1119.789,100.798,1371.784,75.59799999999996,1679.704,60.0,0.6702064871534394,0.6865771037745272,0.6811202315674979,0.3297935128465605,0.3134228962254728,1
AK_model_24,/home/lyara/areswave/models/AK_model_24.nd,nd,UNK,,,1075.946,60.0,803.518,27.242999999999938,1075.946,60.0,1293.887,54.4849999999999,1321.13,27.242999999999938,1721.839,60.0,0.7508681560988044,0.6472199927294484,0.6817693805192336,0.24913184390119558,0.3527800072705516,1
MD_model56,/home/lyara/areswave/models/MD_model56.nd,nd,UNK,,,903.728,60.0,798.823,115.39600000000007,903.728,60.0,1291.878,73.43399999999997,1312.859,31.471000000000004,1613.347,60.0,0.7924164953291021,0.6278218268207959,0.6826867163235647,0.2075835046708979,0.3721781731792041,1
Geophysical_model563,/home/lyara/areswave/models/Geophysical_model563.nd,nd,UNK,,,1087.281,60.0,900.0,22.385999999999967,1087.281,60.0,1104.307,17.02500000000009,1461.843,119.17900000000009,1694.389,60.0,0.7097731326443096,0.6704353702005803,0.6835479576818234,0.29022686735569037,0.32956462979941975,1
MD_model23,/home/lyara/areswave/models/MD_model23.nd,nd,UNK,,,932.566,60.0,762.339,180.86599999999999,932.566,60.0,1273.019,74.47499999999991,1326.215,31.917000000000144,1608.988,60.0,0.2688720555619093,0.8925454536140834,0.6846543209300254,0.7311279444380907,0.1074545463859166,1
MD_model2,/home/lyara/areswave/models/MD_model2.nd,nd,UNK,,,986.891,60.0,741.65,21.326000000000022,986.891,60.0,1114.842,42.649999999999864,1445.384,42.65100000000007,1631.921,60.0,0.396552298872234,0.8295058956227639,0.6851880300392539,0.603447701127766,0.1704941043772361,1
CD_model19,/home/lyara/areswave/models/CD_model19.nd,nd,UNK,,,,60.0,,60.0,,60.0,,60.0,,60.0,,60.0,0.4600633993711004,0.7979710112303988,0.6853351406106327,0.5399366006288996,0.20202898876960115,1
AK_model_48,/home/lyara/areswave/models/AK_model_48.nd,nd,UNK,,,1008.347,60.0,797.627,26.339999999999918,1008.347,60.0,1298.086,131.70000000000005,1482.466,52.679999999999836,1692.058,60.0,0.8262260733918446,0.6150949935748466,0.6854720201805127,0.1737739266081554,0.38490500642515335,1
AK_model_62,/home/lyara/areswave/models/AK_model_62.nd,nd,UNK,,,1016.476,60.0,815.77,25.087999999999965,1016.476,60.0,1116.83,100.35300000000007,1367.713,75.2650000000001,1675.2,60.0,0.6909424222948473,0.6835972563691375,0.6860456450110407,0.3090575777051527,0.31640274363086257,1
AK_model_97,/home/lyara/areswave/models/AK_model_97.nd,nd,UNK,,,1076.276,60.0,775.803,27.315000000000055,1076.276,60.0,1294.802,54.631999999999834,1322.117,27.31600000000003,1723.434,60.0,0.5364692929424226,0.7640547468591408,0.6881929288869014,0.46353070705757743,0.23594525314085926,1
Geophysical_model648,/home/lyara/areswave/models/Geophysical_model648.nd,nd,UNK,,,1099.754,60.0,900.0,21.49000000000001,1099.754,60.0,1116.4,16.645999999999958,1465.97,116.52299999999991,1680.651,60.0,0.824119230793498,0.6222945470139127,0.6895694416071079,0.17588076920650197,0.3777054529860872,1
AK_model_93,/home/lyara/areswave/models/AK_model_93.nd,nd,UNK,,,1064.542,60.0,770.65,26.718000000000075,1064.542,60.0,1278.281,26.71699999999987,1331.716,53.434999999999945,1701.982,60.0,0.6062926380730526,0.7321331805746688,0.6901863330741301,0.39370736192694744,0.2678668194253312,1
AK_model_22,/home/lyara/areswave/models/AK_model_22.nd,nd,UNK,,,1079.893,60.0,816.324,26.357000000000085,1079.893,60.0,1290.748,52.71399999999994,1317.105,26.35699999999997,1685.402,60.0,0.6823157948887775,0.6948025528425188,0.6906403001912716,0.3176842051112226,0.30519744715748126,1
Geophysical_model717,/home/lyara/areswave/models/Geophysical_model717.nd,nd,UNK,,,916.648,60.0,877.434,180.52700000000004,916.648,60.0,1116.419,16.64799999999991,1499.315,99.88499999999999,1680.704,60.0,0.8621202613830931,0.6050297359838784,0.6907265777836167,0.13787973861690692,0.39497026401612156,1
MD_model26,/home/lyara/areswave/models/MD_model26.nd,nd,UNK,,,1011.624,60.0,870.538,10.077999999999975,1011.624,60.0,1293.796,151.164,1354.261,60.465999999999894,1485.27,60.0,0.2544032245117256,0.9096636857515499,0.6912435320049418,0.7455967754882744,0.09033631424845007,1
Geophysical_model802,/home/lyara/areswave/models/Geophysical_model802.nd,nd,UNK,,,1085.338,60.0,900.0,29.761999999999944,1085.338,60.0,1102.186,16.84900000000016,1456.013,101.09300000000007,1687.991,60.0,0.6790286893583849,0.698217271996882,0.6918210777840496,0.3209713106416151,0.301782728003118,1
Geophysical_model823,/home/lyara/areswave/models/Geophysical_model823.nd,nd,UNK,,,1085.338,60.0,900.0,29.761999999999944,1085.338,60.0,1102.186,16.84900000000016,1456.013,101.09300000000007,1687.991,60.0,0.6790286893583849,0.698217271996882,0.6918210777840496,0.3209713106416151,0.301782728003118,1
CD_model49,/home/lyara/areswave/models/CD_model49.nd,nd,UNK,,,,60.0,,60.0,,60.0,,60.0,,60.0,,60.0,0.36824157013372905,0.8537374512092033,0.6919054908507118,0.631758429866271,0.14626254879079664,1
CD_model48,/home/lyara/areswave/models/CD_model48.nd,nd,UNK,,,,60.0,,60.0,,60.0,,60.0,,60.0,,60.0,0.36824157013372905,0.8537374512092033,0.6919054908507118,0.631758429866271,0.14626254879079664,1
CD_model26,/home/lyara/areswave/models/CD_model26.nd,nd,UNK,,,,60.0,,60.0,,60.0,,60.0,,60.0,,60.0,0.3210350911203331,0.877935042948427,0.6923017256723957,0.6789649088796669,0.12206495705157304,1
Geophysical_model604,/home/lyara/areswave/models/Geophysical_model604.nd,nd,UNK,,,900.0,60.0,900.0,180.015,900.0,60.0,1118.266,33.57899999999995,1487.638,100.73799999999983,1685.847,60.0,0.5890407049271268,0.7455162012604,0.6933577024826422,0.4109592950728732,0.25448379873960003,1
Geophysical_model867,/home/lyara/areswave/models/Geophysical_model867.nd,nd,UNK,,,900.0,60.0,859.276,183.25699999999995,900.0,60.0,1106.522,17.210000000000036,1485.145,86.04999999999995,1502.356,68.83999999999992,0.7306423718030988,0.6765859715070166,0.6946047716057105,0.2693576281969013,0.3234140284929834,1
Geophysical_model919,/home/lyara/areswave/models/Geophysical_model919.nd,nd,UNK,,,900.0,60.0,859.276,183.25699999999995,900.0,60.0,1106.522,17.210000000000036,1485.145,86.04999999999995,1502.356,68.83999999999992,0.7306423718030988,0.6765859715070166,0.6946047716057105,0.2693576281969013,0.3234140284929834,1
CD_model37,/home/lyara/areswave/models/CD_model37.nd,nd,UNK,,,,60.0,,60.0,,60.0,,60.0,,60.0,,60.0,0.2632979744582711,0.9105503119944256,0.6947995328157074,0.7367020255417289,0.08944968800557444,1
MD_model39,/home/lyara/areswave/models/MD_model39.nd,nd,UNK,,,991.477,60.0,715.811,190.846,991.477,60.0,1298.951,31.807999999999993,1362.566,63.61500000000001,1602.381,60.0,0.3200797630772866,0.8822543651884565,0.6948628311513998,0.6799202369227134,0.1177456348115436,1
Geophysical_model601,/home/lyara/areswave/models/Geophysical_model601.nd,nd,UNK,,,916.693,60.0,877.681,178.54899999999998,916.693,60.0,1117.015,33.386000000000195,1484.271,83.46699999999987,1682.363,60.0,0.5982448290723028,0.7435724390493618,0.6951299023903421,0.4017551709276972,0.25642756095063823,1
AK_model_76,/home/lyara/areswave/models/AK_model_76.nd,nd,UNK,,,1050.178,60.0,796.314,25.38600000000008,1050.178,60.0,1278.655,50.77299999999991,1304.041,50.77300000000014,1688.733,60.0,0.7614322066726475,0.6621968693952383,0.6952753151543747,0.23856779332735242,0.3378031306047618,1
Geophysical_model230,/home/lyara/areswave/models/Geophysical_model230.nd,nd,UNK,,,949.483,60.0,900.0,193.52599999999995,949.483,60.0,1114.426,16.494000000000142,1460.805,98.9659999999999,1675.15,60.0,0.8299245073833967,0.6280828965989149,0.6953634335270755,0.17007549261660326,0.3719171034010851,1
AK_model_49,/home/lyara/areswave/models/AK_model_49.nd,nd,UNK,,,1010.726,60.0,802.494,26.028999999999996,1010.726,60.0,1271.017,130.14599999999996,1479.249,26.028999999999996,1688.205,60.0,0.8652314551510485,0.6116432575529454,0.6961726567523131,0.13476854484895154,0.3883567424470547,1
Geophysical_model969,/home/lyara/areswave/models/Geophysical_model969.nd,nd,UNK,,,900.0,60.0,900.0,180.861,900.0,60.0,1106.104,17.174999999999955,1483.961,103.05199999999991,1699.813,60.0,0.8553910942923292,0.6176439958969638,0.696893028695419,0.1446089057076708,0.38235600410303616,1
CD_model42,/home/lyara/areswave/models/CD_model42.nd,nd,UNK,,,,60.0,,60.0,,60.0,,60.0,,60.0,,60.0,0.4602564416682595,0.8161425326013791,0.6975138356236726,0.5397435583317405,0.1838574673986208,1
CD_model2,/home/lyara/areswave/models/CD_model2.nd,nd,UNK,,,,60.0,,60.0,,60.0,,60.0,,60.0,,60.0,0.38714758154181583,0.852861499766562,0.6976235270249799,0.6128524184581842,0.14713850023343794,1
CD_model43,/home/lyara/areswave/models/CD_model43.nd,nd,UNK,,,,60.0,,60.0,,60.0,,60.0,,60.0,,60.0,0.3377265080599574,0.8780864085616088,0.697966441727725,0.6622734919400426,0.12191359143839116,1
CD_model30,/home/lyara/areswave/models/CD_model30.nd,nd,UNK,,,,60.0,,60.0,,60.0,,60.0,,60.0,,60.0,0.3377265080599574,0.8780864085616088,0.697966441727725,0.6622734919400426,0.12191359143839116,1
Geophysical_model799,/home/lyara/areswave/models/Geophysical_model799.nd,nd,UNK,,,933.862,60.0,900.0,186.98699999999997,933.862,60.0,1120.105,33.86200000000008,1492.59,84.65599999999995,1690.97,60.0,0.5571233927315586,0.7684845060054711,0.6980308015808335,0.4428766072684414,0.23151549399452886,1
Geophysical_model41,/home/lyara/areswave/models/Geophysical_model41.nd,nd,UNK,,,949.973,60.0,900.0,192.69399999999996,949.973,60.0,1116.548,16.656999999999925,1449.698,116.60299999999984,1681.061,60.0,0.6612621586707454,0.7175164222951214,0.6987650010869961,0.3387378413292546,0.28248357770487864,1
Geophysical_model459,/home/lyara/areswave/models/Geophysical_model459.nd,nd,UNK,,,966.557,60.0,877.418,180.65499999999997,966.557,60.0,1116.31,16.639000000000124,1465.734,99.83500000000004,1680.4,60.0,0.8347968424772374,0.6315275497873996,0.6992839806840122,0.16520315752276263,0.36847245021260044,1
CD_model33,/home/lyara/areswave/models/CD_model33.nd,nd,UNK,,,,60.0,,60.0,,60.0,,60.0,,60.0,,60.0,0.3825426748920874,0.8578240941771549,0.6993969544154658,0.6174573251079126,0.14217590582284517,1
CD_model69,/home/lyara/areswave/models/CD_model69.nd,nd,UNK,,,,60.0,,60.0,,60.0,,60.0,,60.0,,60.0,0.3173135196878415,0.8910739959001143,0.6998205038293567,0.6826864803121585,0.10892600409988575,1
MD_model93,/home/lyara/areswave/models/MD_model93.nd,nd,UNK,,,1028.365,60.0,811.573,195.11299999999994,1028.365,60.0,1288.514,75.87699999999995,1321.033,21.679000000000087,1639.515,60.0,0.6408312959251107,0.7295666892439947,0.6999882248043666,0.3591687040748893,0.2704333107560053,1
MD_model7,/home/lyara/areswave/models/MD_model7.nd,nd,UNK,,,992.399,60.0,762.376,10.455000000000041,992.399,60.0,1107.411,188.20000000000005,1389.712,188.20100000000002,1605.996,60.0,0.698433827344102,0.7026201251392727,0.7012246925408826,0.301566172655898,0.29737987486072726,1
CD_model32,/home/lyara/areswave/models/CD_model32.nd,nd,UNK,,,,60.0,,60.0,,60.0,,60.0,,60.0,,60.0,0.6001582071717056,0.7518631526909225,0.7012948375178502,0.39984179282829435,0.24813684730907742,1
Geophysical_model773,/home/lyara/areswave/models/Geophysical_model773.nd,nd,UNK,,,900.0,60.0,900.0,177.99300000000005,900.0,60.0,1118.724,33.65000000000009,1488.873,100.94900000000007,1687.125,60.0,0.6727099894092292,0.717078159322316,0.702288769351287,0.32729001059077084,0.282921840677684,1
CD_model15,/home/lyara/areswave/models/CD_model15.nd,nd,UNK,,,,60.0,,60.0,,60.0,,60.0,,60.0,,60.0,0.2961061805597536,0.9057106600124164,0.7025091668615288,0.7038938194402464,0.09428933998758361,1
Geophysical_model572,/home/lyara/areswave/models/Geophysical_model572.nd,nd,UNK,,,1099.901,60.0,900.0,21.404999999999973,1099.901,60.0,1116.56,16.65800000000013,1466.387,116.60899999999992,1681.095,60.0,0.7021274839756548,0.703430786461136,0.7029963522993089,0.29787251602434517,0.29656921353886395,1
AK_model_26,/home/lyara/areswave/models/AK_model_26.nd,nd,UNK,,,1062.407,60.0,796.562,26.585000000000036,1062.407,60.0,1275.083,26.58400000000006,1328.252,53.169000000000096,1697.655,60.0,0.7502461617454388,0.6806073486663602,0.7038202863593863,0.2497538382545612,0.31939265133363975,1
Geophysical_model621,/home/lyara/areswave/models/Geophysical_model621.nd,nd,UNK,,,1098.113,60.0,875.932,48.13499999999999,1098.113,60.0,1114.623,16.509000000000015,1444.812,115.5659999999998,1675.699,60.0,0.6512628146629108,0.7302796267960004,0.7039406894183039,0.3487371853370892,0.26972037320399955,1
MD_model61,/home/lyara/areswave/models/MD_model61.nd,nd,UNK,,,1068.978,60.0,864.088,193.50699999999995,1068.978,60.0,1194.188,193.50700000000006,1399.077,102.44500000000016,1694.611,60.0,0.5952954671847852,0.7592948249200866,0.7046283723416528,0.40470453281521485,0.24070517507991343,1
Geophysical_model651,/home/lyara/areswave/models/Geophysical_model651.nd,nd,UNK,,,900.0,60.0,900.0,22.408999999999992,900.0,60.0,1101.621,16.801999999999907,1488.061,100.81099999999992,1686.284,60.0,0.8472789647826878,0.6342681777185653,0.7052717734066061,0.1527210352173122,0.3657318222814348,1
Geophysical_model938,/home/lyara/areswave/models/Geophysical_model938.nd,nd,UNK,,,1068.438,60.0,900.0,29.464000000000055,1068.438,60.0,1102.126,16.84400000000005,1455.847,117.90700000000015,1687.809,60.0,0.7839698706154278,0.6659619853899632,0.7052979471317847,0.21603012938457222,0.3340380146100368,1
AK_model_4,/home/lyara/areswave/models/AK_model_4.nd,nd,UNK,,,1037.134,60.0,797.074,26.673000000000002,1037.134,60.0,1277.195,80.01999999999998,1303.868,26.673000000000002,1700.523,60.0,0.7264995982600602,0.6963122282334658,0.7063746849089974,0.2735004017399398,0.30368777176653416,1
MD_model24,/home/lyara/areswave/models/MD_model24.nd,nd,UNK,,,1031.407,60.0,893.911,10.575999999999908,1031.407,60.0,1295.822,84.61299999999983,1316.975,95.18900000000008,1609.009,60.0,0.46469918607244054,0.8297068781239537,0.7080376474401161,0.5353008139275595,0.1702931218760463,1
CD_model25,/home/lyara/areswave/models/CD_model25.nd,nd,UNK,,,,60.0,,60.0,,60.0,,60.0,,60.0,,60.0,0.6189242326629967,0.752670552935946,0.7080884461782961,0.3810757673370033,0.24732944706405405,1
Geophysical_model586,/home/lyara/areswave/models/Geophysical_model586.nd,nd,UNK,,,1099.57,60.0,900.0,21.057999999999993,1099.57,60.0,1116.201,16.631000000000085,1465.45,99.78499999999985,1680.096,60.0,0.8813357692623147,0.6217700592740124,0.7082919626034464,0.11866423073768531,0.3782299407259876,1
Geophysical_model527,/home/lyara/areswave/models/Geophysical_model527.nd,nd,UNK,,,966.867,60.0,900.0,178.18499999999995,966.867,60.0,1134.035,33.43399999999997,1485.088,66.86699999999996,1683.208,60.0,0.7521476772454923,0.6867735211684772,0.7085649065274823,0.2478523227545078,0.31322647883152277,1
CD_model57,/home/lyara/areswave/models/CD_model57.nd,nd,UNK,,,,60.0,,60.0,,60.0,,60.0,,60.0,,60.0,0.28196859059933677,0.9222288942279919,0.7088087930184402,0.7180314094006632,0.07777110577200808,1
AK_model_91,/home/lyara/areswave/models/AK_model_91.nd,nd,UNK,,,1074.988,60.0,775.432,27.232999999999947,1074.988,60.0,1292.847,54.46399999999994,1320.08,54.46400000000017,1720.767,60.0,0.4585228584718145,0.8344563134720663,0.7091451618053157,0.5414771415281855,0.1655436865279337,1
Geophysical_model180,/home/lyara/areswave/models/Geophysical_model180.nd,nd,UNK,,,966.993,60.0,856.89,193.99599999999998,966.993,60.0,1117.726,33.496999999999844,1486.187,100.49000000000001,1684.345,60.0,0.8102228304099653,0.6587716635347054,0.7092553858264586,0.18977716959003463,0.34122833646529466,1
Geophysical_model748,/home/lyara/areswave/models/Geophysical_model748.nd,nd,UNK,,,1099.489,60.0,900.0,21.061000000000035,1099.489,60.0,1116.113,16.624000000000024,1465.218,99.74500000000012,1679.849,60.0,0.7821290885640132,0.6739522734941651,0.7100112118507811,0.21787091143598683,0.3260477265058349,1
CD_model74,/home/lyara/areswave/models/CD_model74.nd,nd,UNK,,,,60.0,,60.0,,60.0,,60.0,,60.0,,60.0,0.6113753524973513,0.7595855564854573,0.7101821551560886,0.38862464750264863,0.24041444351454266,1
CD_model85,/home/lyara/areswave/models/CD_model85.nd,nd,UNK,,,,60.0,,60.0,,60.0,,60.0,,60.0,,60.0,0.5192113895623449,0.8078739762336502,0.7116531140098817,0.48078861043765503,0.19212602376634977,1
Geophysical_model692,/home/lyara/areswave/models/Geophysical_model692.nd,nd,UNK,,,1099.489,60.0,900.0,20.90599999999995,1099.489,60.0,1116.113,16.624000000000024,1465.218,99.74500000000012,1679.849,60.0,0.7001502369921893,0.7182147428634579,0.7121932409063684,0.29984976300781074,0.2817852571365421,1
MD_model48,/home/lyara/areswave/models/MD_model48.nd,nd,UNK,,,929.177,60.0,788.375,191.08799999999997,929.177,60.0,1281.18,60.343000000000075,1301.295,60.0,1482.325,61.521999999999935,0.7967398546171229,0.6728635376769228,0.7141556433236561,0.20326014538287712,0.3271364623230773,1
Geophysical_model827,/home/lyara/areswave/models/Geophysical_model827.nd,nd,UNK,,,916.589,60.0,878.476,193.716,916.589,60.0,1115.651,16.588999999999942,1497.188,99.53100000000018,1678.564,60.0,0.7691170396623976,0.6884981274744602,0.7153710982037728,0.2308829603376023,0.31150187252553985,1
MD_model14,/home/lyara/areswave/models/MD_model14.nd,nd,UNK,,,1003.044,60.0,801.326,10.616999999999962,1003.044,60.0,1130.445,138.01800000000003,1321.547,191.10199999999986,1614.289,60.0,0.41626646252883726,0.8654804971277028,0.7157424855947476,0.5837335374711627,0.13451950287229714,1
CD_model77,/home/lyara/areswave/models/CD_model77.nd,nd,UNK,,,,60.0,,60.0,,60.0,,60.0,,60.0,,60.0,0.45053822006915245,0.8498931977067675,0.7167748718275625,0.5494617799308475,0.15010680229323248,1
CD_model28,/home/lyara/areswave/models/CD_model28.nd,nd,UNK,,,,60.0,,60.0,,60.0,,60.0,,60.0,,60.0,0.3488541866364874,0.9007684195140532,0.7167970085548646,0.6511458133635126,0.09923158048594678,1
CD_model75,/home/lyara/areswave/models/CD_model75.nd,nd,UNK,,,,60.0,,60.0,,60.0,,60.0,,60.0,,60.0,0.4153014580542066,0.8676681982031341,0.7168792848201583,0.5846985419457934,0.13233180179686588,1
Geophysical_model999,/home/lyara/areswave/models/Geophysical_model999.nd,nd,UNK,,,1086.489,60.0,900.0,21.298999999999978,1086.489,60.0,1103.443,16.952999999999975,1459.467,118.67499999999995,1691.782,60.0,0.8788675838757354,0.636832274522904,0.7175107109738478,0.12113241612426466,0.36316772547709597,1
AK_model_78,/home/lyara/areswave/models/AK_model_78.nd,nd,UNK,,,1047.5,60.0,794.889,25.260999999999967,1047.5,60.0,1249.589,75.7829999999999,1300.111,50.52299999999991,1683.921,60.0,0.8151545527076254,0.6690247875761455,0.7177347092866387,0.1848454472923746,0.3309752124238546,1
AK_model_43,/home/lyara/areswave/models/AK_model_43.nd,nd,UNK,,,1028.345,60.0,817.934,26.30200000000002,1028.345,60.0,1291.359,105.2059999999999,1475.469,157.80899999999997,1685.454,60.0,0.6894402045037122,0.7330452361015466,0.7185102255689352,0.3105597954962877,0.2669547638984534,1
CD_model54,/home/lyara/areswave/models/CD_model54.nd,nd,UNK,,,,60.0,,60.0,,60.0,,60.0,,60.0,,60.0,0.5830139836570623,0.7873895221548688,0.7192643426555999,0.41698601634293775,0.2126104778451312,1
CD_model93,/home/lyara/areswave/models/CD_model93.nd,nd,UNK,,,,60.0,,60.0,,60.0,,60.0,,60.0,,60.0,0.3155825485265482,0.921180020285112,0.7193141963655908,0.6844174514734518,0.07881997971488792,1
AK_model_37,/home/lyara/areswave/models/AK_model_37.nd,nd,UNK,,,1028.349,60.0,814.506,26.730000000000018,1028.349,60.0,1295.654,106.92200000000003,1482.767,160.38300000000004,1693.426,60.0,0.7946519903105024,0.6821529778300863,0.7196526486568917,0.2053480096894976,0.3178470221699136,1
AK_model_98,/home/lyara/areswave/models/AK_model_98.nd,nd,UNK,,,1045.711,60.0,774.539,27.116999999999962,1045.711,60.0,1289.767,54.23500000000013,1316.884,54.233999999999924,1716.731,60.0,0.757782657218558,0.7028057537442189,0.7211313882356652,0.24221734278144197,0.2971942462557811,1
Geophysical_model718,/home/lyara/areswave/models/Geophysical_model718.nd,nd,UNK,,,933.856,60.0,900.0,185.09900000000005,933.856,60.0,1120.061,33.855999999999995,1492.472,84.6389999999999,1690.849,60.0,0.7288897463370527,0.7172691362504755,0.7211426729460012,0.27111025366294733,0.28273086374952444,1
CD_model66,/home/lyara/areswave/models/CD_model66.nd,nd,UNK,,,,60.0,,60.0,,60.0,,60.0,,60.0,,60.0,0.35369199793178574,0.9062206196394452,0.7220444124035588,0.6463080020682143,0.0937793803605548,1
Geophysical_model298,/home/lyara/areswave/models/Geophysical_model298.nd,nd,UNK,,,950.621,60.0,900.0,193.21500000000003,950.621,60.0,1119.357,33.74700000000007,1439.955,118.11599999999999,1688.886,60.0,0.8807951560969293,0.6429986605477234,0.7222641590641253,0.11920484390307072,0.3570013394522767,1
Geophysical_model577,/home/lyara/areswave/models/Geophysical_model577.nd,nd,UNK,,,1099.625,60.0,900.0,21.533000000000015,1099.625,60.0,1116.26,16.635999999999967,1465.604,99.81200000000013,1680.261,60.0,0.8563645934199969,0.6563593799420742,0.723027784434715,0.1436354065800031,0.34364062005792584,1
Geophysical_model528,/home/lyara/areswave/models/Geophysical_model528.nd,nd,UNK,,,933.804,60.0,900.0,181.16899999999998,933.804,60.0,1119.729,33.80400000000009,1491.578,84.51099999999997,1689.924,60.0,0.6849192612259772,0.7426761546763696,0.7234238568595721,0.31508073877402276,0.25732384532363034,1
Geophysical_model581,/home/lyara/areswave/models/Geophysical_model581.nd,nd,UNK,,,916.965,60.0,900.0,195.10299999999995,916.965,60.0,1120.539,33.92899999999986,1493.758,84.82200000000012,1692.179,60.0,0.7149545032167618,0.7283210989485742,0.72386556703797,0.2850454967832382,0.2716789010514258,1
Geophysical_model751,/home/lyara/areswave/models/Geophysical_model751.nd,nd,UNK,,,1050.167,60.0,900.0,21.375999999999976,1050.167,60.0,1100.223,33.371000000000095,1483.984,100.11099999999988,1682.066,60.0,0.684159374581464,0.7442051936990055,0.7241899206598251,0.315840625418536,0.25579480630099455,1
Geophysical_model760,/home/lyara/areswave/models/Geophysical_model760.nd,nd,UNK,,,1050.167,60.0,900.0,21.375999999999976,1050.167,60.0,1100.223,33.371000000000095,1483.984,100.11099999999988,1682.066,60.0,0.684159374581464,0.7442051936990055,0.7241899206598251,0.315840625418536,0.25579480630099455,1
Geophysical_model676,/home/lyara/areswave/models/Geophysical_model676.nd,nd,UNK,,,1050.167,60.0,900.0,21.375999999999976,1050.167,60.0,1100.223,33.371000000000095,1483.984,100.11099999999988,1682.066,60.0,0.684159374581464,0.7442051936990055,0.7241899206598251,0.315840625418536,0.25579480630099455,1
Geophysical_model677,/home/lyara/areswave/models/Geophysical_model677.nd,nd,UNK,,,1050.167,60.0,900.0,21.375999999999976,1050.167,60.0,1100.223,33.371000000000095,1483.984,100.11099999999988,1682.066,60.0,0.684159374581464,0.7442051936990055,0.7241899206598251,0.315840625418536,0.25579480630099455,1
Geophysical_model92,/home/lyara/areswave/models/Geophysical_model92.nd,nd,UNK,,,983.004,60.0,878.65,192.14800000000002,983.004,60.0,1115.809,16.601000000000113,1497.625,99.60400000000004,1679.004,60.0,0.8922287815639326,0.6403383869774453,0.7243018518396077,0.10777121843606738,0.35966161302255467,1
Geophysical_model286,/home/lyara/areswave/models/Geophysical_model286.nd,nd,UNK,,,949.973,60.0,900.0,197.89099999999996,949.973,60.0,1116.548,16.656999999999925,1449.698,99.94499999999994,1681.061,60.0,0.6996868516692574,0.7374253093160081,0.7248458234337578,0.30031314833074263,0.2625746906839918,1
Geophysical_model426,/home/lyara/areswave/models/Geophysical_model426.nd,nd,UNK,,,967.872,60.0,900.0,180.24099999999999,967.872,60.0,1120.585,33.937000000000126,1459.948,101.80899999999997,1692.31,60.0,0.8486779670699836,0.6636149002038496,0.7253025891592276,0.15132203293001642,0.3363850997961504,1
Geophysical_model251,/home/lyara/areswave/models/Geophysical_model251.nd,nd,UNK,,,967.872,60.0,900.0,180.24099999999999,967.872,60.0,1120.585,33.937000000000126,1459.948,101.80899999999997,1692.31,60.0,0.8486779670699836,0.6636149002038496,0.7253025891592276,0.15132203293001642,0.3363850997961504,1
CD_model62,/home/lyara/areswave/models/CD_model62.nd,nd,UNK,,,,60.0,,60.0,,60.0,,60.0,,60.0,,60.0,0.3943583228005676,0.8916790439087434,0.7259054702060181,0.6056416771994324,0.1083209560912566,1
AK_model_31,/home/lyara/areswave/models/AK_model_31.nd,nd,UNK,,,1063.166,60.0,823.564,26.622999999999934,1063.166,60.0,1276.145,26.623000000000047,1329.39,53.24499999999989,1699.028,60.0,0.8950082102666332,0.6417268275163578,0.726153955099783,0.10499178973336672,0.3582731724836422,1
Geophysical_model954,/home/lyara/areswave/models/Geophysical_model954.nd,nd,UNK,,,900.0,60.0,900.0,187.087,900.0,60.0,1116.17,16.62799999999993,1448.739,116.40000000000009,1680.009,60.0,0.8102691664448365,0.6841366538353655,0.7261808247051892,0.18973083355516354,0.3158633461646346,1
Geophysical_model68,/home/lyara/areswave/models/Geophysical_model68.nd,nd,UNK,,,933.76,60.0,900.0,182.039,933.76,60.0,1102.557,16.87999999999988,1440.153,101.27800000000002,1689.11,60.0,0.7677778795643109,0.705750063775441,0.7264260023717309,0.2322221204356891,0.29424993622455897,1
AK_model_60,/home/lyara/areswave/models/AK_model_60.nd,nd,UNK,,,997.761,60.0,820.36,25.34299999999996,997.761,60.0,1175.162,101.37199999999984,1352.562,25.343000000000075,1686.32,60.0,0.6571741979653347,0.7613084125859114,0.7265970077123859,0.34282580203466523,0.2386915874140886,1
CD_model60,/home/lyara/areswave/models/CD_model60.nd,nd,UNK,,,,60.0,,60.0,,60.0,,60.0,,60.0,,60.0,0.34946500055866303,0.9152078317896655,0.7266268880459981,0.650534999441337,0.08479216821033456,1
MD_model6,/home/lyara/areswave/models/MD_model6.nd,nd,UNK,,,984.528,60.0,728.132,10.255999999999972,984.528,60.0,1107.599,184.60500000000002,1384.507,102.5590000000002,1507.577,60.0,0.7498847536205808,0.7157587732313087,0.7271341000277327,0.2501152463794191,0.2842412267686913,1
CD_model47,/home/lyara/areswave/models/CD_model47.nd,nd,UNK,,,,60.0,,60.0,,60.0,,60.0,,60.0,,60.0,0.4134387393296539,0.8850760456594822,0.727863610216206,0.5865612606703461,0.11492395434051783,1
MD_model59,/home/lyara/areswave/models/MD_model59.nd,nd,UNK,,,935.775,60.0,826.829,79.23300000000006,935.775,60.0,1262.612,69.33000000000015,1302.229,39.615999999999985,1470.6,61.90000000000009,0.544061264472392,0.8207894110308226,0.7285466955113457,0.455938735527608,0.17921058896917738,1
MD_model1,/home/lyara/areswave/models/MD_model1.nd,nd,UNK,,,998.962,60.0,781.126,10.372999999999934,998.962,60.0,1102.693,197.08999999999992,1445.007,186.7170000000001,1598.079,60.0,0.3798173384187685,0.9041304067535518,0.7293593839752908,0.6201826615812315,0.09586959324644821,1
AK_model_77,/home/lyara/areswave/models/AK_model_77.nd,nd,UNK,,,1027.629,60.0,797.873,25.527999999999906,1027.629,60.0,1282.914,76.58600000000001,1308.442,25.52800000000002,1694.139,60.0,0.7648969734413832,0.7117478197766227,0.7294642043315429,0.23510302655861678,0.28825218022337723,1
Geophysical_model261,/home/lyara/areswave/models/Geophysical_model261.nd,nd,UNK,,,983.358,60.0,900.0,178.32600000000002,983.358,60.0,1116.73,33.343000000000075,1483.504,100.02999999999997,1681.569,60.0,0.7705536600919417,0.7091872179839034,0.7296426986865828,0.22944633990805832,0.29081278201609667,1
Geophysical_model153,/home/lyara/areswave/models/Geophysical_model153.nd,nd,UNK,,,983.358,60.0,900.0,178.32600000000002,983.358,60.0,1116.73,33.343000000000075,1483.504,100.02999999999997,1681.569,60.0,0.7705536600919417,0.7091872179839034,0.7296426986865828,0.22944633990805832,0.29081278201609667,1
Geophysical_model890,/home/lyara/areswave/models/Geophysical_model890.nd,nd,UNK,,,917.024,60.0,877.908,198.82600000000002,917.024,60.0,1121.318,34.04899999999998,1495.857,102.14699999999993,1694.351,60.0,0.7130420530625519,0.7384248253498145,0.7299639012540603,0.2869579469374481,0.26157517465018554,1
Geophysical_model519,/home/lyara/areswave/models/Geophysical_model519.nd,nd,UNK,,,917.024,60.0,877.908,198.82600000000002,917.024,60.0,1121.318,34.04899999999998,1495.857,102.14699999999993,1694.351,60.0,0.7130420530625519,0.7384248253498145,0.7299639012540603,0.2869579469374481,0.26157517465018554,1
AK_model_47,/home/lyara/areswave/models/AK_model_47.nd,nd,UNK,,,1007.565,60.0,771.239,26.258000000000038,1007.565,60.0,1270.15,131.29199999999992,1480.218,26.259000000000015,1689.744,60.0,0.9108251796293215,0.6399078719281177,0.7302136411618524,0.08917482037067846,0.36009212807188223,1
CD_model8,/home/lyara/areswave/models/CD_model8.nd,nd,UNK,,,,60.0,,60.0,,60.0,,60.0,,60.0,,60.0,0.4135320397607074,0.889637166854391,0.730935457823163,0.5864679602392926,0.11036283314560907,1
Geophysical_model260,/home/lyara/areswave/models/Geophysical_model260.nd,nd,UNK,,,982.805,60.0,860.802,195.98800000000006,982.805,60.0,1115.292,16.56100000000015,1496.194,99.36500000000001,1677.564,60.0,0.8556080115258545,0.6690486701473299,0.7312351172735049,0.14439198847414547,0.33095132985267006,1
CD_model53,/home/lyara/areswave/models/CD_model53.nd,nd,UNK,,,,60.0,,60.0,,60.0,,60.0,,60.0,,60.0,0.5503011735073493,0.8217259935117769,0.7312510535103011,0.4496988264926507,0.1782740064882231,1
MD_model80,/home/lyara/areswave/models/MD_model80.nd,nd,UNK,,,1000.561,60.0,786.005,10.216999999999985,1000.561,60.0,1164.033,194.12200000000007,1429.673,163.471,1571.993,60.0,0.48195774224783083,0.8563082366833485,0.7315247385381759,0.5180422577521692,0.14369176331665148,1
AK_model_3,/home/lyara/areswave/models/AK_model_3.nd,nd,UNK,,,1022.298,60.0,814.479,51.95500000000004,1022.298,60.0,1282.072,103.90999999999985,1308.049,25.978000000000065,1673.821,60.0,0.7967052257667899,0.6996402712786178,0.7319952561080085,0.2032947742332101,0.3003597287213822,1
CD_model88,/home/lyara/areswave/models/CD_model88.nd,nd,UNK,,,,60.0,,60.0,,60.0,,60.0,,60.0,,60.0,0.4550064499414529,0.870862120625364,0.732243563730727,0.5449935500585471,0.129137879374636,1
Geophysical_model804,/home/lyara/areswave/models/Geophysical_model804.nd,nd,UNK,,,900.0,60.0,900.0,59.59699999999998,900.0,60.0,1101.608,33.60100000000011,1488.023,100.80399999999986,1686.245,60.0,0.7023202566742723,0.7480417910153467,0.732801279568322,0.29767974332572766,0.2519582089846533,1
Geophysical_model777,/home/lyara/areswave/models/Geophysical_model777.nd,nd,UNK,,,900.0,60.0,900.0,59.59699999999998,900.0,60.0,1101.608,33.60100000000011,1488.023,100.80399999999986,1686.245,60.0,0.7023202566742723,0.7480417910153467,0.732801279568322,0.29767974332572766,0.2519582089846533,1
AK_model_71,/home/lyara/areswave/models/AK_model_71.nd,nd,UNK,,,1027.518,60.0,797.261,25.58400000000006,1027.518,60.0,1283.359,76.75199999999995,1308.944,25.58400000000006,1695.121,60.0,0.744470872417057,0.7273759209787654,0.7330742381248626,0.25552912758294294,0.27262407902123464,1
Geophysical_model934,/home/lyara/areswave/models/Geophysical_model934.nd,nd,UNK,,,950.013,60.0,900.0,182.27999999999997,950.013,60.0,1133.396,33.3420000000001,1483.489,66.68399999999997,1681.554,60.0,0.6896066938935819,0.7555355205307308,0.7335592449850145,0.3103933061064181,0.2444644794692692,1
Geophysical_model127,/home/lyara/areswave/models/Geophysical_model127.nd,nd,UNK,,,916.861,60.0,900.0,181.87,916.861,60.0,1102.329,16.860000000000127,1439.543,101.16399999999999,1688.421,60.0,0.7186879428368897,0.7419763040904065,0.7342135170059009,0.28131205716311025,0.2580236959095935,1
MD_model95,/home/lyara/areswave/models/MD_model95.nd,nd,UNK,,,1010.926,60.0,859.539,10.812999999999988,1010.926,60.0,1248.82,140.57400000000007,1356.954,194.6400000000001,1642.275,60.0,0.621507532164659,0.7910859663208714,0.7345598216021338,0.37849246783534096,0.20891403367912867,1
AK_model_32,/home/lyara/areswave/models/AK_model_32.nd,nd,UNK,,,1041.652,60.0,799.091,26.951000000000022,1041.652,60.0,1284.214,53.90300000000002,1311.165,53.90300000000002,1709.879,60.0,0.798408865879545,0.7029708788694686,0.7347835412061606,0.20159113412045507,0.2970291211305313,1
Geophysical_model756,/home/lyara/areswave/models/Geophysical_model756.nd,nd,UNK,,,949.989,60.0,900.0,199.91499999999996,949.989,60.0,1116.619,16.66300000000001,1483.204,83.31500000000005,1681.259,60.0,0.7093125890850597,0.7481067511816608,0.735175363816127,0.2906874109149403,0.25189324881833913,1
CD_model52,/home/lyara/areswave/models/CD_model52.nd,nd,UNK,,,,60.0,,60.0,,60.0,,60.0,,60.0,,60.0,0.44443278358484284,0.881733821195165,0.7359668086583909,0.5555672164151572,0.11826617880483503,1
CD_model87,/home/lyara/areswave/models/CD_model87.nd,nd,UNK,,,,60.0,,60.0,,60.0,,60.0,,60.0,,60.0,0.5169024289750648,0.8459385217160231,0.7362598241357037,0.4830975710249353,0.1540614782839769,1
Geophysical_model442,/home/lyara/areswave/models/Geophysical_model442.nd,nd,UNK,,,949.524,60.0,900.0,193.25699999999995,949.524,60.0,1114.604,16.509000000000015,1461.273,99.048,1675.648,60.0,0.7529148006673756,0.7287157710326027,0.7367821142441936,0.24708519933262435,0.27128422896739735,1
Geophysical_model824,/home/lyara/areswave/models/Geophysical_model824.nd,nd,UNK,,,900.0,60.0,900.0,188.077,900.0,60.0,1115.838,16.60200000000009,1464.498,116.22000000000003,1679.083,60.0,0.7118410277833125,0.7493136083128034,0.7368227481363064,0.28815897221668757,0.2506863916871966,1
CD_model18,/home/lyara/areswave/models/CD_model18.nd,nd,UNK,,,,60.0,,60.0,,60.0,,60.0,,60.0,,60.0,0.42539311524926415,0.8929385217135924,0.7370900528921497,0.5746068847507358,0.10706147828640758,1
MD_model46,/home/lyara/areswave/models/MD_model46.nd,nd,UNK,,,1043.145,60.0,863.077,90.03399999999999,1043.145,60.0,1283.235,60.02300000000014,1333.254,10.004000000000133,1483.311,61.49000000000001,0.6716020091260169,0.7706239707635307,0.7376166502176927,0.3283979908739832,0.22937602923646924,1
MD_model9,/home/lyara/areswave/models/MD_model9.nd,nd,UNK,,,993.358,60.0,779.806,10.169000000000096,993.358,60.0,1156.065,193.21399999999994,1430.632,172.87599999999998,1501.816,60.0,0.8718217469003028,0.6712079066743686,0.73807918674968,0.12817825309969724,0.3287920933256314,1
Geophysical_model979,/home/lyara/areswave/models/Geophysical_model979.nd,nd,UNK,,,916.648,60.0,877.439,180.48900000000003,916.648,60.0,1116.419,16.64799999999991,1482.668,99.88499999999999,1680.704,60.0,0.6917599103136582,0.7614722081278902,0.7382347755231461,0.3082400896863418,0.2385277918721098,1
AK_model_95,/home/lyara/areswave/models/AK_model_95.nd,nd,UNK,,,1073.564,60.0,774.981,27.144000000000005,1073.564,60.0,1290.715,27.144000000000005,1345.002,54.28800000000001,1717.883,60.0,0.7302604173044864,0.7424587766340287,0.7383926568575147,0.26973958269551357,0.2575412233659713,1
MD_model98,/home/lyara/areswave/models/MD_model98.nd,nd,UNK,,,964.445,60.0,700.606,189.96400000000006,964.445,60.0,1270.498,42.21499999999992,1333.82,105.53599999999983,1604.395,60.0,0.4297131899451734,0.8939389196465516,0.7391970097460921,0.5702868100548266,0.10606108035344841,1
Geophysical_model416,/home/lyara/areswave/models/Geophysical_model416.nd,nd,UNK,,,965.961,60.0,900.0,191.53599999999994,965.961,60.0,1114.373,16.490999999999985,1460.669,98.94200000000001,1675.004,60.0,0.748768395727222,0.734932704240074,0.7395446014024566,0.25123160427277796,0.26506729575992605,1
Geophysical_model509,/home/lyara/areswave/models/Geophysical_model509.nd,nd,UNK,,,1088.067,60.0,900.0,20.653999999999996,1088.067,60.0,1105.164,17.09699999999998,1464.2,119.67900000000009,1696.976,60.0,0.8857724498631799,0.6673534314854015,0.7401597709446609,0.1142275501368201,0.33264656851459845,1
MD_model47,/home/lyara/areswave/models/MD_model47.nd,nd,UNK,,,962.295,60.0,707.928,185.88300000000004,962.295,60.0,1294.928,39.13300000000004,1343.845,48.91599999999994,1504.511,251.3320000000001,0.6030521301136424,0.8089805428417763,0.7403377385990652,0.39694786988635755,0.1910194571582237,1
Geophysical_model116,/home/lyara/areswave/models/Geophysical_model116.nd,nd,UNK,,,933.558,60.0,900.0,194.47400000000005,933.558,60.0,1101.346,16.778999999999996,1436.922,100.673,1685.455,60.0,0.7161586314083463,0.7539888284660643,0.7413787627801582,0.28384136859165365,0.24601117153393567,1
CD_model76,/home/lyara/areswave/models/CD_model76.nd,nd,UNK,,,,60.0,,60.0,,60.0,,60.0,,60.0,,60.0,0.3409571396757396,0.9424929791036064,0.7419810326276508,0.6590428603242604,0.05750702089639361,1
MD_model5,/home/lyara/areswave/models/MD_model5.nd,nd,UNK,,,982.978,60.0,734.96,10.33400000000006,982.978,60.0,1106.988,10.333999999999833,1406.677,62.003999999999905,1580.647,60.0,0.6564298978811351,0.7852427603767422,0.7423051395448731,0.3435701021188649,0.21475723962325777,1
CD_model99,/home/lyara/areswave/models/CD_model99.nd,nd,UNK,,,,60.0,,60.0,,60.0,,60.0,,60.0,,60.0,0.4338112246205199,0.8967358751036468,0.7424276582759379,0.5661887753794801,0.10326412489635321,1
Geophysical_model589,/home/lyara/areswave/models/Geophysical_model589.nd,nd,UNK,,,1086.489,60.0,900.0,21.26400000000001,1086.489,60.0,1103.443,16.952999999999975,1459.467,118.67499999999995,1691.782,60.0,0.7395803562668536,0.7447606128846158,0.743033860678695,0.2604196437331464,0.25523938711538424,1
Geophysical_model281,/home/lyara/areswave/models/Geophysical_model281.nd,nd,UNK,,,999.737,60.0,878.076,197.31600000000003,999.737,60.0,1116.097,16.623000000000047,1465.176,99.73700000000008,1679.805,60.0,0.8764559090972718,0.6777557394614452,0.7439891293400541,0.12354409090272823,0.3222442605385548,1
Geophysical_model622,/home/lyara/areswave/models/Geophysical_model622.nd,nd,UNK,,,933.416,60.0,900.0,184.26800000000003,933.416,60.0,1117.203,33.41600000000017,1484.777,83.53999999999996,1682.887,60.0,0.8412770057352053,0.6957019115893316,0.7442269429712894,0.15872299426479475,0.3042980884106684,1
CD_model34,/home/lyara/areswave/models/CD_model34.nd,nd,UNK,,,,60.0,,60.0,,60.0,,60.0,,60.0,,60.0,0.4367075462231088,0.8981506461911638,0.7443362795351455,0.5632924537768912,0.10184935380883622,1
CD_model46,/home/lyara/areswave/models/CD_model46.nd,nd,UNK,,,,60.0,,60.0,,60.0,,60.0,,60.0,,60.0,0.41394774730817385,0.9103343039403878,0.7448721183963164,0.5860522526918261,0.08966569605961215,1
CD_model45,/home/lyara/areswave/models/CD_model45.nd,nd,UNK,,,,60.0,,60.0,,60.0,,60.0,,60.0,,60.0,0.41394774730817385,0.9103343039403878,0.7448721183963164,0.5860522526918261,0.08966569605961215,1
AK_model_45,/home/lyara/areswave/models/AK_model_45.nd,nd,UNK,,,1013.382,60.0,800.038,26.66700000000003,1013.382,60.0,1280.062,106.6719999999998,1493.405,26.667999999999893,1703.13,60.0,0.718595725200736,0.7582425181017082,0.7450269204680507,0.28140427479926394,0.24175748189829183,1
CD_model40,/home/lyara/areswave/models/CD_model40.nd,nd,UNK,,,,60.0,,60.0,,60.0,,60.0,,60.0,,60.0,0.39005362637303564,0.9226279219857372,0.7451031567815033,0.6099463736269644,0.07737207801426285,1
Geophysical_model895,/home/lyara/areswave/models/Geophysical_model895.nd,nd,UNK,,,900.0,60.0,900.0,197.88099999999997,900.0,60.0,1104.246,17.019999999999982,1461.676,102.12300000000005,1694.206,60.0,0.7243913307908043,0.7570208345310079,0.7461443332842733,0.27560866920919574,0.24297916546899212,1
CD_model1,/home/lyara/areswave/models/CD_model1.nd,nd,UNK,,,,60.0,,60.0,,60.0,,60.0,,60.0,,60.0,0.46365292236695943,0.8878490001110808,0.746450307529707,0.5363470776330406,0.1121509998889192,1
CD_model64,/home/lyara/areswave/models/CD_model64.nd,nd,UNK,,,,60.0,,60.0,,60.0,,60.0,,60.0,,60.0,0.46365292236695943,0.8878490001110808,0.746450307529707,0.5363470776330406,0.1121509998889192,1
Geophysical_model684,/home/lyara/areswave/models/Geophysical_model684.nd,nd,UNK,,,900.0,60.0,900.0,21.480000000000018,900.0,60.0,1116.854,33.36200000000008,1483.837,100.08699999999999,1681.914,60.0,0.7029286198737468,0.7685180247749015,0.74665488980785,0.29707138012625317,0.2314819752250985,1
CD_model71,/home/lyara/areswave/models/CD_model71.nd,nd,UNK,,,,60.0,,60.0,,60.0,,60.0,,60.0,,60.0,0.5131471910285159,0.864128992872515,0.7471350589245153,0.48685280897148403,0.135871007127485,1
MD_model30,/home/lyara/areswave/models/MD_model30.nd,nd,UNK,,,1031.761,60.0,887.465,10.307000000000016,1031.761,60.0,1279.127,154.60400000000004,1330.661,61.84199999999987,1586.589,60.0,0.8513951381464222,0.6954550392706258,0.7474350722292247,0.14860486185357777,0.30454496072937426,1
AK_model_89,/home/lyara/areswave/models/AK_model_89.nd,nd,UNK,,,1067.757,60.0,799.181,26.85699999999997,1067.757,60.0,1282.617,26.85699999999997,1336.333,53.715000000000146,1707.44,60.0,0.8975745776313692,0.6723908141384362,0.7474520686360805,0.10242542236863084,0.32760918586156385,1
CD_model65,/home/lyara/areswave/models/CD_model65.nd,nd,UNK,,,,60.0,,60.0,,60.0,,60.0,,60.0,,60.0,0.48280697308001774,0.8800950946337982,0.7476657207825381,0.5171930269199823,0.11990490536620174,1
AK_model_54,/home/lyara/areswave/models/AK_model_54.nd,nd,UNK,,,1017.898,60.0,837.887,25.715999999999894,1017.898,60.0,1172.194,102.86400000000003,1377.921,25.715000000000146,1664.88,60.0,0.8602543982469881,0.6919891738562232,0.7480775819864781,0.13974560175301184,0.3080108261437768,1
CD_model27,/home/lyara/areswave/models/CD_model27.nd,nd,UNK,,,,60.0,,60.0,,60.0,,60.0,,60.0,,60.0,0.605308849297812,0.8196003519454316,0.7481698510628917,0.3946911507021879,0.18039964805456843,1
CD_model38,/home/lyara/areswave/models/CD_model38.nd,nd,UNK,,,,60.0,,60.0,,60.0,,60.0,,60.0,,60.0,0.5796343065001672,0.8356366338044567,0.7503025247030269,0.4203656934998327,0.1643633661955433,1
Geophysical_model834,/home/lyara/areswave/models/Geophysical_model834.nd,nd,UNK,,,1088.334,60.0,900.0,20.67100000000005,1088.334,60.0,1105.456,17.121000000000095,1465.003,102.72800000000007,1697.857,60.0,0.7768560089556547,0.7376396456090923,0.7507117667246131,0.22314399104434535,0.2623603543909076,1
MD_model86,/home/lyara/areswave/models/MD_model86.nd,nd,UNK,,,1096.037,60.0,822.973,196.606,1096.037,60.0,1128.805,10.923000000000002,1358.179,98.30299999999988,1635.11,60.0,0.5435374216673936,0.8545167529342179,0.7508569758452764,0.4564625783326064,0.14548324706578203,1
Geophysical_model138,/home/lyara/areswave/models/Geophysical_model138.nd,nd,UNK,,,982.921,60.0,900.0,196.41899999999998,982.921,60.0,1115.594,16.58400000000006,1463.861,116.08899999999994,1678.405,60.0,0.8905153021235415,0.6810384585314726,0.7508640730621622,0.10948469787645859,0.31896154146852745,1
Geophysical_model877,/home/lyara/areswave/models/Geophysical_model877.nd,nd,UNK,,,933.943,60.0,879.36,185.76099999999997,933.943,60.0,1120.631,33.942999999999984,1477.036,84.85800000000017,1692.437,60.0,0.7516230469114717,0.7507365047822255,0.7510320188253076,0.24837695308852828,0.24926349521777447,1
Geophysical_model715,/home/lyara/areswave/models/Geophysical_model715.nd,nd,UNK,,,900.0,60.0,900.0,180.03999999999996,900.0,60.0,1118.266,33.57899999999995,1470.849,100.73799999999983,1685.847,60.0,0.7997623799338299,0.7268641510740634,0.7511635606939856,0.2002376200661701,0.27313584892593656,1
Geophysical_model618,/home/lyara/areswave/models/Geophysical_model618.nd,nd,UNK,,,933.862,60.0,900.0,186.58500000000004,933.862,60.0,1120.105,33.86200000000008,1492.59,84.65599999999995,1690.97,60.0,0.8002023867688857,0.7277797542293294,0.7519206317425148,0.1997976132311143,0.27222024577067067,1
MD_model69,/home/lyara/areswave/models/MD_model69.nd,nd,UNK,,,1009.071,60.0,829.529,10.561000000000035,1009.071,60.0,1135.807,137.29599999999982,1347.033,190.10400000000004,1617.331,60.0,0.8917715147649815,0.6831913278348638,0.7527180568115698,0.1082284852350185,0.31680867216513625,1
MD_model4,/home/lyara/areswave/models/MD_model4.nd,nd,UNK,,,994.529,60.0,768.899,10.255999999999972,994.529,60.0,1117.601,164.09400000000005,1394.511,194.86299999999983,1507.326,60.71499999999992,0.6773404189836365,0.7907501515012776,0.7529469073287306,0.32265958101636344,0.2092498484987224,1
Geophysical_model436,/home/lyara/areswave/models/Geophysical_model436.nd,nd,UNK,,,949.631,60.0,900.0,190.808,949.631,60.0,1115.067,16.544000000000096,1462.484,99.26199999999994,1676.937,60.0,0.8853773270415752,0.6901307286551953,0.7552129281173219,0.11462267295842474,0.3098692713448047,1
Geophysical_model401,/home/lyara/areswave/models/Geophysical_model401.nd,nd,UNK,,,933.558,60.0,900.0,195.534,933.558,60.0,1101.346,16.778999999999996,1436.922,117.452,1685.455,60.0,0.8416147950089952,0.7129906935903148,0.7558653940632082,0.1583852049910048,0.2870093064096852,1
Geophysical_model553,/home/lyara/areswave/models/Geophysical_model553.nd,nd,UNK,,,900.0,60.0,900.0,178.562,900.0,60.0,1118.724,33.65000000000009,1472.049,100.94900000000007,1687.125,60.0,0.8867327960582468,0.6910712223539708,0.7562917469220628,0.11326720394175317,0.3089287776460293,1
Geophysical_model822,/home/lyara/areswave/models/Geophysical_model822.nd,nd,UNK,,,933.261,60.0,876.904,184.765,933.261,60.0,1116.199,16.630999999999858,1482.075,99.78399999999988,1680.091,60.0,0.8104388576408046,0.7293020845596359,0.7563476755866921,0.18956114235919538,0.27069791544036415,1
Geophysical_model259,/home/lyara/areswave/models/Geophysical_model259.nd,nd,UNK,,,984.104,60.0,876.799,185.60500000000002,984.104,60.0,1118.67,33.641000000000076,1488.726,100.9240000000002,1686.973,60.0,0.9028934104912406,0.6837125127869351,0.7567728120217035,0.09710658950875938,0.3162874872130649,1
MD_model17,/home/lyara/areswave/models/MD_model17.nd,nd,UNK,,,1094.831,60.0,723.03,196.836,1094.831,60.0,1193.249,185.89999999999986,1411.956,98.41799999999989,1645.069,60.0,0.5415480819534461,0.8646223774850015,0.7569309456411496,0.45845191804655394,0.13537762251499855,1
MD_model12,/home/lyara/areswave/models/MD_model12.nd,nd,UNK,,,998.179,60.0,812.363,10.322999999999979,998.179,60.0,1183.995,165.16999999999985,1442.073,185.81600000000003,1584.814,60.0,0.5714076457575583,0.849720150815302,0.7569493157960542,0.42859235424244163,0.15027984918469797,1
CD_model7,/home/lyara/areswave/models/CD_model7.nd,nd,UNK,,,,60.0,,60.0,,60.0,,60.0,,60.0,,60.0,0.6301269876967209,0.8209195929871251,0.7573220578903238,0.36987301230327907,0.17908040701287486,1
Geophysical_model510,/home/lyara/areswave/models/Geophysical_model510.nd,nd,UNK,,,1083.742,60.0,900.0,21.40300000000002,1083.742,60.0,1100.446,16.70400000000018,1484.635,100.22299999999996,1682.74,60.0,0.8551487588837587,0.7086737284735127,0.7574987386102614,0.14485124111624129,0.29132627152648727,1
Geophysical_model514,/home/lyara/areswave/models/Geophysical_model514.nd,nd,UNK,,,916.991,60.0,878.264,195.62300000000005,916.991,60.0,1120.887,33.98299999999995,1494.697,84.95699999999988,1693.151,60.0,0.8033750703858662,0.7347057746405854,0.7575955398890123,0.19662492961413378,0.26529422535941466,1
MD_model99,/home/lyara/areswave/models/MD_model99.nd,nd,UNK,,,994.256,60.0,719.122,190.4770000000001,994.256,60.0,1290.553,31.746000000000095,1332.882,84.65699999999993,1604.038,60.0,0.5704662667980409,0.8517566984916295,0.7579932212604333,0.4295337332019591,0.14824330150837053,1
Geophysical_model927,/home/lyara/areswave/models/Geophysical_model927.nd,nd,UNK,,,933.844,60.0,879.592,183.668,933.844,60.0,1119.984,33.84400000000005,1492.265,84.60900000000015,1690.635,60.0,0.6157000453498904,0.8294680243640331,0.7582120313593189,0.38429995465010963,0.17053197563596695,1
MD_model67,/home/lyara/areswave/models/MD_model67.nd,nd,UNK,,,988.648,60.0,733.806,10.617999999999938,988.648,60.0,1105.451,10.617999999999938,1424.004,31.855000000000018,1620.994,60.0,0.6183035577086489,0.8287157793415333,0.7585783721305718,0.3816964422913512,0.1712842206584667,1
MD_model91,/home/lyara/areswave/models/MD_model91.nd,nd,UNK,,,1010.241,60.0,823.126,10.394999999999982,1010.241,60.0,1155.775,155.93000000000006,1301.31,166.32400000000007,1600.05,60.0,0.5051373707406224,0.8860764245412072,0.7590967399410123,0.4948626292593777,0.11392357545879284,1
AK_model_94,/home/lyara/areswave/models/AK_model_94.nd,nd,UNK,,,1080.51,60.0,778.064,27.495000000000005,1080.51,60.0,1272.975,27.49499999999989,1327.965,54.99000000000001,1730.529,60.0,0.6726976685846382,0.8026086480613119,0.759304988235754,0.32730233141536186,0.19739135193868812,1
Geophysical_model435,/home/lyara/areswave/models/Geophysical_model435.nd,nd,UNK,,,949.68,60.0,900.0,189.86900000000003,949.68,60.0,1115.279,16.559999999999945,1463.038,99.3599999999999,1677.528,60.0,0.8493670661080261,0.7143887764657613,0.7593815396798496,0.15063293389197388,0.2856112235342387,1
Geophysical_model52,/home/lyara/areswave/models/Geophysical_model52.nd,nd,UNK,,,983.376,60.0,879.036,188.678,983.376,60.0,1116.777,33.34999999999991,1483.63,100.05100000000016,1681.7,60.0,0.8209042238781292,0.7290319488243702,0.7596560405089564,0.17909577612187083,0.27096805117562983,1
Geophysical_model78,/home/lyara/areswave/models/Geophysical_model78.nd,nd,UNK,,,916.795,60.0,900.0,184.466,916.795,60.0,1101.543,16.795000000000073,1437.448,100.77099999999996,1686.049,60.0,0.8171946313486074,0.731951548471828,0.7603659094307544,0.18280536865139263,0.2680484515281721,1
CD_model14,/home/lyara/areswave/models/CD_model14.nd,nd,UNK,,,,60.0,,60.0,,60.0,,60.0,,60.0,,60.0,0.5369788384853518,0.8725325907101078,0.7606813399685225,0.46302116151464817,0.12746740928989223,1
Geophysical_model576,/home/lyara/areswave/models/Geophysical_model576.nd,nd,UNK,,,916.723,60.0,877.532,179.74099999999999,916.723,60.0,1117.396,33.44599999999991,1468.574,83.61400000000003,1683.425,60.0,0.7978134757149888,0.7423513953669993,0.7608387554829958,0.2021865242850112,0.25764860463300066,1
CD_model61,/home/lyara/areswave/models/CD_model61.nd,nd,UNK,,,,60.0,,60.0,,60.0,,60.0,,60.0,,60.0,0.41706228854308514,0.9330566444646988,0.7610585258241609,0.5829377114569149,0.06694335553530115,1
AK_model_65,/home/lyara/areswave/models/AK_model_65.nd,nd,UNK,,,1001.408,60.0,796.24,25.645999999999958,1001.408,60.0,1103.992,102.58400000000006,1360.452,25.645999999999958,1695.897,60.0,0.8741322077323616,0.704817736013386,0.7612558932530445,0.12586779226763847,0.29518226398661396,1
Geophysical_model749,/home/lyara/areswave/models/Geophysical_model749.nd,nd,UNK,,,900.0,60.0,900.0,197.837,900.0,60.0,1104.246,17.019999999999982,1478.696,102.12300000000005,1694.206,60.0,0.7085138579826871,0.7888252629385408,0.7620547946199229,0.29148614201731293,0.21117473706145917,1
CD_model84,/home/lyara/areswave/models/CD_model84.nd,nd,UNK,,,,60.0,,60.0,,60.0,,60.0,,60.0,,60.0,0.38075223141402814,0.9530169259985769,0.7622620278037274,0.6192477685859719,0.04698307400142313,1
Geophysical_model396,/home/lyara/areswave/models/Geophysical_model396.nd,nd,UNK,,,949.68,60.0,900.0,188.73199999999997,949.68,60.0,1115.279,16.559999999999945,1446.478,99.3599999999999,1677.528,60.0,0.8619543924113319,0.712552212899769,0.7623529394036233,0.13804560758866816,0.287447787100231,1
Geophysical_model672,/home/lyara/areswave/models/Geophysical_model672.nd,nd,UNK,,,900.0,60.0,900.0,180.97199999999998,900.0,60.0,1119.116,33.710000000000036,1489.927,101.13099999999986,1688.215,60.0,0.9119781420717412,0.687722092949707,0.7624741093237185,0.08802185792825884,0.31227790705029296,1
AK_model_70,/home/lyara/areswave/models/AK_model_70.nd,nd,UNK,,,1060.0,60.0,825.0,25.0,1060.0,60.0,1300.0,75.0,1300.0,50.0,1634.964,60.0,0.7050647324207742,0.7917322649810254,0.7628430874609418,0.2949352675792258,0.20826773501897458,1
Geophysical_model779,/home/lyara/areswave/models/Geophysical_model779.nd,nd,UNK,,,933.604,60.0,877.962,198.34299999999996,933.604,60.0,1118.427,33.60400000000004,1488.074,84.01099999999997,1686.298,60.0,0.7876521955452549,0.7510396478842868,0.7632438304379429,0.21234780445474513,0.24896035211571318,1
Geophysical_model744,/home/lyara/areswave/models/Geophysical_model744.nd,nd,UNK,,,1088.067,60.0,900.0,20.639999999999986,1088.067,60.0,1105.164,17.09699999999998,1464.2,119.67900000000009,1696.976,60.0,0.787944393257602,0.750896896829651,0.7632460623056346,0.21205560674239796,0.24910310317034906,1
Geophysical_model732,/home/lyara/areswave/models/Geophysical_model732.nd,nd,UNK,,,933.813,60.0,900.0,183.28999999999996,933.813,60.0,1119.783,33.8130000000001,1491.724,84.53199999999993,1690.075,60.0,0.6592340284869751,0.8152869185090337,0.7632692885016809,0.34076597151302485,0.18471308149096627,1
MD_model31,/home/lyara/areswave/models/MD_model31.nd,nd,UNK,,,1004.85,60.0,809.075,10.303999999999974,1004.85,60.0,1252.146,154.55999999999995,1303.666,103.03999999999996,1580.355,60.0,0.5482346233847402,0.8710521238947284,0.763446290391399,0.45176537661525984,0.1289478761052716,1
CD_model94,/home/lyara/areswave/models/CD_model94.nd,nd,UNK,,,,60.0,,60.0,,60.0,,60.0,,60.0,,60.0,0.4712499111282096,0.9099800349128292,0.763736660317956,0.5287500888717904,0.09001996508717079,1
CD_model96,/home/lyara/areswave/models/CD_model96.nd,nd,UNK,,,,60.0,,60.0,,60.0,,60.0,,60.0,,60.0,0.47923825295394995,0.9065737639152563,0.7641285935948209,0.52076174704605,0.09342623608474361,1
Geophysical_model854,/home/lyara/areswave/models/Geophysical_model854.nd,nd,UNK,,,900.0,60.0,900.0,184.47699999999998,900.0,60.0,1106.204,17.18399999999997,1467.062,85.9190000000001,1501.429,68.7349999999999,0.7124668226646371,0.7901503331992684,0.7642558296877247,0.28753317733536293,0.2098496668007316,1
Geophysical_model738,/home/lyara/areswave/models/Geophysical_model738.nd,nd,UNK,,,900.0,60.0,900.0,184.47699999999998,900.0,60.0,1106.204,17.18399999999997,1467.062,85.9190000000001,1501.429,68.7349999999999,0.7124668226646371,0.7901503331992684,0.7642558296877247,0.28753317733536293,0.2098496668007316,1
MD_model37,/home/lyara/areswave/models/MD_model37.nd,nd,UNK,,,981.132,60.0,895.92,191.726,981.132,60.0,1290.024,31.95399999999995,1332.63,63.90800000000013,1615.446,60.0,0.7021840905381772,0.7966511331308621,0.7651621189333006,0.2978159094618228,0.20334886686913795,1
Geophysical_model269,/home/lyara/areswave/models/Geophysical_model269.nd,nd,UNK,,,950.621,60.0,900.0,192.721,950.621,60.0,1119.357,33.74700000000007,1456.828,118.11599999999999,1688.886,60.0,0.8391445186823626,0.7284965549469977,0.7653792095254527,0.1608554813176374,0.2715034450530023,1
CD_model90,/home/lyara/areswave/models/CD_model90.nd,nd,UNK,,,,60.0,,60.0,,60.0,,60.0,,60.0,,60.0,0.503672993129055,0.8965721039197859,0.765605733656209,0.496327006870945,0.10342789608021404,1
CD_model86,/home/lyara/areswave/models/CD_model86.nd,nd,UNK,,,,60.0,,60.0,,60.0,,60.0,,60.0,,60.0,0.503672993129055,0.8965721039197859,0.765605733656209,0.496327006870945,0.10342789608021404,1
MD_model10,/home/lyara/areswave/models/MD_model10.nd,nd,UNK,,,1002.201,60.0,801.147,10.581999999999994,1002.201,60.0,1245.582,137.56400000000008,1372.563,190.47199999999998,1611.713,60.0,0.6356925339325383,0.8321129118668292,0.766639452555399,0.36430746606746167,0.16788708813317077,1
Geophysical_model1000,/home/lyara/areswave/models/Geophysical_model1000.nd,nd,UNK,,,966.993,60.0,878.426,194.16700000000003,966.993,60.0,1117.726,33.496999999999844,1486.187,100.49000000000001,1684.345,60.0,0.6410741566101806,0.8303040509032444,0.7672274194722232,0.35892584338981937,0.16969594909675556,1
AK_model_39,/home/lyara/areswave/models/AK_model_39.nd,nd,UNK,,,1029.679,60.0,815.46,26.777000000000044,1029.679,60.0,1297.451,107.10899999999992,1431.337,160.664,1695.529,60.0,0.6839143194821342,0.809306050444289,0.7675088067902375,0.31608568051786584,0.19069394955571092,1
AK_model_44,/home/lyara/areswave/models/AK_model_44.nd,nd,UNK,,,1024.918,60.0,790.32,26.067000000000007,1024.918,60.0,1285.582,130.3320000000001,1494.114,26.067000000000007,1677.908,60.0,0.7140850846658278,0.7944286857123761,0.7676474853635268,0.2859149153341723,0.20557131428762382,1
Geophysical_model902,/home/lyara/areswave/models/Geophysical_model902.nd,nd,UNK,,,900.0,60.0,900.0,29.450000000000045,900.0,60.0,1102.126,16.84400000000005,1455.847,101.0630000000001,1687.809,60.0,0.6233560320876615,0.8399528888136581,0.7677539365716592,0.37664396791233845,0.16004711118634185,1
Geophysical_model536,/home/lyara/areswave/models/Geophysical_model536.nd,nd,UNK,,,916.773,60.0,856.044,197.80200000000002,916.773,60.0,1118.053,33.547000000000025,1487.065,83.86599999999999,1685.254,60.0,0.7101155601132056,0.7972009786819957,0.7681725058257323,0.28988443988679435,0.20279902131800429,1
MD_model92,/home/lyara/areswave/models/MD_model92.nd,nd,UNK,,,957.353,60.0,715.782,186.66899999999998,957.353,60.0,1275.788,54.90300000000002,1308.73,43.922000000000025,1652.135,60.0,0.5268461063266368,0.889090735516248,0.7683425257863776,0.4731538936733632,0.11090926448375209,1
Geophysical_model963,/home/lyara/areswave/models/Geophysical_model963.nd,nd,UNK,,,916.719,60.0,876.023,191.813,916.719,60.0,1117.351,33.43899999999985,1485.177,83.59699999999998,1683.3,60.0,0.8312617845171513,0.7370324870341208,0.7684422528617976,0.16873821548284879,0.26296751296587917,1
Geophysical_model973,/home/lyara/areswave/models/Geophysical_model973.nd,nd,UNK,,,916.719,60.0,876.023,191.813,916.719,60.0,1117.351,33.43899999999985,1485.177,83.59699999999998,1683.3,60.0,0.8312617845171513,0.7370324870341208,0.7684422528617976,0.16873821548284879,0.26296751296587917,1
Geophysical_model129,/home/lyara/areswave/models/Geophysical_model129.nd,nd,UNK,,,1099.26,60.0,900.0,178.923,1099.26,60.0,1115.865,16.605000000000018,1431.359,116.23399999999992,1679.159,60.0,0.659997627124653,0.8226799624743066,0.7684525173577553,0.3400023728753469,0.1773200375256934,1
CD_model51,/home/lyara/areswave/models/CD_model51.nd,nd,UNK,,,,60.0,,60.0,,60.0,,60.0,,60.0,,60.0,0.4660662262346449,0.9211169280822769,0.7694333607997329,0.5339337737653551,0.0788830719177231,1
AK_model_46,/home/lyara/areswave/models/AK_model_46.nd,nd,UNK,,,1017.265,60.0,775.483,26.864999999999895,1017.265,60.0,1285.911,134.3230000000001,1473.964,26.86500000000001,1710.571,60.0,0.7805543576192225,0.7641952692211547,0.7696482986871773,0.21944564238077746,0.2358047307788453,1
MD_model35,/home/lyara/areswave/models/MD_model35.nd,nd,UNK,,,1018.784,60.0,751.464,181.77800000000002,1018.784,60.0,1286.105,21.38499999999999,1360.954,74.84999999999991,1612.653,60.0,0.6362389095055911,0.8374554663228663,0.7703832807171079,0.36376109049440886,0.16254453367713373,1
Geophysical_model695,/home/lyara/areswave/models/Geophysical_model695.nd,nd,UNK,,,900.0,60.0,857.316,192.07600000000002,900.0,60.0,1116.56,16.65800000000013,1466.387,116.60899999999992,1681.095,60.0,0.6548504144237903,0.8285930370949259,0.7706788295378807,0.3451495855762096,0.17140696290507407,1
Geophysical_model886,/home/lyara/areswave/models/Geophysical_model886.nd,nd,UNK,,,950.526,60.0,900.0,173.24099999999999,950.526,60.0,1135.789,33.68399999999997,1489.473,67.36899999999991,1687.745,60.0,0.7792720378731579,0.7676023785505429,0.7714922649914145,0.2207279621268421,0.23239762144945705,1
Geophysical_model758,/home/lyara/areswave/models/Geophysical_model758.nd,nd,UNK,,,950.526,60.0,900.0,173.24099999999999,950.526,60.0,1135.789,33.68399999999997,1489.473,67.36899999999991,1687.745,60.0,0.7792720378731579,0.7676023785505429,0.7714922649914145,0.2207279621268421,0.23239762144945705,1
Geophysical_model503,/home/lyara/areswave/models/Geophysical_model503.nd,nd,UNK,,,950.526,60.0,900.0,173.24099999999999,950.526,60.0,1135.789,33.68399999999997,1489.473,67.36899999999991,1687.745,60.0,0.7792720378731579,0.7676023785505429,0.7714922649914145,0.2207279621268421,0.23239762144945705,1
AK_model_79,/home/lyara/areswave/models/AK_model_79.nd,nd,UNK,,,1048.231,60.0,820.541,25.298999999999978,1048.231,60.0,1275.921,50.597999999999956,1326.519,50.597999999999956,1685.301,60.0,0.7726407640530062,0.7722841946421993,0.7724030511124683,0.2273592359469938,0.22771580535780064,1
AK_model_16,/home/lyara/areswave/models/AK_model_16.nd,nd,UNK,,,1032.613,60.0,811.315,24.588999999999942,1032.613,60.0,1278.5,73.76600000000008,1303.088,24.588999999999942,1680.441,60.0,0.8640744776115122,0.7268192951312102,0.7725710226246442,0.1359255223884878,0.27318070486878976,1
AK_model_18,/home/lyara/areswave/models/AK_model_18.nd,nd,UNK,,,1030.098,60.0,809.519,24.509000000000015,1030.098,60.0,1275.186,98.03499999999985,1324.204,171.56100000000015,1676.548,60.0,0.7872962622698756,0.7654832985675722,0.77275428646834,0.21270373773012444,0.23451670143242775,1
Geophysical_model798,/home/lyara/areswave/models/Geophysical_model798.nd,nd,UNK,,,916.723,60.0,877.548,179.61400000000003,916.723,60.0,1117.396,33.44599999999991,1485.297,83.61400000000003,1683.425,60.0,0.6840241131326217,0.8173212130066831,0.772888846381996,0.3159758868673784,0.18267878699331688,1
Geophysical_model242,/home/lyara/areswave/models/Geophysical_model242.nd,nd,UNK,,,967.494,60.0,900.0,192.86699999999996,967.494,60.0,1119.357,33.74700000000007,1456.828,118.11599999999999,1688.886,60.0,0.8458301941979407,0.7367787692024488,0.7731292442009461,0.15416980580205927,0.2632212307975513,1
Geophysical_model346,/home/lyara/areswave/models/Geophysical_model346.nd,nd,UNK,,,967.494,60.0,900.0,192.86699999999996,967.494,60.0,1119.357,33.74700000000007,1456.828,118.11599999999999,1688.886,60.0,0.8458301941979407,0.7367787692024488,0.7731292442009461,0.15416980580205927,0.2632212307975513,1
Geophysical_model931,/home/lyara/areswave/models/Geophysical_model931.nd,nd,UNK,,,1099.979,60.0,900.0,21.802999999999997,1099.979,60.0,1116.644,16.664999999999964,1466.608,116.6550000000002,1681.33,60.0,0.8614827721641746,0.7290274614325518,0.773179231676426,0.1385172278358254,0.2709725385674482,1
Geophysical_model444,/home/lyara/areswave/models/Geophysical_model444.nd,nd,UNK,,,949.55,60.0,900.0,192.74099999999999,949.55,60.0,1114.715,16.516000000000076,1461.562,99.09899999999993,1675.956,60.0,0.8336876603387482,0.7432759279722123,0.7734131720943909,0.16631233966125183,0.2567240720277877,1
Geophysical_model540,/home/lyara/areswave/models/Geophysical_model540.nd,nd,UNK,,,916.576,60.0,879.318,186.135,916.576,60.0,1115.488,16.576000000000022,1496.736,99.45600000000013,1678.109,60.0,0.6885716204871286,0.8159638332171568,0.7734997623071473,0.31142837951287133,0.18403616678284312,1
Geophysical_model62,/home/lyara/areswave/models/Geophysical_model62.nd,nd,UNK,,,1099.133,60.0,900.0,181.77599999999995,1099.133,60.0,1115.728,16.593999999999824,1431.022,99.56700000000001,1678.777,60.0,0.8692452448793007,0.7257040571214017,0.773551119707368,0.13075475512069928,0.2742959428785983,1
Geophysical_model588,/home/lyara/areswave/models/Geophysical_model588.nd,nd,UNK,,,916.714,60.0,900.0,191.837,916.714,60.0,1117.284,33.42800000000011,1468.281,83.57100000000014,1683.113,60.0,0.7118693078213251,0.8044479465963033,0.7735884003379772,0.28813069217867493,0.19555205340369675,1
MD_model63,/home/lyara/areswave/models/MD_model63.nd,nd,UNK,,,1047.057,60.0,708.427,180.60199999999998,1047.057,60.0,1216.372,191.8900000000001,1363.111,90.30099999999993,1690.644,60.0,0.6835868340828647,0.8187162138231389,0.7736730872430475,0.3164131659171353,0.18128378617686114,1
Geophysical_model656,/home/lyara/areswave/models/Geophysical_model656.nd,nd,UNK,,,900.0,60.0,900.0,179.015,900.0,60.0,1119.258,33.73199999999997,1490.311,101.19599999999991,1688.613,60.0,0.7931488185053766,0.7639685959477786,0.7736953368003112,0.2068511814946234,0.23603140405222148,1
Geophysical_model691,/home/lyara/areswave/models/Geophysical_model691.nd,nd,UNK,,,900.0,60.0,900.0,179.015,900.0,60.0,1119.258,33.73199999999997,1490.311,101.19599999999991,1688.613,60.0,0.7931488185053766,0.7639685959477786,0.7736953368003112,0.2068511814946234,0.23603140405222148,1
Geophysical_model782,/home/lyara/areswave/models/Geophysical_model782.nd,nd,UNK,,,900.0,60.0,900.0,179.015,900.0,60.0,1119.258,33.73199999999997,1490.311,101.19599999999991,1688.613,60.0,0.7931488185053766,0.7639685959477786,0.7736953368003112,0.2068511814946234,0.23603140405222148,1
Geophysical_model200,/home/lyara/areswave/models/Geophysical_model200.nd,nd,UNK,,,933.606,60.0,900.0,183.88699999999994,933.606,60.0,1101.635,16.80300000000011,1437.694,117.62099999999987,1686.328,60.0,0.9081578759808334,0.7065469212127133,0.7737505728020867,0.09184212401916662,0.2934530787872867,1
Geophysical_model898,/home/lyara/areswave/models/Geophysical_model898.nd,nd,UNK,,,916.672,60.0,877.434,180.529,916.672,60.0,1116.741,33.34500000000003,1483.532,83.36199999999985,1681.599,60.0,0.663216686690322,0.8308253771086349,0.7749558136358639,0.33678331330967803,0.16917462289136503,1
Geophysical_model549,/home/lyara/areswave/models/Geophysical_model549.nd,nd,UNK,,,1098.51,60.0,900.0,24.052999999999997,1098.51,60.0,1115.052,16.54300000000012,1445.902,115.79700000000003,1676.896,60.0,0.6858080227947165,0.8197416987961097,0.7750971401289787,0.3141919772052834,0.18025830120389025,1
Geophysical_model643,/home/lyara/areswave/models/Geophysical_model643.nd,nd,UNK,,,1099.903,60.0,900.0,21.504999999999995,1099.903,60.0,1116.562,16.65800000000013,1466.392,116.61000000000013,1681.1,60.0,0.7511002008809399,0.7873877798482696,0.775291920192493,0.2488997991190601,0.21261222015173045,1
Geophysical_model644,/home/lyara/areswave/models/Geophysical_model644.nd,nd,UNK,,,1099.903,60.0,900.0,21.504999999999995,1099.903,60.0,1116.562,16.65800000000013,1466.392,116.61000000000013,1681.1,60.0,0.7511002008809399,0.7873877798482696,0.775291920192493,0.2488997991190601,0.21261222015173045,1
Geophysical_model745,/home/lyara/areswave/models/Geophysical_model745.nd,nd,UNK,,,916.716,60.0,875.992,192.06399999999996,916.716,60.0,1117.309,33.432000000000016,1451.63,83.57999999999993,1683.182,60.0,0.6492892880878136,0.8400728638349739,0.7764783385859205,0.35071071191218633,0.15992713616502613,1
Geophysical_model507,/home/lyara/areswave/models/Geophysical_model507.nd,nd,UNK,,,950.781,60.0,900.0,183.99,950.781,60.0,1136.977,33.85400000000004,1492.442,67.70700000000011,1690.818,60.0,0.7570940917527809,0.7863616983294694,0.7766058294705732,0.2429059082472192,0.21363830167053052,1
Geophysical_model789,/home/lyara/areswave/models/Geophysical_model789.nd,nd,UNK,,,1088.067,60.0,900.0,20.66700000000003,1088.067,60.0,1105.164,17.09699999999998,1464.2,119.67900000000009,1696.976,60.0,0.8124889914755404,0.7586951075877221,0.7766264022169947,0.18751100852445954,0.2413048924122779,1
Geophysical_model669,/home/lyara/areswave/models/Geophysical_model669.nd,nd,UNK,,,1088.06,60.0,900.0,20.66700000000003,1088.06,60.0,1105.156,17.09699999999998,1464.18,119.67499999999995,1696.954,60.0,0.8124889914755404,0.7586951075877221,0.7766264022169947,0.18751100852445954,0.2413048924122779,1
Geophysical_model245,/home/lyara/areswave/models/Geophysical_model245.nd,nd,UNK,,,967.7,60.0,900.0,181.096,967.7,60.0,1120.025,33.850000000000136,1458.525,118.47499999999991,1690.748,60.0,0.8955353301317941,0.7179724060556635,0.7771600474143737,0.10446466986820588,0.2820275939443365,1
Geophysical_model878,/home/lyara/areswave/models/Geophysical_model878.nd,nd,UNK,,,916.648,60.0,900.0,180.38800000000003,916.648,60.0,1116.419,16.64799999999991,1499.315,99.88499999999999,1680.704,60.0,0.8070928542925606,0.7625278806096818,0.777382871837308,0.1929071457074394,0.23747211939031818,1
MD_model90,/home/lyara/areswave/models/MD_model90.nd,nd,UNK,,,1068.089,60.0,754.092,184.067,1068.089,60.0,1252.156,184.067,1382.085,108.27500000000009,1624.97,60.0,0.6608125336658048,0.8358507018505812,0.777504645788989,0.3391874663341951,0.1641492981494188,1
Geophysical_model687,/home/lyara/areswave/models/Geophysical_model687.nd,nd,UNK,,,916.902,60.0,900.0,181.07899999999995,916.902,60.0,1119.729,33.80400000000009,1474.676,84.51099999999997,1689.924,60.0,0.6862246480106463,0.8233283805025307,0.7776271363385692,0.3137753519893537,0.17667161949746935,1
Geophysical_model849,/home/lyara/areswave/models/Geophysical_model849.nd,nd,UNK,,,916.902,60.0,900.0,181.07899999999995,916.902,60.0,1119.729,33.80400000000009,1474.676,84.51099999999997,1689.924,60.0,0.6862246480106463,0.8233283805025307,0.7776271363385692,0.3137753519893537,0.17667161949746935,1
Geophysical_model555,/home/lyara/areswave/models/Geophysical_model555.nd,nd,UNK,,,916.902,60.0,900.0,181.07899999999995,916.902,60.0,1119.729,33.80400000000009,1474.676,84.51099999999997,1689.924,60.0,0.6862246480106463,0.8233283805025307,0.7776271363385692,0.3137753519893537,0.17667161949746935,1
Geophysical_model293,/home/lyara/areswave/models/Geophysical_model293.nd,nd,UNK,,,916.874,60.0,900.0,181.649,916.874,60.0,1102.492,16.874000000000024,1439.978,101.2460000000001,1688.913,60.0,0.7669523699730821,0.7829670263197043,0.7776288075374969,0.23304763002691786,0.21703297368029573,1
AK_model_90,/home/lyara/areswave/models/AK_model_90.nd,nd,UNK,,,1066.591,60.0,798.434,26.81600000000003,1066.591,60.0,1281.116,26.815000000000055,1334.748,53.631000000000085,1705.618,60.0,0.8468520191186005,0.7430195926787051,0.7776304014920036,0.15314798088139944,0.25698040732129496,1
Geophysical_model597,/home/lyara/areswave/models/Geophysical_model597.nd,nd,UNK,,,1099.901,60.0,900.0,21.409999999999968,1099.901,60.0,1116.56,16.65800000000013,1466.387,116.60899999999992,1681.095,60.0,0.8100031962216183,0.7615122950055706,0.7776759287442531,0.1899968037783817,0.23848770499442945,1
Geophysical_model198,/home/lyara/areswave/models/Geophysical_model198.nd,nd,UNK,,,983.727,60.0,878.886,190.02599999999995,983.727,60.0,1117.689,33.49000000000001,1486.086,100.47199999999998,1684.241,60.0,0.9340172167568724,0.700078381656321,0.7780579933565047,0.06598278324312752,0.29992161834367903,1
Geophysical_model465,/home/lyara/areswave/models/Geophysical_model465.nd,nd,UNK,,,982.905,60.0,859.324,183.043,982.905,60.0,1115.552,16.58100000000013,1463.752,116.06700000000001,1678.288,60.0,0.904475973639113,0.7152380867916375,0.7783173824074626,0.09552402636088697,0.2847619132083626,1
Geophysical_model623,/home/lyara/areswave/models/Geophysical_model623.nd,nd,UNK,,,900.0,60.0,900.0,179.49199999999996,900.0,60.0,1101.753,33.625,1488.445,100.87599999999998,1686.682,60.0,0.6875050840033885,0.8239527176731039,0.7784701731165321,0.3124949159966115,0.17604728232689612,1
Geophysical_model998,/home/lyara/areswave/models/Geophysical_model998.nd,nd,UNK,,,933.856,60.0,879.282,186.45799999999997,933.856,60.0,1120.061,33.855999999999995,1492.472,84.6389999999999,1690.849,60.0,0.7723799619283044,0.781746078398868,0.7786240395753468,0.22762003807169562,0.21825392160113197,1
Geophysical_model542,/home/lyara/areswave/models/Geophysical_model542.nd,nd,UNK,,,1088.045,60.0,900.0,20.70399999999995,1088.045,60.0,1105.14,17.0949999999998,1464.136,119.66499999999996,1696.906,60.0,0.7330000638033017,0.801925059763956,0.7789500611104047,0.26699993619669826,0.19807494023604397,1
Geophysical_model65,/home/lyara/areswave/models/Geophysical_model65.nd,nd,UNK,,,965.752,60.0,900.0,181.31399999999996,965.752,60.0,1113.693,16.437000000000126,1442.45,115.06499999999983,1673.108,60.0,0.7635975931455441,0.7868045163912744,0.7790688753093642,0.23640240685445588,0.21319548360872564,1
Geophysical_model787,/home/lyara/areswave/models/Geophysical_model787.nd,nd,UNK,,,933.798,60.0,900.0,182.937,933.798,60.0,1119.688,33.798,1474.568,84.49500000000012,1689.809,60.0,0.7418930662822573,0.7979801669212883,0.7792844667082779,0.25810693371774274,0.2020198330787118,1
MD_model3,/home/lyara/areswave/models/MD_model3.nd,nd,UNK,,,1000.461,60.0,799.496,10.576999999999998,1000.461,60.0,1137.964,190.38800000000015,1434.124,190.3889999999999,1609.796,60.0,0.6651811028730947,0.8367507587879116,0.7795608734829726,0.3348188971269052,0.16324924121208836,1
Geophysical_model24,/home/lyara/areswave/models/Geophysical_model24.nd,nd,UNK,,,1098.645,60.0,900.0,181.856,1098.645,60.0,1115.199,16.55399999999986,1429.721,99.32199999999989,1677.304,60.0,0.8127201424203767,0.7631440287058466,0.7796693999440233,0.18727985757962332,0.23685597129415342,1
Geophysical_model885,/home/lyara/areswave/models/Geophysical_model885.nd,nd,UNK,,,916.648,60.0,900.0,180.37900000000002,916.648,60.0,1116.419,16.64799999999991,1499.315,99.88499999999999,1680.704,60.0,0.6947138418064487,0.8223194792402818,0.7797842667623375,0.30528615819355137,0.1776805207597182,1
Geophysical_model757,/home/lyara/areswave/models/Geophysical_model757.nd,nd,UNK,,,916.648,60.0,900.0,180.37900000000002,916.648,60.0,1116.419,16.64799999999991,1499.315,99.88499999999999,1680.704,60.0,0.6947138418064487,0.8223194792402818,0.7797842667623375,0.30528615819355137,0.1776805207597182,1
CD_model79,/home/lyara/areswave/models/CD_model79.nd,nd,UNK,,,,60.0,,60.0,,60.0,,60.0,,60.0,,60.0,0.6099798015882995,0.8654509520044336,0.7802939018657221,0.39002019841170055,0.1345490479955665,1
Geophysical_model702,/home/lyara/areswave/models/Geophysical_model702.nd,nd,UNK,,,916.728,60.0,900.0,193.447,916.728,60.0,1117.459,33.455999999999904,1485.467,83.63800000000015,1683.6,60.0,0.6347963635421046,0.8532106358173618,0.7804058783922759,0.3652036364578954,0.14678936418263822,1
AK_model_56,/home/lyara/areswave/models/AK_model_56.nd,nd,UNK,,,1018.998,60.0,842.972,25.146999999999935,1018.998,60.0,1144.731,100.58600000000001,1371.051,50.29300000000012,1678.679,60.0,0.8362565936907005,0.7526764432152674,0.7805364933737451,0.16374340630929946,0.24732355678473264,1
Geophysical_model146,/home/lyara/areswave/models/Geophysical_model146.nd,nd,UNK,,,950.269,60.0,900.0,194.93100000000004,950.269,60.0,1117.834,33.51299999999992,1452.962,117.29499999999985,1684.644,60.0,0.8991148815362683,0.7221389192247658,0.7811309066619333,0.10088511846373173,0.27786108077523425,1
MD_model88,/home/lyara/areswave/models/MD_model88.nd,nd,UNK,,,971.749,60.0,755.911,194.255,971.749,60.0,1273.923,21.58400000000006,1338.675,53.960000000000036,1624.15,60.0,0.7225063683298055,0.8107706117327412,0.781349197265096,0.2774936316701945,0.18922938826725877,1
Geophysical_model788,/home/lyara/areswave/models/Geophysical_model788.nd,nd,UNK,,,900.0,60.0,900.0,178.308,900.0,60.0,1120.035,33.85100000000011,1492.403,101.55500000000006,1690.777,60.0,0.7749280786922033,0.7847402508336137,0.7814695267864767,0.22507192130779669,0.21525974916638635,1
CD_model17,/home/lyara/areswave/models/CD_model17.nd,nd,UNK,,,,60.0,,60.0,,60.0,,60.0,,60.0,,60.0,0.5757996393161688,0.8845146631464541,0.7816096552030256,0.42420036068383116,0.11548533685354594,1
Geophysical_model797,/home/lyara/areswave/models/Geophysical_model797.nd,nd,UNK,,,933.11,60.0,878.025,197.77800000000002,933.11,60.0,1115.217,16.554999999999836,1479.431,99.33100000000013,1677.355,60.0,0.6159086199553997,0.864587598073057,0.7816946053671713,0.3840913800446003,0.13541240192694307,1
MD_model79,/home/lyara/areswave/models/MD_model79.nd,nd,UNK,,,991.345,60.0,742.39,10.372999999999934,991.345,60.0,1126.195,10.373000000000047,1354.404,93.35799999999995,1580.668,60.0,0.7882651598452166,0.7793045851871662,0.7822914434065164,0.21173484015478336,0.2206954148128338,1
Geophysical_model508,/home/lyara/areswave/models/Geophysical_model508.nd,nd,UNK,,,1083.952,60.0,900.0,22.323999999999955,1083.952,60.0,1100.674,16.722999999999956,1485.3,100.33699999999999,1683.428,60.0,0.7751635624329745,0.7859092626222625,0.7823273625591666,0.22483643756702554,0.21409073737773754,1
MD_model21,/home/lyara/areswave/models/MD_model21.nd,nd,UNK,,,1008.575,60.0,761.465,182.64600000000007,1008.575,60.0,1298.66,21.488000000000056,1373.867,75.20700000000011,1615.642,60.0,0.729102109061858,0.8090882010537913,0.7824261703898135,0.270897890938142,0.1909117989462087,1
CD_model41,/home/lyara/areswave/models/CD_model41.nd,nd,UNK,,,,60.0,,60.0,,60.0,,60.0,,60.0,,60.0,0.5708081405850356,0.8883804571187606,0.7825230182741856,0.42919185941496435,0.11161954288123947,1
Geophysical_model614,/home/lyara/areswave/models/Geophysical_model614.nd,nd,UNK,,,933.975,60.0,879.27,186.57299999999998,933.975,60.0,1120.837,33.975000000000136,1494.562,84.9369999999999,1693.011,60.0,0.7833533267545383,0.7821565495043028,0.7825554752543814,0.21664667324546172,0.21784345049569723,1
Geophysical_model595,/home/lyara/areswave/models/Geophysical_model595.nd,nd,UNK,,,933.533,60.0,900.0,190.85500000000002,933.533,60.0,1117.965,33.5329999999999,1486.828,83.83300000000008,1685.009,60.0,0.7207517085306603,0.8139136568872001,0.7828596741016868,0.27924829146933977,0.1860863431127999,1
Geophysical_model734,/home/lyara/areswave/models/Geophysical_model734.nd,nd,UNK,,,1084.693,60.0,900.0,22.44100000000003,1084.693,60.0,1101.483,16.789999999999964,1487.659,100.74200000000019,1685.869,60.0,0.736514437266596,0.8061691001707059,0.7829508792026693,0.26348556273340396,0.19383089982929416,1
Geophysical_model791,/home/lyara/areswave/models/Geophysical_model791.nd,nd,UNK,,,1084.693,60.0,900.0,22.44100000000003,1084.693,60.0,1101.483,16.789999999999964,1487.659,100.74200000000019,1685.869,60.0,0.736514437266596,0.8061691001707059,0.7829508792026693,0.26348556273340396,0.19383089982929416,1
Geophysical_model945,/home/lyara/areswave/models/Geophysical_model945.nd,nd,UNK,,,916.672,60.0,900.0,180.79499999999996,916.672,60.0,1116.738,33.34500000000003,1483.524,83.36099999999988,1681.59,60.0,0.7352028004301163,0.8069657488574551,0.7830447660483421,0.26479719956988373,0.1930342511425449,1
MD_model18,/home/lyara/areswave/models/MD_model18.nd,nd,UNK,,,1091.8,60.0,713.204,194.70600000000002,1091.8,60.0,1102.617,10.817000000000007,1416.311,108.16999999999985,1626.516,60.0,0.8126972818137262,0.7683850219398107,0.7831557752311159,0.18730271818627375,0.2316149780601892,1
MD_model62,/home/lyara/areswave/models/MD_model62.nd,nd,UNK,,,1060.259,60.0,730.357,182.015,1060.259,60.0,1276.401,193.39100000000008,1356.032,45.503999999999905,1696.852,60.0,0.8721497550558165,0.7391028747124673,0.7834518348269169,0.12785024494418348,0.2608971252875328,1
AK_model_88,/home/lyara/areswave/models/AK_model_88.nd,nd,UNK,,,1071.541,60.0,800.713,27.083000000000084,1071.541,60.0,1288.203,27.083000000000084,1342.368,54.164999999999964,1714.927,60.0,0.7606027517562249,0.7959614895331077,0.7841752436074801,0.23939724824377506,0.20403851046689225,1
AK_model_42,/home/lyara/areswave/models/AK_model_42.nd,nd,UNK,,,1023.627,60.0,814.993,26.08000000000004,1023.627,60.0,1284.42,104.31700000000001,1310.5,182.55500000000006,1676.948,60.0,0.8595237314156721,0.7466756807941768,0.7842916976680087,0.14047626858432788,0.2533243192058232,1
Geophysical_model926,/home/lyara/areswave/models/Geophysical_model926.nd,nd,UNK,,,933.844,60.0,879.594,183.65200000000004,933.844,60.0,1119.984,33.84400000000005,1492.265,84.60900000000015,1690.635,60.0,0.6866184347875379,0.8331889533724967,0.7843321138441771,0.31338156521246213,0.16681104662750337,1
Geophysical_model812,/home/lyara/areswave/models/Geophysical_model812.nd,nd,UNK,,,916.648,60.0,900.0,180.024,916.648,60.0,1116.419,16.64799999999991,1499.315,99.88499999999999,1680.704,60.0,0.6961982992221549,0.8287763638211657,0.7845836756214956,0.3038017007778451,0.1712236361788343,1
Geophysical_model632,/home/lyara/areswave/models/Geophysical_model632.nd,nd,UNK,,,900.0,60.0,900.0,22.41999999999996,900.0,60.0,1101.621,16.801999999999907,1488.061,100.81099999999992,1686.284,60.0,0.7927486982886398,0.7806505913430374,0.7846832936582381,0.20725130171136022,0.21934940865696262,1
Geophysical_model276,/home/lyara/areswave/models/Geophysical_model276.nd,nd,UNK,,,999.801,60.0,857.053,193.26199999999994,999.801,60.0,1116.236,16.63299999999981,1465.54,99.80099999999993,1680.192,60.0,0.9215722810295136,0.7164912049843103,0.7848515636660447,0.07842771897048643,0.2835087950156897,1
Geophysical_model534,/home/lyara/areswave/models/Geophysical_model534.nd,nd,UNK,,,900.0,60.0,877.409,180.72699999999998,900.0,60.0,1118.976,33.68899999999985,1489.55,101.06600000000003,1687.825,60.0,0.8372359414499022,0.7590496083319341,0.7851117193712568,0.16276405855009785,0.24095039166806584,1
Geophysical_model191,/home/lyara/areswave/models/Geophysical_model191.nd,nd,UNK,,,966.625,60.0,900.0,195.34400000000005,966.625,60.0,1116.53,16.65599999999995,1466.308,99.93599999999992,1681.011,60.0,0.8121567138433837,0.7716311946783613,0.7851397010667021,0.18784328615661625,0.22836880532163872,1
Geophysical_model813,/home/lyara/areswave/models/Geophysical_model813.nd,nd,UNK,,,933.856,60.0,900.0,185.649,933.856,60.0,1120.061,33.855999999999995,1492.472,84.6389999999999,1690.849,60.0,0.7272239334243664,0.8150341324626569,0.78576406611656,0.2727760665756336,0.1849658675373431,1
Geophysical_model783,/home/lyara/areswave/models/Geophysical_model783.nd,nd,UNK,,,916.648,60.0,877.515,179.87800000000004,916.648,60.0,1116.419,16.64799999999991,1499.315,99.88499999999999,1680.704,60.0,0.6318594588778309,0.8629575497433079,0.7859248527881489,0.3681405411221691,0.13704245025669218,1
Geophysical_model511,/home/lyara/areswave/models/Geophysical_model511.nd,nd,UNK,,,900.0,60.0,900.0,179.82000000000005,900.0,60.0,1118.724,33.65000000000009,1488.873,100.94900000000007,1687.125,60.0,0.7651802591995897,0.7966726683828154,0.7861751986550735,0.23481974080041038,0.2033273316171846,1
Geophysical_model272,/home/lyara/areswave/models/Geophysical_model272.nd,nd,UNK,,,949.973,60.0,900.0,197.75400000000002,949.973,60.0,1116.548,16.656999999999925,1449.698,99.94499999999994,1681.061,60.0,0.8022728007555154,0.7781332223244162,0.786179748468116,0.1977271992444846,0.22186677767558377,1
Geophysical_model701,/home/lyara/areswave/models/Geophysical_model701.nd,nd,UNK,,,933.862,60.0,879.268,186.58399999999995,933.862,60.0,1120.105,33.86200000000008,1492.59,84.65599999999995,1690.97,60.0,0.7435176734576603,0.8077741081208492,0.786355296566453,0.2564823265423397,0.19222589187915082,1
Geophysical_model705,/home/lyara/areswave/models/Geophysical_model705.nd,nd,UNK,,,933.862,60.0,879.268,186.58399999999995,933.862,60.0,1120.105,33.86200000000008,1492.59,84.65599999999995,1690.97,60.0,0.7435176734576603,0.8077741081208492,0.786355296566453,0.2564823265423397,0.19222589187915082,1
Geophysical_model864,/home/lyara/areswave/models/Geophysical_model864.nd,nd,UNK,,,933.862,60.0,879.268,186.58399999999995,933.862,60.0,1120.105,33.86200000000008,1492.59,84.65599999999995,1690.97,60.0,0.7435176734576603,0.8077741081208492,0.786355296566453,0.2564823265423397,0.19222589187915082,1
Geophysical_model905,/home/lyara/areswave/models/Geophysical_model905.nd,nd,UNK,,,933.943,60.0,879.311,186.19799999999998,933.943,60.0,1120.631,33.942999999999984,1494.007,84.85800000000017,1692.437,60.0,0.7512945496067865,0.8042307951742133,0.786585379985071,0.24870545039321348,0.19576920482578677,1
Geophysical_model666,/home/lyara/areswave/models/Geophysical_model666.nd,nd,UNK,,,900.0,60.0,900.0,179.90099999999995,900.0,60.0,1119.137,33.71399999999994,1473.128,101.14099999999985,1688.275,60.0,0.7447299399113299,0.8077335247218894,0.7867323297850363,0.2552700600886702,0.19226647527811055,1
Geophysical_model556,/home/lyara/areswave/models/Geophysical_model556.nd,nd,UNK,,,900.0,60.0,900.0,179.90099999999995,900.0,60.0,1119.137,33.71399999999994,1473.128,101.14099999999985,1688.275,60.0,0.7447299399113299,0.8077335247218894,0.7867323297850363,0.2552700600886702,0.19226647527811055,1
Geophysical_model182,/home/lyara/areswave/models/Geophysical_model182.nd,nd,UNK,,,1099.994,60.0,900.0,180.69000000000005,1099.994,60.0,1116.66,16.66599999999994,1449.983,99.99699999999984,1681.374,60.0,0.7527393511138689,0.8039551225691275,0.7868831987507079,0.24726064888613108,0.19604487743087257,1
Geophysical_model3,/home/lyara/areswave/models/Geophysical_model3.nd,nd,UNK,,,1098.645,60.0,900.0,180.72500000000002,1098.645,60.0,1115.199,16.55399999999986,1429.721,99.32199999999989,1677.304,60.0,0.7763702678706927,0.7922787471240053,0.7869759207062345,0.2236297321293072,0.20772125287599474,1
MD_model28,/home/lyara/areswave/models/MD_model28.nd,nd,UNK,,,969.799,60.0,817.032,185.50200000000007,969.799,60.0,1297.155,43.64799999999991,1340.802,98.2059999999999,1649.766,60.0,0.8043728894204958,0.7785316366243038,0.7871453875563678,0.19562711057950422,0.22146836337569617,1
Geophysical_model971,/home/lyara/areswave/models/Geophysical_model971.nd,nd,UNK,,,1099.979,60.0,900.0,22.013000000000034,1099.979,60.0,1116.644,16.664999999999964,1466.608,116.6550000000002,1681.33,60.0,0.7751802930153554,0.79340479058654,0.7873299580628118,0.2248197069846446,0.20659520941345993,1
Geophysical_model561,/home/lyara/areswave/models/Geophysical_model561.nd,nd,UNK,,,900.0,60.0,900.0,22.397000000000048,900.0,60.0,1101.621,16.801999999999907,1488.061,100.81099999999992,1686.284,60.0,0.6865014187300771,0.838143131629149,0.7875958939961251,0.3134985812699229,0.161856868370851,1
Geophysical_model793,/home/lyara/areswave/models/Geophysical_model793.nd,nd,UNK,,,933.855,60.0,879.282,186.45799999999997,933.855,60.0,1120.056,33.85500000000002,1492.459,84.63700000000017,1690.835,60.0,0.8134581507430636,0.7746794643182184,0.7876056931265002,0.1865418492569364,0.22532053568178154,1
MD_model42,/home/lyara/areswave/models/MD_model42.nd,nd,UNK,,,951.682,60.0,896.388,187.99700000000007,951.682,60.0,1272.382,55.29299999999989,1338.734,99.52800000000002,1661.734,60.0,0.6242837733905439,0.8693653241514518,0.7876714738978158,0.37571622660945614,0.13063467584854815,1
Geophysical_model299,/home/lyara/areswave/models/Geophysical_model299.nd,nd,UNK,,,1098.572,60.0,900.0,179.41700000000003,1098.572,60.0,1115.12,16.548000000000002,1446.074,99.28600000000006,1677.084,60.0,0.8736525438615163,0.7450225570196576,0.7878992193002771,0.12634745613848372,0.2549774429803424,1
CD_model24,/home/lyara/areswave/models/CD_model24.nd,nd,UNK,,,,60.0,,60.0,,60.0,,60.0,,60.0,,60.0,0.5514501639868692,0.9062286769549064,0.7879691726322274,0.44854983601313075,0.09377132304509365,1
Geophysical_model388,/home/lyara/areswave/models/Geophysical_model388.nd,nd,UNK,,,950.857,60.0,900.0,180.539,950.857,60.0,1120.38,33.903999999999996,1459.426,101.71299999999997,1691.737,60.0,0.862429692183401,0.7527338924920786,0.7892991590558527,0.13757030781659893,0.2472661075079214,1
CD_model89,/home/lyara/areswave/models/CD_model89.nd,nd,UNK,,,,60.0,,60.0,,60.0,,60.0,,60.0,,60.0,0.5634756159172937,0.9028445905027852,0.7897215989742881,0.43652438408270633,0.09715540949721482,1
Geophysical_model431,/home/lyara/areswave/models/Geophysical_model431.nd,nd,UNK,,,999.807,60.0,900.0,191.389,999.807,60.0,1116.249,16.634000000000015,1465.574,99.80700000000002,1680.229,60.0,0.9239349202832597,0.7231153648995521,0.7900552166941214,0.07606507971674022,0.2768846351004479,1
Geophysical_model237,/home/lyara/areswave/models/Geophysical_model237.nd,nd,UNK,,,949.523,60.0,900.0,190.596,949.523,60.0,1114.598,16.507000000000062,1461.256,99.04499999999985,1675.63,60.0,0.7428647859519493,0.8138480702180307,0.7901869754626704,0.2571352140480508,0.1861519297819693,1
Geophysical_model689,/home/lyara/areswave/models/Geophysical_model689.nd,nd,UNK,,,949.989,60.0,900.0,178.211,949.989,60.0,1116.619,16.66300000000001,1499.867,83.31500000000005,1681.259,60.0,0.7577294077822448,0.8065059145182746,0.790247078939598,0.24227059221775518,0.19349408548172545,1
Geophysical_model599,/home/lyara/areswave/models/Geophysical_model599.nd,nd,UNK,,,933.507,60.0,875.918,192.65700000000004,933.507,60.0,1117.798,33.506999999999834,1469.624,83.76800000000003,1684.543,60.0,0.7597693871033979,0.805993980300935,0.7905857825684226,0.2402306128966021,0.19400601969906497,1
Geophysical_model768,/home/lyara/areswave/models/Geophysical_model768.nd,nd,UNK,,,933.507,60.0,875.918,192.65700000000004,933.507,60.0,1117.798,33.506999999999834,1469.624,83.76800000000003,1684.543,60.0,0.7597693871033979,0.805993980300935,0.7905857825684226,0.2402306128966021,0.19400601969906497,1
AK_model_53,/home/lyara/areswave/models/AK_model_53.nd,nd,UNK,,,1012.109,60.0,833.338,25.53800000000001,1012.109,60.0,1114.263,102.154,1369.649,76.61600000000021,1656.21,60.0,0.8187684409406112,0.7770504127443323,0.7909564221430919,0.18123155905938884,0.22294958725566766,1
Geophysical_model506,/home/lyara/areswave/models/Geophysical_model506.nd,nd,UNK,,,1086.703,60.0,900.0,21.099000000000046,1086.703,60.0,1103.676,16.972999999999956,1460.108,118.81000000000017,1692.486,60.0,0.829934105842226,0.7722585713091723,0.791483749486857,0.1700658941577739,0.22774142869082764,1
Geophysical_model235,/home/lyara/areswave/models/Geophysical_model235.nd,nd,UNK,,,916.874,60.0,900.0,181.13800000000003,916.874,60.0,1102.492,16.874000000000024,1439.978,101.2460000000001,1688.913,60.0,0.8196009522710468,0.7775011030144853,0.7915343861000057,0.18039904772895324,0.22249889698551473,1
Geophysical_model735,/home/lyara/areswave/models/Geophysical_model735.nd,nd,UNK,,,900.0,60.0,900.0,179.56500000000005,900.0,60.0,1118.565,33.625,1488.445,100.87599999999998,1686.682,60.0,0.805865201550454,0.7850675015096774,0.7920000681899363,0.19413479844954595,0.21493249849032262,1
Geophysical_model843,/home/lyara/areswave/models/Geophysical_model843.nd,nd,UNK,,,900.0,60.0,900.0,183.55899999999997,900.0,60.0,1106.386,17.19900000000007,1467.561,85.99399999999991,1501.958,68.79599999999982,0.7762123120039406,0.8003442897024969,0.7923002971363114,0.2237876879960594,0.1996557102975031,1
Geophysical_model841,/home/lyara/areswave/models/Geophysical_model841.nd,nd,UNK,,,916.723,60.0,877.735,178.11699999999996,916.723,60.0,1117.396,33.44599999999991,1485.297,83.61400000000003,1683.425,60.0,0.8690024668109531,0.7540700852533404,0.792380879105878,0.13099753318904697,0.24592991474665954,1
Geophysical_model719,/home/lyara/areswave/models/Geophysical_model719.nd,nd,UNK,,,917.055,60.0,877.919,198.72500000000002,917.055,60.0,1121.71,34.108999999999924,1496.91,102.327,1695.441,60.0,0.796163959372869,0.7911474087615833,0.7928195922986786,0.20383604062713104,0.2088525912384167,1
Geophysical_model126,/home/lyara/areswave/models/Geophysical_model126.nd,nd,UNK,,,966.298,60.0,878.977,189.20799999999997,966.298,60.0,1115.469,16.57399999999984,1463.533,116.02199999999993,1678.056,60.0,0.7613876045276957,0.8085872672939283,0.7928540463718509,0.23861239547230434,0.19141273270607168,1
Geophysical_model774,/home/lyara/areswave/models/Geophysical_model774.nd,nd,UNK,,,1099.57,60.0,900.0,21.534999999999968,1099.57,60.0,1116.201,16.631000000000085,1465.45,99.78499999999985,1680.096,60.0,0.8648532911270376,0.7575822696543251,0.793339276811896,0.13514670887296243,0.24241773034567493,1
Geophysical_model162,/home/lyara/areswave/models/Geophysical_model162.nd,nd,UNK,,,983.983,60.0,900.0,186.25400000000002,983.983,60.0,1118.355,33.593000000000075,1487.879,100.779,1686.096,60.0,0.7920796174935574,0.794059443546352,0.7933995015287539,0.20792038250644262,0.20594055645364798,1
Geophysical_model27,/home/lyara/areswave/models/Geophysical_model27.nd,nd,UNK,,,983.983,60.0,900.0,186.25400000000002,983.983,60.0,1118.355,33.593000000000075,1487.879,100.779,1686.096,60.0,0.7920796174935574,0.794059443546352,0.7933995015287539,0.20792038250644262,0.20594055645364798,1
Geophysical_model9,/home/lyara/areswave/models/Geophysical_model9.nd,nd,UNK,,,949.517,60.0,900.0,192.452,949.517,60.0,1114.574,16.505999999999858,1444.688,115.53999999999996,1675.563,60.0,0.8051950752546516,0.7876342736605781,0.793487874191936,0.19480492474534838,0.2123657263394218,1
Geophysical_model900,/home/lyara/areswave/models/Geophysical_model900.nd,nd,UNK,,,916.728,60.0,875.978,192.17600000000004,916.728,60.0,1117.467,33.455999999999904,1485.488,83.64100000000008,1683.622,60.0,0.7006438447434553,0.8399579846270597,0.7935199379991916,0.29935615525654463,0.16004201537294033,1
Geophysical_model844,/home/lyara/areswave/models/Geophysical_model844.nd,nd,UNK,,,933.261,60.0,900.0,184.55899999999997,933.261,60.0,1116.199,16.630999999999858,1498.706,99.78399999999988,1680.091,60.0,0.8054056535098018,0.787667607126382,0.7935802892541886,0.1945943464901983,0.21233239287361808,1
MD_model71,/home/lyara/areswave/models/MD_model71.nd,nd,UNK,,,988.56,60.0,746.594,10.520000000000095,988.56,60.0,1114.804,178.8449999999998,1440.933,21.039999999999964,1605.599,60.0,0.6143817688655744,0.883655864194106,0.7938978324179288,0.38561823113442556,0.11634413580589395,1
Geophysical_model348,/home/lyara/areswave/models/Geophysical_model348.nd,nd,UNK,,,1032.872,60.0,877.308,181.53499999999997,1032.872,60.0,1132.525,33.2170000000001,1481.314,83.04500000000007,1679.303,60.0,0.7975520482421492,0.7920757943595428,0.7939012123204116,0.20244795175785085,0.20792420564045724,1
Geophysical_model790,/home/lyara/areswave/models/Geophysical_model790.nd,nd,UNK,,,900.0,60.0,900.0,197.837,900.0,60.0,1104.416,17.035000000000082,1479.179,102.20799999999986,1694.72,60.0,0.8294610732022305,0.7762581778579465,0.7939924763060411,0.17053892679776944,0.2237418221420535,1
Geophysical_model530,/home/lyara/areswave/models/Geophysical_model530.nd,nd,UNK,,,1086.696,60.0,900.0,21.399999999999977,1086.696,60.0,1103.669,16.97199999999998,1460.089,118.80700000000002,1692.465,60.0,0.8116896609398352,0.7856555619120207,0.7943335949212922,0.1883103390601648,0.21434443808797926,1
Geophysical_model650,/home/lyara/areswave/models/Geophysical_model650.nd,nd,UNK,,,916.714,60.0,876.024,191.80700000000002,916.714,60.0,1117.284,33.42800000000011,1484.996,83.57100000000014,1683.113,60.0,0.7052099177444989,0.8390033171247802,0.7944055173313531,0.2947900822555011,0.16099668287521982,1
Geophysical_model552,/home/lyara/areswave/models/Geophysical_model552.nd,nd,UNK,,,916.714,60.0,876.024,191.80700000000002,916.714,60.0,1117.284,33.42800000000011,1484.996,83.57100000000014,1683.113,60.0,0.7052099177444989,0.8390033171247802,0.7944055173313531,0.2947900822555011,0.16099668287521982,1
Geophysical_model675,/home/lyara/areswave/models/Geophysical_model675.nd,nd,UNK,,,1084.148,60.0,900.0,22.19100000000003,1084.148,60.0,1100.889,16.741000000000213,1469.186,100.44499999999994,1684.076,60.0,0.7225316023465529,0.8304738003635656,0.794493067691228,0.2774683976534471,0.16952619963643445,1
Geophysical_model611,/home/lyara/areswave/models/Geophysical_model611.nd,nd,UNK,,,1084.148,60.0,900.0,22.19100000000003,1084.148,60.0,1100.889,16.741000000000213,1469.186,100.44499999999994,1684.076,60.0,0.7225316023465529,0.8304738003635656,0.794493067691228,0.2774683976534471,0.16952619963643445,1
Geophysical_model846,/home/lyara/areswave/models/Geophysical_model846.nd,nd,UNK,,,916.714,60.0,900.0,188.96900000000005,916.714,60.0,1117.284,33.42800000000011,1468.281,83.57100000000014,1683.113,60.0,0.7388084339294894,0.8234066745656214,0.7952072610202441,0.2611915660705106,0.17659332543437853,1
AK_model_81,/home/lyara/areswave/models/AK_model_81.nd,nd,UNK,,,1048.351,60.0,819.977,25.375,1048.351,60.0,1276.724,50.749000000000024,1327.474,50.75,1686.823,60.0,0.6854627079369187,0.8501575742577377,0.7952592854841315,0.3145372920630813,0.14984242574226223,1
Geophysical_model400,/home/lyara/areswave/models/Geophysical_model400.nd,nd,UNK,,,949.523,60.0,900.0,191.149,949.523,60.0,1114.598,16.507000000000062,1461.256,99.04499999999985,1675.63,60.0,0.8597271968783768,0.7631448972493158,0.7953389971256696,0.14027280312162313,0.2368551027506842,1
Geophysical_model775,/home/lyara/areswave/models/Geophysical_model775.nd,nd,UNK,,,900.0,60.0,877.329,181.36699999999996,900.0,60.0,1119.204,33.72399999999993,1490.165,101.17100000000005,1688.461,60.0,0.775259516998152,0.8054014153839169,0.7953541159219952,0.22474048300184804,0.19459858461608312,1
Geophysical_model631,/home/lyara/areswave/models/Geophysical_model631.nd,nd,UNK,,,933.855,60.0,900.0,186.07600000000002,933.855,60.0,1120.056,33.85500000000002,1492.459,84.63700000000017,1690.835,60.0,0.6880499105965302,0.8493781638830038,0.7956020794541793,0.3119500894034698,0.15062183611699614,1
Geophysical_model516,/home/lyara/areswave/models/Geophysical_model516.nd,nd,UNK,,,1086.489,60.0,900.0,21.269000000000005,1086.489,60.0,1103.443,16.952999999999975,1459.467,118.67499999999995,1691.782,60.0,0.7894493907262968,0.7988802395658183,0.7957366232859778,0.2105506092737032,0.20111976043418162,1
Geophysical_model583,/home/lyara/areswave/models/Geophysical_model583.nd,nd,UNK,,,1086.489,60.0,900.0,21.158000000000015,1086.489,60.0,1103.443,16.952999999999975,1459.467,118.67499999999995,1691.782,60.0,0.8057141964951997,0.7909910214777464,0.7958987464835641,0.1942858035048003,0.2090089785222536,1
Geophysical_model665,/home/lyara/areswave/models/Geophysical_model665.nd,nd,UNK,,,1086.489,60.0,900.0,21.158000000000015,1086.489,60.0,1103.443,16.952999999999975,1459.467,118.67499999999995,1691.782,60.0,0.8057141964951997,0.7909910214777464,0.7958987464835641,0.1942858035048003,0.2090089785222536,1
Geophysical_model419,/home/lyara/areswave/models/Geophysical_model419.nd,nd,UNK,,,983.998,60.0,876.703,186.37300000000005,983.998,60.0,1118.394,33.59899999999993,1471.183,100.79700000000003,1686.203,60.0,0.8427557323835517,0.772487929048689,0.7959105301603099,0.1572442676164483,0.22751207095131104,1
Geophysical_model579,/home/lyara/areswave/models/Geophysical_model579.nd,nd,UNK,,,1099.489,60.0,900.0,21.019000000000005,1099.489,60.0,1116.113,16.624000000000024,1465.218,99.74500000000012,1679.849,60.0,0.7862920112941533,0.8009513686352114,0.796064916188192,0.21370798870584676,0.19904863136478856,1
Geophysical_model803,/home/lyara/areswave/models/Geophysical_model803.nd,nd,UNK,,,1099.489,60.0,900.0,21.019000000000005,1099.489,60.0,1116.113,16.624000000000024,1465.218,99.74500000000012,1679.849,60.0,0.7862920112941533,0.8009513686352114,0.796064916188192,0.21370798870584676,0.19904863136478856,1
Geophysical_model283,/home/lyara/areswave/models/Geophysical_model283.nd,nd,UNK,,,983.303,60.0,877.982,198.163,983.303,60.0,1116.588,16.660000000000082,1466.461,116.625,1681.173,60.0,0.8252371503528984,0.7814962003014876,0.7960765169852912,0.17476284964710165,0.21850379969851239,1
MD_model29,/home/lyara/areswave/models/MD_model29.nd,nd,UNK,,,986.476,60.0,738.622,183.197,986.476,60.0,1298.987,32.32900000000018,1352.868,53.881000000000085,1637.567,60.0,0.6342471204612188,0.877048903273761,0.7961149756695803,0.36575287953878116,0.12295109672623901,1
Geophysical_model543,/home/lyara/areswave/models/Geophysical_model543.nd,nd,UNK,,,1086.489,60.0,900.0,21.24599999999998,1086.489,60.0,1103.443,16.952999999999975,1459.467,118.67499999999995,1691.782,60.0,0.91341171862482,0.7375138201444373,0.7961464529712315,0.08658828137518008,0.2624861798555626,1
MD_model15,/home/lyara/areswave/models/MD_model15.nd,nd,UNK,,,994.191,60.0,802.191,10.66700000000003,994.191,60.0,1164.858,149.33400000000006,1463.525,192.0,1618.557,60.0,0.6668051953994796,0.8613692718245657,0.7965145796828703,0.33319480460052037,0.13863072817543434,1
Geophysical_model659,/home/lyara/areswave/models/Geophysical_model659.nd,nd,UNK,,,916.847,60.0,879.824,181.587,916.847,60.0,1119.005,33.69300000000021,1489.628,84.23299999999995,1687.906,60.0,0.8073544621941985,0.7913318201259109,0.79667270081534,0.19264553780580154,0.20866817987408917,1
Geophysical_model244,/home/lyara/areswave/models/Geophysical_model244.nd,nd,UNK,,,1099.378,60.0,900.0,179.28300000000002,1099.378,60.0,1115.993,16.614000000000033,1431.674,99.68900000000008,1679.515,60.0,0.8054509439912307,0.7926661640044894,0.7969277573334033,0.1945490560087692,0.20733383599551058,1
AK_model_74,/home/lyara/areswave/models/AK_model_74.nd,nd,UNK,,,1048.917,60.0,820.552,25.374000000000024,1048.917,60.0,1277.282,50.74799999999982,1328.03,50.74800000000005,1687.331,60.0,0.7679283263390188,0.8121435253317683,0.7974051256675184,0.23207167366098128,0.18785647466823174,1
Geophysical_model134,/home/lyara/areswave/models/Geophysical_model134.nd,nd,UNK,,,982.649,60.0,876.764,185.889,982.649,60.0,1114.887,16.529999999999973,1462.012,115.70799999999986,1676.435,60.0,0.8943538824971842,0.7491875500992604,0.7975763275652351,0.1056461175028158,0.2508124499007396,1
Geophysical_model763,/home/lyara/areswave/models/Geophysical_model763.nd,nd,UNK,,,950.013,60.0,900.0,182.67999999999995,950.013,60.0,1133.396,33.3420000000001,1483.489,66.68399999999997,1681.554,60.0,0.7052763054737876,0.844049327973786,0.7977916538071198,0.2947236945262124,0.155950672026214,1
Geophysical_model649,/home/lyara/areswave/models/Geophysical_model649.nd,nd,UNK,,,950.013,60.0,900.0,182.67999999999995,950.013,60.0,1133.396,33.3420000000001,1483.489,66.68399999999997,1681.554,60.0,0.7052763054737876,0.844049327973786,0.7977916538071198,0.2947236945262124,0.155950672026214,1
Geophysical_model640,/home/lyara/areswave/models/Geophysical_model640.nd,nd,UNK,,,900.0,60.0,877.345,181.23800000000006,900.0,60.0,1119.204,33.72399999999993,1490.165,101.17100000000005,1688.461,60.0,0.8427465847916483,0.7754844273675223,0.7979051465088977,0.15725341520835165,0.22451557263247768,1
Geophysical_model769,/home/lyara/areswave/models/Geophysical_model769.nd,nd,UNK,,,950.91,60.0,900.0,199.563,950.91,60.0,1137.578,33.940000000000055,1476.975,67.8789999999999,1692.373,60.0,0.7632027705259876,0.8155532387185543,0.7981030826543654,0.23679722947401244,0.18444676128144566,1
AK_model_80,/home/lyara/areswave/models/AK_model_80.nd,nd,UNK,,,1048.834,60.0,845.714,25.3900000000001,1048.834,60.0,1277.345,50.77999999999997,1328.125,50.7800000000002,1687.555,60.0,0.8957305920400405,0.7497710591063567,0.7984242367509179,0.10426940795995958,0.2502289408936433,1
Geophysical_model836,/home/lyara/areswave/models/Geophysical_model836.nd,nd,UNK,,,900.0,60.0,900.0,187.837,900.0,60.0,1115.838,16.60200000000009,1464.498,116.22000000000003,1679.083,60.0,0.7028023242241199,0.8466285817046815,0.7986864958778277,0.29719767577588,0.1533714182953185,1
Geophysical_model143,/home/lyara/areswave/models/Geophysical_model143.nd,nd,UNK,,,984.095,60.0,900.0,186.25400000000002,984.095,60.0,1118.647,33.63799999999992,1488.665,100.91399999999999,1686.91,60.0,0.75619315812411,0.8208708872645994,0.7993116442177697,0.24380684187589,0.17912911273540058,1
Geophysical_model817,/home/lyara/areswave/models/Geophysical_model817.nd,nd,UNK,,,950.91,60.0,900.0,185.16499999999996,950.91,60.0,1120.608,33.940000000000055,1476.975,84.84899999999993,1692.373,60.0,0.829456082053117,0.7843732172365306,0.7994008388420594,0.17054391794688295,0.21562678276346933,1
Geophysical_model990,/home/lyara/areswave/models/Geophysical_model990.nd,nd,UNK,,,950.721,60.0,900.0,183.73699999999997,950.721,60.0,1119.792,33.81400000000008,1491.747,84.53500000000008,1690.099,60.0,0.7523743573387314,0.8237456237503549,0.7999552016131469,0.24762564266126866,0.17625437624964507,1
MD_model81,/home/lyara/areswave/models/MD_model81.nd,nd,UNK,,,935.619,60.0,731.217,182.88599999999997,935.619,60.0,1290.631,53.79000000000019,1301.389,60.0,1629.021,60.0,0.7666026148626934,0.8170927413261441,0.8002626991716605,0.23339738513730662,0.18290725867385596,1
Geophysical_model385,/home/lyara/areswave/models/Geophysical_model385.nd,nd,UNK,,,999.801,60.0,900.0,191.803,999.801,60.0,1116.236,16.63299999999981,1498.807,99.80099999999993,1680.192,60.0,0.9036304093228239,0.7488295060049155,0.800429807110885,0.09636959067717614,0.25117049399508456,1
Geophysical_model326,/home/lyara/areswave/models/Geophysical_model326.nd,nd,UNK,,,1031.555,60.0,900.0,186.06500000000005,1031.555,60.0,1130.221,32.888999999999896,1491.996,82.221,1673.341,60.0,0.889480389529811,0.7562381874937023,0.8006522548390719,0.11051961047018895,0.24376181250629775,1
Geophysical_model115,/home/lyara/areswave/models/Geophysical_model115.nd,nd,UNK,,,966.552,60.0,900.0,195.293,966.552,60.0,1116.294,16.63799999999992,1465.692,99.82799999999997,1680.354,60.0,0.8628173483084414,0.7696194814611186,0.8006854370768929,0.1371826516915587,0.2303805185388814,1
Geophysical_model469,/home/lyara/areswave/models/Geophysical_model469.nd,nd,UNK,,,966.552,60.0,900.0,195.293,966.552,60.0,1116.294,16.63799999999992,1465.692,99.82799999999997,1680.354,60.0,0.8628173483084414,0.7696194814611186,0.8006854370768929,0.1371826516915587,0.2303805185388814,1
ceylan,/home/lyara/areswave/models/ceylan.nd,nd,UNK,,,1086.523,60.0,887.59,24.865999999999985,1086.523,60.0,1285.455,24.866999999999962,1360.055,74.60000000000014,1666.648,60.0,0.7956866926945079,0.8032788719899517,0.8007481455581371,0.2043133073054922,0.19672112801004824,1
AK_model_64,/home/lyara/areswave/models/AK_model_64.nd,nd,UNK,,,998.537,60.0,795.118,25.42700000000002,998.537,60.0,1151.102,101.71000000000004,1354.521,76.28199999999993,1688.766,60.0,0.6659772254779486,0.8691873125325563,0.801450616847687,0.3340227745220514,0.13081268746744365,1
Geophysical_model937,/home/lyara/areswave/models/Geophysical_model937.nd,nd,UNK,,,916.589,60.0,878.454,193.918,916.589,60.0,1115.651,16.588999999999942,1497.188,99.53100000000018,1678.564,60.0,0.6259976104230747,0.8892355877404626,0.8014895953013333,0.3740023895769254,0.1107644122595374,1
Geophysical_model518,/home/lyara/areswave/models/Geophysical_model518.nd,nd,UNK,,,950.781,60.0,900.0,184.07600000000002,950.781,60.0,1136.977,33.85400000000004,1492.442,67.70700000000011,1690.818,60.0,0.8446426456938875,0.7801300732740191,0.8016342640806419,0.1553573543061125,0.21986992672598096,1
Geophysical_model557,/home/lyara/areswave/models/Geophysical_model557.nd,nd,UNK,,,916.669,60.0,877.429,180.56799999999998,916.669,60.0,1116.699,33.337999999999965,1483.42,83.346,1681.482,60.0,0.7094035752176757,0.8483613498998126,0.8020420916724337,0.2905964247823242,0.15163865010018737,1
Geophysical_model814,/home/lyara/areswave/models/Geophysical_model814.nd,nd,UNK,,,1088.465,60.0,900.0,20.69500000000005,1088.465,60.0,1105.598,17.133000000000038,1465.394,102.79899999999998,1698.287,60.0,0.7966611706238648,0.8051509065224257,0.8023209945562387,0.2033388293761352,0.1948490934775743,1
Geophysical_model211,/home/lyara/areswave/models/Geophysical_model211.nd,nd,UNK,,,949.483,60.0,900.0,193.52599999999995,949.483,60.0,1114.426,16.494000000000142,1460.805,98.9659999999999,1675.15,60.0,0.7939297436298054,0.806682069501182,0.8024312942107231,0.20607025637019455,0.19331793049881796,1
Geophysical_model12,/home/lyara/areswave/models/Geophysical_model12.nd,nd,UNK,,,949.483,60.0,900.0,193.52599999999995,949.483,60.0,1114.426,16.494000000000142,1460.805,98.9659999999999,1675.15,60.0,0.7939297436298054,0.806682069501182,0.8024312942107231,0.20607025637019455,0.19331793049881796,1
Geophysical_model136,/home/lyara/areswave/models/Geophysical_model136.nd,nd,UNK,,,949.483,60.0,900.0,193.52599999999995,949.483,60.0,1114.426,16.494000000000142,1460.805,98.9659999999999,1675.15,60.0,0.7939297436298054,0.806682069501182,0.8024312942107231,0.20607025637019455,0.19331793049881796,1
AK_model_34,/home/lyara/areswave/models/AK_model_34.nd,nd,UNK,,,1087.427,60.0,875.207,26.527000000000044,1087.427,60.0,1299.646,26.52800000000002,1352.701,53.055000000000064,1695.247,60.0,0.8530981886485818,0.7771827436448373,0.8024878919794188,0.1469018113514182,0.22281725635516275,1
Geophysical_model357,/home/lyara/areswave/models/Geophysical_model357.nd,nd,UNK,,,949.68,60.0,900.0,188.74300000000005,949.68,60.0,1115.279,16.559999999999945,1446.478,99.3599999999999,1677.528,60.0,0.8217332249219917,0.792945722827776,0.8025415568591813,0.17826677507800828,0.20705427717222405,1
Geophysical_model772,/home/lyara/areswave/models/Geophysical_model772.nd,nd,UNK,,,933.784,60.0,900.0,183.01300000000003,933.784,60.0,1119.594,33.784000000000106,1491.215,84.45899999999983,1689.548,60.0,0.7657151035925767,0.8212025681966895,0.8027067466619853,0.23428489640742328,0.17879743180331056,1
Geophysical_model771,/home/lyara/areswave/models/Geophysical_model771.nd,nd,UNK,,,933.784,60.0,900.0,183.01300000000003,933.784,60.0,1119.594,33.784000000000106,1491.215,84.45899999999983,1689.548,60.0,0.7657151035925767,0.8212025681966895,0.8027067466619853,0.23428489640742328,0.17879743180331056,1
Geophysical_model884,/home/lyara/areswave/models/Geophysical_model884.nd,nd,UNK,,,933.365,60.0,900.0,186.28300000000002,933.365,60.0,1116.871,33.36500000000001,1483.885,83.41200000000003,1681.963,60.0,0.8114544829414301,0.7987771792030037,0.8030029471158125,0.18854551705856995,0.20122282079699624,1
Geophysical_model185,/home/lyara/areswave/models/Geophysical_model185.nd,nd,UNK,,,1001.288,60.0,861.569,192.154,1001.288,60.0,1119.457,33.76299999999992,1490.847,101.28800000000001,1689.167,60.0,0.8858853180827907,0.7617646436513978,0.8031382017951955,0.11411468191720928,0.2382353563486022,1
Geophysical_model598,/home/lyara/areswave/models/Geophysical_model598.nd,nd,UNK,,,933.261,60.0,900.0,182.73199999999997,933.261,60.0,1116.199,16.630999999999858,1498.706,83.154,1680.091,60.0,0.8286906732350509,0.7906193630625501,0.803309799786717,0.17130932676494917,0.2093806369374499,1
Geophysical_model172,/home/lyara/areswave/models/Geophysical_model172.nd,nd,UNK,,,966.367,60.0,900.0,189.356,966.367,60.0,1115.693,16.5920000000001,1464.12,116.14300000000003,1678.681,60.0,0.873247312214809,0.768539864042281,0.803442346766457,0.12675268778519103,0.23146013595771894,1
Geophysical_model30,/home/lyara/areswave/models/Geophysical_model30.nd,nd,UNK,,,966.367,60.0,900.0,189.356,966.367,60.0,1115.693,16.5920000000001,1464.12,116.14300000000003,1678.681,60.0,0.873247312214809,0.768539864042281,0.803442346766457,0.12675268778519103,0.23146013595771894,1
Geophysical_model29,/home/lyara/areswave/models/Geophysical_model29.nd,nd,UNK,,,966.367,60.0,900.0,189.356,966.367,60.0,1115.693,16.5920000000001,1464.12,116.14300000000003,1678.681,60.0,0.873247312214809,0.768539864042281,0.803442346766457,0.12675268778519103,0.23146013595771894,1
Geophysical_model600,/home/lyara/areswave/models/Geophysical_model600.nd,nd,UNK,,,1098.51,60.0,900.0,23.878000000000043,1098.51,60.0,1115.052,16.54300000000012,1462.444,99.25500000000011,1676.896,60.0,0.8136634464227454,0.7987593583235013,0.803727387689916,0.18633655357725465,0.20124064167649866,1
Geophysical_model10,/home/lyara/areswave/models/Geophysical_model10.nd,nd,UNK,,,983.111,60.0,878.833,190.50300000000004,983.111,60.0,1116.088,16.62200000000007,1465.153,116.35500000000002,1679.781,60.0,0.7415177111496747,0.835207869676218,0.8039778168340369,0.25848228885032526,0.164792130323782,1
Geophysical_model879,/home/lyara/areswave/models/Geophysical_model879.nd,nd,UNK,,,933.674,60.0,879.802,181.78499999999997,933.674,60.0,1118.884,33.67399999999998,1489.303,84.18600000000015,1687.57,60.0,0.8515120034839406,0.7804053076036535,0.8041075395637493,0.14848799651605935,0.2195946923963465,1
Geophysical_model707,/home/lyara/areswave/models/Geophysical_model707.nd,nd,UNK,,,933.674,60.0,879.802,181.78499999999997,933.674,60.0,1118.884,33.67399999999998,1489.303,84.18600000000015,1687.57,60.0,0.8515120034839406,0.7804053076036535,0.8041075395637493,0.14848799651605935,0.2195946923963465,1
Geophysical_model93,/home/lyara/areswave/models/Geophysical_model93.nd,nd,UNK,,,967.494,60.0,900.0,192.45299999999997,967.494,60.0,1119.357,33.74700000000007,1456.828,118.11599999999999,1688.886,60.0,0.6256317144223691,0.893486048496442,0.804201270471751,0.37436828557763085,0.10651395150355797,1
MD_model52,/home/lyara/areswave/models/MD_model52.nd,nd,UNK,,,1047.919,60.0,764.485,185.3230000000001,1047.919,60.0,1265.946,32.70399999999995,1331.354,54.50700000000006,1640.388,60.0,0.8467270282099162,0.78296101834105,0.8042163549640055,0.15327297179008376,0.21703898165894994,1
Geophysical_model679,/home/lyara/areswave/models/Geophysical_model679.nd,nd,UNK,,,933.365,60.0,900.0,185.19600000000003,933.365,60.0,1116.872,33.36500000000001,1483.886,83.41300000000001,1681.964,60.0,0.7843621007317872,0.8142364348046368,0.8042783234470203,0.21563789926821272,0.18576356519536322,1
Geophysical_model499,/home/lyara/areswave/models/Geophysical_model499.nd,nd,UNK,,,949.973,60.0,900.0,195.96500000000003,949.973,60.0,1116.548,16.656999999999925,1449.698,116.60299999999984,1681.061,60.0,0.8817796214950419,0.7662497577906501,0.8047597123587806,0.11822037850495817,0.2337502422093499,1
Geophysical_model339,/home/lyara/areswave/models/Geophysical_model339.nd,nd,UNK,,,949.973,60.0,900.0,195.96500000000003,949.973,60.0,1116.548,16.656999999999925,1449.698,116.60299999999984,1681.061,60.0,0.8817796214950419,0.7662497577906501,0.8047597123587806,0.11822037850495817,0.2337502422093499,1
Geophysical_model43,/home/lyara/areswave/models/Geophysical_model43.nd,nd,UNK,,,1099.378,60.0,900.0,180.832,1099.378,60.0,1115.993,16.614000000000033,1431.674,99.68900000000008,1679.515,60.0,0.8383850269134119,0.7882773059861037,0.8049798796285398,0.16161497308658812,0.21172269401389626,1
Geophysical_model206,/home/lyara/areswave/models/Geophysical_model206.nd,nd,UNK,,,916.863,60.0,900.0,181.38800000000003,916.863,60.0,1102.35,16.863000000000056,1439.601,101.17599999999993,1688.486,60.0,0.8664529337370188,0.7743703643883522,0.8050645541712411,0.1335470662629812,0.22562963561164778,1
Geophysical_model941,/home/lyara/areswave/models/Geophysical_model941.nd,nd,UNK,,,900.0,60.0,900.0,29.79600000000005,900.0,60.0,1101.736,16.810999999999922,1488.396,100.86799999999994,1686.632,60.0,0.8614853843299601,0.7771393187289394,0.8052546739292796,0.1385146156700399,0.22286068127106065,1
Geophysical_model685,/home/lyara/areswave/models/Geophysical_model685.nd,nd,UNK,,,933.11,60.0,877.665,178.67700000000002,933.11,60.0,1115.217,16.554999999999836,1495.986,99.33100000000013,1677.355,60.0,0.7363304679714289,0.839836360710589,0.8053343964642022,0.26366953202857113,0.16016363928941107,1
Geophysical_model249,/home/lyara/areswave/models/Geophysical_model249.nd,nd,UNK,,,967.872,60.0,900.0,181.00400000000002,967.872,60.0,1120.585,33.937000000000126,1459.948,101.80899999999997,1692.31,60.0,0.8165162047113057,0.8003386196273214,0.8057311479886495,0.18348379528869427,0.19966138037267853,1
Geophysical_model809,/home/lyara/areswave/models/Geophysical_model809.nd,nd,UNK,,,916.969,60.0,878.195,196.24400000000003,916.969,60.0,1120.603,33.93900000000008,1493.931,84.84699999999998,1692.359,60.0,0.6995799852422078,0.8590666412628746,0.805904422589319,0.30042001475779223,0.14093335873712542,1
Geophysical_model961,/home/lyara/areswave/models/Geophysical_model961.nd,nd,UNK,,,949.959,60.0,900.0,179.64999999999998,949.959,60.0,1133.142,33.305000000000064,1499.507,83.2650000000001,1680.897,60.0,0.5960382136185853,0.911007207905905,0.8060175431434651,0.40396178638141467,0.08899279209409507,1
Geophysical_model861,/home/lyara/areswave/models/Geophysical_model861.nd,nd,UNK,,,949.959,60.0,900.0,179.64999999999998,949.959,60.0,1133.142,33.305000000000064,1499.507,83.2650000000001,1680.897,60.0,0.5960382136185853,0.911007207905905,0.8060175431434651,0.40396178638141467,0.08899279209409507,1
AK_model_36,/home/lyara/areswave/models/AK_model_36.nd,nd,UNK,,,1018.238,60.0,808.87,26.17100000000005,1018.238,60.0,1227.606,104.6840000000002,1306.119,26.17100000000005,1673.647,60.0,0.8281440893758414,0.794976326090493,0.8060322471856091,0.1718559106241586,0.2050236739095071,1
Geophysical_model800,/home/lyara/areswave/models/Geophysical_model800.nd,nd,UNK,,,1088.334,60.0,900.0,20.74000000000001,1088.334,60.0,1105.456,17.121000000000095,1465.003,102.72800000000007,1697.857,60.0,0.8792382097784002,0.7696707688350417,0.8061932491494946,0.1207617902215998,0.23032923116495832,1
MD_model85,/home/lyara/areswave/models/MD_model85.nd,nd,UNK,,,997.953,60.0,716.651,183.928,997.953,60.0,1290.073,32.458000000000084,1333.35,86.55399999999986,1630.024,60.0,0.7006283768910362,0.859936352977339,0.8068336942819047,0.29937162310896387,0.1400636470226611,1
Geophysical_model522,/home/lyara/areswave/models/Geophysical_model522.nd,nd,UNK,,,916.711,60.0,877.48,180.159,916.711,60.0,1117.248,33.423,1484.898,83.55700000000002,1683.012,60.0,0.844155393537255,0.7882809617653282,0.8069057723559704,0.15584460646274503,0.21171903823467178,1
Geophysical_model921,/home/lyara/areswave/models/Geophysical_model921.nd,nd,UNK,,,916.674,60.0,877.608,179.13699999999994,916.674,60.0,1116.766,33.347999999999956,1483.6,83.37099999999987,1681.669,60.0,0.8374501939762715,0.7920976918621558,0.807215192566861,0.1625498060237285,0.2079023081378441,1
Geophysical_model871,/home/lyara/areswave/models/Geophysical_model871.nd,nd,UNK,,,1099.979,60.0,900.0,21.956999999999994,1099.979,60.0,1116.644,16.664999999999964,1466.608,116.6550000000002,1681.33,60.0,0.7604153890320072,0.8307822537229058,0.807326632159273,0.23958461096799274,0.16921774627709418,1
Geophysical_model825,/home/lyara/areswave/models/Geophysical_model825.nd,nd,UNK,,,916.714,60.0,876.157,190.74599999999998,916.714,60.0,1117.284,33.42800000000011,1484.996,83.57100000000014,1683.113,60.0,0.712683358009988,0.8547581348563125,0.8073998759075377,0.28731664199001195,0.14524186514368756,1
AK_model_6,/home/lyara/areswave/models/AK_model_6.nd,nd,UNK,,,1050.566,60.0,816.362,26.023000000000025,1050.566,60.0,1284.77,78.06799999999998,1310.793,26.02300000000014,1676.747,60.0,0.8627480619129313,0.7798064669351148,0.8074536652610537,0.13725193808706868,0.22019353306488518,1
Geophysical_model740,/home/lyara/areswave/models/Geophysical_model740.nd,nd,UNK,,,1098.51,60.0,900.0,23.918000000000006,1098.51,60.0,1115.052,16.54300000000012,1462.444,99.25500000000011,1676.896,60.0,0.7163653350058121,0.8537269818803462,0.8079397662555016,0.2836346649941878,0.14627301811965376,1
Geophysical_model257,/home/lyara/areswave/models/Geophysical_model257.nd,nd,UNK,,,967.872,60.0,900.0,180.54700000000003,967.872,60.0,1120.585,33.937000000000126,1459.948,101.80899999999997,1692.31,60.0,0.7949577467495849,0.8145926175697353,0.8080476606296852,0.20504225325041517,0.18540738243026472,1
Geophysical_model560,/home/lyara/areswave/models/Geophysical_model560.nd,nd,UNK,,,1099.489,60.0,900.0,21.346000000000004,1099.489,60.0,1116.113,16.624000000000024,1465.218,99.74500000000012,1679.849,60.0,0.7213049721010276,0.8519813175429637,0.8084225357289849,0.2786950278989723,0.14801868245703634,1
Geophysical_model550,/home/lyara/areswave/models/Geophysical_model550.nd,nd,UNK,,,1099.489,60.0,900.0,20.990999999999985,1099.489,60.0,1116.113,16.624000000000024,1465.218,99.74500000000012,1679.849,60.0,0.7064997273517727,0.8604475094025232,0.809131582052273,0.2935002726482273,0.13955249059747682,1
Geophysical_model703,/home/lyara/areswave/models/Geophysical_model703.nd,nd,UNK,,,1099.489,60.0,900.0,20.990999999999985,1099.489,60.0,1116.113,16.624000000000024,1465.218,99.74500000000012,1679.849,60.0,0.7064997273517727,0.8604475094025232,0.809131582052273,0.2935002726482273,0.13955249059747682,1
Geophysical_model641,/home/lyara/areswave/models/Geophysical_model641.nd,nd,UNK,,,916.669,60.0,877.464,180.28499999999997,916.669,60.0,1116.699,33.337999999999965,1483.42,83.346,1681.482,60.0,0.7258741028350859,0.8512332511839473,0.8094468684009936,0.27412589716491415,0.14876674881605265,1
Geophysical_model333,/home/lyara/areswave/models/Geophysical_model333.nd,nd,UNK,,,1098.133,60.0,900.0,196.23800000000006,1098.133,60.0,1147.666,33.02300000000014,1494.399,66.04399999999987,1675.759,60.0,0.8482874079834575,0.790068059517933,0.8094745090064412,0.15171259201654258,0.20993194048206693,1
Geophysical_model430,/home/lyara/areswave/models/Geophysical_model430.nd,nd,UNK,,,982.965,60.0,878.763,191.13199999999995,982.965,60.0,1115.708,16.592999999999847,1497.346,99.55799999999999,1678.723,60.0,0.7212666767745717,0.853656125707827,0.809526309396742,0.2787333232254283,0.14634387429217305,1
Geophysical_model351,/home/lyara/areswave/models/Geophysical_model351.nd,nd,UNK,,,916.856,60.0,900.0,181.22000000000003,916.856,60.0,1102.271,16.855999999999995,1439.389,101.13499999999999,1688.246,60.0,0.7845896221172841,0.8223027023168644,0.809731675583671,0.21541037788271594,0.17769729768313558,1
Geophysical_model951,/home/lyara/areswave/models/Geophysical_model951.nd,nd,UNK,,,933.943,60.0,900.0,186.07399999999996,933.943,60.0,1120.631,33.942999999999984,1477.036,84.85800000000017,1692.437,60.0,0.8144796156357476,0.8075143692201174,0.8098361180253275,0.18552038436425244,0.19248563077988254,1
Geophysical_model567,/home/lyara/areswave/models/Geophysical_model567.nd,nd,UNK,,,933.943,60.0,900.0,186.05499999999995,933.943,60.0,1120.631,33.942999999999984,1477.036,84.85800000000017,1692.437,60.0,0.8144796156357476,0.8075143692201174,0.8098361180253275,0.18552038436425244,0.19248563077988254,1
Geophysical_model869,/home/lyara/areswave/models/Geophysical_model869.nd,nd,UNK,,,933.943,60.0,900.0,186.05499999999995,933.943,60.0,1120.631,33.942999999999984,1477.036,84.85800000000017,1692.437,60.0,0.8144796156357476,0.8075143692201174,0.8098361180253275,0.18552038436425244,0.19248563077988254,1
Geophysical_model743,/home/lyara/areswave/models/Geophysical_model743.nd,nd,UNK,,,1086.489,60.0,900.0,21.32299999999998,1086.489,60.0,1103.443,16.952999999999975,1459.467,118.67499999999995,1691.782,60.0,0.8276395244772015,0.8023186210808112,0.8107589222129413,0.1723604755227985,0.1976813789191888,1
Geophysical_model399,/home/lyara/areswave/models/Geophysical_model399.nd,nd,UNK,,,1098.226,60.0,900.0,179.57600000000002,1098.226,60.0,1114.745,16.519000000000005,1445.122,99.11300000000006,1676.04,60.0,0.7947524528552552,0.8188640486901706,0.8108268500785322,0.20524754714474475,0.18113595130982946,1
Geophysical_model892,/home/lyara/areswave/models/Geophysical_model892.nd,nd,UNK,,,933.943,60.0,900.0,185.966,933.943,60.0,1120.631,33.942999999999984,1477.036,84.85800000000017,1692.437,60.0,0.669052326690068,0.881737953830145,0.8108427447834526,0.330947673309932,0.118262046169855,1
Geophysical_model517,/home/lyara/areswave/models/Geophysical_model517.nd,nd,UNK,,,933.327,60.0,900.0,186.16499999999996,933.327,60.0,1116.628,16.663999999999987,1499.894,83.31899999999996,1681.286,60.0,0.8509870716805638,0.7917370211837872,0.811487038016046,0.14901292831943622,0.20826297881621278,1
Geophysical_model450,/home/lyara/areswave/models/Geophysical_model450.nd,nd,UNK,,,966.559,60.0,900.0,181.65099999999995,966.559,60.0,1116.317,16.638999999999896,1465.751,99.83900000000017,1680.417,60.0,0.8483716154494925,0.7932391179902368,0.8116166171433221,0.15162838455050756,0.20676088200976314,1
Geophysical_model776,/home/lyara/areswave/models/Geophysical_model776.nd,nd,UNK,,,916.728,60.0,900.0,193.20899999999995,916.728,60.0,1117.459,33.455999999999904,1468.739,83.63800000000015,1683.6,60.0,0.8530002600480191,0.7922265820710811,0.8124844747300605,0.14699973995198093,0.20777341792891893,1
AK_model_51,/home/lyara/areswave/models/AK_model_51.nd,nd,UNK,,,1018.843,60.0,822.06,24.59699999999998,1018.843,60.0,1289.418,122.9889999999998,1486.2,172.18399999999997,1667.832,60.0,0.7270184309359393,0.8555699090076468,0.8127194163170777,0.2729815690640607,0.14443009099235316,1
Geophysical_model53,/home/lyara/areswave/models/Geophysical_model53.nd,nd,UNK,,,966.508,60.0,900.0,193.79899999999998,966.508,60.0,1116.152,16.626999999999953,1465.32,99.76199999999994,1679.958,60.0,0.8510035152789128,0.7937146870012564,0.8128109630938085,0.14899648472108717,0.20628531299874361,1
Geophysical_model208,/home/lyara/areswave/models/Geophysical_model208.nd,nd,UNK,,,966.508,60.0,900.0,193.79899999999998,966.508,60.0,1116.152,16.626999999999953,1465.32,99.76199999999994,1679.958,60.0,0.8510035152789128,0.7937146870012564,0.8128109630938085,0.14899648472108717,0.20628531299874361,1
Geophysical_model190,/home/lyara/areswave/models/Geophysical_model190.nd,nd,UNK,,,966.508,60.0,900.0,193.79899999999998,966.508,60.0,1116.152,16.626999999999953,1465.32,99.76199999999994,1679.958,60.0,0.8510035152789128,0.7937146870012564,0.8128109630938085,0.14899648472108717,0.20628531299874361,1
Geophysical_model746,/home/lyara/areswave/models/Geophysical_model746.nd,nd,UNK,,,966.806,60.0,900.0,177.86599999999999,966.806,60.0,1133.823,33.40299999999979,1484.557,66.80700000000002,1682.659,60.0,0.7389032608660591,0.8498491180625717,0.8128671656637341,0.261096739133941,0.1501508819374283,1
MD_model34,/home/lyara/areswave/models/MD_model34.nd,nd,UNK,,,1024.891,60.0,743.373,194.89800000000002,1024.891,60.0,1295.582,21.6550000000002,1371.376,75.79299999999989,1635.565,60.0,0.6451300046765474,0.8968743619969289,0.8129595762234684,0.3548699953234526,0.10312563800307109,1
Geophysical_model606,/home/lyara/areswave/models/Geophysical_model606.nd,nd,UNK,,,916.576,60.0,877.86,199.25699999999995,916.576,60.0,1115.491,16.576000000000022,1496.743,99.45699999999988,1678.117,60.0,0.6970261134595783,0.8712443349891166,0.8131715944792705,0.30297388654042173,0.12875566501088345,1
Geophysical_model770,/home/lyara/areswave/models/Geophysical_model770.nd,nd,UNK,,,950.781,60.0,900.0,183.56899999999996,950.781,60.0,1136.977,33.85400000000004,1492.442,67.70700000000011,1690.818,60.0,0.7559567512267062,0.841799105188129,0.8131849872009881,0.2440432487732938,0.15820089481187108,1
Geophysical_model610,/home/lyara/areswave/models/Geophysical_model610.nd,nd,UNK,,,916.648,60.0,900.0,179.42899999999997,916.648,60.0,1116.419,16.64799999999991,1482.668,99.88499999999999,1680.704,60.0,0.791892180153855,0.8238620806239353,0.8132054471339085,0.208107819846145,0.17613791937606468,1
Geophysical_model976,/home/lyara/areswave/models/Geophysical_model976.nd,nd,UNK,,,916.837,60.0,900.0,181.46799999999996,916.837,60.0,1118.884,33.67399999999998,1489.303,84.18600000000015,1687.57,60.0,0.7643795879719268,0.8378413238599053,0.8133540785639125,0.23562041202807318,0.1621586761400947,1
Geophysical_model981,/home/lyara/areswave/models/Geophysical_model981.nd,nd,UNK,,,933.4,60.0,900.0,184.236,933.4,60.0,1117.102,33.399999999999864,1484.505,83.5010000000002,1682.605,60.0,0.784012036400801,0.8280818547772574,0.8133919153184386,0.21598796359919897,0.1719181452227426,1
MD_model75,/home/lyara/areswave/models/MD_model75.nd,nd,UNK,,,1024.463,60.0,849.461,10.294999999999959,1024.463,60.0,1240.642,51.471000000000004,1302.407,123.53100000000018,1508.292,60.6840000000002,0.5740932413195575,0.9331515279208452,0.8134654323870826,0.4259067586804425,0.06684847207915481,1
Geophysical_model826,/home/lyara/areswave/models/Geophysical_model826.nd,nd,UNK,,,1088.334,60.0,900.0,20.698999999999955,1088.334,60.0,1105.456,17.121000000000095,1465.003,119.85000000000014,1697.857,60.0,0.8016436333018817,0.8193773236259851,0.8134660935179507,0.19835636669811826,0.1806226763740148,1
Geophysical_model958,/home/lyara/areswave/models/Geophysical_model958.nd,nd,UNK,,,900.0,60.0,900.0,188.84000000000003,900.0,60.0,1116.0,16.61500000000001,1498.154,99.69200000000001,1679.536,60.0,0.789885276598981,0.8255031106609402,0.8136304993069539,0.210114723401019,0.17449688933905985,1
Geophysical_model910,/home/lyara/areswave/models/Geophysical_model910.nd,nd,UNK,,,950.007,60.0,900.0,179.014,950.007,60.0,1133.367,33.337999999999965,1483.418,66.67599999999993,1681.481,60.0,0.8497877514325062,0.7955683259926205,0.8136414678059157,0.1502122485674938,0.2044316740073795,1
Geophysical_model858,/home/lyara/areswave/models/Geophysical_model858.nd,nd,UNK,,,933.805,60.0,900.0,184.51800000000003,933.805,60.0,1119.733,33.805000000000064,1491.589,84.51299999999992,1689.935,60.0,0.8745510487452257,0.7835157527246557,0.813860851398179,0.12544895125477426,0.21648424727534435,1
Geophysical_model855,/home/lyara/areswave/models/Geophysical_model855.nd,nd,UNK,,,916.736,60.0,875.945,192.44100000000003,916.736,60.0,1117.572,33.47199999999998,1469.034,83.68100000000004,1683.914,60.0,0.6487884601200719,0.8968743555773344,0.8141790570915802,0.35121153987992815,0.10312564442266554,1
Geophysical_model205,/home/lyara/areswave/models/Geophysical_model205.nd,nd,UNK,,,965.752,60.0,900.0,182.01,965.752,60.0,1113.693,16.437000000000126,1458.888,115.06499999999983,1673.108,60.0,0.8127879130108424,0.8153916797647714,0.8145237575134617,0.1872120869891576,0.18460832023522852,1
Geophysical_model238,/home/lyara/areswave/models/Geophysical_model238.nd,nd,UNK,,,983.209,60.0,877.982,198.163,983.209,60.0,1116.342,16.641999999999825,1465.818,116.49200000000019,1680.489,60.0,0.8072688436273958,0.8182477125611812,0.8145880895832528,0.19273115637260416,0.1817522874388188,1
Geophysical_model914,/home/lyara/areswave/models/Geophysical_model914.nd,nd,UNK,,,916.754,60.0,875.916,192.673,916.754,60.0,1117.798,33.506999999999834,1486.378,83.76800000000003,1684.543,60.0,0.8442082494841888,0.7998244937945678,0.8146190790244415,0.1557917505158112,0.20017550620543226,1
Geophysical_model551,/home/lyara/areswave/models/Geophysical_model551.nd,nd,UNK,,,916.754,60.0,875.916,192.673,916.754,60.0,1117.798,33.506999999999834,1486.378,83.76800000000003,1684.543,60.0,0.8442082494841888,0.7998244937945678,0.8146190790244415,0.1557917505158112,0.20017550620543226,1
MD_model45,/home/lyara/areswave/models/MD_model45.nd,nd,UNK,,,966.263,60.0,741.442,194.164,966.263,60.0,1262.617,30.6579999999999,1334.151,51.096000000000004,1497.657,60.0,0.6405204043740644,0.9019722252606368,0.814821618298446,0.35947959562593557,0.09802777473936318,1
MD_model51,/home/lyara/areswave/models/MD_model51.nd,nd,UNK,,,983.045,60.0,717.402,191.26300000000003,983.045,60.0,1291.191,31.87799999999993,1354.945,74.37999999999988,1605.669,60.0,0.8364639033122206,0.8040465136389515,0.8148523101967079,0.16353609668777938,0.19595348636104845,1
Geophysical_model28,/home/lyara/areswave/models/Geophysical_model28.nd,nd,UNK,,,999.738,60.0,900.0,196.45899999999995,999.738,60.0,1116.099,16.623000000000047,1465.181,99.73799999999983,1679.811,60.0,0.9042214053989157,0.7703234451267864,0.8149560985508296,0.09577859460108426,0.22967655487321365,1
Geophysical_model983,/home/lyara/areswave/models/Geophysical_model983.nd,nd,UNK,,,933.343,60.0,900.0,178.96400000000006,933.343,60.0,1116.73,33.343000000000075,1483.505,83.35800000000017,1681.57,60.0,0.7474595475694616,0.8487788028246042,0.8150057177395565,0.25254045243053835,0.1512211971753959,1
Geophysical_model320,/home/lyara/areswave/models/Geophysical_model320.nd,nd,UNK,,,983.203,60.0,878.839,190.447,983.203,60.0,1116.329,16.6400000000001,1465.783,116.48400000000015,1680.452,60.0,0.8531321821879222,0.7960706809261199,0.8150911813467207,0.14686781781207783,0.20392931907388015,1
Geophysical_model434,/home/lyara/areswave/models/Geophysical_model434.nd,nd,UNK,,,983.203,60.0,878.839,190.447,983.203,60.0,1116.329,16.6400000000001,1465.783,116.48400000000015,1680.452,60.0,0.8531321821879222,0.7960706809261199,0.8150911813467207,0.14686781781207783,0.20392931907388015,1
Geophysical_model118,/home/lyara/areswave/models/Geophysical_model118.nd,nd,UNK,,,965.822,60.0,859.686,181.41200000000003,965.822,60.0,1113.92,16.455999999999904,1459.484,115.1869999999999,1673.742,60.0,0.823732649656657,0.8108509876785441,0.8151448750045818,0.17626735034334298,0.18914901232145587,1
Geophysical_model896,/home/lyara/areswave/models/Geophysical_model896.nd,nd,UNK,,,900.0,60.0,900.0,198.32500000000005,900.0,60.0,1104.416,17.035000000000082,1479.179,102.20799999999986,1694.72,60.0,0.9194853147849873,0.7631702233269286,0.8152752538129482,0.08051468521501268,0.2368297766730713,1
Geophysical_model722,/home/lyara/areswave/models/Geophysical_model722.nd,nd,UNK,,,900.0,60.0,900.0,22.447000000000003,900.0,60.0,1101.621,16.801999999999907,1488.061,100.81099999999992,1686.284,60.0,0.8035078148079672,0.8214965689950764,0.8155003175993732,0.1964921851920328,0.17850343100492364,1
CD_model23,/home/lyara/areswave/models/CD_model23.nd,nd,UNK,,,,60.0,,60.0,,60.0,,60.0,,60.0,,60.0,0.5504987999253907,0.9481548967500281,0.815602864475149,0.4495012000746092,0.051845103249971984,1
Geophysical_model805,/home/lyara/areswave/models/Geophysical_model805.nd,nd,UNK,,,1085.08,60.0,900.0,29.801000000000045,1085.08,60.0,1101.905,16.826000000000022,1455.24,117.77800000000002,1687.143,60.0,0.8469095981967227,0.8001423832092838,0.8157314548717635,0.15309040180327724,0.19985761679071617,1
Geophysical_model808,/home/lyara/areswave/models/Geophysical_model808.nd,nd,UNK,,,916.724,60.0,900.0,188.91700000000003,916.724,60.0,1117.416,33.44800000000009,1468.626,83.62099999999987,1683.48,60.0,0.7915671757074269,0.8280570964649592,0.8158937895457817,0.20843282429257312,0.17194290353504085,1
Geophysical_model904,/home/lyara/areswave/models/Geophysical_model904.nd,nd,UNK,,,950.128,60.0,900.0,199.44500000000005,950.128,60.0,1133.929,50.12799999999993,1484.824,66.83699999999999,1682.935,60.0,0.8321959282710543,0.8077931220695401,0.8159273908033781,0.1678040717289457,0.19220687793045987,1
Geophysical_model795,/home/lyara/areswave/models/Geophysical_model795.nd,nd,UNK,,,900.0,60.0,900.0,21.48599999999999,900.0,60.0,1116.829,33.35799999999995,1483.771,100.07500000000005,1681.845,60.0,0.844988092647881,0.8014688520329186,0.8159752655712394,0.15501190735211903,0.19853114796708138,1
Geophysical_model818,/home/lyara/areswave/models/Geophysical_model818.nd,nd,UNK,,,966.709,60.0,900.0,193.66600000000005,966.709,60.0,1133.481,33.35500000000002,1483.703,66.70900000000006,1681.776,60.0,0.8275124152072965,0.8102266304698063,0.8159885587156364,0.17248758479270357,0.18977336953019375,1
Geophysical_model832,/home/lyara/areswave/models/Geophysical_model832.nd,nd,UNK,,,949.951,60.0,900.0,180.49300000000005,949.951,60.0,1116.453,16.65000000000009,1499.409,83.2510000000002,1680.798,60.0,0.747719983918278,0.850308666564011,0.8161124390154333,0.25228001608172207,0.14969133343598895,1
Geophysical_model294,/home/lyara/areswave/models/Geophysical_model294.nd,nd,UNK,,,1001.298,60.0,861.612,191.938,1001.298,60.0,1119.479,33.76700000000005,1474.023,101.298,1689.229,60.0,0.9019143053944458,0.7733962702571329,0.8162356153029039,0.0980856946055542,0.2266037297428671,1
Geophysical_model67,/home/lyara/areswave/models/Geophysical_model67.nd,nd,UNK,,,1017.871,60.0,900.0,184.98900000000003,1017.871,60.0,1135.742,16.838999999999942,1489.354,84.19299999999998,1687.623,60.0,0.7950239011715332,0.8269167806526605,0.8162858208256182,0.20497609882846685,0.17308321934733947,1
Geophysical_model51,/home/lyara/areswave/models/Geophysical_model51.nd,nd,UNK,,,983.004,60.0,878.652,192.13599999999997,983.004,60.0,1115.809,16.601000000000113,1481.025,116.20499999999993,1679.004,60.0,0.9312403749711052,0.7590554603069871,0.8164504318616932,0.06875962502889481,0.24094453969301285,1
Geophysical_model13,/home/lyara/areswave/models/Geophysical_model13.nd,nd,UNK,,,1000.969,60.0,876.459,188.33000000000004,1000.969,60.0,1135.595,33.65599999999995,1488.989,100.97000000000003,1687.244,60.0,0.8692698303414399,0.790214200213193,0.8165660769226086,0.13073016965856016,0.20978579978680703,1
Geophysical_model955,/home/lyara/areswave/models/Geophysical_model955.nd,nd,UNK,,,949.954,60.0,900.0,178.87599999999998,949.954,60.0,1133.117,33.30300000000011,1482.794,83.25599999999986,1680.834,60.0,0.8028812550799287,0.8234939478228553,0.8166230502418799,0.19711874492007128,0.17650605217714463,1
Geophysical_model535,/home/lyara/areswave/models/Geophysical_model535.nd,nd,UNK,,,950.109,60.0,900.0,178.34699999999998,950.109,60.0,1133.844,33.40599999999995,1484.609,66.8119999999999,1682.713,60.0,0.8173745921732888,0.8163346966304493,0.8166813284780625,0.18262540782671122,0.1836653033695507,1
Geophysical_model712,/home/lyara/areswave/models/Geophysical_model712.nd,nd,UNK,,,916.714,60.0,900.0,193.20000000000005,916.714,60.0,1117.28,33.42699999999991,1484.983,83.56899999999996,1683.1,60.0,0.7381089559570435,0.856492843246271,0.8170315474831952,0.2618910440429565,0.14350715675372908,1
MD_model70,/home/lyara/areswave/models/MD_model70.nd,nd,UNK,,,1005.796,60.0,809.43,10.335000000000036,1005.796,60.0,1243.502,165.3610000000001,1439.868,165.3610000000001,1592.774,60.0,0.7097408462083685,0.87117405287123,0.8173629839836094,0.29025915379163153,0.12882594712877005,1
Geophysical_model285,/home/lyara/areswave/models/Geophysical_model285.nd,nd,UNK,,,949.973,60.0,900.0,194.57500000000005,949.973,60.0,1116.548,16.656999999999925,1449.698,99.94499999999994,1681.061,60.0,0.7989304570769855,0.8271258858206574,0.8177274095727668,0.20106954292301446,0.17287411417934256,1
Geophysical_model427,/home/lyara/areswave/models/Geophysical_model427.nd,nd,UNK,,,949.973,60.0,900.0,194.57500000000005,949.973,60.0,1116.548,16.656999999999925,1449.698,99.94499999999994,1681.061,60.0,0.7989304570769855,0.8271258858206574,0.8177274095727668,0.20106954292301446,0.17287411417934256,1
Geophysical_model582,/home/lyara/areswave/models/Geophysical_model582.nd,nd,UNK,,,916.922,60.0,900.0,183.74300000000005,916.922,60.0,1119.984,33.84400000000005,1475.344,84.60900000000015,1690.635,60.0,0.8047118590001481,0.8242835319531236,0.8177596409687985,0.19528814099985187,0.17571646804687632,1
Geophysical_model856,/home/lyara/areswave/models/Geophysical_model856.nd,nd,UNK,,,933.454,60.0,900.0,180.49900000000002,933.454,60.0,1134.179,33.45400000000018,1485.447,66.9079999999999,1683.58,60.0,0.7341949314760277,0.859598535111797,0.817797333899874,0.2658050685239723,0.1404014648882031,1
Geophysical_model150,/home/lyara/areswave/models/Geophysical_model150.nd,nd,UNK,,,1099.378,60.0,900.0,179.668,1099.378,60.0,1115.993,16.614000000000033,1431.674,99.68900000000008,1679.515,60.0,0.8674888328504736,0.7934827348479059,0.8181514341820951,0.13251116714952635,0.20651726515209406,1
Geophysical_model531,/home/lyara/areswave/models/Geophysical_model531.nd,nd,UNK,,,950.068,60.0,900.0,179.99099999999999,950.068,60.0,1133.65,50.067999999999984,1484.125,66.75700000000006,1682.212,60.0,0.7815737966540833,0.8365064545654909,0.8181955685950216,0.2184262033459167,0.16349354543450909,1
Geophysical_model948,/home/lyara/areswave/models/Geophysical_model948.nd,nd,UNK,,,933.856,60.0,900.0,185.25800000000004,933.856,60.0,1120.061,33.855999999999995,1475.545,84.6389999999999,1690.849,60.0,0.8120053471894011,0.8213751743874548,0.8182518986547702,0.18799465281059896,0.17862482561254525,1
Geophysical_model811,/home/lyara/areswave/models/Geophysical_model811.nd,nd,UNK,,,900.0,60.0,900.0,181.49800000000005,900.0,60.0,1106.522,17.210000000000036,1467.935,86.04999999999995,1502.356,68.83999999999992,0.7921126697593989,0.8315956498392002,0.8184346564792664,0.20788733024060113,0.16840435016079983,1
Geophysical_model959,/home/lyara/areswave/models/Geophysical_model959.nd,nd,UNK,,,900.0,60.0,900.0,181.49800000000005,900.0,60.0,1106.522,17.210000000000036,1467.935,86.04999999999995,1502.356,68.83999999999992,0.7921126697593989,0.8315956498392002,0.8184346564792664,0.20788733024060113,0.16840435016079983,1
Geophysical_model842,/home/lyara/areswave/models/Geophysical_model842.nd,nd,UNK,,,950.91,60.0,900.0,184.808,950.91,60.0,1120.608,33.940000000000055,1476.975,84.84899999999993,1692.373,60.0,0.8382539274098704,0.808633477197851,0.8185069606018575,0.1617460725901296,0.191366522802149,1
Geophysical_model916,/home/lyara/areswave/models/Geophysical_model916.nd,nd,UNK,,,916.693,60.0,900.0,178.836,916.693,60.0,1117.015,33.386000000000195,1484.271,83.46699999999987,1682.363,60.0,0.6666668661410293,0.8946456220561028,0.818652703417745,0.3333331338589706,0.10535437794389725,1
MD_model44,/home/lyara/areswave/models/MD_model44.nd,nd,UNK,,,921.056,60.0,890.938,140.55100000000004,921.056,60.0,1262.393,70.27499999999986,1302.55,40.15800000000013,1483.258,61.49199999999996,0.7503080551669417,0.8528430150775709,0.8186646951073611,0.24969194483305834,0.1471569849224291,1
Geophysical_model44,/home/lyara/areswave/models/Geophysical_model44.nd,nd,UNK,,,983.376,60.0,857.898,189.46000000000004,983.376,60.0,1116.777,33.34999999999991,1466.955,100.05100000000016,1681.7,60.0,0.8005195779909218,0.8277429592057135,0.818668498800783,0.19948042200907828,0.17225704079428644,1
Geophysical_model529,/home/lyara/areswave/models/Geophysical_model529.nd,nd,UNK,,,916.577,60.0,878.227,195.957,916.577,60.0,1115.503,16.576999999999998,1480.2,99.46299999999997,1678.151,60.0,0.7342592244600936,0.8611562450195205,0.8188572381663782,0.2657407755399064,0.13884375498047957,1
Geophysical_model801,/home/lyara/areswave/models/Geophysical_model801.nd,nd,UNK,,,966.694,60.0,900.0,192.625,966.694,60.0,1133.428,33.346000000000004,1483.57,66.69399999999996,1681.638,60.0,0.6656550837965887,0.8954712195513881,0.818865840966455,0.3343449162034113,0.10452878044861186,1
Geophysical_model838,/home/lyara/areswave/models/Geophysical_model838.nd,nd,UNK,,,916.965,60.0,878.056,197.49199999999996,916.965,60.0,1120.546,33.930000000000064,1476.812,101.79099999999994,1692.199,60.0,0.768127759409815,0.8447683176072448,0.8192214648747682,0.23187224059018502,0.1552316823927552,1
Geophysical_model585,/home/lyara/areswave/models/Geophysical_model585.nd,nd,UNK,,,916.965,60.0,878.056,197.49199999999996,916.965,60.0,1120.546,33.930000000000064,1476.812,101.79099999999994,1692.199,60.0,0.768127759409815,0.8447683176072448,0.8192214648747682,0.23187224059018502,0.1552316823927552,1
Geophysical_model716,/home/lyara/areswave/models/Geophysical_model716.nd,nd,UNK,,,916.965,60.0,878.056,197.49199999999996,916.965,60.0,1120.546,33.930000000000064,1476.812,101.79099999999994,1692.199,60.0,0.768127759409815,0.8447683176072448,0.8192214648747682,0.23187224059018502,0.1552316823927552,1
Geophysical_model376,/home/lyara/areswave/models/Geophysical_model376.nd,nd,UNK,,,983.203,60.0,878.839,190.45100000000002,983.203,60.0,1116.329,16.6400000000001,1465.783,99.84400000000005,1680.452,60.0,0.8410768787714076,0.8083312349080468,0.819246449529167,0.1589231212285924,0.1916687650919532,1
Geophysical_model936,/home/lyara/areswave/models/Geophysical_model936.nd,nd,UNK,,,1086.703,60.0,900.0,21.596000000000004,1086.703,60.0,1103.676,16.972999999999956,1460.108,118.81000000000017,1692.486,60.0,0.7939119282035865,0.8320921027843973,0.819365377924127,0.20608807179641356,0.16790789721560273,1
AK_model_99,/home/lyara/areswave/models/AK_model_99.nd,nd,UNK,,,1043.821,60.0,773.927,26.989000000000033,1043.821,60.0,1286.726,53.97900000000004,1313.715,53.97900000000004,1712.601,60.0,0.7731963579658222,0.8431448951749692,0.8198287161052535,0.2268036420341778,0.1568551048250309,1
Geophysical_model635,/home/lyara/areswave/models/Geophysical_model635.nd,nd,UNK,,,916.706,60.0,900.0,188.09299999999996,916.706,60.0,1117.178,33.412000000000035,1484.711,83.52999999999997,1682.818,60.0,0.7104178907645853,0.874682373182083,0.8199275457095837,0.28958210923541466,0.12531762681791703,1
Geophysical_model615,/home/lyara/areswave/models/Geophysical_model615.nd,nd,UNK,,,900.0,60.0,900.0,21.485000000000014,900.0,60.0,1116.829,33.35799999999995,1467.092,100.07500000000005,1681.845,60.0,0.85721032608153,0.8013662387023384,0.8199809344954022,0.14278967391846992,0.1986337612976616,1
Geophysical_model891,/home/lyara/areswave/models/Geophysical_model891.nd,nd,UNK,,,933.072,60.0,900.0,199.226,933.072,60.0,1114.966,16.536000000000058,1495.291,82.67899999999986,1676.656,60.0,0.7528960455370958,0.853873422674734,0.8202142969621878,0.2471039544629042,0.146126577325266,1
Geophysical_model915,/home/lyara/areswave/models/Geophysical_model915.nd,nd,UNK,,,950.085,60.0,900.0,182.60699999999997,950.085,60.0,1133.728,33.3900000000001,1484.32,66.779,1682.414,60.0,0.7823190894400497,0.8392972901806709,0.8203045566004638,0.21768091055995029,0.16070270981932908,1
Geophysical_model863,/home/lyara/areswave/models/Geophysical_model863.nd,nd,UNK,,,950.526,60.0,900.0,171.76099999999997,950.526,60.0,1135.789,33.68399999999997,1472.631,67.36899999999991,1687.745,60.0,0.7964125365033838,0.8323428427955004,0.8203660740314614,0.20358746349661613,0.16765715720449959,1
MD_model66,/home/lyara/areswave/models/MD_model66.nd,nd,UNK,,,988.043,60.0,741.78,10.260999999999967,988.043,60.0,1131.696,30.7829999999999,1429.263,41.04300000000012,1581.866,60.0,0.8481353729311265,0.8065217390539806,0.8203929503463625,0.15186462706887355,0.19347826094601941,1
Geophysical_model652,/home/lyara/areswave/models/Geophysical_model652.nd,nd,UNK,,,900.0,60.0,900.0,180.04200000000003,900.0,60.0,1101.507,33.585000000000036,1470.937,100.75299999999993,1685.941,60.0,0.8970721248141826,0.782227729888953,0.8205091948640296,0.10292787518581735,0.21777227011104708,1
Geophysical_model137,/home/lyara/areswave/models/Geophysical_model137.nd,nd,UNK,,,966.251,60.0,900.0,186.97199999999998,966.251,60.0,1115.315,16.562999999999874,1463.132,99.37599999999998,1677.628,60.0,0.8436961243421741,0.8089423145509091,0.820526917814664,0.15630387565782589,0.19105768544909088,1
Geophysical_model337,/home/lyara/areswave/models/Geophysical_model337.nd,nd,UNK,,,967.872,60.0,900.0,180.90700000000004,967.872,60.0,1120.585,33.937000000000126,1459.948,101.80899999999997,1692.31,60.0,0.8696339126752746,0.7964711882405694,0.8208587630521378,0.13036608732472538,0.2035288117594306,1
MD_model58,/home/lyara/areswave/models/MD_model58.nd,nd,UNK,,,900.043,60.0,768.768,121.17700000000002,900.043,60.0,1293.868,80.78499999999985,1314.064,30.294000000000096,1495.829,61.08600000000001,0.8039208691202162,0.8293580339802546,0.8208789790269085,0.19607913087978374,0.17064196601974535,1
MD_model41,/home/lyara/areswave/models/MD_model41.nd,nd,UNK,,,935.041,60.0,741.286,182.99,935.041,60.0,1268.729,64.58500000000004,1301.021,53.82100000000014,1628.814,60.0,0.6618740637555162,0.9005016240474536,0.8209591039501412,0.33812593624448384,0.09949837595254643,1
Geophysical_model660,/home/lyara/areswave/models/Geophysical_model660.nd,nd,UNK,,,1097.761,60.0,900.0,24.192999999999984,1097.761,60.0,1114.242,16.480000000000018,1443.844,115.3610000000001,1674.637,60.0,0.7753574486966835,0.8440183072889232,0.8211313544248434,0.22464255130331642,0.15598169271107676,1
Geophysical_model639,/home/lyara/areswave/models/Geophysical_model639.nd,nd,UNK,,,1099.754,60.0,900.0,21.45500000000004,1099.754,60.0,1116.4,16.645999999999958,1465.97,116.52299999999991,1680.651,60.0,0.9043756018385476,0.7802231919472261,0.8216073285776666,0.09562439816145242,0.21977680805277391,1
Geophysical_model533,/home/lyara/areswave/models/Geophysical_model533.nd,nd,UNK,,,900.0,60.0,877.931,198.62300000000005,900.0,60.0,1104.357,34.05899999999997,1496.041,102.17899999999986,1694.541,60.0,0.845734980327635,0.8098216650377859,0.8217927701344022,0.15426501967236492,0.19017833496221412,1
Geophysical_model917,/home/lyara/areswave/models/Geophysical_model917.nd,nd,UNK,,,900.0,60.0,877.931,198.62300000000005,900.0,60.0,1104.357,34.05899999999997,1496.041,102.17899999999986,1694.541,60.0,0.845734980327635,0.8098216650377859,0.8217927701344022,0.15426501967236492,0.19017833496221412,1
Geophysical_model562,/home/lyara/areswave/models/Geophysical_model562.nd,nd,UNK,,,916.969,60.0,856.194,197.12699999999995,916.969,60.0,1120.603,33.93900000000008,1476.962,84.84699999999998,1692.359,60.0,0.8439490587373086,0.8107252810187004,0.8217998735915698,0.15605094126269134,0.18927471898129955,1
Geophysical_model571,/home/lyara/areswave/models/Geophysical_model571.nd,nd,UNK,,,916.969,60.0,856.194,197.12699999999995,916.969,60.0,1120.603,33.93900000000008,1476.962,84.84699999999998,1692.359,60.0,0.8439490587373086,0.8107252810187004,0.8217998735915698,0.15605094126269134,0.18927471898129955,1
Geophysical_model960,/home/lyara/areswave/models/Geophysical_model960.nd,nd,UNK,,,916.969,60.0,856.194,197.12699999999995,916.969,60.0,1120.603,33.93900000000008,1476.962,84.84699999999998,1692.359,60.0,0.8439490587373086,0.8107252810187004,0.8217998735915698,0.15605094126269134,0.18927471898129955,1
Geophysical_model935,/home/lyara/areswave/models/Geophysical_model935.nd,nd,UNK,,,933.4,60.0,876.829,185.365,933.4,60.0,1117.102,33.399999999999864,1484.505,83.5010000000002,1682.605,60.0,0.7248396940706654,0.8703712144523106,0.8218607076584288,0.27516030592933466,0.12962878554768942,1
Geophysical_model664,/home/lyara/areswave/models/Geophysical_model664.nd,nd,UNK,,,1099.489,60.0,900.0,21.426000000000045,1099.489,60.0,1116.113,16.624000000000024,1465.218,99.74500000000012,1679.849,60.0,0.8312685563499929,0.8176081767252813,0.822161636600185,0.16873144365000708,0.18239182327471867,1
Geophysical_model753,/home/lyara/areswave/models/Geophysical_model753.nd,nd,UNK,,,1099.489,60.0,900.0,21.426000000000045,1099.489,60.0,1116.113,16.624000000000024,1465.218,99.74500000000012,1679.849,60.0,0.8312685563499929,0.8176081767252813,0.822161636600185,0.16873144365000708,0.18239182327471867,1
Geophysical_model739,/home/lyara/areswave/models/Geophysical_model739.nd,nd,UNK,,,1099.489,60.0,900.0,21.426000000000045,1099.489,60.0,1116.113,16.624000000000024,1465.218,99.74500000000012,1679.849,60.0,0.8312685563499929,0.8176081767252813,0.822161636600185,0.16873144365000708,0.18239182327471867,1
Geophysical_model944,/home/lyara/areswave/models/Geophysical_model944.nd,nd,UNK,,,950.91,60.0,900.0,184.519,950.91,60.0,1120.608,33.940000000000055,1493.945,84.84899999999993,1692.373,60.0,0.7236970691872,0.8717573230525124,0.8224039050974082,0.27630293081280005,0.12824267694748753,1
Geophysical_model972,/home/lyara/areswave/models/Geophysical_model972.nd,nd,UNK,,,950.91,60.0,900.0,184.519,950.91,60.0,1120.608,33.940000000000055,1493.945,84.84899999999993,1692.373,60.0,0.7236970691872,0.8717573230525124,0.8224039050974082,0.27630293081280005,0.12824267694748753,1
Geophysical_model929,/home/lyara/areswave/models/Geophysical_model929.nd,nd,UNK,,,933.343,60.0,900.0,179.35500000000002,933.343,60.0,1116.73,33.343000000000075,1483.505,83.35800000000017,1681.57,60.0,0.7278804038859789,0.8697478471939925,0.8224586994246547,0.27211959611402115,0.13025215280600755,1
Geophysical_model939,/home/lyara/areswave/models/Geophysical_model939.nd,nd,UNK,,,933.365,60.0,876.693,186.45500000000004,933.365,60.0,1116.871,33.36500000000001,1483.885,83.41200000000003,1681.963,60.0,0.7305366396380097,0.8687302098550173,0.8226656864493481,0.2694633603619903,0.13126979014498275,1
Geophysical_model637,/home/lyara/areswave/models/Geophysical_model637.nd,nd,UNK,,,933.365,60.0,876.693,186.45500000000004,933.365,60.0,1116.871,33.36500000000001,1483.885,83.41200000000003,1681.963,60.0,0.7305366396380097,0.8687302098550173,0.8226656864493481,0.2694633603619903,0.13126979014498275,1
Geophysical_model163,/home/lyara/areswave/models/Geophysical_model163.nd,nd,UNK,,,967.551,60.0,900.0,181.75800000000004,967.551,60.0,1119.539,33.774999999999864,1457.292,118.21299999999997,1689.395,60.0,0.7564044422806542,0.8560462315813446,0.8228323018144478,0.24359555771934585,0.1439537684186554,1
Geophysical_model868,/home/lyara/areswave/models/Geophysical_model868.nd,nd,UNK,,,949.989,60.0,900.0,186.74199999999996,949.989,60.0,1133.282,33.32600000000002,1483.205,83.31499999999983,1681.261,60.0,0.7467539564458194,0.8610772204532882,0.8229694657841319,0.2532460435541805,0.1389227795467119,1
Geophysical_model819,/home/lyara/areswave/models/Geophysical_model819.nd,nd,UNK,,,1085.015,60.0,900.0,29.636999999999944,1085.015,60.0,1101.834,16.819999999999936,1455.044,117.73700000000008,1686.928,60.0,0.7961498950879461,0.8367424199928146,0.8232115783578585,0.20385010491205388,0.16325758000718538,1
Geophysical_model816,/home/lyara/areswave/models/Geophysical_model816.nd,nd,UNK,,,1087.5,60.0,900.0,22.587999999999965,1087.5,60.0,1104.545,17.04599999999982,1445.454,119.31799999999998,1695.109,60.0,0.8326061338430097,0.8185706660998944,0.8232491553475995,0.16739386615699028,0.18142933390010568,1
Geophysical_model199,/home/lyara/areswave/models/Geophysical_model199.nd,nd,UNK,,,1032.98,60.0,900.0,181.668,1032.98,60.0,1132.715,33.24499999999989,1498.411,83.11300000000006,1679.794,60.0,0.8575501503635337,0.8063556586387548,0.823420489213681,0.14244984963646637,0.19364434136124525,1
Geophysical_model104,/home/lyara/areswave/models/Geophysical_model104.nd,nd,UNK,,,1032.98,60.0,900.0,181.668,1032.98,60.0,1132.715,33.24499999999989,1498.411,83.11300000000006,1679.794,60.0,0.8575501503635337,0.8063556586387548,0.823420489213681,0.14244984963646637,0.19364434136124525,1
Geophysical_model851,/home/lyara/areswave/models/Geophysical_model851.nd,nd,UNK,,,916.576,60.0,877.831,199.52099999999996,916.576,60.0,1115.491,16.576000000000022,1496.743,99.45699999999988,1678.117,60.0,0.844130507948206,0.813368810555228,0.8236227096862206,0.15586949205179407,0.186631189444772,1
Geophysical_model711,/home/lyara/areswave/models/Geophysical_model711.nd,nd,UNK,,,916.837,60.0,879.831,181.52099999999996,916.837,60.0,1118.884,33.67399999999998,1489.303,84.18600000000015,1687.57,60.0,0.8891725628650101,0.7909515486416561,0.8236918867161074,0.11082743713498984,0.20904845135834396,1
Geophysical_model728,/home/lyara/areswave/models/Geophysical_model728.nd,nd,UNK,,,933.805,60.0,879.401,185.38699999999994,933.805,60.0,1119.733,33.805000000000064,1491.589,84.51299999999992,1689.935,60.0,0.867544886302335,0.8020594987841748,0.8238879612902282,0.13245511369766508,0.19794050121582518,1
MD_model49,/home/lyara/areswave/models/MD_model49.nd,nd,UNK,,,1035.919,60.0,728.669,186.5440000000001,1035.919,60.0,1299.277,10.972999999999956,1365.116,87.78600000000006,1653.423,60.0,0.8347747297148517,0.8186457721269754,0.8240220913229342,0.16522527028514836,0.18135422787302458,1
Geophysical_model340,/home/lyara/areswave/models/Geophysical_model340.nd,nd,UNK,,,1001.133,60.0,861.553,192.23400000000004,1001.133,60.0,1119.121,33.71100000000001,1473.087,101.13300000000004,1688.231,60.0,0.8571749149011835,0.8080066104124524,0.8243960452420294,0.1428250850988165,0.19199338958754758,1
Geophysical_model233,/home/lyara/areswave/models/Geophysical_model233.nd,nd,UNK,,,1033.403,60.0,900.0,187.83500000000004,1033.403,60.0,1133.456,16.675000000000182,1483.64,66.702,1681.71,60.0,0.800906848626705,0.8361459267411764,0.824399567369686,0.19909315137329497,0.16385407325882367,1
Geophysical_model193,/home/lyara/areswave/models/Geophysical_model193.nd,nd,UNK,,,999.708,60.0,900.0,195.71000000000004,999.708,60.0,1132.652,33.235999999999876,1498.248,99.70800000000008,1679.631,60.0,0.9156938928783013,0.7789715066826062,0.8245456354145045,0.08430610712169871,0.2210284933173938,1
Geophysical_model311,/home/lyara/areswave/models/Geophysical_model311.nd,nd,UNK,,,999.708,60.0,900.0,195.71000000000004,999.708,60.0,1132.652,33.235999999999876,1498.248,99.70800000000008,1679.631,60.0,0.9156938928783013,0.7789715066826062,0.8245456354145045,0.08430610712169871,0.2210284933173938,1
Geophysical_model520,/home/lyara/areswave/models/Geophysical_model520.nd,nd,UNK,,,933.507,60.0,900.0,193.37099999999998,933.507,60.0,1117.798,33.506999999999834,1486.378,83.76800000000003,1684.543,60.0,0.7704521477475168,0.8519693418108246,0.824796943789722,0.2295478522524832,0.14803065818917535,1
Geophysical_model889,/home/lyara/areswave/models/Geophysical_model889.nd,nd,UNK,,,933.507,60.0,900.0,193.37099999999998,933.507,60.0,1117.798,33.506999999999834,1486.378,83.76800000000003,1684.543,60.0,0.7704521477475168,0.8519693418108246,0.824796943789722,0.2295478522524832,0.14803065818917535,1
Geophysical_model670,/home/lyara/areswave/models/Geophysical_model670.nd,nd,UNK,,,933.507,60.0,900.0,193.37099999999998,933.507,60.0,1117.798,33.506999999999834,1486.378,83.76800000000003,1684.543,60.0,0.7704521477475168,0.8519693418108246,0.824796943789722,0.2295478522524832,0.14803065818917535,1
Geophysical_model300,/home/lyara/areswave/models/Geophysical_model300.nd,nd,UNK,,,1033.261,60.0,900.0,184.61199999999997,1033.261,60.0,1133.207,33.315000000000055,1483.019,83.28800000000001,1681.067,60.0,0.827439314836578,0.8236687852644725,0.8249256284551744,0.17256068516342205,0.1763312147355275,1
Geophysical_model81,/home/lyara/areswave/models/Geophysical_model81.nd,nd,UNK,,,950.269,60.0,900.0,194.50800000000004,950.269,60.0,1117.834,33.51299999999992,1452.962,117.29499999999985,1684.644,60.0,0.7499948548759332,0.8628167212225121,0.8252094324403192,0.25000514512406685,0.1371832787774879,1
Geophysical_model710,/home/lyara/areswave/models/Geophysical_model710.nd,nd,UNK,,,900.0,60.0,900.0,22.456999999999994,900.0,60.0,1101.621,16.801999999999907,1488.061,100.81099999999992,1686.284,60.0,0.8402186424701795,0.8179470675850686,0.8253709258801055,0.1597813575298205,0.18205293241493134,1
Geophysical_model331,/home/lyara/areswave/models/Geophysical_model331.nd,nd,UNK,,,966.03,60.0,900.0,191.53599999999994,966.03,60.0,1114.598,16.507000000000062,1461.256,99.04499999999985,1675.63,60.0,0.7608070065225265,0.857721371141328,0.8254165829350608,0.23919299347747344,0.142278628858672,1
Geophysical_model663,/home/lyara/areswave/models/Geophysical_model663.nd,nd,UNK,,,900.0,60.0,900.0,180.98299999999995,900.0,60.0,1119.116,33.710000000000036,1473.072,101.13099999999986,1688.215,60.0,0.8604050631178708,0.8080891053765928,0.8255277579570187,0.13959493688212918,0.1919108946234072,1
Geophysical_model636,/home/lyara/areswave/models/Geophysical_model636.nd,nd,UNK,,,900.0,60.0,900.0,178.87,900.0,60.0,1118.565,33.625,1471.633,100.87599999999998,1686.682,60.0,0.714766884496646,0.881248041470787,0.8257543224794066,0.28523311550335395,0.11875195852921305,1
Geophysical_model985,/home/lyara/areswave/models/Geophysical_model985.nd,nd,UNK,,,950.721,60.0,900.0,182.836,950.721,60.0,1119.792,33.81400000000008,1491.747,84.53500000000008,1690.099,60.0,0.7851931829057861,0.8462020736743214,0.8258657767514763,0.21480681709421393,0.15379792632567854,1
Geophysical_model218,/home/lyara/areswave/models/Geophysical_model218.nd,nd,UNK,,,966.445,60.0,900.0,179.84699999999998,966.445,60.0,1115.945,16.611000000000104,1464.778,99.66700000000014,1679.382,60.0,0.9120008196604914,0.7830220589183647,0.8260149791657403,0.08799918033950865,0.2169779410816352,1
Geophysical_model279,/home/lyara/areswave/models/Geophysical_model279.nd,nd,UNK,,,966.81,60.0,900.0,178.02099999999996,966.81,60.0,1117.132,33.40499999999997,1484.587,100.21499999999992,1682.69,60.0,0.8591296299839553,0.810072967786246,0.8264251885188157,0.1408703700160447,0.18992703221375393,1
AK_model_59,/home/lyara/areswave/models/AK_model_59.nd,nd,UNK,,,1013.735,60.0,839.485,24.89199999999994,1013.735,60.0,1163.093,124.46499999999992,1387.13,49.78599999999983,1668.845,60.0,0.8210623573499477,0.8293205510309132,0.8265678198039247,0.17893764265005233,0.17067944896908677,1
Geophysical_model852,/home/lyara/areswave/models/Geophysical_model852.nd,nd,UNK,,,900.0,60.0,900.0,22.33000000000004,900.0,60.0,1104.307,17.02500000000009,1461.843,119.17900000000009,1694.389,60.0,0.7154668125314321,0.8825486372440393,0.8268546956731703,0.2845331874685679,0.11745136275596067,1
Geophysical_model301,/home/lyara/areswave/models/Geophysical_model301.nd,nd,UNK,,,949.517,60.0,900.0,192.18499999999995,949.517,60.0,1114.574,16.505999999999858,1444.688,115.53999999999996,1675.563,60.0,0.7326567082068252,0.8739682117914975,0.8268643772632734,0.2673432917931748,0.12603178820850244,1
Geophysical_model984,/home/lyara/areswave/models/Geophysical_model984.nd,nd,UNK,,,933.11,60.0,877.605,179.15700000000004,933.11,60.0,1115.217,16.554999999999836,1495.986,99.33100000000013,1677.355,60.0,0.7717709932249921,0.8545636884901553,0.8269661234017676,0.22822900677500793,0.14543631150984465,1
Geophysical_model949,/home/lyara/areswave/models/Geophysical_model949.nd,nd,UNK,,,916.648,60.0,877.517,179.86599999999999,916.648,60.0,1116.419,16.64799999999991,1499.315,99.88499999999999,1680.704,60.0,0.8531099770224791,0.8140065772290913,0.8270410438268873,0.14689002297752082,0.1859934227709087,1
Geophysical_model714,/home/lyara/areswave/models/Geophysical_model714.nd,nd,UNK,,,900.0,60.0,900.0,21.451000000000022,900.0,60.0,1116.78,33.350999999999885,1483.638,100.05199999999991,1681.708,60.0,0.8241555782568185,0.8285318601281555,0.8270730995043766,0.1758444217431815,0.17146813987184445,1
Geophysical_model42,/home/lyara/areswave/models/Geophysical_model42.nd,nd,UNK,,,949.68,60.0,900.0,189.971,949.68,60.0,1115.279,16.559999999999945,1446.478,115.91999999999985,1677.528,60.0,0.8898322648264181,0.7960704002077421,0.8273243550806342,0.11016773517358187,0.2039295997922579,1
Geophysical_model111,/home/lyara/areswave/models/Geophysical_model111.nd,nd,UNK,,,982.65,60.0,900.0,192.13,982.65,60.0,1114.889,16.5300000000002,1462.017,115.71000000000004,1676.44,60.0,0.7630356752122821,0.8595297326988987,0.8273650468700264,0.2369643247877179,0.1404702673011013,1
Geophysical_model277,/home/lyara/areswave/models/Geophysical_model277.nd,nd,UNK,,,1099.994,60.0,900.0,181.19100000000003,1099.994,60.0,1116.66,16.66599999999994,1449.983,99.99699999999984,1681.374,60.0,0.7832342307676871,0.8498073316343326,0.8276162980121174,0.21676576923231292,0.15019266836566736,1
Geophysical_model410,/home/lyara/areswave/models/Geophysical_model410.nd,nd,UNK,,,1099.994,60.0,900.0,181.19100000000003,1099.994,60.0,1116.66,16.66599999999994,1449.983,99.99699999999984,1681.374,60.0,0.7832342307676871,0.8498073316343326,0.8276162980121174,0.21676576923231292,0.15019266836566736,1
MD_model73,/home/lyara/areswave/models/MD_model73.nd,nd,UNK,,,995.034,60.0,763.228,10.53699999999992,995.034,60.0,1100.4,147.51299999999992,1395.426,126.44000000000005,1602.505,60.0,0.8897315834930591,0.7967169547888732,0.8277218310236019,0.11026841650694084,0.20328304521112683,1
Geophysical_model164,/home/lyara/areswave/models/Geophysical_model164.nd,nd,UNK,,,950.866,60.0,900.0,193.89499999999998,950.866,60.0,1120.421,33.91100000000006,1459.531,101.73300000000017,1691.853,60.0,0.8746574485926297,0.8043804725222838,0.8278061312123991,0.12534255140737027,0.1956195274777162,1
Geophysical_model617,/home/lyara/areswave/models/Geophysical_model617.nd,nd,UNK,,,900.0,60.0,900.0,22.54600000000005,900.0,60.0,1101.621,16.801999999999907,1454.457,100.81099999999992,1686.284,60.0,0.8363746522210909,0.823746129192571,0.8279556368687443,0.16362534777890916,0.176253870807429,1
Geophysical_model79,/home/lyara/areswave/models/Geophysical_model79.nd,nd,UNK,,,982.905,60.0,879.721,182.515,982.905,60.0,1115.552,16.58100000000013,1463.752,116.06700000000001,1678.288,60.0,0.9494153615169612,0.7672761512718783,0.8279892213535726,0.05058463848303883,0.23272384872812166,1
Geophysical_model988,/home/lyara/areswave/models/Geophysical_model988.nd,nd,UNK,,,950.085,60.0,900.0,182.54700000000003,950.085,60.0,1133.728,33.3900000000001,1484.32,66.779,1682.414,60.0,0.8556274516196695,0.8141821096261124,0.8279972236239647,0.14437254838033053,0.18581789037388768,1
Geophysical_model920,/home/lyara/areswave/models/Geophysical_model920.nd,nd,UNK,,,949.962,60.0,900.0,178.86800000000005,949.962,60.0,1133.157,33.30799999999999,1499.547,83.26999999999998,1680.937,60.0,0.7750482308535006,0.8545373837747339,0.8280409994676562,0.22495176914649942,0.14546261622526616,1
Geophysical_model725,/home/lyara/areswave/models/Geophysical_model725.nd,nd,UNK,,,916.724,60.0,876.418,188.65300000000002,916.724,60.0,1117.416,33.44800000000009,1485.35,83.62099999999987,1683.48,60.0,0.8077777807727659,0.838383295424211,0.8281814572070626,0.19222221922723412,0.16161670457578897,1
Geophysical_model4,/home/lyara/areswave/models/Geophysical_model4.nd,nd,UNK,,,1001.298,60.0,880.765,192.35299999999995,1001.298,60.0,1136.363,33.76700000000005,1490.906,101.298,1689.229,60.0,0.8881356542857404,0.7982764168338601,0.8282294959844868,0.11186434571425963,0.20172358316613992,1
Geophysical_model741,/home/lyara/areswave/models/Geophysical_model741.nd,nd,UNK,,,916.648,60.0,900.0,180.18100000000004,916.648,60.0,1116.419,16.64799999999991,1499.315,99.88499999999999,1680.704,60.0,0.8007016982306905,0.8420062457594415,0.8282380632498579,0.19929830176930946,0.15799375424055853,1
Geophysical_model619,/home/lyara/areswave/models/Geophysical_model619.nd,nd,UNK,,,916.969,60.0,878.268,195.58399999999995,916.969,60.0,1120.603,33.93900000000008,1493.931,84.84699999999998,1692.359,60.0,0.782775073945481,0.8510539112014496,0.8282942987827934,0.217224926054519,0.14894608879855042,1
Geophysical_model980,/home/lyara/areswave/models/Geophysical_model980.nd,nd,UNK,,,916.969,60.0,878.268,195.58399999999995,916.969,60.0,1120.603,33.93900000000008,1493.931,84.84699999999998,1692.359,60.0,0.782775073945481,0.8510539112014496,0.8282942987827934,0.217224926054519,0.14894608879855042,1
Geophysical_model290,/home/lyara/areswave/models/Geophysical_model290.nd,nd,UNK,,,1001.133,60.0,861.561,192.197,1001.133,60.0,1119.121,33.71100000000001,1473.087,101.13300000000004,1688.231,60.0,0.7927206347647249,0.846226126515571,0.8283909625986223,0.20727936523527518,0.153773873484429,1
Geophysical_model45,/home/lyara/areswave/models/Geophysical_model45.nd,nd,UNK,,,1016.295,60.0,900.0,198.29700000000003,1016.295,60.0,1132.589,33.22699999999986,1481.473,99.68200000000002,1679.468,60.0,0.9200629163566408,0.7826775496500649,0.8284726718855903,0.07993708364335919,0.21732245034993508,1
AK_model_92,/home/lyara/areswave/models/AK_model_92.nd,nd,UNK,,,1080.172,60.0,777.645,27.502000000000066,1080.172,60.0,1272.689,27.50200000000018,1327.694,55.00499999999988,1730.346,60.0,0.7572938844503692,0.8643239311691933,0.8286472489295852,0.2427061155496309,0.1356760688308067,1
Geophysical_model865,/home/lyara/areswave/models/Geophysical_model865.nd,nd,UNK,,,933.943,60.0,900.0,185.74,933.943,60.0,1120.631,33.942999999999984,1494.007,84.85800000000017,1692.437,60.0,0.7833776244379538,0.8513337270110974,0.8286816928200494,0.21662237556204617,0.1486662729889026,1
Geophysical_model694,/home/lyara/areswave/models/Geophysical_model694.nd,nd,UNK,,,900.0,60.0,900.0,179.832,900.0,60.0,1118.299,33.585000000000036,1487.729,100.75299999999993,1685.941,60.0,0.8616965400108945,0.812368888096415,0.8288114387345749,0.13830345998910548,0.18763111190358497,1
Geophysical_model626,/home/lyara/areswave/models/Geophysical_model626.nd,nd,UNK,,,933.4,60.0,876.875,184.99800000000005,933.4,60.0,1117.102,33.399999999999864,1484.505,83.5010000000002,1682.605,60.0,0.833792030221579,0.8265766574574446,0.8289817817121561,0.16620796977842103,0.17342334254255545,1
Geophysical_model554,/home/lyara/areswave/models/Geophysical_model554.nd,nd,UNK,,,933.939,60.0,879.373,185.64099999999996,933.939,60.0,1120.601,33.93899999999985,1476.955,84.84699999999998,1692.352,60.0,0.8408763876541623,0.8231077666329892,0.8290306403067135,0.15912361234583774,0.1768922333670108,1
Geophysical_model737,/home/lyara/areswave/models/Geophysical_model737.nd,nd,UNK,,,933.939,60.0,879.373,185.64099999999996,933.939,60.0,1120.601,33.93899999999985,1476.955,84.84699999999998,1692.352,60.0,0.8408763876541623,0.8231077666329892,0.8290306403067135,0.15912361234583774,0.1768922333670108,1
Geophysical_model721,/home/lyara/areswave/models/Geophysical_model721.nd,nd,UNK,,,933.939,60.0,879.373,185.64099999999996,933.939,60.0,1120.601,33.93899999999985,1476.955,84.84699999999998,1692.352,60.0,0.8408763876541623,0.8231077666329892,0.8290306403067135,0.15912361234583774,0.1768922333670108,1
Geophysical_model90,/home/lyara/areswave/models/Geophysical_model90.nd,nd,UNK,,,949.68,60.0,900.0,190.49400000000003,949.68,60.0,1115.279,16.559999999999945,1446.478,115.91999999999985,1677.528,60.0,0.8598488196745605,0.8137535196432888,0.8291186196537127,0.14015118032543947,0.1862464803567112,1
Geophysical_model688,/home/lyara/areswave/models/Geophysical_model688.nd,nd,UNK,,,933.943,60.0,879.28,186.476,933.943,60.0,1120.631,33.942999999999984,1494.007,84.85800000000017,1692.437,60.0,0.7769610117615884,0.8555556859721405,0.8293574612352899,0.2230389882384116,0.14444431402785948,1
Geophysical_model946,/home/lyara/areswave/models/Geophysical_model946.nd,nd,UNK,,,916.702,60.0,877.535,179.72000000000003,916.702,60.0,1117.126,33.403999999999996,1484.569,83.50999999999999,1682.671,60.0,0.8557945701594163,0.8161934429408022,0.8293938186803403,0.14420542984058365,0.1838065570591978,1
Geophysical_model872,/home/lyara/areswave/models/Geophysical_model872.nd,nd,UNK,,,916.706,60.0,876.388,188.89300000000003,916.706,60.0,1117.178,33.412000000000035,1484.711,83.52999999999997,1682.818,60.0,0.7747470768592232,0.8567284707221317,0.8294013394344955,0.22525292314077686,0.1432715292778684,1
Geophysical_model831,/home/lyara/areswave/models/Geophysical_model831.nd,nd,UNK,,,933.798,60.0,879.696,182.73299999999995,933.798,60.0,1119.688,33.798,1491.467,84.49500000000012,1689.809,60.0,0.8883135248552033,0.8002395910466609,0.8295975689828418,0.1116864751447967,0.19976040895333913,1
Geophysical_model815,/home/lyara/areswave/models/Geophysical_model815.nd,nd,UNK,,,950.781,60.0,900.0,183.49599999999998,950.781,60.0,1136.977,33.85400000000004,1475.515,67.70700000000011,1690.818,60.0,0.8197402214638063,0.8348898422770595,0.8298399686726418,0.18025977853619368,0.16511015772294046,1
Geophysical_model541,/home/lyara/areswave/models/Geophysical_model541.nd,nd,UNK,,,916.672,60.0,900.0,180.16999999999996,916.672,60.0,1116.741,33.34500000000003,1483.532,83.36199999999985,1681.599,60.0,0.6672836087138367,0.9116747237881432,0.8302110187633743,0.3327163912861632,0.0883252762118568,1
Geophysical_model548,/home/lyara/areswave/models/Geophysical_model548.nd,nd,UNK,,,916.902,60.0,879.896,180.93899999999996,916.902,60.0,1119.729,33.80400000000009,1474.676,84.51099999999997,1689.924,60.0,0.8748670961785189,0.8079591634074743,0.8302618076644892,0.12513290382148115,0.19204083659252566,1
Geophysical_model105,/home/lyara/areswave/models/Geophysical_model105.nd,nd,UNK,,,1001.023,60.0,876.565,187.47699999999998,1001.023,60.0,1118.883,33.674999999999955,1489.302,101.02399999999989,1687.568,60.0,0.8630853804723722,0.8142036514235615,0.8304975611064984,0.13691461952762782,0.18579634857643848,1
Geophysical_model991,/home/lyara/areswave/models/Geophysical_model991.nd,nd,UNK,,,933.856,60.0,900.0,186.07299999999998,933.856,60.0,1120.061,33.855999999999995,1492.472,84.6389999999999,1690.849,60.0,0.7512011428562304,0.8704258454896676,0.8306842779451885,0.24879885714376965,0.12957415451033244,1
Geophysical_model144,/home/lyara/areswave/models/Geophysical_model144.nd,nd,UNK,,,966.251,60.0,900.0,186.74800000000005,966.251,60.0,1115.315,16.562999999999874,1463.132,99.37599999999998,1677.628,60.0,0.8146949325962676,0.8388609755437159,0.8308056278945664,0.1853050674037324,0.16113902445628414,1
Geophysical_model784,/home/lyara/areswave/models/Geophysical_model784.nd,nd,UNK,,,916.796,60.0,855.883,198.52800000000002,916.796,60.0,1118.345,33.5920000000001,1487.852,83.97900000000004,1686.068,60.0,0.743723286640956,0.8744772950516011,0.8308926255813861,0.256276713359044,0.12552270494839893,1
Geophysical_model989,/home/lyara/areswave/models/Geophysical_model989.nd,nd,UNK,,,966.597,60.0,900.0,179.63199999999995,966.597,60.0,1133.089,33.298,1499.372,83.2460000000001,1680.761,60.0,0.7288511985829565,0.8819324949580757,0.8309053961663694,0.27114880141704345,0.1180675050419243,1
AK_model_40,/home/lyara/areswave/models/AK_model_40.nd,nd,UNK,,,1044.143,60.0,837.506,25.829999999999927,1044.143,60.0,1276.61,77.4889999999998,1302.439,25.829999999999927,1667.377,60.0,0.7927004189047759,0.850211790030569,0.831041332988638,0.20729958109522406,0.14978820996943104,1
Geophysical_model584,/home/lyara/areswave/models/Geophysical_model584.nd,nd,UNK,,,916.701,60.0,877.696,178.433,916.701,60.0,1117.112,33.402000000000044,1484.532,83.5039999999999,1682.633,60.0,0.7762562577073842,0.8585956976914373,0.831149217696753,0.2237437422926158,0.14140430230856266,1
Geophysical_model724,/home/lyara/areswave/models/Geophysical_model724.nd,nd,UNK,,,1099.905,60.0,900.0,21.075000000000045,1099.905,60.0,1116.564,16.6579999999999,1466.397,99.95299999999997,1681.106,60.0,0.7423052857062985,0.8756836439228435,0.8312241911839952,0.2576947142937015,0.12431635607715648,1
Geophysical_model662,/home/lyara/areswave/models/Geophysical_model662.nd,nd,UNK,,,1099.905,60.0,900.0,21.075000000000045,1099.905,60.0,1116.564,16.6579999999999,1466.397,99.95299999999997,1681.106,60.0,0.7423052857062985,0.8756836439228435,0.8312241911839952,0.2576947142937015,0.12431635607715648,1
Geophysical_model547,/home/lyara/areswave/models/Geophysical_model547.nd,nd,UNK,,,1099.905,60.0,900.0,21.075000000000045,1099.905,60.0,1116.564,16.6579999999999,1466.397,99.95299999999997,1681.106,60.0,0.7423052857062985,0.8756836439228435,0.8312241911839952,0.2576947142937015,0.12431635607715648,1
Geophysical_model270,/home/lyara/areswave/models/Geophysical_model270.nd,nd,UNK,,,1001.288,60.0,880.467,195.33399999999995,1001.288,60.0,1119.457,33.76299999999992,1490.847,101.28800000000001,1689.167,60.0,0.8355900683741895,0.829123745474126,0.8312791864408139,0.16440993162581055,0.17087625452587396,1
Geophysical_model141,/home/lyara/areswave/models/Geophysical_model141.nd,nd,UNK,,,1098.572,60.0,877.483,180.13199999999995,1098.572,60.0,1115.12,16.548000000000002,1446.074,99.28600000000006,1677.084,60.0,0.7457250749921427,0.8746209281287479,0.8316556437498795,0.2542749250078573,0.12537907187125205,1
Geophysical_model171,/home/lyara/areswave/models/Geophysical_model171.nd,nd,UNK,,,1016.326,60.0,900.0,195.567,1016.326,60.0,1132.652,33.235999999999876,1498.248,99.70800000000008,1679.631,60.0,0.8949670074065013,0.8000086694545018,0.8316614487718349,0.1050329925934988,0.19999133054549822,1
MD_model68,/home/lyara/areswave/models/MD_model68.nd,nd,UNK,,,1004.173,60.0,810.147,10.212000000000103,1004.173,60.0,1126.717,142.9670000000001,1402.439,112.33100000000013,1575.246,60.0,0.7440381084172631,0.8755049959682225,0.8316827001179027,0.2559618915827368,0.12449500403177748,1
AK_model_83,/home/lyara/areswave/models/AK_model_83.nd,nd,UNK,,,1062.342,60.0,838.335,24.889999999999986,1062.342,60.0,1261.459,49.778999999999996,1336.127,49.778999999999996,1667.691,60.0,0.8354505048025153,0.8299216999612542,0.8317646349083412,0.16454949519748477,0.17007830003874574,1
Geophysical_model835,/home/lyara/areswave/models/Geophysical_model835.nd,nd,UNK,,,949.989,60.0,900.0,178.12400000000002,949.989,60.0,1116.619,16.66300000000001,1483.204,83.31500000000005,1681.259,60.0,0.8567871471860191,0.8195578518308885,0.8319676169492652,0.14321285281398083,0.18044214816911155,1
Geophysical_model278,/home/lyara/areswave/models/Geophysical_model278.nd,nd,UNK,,,950.857,60.0,900.0,199.14499999999998,950.857,60.0,1120.38,33.903999999999996,1459.426,101.71299999999997,1691.737,60.0,0.8498934731907429,0.8235418988921137,0.8323257569916568,0.15010652680925707,0.17645810110788632,1
Geophysical_model414,/home/lyara/areswave/models/Geophysical_model414.nd,nd,UNK,,,950.857,60.0,900.0,199.14499999999998,950.857,60.0,1120.38,33.903999999999996,1459.426,101.71299999999997,1691.737,60.0,0.8498934731907429,0.8235418988921137,0.8323257569916568,0.15010652680925707,0.17645810110788632,1
Geophysical_model263,/home/lyara/areswave/models/Geophysical_model263.nd,nd,UNK,,,950.857,60.0,900.0,199.14499999999998,950.857,60.0,1120.38,33.903999999999996,1459.426,101.71299999999997,1691.737,60.0,0.8498934731907429,0.8235418988921137,0.8323257569916568,0.15010652680925707,0.17645810110788632,1
maak,/home/lyara/areswave/models/maak.npz,npz,UNK,,,1084.528,60.0,858.423,180.88400000000001,1084.528,60.0,1174.97,90.44200000000001,1401.074,67.83199999999988,1695.01,22.6099999999999,0.7051534362167858,0.8961054886335998,0.8324548044946618,0.29484656378321417,0.10389451136640011,1
Geophysical_model747,/home/lyara/areswave/models/Geophysical_model747.nd,nd,UNK,,,900.0,60.0,900.0,29.783999999999992,900.0,60.0,1101.736,16.810999999999922,1471.585,100.86799999999994,1686.632,60.0,0.8502785955958967,0.8238948550732851,0.832689435247489,0.14972140440410336,0.1761051449267149,1
Geophysical_model923,/home/lyara/areswave/models/Geophysical_model923.nd,nd,UNK,,,933.343,60.0,900.0,180.43899999999996,933.343,60.0,1116.73,33.343000000000075,1483.505,83.35800000000017,1681.57,60.0,0.7528580354056971,0.8726341834342053,0.8327088007580358,0.247141964594303,0.1273658165657947,1
Geophysical_model943,/home/lyara/areswave/models/Geophysical_model943.nd,nd,UNK,,,900.0,60.0,900.0,188.60199999999998,900.0,60.0,1115.838,16.60200000000009,1464.498,116.22000000000003,1679.083,60.0,0.7935818634547889,0.8523424230417286,0.832755569846082,0.20641813654521107,0.14765757695827142,1
Geophysical_model305,/home/lyara/areswave/models/Geophysical_model305.nd,nd,UNK,,,966.81,60.0,900.0,178.452,966.81,60.0,1117.132,33.40499999999997,1451.182,100.21499999999992,1682.69,60.0,0.8675493256843811,0.8156539996564958,0.8329524416657909,0.1324506743156188,0.1843460003435043,1
Geophysical_model759,/home/lyara/areswave/models/Geophysical_model759.nd,nd,UNK,,,966.806,60.0,900.0,177.51700000000005,966.806,60.0,1133.823,33.40299999999979,1484.557,66.80700000000002,1682.659,60.0,0.7356843903604741,0.8819141385067942,0.8331708891246875,0.26431560963952594,0.11808586149320575,1
Geophysical_model364,/home/lyara/areswave/models/Geophysical_model364.nd,nd,UNK,,,1016.295,60.0,900.0,198.36800000000005,1016.295,60.0,1132.589,33.22699999999986,1498.087,99.68200000000002,1679.468,60.0,0.8797266722070723,0.8099144646945651,0.8331852005320676,0.12027332779292765,0.19008553530543496,1
Geophysical_model498,/home/lyara/areswave/models/Geophysical_model498.nd,nd,UNK,,,1016.295,60.0,900.0,198.36800000000005,1016.295,60.0,1132.589,33.22699999999986,1498.087,99.68200000000002,1679.468,60.0,0.8797266722070723,0.8099144646945651,0.8331852005320676,0.12027332779292765,0.19008553530543496,1
Geophysical_model313,/home/lyara/areswave/models/Geophysical_model313.nd,nd,UNK,,,1016.295,60.0,900.0,198.36800000000005,1016.295,60.0,1132.589,33.22699999999986,1498.087,99.68200000000002,1679.468,60.0,0.8797266722070723,0.8099144646945651,0.8331852005320676,0.12027332779292765,0.19008553530543496,1
AK_model_96,/home/lyara/areswave/models/AK_model_96.nd,nd,UNK,,,1066.783,60.0,771.908,26.807000000000016,1066.783,60.0,1281.238,26.807000000000016,1334.851,53.61299999999983,1705.64,60.0,0.8625049875212054,0.8187845896079156,0.8333580555790121,0.13749501247879461,0.18121541039208447,1
Geophysical_model638,/home/lyara/areswave/models/Geophysical_model638.nd,nd,UNK,,,916.693,60.0,877.71,178.31899999999996,916.693,60.0,1117.015,33.386000000000195,1484.271,83.46699999999987,1682.363,60.0,0.8128755290240347,0.8437719989269856,0.833473175626002,0.18712447097596532,0.15622800107301435,1
Geophysical_model324,/home/lyara/areswave/models/Geophysical_model324.nd,nd,UNK,,,1049.881,60.0,900.0,182.40099999999995,1049.881,60.0,1133.149,33.307000000000016,1482.872,83.26800000000003,1680.916,60.0,0.8397880881632663,0.8304447654237666,0.8335592063369331,0.16021191183673367,0.1695552345762334,1
Geophysical_model201,/home/lyara/areswave/models/Geophysical_model201.nd,nd,UNK,,,1049.881,60.0,900.0,182.40099999999995,1049.881,60.0,1133.149,33.307000000000016,1482.872,83.26800000000003,1680.916,60.0,0.8397880881632663,0.8304447654237666,0.8335592063369331,0.16021191183673367,0.1695552345762334,1
Geophysical_model484,/home/lyara/areswave/models/Geophysical_model484.nd,nd,UNK,,,1031.853,60.0,900.0,187.85500000000002,1031.853,60.0,1130.743,32.96399999999994,1493.339,82.4079999999999,1674.693,60.0,0.8038339369976479,0.8485061531247036,0.833615414415685,0.19616606300235204,0.1514938468752965,1
Geophysical_model387,/home/lyara/areswave/models/Geophysical_model387.nd,nd,UNK,,,966.673,60.0,900.0,186.43399999999997,966.673,60.0,1116.688,33.33600000000001,1483.391,100.00999999999999,1681.453,60.0,0.8165022985512469,0.842193704393126,0.8336299024458329,0.18349770144875308,0.15780629560687398,1
AK_model_23,/home/lyara/areswave/models/AK_model_23.nd,nd,UNK,,,1057.206,60.0,792.209,26.5,1057.206,60.0,1295.703,52.999000000000024,1322.203,26.5,1691.329,60.0,0.8189953689529927,0.8409906511211531,0.833658890398433,0.1810046310470073,0.15900934887884685,1
Geophysical_model762,/home/lyara/areswave/models/Geophysical_model762.nd,nd,UNK,,,933.422,60.0,900.0,184.31399999999996,933.422,60.0,1117.244,33.423,1484.889,83.55599999999981,1683.002,60.0,0.7932630471984032,0.8538603787915304,0.8336612682604881,0.20673695280159674,0.14613962120846954,1
Geophysical_model219,/home/lyara/areswave/models/Geophysical_model219.nd,nd,UNK,,,999.473,60.0,900.0,182.298,999.473,60.0,1115.525,16.57899999999995,1496.838,99.47299999999996,1678.212,60.0,0.8667871102678252,0.8173979392578992,0.8338609962612078,0.13321288973217482,0.1826020607421009,1
Geophysical_model157,/home/lyara/areswave/models/Geophysical_model157.nd,nd,UNK,,,999.473,60.0,900.0,182.298,999.473,60.0,1115.525,16.57899999999995,1496.838,99.47299999999996,1678.212,60.0,0.8667871102678252,0.8173979392578992,0.8338609962612078,0.13321288973217482,0.1826020607421009,1
Geophysical_model645,/home/lyara/areswave/models/Geophysical_model645.nd,nd,UNK,,,917.055,60.0,877.857,199.28700000000003,917.055,60.0,1121.71,34.108999999999924,1496.91,102.327,1695.441,60.0,0.8127197748442426,0.8446187679251611,0.8339857702315215,0.18728022515575735,0.15538123207483887,1
Geophysical_model303,/home/lyara/areswave/models/Geophysical_model303.nd,nd,UNK,,,949.55,60.0,900.0,192.86199999999997,949.55,60.0,1114.715,16.516000000000076,1461.562,99.09899999999993,1675.956,60.0,0.744436095736168,0.8789957399862292,0.8341425252362088,0.255563904263832,0.12100426001377088,1
Geophysical_model624,/home/lyara/areswave/models/Geophysical_model624.nd,nd,UNK,,,1099.489,60.0,900.0,21.413999999999987,1099.489,60.0,1116.113,16.624000000000024,1465.218,99.74500000000012,1679.849,60.0,0.8638720843291714,0.819433738008471,0.8342465201153711,0.13612791567082863,0.18056626199152906,1
Geophysical_model731,/home/lyara/areswave/models/Geophysical_model731.nd,nd,UNK,,,1099.489,60.0,900.0,21.413999999999987,1099.489,60.0,1116.113,16.624000000000024,1465.218,99.74500000000012,1679.849,60.0,0.8638720843291714,0.819433738008471,0.8342465201153711,0.13612791567082863,0.18056626199152906,1
Geophysical_model266,/home/lyara/areswave/models/Geophysical_model266.nd,nd,UNK,,,949.973,60.0,900.0,197.60500000000002,949.973,60.0,1116.548,16.656999999999925,1449.698,99.94499999999994,1681.061,60.0,0.8219306097212112,0.8404373718174273,0.8342684511186885,0.17806939027878874,0.1595626281825727,1
Geophysical_model693,/home/lyara/areswave/models/Geophysical_model693.nd,nd,UNK,,,916.721,60.0,876.007,191.94399999999996,916.721,60.0,1117.378,33.442999999999984,1485.25,83.60799999999995,1683.376,60.0,0.8248316194632059,0.8391411074609649,0.8343712781283786,0.17516838053679407,0.1608588925390351,1
Geophysical_model502,/home/lyara/areswave/models/Geophysical_model502.nd,nd,UNK,,,967.586,60.0,900.0,190.60799999999995,967.586,60.0,1136.55,33.79299999999989,1491.375,67.58600000000001,1689.713,60.0,0.7692084585273319,0.8670249652605051,0.834419463016114,0.2307915414726681,0.1329750347394949,1
Geophysical_model31,/home/lyara/areswave/models/Geophysical_model31.nd,nd,UNK,,,983.237,60.0,879.302,186.28300000000002,983.237,60.0,1116.417,16.64800000000014,1466.015,99.88400000000001,1680.698,60.0,0.894455706835865,0.8046737778385864,0.8346010875043458,0.10554429316413502,0.19532622216141357,1
MD_model87,/home/lyara/areswave/models/MD_model87.nd,nd,UNK,,,1045.49,60.0,805.604,185.36700000000008,1045.49,60.0,1296.28,185.36699999999996,1361.703,87.231,1638.16,60.0,0.8622432886784361,0.8210523580992403,0.8347826682923056,0.13775671132156392,0.1789476419007597,1
Geophysical_model370,/home/lyara/areswave/models/Geophysical_model370.nd,nd,UNK,,,966.673,60.0,900.0,188.82299999999998,966.673,60.0,1116.688,33.33600000000001,1450.054,100.00999999999999,1681.453,60.0,0.8267140205990138,0.838844348196663,0.8348009056641134,0.17328597940098617,0.16115565180333707,1
Geophysical_model479,/home/lyara/areswave/models/Geophysical_model479.nd,nd,UNK,,,983.998,60.0,876.544,187.64999999999998,983.998,60.0,1118.394,33.59899999999993,1487.983,100.79700000000003,1686.203,60.0,0.8457016980110416,0.8296038088269833,0.834969771888336,0.15429830198895847,0.17039619117301677,1
Geophysical_model220,/home/lyara/areswave/models/Geophysical_model220.nd,nd,UNK,,,982.959,60.0,900.0,190.42999999999995,982.959,60.0,1115.693,16.5920000000001,1464.12,116.14300000000003,1678.681,60.0,0.869991717487697,0.8175944373715454,0.8350601974102626,0.13000828251230306,0.1824055626284547,1
Geophysical_model682,/home/lyara/areswave/models/Geophysical_model682.nd,nd,UNK,,,966.806,60.0,900.0,177.611,966.806,60.0,1133.823,33.40299999999979,1484.557,66.80700000000002,1682.659,60.0,0.8071674705983235,0.8494424790511808,0.835350809566895,0.19283252940167653,0.1505575209488192,1
Geophysical_model25,/home/lyara/areswave/models/Geophysical_model25.nd,nd,UNK,,,983.376,60.0,879.05,188.54600000000005,983.376,60.0,1116.777,33.34999999999991,1466.955,100.05100000000016,1681.7,60.0,0.7878037662962947,0.8591589946413185,0.8353739185263106,0.21219623370370536,0.14084100535868152,1
Geophysical_model282,/home/lyara/areswave/models/Geophysical_model282.nd,nd,UNK,,,999.884,60.0,900.0,194.89200000000005,999.884,60.0,1116.415,16.646999999999935,1482.655,99.88400000000001,1680.691,60.0,0.8241226432707235,0.8411200497402074,0.8354542475837127,0.17587735672927649,0.15887995025979265,1
Geophysical_model284,/home/lyara/areswave/models/Geophysical_model284.nd,nd,UNK,,,1032.872,60.0,900.0,181.64300000000003,1032.872,60.0,1132.525,33.2170000000001,1497.923,83.04500000000007,1679.303,60.0,0.9135332393739842,0.7966167720527215,0.8355889278264758,0.0864667606260158,0.20338322794727853,1
Geophysical_model124,/home/lyara/areswave/models/Geophysical_model124.nd,nd,UNK,,,966.637,60.0,900.0,190.476,966.637,60.0,1116.57,16.660000000000082,1466.415,99.95600000000013,1681.124,60.0,0.8324482994586373,0.837234086375783,0.8356388240700677,0.16755170054136267,0.16276591362421705,1
Geophysical_model500,/home/lyara/areswave/models/Geophysical_model500.nd,nd,UNK,,,950.39,60.0,900.0,189.02200000000005,950.39,60.0,1135.153,33.59400000000005,1487.881,67.18600000000015,1686.099,60.0,0.7487967054437947,0.8792019624066931,0.8357335434190603,0.2512032945562053,0.12079803759330682,1
Geophysical_model350,/home/lyara/areswave/models/Geophysical_model350.nd,nd,UNK,,,999.844,60.0,878.82,190.61599999999999,999.844,60.0,1116.329,16.6400000000001,1465.783,99.84400000000005,1680.452,60.0,0.834067392452269,0.8366211763080853,0.8357699150228132,0.16593260754773093,0.16337882369191464,1
Geophysical_model338,/home/lyara/areswave/models/Geophysical_model338.nd,nd,UNK,,,983.209,60.0,878.088,197.21000000000004,983.209,60.0,1116.344,16.642000000000053,1465.824,116.49299999999994,1680.495,60.0,0.8157786250146598,0.8457684237199008,0.8357718241514872,0.18422137498534022,0.15423157628009915,1
Geophysical_model987,/home/lyara/areswave/models/Geophysical_model987.nd,nd,UNK,,,916.714,60.0,900.0,189.303,916.714,60.0,1117.284,33.42800000000011,1484.996,83.57100000000014,1683.113,60.0,0.7641338419663737,0.8720478207492744,0.8360764944883075,0.23586615803362632,0.12795217925072558,1
Geophysical_model870,/home/lyara/areswave/models/Geophysical_model870.nd,nd,UNK,,,900.0,60.0,859.178,183.70100000000002,900.0,60.0,1106.522,17.210000000000036,1485.145,86.04999999999995,1502.356,68.83999999999992,0.7745900556336922,0.8668474357281271,0.8360949756966488,0.22540994436630785,0.13315256427187291,1
MD_model50,/home/lyara/areswave/models/MD_model50.nd,nd,UNK,,,1043.775,60.0,704.13,186.25699999999995,1043.775,60.0,1295.769,186.25700000000006,1361.507,87.65100000000007,1649.586,60.0,0.854827538482768,0.8267325717639501,0.8360975606702228,0.14517246151723193,0.17326742823604988,1
Geophysical_model607,/home/lyara/areswave/models/Geophysical_model607.nd,nd,UNK,,,900.0,60.0,900.0,180.73800000000006,900.0,60.0,1116.617,16.66300000000001,1466.537,99.97700000000009,1681.255,60.0,0.6900393007096857,0.9091293010517498,0.8360993009377284,0.3099606992903144,0.09087069894825019,1
Geophysical_model575,/home/lyara/areswave/models/Geophysical_model575.nd,nd,UNK,,,900.0,60.0,900.0,191.03700000000003,900.0,60.0,1116.744,33.34500000000003,1483.543,100.03599999999983,1681.61,60.0,0.7231270753923501,0.8926454240423507,0.8361393078256838,0.2768729246076499,0.10735457595764933,1
Geophysical_model574,/home/lyara/areswave/models/Geophysical_model574.nd,nd,UNK,,,900.0,60.0,900.0,191.03700000000003,900.0,60.0,1116.744,33.34500000000003,1483.543,100.03599999999983,1681.61,60.0,0.7231270753923501,0.8926454240423507,0.8361393078256838,0.2768729246076499,0.10735457595764933,1
Geophysical_model862,/home/lyara/areswave/models/Geophysical_model862.nd,nd,UNK,,,916.702,60.0,877.518,179.85699999999997,916.702,60.0,1117.126,33.403999999999996,1484.569,83.50999999999999,1682.671,60.0,0.6629319068758912,0.9230580110182115,0.836349309637438,0.33706809312410885,0.07694198898178846,1
Geophysical_model423,/home/lyara/areswave/models/Geophysical_model423.nd,nd,UNK,,,966.246,60.0,900.0,188.279,966.246,60.0,1115.299,16.560999999999922,1463.089,99.36900000000014,1677.583,60.0,0.8240719392990847,0.8428312400103106,0.8365781397732354,0.17592806070091524,0.1571687599896894,1
Geophysical_model254,/home/lyara/areswave/models/Geophysical_model254.nd,nd,UNK,,,966.246,60.0,900.0,188.279,966.246,60.0,1115.299,16.560999999999922,1463.089,99.36900000000014,1677.583,60.0,0.8240719392990847,0.8428312400103106,0.8365781397732354,0.17592806070091524,0.1571687599896894,1
Geophysical_model489,/home/lyara/areswave/models/Geophysical_model489.nd,nd,UNK,,,967.872,60.0,900.0,180.37699999999995,967.872,60.0,1120.585,33.937000000000126,1459.948,101.80899999999997,1692.31,60.0,0.8481592060369191,0.831177798887308,0.8368382679371784,0.1518407939630809,0.168822201112692,1
Geophysical_model847,/home/lyara/areswave/models/Geophysical_model847.nd,nd,UNK,,,916.687,60.0,876.852,185.18100000000004,916.687,60.0,1116.931,33.374000000000024,1484.044,83.43500000000017,1682.128,60.0,0.730191462460704,0.8905410400888802,0.8370911808794882,0.26980853753929596,0.10945895991111974,1
Geophysical_model860,/home/lyara/areswave/models/Geophysical_model860.nd,nd,UNK,,,933.943,60.0,900.0,186.52700000000004,933.943,60.0,1120.631,33.942999999999984,1494.007,84.85800000000017,1692.437,60.0,0.748713121441232,0.8813544153264695,0.837140650698057,0.25128687855876797,0.1186455846735305,1
Geophysical_model222,/home/lyara/areswave/models/Geophysical_model222.nd,nd,UNK,,,1063.846,60.0,900.0,185.688,1063.846,60.0,1145.769,32.769000000000005,1489.845,65.53899999999999,1671.177,60.0,0.8705929358203405,0.8204587872748276,0.8371701701233318,0.12940706417965955,0.17954121272517246,1
Geophysical_model240,/home/lyara/areswave/models/Geophysical_model240.nd,nd,UNK,,,999.801,60.0,878.469,193.77800000000002,999.801,60.0,1116.236,16.63299999999981,1498.807,99.80099999999993,1680.192,60.0,0.9369637564195209,0.7873341531374323,0.8372106875647951,0.06303624358047906,0.21266584686256768,1
Geophysical_model515,/home/lyara/areswave/models/Geophysical_model515.nd,nd,UNK,,,1099.766,60.0,900.0,22.442000000000007,1099.766,60.0,1116.413,16.646999999999935,1466.003,99.88300000000004,1680.686,60.0,0.8369749871046325,0.8374970278803334,0.8373230142884331,0.16302501289536755,0.16250297211966658,1
Geophysical_model248,/home/lyara/areswave/models/Geophysical_model248.nd,nd,UNK,,,999.558,60.0,878.729,191.44100000000003,999.558,60.0,1115.708,16.592999999999847,1497.346,99.55799999999999,1678.723,60.0,0.8904604844749238,0.8109114096967489,0.8374277679561405,0.10953951552507625,0.18908859030325106,1
Geophysical_model457,/home/lyara/areswave/models/Geophysical_model457.nd,nd,UNK,,,1000.924,60.0,900.0,185.79899999999998,1000.924,60.0,1118.67,33.641000000000076,1488.726,100.9240000000002,1686.973,60.0,0.8513342385647341,0.8314426227793021,0.8380731613744462,0.14866576143526586,0.16855737722069788,1
Geophysical_model122,/home/lyara/areswave/models/Geophysical_model122.nd,nd,UNK,,,967.437,60.0,900.0,186.66099999999994,967.437,60.0,1119.169,33.718000000000075,1456.352,101.15499999999997,1688.364,60.0,0.8514248601933714,0.8313999157910688,0.8380748972585029,0.14857513980662862,0.16860008420893127,1
Geophysical_model101,/home/lyara/areswave/models/Geophysical_model101.nd,nd,UNK,,,967.437,60.0,900.0,186.66099999999994,967.437,60.0,1119.169,33.718000000000075,1456.352,101.15499999999997,1688.364,60.0,0.8514248601933714,0.8313999157910688,0.8380748972585029,0.14857513980662862,0.16860008420893127,1
Gudkova,/home/lyara/areswave/models/Gudkova.nd,nd,UNK,,,819.32,60.0,819.32,307.727,819.32,60.0,1174.566,16.70399999999995,1443.681,39.91800000000012,1567.533,90.13499999999999,0.9214910033236967,0.7967278621872246,0.838315575899382,0.07850899667630332,0.2032721378127754,1
Geophysical_model673,/home/lyara/areswave/models/Geophysical_model673.nd,nd,UNK,,,900.0,60.0,900.0,180.98900000000003,900.0,60.0,1118.976,33.68899999999985,1489.55,101.06600000000003,1687.825,60.0,0.8955418816923996,0.8097809788070562,0.838367946435504,0.10445811830760043,0.19021902119294382,1
Geophysical_model318,/home/lyara/areswave/models/Geophysical_model318.nd,nd,UNK,,,983.209,60.0,878.051,197.538,983.209,60.0,1116.342,16.641999999999825,1465.818,116.49200000000019,1680.489,60.0,0.8837329791846122,0.8157456139511328,0.8384080690289593,0.11626702081538776,0.18425438604886726,1
Geophysical_model212,/home/lyara/areswave/models/Geophysical_model212.nd,nd,UNK,,,1001.068,60.0,876.475,188.20299999999997,1001.068,60.0,1118.98,33.68900000000008,1489.56,101.06700000000001,1687.836,60.0,0.8202989927438197,0.8475151275497856,0.8384430826144637,0.1797010072561803,0.15248487245021441,1
Geophysical_model785,/home/lyara/areswave/models/Geophysical_model785.nd,nd,UNK,,,900.0,60.0,900.0,29.769000000000005,900.0,60.0,1101.736,16.810999999999922,1471.585,100.86799999999994,1686.632,60.0,0.8520954025220201,0.8317555527535057,0.8385355026763438,0.14790459747797988,0.16824444724649432,1
Geophysical_model268,/home/lyara/areswave/models/Geophysical_model268.nd,nd,UNK,,,965.961,60.0,900.0,192.22000000000003,965.961,60.0,1114.373,16.490999999999985,1460.669,98.94200000000001,1675.004,60.0,0.8439819252869705,0.8360730413836179,0.8387093360180687,0.15601807471302953,0.16392695861638207,1
Geophysical_model559,/home/lyara/areswave/models/Geophysical_model559.nd,nd,UNK,,,900.0,60.0,900.0,181.12199999999996,900.0,60.0,1119.137,33.71399999999994,1473.128,101.14099999999985,1688.275,60.0,0.8369488245681964,0.839861615374935,0.8388906851060222,0.16305117543180359,0.160138384625065,1
AK_model_82,/home/lyara/areswave/models/AK_model_82.nd,nd,UNK,,,1066.874,60.0,841.141,25.081000000000017,1066.874,60.0,1292.606,50.162000000000035,1342.769,50.16300000000001,1675.283,60.0,0.8790054126285122,0.8188676229158216,0.8389135528200518,0.12099458737148786,0.18113237708417845,1
Geophysical_model593,/home/lyara/areswave/models/Geophysical_model593.nd,nd,UNK,,,916.669,60.0,877.364,181.08500000000004,916.669,60.0,1116.699,33.337999999999965,1483.42,83.346,1681.482,60.0,0.9279152326725355,0.7944472254870953,0.8389365612155754,0.07208476732746448,0.20555277451290463,1
Geophysical_model903,/home/lyara/areswave/models/Geophysical_model903.nd,nd,UNK,,,916.669,60.0,877.364,181.08500000000004,916.669,60.0,1116.699,33.337999999999965,1483.42,83.346,1681.482,60.0,0.9279152326725355,0.7944472254870953,0.8389365612155754,0.07208476732746448,0.20555277451290463,1
Geophysical_model796,/home/lyara/areswave/models/Geophysical_model796.nd,nd,UNK,,,916.669,60.0,877.364,181.08500000000004,916.669,60.0,1116.699,33.337999999999965,1483.42,83.346,1681.482,60.0,0.9279152326725355,0.7944472254870953,0.8389365612155754,0.07208476732746448,0.20555277451290463,1
Geophysical_model668,/home/lyara/areswave/models/Geophysical_model668.nd,nd,UNK,,,1099.489,60.0,900.0,21.05899999999997,1099.489,60.0,1116.113,16.624000000000024,1465.218,99.74500000000012,1679.849,60.0,0.814119702559428,0.8517900381113208,0.8392332595940232,0.18588029744057197,0.1482099618886792,1
Geophysical_model532,/home/lyara/areswave/models/Geophysical_model532.nd,nd,UNK,,,916.612,60.0,878.548,193.06899999999996,916.612,60.0,1115.955,16.61200000000008,1498.03,99.67200000000003,1679.411,60.0,0.706234372816571,0.9057555688670675,0.8392485035169021,0.29376562718342897,0.0942444311329324,1
Geophysical_model296,/home/lyara/areswave/models/Geophysical_model296.nd,nd,UNK,,,949.517,60.0,900.0,193.34400000000005,949.517,60.0,1114.574,16.505999999999858,1444.688,115.53999999999996,1675.563,60.0,0.8300954266574758,0.8438792484760806,0.8392846412032124,0.16990457334252415,0.1561207515239193,1
Geophysical_model359,/home/lyara/areswave/models/Geophysical_model359.nd,nd,UNK,,,949.517,60.0,900.0,193.34400000000005,949.517,60.0,1114.574,16.505999999999858,1444.688,115.53999999999996,1675.563,60.0,0.8300954266574758,0.8438792484760806,0.8392846412032124,0.16990457334252415,0.1561207515239193,1
Geophysical_model188,/home/lyara/areswave/models/Geophysical_model188.nd,nd,UNK,,,967.494,60.0,900.0,188.938,967.494,60.0,1119.357,33.74700000000007,1456.828,118.11599999999999,1688.886,60.0,0.8785822677997069,0.8199281601547395,0.8394795293697287,0.12141773220029306,0.18007183984526057,1
Geophysical_model912,/home/lyara/areswave/models/Geophysical_model912.nd,nd,UNK,,,916.723,60.0,900.0,178.98699999999997,916.723,60.0,1117.396,33.44599999999991,1468.574,83.61400000000003,1683.425,60.0,0.6458422283366585,0.936509623993848,0.8396204921081182,0.35415777166334156,0.06349037600615205,1
Geophysical_model830,/home/lyara/areswave/models/Geophysical_model830.nd,nd,UNK,,,966.709,60.0,875.782,193.74599999999998,966.709,60.0,1133.481,33.35500000000002,1483.703,66.70900000000006,1681.776,60.0,0.8314961344148837,0.84369244821699,0.8396270102829545,0.16850386558511637,0.15630755178301006,1
Geophysical_model873,/home/lyara/areswave/models/Geophysical_model873.nd,nd,UNK,,,966.709,60.0,875.782,193.74599999999998,966.709,60.0,1133.481,33.35500000000002,1483.703,66.70900000000006,1681.776,60.0,0.8314961344148837,0.84369244821699,0.8396270102829545,0.16850386558511637,0.15630755178301006,1
Geophysical_model537,/home/lyara/areswave/models/Geophysical_model537.nd,nd,UNK,,,933.394,60.0,900.0,184.93899999999996,933.394,60.0,1133.76,33.39499999999998,1484.399,66.78799999999978,1682.496,60.0,0.8584302364161448,0.8303083579492521,0.8396823174382163,0.1415697635838552,0.169691642050748,1
Geophysical_model906,/home/lyara/areswave/models/Geophysical_model906.nd,nd,UNK,,,916.577,60.0,900.0,196.183,916.577,60.0,1115.503,16.576999999999998,1480.2,99.46299999999997,1678.151,60.0,0.7724546248823527,0.8734391178930542,0.8397776202228204,0.22754537511764725,0.12656088210694583,1
AK_model_29,/home/lyara/areswave/models/AK_model_29.nd,nd,UNK,,,1044.427,60.0,827.691,27.091999999999985,1044.427,60.0,1288.254,54.18399999999997,1315.346,54.18399999999997,1715.068,60.0,0.8084038445606618,0.8555239873412155,0.839817273081031,0.19159615543933814,0.14447601265878451,1
Geophysical_model967,/home/lyara/areswave/models/Geophysical_model967.nd,nd,UNK,,,916.672,60.0,877.4,180.79700000000003,916.672,60.0,1116.741,33.34500000000003,1483.532,83.36199999999985,1681.599,60.0,0.8272566033630621,0.846132878833605,0.8398407870100907,0.1727433966369379,0.15386712116639503,1
Geophysical_model228,/home/lyara/areswave/models/Geophysical_model228.nd,nd,UNK,,,1000.927,60.0,900.0,186.836,1000.927,60.0,1135.497,33.64300000000003,1488.742,84.106,1686.989,60.0,0.9029691247031755,0.808531623311584,0.8400107904421145,0.09703087529682453,0.19146837668841593,1
Geophysical_model653,/home/lyara/areswave/models/Geophysical_model653.nd,nd,UNK,,,916.721,60.0,875.849,193.20899999999995,916.721,60.0,1117.378,33.442999999999984,1485.25,83.60799999999995,1683.376,60.0,0.7752816345116957,0.87255863640774,0.8401329691090585,0.22471836548830423,0.12744136359226005,1
Geophysical_model467,/home/lyara/areswave/models/Geophysical_model467.nd,nd,UNK,,,999.884,60.0,900.0,193.03599999999994,999.884,60.0,1116.415,16.646999999999935,1499.302,99.88400000000001,1680.691,60.0,0.8268334713226997,0.8468338673025866,0.8401670686426242,0.17316652867730029,0.15316613269741344,1
Geophysical_model780,/home/lyara/areswave/models/Geophysical_model780.nd,nd,UNK,,,916.707,60.0,875.814,193.485,916.707,60.0,1117.197,33.414999999999964,1484.761,83.53800000000001,1682.87,60.0,0.8812031508679187,0.8196572355458438,0.8401725406532021,0.11879684913208131,0.18034276445415623,1
Geophysical_model569,/home/lyara/areswave/models/Geophysical_model569.nd,nd,UNK,,,916.707,60.0,875.814,193.485,916.707,60.0,1117.197,33.414999999999964,1484.761,83.53800000000001,1682.87,60.0,0.8812031508679187,0.8196572355458438,0.8401725406532021,0.11879684913208131,0.18034276445415623,1
Geophysical_model558,/home/lyara/areswave/models/Geophysical_model558.nd,nd,UNK,,,1097.761,60.0,900.0,24.104000000000042,1097.761,60.0,1114.242,16.480000000000018,1460.324,98.88100000000009,1674.637,60.0,0.7775941794147074,0.8716281833362222,0.8402835153623839,0.22240582058529257,0.1283718166637778,1
AK_model_28,/home/lyara/areswave/models/AK_model_28.nd,nd,UNK,,,1043.88,60.0,800.399,27.053999999999974,1043.88,60.0,1287.361,54.1070000000002,1314.414,27.054000000000087,1713.845,60.0,0.8361609562433077,0.842416967536924,0.8403316304390519,0.1638390437566923,0.15758303246307598,1
Geophysical_model907,/home/lyara/areswave/models/Geophysical_model907.nd,nd,UNK,,,933.855,60.0,900.0,187.78200000000004,933.855,60.0,1120.056,33.85500000000002,1458.604,84.63700000000017,1690.835,60.0,0.8018102857698115,0.859890665935816,0.8405305392138146,0.1981897142301885,0.14010933406418405,1
Geophysical_model729,/home/lyara/areswave/models/Geophysical_model729.nd,nd,UNK,,,1088.334,60.0,900.0,20.706000000000017,1088.334,60.0,1105.456,17.121000000000095,1465.003,102.72800000000007,1697.857,60.0,0.9058971310835972,0.8078784988990835,0.8405513762939214,0.09410286891640289,0.19212150110091658,1
Geophysical_model70,/home/lyara/areswave/models/Geophysical_model70.nd,nd,UNK,,,1000.927,60.0,900.0,186.95600000000002,1000.927,60.0,1135.497,33.64300000000003,1488.742,84.106,1686.989,60.0,0.8926003088578005,0.8147815454281505,0.8407211332380339,0.10739969114219945,0.18521845457184946,1
Geophysical_model840,/home/lyara/areswave/models/Geophysical_model840.nd,nd,UNK,,,950.057,60.0,900.0,178.01199999999994,950.057,60.0,1133.601,33.371000000000095,1484.001,66.74299999999994,1682.084,60.0,0.8099737636505795,0.8562092720821972,0.8407974359383247,0.19002623634942048,0.14379072791780284,1
Geophysical_model505,/home/lyara/areswave/models/Geophysical_model505.nd,nd,UNK,,,949.989,60.0,900.0,178.015,949.989,60.0,1116.619,16.66300000000001,1499.867,83.31500000000005,1681.259,60.0,0.7752573145888773,0.8737809024625195,0.8409397065046388,0.22474268541112272,0.12621909753748048,1
Geophysical_model215,/home/lyara/areswave/models/Geophysical_model215.nd,nd,UNK,,,949.483,60.0,900.0,193.481,949.483,60.0,1114.426,16.494000000000142,1460.805,98.9659999999999,1675.15,60.0,0.861956504120994,0.8307883316541134,0.8411777224764069,0.13804349587900594,0.16921166834588663,1
AK_model_7,/home/lyara/areswave/models/AK_model_7.nd,nd,UNK,,,1075.329,60.0,845.445,25.541999999999916,1075.329,60.0,1279.671,51.085000000000036,1305.214,51.08600000000001,1667.556,60.0,0.7919611274450564,0.8660908145580615,0.8413809188537265,0.20803887255494355,0.13390918544193858,1
Geophysical_model942,/home/lyara/areswave/models/Geophysical_model942.nd,nd,UNK,,,900.0,60.0,900.0,184.99900000000002,900.0,60.0,1106.204,17.18399999999997,1484.246,85.9190000000001,1535.797,68.7349999999999,0.77410720567921,0.8750658722933724,0.8414129834219849,0.22589279432079004,0.12493412770662758,1
Geophysical_model850,/home/lyara/areswave/models/Geophysical_model850.nd,nd,UNK,,,950.127,60.0,900.0,199.68399999999997,950.127,60.0,1133.926,50.12699999999995,1484.815,66.83600000000001,1682.926,60.0,0.7658911541903989,0.8792051113719047,0.8414337923114027,0.23410884580960112,0.12079488862809526,1
Geophysical_model204,/home/lyara/areswave/models/Geophysical_model204.nd,nd,UNK,,,982.32,60.0,900.0,191.80899999999997,982.32,60.0,1114.032,16.465000000000146,1459.777,115.24799999999982,1674.055,60.0,0.8198021343733874,0.8523641809974145,0.841510165456072,0.1801978656266125,0.14763581900258552,1
Geophysical_model478,/home/lyara/areswave/models/Geophysical_model478.nd,nd,UNK,,,983.19,60.0,858.498,186.75699999999995,983.19,60.0,1116.294,16.63799999999992,1465.692,116.46500000000015,1680.354,60.0,0.8997059188533009,0.8127272274183284,0.8417201245633192,0.10029408114669917,0.18727277258167163,1
Geophysical_model108,/home/lyara/areswave/models/Geophysical_model108.nd,nd,UNK,,,999.816,60.0,900.0,195.837,999.816,60.0,1116.267,16.635999999999967,1498.893,99.81500000000005,1680.28,60.0,0.8158632476831864,0.8548175789032828,0.8418328018299173,0.18413675231681362,0.14518242109671714,1
Geophysical_model647,/home/lyara/areswave/models/Geophysical_model647.nd,nd,UNK,,,916.648,60.0,877.465,180.284,916.648,60.0,1116.419,16.64799999999991,1499.315,99.88499999999999,1680.704,60.0,0.8833799384446398,0.8211106299136146,0.841867066090623,0.11662006155536017,0.1788893700863854,1
Geophysical_model646,/home/lyara/areswave/models/Geophysical_model646.nd,nd,UNK,,,950.013,60.0,900.0,182.46900000000005,950.013,60.0,1133.396,50.01299999999992,1483.489,66.68399999999997,1681.554,60.0,0.7629933785186082,0.8813133517614808,0.8418733606805233,0.23700662148139184,0.11868664823851915,1
Geophysical_model657,/home/lyara/areswave/models/Geophysical_model657.nd,nd,UNK,,,916.728,60.0,900.0,191.85400000000004,916.728,60.0,1117.467,33.455999999999904,1485.488,83.64100000000008,1683.622,60.0,0.8110806219264466,0.8574099405769944,0.8419668343601451,0.1889193780735534,0.14259005942300568,1
Geophysical_model897,/home/lyara/areswave/models/Geophysical_model897.nd,nd,UNK,,,950.093,60.0,900.0,199.61199999999997,950.093,60.0,1133.767,50.09299999999985,1484.418,66.79099999999994,1682.515,60.0,0.7929258802028871,0.8665742918646351,0.842024821310719,0.20707411979711282,0.1334257081353649,1
Geophysical_model908,/home/lyara/areswave/models/Geophysical_model908.nd,nd,UNK,,,966.653,60.0,900.0,192.909,966.653,60.0,1133.286,33.327,1499.88,66.654,1681.272,60.0,0.844380773289809,0.8411890674358129,0.842252969387145,0.155619226710191,0.15881093256418713,1
Geophysical_model965,/home/lyara/areswave/models/Geophysical_model965.nd,nd,UNK,,,966.653,60.0,900.0,192.909,966.653,60.0,1133.286,33.327,1499.88,66.654,1681.272,60.0,0.844380773289809,0.8411890674358129,0.842252969387145,0.155619226710191,0.15881093256418713,1
Geophysical_model883,/home/lyara/areswave/models/Geophysical_model883.nd,nd,UNK,,,966.653,60.0,900.0,192.909,966.653,60.0,1133.286,33.327,1499.88,66.654,1681.272,60.0,0.844380773289809,0.8411890674358129,0.842252969387145,0.155619226710191,0.15881093256418713,1
Geophysical_model546,/home/lyara/areswave/models/Geophysical_model546.nd,nd,UNK,,,916.694,60.0,877.651,178.79200000000003,916.694,60.0,1117.027,33.388999999999896,1467.608,83.47200000000021,1682.396,60.0,0.7536868272669593,0.886695528663306,0.8423592948645239,0.24631317273304065,0.11330447133669397,1
Geophysical_model968,/home/lyara/areswave/models/Geophysical_model968.nd,nd,UNK,,,949.898,60.0,900.0,182.37599999999998,949.898,60.0,1132.856,33.2650000000001,1498.773,83.16300000000001,1680.159,60.0,0.8703504878348834,0.8284567601629088,0.8424213360535671,0.12964951216511655,0.1715432398370912,1
Geophysical_model565,/home/lyara/areswave/models/Geophysical_model565.nd,nd,UNK,,,949.898,60.0,900.0,182.37599999999998,949.898,60.0,1132.856,33.2650000000001,1498.773,83.16300000000001,1680.159,60.0,0.8703504878348834,0.8284567601629088,0.8424213360535671,0.12964951216511655,0.1715432398370912,1
AK_model_2,/home/lyara/areswave/models/AK_model_2.nd,nd,UNK,,,1042.278,60.0,836.749,25.69100000000003,1042.278,60.0,1273.498,102.76400000000012,1324.88,25.690999999999804,1663.202,60.0,0.7222302421368995,0.9028261725261718,0.842627529063081,0.27776975786310054,0.09717382747382816,1
Geophysical_model625,/home/lyara/areswave/models/Geophysical_model625.nd,nd,UNK,,,916.728,60.0,900.0,191.68600000000004,916.728,60.0,1117.467,33.455999999999904,1485.488,83.64100000000008,1683.622,60.0,0.8118375001464293,0.8580910072395007,0.8426731715418102,0.18816249985357072,0.14190899276049931,1
Geophysical_model627,/home/lyara/areswave/models/Geophysical_model627.nd,nd,UNK,,,950.721,60.0,900.0,183.97400000000005,950.721,60.0,1119.792,33.81400000000008,1491.747,67.62800000000016,1690.099,60.0,0.8511977020755754,0.838613399479074,0.8428081670112411,0.1488022979244246,0.16138660052092602,1
Geophysical_model494,/home/lyara/areswave/models/Geophysical_model494.nd,nd,UNK,,,999.801,60.0,857.502,191.24099999999999,999.801,60.0,1116.236,16.63299999999981,1465.54,99.80099999999993,1680.192,60.0,0.8618962959202809,0.8334203861143185,0.8429123560496393,0.1381037040797191,0.16657961388568157,1
AK_model_19,/home/lyara/areswave/models/AK_model_19.nd,nd,UNK,,,1045.493,60.0,811.971,25.947000000000003,1045.493,60.0,1279.016,25.947000000000116,1330.909,51.89300000000003,1670.7,60.0,0.7296801768550358,0.899839585215698,0.8431197824288107,0.27031982314496417,0.10016041478430202,1
Geophysical_model229,/home/lyara/areswave/models/Geophysical_model229.nd,nd,UNK,,,965.752,60.0,900.0,181.72400000000005,965.752,60.0,1113.693,16.437000000000126,1458.888,115.06499999999983,1673.108,60.0,0.9348252362437393,0.798045562415412,0.8436387870248545,0.0651747637562607,0.20195443758458795,1
Geophysical_model778,/home/lyara/areswave/models/Geophysical_model778.nd,nd,UNK,,,933.288,60.0,876.97,184.23699999999997,933.288,60.0,1116.374,16.644000000000005,1499.19,99.86500000000001,1680.578,60.0,0.8057860709857093,0.8626834003613296,0.8437176239027896,0.19421392901429071,0.1373165996386704,1
Geophysical_model671,/home/lyara/areswave/models/Geophysical_model671.nd,nd,UNK,,,1099.625,60.0,900.0,21.470000000000027,1099.625,60.0,1116.26,16.635999999999967,1465.604,99.81200000000013,1680.261,60.0,0.7133853790799883,0.9088858421360457,0.84371902111736,0.28661462092001166,0.09111415786395421,1
Geophysical_model335,/home/lyara/areswave/models/Geophysical_model335.nd,nd,UNK,,,1031.52,60.0,900.0,187.375,1031.52,60.0,1130.159,32.87999999999988,1491.838,82.19900000000007,1673.183,60.0,0.8961339860137839,0.817515785416257,0.8437218522820994,0.1038660139862161,0.182484214583743,1
Geophysical_model252,/home/lyara/areswave/models/Geophysical_model252.nd,nd,UNK,,,950.33,60.0,900.0,194.29100000000005,950.33,60.0,1118.099,33.55300000000011,1453.635,117.4380000000001,1685.382,60.0,0.8197602326142415,0.8559051349065143,0.8438568341424233,0.1802397673857585,0.14409486509348568,1
Geophysical_model704,/home/lyara/areswave/models/Geophysical_model704.nd,nd,UNK,,,1099.489,60.0,900.0,21.059999999999945,1099.489,60.0,1116.113,16.624000000000024,1465.218,99.74500000000012,1679.849,60.0,0.7781415553081865,0.8767189018690078,0.8438597863487342,0.22185844469181343,0.12328109813099222,1
Geophysical_model288,/home/lyara/areswave/models/Geophysical_model288.nd,nd,UNK,,,949.52,60.0,900.0,193.24900000000002,949.52,60.0,1114.585,16.507000000000062,1461.223,99.03999999999996,1675.595,60.0,0.7915305376464291,0.8701163833073464,0.8439211014203739,0.20846946235357086,0.12988361669265364,1
Geophysical_model315,/home/lyara/areswave/models/Geophysical_model315.nd,nd,UNK,,,1001.068,60.0,900.0,187.65800000000002,1001.068,60.0,1135.824,33.68900000000008,1489.56,101.06700000000001,1687.836,60.0,0.8462523016442676,0.8428573829032291,0.8439890224835752,0.1537476983557324,0.1571426170967709,1
Geophysical_model764,/home/lyara/areswave/models/Geophysical_model764.nd,nd,UNK,,,933.862,60.0,900.0,186.66999999999996,933.862,60.0,1120.105,33.86200000000008,1492.59,84.65599999999995,1690.97,60.0,0.7690516878543208,0.8815139014872183,0.8440264969429192,0.2309483121456793,0.11848609851278165,1
Geophysical_model310,/home/lyara/areswave/models/Geophysical_model310.nd,nd,UNK,,,1016.326,60.0,878.266,195.60199999999998,1016.326,60.0,1132.652,33.235999999999876,1498.248,99.70800000000008,1679.631,60.0,0.8590123897448074,0.8366209499968684,0.8440847632461814,0.14098761025519257,0.1633790500031316,1
Geophysical_model322,/home/lyara/areswave/models/Geophysical_model322.nd,nd,UNK,,,983.19,60.0,900.0,194.81899999999996,983.19,60.0,1116.294,16.63799999999992,1465.692,116.46600000000012,1680.354,60.0,0.8147154534007901,0.8591511261441805,0.8443392352297171,0.18528454659920987,0.14084887385581946,1
Geophysical_model880,/home/lyara/areswave/models/Geophysical_model880.nd,nd,UNK,,,916.693,60.0,877.556,179.548,916.693,60.0,1117.015,33.386000000000195,1484.271,83.46699999999987,1682.363,60.0,0.7501752683768048,0.8914270931147114,0.8443431515354091,0.24982473162319518,0.1085729068852886,1
Geophysical_model234,/home/lyara/areswave/models/Geophysical_model234.nd,nd,UNK,,,966.829,60.0,900.0,198.79600000000005,966.829,60.0,1117.194,33.41399999999999,1451.339,100.24299999999994,1682.862,60.0,0.8196843615474637,0.8568937852580604,0.8444906440211949,0.1803156384525363,0.14310621474193966,1
Geophysical_model96,/home/lyara/areswave/models/Geophysical_model96.nd,nd,UNK,,,966.829,60.0,900.0,198.79600000000005,966.829,60.0,1117.194,33.41399999999999,1451.339,100.24299999999994,1682.862,60.0,0.8196843615474637,0.8568937852580604,0.8444906440211949,0.1803156384525363,0.14310621474193966,1
AK_model_73,/home/lyara/areswave/models/AK_model_73.nd,nd,UNK,,,1039.669,60.0,790.268,24.93999999999994,1039.669,60.0,1264.13,74.81999999999994,1314.011,24.940000000000055,1670.688,60.0,0.8343034566719223,0.849604283095284,0.8445040076208302,0.1656965433280777,0.15039571690471595,1
Geophysical_model564,/home/lyara/areswave/models/Geophysical_model564.nd,nd,UNK,,,1099.625,60.0,900.0,21.491999999999962,1099.625,60.0,1116.26,16.635999999999967,1465.604,99.81200000000013,1680.261,60.0,0.9069489368988621,0.8135073324977811,0.844654533964808,0.0930510631011379,0.18649266750221896,1
AK_model_50,/home/lyara/areswave/models/AK_model_50.nd,nd,UNK,,,1030.878,60.0,805.605,25.029999999999973,1030.878,60.0,1281.182,100.12200000000007,1481.425,175.21299999999997,1687.443,60.0,0.7922951175542831,0.871194950972909,0.8448950065000337,0.20770488244571694,0.128805049027091,1
Geophysical_model918,/home/lyara/areswave/models/Geophysical_model918.nd,nd,UNK,,,933.4,60.0,900.0,184.586,933.4,60.0,1117.102,33.399999999999864,1484.505,66.80100000000016,1682.605,60.0,0.7970319752746016,0.8688674168605106,0.8449222696652076,0.20296802472539838,0.1311325831394894,1
Geophysical_model58,/home/lyara/areswave/models/Geophysical_model58.nd,nd,UNK,,,966.592,60.0,900.0,182.84199999999998,966.592,60.0,1116.423,16.64799999999991,1466.03,99.88800000000015,1680.715,60.0,0.9188994126431806,0.8080377656000279,0.8449916479477455,0.08110058735681938,0.19196223439997206,1
Geophysical_model415,/home/lyara/areswave/models/Geophysical_model415.nd,nd,UNK,,,949.68,60.0,900.0,189.93600000000004,949.68,60.0,1115.279,16.559999999999945,1463.038,99.3599999999999,1677.528,60.0,0.8600841266219736,0.8380022006365339,0.8453628426316805,0.13991587337802638,0.16199779936346614,1
Geophysical_model750,/home/lyara/areswave/models/Geophysical_model750.nd,nd,UNK,,,916.648,60.0,877.568,179.45600000000002,916.648,60.0,1116.419,16.64799999999991,1482.668,99.88499999999999,1680.704,60.0,0.9214001666555232,0.8074062580786502,0.8454042276042745,0.07859983334447687,0.19259374192134984,1
Geophysical_model210,/home/lyara/areswave/models/Geophysical_model210.nd,nd,UNK,,,984.407,60.0,861.669,191.654,984.407,60.0,1119.457,33.76299999999992,1490.847,101.28800000000001,1689.167,60.0,0.8634820753879296,0.8363707129527922,0.8454078337645047,0.13651792461207038,0.16362928704720783,1
Geophysical_model302,/home/lyara/areswave/models/Geophysical_model302.nd,nd,UNK,,,933.563,60.0,900.0,195.716,933.563,60.0,1101.377,16.78099999999995,1453.786,100.68900000000008,1685.548,60.0,0.8393432418980386,0.8487644081901418,0.8456240194261073,0.16065675810196148,0.15123559180985818,1
Geophysical_model349,/home/lyara/areswave/models/Geophysical_model349.nd,nd,UNK,,,983.203,60.0,878.832,190.51300000000003,983.203,60.0,1116.329,16.6400000000001,1465.783,99.84400000000005,1680.452,60.0,0.9090122639007266,0.8139452335242017,0.8456342436497101,0.09098773609927334,0.18605476647579827,1
Geophysical_model336,/home/lyara/areswave/models/Geophysical_model336.nd,nd,UNK,,,1001.288,60.0,861.171,194.14300000000003,1001.288,60.0,1119.457,33.76299999999992,1490.847,101.28800000000001,1689.167,60.0,0.835394427591833,0.8508441135188971,0.8456942182098758,0.164605572408167,0.14915588648110284,1
Geophysical_model328,/home/lyara/areswave/models/Geophysical_model328.nd,nd,UNK,,,1001.288,60.0,861.171,194.14300000000003,1001.288,60.0,1119.457,33.76299999999992,1490.847,101.28800000000001,1689.167,60.0,0.835394427591833,0.8508441135188971,0.8456942182098758,0.164605572408167,0.14915588648110284,1
Geophysical_model590,/home/lyara/areswave/models/Geophysical_model590.nd,nd,UNK,,,916.672,60.0,876.867,185.067,916.672,60.0,1116.735,33.343999999999824,1483.517,83.35900000000015,1681.583,60.0,0.8033965478431748,0.8671039456489043,0.8458681463803277,0.19660345215682515,0.13289605435109578,1
Geophysical_model966,/home/lyara/areswave/models/Geophysical_model966.nd,nd,UNK,,,950.781,60.0,900.0,183.639,950.781,60.0,1136.977,33.85400000000004,1492.442,67.70700000000011,1690.818,60.0,0.8030111916749727,0.8673435054920434,0.8458994008863532,0.19698880832502735,0.1326564945079566,1
Geophysical_model630,/home/lyara/areswave/models/Geophysical_model630.nd,nd,UNK,,,916.693,60.0,877.619,179.04700000000003,916.693,60.0,1117.015,33.386000000000195,1484.271,83.46699999999987,1682.363,60.0,0.8188000544658975,0.859493646161326,0.8459291155961832,0.1811999455341025,0.14050635383867408,1
Geophysical_model911,/home/lyara/areswave/models/Geophysical_model911.nd,nd,UNK,,,933.365,60.0,900.0,186.46000000000004,933.365,60.0,1116.871,33.36500000000001,1483.885,83.41200000000003,1681.963,60.0,0.8024783722635901,0.8679308399606199,0.8461133507282766,0.19752162773640988,0.13206916003938007,1
Geophysical_model477,/home/lyara/areswave/models/Geophysical_model477.nd,nd,UNK,,,1016.377,60.0,900.0,198.78300000000002,1016.377,60.0,1132.755,33.251000000000204,1465.261,99.75199999999995,1679.896,60.0,0.9227416403550127,0.8080102993292606,0.846254079671178,0.0772583596449873,0.19198970067073934,1
Geophysical_model334,/home/lyara/areswave/models/Geophysical_model334.nd,nd,UNK,,,1016.377,60.0,900.0,198.78300000000002,1016.377,60.0,1132.755,33.251000000000204,1465.261,99.75199999999995,1679.896,60.0,0.9227416403550127,0.8080102993292606,0.846254079671178,0.0772583596449873,0.19198970067073934,1
MD_model96,/home/lyara/areswave/models/MD_model96.nd,nd,UNK,,,901.131,60.0,890.515,180.45899999999995,901.131,60.0,1293.895,74.30700000000002,1315.126,31.846000000000004,1608.043,60.0,0.88982666740796,0.8246638040662146,0.8463847585134632,0.11017333259203993,0.1753361959337853,1
Geophysical_model605,/home/lyara/areswave/models/Geophysical_model605.nd,nd,UNK,,,916.648,60.0,900.0,180.15800000000002,916.648,60.0,1116.419,16.64799999999991,1499.315,99.88499999999999,1680.704,60.0,0.9001858593291459,0.8196039221094417,0.8464645678493431,0.09981414067085415,0.18039607789055837,1
Geophysical_model964,/home/lyara/areswave/models/Geophysical_model964.nd,nd,UNK,,,933.422,60.0,900.0,183.587,933.422,60.0,1117.244,33.423,1484.889,83.55599999999981,1683.002,60.0,0.7699100414769454,0.8847765987456855,0.8464877463227721,0.23008995852305456,0.11522340125431457,1
Geophysical_model628,/home/lyara/areswave/models/Geophysical_model628.nd,nd,UNK,,,933.422,60.0,900.0,183.587,933.422,60.0,1117.244,33.423,1484.889,83.55599999999981,1683.002,60.0,0.7699100414769454,0.8847765987456855,0.8464877463227721,0.23008995852305456,0.11522340125431457,1
Geophysical_model443,/home/lyara/areswave/models/Geophysical_model443.nd,nd,UNK,,,1030.985,60.0,900.0,188.21500000000003,1030.985,60.0,1129.223,32.746000000000095,1489.43,81.86500000000001,1670.76,60.0,0.901201589666426,0.8197451736443889,0.8468973123184013,0.0987984103335739,0.18025482635561108,1
Geophysical_model464,/home/lyara/areswave/models/Geophysical_model464.nd,nd,UNK,,,1030.985,60.0,900.0,188.21500000000003,1030.985,60.0,1129.223,32.746000000000095,1489.43,81.86500000000001,1670.76,60.0,0.901201589666426,0.8197451736443889,0.8468973123184013,0.0987984103335739,0.18025482635561108,1
MD_model25,/home/lyara/areswave/models/MD_model25.nd,nd,UNK,,,906.668,60.0,896.424,194.63299999999992,906.668,60.0,1295.935,81.95100000000002,1306.179,30.73199999999997,1500.813,60.924999999999955,0.863068581100802,0.8388910890054969,0.8469502530372653,0.13693141889919802,0.16110891099450309,1
Geophysical_model405,/home/lyara/areswave/models/Geophysical_model405.nd,nd,UNK,,,1047.083,60.0,900.0,186.64499999999998,1047.083,60.0,1145.138,32.684999999999945,1488.33,65.36999999999989,1669.654,60.0,0.8980017950596468,0.8214292961196333,0.8469534624329711,0.10199820494035318,0.17857070388036667,1
Geophysical_model629,/home/lyara/areswave/models/Geophysical_model629.nd,nd,UNK,,,900.0,60.0,900.0,21.486999999999966,900.0,60.0,1116.854,33.36200000000008,1483.837,100.08699999999999,1681.914,60.0,0.8069748744626966,0.8670667921037798,0.8470361528900853,0.19302512553730342,0.1329332078962202,1
Geophysical_model389,/home/lyara/areswave/models/Geophysical_model389.nd,nd,UNK,,,949.524,60.0,900.0,193.33900000000006,949.524,60.0,1114.604,16.509000000000015,1461.273,99.048,1675.648,60.0,0.8936266908938518,0.823807567681851,0.8470806087525179,0.10637330910614821,0.17619243231814902,1
AK_model_12,/home/lyara/areswave/models/AK_model_12.nd,nd,UNK,,,1035.663,60.0,813.003,24.74000000000001,1035.663,60.0,1283.062,74.2199999999998,1307.802,24.74000000000001,1686.223,60.0,0.8614432957890578,0.8401260102387764,0.8472317720888701,0.13855670421094224,0.15987398976122355,1
Geophysical_model633,/home/lyara/areswave/models/Geophysical_model633.nd,nd,UNK,,,916.648,60.0,877.507,179.94299999999998,916.648,60.0,1116.419,16.64799999999991,1499.315,99.88499999999999,1680.704,60.0,0.8232557336060201,0.8593653106592,0.8473287849748067,0.1767442663939799,0.14063468934080006,1
Geophysical_model781,/home/lyara/areswave/models/Geophysical_model781.nd,nd,UNK,,,916.648,60.0,877.507,179.94299999999998,916.648,60.0,1116.419,16.64799999999991,1499.315,99.88499999999999,1680.704,60.0,0.8232557336060201,0.8593653106592,0.8473287849748067,0.1767442663939799,0.14063468934080006,1
Geophysical_model264,/home/lyara/areswave/models/Geophysical_model264.nd,nd,UNK,,,966.81,60.0,900.0,179.33100000000002,966.81,60.0,1117.132,33.40499999999997,1451.182,100.21499999999992,1682.69,60.0,0.8530990804653578,0.8445551529326236,0.8474031287768683,0.1469009195346423,0.15544484706737638,1
Geophysical_model986,/home/lyara/areswave/models/Geophysical_model986.nd,nd,UNK,,,1086.703,60.0,900.0,20.995000000000005,1086.703,60.0,1103.676,16.972999999999956,1460.108,118.81000000000017,1692.486,60.0,0.8423481167040275,0.8499747339125566,0.8474325281763803,0.1576518832959725,0.15002526608744338,1
Geophysical_model658,/home/lyara/areswave/models/Geophysical_model658.nd,nd,UNK,,,900.0,60.0,900.0,178.04999999999995,900.0,60.0,1118.724,33.65000000000009,1488.873,100.94900000000007,1687.125,60.0,0.8222423445348414,0.860057441699769,0.8474524093114598,0.17775765546515862,0.139942558300231,1
Geophysical_model899,/home/lyara/areswave/models/Geophysical_model899.nd,nd,UNK,,,933.35,60.0,853.741,185.034,933.35,60.0,1116.776,33.34999999999991,1483.627,83.375,1681.697,60.0,0.8135944515989646,0.8644660327290749,0.8475088390190381,0.18640554840103538,0.13553396727092518,1
Geophysical_model940,/home/lyara/areswave/models/Geophysical_model940.nd,nd,UNK,,,933.35,60.0,853.741,185.034,933.35,60.0,1116.776,33.34999999999991,1483.627,83.375,1681.697,60.0,0.8135944515989646,0.8644660327290749,0.8475088390190381,0.18640554840103538,0.13553396727092518,1
MD_model53,/home/lyara/areswave/models/MD_model53.nd,nd,UNK,,,903.72,60.0,838.985,183.4129999999999,903.72,60.0,1292.124,75.52299999999991,1324.491,32.36699999999996,1620.805,60.0,0.8064642593520062,0.868799091250316,0.8480208139508795,0.19353574064799384,0.13120090874968404,1
Geophysical_model686,/home/lyara/areswave/models/Geophysical_model686.nd,nd,UNK,,,900.0,60.0,900.0,21.477999999999952,900.0,60.0,1116.829,33.35799999999995,1483.771,100.07500000000005,1681.845,60.0,0.8092913593517287,0.8677939997874666,0.8482931196422206,0.1907086406482713,0.13220600021253343,1
Geophysical_model681,/home/lyara/areswave/models/Geophysical_model681.nd,nd,UNK,,,916.723,60.0,877.828,199.54899999999998,916.723,60.0,1117.396,33.44599999999991,1485.297,83.61400000000003,1683.425,60.0,0.8449629868447913,0.8499954798156044,0.8483179821586667,0.15503701315520865,0.15000452018439558,1
Geophysical_model996,/home/lyara/areswave/models/Geophysical_model996.nd,nd,UNK,,,916.723,60.0,877.828,199.54899999999998,916.723,60.0,1117.396,33.44599999999991,1485.297,83.61400000000003,1683.425,60.0,0.8449629868447913,0.8499954798156044,0.8483179821586667,0.15503701315520865,0.15000452018439558,1
Geophysical_model566,/home/lyara/areswave/models/Geophysical_model566.nd,nd,UNK,,,916.723,60.0,877.828,199.54899999999998,916.723,60.0,1117.396,33.44599999999991,1485.297,83.61400000000003,1683.425,60.0,0.8449629868447913,0.8499954798156044,0.8483179821586667,0.15503701315520865,0.15000452018439558,1
Geophysical_model501,/home/lyara/areswave/models/Geophysical_model501.nd,nd,UNK,,,916.672,60.0,900.0,180.688,916.672,60.0,1116.741,33.34500000000003,1483.532,83.36199999999985,1681.599,60.0,0.8426026902706758,0.8521203869257632,0.8489478213740673,0.15739730972932417,0.14787961307423675,1
Geophysical_model226,/home/lyara/areswave/models/Geophysical_model226.nd,nd,UNK,,,1096.615,60.0,900.0,186.49900000000002,1096.615,60.0,1145.769,32.769000000000005,1489.845,65.53899999999999,1671.177,60.0,0.8891129784566946,0.8290690920858428,0.8490837208761267,0.11088702154330543,0.17093090791415716,1
Geophysical_model165,/home/lyara/areswave/models/Geophysical_model165.nd,nd,UNK,,,1016.295,60.0,900.0,197.50300000000004,1016.295,60.0,1132.589,33.22699999999986,1481.473,99.68200000000002,1679.468,60.0,0.9177177336859896,0.8147964560223319,0.8491035485768844,0.08228226631401037,0.1852035439776681,1
Geophysical_model439,/home/lyara/areswave/models/Geophysical_model439.nd,nd,UNK,,,1030.76,60.0,900.0,188.125,1030.76,60.0,1128.83,32.690000000000055,1488.42,81.72500000000014,1669.744,60.0,0.8310775345304207,0.8583341875552934,0.8492486365470026,0.16892246546957937,0.14166581244470658,1
Geophysical_model440,/home/lyara/areswave/models/Geophysical_model440.nd,nd,UNK,,,966.559,60.0,900.0,181.32500000000005,966.559,60.0,1116.317,16.638999999999896,1449.111,99.83900000000017,1680.417,60.0,0.8775589531555182,0.8352404468444876,0.8493466156148312,0.12244104684448177,0.16475955315551238,1
Geophysical_model54,/home/lyara/areswave/models/Geophysical_model54.nd,nd,UNK,,,1047.698,60.0,900.0,190.42999999999995,1047.698,60.0,1146.164,32.82199999999989,1490.792,65.64300000000003,1672.131,60.0,0.8373561722389927,0.8558332624835092,0.8496742324020037,0.16264382776100728,0.14416673751649076,1
MD_model83,/home/lyara/areswave/models/MD_model83.nd,nd,UNK,,,957.498,60.0,725.173,190.08499999999992,957.498,60.0,1263.746,42.240999999999985,1305.987,52.80099999999993,1598.029,60.0,0.7253683387302431,0.9121142122797761,0.849865587763265,0.2746316612697569,0.08788578772022387,1
Geophysical_model375,/home/lyara/areswave/models/Geophysical_model375.nd,nd,UNK,,,949.973,60.0,900.0,197.183,949.973,60.0,1116.548,16.656999999999925,1449.698,116.60299999999984,1681.061,60.0,0.815817897859198,0.8670166684453497,0.8499504115832992,0.18418210214080202,0.13298333155465022,1
Geophysical_model363,/home/lyara/areswave/models/Geophysical_model363.nd,nd,UNK,,,949.973,60.0,900.0,197.183,949.973,60.0,1116.548,16.656999999999925,1449.698,116.60299999999984,1681.061,60.0,0.815817897859198,0.8670166684453497,0.8499504115832992,0.18418210214080202,0.13298333155465022,1
Geophysical_model953,/home/lyara/areswave/models/Geophysical_model953.nd,nd,UNK,,,916.648,60.0,877.533,179.73699999999997,916.648,60.0,1116.419,16.64799999999991,1499.315,99.88499999999999,1680.704,60.0,0.7081690124063885,0.9208496140070751,0.8499560801401795,0.2918309875936115,0.07915038599292491,1
Geophysical_model603,/home/lyara/areswave/models/Geophysical_model603.nd,nd,UNK,,,1099.625,60.0,900.0,21.54200000000003,1099.625,60.0,1116.26,16.635999999999967,1465.604,99.81200000000013,1680.261,60.0,0.8134569986549358,0.8682690502988503,0.8499983664175454,0.18654300134506416,0.1317309497011497,1
MD_model19,/home/lyara/areswave/models/MD_model19.nd,nd,UNK,,,1059.774,60.0,728.117,192.5759999999999,1059.774,60.0,1209.555,192.57500000000005,1348.637,106.98699999999985,1611.188,60.0,0.8322757598396112,0.8588635327749301,0.8500009417964906,0.1677242401603888,0.14113646722506984,1
Geophysical_model485,/home/lyara/areswave/models/Geophysical_model485.nd,nd,UNK,,,1063.97,60.0,900.0,188.40099999999995,1063.97,60.0,1145.955,32.79399999999987,1490.293,65.58799999999997,1671.628,60.0,0.8754142033079271,0.8374567385035814,0.8501092267716966,0.12458579669207298,0.16254326149641865,1
Geophysical_model482,/home/lyara/areswave/models/Geophysical_model482.nd,nd,UNK,,,1063.97,60.0,900.0,188.40099999999995,1063.97,60.0,1145.955,32.79399999999987,1490.293,65.58799999999997,1671.628,60.0,0.8754142033079271,0.8374567385035814,0.8501092267716966,0.12458579669207298,0.16254326149641865,1
Geophysical_model374,/home/lyara/areswave/models/Geophysical_model374.nd,nd,UNK,,,1063.97,60.0,900.0,188.40099999999995,1063.97,60.0,1145.955,32.79399999999987,1490.293,65.58799999999997,1671.628,60.0,0.8754142033079271,0.8374567385035814,0.8501092267716966,0.12458579669207298,0.16254326149641865,1
AK_model_57,/home/lyara/areswave/models/AK_model_57.nd,nd,UNK,,,1014.565,60.0,889.976,24.918000000000006,1014.565,60.0,1164.071,99.67100000000005,1388.331,99.67100000000005,1670.1,60.0,0.8589738969004835,0.8457781690381645,0.8501767449922708,0.1410261030995165,0.15422183096183545,1
Geophysical_model933,/home/lyara/areswave/models/Geophysical_model933.nd,nd,UNK,,,950.04,60.0,900.0,179.98800000000006,950.04,60.0,1133.521,50.039999999999964,1483.802,66.7199999999998,1681.878,60.0,0.8084408211122254,0.8711528653170564,0.8502488505821127,0.1915591788877746,0.12884713468294365,1
Geophysical_model74,/home/lyara/areswave/models/Geophysical_model74.nd,nd,UNK,,,950.042,60.0,900.0,197.93200000000002,950.042,60.0,1116.847,33.361000000000104,1450.457,116.7639999999999,1681.894,60.0,0.8128560174252528,0.8689537242763582,0.850254488659323,0.18714398257474724,0.13104627572364178,1
Geophysical_model602,/home/lyara/areswave/models/Geophysical_model602.nd,nd,UNK,,,1099.903,60.0,900.0,21.410999999999945,1099.903,60.0,1116.562,16.65800000000013,1466.392,116.61000000000013,1681.1,60.0,0.9129861944886934,0.8190197729658012,0.8503419134734319,0.0870138055113065,0.18098022703419883,1
Geophysical_model438,/home/lyara/areswave/models/Geophysical_model438.nd,nd,UNK,,,1033.261,60.0,900.0,181.95600000000002,1033.261,60.0,1133.207,33.315000000000055,1499.676,83.28800000000001,1681.067,60.0,0.9097584016172473,0.8211014447117839,0.8506537636802717,0.09024159838275274,0.17889855528821608,1
Geophysical_model428,/home/lyara/areswave/models/Geophysical_model428.nd,nd,UNK,,,966.066,60.0,900.0,192.77999999999997,966.066,60.0,1114.715,16.516000000000076,1461.562,99.09899999999993,1675.956,60.0,0.834497658569021,0.858922830164202,0.8507811062991416,0.16550234143097897,0.141077169835798,1
AK_model_41,/home/lyara/areswave/models/AK_model_41.nd,nd,UNK,,,1033.676,60.0,821.492,26.524,1033.676,60.0,1298.907,106.09199999999987,1484.568,159.13799999999992,1694.521,60.0,0.7522444384906648,0.9002388534855162,0.8509073818205657,0.24775556150933525,0.09976114651448376,1
AK_model_35,/home/lyara/areswave/models/AK_model_35.nd,nd,UNK,,,1083.341,60.0,898.594,26.39300000000003,1083.341,60.0,1294.481,26.392000000000053,1347.266,79.17699999999991,1689.198,60.0,0.8077624364141311,0.8726382920861776,0.8510130068621621,0.19223756358586888,0.12736170791382243,1
Geophysical_model492,/home/lyara/areswave/models/Geophysical_model492.nd,nd,UNK,,,967.499,60.0,900.0,184.85799999999995,967.499,60.0,1119.373,33.75,1456.871,101.2489999999998,1688.933,60.0,0.8001932211372186,0.8767337460047846,0.8512202377155959,0.1998067788627814,0.12326625399521543,1
Geophysical_model353,/home/lyara/areswave/models/Geophysical_model353.nd,nd,UNK,,,967.499,60.0,900.0,184.85799999999995,967.499,60.0,1119.373,33.75,1456.871,101.2489999999998,1688.933,60.0,0.8001932211372186,0.8767337460047846,0.8512202377155959,0.1998067788627814,0.12326625399521543,1
Geophysical_model730,/home/lyara/areswave/models/Geophysical_model730.nd,nd,UNK,,,933.948,60.0,900.0,185.625,933.948,60.0,1120.665,33.947999999999865,1494.098,84.87099999999987,1692.531,60.0,0.8533960910543168,0.8501478477167186,0.851230595495918,0.14660390894568318,0.1498521522832814,1
Geophysical_model258,/home/lyara/areswave/models/Geophysical_model258.nd,nd,UNK,,,999.884,60.0,900.0,194.94500000000005,999.884,60.0,1116.415,16.646999999999935,1499.302,99.88400000000001,1680.691,60.0,0.8060305504315506,0.8740104992238044,0.8513505162930531,0.1939694495684494,0.12598950077619564,1
AK_model_67,/home/lyara/areswave/models/AK_model_67.nd,nd,UNK,,,1034.55,60.0,885.984,24.75999999999999,1034.55,60.0,1158.354,99.04399999999987,1381.202,99.04299999999989,1662.605,60.0,0.8484020196011658,0.8531121715111121,0.8515421208744632,0.15159798039883418,0.14688782848888796,1
Geophysical_model545,/home/lyara/areswave/models/Geophysical_model545.nd,nd,UNK,,,916.767,60.0,900.0,191.72900000000004,916.767,60.0,1117.965,33.5329999999999,1486.828,83.83300000000008,1685.009,60.0,0.8487977434880761,0.8532482942469122,0.8517647773273002,0.15120225651192384,0.14675170575308788,1
Geophysical_model345,/home/lyara/areswave/models/Geophysical_model345.nd,nd,UNK,,,1031.859,60.0,900.0,187.37099999999998,1031.859,60.0,1130.753,32.96399999999994,1476.882,82.41200000000003,1674.718,60.0,0.8665090883228743,0.8450453980915427,0.8521999615019865,0.13349091167712565,0.15495460190845728,1
Geophysical_model275,/home/lyara/areswave/models/Geophysical_model275.nd,nd,UNK,,,984.083,60.0,876.527,187.788,984.083,60.0,1118.616,33.63300000000004,1488.58,100.89899999999989,1686.822,60.0,0.8433213225520833,0.8567081135541024,0.8522458498867627,0.15667867744791675,0.1432918864458976,1
AK_model_52,/home/lyara/areswave/models/AK_model_52.nd,nd,UNK,,,1026.612,60.0,827.005,24.951000000000022,1026.612,60.0,1276.121,74.85200000000009,1301.072,24.951000000000022,1681.933,60.0,0.8391222759811148,0.8590759941677287,0.8524247547721907,0.16087772401888525,0.1409240058322713,1
Geophysical_model176,/home/lyara/areswave/models/Geophysical_model176.nd,nd,UNK,,,966.298,60.0,900.0,189.20899999999995,966.298,60.0,1115.469,16.57399999999984,1463.533,99.44699999999989,1678.056,60.0,0.887284406308934,0.835122157979626,0.8525095740893954,0.11271559369106593,0.16487784202037406,1
Geophysical_model312,/home/lyara/areswave/models/Geophysical_model312.nd,nd,UNK,,,966.712,60.0,878.564,192.92499999999995,966.712,60.0,1116.813,33.355999999999995,1483.727,100.06700000000001,1681.8,60.0,0.8056513907279159,0.8767236816396549,0.8530329180024085,0.19434860927208414,0.1232763183603452,1
Geophysical_model913,/home/lyara/areswave/models/Geophysical_model913.nd,nd,UNK,,,916.847,60.0,879.78,181.97699999999998,916.847,60.0,1119.005,33.69300000000021,1489.628,84.23299999999995,1687.906,60.0,0.8359375011567305,0.8616382248493597,0.8530713169518167,0.16406249884326946,0.13836177515064027,1
Geophysical_model513,/home/lyara/areswave/models/Geophysical_model513.nd,nd,UNK,,,916.847,60.0,879.78,181.97699999999998,916.847,60.0,1119.005,33.69300000000021,1489.628,84.23299999999995,1687.906,60.0,0.8359375011567305,0.8616382248493597,0.8530713169518167,0.16406249884326946,0.13836177515064027,1
Geophysical_model186,/home/lyara/areswave/models/Geophysical_model186.nd,nd,UNK,,,933.038,60.0,900.0,199.34000000000003,933.038,60.0,1114.745,16.519000000000005,1445.122,99.11300000000006,1676.04,60.0,0.9037333550415881,0.8278942782493961,0.8531739705134601,0.09626664495841188,0.1721057217506039,1
Geophysical_model661,/home/lyara/areswave/models/Geophysical_model661.nd,nd,UNK,,,933.422,60.0,900.0,184.00400000000002,933.422,60.0,1117.244,33.423,1484.889,83.55599999999981,1683.002,60.0,0.8046545247615527,0.8775224081666044,0.8532331136982538,0.19534547523844728,0.12247759183339559,1
Geophysical_model158,/home/lyara/areswave/models/Geophysical_model158.nd,nd,UNK,,,1017.887,60.0,900.0,186.66499999999996,1017.887,60.0,1135.775,16.841000000000122,1489.437,84.2059999999999,1687.708,60.0,0.7826796252999161,0.8886587825438429,0.8533323967958673,0.21732037470008395,0.11134121745615712,1
Geophysical_model504,/home/lyara/areswave/models/Geophysical_model504.nd,nd,UNK,,,1050.167,60.0,900.0,21.375999999999976,1050.167,60.0,1100.223,33.371000000000095,1483.984,100.11099999999988,1682.066,60.0,0.8466447073229506,0.8569750073443705,0.8535315740038971,0.1533552926770494,0.14302499265562946,1
Geophysical_model526,/home/lyara/areswave/models/Geophysical_model526.nd,nd,UNK,,,916.589,60.0,878.506,193.44399999999996,916.589,60.0,1115.651,16.588999999999942,1497.188,99.53100000000018,1678.564,60.0,0.7583327908235136,0.9012680904572482,0.8536229905793368,0.24166720917648649,0.0987319095427518,1
Geophysical_model888,/home/lyara/areswave/models/Geophysical_model888.nd,nd,UNK,,,1088.465,60.0,900.0,20.730000000000018,1088.465,60.0,1105.598,17.133000000000038,1465.394,102.79899999999998,1698.287,60.0,0.8348237835861858,0.8632483323294191,0.8537734827483413,0.16517621641381425,0.13675166767058086,1
AK_model_75,/home/lyara/areswave/models/AK_model_75.nd,nd,UNK,,,1055.732,60.0,825.114,51.24800000000005,1055.732,60.0,1286.349,51.24799999999982,1311.974,51.24800000000005,1698.307,60.0,0.7916804875932713,0.8859517660727484,0.8545280065795894,0.20831951240672872,0.11404823392725157,1
Geophysical_model683,/home/lyara/areswave/models/Geophysical_model683.nd,nd,UNK,,,900.0,60.0,900.0,179.635,900.0,60.0,1101.753,16.812000000000126,1488.445,100.87599999999998,1686.682,60.0,0.9084415573576642,0.8275720142109904,0.854528528593215,0.09155844264233583,0.17242798578900964,1
Geophysical_model887,/home/lyara/areswave/models/Geophysical_model887.nd,nd,UNK,,,966.653,60.0,900.0,193.25599999999997,966.653,60.0,1133.286,33.327,1499.88,83.31700000000001,1681.272,60.0,0.8270640084547115,0.8684556409262187,0.8546584301023831,0.17293599154528846,0.1315443590737812,1
Geophysical_model539,/home/lyara/areswave/models/Geophysical_model539.nd,nd,UNK,,,950.085,60.0,900.0,183.34400000000005,950.085,60.0,1133.728,33.3900000000001,1484.32,66.779,1682.414,60.0,0.9040772083850239,0.8301215578822679,0.8547734413831867,0.09592279161497608,0.16987844211773204,1
AK_model_11,/home/lyara/areswave/models/AK_model_11.nd,nd,UNK,,,1040.425,60.0,848.992,23.928999999999974,1040.425,60.0,1279.717,71.78800000000001,1303.646,23.929000000000087,1652.614,60.0,0.9153970248185964,0.825659602976139,0.8555720769236248,0.08460297518140363,0.17434039702386095,1
Geophysical_model365,/home/lyara/areswave/models/Geophysical_model365.nd,nd,UNK,,,999.752,60.0,900.0,199.11900000000003,999.752,60.0,1132.755,33.251000000000204,1481.887,99.75199999999995,1679.896,60.0,0.8692218914499811,0.8488090715208979,0.8556133448305924,0.1307781085500189,0.1511909284791021,1
Geophysical_model121,/home/lyara/areswave/models/Geophysical_model121.nd,nd,UNK,,,1063.821,60.0,900.0,185.53499999999997,1063.821,60.0,1145.731,32.764000000000124,1489.755,65.529,1671.087,60.0,0.8750490315419908,0.8460917049141273,0.8557441471234152,0.12495096845800926,0.15390829508587267,1
MD_model20,/home/lyara/areswave/models/MD_model20.nd,nd,UNK,,,1028.07,60.0,756.946,192.04600000000005,1028.07,60.0,1299.193,22.593000000000075,1366.974,79.07799999999997,1694.594,60.0,0.8621571583751281,0.8527040857286765,0.8558551099441604,0.1378428416248719,0.1472959142713235,1
Geophysical_model40,/home/lyara/areswave/models/Geophysical_model40.nd,nd,UNK,,,1063.521,60.0,900.0,197.404,1063.521,60.0,1145.281,32.70399999999995,1488.674,65.4079999999999,1669.999,60.0,0.8210309421624761,0.8733319224981719,0.8558982623862733,0.17896905783752393,0.12666807750182804,1
Geophysical_model613,/home/lyara/areswave/models/Geophysical_model613.nd,nd,UNK,,,1099.905,60.0,900.0,21.057000000000016,1099.905,60.0,1116.564,16.6579999999999,1466.397,99.95299999999997,1681.106,60.0,0.8586765081701475,0.8546851514649823,0.8560156037000374,0.14132349182985243,0.14531484853501772,1
Geophysical_model755,/home/lyara/areswave/models/Geophysical_model755.nd,nd,UNK,,,933.815,60.0,879.527,184.25300000000004,933.815,60.0,1119.798,33.81499999999983,1474.857,84.53699999999981,1690.116,60.0,0.7954965727248171,0.8863398491332904,0.8560587569971326,0.20450342727518284,0.11366015086670957,1
Geophysical_model570,/home/lyara/areswave/models/Geophysical_model570.nd,nd,UNK,,,933.815,60.0,879.527,184.25300000000004,933.815,60.0,1119.798,33.81499999999983,1474.857,84.53699999999981,1690.116,60.0,0.7954965727248171,0.8863398491332904,0.8560587569971326,0.20450342727518284,0.11366015086670957,1
Geophysical_model874,/home/lyara/areswave/models/Geophysical_model874.nd,nd,UNK,,,916.644,60.0,876.99,184.08100000000002,916.644,60.0,1116.374,16.644000000000005,1499.19,99.86500000000001,1680.578,60.0,0.8646640327214985,0.8519653350384513,0.8561982342661336,0.13533596727850156,0.14803466496154866,1
AK_model_58,/home/lyara/areswave/models/AK_model_58.nd,nd,UNK,,,1013.144,60.0,839.363,24.825999999999908,1013.144,60.0,1162.1,124.12999999999988,1385.533,49.651999999999816,1666.989,60.0,0.8128549610610865,0.8779418536896092,0.8562462228134349,0.1871450389389136,0.12205814631039077,1
Geophysical_model80,/home/lyara/areswave/models/Geophysical_model80.nd,nd,UNK,,,1016.377,60.0,900.0,199.21400000000006,1016.377,60.0,1132.755,33.251000000000204,1498.512,99.75199999999995,1679.896,60.0,0.9163132160821759,0.8266181559020993,0.8565165092954582,0.08368678391782418,0.17338184409790075,1
Geophysical_model674,/home/lyara/areswave/models/Geophysical_model674.nd,nd,UNK,,,916.672,60.0,900.0,180.51700000000005,916.672,60.0,1116.738,33.34500000000003,1483.524,83.36099999999988,1681.59,60.0,0.9217763815809967,0.8240610495820898,0.8566328269150588,0.0782236184190033,0.17593895041791022,1
Geophysical_model828,/home/lyara/areswave/models/Geophysical_model828.nd,nd,UNK,,,966.709,60.0,900.0,193.61599999999999,966.709,60.0,1133.481,33.35500000000002,1483.703,66.70900000000006,1681.776,60.0,0.8662798551333599,0.8520471840025523,0.8567914077128215,0.13372014486664002,0.14795281599744775,1
MD_model76,/home/lyara/areswave/models/MD_model76.nd,nd,UNK,,,989.415,60.0,740.538,10.370000000000005,989.415,60.0,1124.223,176.288,1310.88,114.06899999999996,1578.639,60.0,0.9314861825556666,0.8194802583131542,0.8568155663939917,0.06851381744433342,0.1805197416868458,1
Geophysical_model483,/home/lyara/areswave/models/Geophysical_model483.nd,nd,UNK,,,966.664,60.0,900.0,186.70399999999995,966.664,60.0,1116.657,16.666000000000167,1466.64,99.99500000000012,1681.365,60.0,0.8776517217223455,0.8464134902890916,0.8568262341001763,0.1223482782776545,0.15358650971090831,1
Geophysical_model20,/home/lyara/areswave/models/Geophysical_model20.nd,nd,UNK,,,966.664,60.0,900.0,186.70399999999995,966.664,60.0,1116.657,16.666000000000167,1466.64,99.99500000000012,1681.365,60.0,0.8776517217223455,0.8464134902890916,0.8568262341001763,0.1223482782776545,0.15358650971090831,1
Geophysical_model175,/home/lyara/areswave/models/Geophysical_model175.nd,nd,UNK,,,949.72,60.0,900.0,186.75400000000002,949.72,60.0,1115.452,16.573000000000093,1463.49,99.44000000000005,1678.009,60.0,0.8061924062011704,0.8821690406576456,0.8568434958388206,0.19380759379882959,0.1178309593423544,1
Geophysical_model255,/home/lyara/areswave/models/Geophysical_model255.nd,nd,UNK,,,1017.871,60.0,900.0,185.688,1017.871,60.0,1135.742,16.838999999999942,1489.354,84.19299999999998,1687.623,60.0,0.8828594174533185,0.8439277247430514,0.8569049556464737,0.1171405825466815,0.1560722752569485,1
Geophysical_model152,/home/lyara/areswave/models/Geophysical_model152.nd,nd,UNK,,,950.042,60.0,900.0,197.91099999999994,950.042,60.0,1116.847,33.361000000000104,1450.457,116.7639999999999,1681.894,60.0,0.8852987328757732,0.8427987371617687,0.8569654023997701,0.11470126712422683,0.15720126283823133,1
MD_model74,/home/lyara/areswave/models/MD_model74.nd,nd,UNK,,,1018.128,60.0,852.239,10.368000000000052,1018.128,60.0,1246.227,134.78500000000008,1391.38,114.04999999999995,1576.24,60.0,0.7573706515357357,0.9069708265822373,0.8571041015667368,0.24262934846426432,0.09302917341776273,1
Geophysical_model474,/home/lyara/areswave/models/Geophysical_model474.nd,nd,UNK,,,949.523,60.0,900.0,189.937,949.523,60.0,1114.598,16.507000000000062,1461.256,99.04499999999985,1675.63,60.0,0.9251235160615829,0.8231015152851389,0.8571088488772869,0.07487648393841706,0.17689848471486116,1
Geophysical_model384,/home/lyara/areswave/models/Geophysical_model384.nd,nd,UNK,,,949.523,60.0,900.0,189.937,949.523,60.0,1114.598,16.507000000000062,1461.256,99.04499999999985,1675.63,60.0,0.9251235160615829,0.8231015152851389,0.8571088488772869,0.07487648393841706,0.17689848471486116,1
Geophysical_model839,/home/lyara/areswave/models/Geophysical_model839.nd,nd,UNK,,,950.781,60.0,900.0,184.211,950.781,60.0,1136.977,33.85400000000004,1492.442,67.70700000000011,1690.818,60.0,0.8329606029297256,0.8697385857850077,0.8574792581665803,0.16703939707027435,0.13026141421499224,1
Geophysical_model845,/home/lyara/areswave/models/Geophysical_model845.nd,nd,UNK,,,950.781,60.0,900.0,184.211,950.781,60.0,1136.977,33.85400000000004,1492.442,67.70700000000011,1690.818,60.0,0.8329606029297256,0.8697385857850077,0.8574792581665803,0.16703939707027435,0.13026141421499224,1
Geophysical_model974,/home/lyara/areswave/models/Geophysical_model974.nd,nd,UNK,,,950.781,60.0,900.0,184.211,950.781,60.0,1136.977,33.85400000000004,1492.442,67.70700000000011,1690.818,60.0,0.8329606029297256,0.8697385857850077,0.8574792581665803,0.16703939707027435,0.13026141421499224,1
Geophysical_model131,/home/lyara/areswave/models/Geophysical_model131.nd,nd,UNK,,,966.637,60.0,900.0,189.17499999999995,966.637,60.0,1116.57,16.660000000000082,1466.415,99.95600000000013,1681.124,60.0,0.911179804871807,0.8307940687377063,0.8575893141157399,0.08882019512819292,0.1692059312622937,1
Geophysical_model578,/home/lyara/areswave/models/Geophysical_model578.nd,nd,UNK,,,933.943,60.0,879.345,185.89099999999996,933.943,60.0,1120.631,33.942999999999984,1494.007,84.85800000000017,1692.437,60.0,0.8499249529688404,0.8616642172041475,0.8577511291257118,0.1500750470311596,0.1383357827958525,1
Geophysical_model609,/home/lyara/areswave/models/Geophysical_model609.nd,nd,UNK,,,933.943,60.0,879.345,185.89099999999996,933.943,60.0,1120.631,33.942999999999984,1494.007,84.85800000000017,1692.437,60.0,0.8499249529688404,0.8616642172041475,0.8577511291257118,0.1500750470311596,0.1383357827958525,1
Geophysical_model727,/home/lyara/areswave/models/Geophysical_model727.nd,nd,UNK,,,933.943,60.0,879.345,185.89099999999996,933.943,60.0,1120.631,33.942999999999984,1494.007,84.85800000000017,1692.437,60.0,0.8499249529688404,0.8616642172041475,0.8577511291257118,0.1500750470311596,0.1383357827958525,1
Geophysical_model700,/home/lyara/areswave/models/Geophysical_model700.nd,nd,UNK,,,916.847,60.0,879.958,180.37400000000002,916.847,60.0,1119.005,33.69300000000021,1489.628,84.23299999999995,1687.906,60.0,0.8317399220194225,0.8710310059314884,0.8579339779607998,0.16826007798057754,0.1289689940685116,1
Geophysical_model525,/home/lyara/areswave/models/Geophysical_model525.nd,nd,UNK,,,933.975,60.0,900.0,186.00699999999995,933.975,60.0,1120.837,33.975000000000136,1494.562,84.9369999999999,1693.011,60.0,0.8960547672472019,0.8390001114219142,0.8580183300303434,0.10394523275279816,0.16099988857808578,1
Geophysical_model184,/home/lyara/areswave/models/Geophysical_model184.nd,nd,UNK,,,950.621,60.0,900.0,192.91899999999998,950.621,60.0,1119.357,33.74700000000007,1456.828,118.11599999999999,1688.886,60.0,0.8266084976355212,0.8738758635616035,0.8581200749195762,0.17339150236447873,0.1261241364383965,1
Geophysical_model978,/home/lyara/areswave/models/Geophysical_model978.nd,nd,UNK,,,950.781,60.0,900.0,183.60400000000004,950.781,60.0,1136.977,33.85400000000004,1492.442,67.70700000000011,1690.818,60.0,0.7862102034167162,0.8943145973902789,0.8582797993990914,0.2137897965832838,0.10568540260972112,1
Geophysical_model225,/home/lyara/areswave/models/Geophysical_model225.nd,nd,UNK,,,983.376,60.0,900.0,189.029,983.376,60.0,1116.777,33.34999999999991,1483.63,100.05100000000016,1681.7,60.0,0.8655185069432667,0.8547212536413518,0.8583203380753234,0.13448149305673324,0.1452787463586482,1
Geophysical_model654,/home/lyara/areswave/models/Geophysical_model654.nd,nd,UNK,,,916.721,60.0,875.945,192.43899999999996,916.721,60.0,1117.378,33.442999999999984,1485.25,83.60799999999995,1683.376,60.0,0.7750392577398254,0.9001710390858062,0.8584604453038126,0.22496074226017462,0.09982896091419378,1
Geophysical_model151,/home/lyara/areswave/models/Geophysical_model151.nd,nd,UNK,,,916.88,60.0,900.0,182.47299999999996,916.88,60.0,1102.557,16.87999999999988,1440.153,101.27800000000002,1689.11,60.0,0.860202938790007,0.8577327560522425,0.8585561502981639,0.13979706120999305,0.14226724394775742,1
Geophysical_model6,/home/lyara/areswave/models/Geophysical_model6.nd,nd,UNK,,,966.445,60.0,900.0,181.38099999999997,966.445,60.0,1115.945,16.611000000000104,1464.778,99.66700000000014,1679.382,60.0,0.8698596944609029,0.8531049533975469,0.8586898670853321,0.13014030553909703,0.14689504660245314,1
Geophysical_model620,/home/lyara/areswave/models/Geophysical_model620.nd,nd,UNK,,,933.4,60.0,900.0,184.22799999999995,933.4,60.0,1117.102,33.399999999999864,1484.505,83.5010000000002,1682.605,60.0,0.7488502110723405,0.9138003142301676,0.8588169465108919,0.25114978892765943,0.08619968576983233,1
Geophysical_model909,/home/lyara/areswave/models/Geophysical_model909.nd,nd,UNK,,,916.648,60.0,900.0,180.34400000000005,916.648,60.0,1116.419,16.64799999999991,1499.315,99.88499999999999,1680.704,60.0,0.9005365212274109,0.838821348731813,0.8593930728970123,0.09946347877258913,0.16117865126818698,1
Geophysical_model726,/home/lyara/areswave/models/Geophysical_model726.nd,nd,UNK,,,916.736,60.0,875.955,192.35699999999997,916.736,60.0,1117.572,33.47199999999998,1485.77,83.68100000000004,1683.914,60.0,0.8633232755882743,0.8578548557710233,0.8596776623767736,0.13667672441172574,0.14214514422897667,1
Geophysical_model273,/home/lyara/areswave/models/Geophysical_model273.nd,nd,UNK,,,950.621,60.0,900.0,192.23299999999995,950.621,60.0,1119.357,33.74700000000007,1456.828,101.24199999999996,1688.886,60.0,0.7896336800009021,0.8949549640690875,0.8598478693796924,0.2103663199990979,0.10504503593091251,1
MD_model82,/home/lyara/areswave/models/MD_model82.nd,nd,UNK,,,1052.51,60.0,736.454,189.63400000000001,1052.51,60.0,1263.214,42.13999999999987,1336.96,63.21100000000001,1596.883,60.0,0.885673826483676,0.8471165824635438,0.8599689971369212,0.11432617351632401,0.1528834175364562,1
Geophysical_model752,/home/lyara/areswave/models/Geophysical_model752.nd,nd,UNK,,,933.856,60.0,900.0,185.07000000000005,933.856,60.0,1120.061,33.855999999999995,1458.617,84.6389999999999,1690.849,60.0,0.8307497147068891,0.8748986446265636,0.8601823346533388,0.16925028529311092,0.1251013553734363,1
Geophysical_model754,/home/lyara/areswave/models/Geophysical_model754.nd,nd,UNK,,,933.856,60.0,900.0,185.07000000000005,933.856,60.0,1120.061,33.855999999999995,1458.617,84.6389999999999,1690.849,60.0,0.8307497147068891,0.8748986446265636,0.8601823346533388,0.16925028529311092,0.1251013553734363,1
Geophysical_model994,/home/lyara/areswave/models/Geophysical_model994.nd,nd,UNK,,,933.856,60.0,900.0,185.07000000000005,933.856,60.0,1120.061,33.855999999999995,1458.617,84.6389999999999,1690.849,60.0,0.8307497147068891,0.8748986446265636,0.8601823346533388,0.16925028529311092,0.1251013553734363,1
Geophysical_model454,/home/lyara/areswave/models/Geophysical_model454.nd,nd,UNK,,,1031.52,60.0,900.0,186.462,1031.52,60.0,1130.159,32.87999999999988,1475.398,82.19900000000007,1673.183,60.0,0.8151314925740184,0.8827455433668786,0.8602075264359251,0.18486850742598163,0.11725445663312142,1
Geophysical_model202,/home/lyara/areswave/models/Geophysical_model202.nd,nd,UNK,,,1000.927,60.0,900.0,187.87,1000.927,60.0,1135.497,33.64300000000003,1488.742,84.106,1686.989,60.0,0.9129309311778248,0.8340587094837052,0.8603494500484117,0.08706906882217527,0.16594129051629478,1
Geophysical_model806,/home/lyara/areswave/models/Geophysical_model806.nd,nd,UNK,,,916.669,60.0,900.0,180.92600000000004,916.669,60.0,1116.699,33.337999999999965,1483.42,83.346,1681.482,60.0,0.8708203875934182,0.8551639512999586,0.8603827633977784,0.12917961240658188,0.14483604870004138,1
Geophysical_model591,/home/lyara/areswave/models/Geophysical_model591.nd,nd,UNK,,,916.669,60.0,900.0,180.92600000000004,916.669,60.0,1116.699,33.337999999999965,1483.42,83.346,1681.482,60.0,0.8708203875934182,0.8551639512999586,0.8603827633977784,0.12917961240658188,0.14483604870004138,1
MD_model32,/home/lyara/areswave/models/MD_model32.nd,nd,UNK,,,997.466,60.0,794.657,10.139999999999986,997.466,60.0,1129.292,141.96699999999987,1352.383,111.54500000000007,1504.49,60.807000000000016,0.8904465560032224,0.8454590233480418,0.8604548675664354,0.1095534439967776,0.1545409766519582,1
Geophysical_model181,/home/lyara/areswave/models/Geophysical_model181.nd,nd,UNK,,,999.801,60.0,900.0,195.20299999999997,999.801,60.0,1116.236,16.63299999999981,1465.54,99.80099999999993,1680.192,60.0,0.8757095134706652,0.8529335827139009,0.8605255596328223,0.12429048652933478,0.1470664172860992,1
Geophysical_model398,/home/lyara/areswave/models/Geophysical_model398.nd,nd,UNK,,,999.801,60.0,900.0,195.20299999999997,999.801,60.0,1116.236,16.63299999999981,1465.54,99.80099999999993,1680.192,60.0,0.8757095134706652,0.8529335827139009,0.8605255596328223,0.12429048652933478,0.1470664172860992,1
Geophysical_model253,/home/lyara/areswave/models/Geophysical_model253.nd,nd,UNK,,,999.801,60.0,900.0,195.20299999999997,999.801,60.0,1116.236,16.63299999999981,1465.54,99.80099999999993,1680.192,60.0,0.8757095134706652,0.8529335827139009,0.8605255596328223,0.12429048652933478,0.1470664172860992,1
Geophysical_model140,/home/lyara/areswave/models/Geophysical_model140.nd,nd,UNK,,,965.752,60.0,900.0,181.09500000000003,965.752,60.0,1113.693,16.437000000000126,1458.888,115.06499999999983,1673.108,60.0,0.9593037257228069,0.8112557946146806,0.8606051049840561,0.04069627427719315,0.1887442053853194,1
Geophysical_model592,/home/lyara/areswave/models/Geophysical_model592.nd,nd,UNK,,,916.736,60.0,875.96,192.31899999999996,916.736,60.0,1117.572,33.47199999999998,1485.77,83.68100000000004,1683.914,60.0,0.819966272945879,0.8812285329186116,0.8608077795943675,0.18003372705412107,0.11877146708138844,1
MD_model43,/home/lyara/areswave/models/MD_model43.nd,nd,UNK,,,928.392,60.0,875.123,191.76799999999992,928.392,60.0,1269.313,63.923,1301.275,53.269000000000005,1616.08,60.0,0.7508983605404727,0.916129543465658,0.8610524824905962,0.24910163945952735,0.08387045653434201,1
Geophysical_model98,/home/lyara/areswave/models/Geophysical_model98.nd,nd,UNK,,,1098.133,60.0,900.0,197.5,1098.133,60.0,1147.666,16.510999999999967,1494.399,66.04399999999987,1675.759,60.0,0.8664879523463673,0.8583818989044594,0.8610839167184287,0.1335120476536327,0.14161810109554068,1
Geophysical_model125,/home/lyara/areswave/models/Geophysical_model125.nd,nd,UNK,,,983.004,60.0,878.65,192.14800000000002,983.004,60.0,1115.809,16.601000000000113,1497.625,99.60400000000004,1679.004,60.0,0.8104918323480294,0.8868341087386615,0.8613866832751175,0.18950816765197068,0.11316589126133843,1
Geophysical_model120,/home/lyara/areswave/models/Geophysical_model120.nd,nd,UNK,,,1033.184,60.0,900.0,188.139,1033.184,60.0,1133.072,33.29500000000007,1482.679,83.24000000000001,1680.716,60.0,0.8260919609929439,0.8792170946315149,0.8615087167519913,0.17390803900705612,0.12078290536848511,1
Geophysical_model587,/home/lyara/areswave/models/Geophysical_model587.nd,nd,UNK,,,916.728,60.0,900.0,191.66499999999996,916.728,60.0,1117.459,33.455999999999904,1485.467,83.63800000000015,1683.6,60.0,0.8549318673087655,0.8648313958904419,0.861531553029883,0.1450681326912345,0.1351686041095581,1
Geophysical_model307,/home/lyara/areswave/models/Geophysical_model307.nd,nd,UNK,,,999.558,60.0,878.735,191.38400000000001,999.558,60.0,1115.708,16.592999999999847,1480.753,99.55799999999999,1678.723,60.0,0.9251159907488236,0.8302542386556007,0.8618748226866749,0.0748840092511764,0.16974576134439937,1
Geophysical_model95,/home/lyara/areswave/models/Geophysical_model95.nd,nd,UNK,,,999.558,60.0,878.735,191.38400000000001,999.558,60.0,1115.708,16.592999999999847,1480.753,99.55799999999999,1678.723,60.0,0.9251159907488236,0.8302542386556007,0.8618748226866749,0.0748840092511764,0.16974576134439937,1
Geophysical_model280,/home/lyara/areswave/models/Geophysical_model280.nd,nd,UNK,,,999.558,60.0,878.735,191.38400000000001,999.558,60.0,1115.708,16.592999999999847,1480.753,99.55799999999999,1678.723,60.0,0.9251159907488236,0.8302542386556007,0.8618748226866749,0.0748840092511764,0.16974576134439937,1
MD_model38,/home/lyara/areswave/models/MD_model38.nd,nd,UNK,,,1054.062,60.0,780.894,189.11599999999999,1054.062,60.0,1253.684,178.61000000000013,1348.242,10.506000000000085,1597.105,60.0,0.836253705463899,0.8747064845529241,0.8618888915232491,0.16374629453610107,0.12529351544707593,1
Geophysical_model50,/home/lyara/areswave/models/Geophysical_model50.nd,nd,UNK,,,982.805,60.0,860.982,195.08799999999997,982.805,60.0,1115.292,16.56100000000015,1463.072,99.36500000000001,1677.564,60.0,0.8753568092780771,0.8551594348863807,0.8618918930169461,0.1246431907219229,0.14484056511361937,1
Geophysical_model709,/home/lyara/areswave/models/Geophysical_model709.nd,nd,UNK,,,900.0,60.0,900.0,21.48599999999999,900.0,60.0,1116.829,33.35799999999995,1483.771,100.07500000000005,1681.845,60.0,0.8632580409072722,0.8612839743358468,0.8619419965263219,0.1367419590927278,0.13871602566415317,1
Geophysical_model655,/home/lyara/areswave/models/Geophysical_model655.nd,nd,UNK,,,916.707,60.0,900.0,194.01800000000003,916.707,60.0,1117.197,33.414999999999964,1484.761,83.53800000000001,1682.87,60.0,0.7953972420743033,0.8955968036116818,0.862196949765889,0.20460275792569668,0.10440319638831816,1
Geophysical_model928,/home/lyara/areswave/models/Geophysical_model928.nd,nd,UNK,,,916.707,60.0,900.0,194.01800000000003,916.707,60.0,1117.197,33.414999999999964,1484.761,83.53800000000001,1682.87,60.0,0.7953972420743033,0.8955968036116818,0.862196949765889,0.20460275792569668,0.10440319638831816,1
Geophysical_model413,/home/lyara/areswave/models/Geophysical_model413.nd,nd,UNK,,,1063.846,60.0,900.0,187.43899999999996,1063.846,60.0,1145.769,32.769000000000005,1489.845,65.53899999999999,1671.177,60.0,0.8487083832611856,0.8690936992898138,0.8622985939469378,0.15129161673881442,0.13090630071018616,1
Geophysical_model460,/home/lyara/areswave/models/Geophysical_model460.nd,nd,UNK,,,1016.377,60.0,900.0,198.875,1016.377,60.0,1116.129,33.251000000000204,1498.512,99.75199999999995,1679.896,60.0,0.868173647179242,0.8597813400777294,0.8625787757782336,0.13182635282075808,0.14021865992227056,1
Geophysical_model271,/home/lyara/areswave/models/Geophysical_model271.nd,nd,UNK,,,1016.377,60.0,900.0,198.875,1016.377,60.0,1116.129,33.251000000000204,1498.512,99.75199999999995,1679.896,60.0,0.868173647179242,0.8597813400777294,0.8625787757782336,0.13182635282075808,0.14021865992227056,1
Geophysical_model429,/home/lyara/areswave/models/Geophysical_model429.nd,nd,UNK,,,965.996,60.0,900.0,194.13,965.996,60.0,1114.487,16.499000000000024,1460.966,98.99399999999991,1675.321,60.0,0.8376946452465358,0.8756488701421149,0.8629974618435886,0.1623053547534642,0.12435112985788511,1
Geophysical_model962,/home/lyara/areswave/models/Geophysical_model962.nd,nd,UNK,,,1085.282,60.0,900.0,29.508000000000038,1085.282,60.0,1102.126,16.84400000000005,1455.847,101.0630000000001,1687.809,60.0,0.8387503177987778,0.8759314252185164,0.8635377227452702,0.16124968220122213,0.1240685747814836,1
Geophysical_model930,/home/lyara/areswave/models/Geophysical_model930.nd,nd,UNK,,,1085.282,60.0,900.0,29.508000000000038,1085.282,60.0,1102.126,16.84400000000005,1455.847,101.0630000000001,1687.809,60.0,0.8387503177987778,0.8759314252185164,0.8635377227452702,0.16124968220122213,0.1240685747814836,1
Geophysical_model11,/home/lyara/areswave/models/Geophysical_model11.nd,nd,UNK,,,1001.216,60.0,861.153,194.23299999999995,1001.216,60.0,1119.301,33.738000000000056,1490.426,101.2159999999999,1688.731,60.0,0.921811397873728,0.8346054562158649,0.8636741034351526,0.078188602126272,0.16539454378413512,1
Geophysical_model488,/home/lyara/areswave/models/Geophysical_model488.nd,nd,UNK,,,1031.555,60.0,900.0,185.92700000000002,1031.555,60.0,1130.221,32.888999999999896,1491.996,82.221,1673.341,60.0,0.8263367045934359,0.8823920070633818,0.8637069062400665,0.17366329540656408,0.11760799293661814,1
Geophysical_model970,/home/lyara/areswave/models/Geophysical_model970.nd,nd,UNK,,,933.805,60.0,900.0,186.68499999999995,933.805,60.0,1119.733,33.805000000000064,1474.687,84.51299999999992,1689.935,60.0,0.8634768463546425,0.86390375350945,0.8637614511245143,0.1365231536453575,0.1360962464905499,1
Geophysical_model723,/home/lyara/areswave/models/Geophysical_model723.nd,nd,UNK,,,916.644,60.0,876.961,184.31500000000005,916.644,60.0,1116.374,16.644000000000005,1499.19,99.86500000000001,1680.578,60.0,0.8865444696132926,0.8524600530814384,0.863821525258723,0.11345553038670737,0.14753994691856162,1
Geophysical_model608,/home/lyara/areswave/models/Geophysical_model608.nd,nd,UNK,,,916.644,60.0,876.961,184.31500000000005,916.644,60.0,1116.374,16.644000000000005,1499.19,99.86500000000001,1680.578,60.0,0.8865444696132926,0.8524600530814384,0.863821525258723,0.11345553038670737,0.14753994691856162,1
Geophysical_model992,/home/lyara/areswave/models/Geophysical_model992.nd,nd,UNK,,,950.127,60.0,900.0,199.96900000000005,950.127,60.0,1133.926,50.12699999999995,1484.815,66.83600000000001,1682.926,60.0,0.8117898232078635,0.8898533840465949,0.8638321971003511,0.1882101767921365,0.11014661595340518,1
MD_model60,/home/lyara/areswave/models/MD_model60.nd,nd,UNK,,,1089.018,60.0,853.974,190.274,1089.018,60.0,1122.596,11.192999999999984,1357.641,89.54099999999994,1672.31,60.0,0.7543066766945467,0.9186607234441672,0.8638760411942936,0.24569332330545338,0.08133927655583285,1
Geophysical_model476,/home/lyara/areswave/models/Geophysical_model476.nd,nd,UNK,,,967.7,60.0,900.0,181.48800000000006,967.7,60.0,1120.025,33.850000000000136,1458.525,118.47499999999991,1690.748,60.0,0.8650207008616171,0.8635165770793887,0.8640179516734648,0.13497929913838297,0.1364834229206113,1
Geophysical_model678,/home/lyara/areswave/models/Geophysical_model678.nd,nd,UNK,,,916.693,60.0,877.488,180.09500000000003,916.693,60.0,1117.015,33.386000000000195,1484.271,83.46699999999987,1682.363,60.0,0.7471319483467297,0.9225734529138692,0.8640929513914893,0.2528680516532703,0.07742654708613088,1
Geophysical_model132,/home/lyara/areswave/models/Geophysical_model132.nd,nd,UNK,,,1048.611,60.0,900.0,194.70399999999995,1048.611,60.0,1147.685,33.02399999999989,1494.444,66.04899999999998,1675.804,60.0,0.8054831716770565,0.8933983988013141,0.8640933230932282,0.1945168283229435,0.10660160119868593,1
Geophysical_model447,/home/lyara/areswave/models/Geophysical_model447.nd,nd,UNK,,,1099.994,60.0,900.0,180.50199999999995,1099.994,60.0,1116.66,16.66599999999994,1449.983,99.99699999999984,1681.374,60.0,0.8806415763660145,0.8558900745161215,0.8641405751327526,0.11935842363398555,0.1441099254838784,1
Geophysical_model894,/home/lyara/areswave/models/Geophysical_model894.nd,nd,UNK,,,950.013,60.0,900.0,182.41999999999996,950.013,60.0,1133.396,33.3420000000001,1483.489,66.68399999999997,1681.554,60.0,0.8527414746018722,0.8699078881627191,0.8641857503091034,0.14725852539812773,0.13009211183728084,1
Geophysical_model875,/home/lyara/areswave/models/Geophysical_model875.nd,nd,UNK,,,933.693,60.0,900.0,181.54600000000005,933.693,60.0,1119.005,33.69300000000021,1455.935,84.23299999999995,1687.906,60.0,0.7811155453950765,0.9059584496575752,0.8643441482367423,0.21888445460492348,0.09404155034242477,1
Geophysical_model355,/home/lyara/areswave/models/Geophysical_model355.nd,nd,UNK,,,1063.846,60.0,900.0,187.63800000000003,1063.846,60.0,1145.769,32.769000000000005,1489.845,65.53899999999999,1671.177,60.0,0.8669387684817544,0.8631194787818651,0.864392575348495,0.13306123151824556,0.1368805212181349,1
Geophysical_model568,/home/lyara/areswave/models/Geophysical_model568.nd,nd,UNK,,,900.0,60.0,900.0,181.52300000000002,900.0,60.0,1118.976,33.68899999999985,1472.706,101.06600000000003,1687.825,60.0,0.9276941013976637,0.8328901509194433,0.8644914677455168,0.07230589860233627,0.16710984908055676,1
Geophysical_model103,/home/lyara/areswave/models/Geophysical_model103.nd,nd,UNK,,,1016.326,60.0,900.0,195.543,1016.326,60.0,1132.652,33.235999999999876,1498.248,99.70800000000008,1679.631,60.0,0.8929396113190157,0.8502973013783508,0.8645114046919057,0.1070603886809843,0.14970269862164926,1
Geophysical_model445,/home/lyara/areswave/models/Geophysical_model445.nd,nd,UNK,,,1047.789,60.0,900.0,189.394,1047.789,60.0,1146.314,32.8420000000001,1491.154,65.68399999999997,1672.494,60.0,0.817737006069311,0.8879674708904973,0.8645573159501018,0.18226299393068898,0.11203252910950272,1
Geophysical_model612,/home/lyara/areswave/models/Geophysical_model612.nd,nd,UNK,,,916.714,60.0,900.0,193.35500000000002,916.714,60.0,1117.28,33.42699999999991,1484.983,83.56899999999996,1683.1,60.0,0.8203501304633062,0.8866634384767615,0.8645590024722765,0.1796498695366938,0.11333656152323844,1
Geophysical_model733,/home/lyara/areswave/models/Geophysical_model733.nd,nd,UNK,,,933.815,60.0,879.484,184.644,933.815,60.0,1119.798,33.81499999999983,1474.857,84.53699999999981,1690.116,60.0,0.8812821799502336,0.8562013598255692,0.8645616332004574,0.11871782004976639,0.1437986401744308,1
Geophysical_model594,/home/lyara/areswave/models/Geophysical_model594.nd,nd,UNK,,,900.0,60.0,900.0,179.41999999999996,900.0,60.0,1118.565,33.625,1488.445,100.87599999999998,1686.682,60.0,0.8641682280596394,0.8659625083583354,0.8653644149254367,0.13583177194036053,0.1340374916416646,1
Geophysical_model329,/home/lyara/areswave/models/Geophysical_model329.nd,nd,UNK,,,1047.872,60.0,900.0,189.034,1047.872,60.0,1130.023,32.8599999999999,1491.488,82.15100000000007,1672.831,60.0,0.8747496269962837,0.8610461073360238,0.8656139472227772,0.12525037300371633,0.13895389266397623,1
Geophysical_model360,/home/lyara/areswave/models/Geophysical_model360.nd,nd,UNK,,,1047.872,60.0,900.0,189.034,1047.872,60.0,1130.023,32.8599999999999,1491.488,82.15100000000007,1672.831,60.0,0.8747496269962837,0.8610461073360238,0.8656139472227772,0.12525037300371633,0.13895389266397623,1
Geophysical_model437,/home/lyara/areswave/models/Geophysical_model437.nd,nd,UNK,,,1000.927,60.0,900.0,186.89499999999998,1000.927,60.0,1135.497,33.64300000000003,1488.742,84.106,1686.989,60.0,0.852439117584483,0.872367595939703,0.8657247698212963,0.147560882415517,0.127632404060297,1
Geophysical_model859,/home/lyara/areswave/models/Geophysical_model859.nd,nd,UNK,,,950.013,60.0,900.0,182.12900000000002,950.013,60.0,1133.396,33.3420000000001,1483.489,66.68399999999997,1681.554,60.0,0.8579254270866484,0.8702305398295579,0.8661288355819213,0.14207457291335154,0.1297694601704421,1
MD_model57,/home/lyara/areswave/models/MD_model57.nd,nd,UNK,,,943.736,60.0,850.536,93.19999999999993,943.736,60.0,1285.469,62.13300000000004,1306.18,31.06600000000003,1593.857,60.0,0.8599453193685518,0.869543720526256,0.8663442534736879,0.14005468063144827,0.1304562794737441,1
Geophysical_model87,/home/lyara/areswave/models/Geophysical_model87.nd,nd,UNK,,,1031.859,60.0,900.0,186.91999999999996,1031.859,60.0,1130.753,32.96399999999994,1476.882,82.41200000000003,1674.718,60.0,0.827592184976914,0.8858267849737325,0.8664152516414596,0.172407815023086,0.1141732150262676,1
Geophysical_model794,/home/lyara/areswave/models/Geophysical_model794.nd,nd,UNK,,,950.91,60.0,900.0,184.586,950.91,60.0,1120.608,33.940000000000055,1493.945,84.84899999999993,1692.373,60.0,0.8269367502449083,0.8865881173183581,0.8667043282938748,0.17306324975509163,0.11341188268164198,1
Geophysical_model39,/home/lyara/areswave/models/Geophysical_model39.nd,nd,UNK,,,1032.972,60.0,877.469,180.25099999999998,1032.972,60.0,1132.701,33.243000000000166,1498.374,83.10699999999997,1679.757,60.0,0.8206763875374677,0.8897974587383416,0.8667571016713836,0.17932361246253223,0.11020254126165843,1
Geophysical_model61,/home/lyara/areswave/models/Geophysical_model61.nd,nd,UNK,,,982.649,60.0,900.0,184.15300000000002,982.649,60.0,1114.887,16.529999999999973,1462.012,115.70799999999986,1676.435,60.0,0.8200474685840883,0.8901302242679847,0.8667693057066859,0.17995253141591175,0.10986977573201523,1
Geophysical_model317,/home/lyara/areswave/models/Geophysical_model317.nd,nd,UNK,,,1031.442,60.0,900.0,189.02300000000002,1031.442,60.0,1130.023,32.8599999999999,1491.488,82.15100000000007,1672.831,60.0,0.8867677406707872,0.8574424927864839,0.867217575414585,0.11323225932921281,0.14255750721351612,1
Geophysical_model367,/home/lyara/areswave/models/Geophysical_model367.nd,nd,UNK,,,1031.442,60.0,900.0,189.02300000000002,1031.442,60.0,1130.023,32.8599999999999,1491.488,82.15100000000007,1672.831,60.0,0.8867677406707872,0.8574424927864839,0.867217575414585,0.11323225932921281,0.14255750721351612,1
Geophysical_model213,/home/lyara/areswave/models/Geophysical_model213.nd,nd,UNK,,,949.973,60.0,900.0,193.77599999999995,949.973,60.0,1116.548,16.656999999999925,1449.698,99.94499999999994,1681.061,60.0,0.8425386697685707,0.8796205881802348,0.86725994870968,0.15746133023142925,0.12037941181976523,1
Geophysical_model408,/home/lyara/areswave/models/Geophysical_model408.nd,nd,UNK,,,949.973,60.0,900.0,193.77599999999995,949.973,60.0,1116.548,16.656999999999925,1449.698,99.94499999999994,1681.061,60.0,0.8425386697685707,0.8796205881802348,0.86725994870968,0.15746133023142925,0.12037941181976523,1
Geophysical_model113,/home/lyara/areswave/models/Geophysical_model113.nd,nd,UNK,,,949.973,60.0,900.0,193.77599999999995,949.973,60.0,1116.548,16.656999999999925,1449.698,99.94499999999994,1681.061,60.0,0.8425386697685707,0.8796205881802348,0.86725994870968,0.15746133023142925,0.12037941181976523,1
Geophysical_model857,/home/lyara/areswave/models/Geophysical_model857.nd,nd,UNK,,,933.943,60.0,879.277,186.50599999999997,933.943,60.0,1120.631,33.942999999999984,1494.007,84.85800000000017,1692.437,60.0,0.8872947811997726,0.8573910783038752,0.8673589792691744,0.11270521880022746,0.14260892169612488,1
Geophysical_model38,/home/lyara/areswave/models/Geophysical_model38.nd,nd,UNK,,,1033.254,60.0,900.0,187.68200000000002,1033.254,60.0,1133.195,33.3130000000001,1482.987,83.28300000000013,1681.034,60.0,0.8129322299572606,0.8947023123808371,0.8674456182396449,0.18706777004273947,0.10529768761916286,1
Geophysical_model75,/home/lyara/areswave/models/Geophysical_model75.nd,nd,UNK,,,1031.636,60.0,900.0,186.52099999999996,1031.636,60.0,1130.363,32.90899999999988,1492.363,82.27300000000014,1673.71,60.0,0.8381966563930697,0.8823873674996181,0.867657130464102,0.16180334360693024,0.11761263250038195,1
Geophysical_model47,/home/lyara/areswave/models/Geophysical_model47.nd,nd,UNK,,,1017.887,60.0,900.0,183.97400000000005,1017.887,60.0,1135.775,33.682000000000016,1472.595,84.2059999999999,1687.708,60.0,0.879863712767744,0.8619784616149984,0.8679402119992469,0.12013628723225597,0.13802153838500159,1
Geophysical_model241,/home/lyara/areswave/models/Geophysical_model241.nd,nd,UNK,,,1033.228,60.0,900.0,182.39200000000005,1033.228,60.0,1133.149,33.307000000000016,1482.872,83.26800000000003,1680.916,60.0,0.8780896069429494,0.8630593529471515,0.8680694376124175,0.1219103930570507,0.1369406470528485,1
Geophysical_model995,/home/lyara/areswave/models/Geophysical_model995.nd,nd,UNK,,,950.91,60.0,900.0,199.279,950.91,60.0,1137.578,33.940000000000055,1493.945,84.84899999999993,1692.373,60.0,0.7853193861021742,0.909622505773434,0.8681881325496806,0.21468061389782575,0.09037749422656599,1
MD_model84,/home/lyara/areswave/models/MD_model84.nd,nd,UNK,,,957.206,60.0,743.892,191.98299999999995,957.206,60.0,1277.177,53.32899999999995,1341.172,74.65999999999985,1613.68,60.0,0.7862334363238457,0.9091923139612761,0.868206021415466,0.2137665636761543,0.0908076860387239,1
Geophysical_model89,/home/lyara/areswave/models/Geophysical_model89.nd,nd,UNK,,,1000.663,60.0,900.0,199.83900000000006,1000.663,60.0,1134.88,33.55400000000009,1470.423,83.88599999999997,1685.394,60.0,0.8538109582349942,0.8757718329053955,0.868451541348595,0.14618904176500583,0.1242281670946045,1
Geophysical_model706,/home/lyara/areswave/models/Geophysical_model706.nd,nd,UNK,,,1099.57,60.0,900.0,21.44500000000005,1099.57,60.0,1116.201,16.631000000000085,1465.45,99.78499999999985,1680.096,60.0,0.7994464175943065,0.9030257733297172,0.8684993214179136,0.20055358240569357,0.09697422667028276,1
Geophysical_model807,/home/lyara/areswave/models/Geophysical_model807.nd,nd,UNK,,,1099.57,60.0,900.0,21.44500000000005,1099.57,60.0,1116.201,16.631000000000085,1465.45,99.78499999999985,1680.096,60.0,0.7994464175943065,0.9030257733297172,0.8684993214179136,0.20055358240569357,0.09697422667028276,1
Geophysical_model16,/home/lyara/areswave/models/Geophysical_model16.nd,nd,UNK,,,999.738,60.0,878.116,196.952,999.738,60.0,1116.099,16.623000000000047,1481.804,99.73799999999983,1679.811,60.0,0.8630263341027594,0.8712901133527686,0.8685355202694321,0.13697366589724055,0.1287098866472314,1
Geophysical_model667,/home/lyara/areswave/models/Geophysical_model667.nd,nd,UNK,,,900.0,60.0,900.0,21.341999999999985,900.0,60.0,1100.223,33.371000000000095,1483.984,100.11099999999988,1682.066,60.0,0.8424930848080938,0.8816541601855231,0.8686004683930467,0.15750691519190613,0.11834583981447686,1
Geophysical_model109,/home/lyara/areswave/models/Geophysical_model109.nd,nd,UNK,,,983.19,60.0,900.0,192.45299999999997,983.19,60.0,1116.294,16.63799999999992,1465.692,116.46600000000012,1680.354,60.0,0.9074189215965192,0.8494372524516554,0.8687644754999434,0.09258107840348088,0.15056274754834467,1
Geophysical_model455,/home/lyara/areswave/models/Geophysical_model455.nd,nd,UNK,,,1049.531,60.0,900.0,179.63599999999997,1049.531,60.0,1132.603,33.22900000000004,1481.508,83.07300000000009,1679.504,60.0,0.8066183687669506,0.8999074196237609,0.8688110693381574,0.19338163123304938,0.10009258037623917,1
Geophysical_model97,/home/lyara/areswave/models/Geophysical_model97.nd,nd,UNK,,,983.19,60.0,878.419,194.22500000000002,983.19,60.0,1116.294,16.63799999999992,1465.692,116.46600000000012,1680.354,60.0,0.857815268840768,0.8747313414350737,0.869092650570305,0.14218473115923205,0.12526865856492628,1
Geophysical_model227,/home/lyara/areswave/models/Geophysical_model227.nd,nd,UNK,,,967.56,60.0,879.511,184.39700000000005,967.56,60.0,1119.571,33.77999999999997,1457.372,101.34000000000015,1689.483,60.0,0.9022973272395035,0.8530130996792642,0.8694411755326773,0.09770267276049648,0.1469869003207358,1
Geophysical_model309,/home/lyara/areswave/models/Geophysical_model309.nd,nd,UNK,,,1031.555,60.0,900.0,186.048,1031.555,60.0,1130.221,32.888999999999896,1491.996,82.221,1673.341,60.0,0.8986564141712946,0.8548534352412787,0.8694544282179506,0.10134358582870537,0.1451465647587213,1
Geophysical_model368,/home/lyara/areswave/models/Geophysical_model368.nd,nd,UNK,,,1031.52,60.0,900.0,186.95600000000002,1031.52,60.0,1130.159,32.87999999999988,1491.838,82.19900000000007,1673.183,60.0,0.895971132637955,0.8566243645364429,0.8697399539036136,0.10402886736204497,0.1433756354635572,1
MD_model27,/home/lyara/areswave/models/MD_model27.nd,nd,UNK,,,1030.409,60.0,895.244,10.397000000000048,1030.409,60.0,1259.149,83.17799999999988,1311.135,31.19100000000003,1589.478,60.0,0.8048298368390003,0.9022219133818189,0.869757887867546,0.1951701631609996,0.09777808661818112,1
Geophysical_model699,/home/lyara/areswave/models/Geophysical_model699.nd,nd,UNK,,,900.0,60.0,900.0,179.615,900.0,60.0,1118.724,33.65000000000009,1488.873,100.94900000000007,1687.125,60.0,0.8613971852756235,0.8741074605471916,0.8698707021233355,0.1386028147243765,0.1258925394528084,1
Geophysical_model316,/home/lyara/areswave/models/Geophysical_model316.nd,nd,UNK,,,1001.288,60.0,861.085,194.57299999999998,1001.288,60.0,1119.457,33.76299999999992,1490.847,101.28800000000001,1689.167,60.0,0.8662356312534394,0.8718413494556565,0.8699727767215841,0.13376436874656056,0.1281586505443435,1
Geophysical_model362,/home/lyara/areswave/models/Geophysical_model362.nd,nd,UNK,,,1001.068,60.0,900.0,188.04899999999998,1001.068,60.0,1135.824,33.68900000000008,1489.56,101.06700000000001,1687.836,60.0,0.8916023013268657,0.8593569031259818,0.8701053691929431,0.1083976986731343,0.14064309687401824,1
Geophysical_model192,/home/lyara/areswave/models/Geophysical_model192.nd,nd,UNK,,,1016.377,60.0,900.0,199.29700000000003,1016.377,60.0,1132.755,33.251000000000204,1498.512,99.75199999999995,1679.896,60.0,0.8441516039789365,0.8832172453316854,0.8701953648807691,0.1558483960210635,0.11678275466831452,1
Geophysical_model486,/home/lyara/areswave/models/Geophysical_model486.nd,nd,UNK,,,1031.859,60.0,900.0,187.99699999999996,1031.859,60.0,1130.754,32.965000000000146,1493.366,82.41200000000003,1674.72,60.0,0.8914493308014929,0.8596414314857139,0.8702440645909736,0.10855066919850709,0.14035856851428602,1
Geophysical_model183,/home/lyara/areswave/models/Geophysical_model183.nd,nd,UNK,,,1031.859,60.0,900.0,187.99699999999996,1031.859,60.0,1130.754,32.965000000000146,1493.366,82.41200000000003,1674.72,60.0,0.8914493308014929,0.8596414314857139,0.8702440645909736,0.10855066919850709,0.14035856851428602,1
Geophysical_model893,/home/lyara/areswave/models/Geophysical_model893.nd,nd,UNK,,,950.04,60.0,900.0,197.96500000000003,950.04,60.0,1133.518,33.36000000000013,1483.796,66.72000000000003,1681.871,60.0,0.8768421318990578,0.8670241774597143,0.8702968289394954,0.12315786810094219,0.13297582254028578,1
Geophysical_model130,/home/lyara/areswave/models/Geophysical_model130.nd,nd,UNK,,,1031.687,60.0,900.0,185.29399999999998,1031.687,60.0,1130.452,32.922000000000025,1492.591,82.30399999999986,1673.94,60.0,0.8847639190209494,0.8632169678060115,0.8703992848776575,0.11523608097905058,0.13678303219398846,1
Geophysical_model55,/home/lyara/areswave/models/Geophysical_model55.nd,nd,UNK,,,1064.102,60.0,900.0,191.78599999999994,1064.102,60.0,1146.153,32.819999999999936,1490.767,65.6400000000001,1672.105,60.0,0.8013594184943873,0.9053305254437718,0.870673489793977,0.19864058150561267,0.09466947455622826,1
Geophysical_model119,/home/lyara/areswave/models/Geophysical_model119.nd,nd,UNK,,,1064.102,60.0,900.0,191.78599999999994,1064.102,60.0,1146.153,32.819999999999936,1490.767,65.6400000000001,1672.105,60.0,0.8013594184943873,0.9053305254437718,0.870673489793977,0.19864058150561267,0.09466947455622826,1
Geophysical_model925,/home/lyara/areswave/models/Geophysical_model925.nd,nd,UNK,,,950.093,60.0,900.0,199.76800000000003,950.093,60.0,1133.767,50.09299999999985,1484.418,66.79099999999994,1682.515,60.0,0.8533891702594836,0.8794549395556664,0.8707663497902721,0.14661082974051645,0.12054506044433358,1
Geophysical_model993,/home/lyara/areswave/models/Geophysical_model993.nd,nd,UNK,,,950.093,60.0,900.0,199.76800000000003,950.093,60.0,1133.767,50.09299999999985,1484.418,66.79099999999994,1682.515,60.0,0.8533891702594836,0.8794549395556664,0.8707663497902721,0.14661082974051645,0.12054506044433358,1
Geophysical_model314,/home/lyara/areswave/models/Geophysical_model314.nd,nd,UNK,,,999.894,60.0,878.151,196.63800000000003,999.894,60.0,1116.438,16.648999999999887,1499.366,99.894,1680.755,60.0,0.9105855832494373,0.851032910123918,0.8708838011657578,0.08941441675056276,0.14896708987608195,1
Geophysical_model256,/home/lyara/areswave/models/Geophysical_model256.nd,nd,UNK,,,999.894,60.0,878.151,196.63800000000003,999.894,60.0,1116.438,16.648999999999887,1499.366,99.894,1680.755,60.0,0.9105855832494373,0.851032910123918,0.8708838011657578,0.08941441675056276,0.14896708987608195,1
Geophysical_model448,/home/lyara/areswave/models/Geophysical_model448.nd,nd,UNK,,,999.894,60.0,878.151,196.63800000000003,999.894,60.0,1116.438,16.648999999999887,1499.366,99.894,1680.755,60.0,0.9105855832494373,0.851032910123918,0.8708838011657578,0.08941441675056276,0.14896708987608195,1
Geophysical_model214,/home/lyara/areswave/models/Geophysical_model214.nd,nd,UNK,,,949.92,60.0,900.0,183.216,949.92,60.0,1116.318,16.6400000000001,1449.115,116.47900000000004,1680.421,60.0,0.8596333375034179,0.8765552519370079,0.8709146137924778,0.14036666249658217,0.12344474806299208,1
MD_model94,/home/lyara/areswave/models/MD_model94.nd,nd,UNK,,,1025.295,60.0,867.383,10.527999999999906,1025.295,60.0,1288.482,157.913,1351.647,168.44000000000005,1600.766,60.0,0.9072722362594304,0.852890361369098,0.8710176529992087,0.09272776374056957,0.14710963863090196,1
Geophysical_model57,/home/lyara/areswave/models/Geophysical_model57.nd,nd,UNK,,,984.104,60.0,876.704,186.37199999999996,984.104,60.0,1118.67,33.641000000000076,1488.726,100.9240000000002,1686.973,60.0,0.8559951530915739,0.8785295531730701,0.871018086479238,0.14400484690842602,0.12147044682692991,1
Geophysical_model8,/home/lyara/areswave/models/Geophysical_model8.nd,nd,UNK,,,1064.102,60.0,900.0,191.005,1064.102,60.0,1146.153,32.820000000000164,1490.767,65.6400000000001,1672.105,60.0,0.9000312505886866,0.8566377364936338,0.8711022411919848,0.0999687494113134,0.1433622635063662,1
Geophysical_model207,/home/lyara/areswave/models/Geophysical_model207.nd,nd,UNK,,,1064.102,60.0,900.0,191.005,1064.102,60.0,1146.153,32.820000000000164,1490.767,65.6400000000001,1672.105,60.0,0.9000312505886866,0.8566377364936338,0.8711022411919848,0.0999687494113134,0.1433622635063662,1
Geophysical_model881,/home/lyara/areswave/models/Geophysical_model881.nd,nd,UNK,,,950.007,60.0,900.0,179.212,950.007,60.0,1133.367,50.00700000000006,1483.418,66.67599999999993,1681.481,60.0,0.8162216750322205,0.8986178708003085,0.8711524722109458,0.18377832496777943,0.10138212919969153,1
Geophysical_model406,/home/lyara/areswave/models/Geophysical_model406.nd,nd,UNK,,,999.801,60.0,900.0,193.60699999999997,999.801,60.0,1116.236,16.63299999999981,1482.173,99.80099999999993,1680.192,60.0,0.8994355098256146,0.8572636247532572,0.8713209197773764,0.10056449017438535,0.14273637524674276,1
Geophysical_model21,/home/lyara/areswave/models/Geophysical_model21.nd,nd,UNK,,,1014.96,60.0,900.0,184.462,1014.96,60.0,1129.919,32.846000000000004,1491.22,82.11300000000006,1672.561,60.0,0.928463404309469,0.8427950739950478,0.8713511840998548,0.07153659569053099,0.15720492600495214,1
Geophysical_model36,/home/lyara/areswave/models/Geophysical_model36.nd,nd,UNK,,,1049.308,60.0,900.0,180.20000000000005,1049.308,60.0,1132.256,33.17900000000009,1497.231,82.94900000000007,1678.607,60.0,0.8826182378541316,0.8657558243928897,0.8713766288799704,0.11738176214586843,0.13424417560711036,1
Geophysical_model366,/home/lyara/areswave/models/Geophysical_model366.nd,nd,UNK,,,949.973,60.0,900.0,193.913,949.973,60.0,1116.548,16.656999999999925,1449.698,99.94499999999994,1681.061,60.0,0.8475029481864106,0.8836439788226879,0.8715969686105954,0.15249705181358938,0.1163560211773121,1
Geophysical_model148,/home/lyara/areswave/models/Geophysical_model148.nd,nd,UNK,,,983.062,60.0,858.582,186.38099999999997,983.062,60.0,1115.961,16.613000000000056,1464.822,116.28700000000003,1679.428,60.0,0.8311572163233212,0.8918411850919745,0.8716131955024234,0.16884278367667882,0.10815881490802542,1
Geophysical_model223,/home/lyara/areswave/models/Geophysical_model223.nd,nd,UNK,,,1016.377,60.0,900.0,197.923,1016.377,60.0,1132.755,33.251000000000204,1498.512,99.75199999999995,1679.896,60.0,0.8537035777203513,0.8807433023276349,0.8717300607918737,0.1462964222796487,0.11925669767236513,1
Geophysical_model461,/home/lyara/areswave/models/Geophysical_model461.nd,nd,UNK,,,1031.853,60.0,900.0,187.83900000000006,1031.853,60.0,1130.743,32.96399999999994,1493.339,82.4079999999999,1674.693,60.0,0.9087352213225223,0.8532707692418655,0.8717589199354178,0.09126477867747775,0.14672923075813452,1
Geophysical_model306,/home/lyara/areswave/models/Geophysical_model306.nd,nd,UNK,,,1031.853,60.0,900.0,187.83900000000006,1031.853,60.0,1130.743,32.96399999999994,1493.339,82.4079999999999,1674.693,60.0,0.9087352213225223,0.8532707692418655,0.8717589199354178,0.09126477867747775,0.14672923075813452,1
Geophysical_model347,/home/lyara/areswave/models/Geophysical_model347.nd,nd,UNK,,,1031.853,60.0,900.0,187.83900000000006,1031.853,60.0,1130.743,32.96399999999994,1493.339,82.4079999999999,1674.693,60.0,0.9087352213225223,0.8532707692418655,0.8717589199354178,0.09126477867747775,0.14672923075813452,1
Geophysical_model178,/home/lyara/areswave/models/Geophysical_model178.nd,nd,UNK,,,999.801,60.0,857.307,192.11800000000005,999.801,60.0,1116.236,16.63299999999981,1482.173,99.80099999999993,1680.192,60.0,0.9019002586225964,0.8567005017388796,0.8717670873667851,0.09809974137740358,0.1432994982611204,1
Geophysical_model246,/home/lyara/areswave/models/Geophysical_model246.nd,nd,UNK,,,1033.219,60.0,900.0,180.10900000000004,1033.219,60.0,1133.134,33.305000000000064,1482.834,83.26200000000017,1680.877,60.0,0.8473876720555324,0.8845674244748688,0.8721741736684233,0.15261232794446755,0.11543257552513124,1
Geophysical_model88,/home/lyara/areswave/models/Geophysical_model88.nd,nd,UNK,,,966.337,60.0,900.0,193.89700000000005,966.337,60.0,1115.594,16.58400000000006,1463.861,116.08899999999994,1678.405,60.0,0.9071082128303982,0.8547774296982069,0.872221024075604,0.09289178716960184,0.14522257030179306,1
Geophysical_model37,/home/lyara/areswave/models/Geophysical_model37.nd,nd,UNK,,,966.337,60.0,900.0,193.89700000000005,966.337,60.0,1115.594,16.58400000000006,1463.861,116.08899999999994,1678.405,60.0,0.9071082128303982,0.8547774296982069,0.872221024075604,0.09289178716960184,0.14522257030179306,1
Geophysical_model187,/home/lyara/areswave/models/Geophysical_model187.nd,nd,UNK,,,1016.434,60.0,877.254,181.96500000000003,1016.434,60.0,1132.867,33.26700000000005,1498.801,99.79999999999995,1680.187,60.0,0.8504401800400139,0.8833131005024961,0.8723554603483353,0.14955981995998607,0.11668689949750384,1
Geophysical_model102,/home/lyara/areswave/models/Geophysical_model102.nd,nd,UNK,,,1016.295,60.0,900.0,198.32399999999996,1016.295,60.0,1132.589,33.22699999999986,1464.86,99.68200000000002,1679.468,60.0,0.8940276068281131,0.8615394650168399,0.8723688456205977,0.10597239317188688,0.13846053498316013,1
Geophysical_model766,/home/lyara/areswave/models/Geophysical_model766.nd,nd,UNK,,,1099.489,60.0,900.0,21.00400000000002,1099.489,60.0,1116.113,16.624000000000024,1465.218,99.74500000000012,1679.849,60.0,0.8753923655408204,0.8709392065482715,0.8724235928791212,0.12460763445917959,0.1290607934517285,1
Geophysical_model145,/home/lyara/areswave/models/Geophysical_model145.nd,nd,UNK,,,966.251,60.0,900.0,186.31600000000003,966.251,60.0,1115.315,16.562999999999874,1463.132,99.37599999999998,1677.628,60.0,0.8780510578322632,0.8698931303533322,0.8726124395129758,0.12194894216773679,0.13010686964666787,1
Geophysical_model170,/home/lyara/areswave/models/Geophysical_model170.nd,nd,UNK,,,1096.935,60.0,900.0,199.07799999999997,1096.935,60.0,1146.169,32.822999999999865,1490.805,65.64499999999998,1672.143,60.0,0.8537172153194299,0.8824252340856574,0.8728558944969148,0.14628278468057004,0.11757476591434257,1
Geophysical_model155,/home/lyara/areswave/models/Geophysical_model155.nd,nd,UNK,,,1096.935,60.0,900.0,199.07799999999997,1096.935,60.0,1146.169,32.822999999999865,1490.805,65.64499999999998,1672.143,60.0,0.8537172153194299,0.8824252340856574,0.8728558944969148,0.14628278468057004,0.11757476591434257,1
Geophysical_model18,/home/lyara/areswave/models/Geophysical_model18.nd,nd,UNK,,,1098.133,60.0,900.0,196.457,1098.133,60.0,1147.666,16.510999999999967,1494.399,66.04399999999987,1675.759,60.0,0.8798239783623463,0.869630055276877,0.8730280296387001,0.12017602163765367,0.130369944723123,1
Geophysical_model48,/home/lyara/areswave/models/Geophysical_model48.nd,nd,UNK,,,1047.698,60.0,900.0,190.58799999999997,1047.698,60.0,1146.164,32.82199999999989,1490.792,65.64300000000003,1672.131,60.0,0.8248461160397157,0.8973012765811074,0.8731495564006435,0.17515388396028428,0.1026987234188926,1
Geophysical_model407,/home/lyara/areswave/models/Geophysical_model407.nd,nd,UNK,,,1047.872,60.0,900.0,189.28499999999997,1047.872,60.0,1130.023,32.8599999999999,1491.488,82.15100000000007,1672.831,60.0,0.8914052651333351,0.8646314475768038,0.8735560534289809,0.10859473486666497,0.1353685524231962,1
Geophysical_model424,/home/lyara/areswave/models/Geophysical_model424.nd,nd,UNK,,,1001.023,60.0,900.0,187.88699999999994,1001.023,60.0,1118.883,33.674999999999955,1472.464,101.02399999999989,1687.568,60.0,0.9262904121558215,0.8472258394990666,0.8735806970513181,0.07370958784417847,0.1527741605009334,1
MD_model97,/home/lyara/areswave/models/MD_model97.nd,nd,UNK,,,969.857,60.0,861.889,183.54600000000005,969.857,60.0,1293.761,32.391000000000076,1347.745,64.77999999999997,1633.027,60.0,0.8329575070304444,0.8940970231883535,0.8737171844690504,0.16704249296955564,0.1059029768116465,1
AK_model_38,/home/lyara/areswave/models/AK_model_38.nd,nd,UNK,,,1017.632,60.0,808.958,26.084999999999923,1017.632,60.0,1278.474,104.33699999999999,1304.559,26.08400000000006,1671.473,60.0,0.8574105892540742,0.8819107815314148,0.8737440507723013,0.14258941074592582,0.11808921846858526,1
Geophysical_model22,/home/lyara/areswave/models/Geophysical_model22.nd,nd,UNK,,,1063.523,60.0,900.0,194.688,1063.523,60.0,1145.284,32.70400000000018,1488.683,65.4090000000001,1670.008,60.0,0.8125022317370982,0.9046915453391164,0.8739617741384437,0.18749776826290182,0.09530845466088358,1
Geophysical_model924,/home/lyara/areswave/models/Geophysical_model924.nd,nd,UNK,,,966.648,60.0,900.0,192.32299999999998,966.648,60.0,1133.268,33.32400000000007,1483.17,83.31000000000017,1681.223,60.0,0.8448793264018276,0.8885942951445563,0.8740226388969802,0.15512067359817241,0.11140570485544361,1
Geophysical_model73,/home/lyara/areswave/models/Geophysical_model73.nd,nd,UNK,,,1032.872,60.0,900.0,180.68100000000004,1032.872,60.0,1132.525,33.2170000000001,1497.923,83.04500000000007,1679.303,60.0,0.8336318841932144,0.8943483270018956,0.8741095127323352,0.1663681158067856,0.10565167299810438,1
Geophysical_model46,/home/lyara/areswave/models/Geophysical_model46.nd,nd,UNK,,,1049.531,60.0,900.0,179.79999999999995,1049.531,60.0,1132.603,33.22900000000004,1498.123,83.07300000000009,1679.504,60.0,0.8629125658444361,0.8798139657240034,0.8741801657641476,0.13708743415556388,0.12018603427599656,1
Geophysical_model250,/home/lyara/areswave/models/Geophysical_model250.nd,nd,UNK,,,1033.261,60.0,900.0,182.41499999999996,1033.261,60.0,1133.207,33.315000000000055,1499.676,83.28800000000001,1681.067,60.0,0.8843574972951405,0.8691815714222383,0.8742402133798723,0.11564250270485957,0.13081842857776171,1
Geophysical_model34,/home/lyara/areswave/models/Geophysical_model34.nd,nd,UNK,,,1047.698,60.0,900.0,190.48699999999997,1047.698,60.0,1146.164,32.82199999999989,1490.792,65.64300000000003,1672.131,60.0,0.9330054986222379,0.8449236815425596,0.8742842872357857,0.06699450137776206,0.15507631845744047,1
Geophysical_model821,/home/lyara/areswave/models/Geophysical_model821.nd,nd,UNK,,,950.007,60.0,900.0,178.721,950.007,60.0,1133.367,33.337999999999965,1483.418,66.67599999999993,1681.481,60.0,0.8074061083993695,0.9088699168817385,0.8750486473876155,0.1925938916006304,0.09113008311826157,1
Geophysical_model952,/home/lyara/areswave/models/Geophysical_model952.nd,nd,UNK,,,950.007,60.0,900.0,178.721,950.007,60.0,1133.367,33.337999999999965,1483.418,66.67599999999993,1681.481,60.0,0.8074061083993695,0.9088699168817385,0.8750486473876155,0.1925938916006304,0.09113008311826157,1
Geophysical_model243,/home/lyara/areswave/models/Geophysical_model243.nd,nd,UNK,,,982.905,60.0,900.0,182.57500000000005,982.905,60.0,1115.552,16.58100000000013,1463.752,116.06700000000001,1678.288,60.0,0.7860386811654385,0.9195804947440014,0.8750665568844805,0.2139613188345615,0.0804195052559986,1
Geophysical_model232,/home/lyara/areswave/models/Geophysical_model232.nd,nd,UNK,,,1033.403,60.0,900.0,187.37900000000002,1033.403,60.0,1133.456,16.675000000000182,1483.64,66.702,1681.71,60.0,0.867482330418377,0.8789952987956287,0.875157642669878,0.13251766958162298,0.1210047012043714,1
Geophysical_model156,/home/lyara/areswave/models/Geophysical_model156.nd,nd,UNK,,,1033.403,60.0,900.0,187.37900000000002,1033.403,60.0,1133.456,16.675000000000182,1483.64,66.702,1681.71,60.0,0.867482330418377,0.8789952987956287,0.875157642669878,0.13251766958162298,0.1210047012043714,1
Geophysical_model452,/home/lyara/areswave/models/Geophysical_model452.nd,nd,UNK,,,1031.687,60.0,900.0,185.72000000000003,1031.687,60.0,1130.452,32.922000000000025,1492.591,82.30399999999986,1673.94,60.0,0.8796069289007309,0.873129566741823,0.875288687461459,0.12039307109926907,0.12687043325817707,1
AK_model_86,/home/lyara/areswave/models/AK_model_86.nd,nd,UNK,,,1049.938,60.0,885.794,23.448999999999955,1049.938,60.0,1284.43,23.450000000000045,1354.777,70.34700000000021,1674.308,60.0,0.8542536861415682,0.8861883210016743,0.8755434427149723,0.1457463138584318,0.11381167899832567,1
Geophysical_model412,/home/lyara/areswave/models/Geophysical_model412.nd,nd,UNK,,,1030.985,60.0,900.0,188.822,1030.985,60.0,1129.223,32.746000000000095,1489.43,81.86500000000001,1670.76,60.0,0.8400566320903207,0.8936230350356887,0.8757675673872326,0.15994336790967933,0.10637696496431129,1
Geophysical_model922,/home/lyara/areswave/models/Geophysical_model922.nd,nd,UNK,,,949.959,60.0,900.0,179.20600000000002,949.959,60.0,1133.142,33.305000000000064,1499.507,83.2650000000001,1680.897,60.0,0.8338883236172046,0.8967640740337534,0.8758054905615703,0.16611167638279548,0.10323592596624669,1
Geophysical_model997,/home/lyara/areswave/models/Geophysical_model997.nd,nd,UNK,,,950.057,60.0,900.0,199.649,950.057,60.0,1133.601,33.371000000000095,1484.001,66.74299999999994,1682.084,60.0,0.8048465192678335,0.9115363507178136,0.8759730735678203,0.19515348073216654,0.08846364928218647,1
Geophysical_model950,/home/lyara/areswave/models/Geophysical_model950.nd,nd,UNK,,,950.057,60.0,900.0,199.649,950.057,60.0,1133.601,33.371000000000095,1484.001,66.74299999999994,1682.084,60.0,0.8048465192678335,0.9115363507178136,0.8759730735678203,0.19515348073216654,0.08846364928218647,1
Geophysical_model195,/home/lyara/areswave/models/Geophysical_model195.nd,nd,UNK,,,966.712,60.0,900.0,192.40499999999997,966.712,60.0,1116.813,33.355999999999995,1483.727,100.06700000000001,1681.8,60.0,0.8868547556289125,0.8706250151587769,0.876034928648822,0.11314524437108757,0.1293749848412231,1
Geophysical_model60,/home/lyara/areswave/models/Geophysical_model60.nd,nd,UNK,,,966.712,60.0,900.0,192.40499999999997,966.712,60.0,1116.813,33.355999999999995,1483.727,100.06700000000001,1681.8,60.0,0.8868547556289125,0.8706250151587769,0.876034928648822,0.11314524437108757,0.1293749848412231,1
Geophysical_model521,/home/lyara/areswave/models/Geophysical_model521.nd,nd,UNK,,,966.806,60.0,900.0,176.74800000000005,966.806,60.0,1133.823,33.40299999999979,1484.557,66.80700000000002,1682.659,60.0,0.8164264092395406,0.9061133903702269,0.8762177299933315,0.18357359076045943,0.0938866096297731,1
Geophysical_model147,/home/lyara/areswave/models/Geophysical_model147.nd,nd,UNK,,,1064.034,60.0,900.0,190.61,1064.034,60.0,1146.052,32.807000000000016,1490.524,65.6139999999998,1671.86,60.0,0.8120063087204169,0.908334705045884,0.8762252396040616,0.18799369127958312,0.09166529495411602,1
Geophysical_model341,/home/lyara/areswave/models/Geophysical_model341.nd,nd,UNK,,,999.558,60.0,857.532,191.10400000000004,999.558,60.0,1115.708,16.592999999999847,1497.346,99.55799999999999,1678.723,60.0,0.8994317870343881,0.8646478092715338,0.8762424685258186,0.10056821296561193,0.13535219072846616,1
Geophysical_model497,/home/lyara/areswave/models/Geophysical_model497.nd,nd,UNK,,,1063.97,60.0,900.0,188.35900000000004,1063.97,60.0,1145.955,32.79399999999987,1490.293,65.58799999999997,1671.628,60.0,0.9002410942057633,0.8644454168915205,0.8763773093296013,0.09975890579423678,0.13555458310847943,1
MD_model22,/home/lyara/areswave/models/MD_model22.nd,nd,UNK,,,1019.062,60.0,898.164,197.83299999999997,1019.062,60.0,1293.831,21.98199999999997,1304.822,76.93500000000017,1648.61,60.0,0.7948310983820284,0.9172094907924596,0.8764166933223159,0.2051689016179717,0.08279050920754041,1
AK_model_84,/home/lyara/areswave/models/AK_model_84.nd,nd,UNK,,,1086.523,60.0,887.59,24.865999999999985,1086.523,60.0,1285.455,24.866999999999962,1360.055,74.60000000000014,1666.648,60.0,0.868650584208912,0.8807478108951867,0.8767154019997618,0.13134941579108805,0.11925218910481322,1
Geophysical_model23,/home/lyara/areswave/models/Geophysical_model23.nd,nd,UNK,,,1017.871,60.0,900.0,184.51999999999998,1017.871,60.0,1135.742,16.838999999999942,1489.354,84.19299999999998,1687.623,60.0,0.8657905121881945,0.8825327315062486,0.8769519917335639,0.13420948781180556,0.11746726849375139,1
Geophysical_model463,/home/lyara/areswave/models/Geophysical_model463.nd,nd,UNK,,,1017.871,60.0,900.0,184.51999999999998,1017.871,60.0,1135.742,16.838999999999942,1489.354,84.19299999999998,1687.623,60.0,0.8657905121881945,0.8825327315062486,0.8769519917335639,0.13420948781180556,0.11746726849375139,1
Geophysical_model123,/home/lyara/areswave/models/Geophysical_model123.nd,nd,UNK,,,1032.872,60.0,900.0,181.79200000000003,1032.872,60.0,1132.525,33.2170000000001,1481.314,83.04500000000007,1679.303,60.0,0.8508959824341684,0.8901892696631009,0.8770915072534567,0.1491040175658316,0.10981073033689913,1
Geophysical_model77,/home/lyara/areswave/models/Geophysical_model77.nd,nd,UNK,,,1049.531,60.0,900.0,181.05100000000004,1049.531,60.0,1132.603,33.22900000000004,1498.123,83.07300000000009,1679.504,60.0,0.8246860730656592,0.9034323041327331,0.8771835604437085,0.1753139269343408,0.0965676958672669,1
Geophysical_model453,/home/lyara/areswave/models/Geophysical_model453.nd,nd,UNK,,,1031.555,60.0,876.742,186.06399999999996,1031.555,60.0,1130.221,32.888999999999896,1475.552,82.221,1673.341,60.0,0.9229085075014654,0.8545161639711912,0.8773136118146159,0.07709149249853461,0.14548383602880874,1
Geophysical_model71,/home/lyara/areswave/models/Geophysical_model71.nd,nd,UNK,,,1096.225,60.0,900.0,197.35000000000002,1096.225,60.0,1145.281,32.70399999999995,1488.674,65.4079999999999,1669.999,60.0,0.8714621649046133,0.8803037251437706,0.8773565383973848,0.12853783509538674,0.11969627485622933,1
Geophysical_model216,/home/lyara/areswave/models/Geophysical_model216.nd,nd,UNK,,,1096.225,60.0,900.0,197.35000000000002,1096.225,60.0,1145.281,32.70399999999995,1488.674,65.4079999999999,1669.999,60.0,0.8714621649046133,0.8803037251437706,0.8773565383973848,0.12853783509538674,0.11969627485622933,1
Geophysical_model736,/home/lyara/areswave/models/Geophysical_model736.nd,nd,UNK,,,1084.925,60.0,900.0,29.855999999999995,1084.925,60.0,1101.736,16.810999999999922,1454.774,100.86799999999994,1686.632,60.0,0.8717212425005123,0.8807265925982488,0.8777248092323365,0.12827875749948775,0.11927340740175116,1
Geophysical_model481,/home/lyara/areswave/models/Geophysical_model481.nd,nd,UNK,,,1096.615,60.0,900.0,187.25699999999995,1096.615,60.0,1145.769,32.769000000000005,1489.845,65.53899999999999,1671.177,60.0,0.8784909331433015,0.8778275948707813,0.8780487076282881,0.12150906685669843,0.12217240512921869,1
Geophysical_model466,/home/lyara/areswave/models/Geophysical_model466.nd,nd,UNK,,,1031.687,60.0,900.0,185.18899999999996,1031.687,60.0,1130.452,32.922000000000025,1492.591,82.30399999999986,1673.94,60.0,0.885632530591098,0.8743483993401027,0.8781097764237678,0.11436746940890201,0.12565160065989736,1
AK_model_10,/home/lyara/areswave/models/AK_model_10.nd,nd,UNK,,,1032.783,60.0,836.001,24.597999999999956,1032.783,60.0,1278.762,73.79399999999987,1303.36,24.597000000000207,1680.778,60.0,0.8996667417646594,0.8673877077771344,0.878147385772976,0.10033325823534056,0.1326122922228657,1
AK_model_9,/home/lyara/areswave/models/AK_model_9.nd,nd,UNK,,,1080.348,60.0,882.922,24.677999999999997,1080.348,60.0,1277.774,49.355999999999995,1302.453,49.355999999999995,1657.767,60.0,0.905946182954457,0.8642562099236332,0.8781528676005744,0.09405381704554301,0.1357437900763668,1
Geophysical_model957,/home/lyara/areswave/models/Geophysical_model957.nd,nd,UNK,,,949.985,60.0,900.0,199.42999999999995,949.985,60.0,1133.262,33.32300000000009,1483.154,83.30799999999999,1681.208,60.0,0.8957164834944534,0.8697432436224181,0.8784009902464298,0.1042835165055466,0.1302567563775819,1
Geophysical_model829,/home/lyara/areswave/models/Geophysical_model829.nd,nd,UNK,,,949.985,60.0,900.0,199.42999999999995,949.985,60.0,1133.262,33.32300000000009,1483.154,83.30799999999999,1681.208,60.0,0.8957164834944534,0.8697432436224181,0.8784009902464298,0.1042835165055466,0.1302567563775819,1
Geophysical_model480,/home/lyara/areswave/models/Geophysical_model480.nd,nd,UNK,,,999.558,60.0,878.726,191.466,999.558,60.0,1115.708,16.592999999999847,1497.346,99.55799999999999,1678.723,60.0,0.9022809205259287,0.8664936665303955,0.8784227511955732,0.09771907947407137,0.13350633346960453,1
Geophysical_model110,/home/lyara/areswave/models/Geophysical_model110.nd,nd,UNK,,,1032.978,60.0,900.0,189.19899999999996,1032.978,60.0,1132.711,33.24400000000014,1498.399,83.11099999999988,1679.782,60.0,0.7692641939538987,0.9331243961827609,0.8785043287731401,0.23073580604610133,0.06687560381723914,1
Geophysical_model982,/home/lyara/areswave/models/Geophysical_model982.nd,nd,UNK,,,966.67,60.0,900.0,192.35000000000002,966.67,60.0,1133.345,33.33499999999981,1483.363,66.67000000000007,1681.424,60.0,0.9273138599043287,0.8549124552154621,0.8790462567784175,0.07268614009567131,0.14508754478453786,1
Geophysical_model901,/home/lyara/areswave/models/Geophysical_model901.nd,nd,UNK,,,966.67,60.0,900.0,192.35000000000002,966.67,60.0,1133.345,33.33499999999981,1483.363,66.67000000000007,1681.424,60.0,0.9273138599043287,0.8549124552154621,0.8790462567784175,0.07268614009567131,0.14508754478453786,1
Geophysical_model369,/home/lyara/areswave/models/Geophysical_model369.nd,nd,UNK,,,1031.52,60.0,900.0,186.47000000000003,1031.52,60.0,1130.159,32.87999999999988,1475.398,82.19900000000007,1673.183,60.0,0.8759949319610076,0.8812708861783838,0.8795122347725917,0.1240050680389923,0.1187291138216162,1
Geophysical_model432,/home/lyara/areswave/models/Geophysical_model432.nd,nd,UNK,,,1031.52,60.0,900.0,186.47000000000003,1031.52,60.0,1130.159,32.87999999999988,1475.398,82.19900000000007,1673.183,60.0,0.8759949319610076,0.8812708861783838,0.8795122347725917,0.1240050680389923,0.1187291138216162,1
Geophysical_model418,/home/lyara/areswave/models/Geophysical_model418.nd,nd,UNK,,,1031.52,60.0,900.0,186.47000000000003,1031.52,60.0,1130.159,32.87999999999988,1475.398,82.19900000000007,1673.183,60.0,0.8759949319610076,0.8812708861783838,0.8795122347725917,0.1240050680389923,0.1187291138216162,1
Geophysical_model361,/home/lyara/areswave/models/Geophysical_model361.nd,nd,UNK,,,1047.698,60.0,900.0,190.28200000000004,1047.698,60.0,1146.164,32.82199999999989,1490.792,82.05399999999986,1672.131,60.0,0.8852445342322457,0.8767436338727285,0.8795772673259009,0.1147554657677543,0.12325636612727155,1
Geophysical_model720,/home/lyara/areswave/models/Geophysical_model720.nd,nd,UNK,,,933.975,60.0,879.241,186.83299999999997,933.975,60.0,1120.837,33.975000000000136,1494.562,84.9369999999999,1693.011,60.0,0.8266354915360232,0.9060498809665247,0.8795784178230243,0.17336450846397672,0.09395011903347524,1
Geophysical_model977,/home/lyara/areswave/models/Geophysical_model977.nd,nd,UNK,,,1086.703,60.0,900.0,21.20399999999995,1086.703,60.0,1103.676,16.972999999999956,1460.108,118.81000000000017,1692.486,60.0,0.8990087575412915,0.870104665369338,0.8797393627599891,0.10099124245870851,0.12989533463066205,1
Geophysical_model386,/home/lyara/areswave/models/Geophysical_model386.nd,nd,UNK,,,967.7,60.0,900.0,181.90800000000002,967.7,60.0,1120.025,33.850000000000136,1458.525,118.47499999999991,1690.748,60.0,0.9385380388433242,0.8503842494243541,0.8797688458973442,0.061461961156675765,0.14961575057564588,1
Geophysical_model397,/home/lyara/areswave/models/Geophysical_model397.nd,nd,UNK,,,967.7,60.0,900.0,181.90800000000002,967.7,60.0,1120.025,33.850000000000136,1458.525,118.47499999999991,1690.748,60.0,0.9385380388433242,0.8503842494243541,0.8797688458973442,0.061461961156675765,0.14961575057564588,1
Geophysical_model425,/home/lyara/areswave/models/Geophysical_model425.nd,nd,UNK,,,1031.687,60.0,900.0,185.74099999999999,1031.687,60.0,1130.452,32.922000000000025,1476.13,82.30399999999986,1673.94,60.0,0.8692590126073333,0.8852967346972547,0.8799508273339476,0.13074098739266674,0.11470326530274529,1
Geophysical_model642,/home/lyara/areswave/models/Geophysical_model642.nd,nd,UNK,,,1099.713,60.0,877.292,22.70900000000006,1099.713,60.0,1116.356,16.64300000000003,1449.211,99.85699999999997,1680.527,60.0,0.8039705239101278,0.9180048833328049,0.8799934301919126,0.1960294760898722,0.0819951166671951,1
Geophysical_model853,/home/lyara/areswave/models/Geophysical_model853.nd,nd,UNK,,,950.057,60.0,900.0,199.34900000000005,950.057,60.0,1133.601,33.371000000000095,1484.001,66.74299999999994,1682.084,60.0,0.8227742279437397,0.9088591717562211,0.880164190485394,0.17722577205626036,0.09114082824377892,1
AK_model_87,/home/lyara/areswave/models/AK_model_87.nd,nd,UNK,,,1080.176,60.0,842.943,26.359000000000037,1080.176,60.0,1291.051,26.3599999999999,1343.769,79.07799999999997,1685.704,60.0,0.8293956326604723,0.9056072354455638,0.8802033678505333,0.17060436733952763,0.09439276455443621,1
Geophysical_model810,/home/lyara/areswave/models/Geophysical_model810.nd,nd,UNK,,,966.616,60.0,900.0,178.75699999999995,966.616,60.0,1133.157,33.30799999999999,1499.547,83.26999999999998,1680.937,60.0,0.84103212417091,0.9000152500154124,0.8803542080672448,0.15896787582908997,0.0999847499845876,1
Geophysical_model352,/home/lyara/areswave/models/Geophysical_model352.nd,nd,UNK,,,1064.355,60.0,900.0,189.35799999999995,1064.355,60.0,1146.533,16.435999999999922,1475.244,65.74200000000019,1673.022,60.0,0.8696761207285597,0.8858269978724506,0.8804433721578203,0.13032387927144023,0.11417300212754947,1
Geophysical_model708,/home/lyara/areswave/models/Geophysical_model708.nd,nd,UNK,,,900.0,60.0,900.0,178.57299999999998,900.0,60.0,1118.565,33.625,1471.633,100.87599999999998,1686.682,60.0,0.886424130325625,0.8774925304217039,0.8804697303896777,0.11357586967437504,0.12250746957829604,1
Geophysical_model690,/home/lyara/areswave/models/Geophysical_model690.nd,nd,UNK,,,900.0,60.0,900.0,179.96799999999996,900.0,60.0,1118.266,33.57899999999995,1470.849,100.73799999999983,1685.847,60.0,0.8636657962898536,0.8891886039731338,0.8806810014120404,0.13633420371014635,0.11081139602686613,1
Geophysical_model377,/home/lyara/areswave/models/Geophysical_model377.nd,nd,UNK,,,1031.555,60.0,900.0,185.67899999999997,1031.555,60.0,1130.221,32.888999999999896,1491.996,82.221,1673.341,60.0,0.8655580636756601,0.8882928000245419,0.8807145545749147,0.1344419363243399,0.11170719997545811,1
Geophysical_model495,/home/lyara/areswave/models/Geophysical_model495.nd,nd,UNK,,,966.559,60.0,900.0,180.90700000000004,966.559,60.0,1116.317,16.638999999999896,1465.751,99.83900000000017,1680.417,60.0,0.8884375335374817,0.8771059934375411,0.8808831734708548,0.11156246646251833,0.12289400656245886,1
Geophysical_model106,/home/lyara/areswave/models/Geophysical_model106.nd,nd,UNK,,,966.673,60.0,900.0,186.183,966.673,60.0,1116.688,33.33600000000001,1483.391,100.00999999999999,1681.453,60.0,0.8498528378524266,0.8965248076308057,0.8809674843713461,0.1501471621475734,0.10347519236919428,1
Geophysical_model393,/home/lyara/areswave/models/Geophysical_model393.nd,nd,UNK,,,1031.867,60.0,900.0,187.779,1031.867,60.0,1130.767,32.96699999999987,1476.918,82.41600000000017,1674.755,60.0,0.9172882412840185,0.8632465092551511,0.8812604199314403,0.08271175871598148,0.13675349074484888,1
Geophysical_model56,/home/lyara/areswave/models/Geophysical_model56.nd,nd,UNK,,,1015.15,60.0,876.661,186.71299999999997,1015.15,60.0,1130.3,32.90100000000007,1475.751,82.25,1673.548,60.0,0.8833877227015211,0.8802375782962526,0.8812876264313422,0.1166122772984789,0.11976242170374735,1
Geophysical_model451,/home/lyara/areswave/models/Geophysical_model451.nd,nd,UNK,,,1047.105,60.0,900.0,187.49099999999999,1047.105,60.0,1145.175,32.690000000000055,1488.42,65.38000000000011,1669.744,60.0,0.9433410593710023,0.8504309890271844,0.8814010124751238,0.05665894062899768,0.14956901097281558,1
Geophysical_model380,/home/lyara/areswave/models/Geophysical_model380.nd,nd,UNK,,,1047.105,60.0,900.0,187.49099999999999,1047.105,60.0,1145.175,32.690000000000055,1488.42,65.38000000000011,1669.744,60.0,0.9433410593710023,0.8504309890271844,0.8814010124751238,0.05665894062899768,0.14956901097281558,1
Geophysical_model160,/home/lyara/areswave/models/Geophysical_model160.nd,nd,UNK,,,1001.362,60.0,862.062,189.68899999999996,1001.362,60.0,1119.617,33.78800000000001,1491.277,101.36200000000008,1689.612,60.0,0.87303423405611,0.885631489711254,0.8814324044928727,0.12696576594389,0.11436851028874598,1
Geophysical_model573,/home/lyara/areswave/models/Geophysical_model573.nd,nd,UNK,,,1098.113,60.0,900.0,23.974000000000046,1098.113,60.0,1114.623,16.509000000000015,1444.812,115.5659999999998,1675.699,60.0,0.8312483391600025,0.9065549240567208,0.8814527290911481,0.16875166083999743,0.09344507594327925,1
Geophysical_model876,/home/lyara/areswave/models/Geophysical_model876.nd,nd,UNK,,,1085.08,60.0,900.0,29.76800000000003,1085.08,60.0,1101.905,16.826000000000022,1455.24,117.77800000000002,1687.143,60.0,0.8772301509006076,0.8838609059503778,0.8816506542671211,0.12276984909939234,0.11613909404962222,1
Geophysical_model142,/home/lyara/areswave/models/Geophysical_model142.nd,nd,UNK,,,966.81,60.0,900.0,180.188,966.81,60.0,1117.132,33.40499999999997,1484.587,100.21499999999992,1682.69,60.0,0.8825212106105362,0.8812700242348634,0.8816870863600877,0.11747878938946375,0.11872997576513655,1
Geophysical_model35,/home/lyara/areswave/models/Geophysical_model35.nd,nd,UNK,,,1049.765,60.0,900.0,179.803,1049.765,60.0,1132.968,33.28099999999995,1499.059,83.202,1680.447,60.0,0.838293685139329,0.9034256330529259,0.8817149837483935,0.161706314860671,0.09657436694707411,1
AK_model_8,/home/lyara/areswave/models/AK_model_8.nd,nd,UNK,,,1058.295,60.0,876.798,25.927999999999997,1058.295,60.0,1291.649,77.78499999999985,1317.577,25.92800000000011,1682.257,60.0,0.9125255442366577,0.866331983656312,0.881729837183094,0.08747445576334235,0.133668016343688,1
Geophysical_model786,/home/lyara/areswave/models/Geophysical_model786.nd,nd,UNK,,,900.0,60.0,900.0,185.40200000000004,900.0,60.0,1106.136,17.17800000000011,1466.874,85.88999999999987,1699.91,60.0,0.8471137137707633,0.8993293520993237,0.8819241393231368,0.1528862862292367,0.1006706479006763,1
Geophysical_model580,/home/lyara/areswave/models/Geophysical_model580.nd,nd,UNK,,,900.0,60.0,900.0,185.40200000000004,900.0,60.0,1106.136,17.17800000000011,1466.874,85.88999999999987,1699.91,60.0,0.8471137137707633,0.8993293520993237,0.8819241393231368,0.1528862862292367,0.1006706479006763,1
Geophysical_model167,/home/lyara/areswave/models/Geophysical_model167.nd,nd,UNK,,,984.407,60.0,861.42,192.90099999999995,984.407,60.0,1119.457,33.76299999999992,1490.847,101.28800000000001,1689.167,60.0,0.9223289709423549,0.8618983063883286,0.8820418612396708,0.07767102905764507,0.13810169361167135,1
Geophysical_model100,/home/lyara/areswave/models/Geophysical_model100.nd,nd,UNK,,,1033.219,60.0,877.55,179.596,1033.219,60.0,1133.134,33.305000000000064,1482.834,83.26200000000017,1680.877,60.0,0.9072189958714045,0.8704480856245677,0.8827050557068467,0.09278100412859545,0.12955191437543237,1
Geophysical_model932,/home/lyara/areswave/models/Geophysical_model932.nd,nd,UNK,,,966.597,60.0,900.0,179.61900000000003,966.597,60.0,1133.089,33.298,1499.372,83.2460000000001,1680.761,60.0,0.8670881306713091,0.8905291665241039,0.8827154879065056,0.13291186932869092,0.1094708334758961,1
Geophysical_model86,/home/lyara/areswave/models/Geophysical_model86.nd,nd,UNK,,,1015.239,60.0,900.0,189.35199999999998,1015.239,60.0,1130.479,32.92599999999993,1492.66,98.77700000000004,1674.009,60.0,0.8930560403560941,0.8781274711626328,0.8831036608937866,0.10694395964390585,0.12187252883736721,1
Geophysical_model179,/home/lyara/areswave/models/Geophysical_model179.nd,nd,UNK,,,1047.142,60.0,900.0,180.534,1047.142,60.0,1145.237,32.69800000000009,1488.569,65.39699999999993,1669.893,60.0,0.9104220351367831,0.8697605138058431,0.8833143542494897,0.08957796486321688,0.1302394861941569,1
Geophysical_model512,/home/lyara/areswave/models/Geophysical_model512.nd,nd,UNK,,,933.807,60.0,900.0,183.49300000000005,933.807,60.0,1119.743,33.807000000000016,1491.615,84.51700000000005,1689.962,60.0,0.8903700173170266,0.8801166314649961,0.8835344267490063,0.10962998268297347,0.1198833685350039,1
Geophysical_model742,/home/lyara/areswave/models/Geophysical_model742.nd,nd,UNK,,,966.694,60.0,900.0,192.65800000000002,966.694,60.0,1133.428,33.346000000000004,1483.57,66.69399999999996,1681.638,60.0,0.8484273180193782,0.9012238040315058,0.8836249753607966,0.15157268198062185,0.09877619596849418,1
Geophysical_model523,/home/lyara/areswave/models/Geophysical_model523.nd,nd,UNK,,,966.694,60.0,900.0,192.65800000000002,966.694,60.0,1133.428,33.346000000000004,1483.57,66.69399999999996,1681.638,60.0,0.8484273180193782,0.9012238040315058,0.8836249753607966,0.15157268198062185,0.09877619596849418,1
Geophysical_model69,/home/lyara/areswave/models/Geophysical_model69.nd,nd,UNK,,,1016.434,60.0,877.14,182.87599999999998,1016.434,60.0,1132.867,33.26700000000005,1498.801,99.79999999999995,1680.187,60.0,0.8802096775717723,0.8854002240352212,0.8836700418807383,0.11979032242822776,0.11459977596477877,1
Geophysical_model174,/home/lyara/areswave/models/Geophysical_model174.nd,nd,UNK,,,999.816,60.0,900.0,195.88099999999997,999.816,60.0,1116.267,16.635999999999967,1498.893,99.81500000000005,1680.28,60.0,0.8534332867015574,0.8988721853272862,0.8837258857853766,0.14656671329844265,0.10112781467271385,1
Geophysical_model217,/home/lyara/areswave/models/Geophysical_model217.nd,nd,UNK,,,1033.184,60.0,900.0,187.91999999999996,1033.184,60.0,1133.072,33.29500000000007,1499.327,83.24000000000001,1680.716,60.0,0.8291256200925633,0.9116137486588441,0.8841177058034172,0.1708743799074367,0.08838625134115588,1
Geophysical_model292,/home/lyara/areswave/models/Geophysical_model292.nd,nd,UNK,,,967.499,60.0,858.902,184.94100000000003,967.499,60.0,1119.373,33.75,1456.871,101.2489999999998,1688.933,60.0,0.8822924119625722,0.8852368890559651,0.8842553966915009,0.11770758803742772,0.11476311094403495,1
Geophysical_model391,/home/lyara/areswave/models/Geophysical_model391.nd,nd,UNK,,,1030.76,60.0,900.0,187.67899999999997,1030.76,60.0,1128.83,32.690000000000055,1488.42,81.72500000000014,1669.744,60.0,0.9358206643846079,0.8588114704591733,0.8844812017676515,0.06417933561539207,0.14118852954082672,1
Geophysical_model236,/home/lyara/areswave/models/Geophysical_model236.nd,nd,UNK,,,933.558,60.0,900.0,195.82000000000005,933.558,60.0,1101.346,16.778999999999996,1436.922,117.452,1685.455,60.0,0.9153070823391235,0.8691506420029067,0.8845361221149789,0.08469291766087646,0.13084935799709335,1
Geophysical_model491,/home/lyara/areswave/models/Geophysical_model491.nd,nd,UNK,,,1098.226,60.0,900.0,179.37300000000005,1098.226,60.0,1114.745,16.519000000000005,1445.122,99.11300000000006,1676.04,60.0,0.8742448933681701,0.8897077706765116,0.8845534782403979,0.12575510663182984,0.11029222932348837,1
Geophysical_model84,/home/lyara/areswave/models/Geophysical_model84.nd,nd,UNK,,,1064.355,60.0,900.0,188.62699999999995,1064.355,60.0,1146.533,16.435999999999922,1475.244,65.74200000000019,1673.022,60.0,0.8732247681441118,0.8906077915194771,0.8848134503943553,0.1267752318558882,0.1093922084805229,1
Geophysical_model392,/home/lyara/areswave/models/Geophysical_model392.nd,nd,UNK,,,1031.687,60.0,900.0,185.87199999999996,1031.687,60.0,1130.452,32.922000000000025,1492.591,82.30399999999986,1673.94,60.0,0.8592882043574667,0.8977204112091056,0.8849096755918926,0.14071179564253333,0.10227958879089435,1
Geophysical_model390,/home/lyara/areswave/models/Geophysical_model390.nd,nd,UNK,,,1033.228,60.0,900.0,182.29700000000003,1033.228,60.0,1133.149,33.307000000000016,1499.526,83.26800000000003,1680.916,60.0,0.893078167705353,0.8810415562553413,0.885053760072012,0.10692183229464707,0.11895844374465864,1
Geophysical_model344,/home/lyara/areswave/models/Geophysical_model344.nd,nd,UNK,,,1063.97,60.0,900.0,188.12900000000002,1063.97,60.0,1145.955,32.79399999999987,1490.293,65.58799999999997,1671.628,60.0,0.8640593409653321,0.8956125884542374,0.885094839291269,0.1359406590346679,0.1043874115457626,1
Geophysical_model332,/home/lyara/areswave/models/Geophysical_model332.nd,nd,UNK,,,1063.97,60.0,900.0,188.12900000000002,1063.97,60.0,1145.955,32.79399999999987,1490.293,65.58799999999997,1671.628,60.0,0.8640593409653321,0.8956125884542374,0.885094839291269,0.1359406590346679,0.1043874115457626,1
Geophysical_model114,/home/lyara/areswave/models/Geophysical_model114.nd,nd,UNK,,,1098.133,60.0,900.0,196.06600000000003,1098.133,60.0,1147.666,33.02300000000014,1494.399,66.04399999999987,1675.759,60.0,0.8724783352469239,0.8914064929492065,0.8850971070484457,0.12752166475307616,0.10859350705079347,1
Geophysical_model698,/home/lyara/areswave/models/Geophysical_model698.nd,nd,UNK,,,1067.222,60.0,900.0,22.057000000000016,1067.222,60.0,1100.667,16.72199999999998,1451.834,100.33300000000008,1683.405,60.0,0.9050862937690337,0.8754873383470605,0.8853536568210516,0.09491370623096626,0.1245126616529395,1
Geophysical_model382,/home/lyara/areswave/models/Geophysical_model382.nd,nd,UNK,,,1063.521,60.0,900.0,197.65700000000004,1063.521,60.0,1145.281,32.70399999999995,1488.674,65.4079999999999,1669.999,60.0,0.8419462396372532,0.907831305964785,0.885869617188941,0.1580537603627467,0.09216869403521497,1
Geophysical_model287,/home/lyara/areswave/models/Geophysical_model287.nd,nd,UNK,,,1001.133,60.0,861.705,191.47500000000002,1001.133,60.0,1119.121,33.71100000000001,1489.942,101.13300000000004,1688.231,60.0,0.8669511573309654,0.8955037782701897,0.885986237957115,0.13304884266903463,0.10449622172981034,1
Geophysical_model421,/home/lyara/areswave/models/Geophysical_model421.nd,nd,UNK,,,999.836,60.0,900.0,191.389,999.836,60.0,1116.312,16.639000000000124,1465.739,99.83699999999999,1680.405,60.0,0.8696663379148926,0.8947223254699596,0.8863703296182704,0.13033366208510738,0.10527767453004049,1
Geophysical_model5,/home/lyara/areswave/models/Geophysical_model5.nd,nd,UNK,,,1015.251,60.0,900.0,187.659,1015.251,60.0,1130.502,32.92899999999986,1492.719,82.32200000000012,1674.068,60.0,0.9155657787770172,0.8725467268908479,0.8868864108529043,0.08443422122298282,0.1274532731091521,1
Geophysical_model321,/home/lyara/areswave/models/Geophysical_model321.nd,nd,UNK,,,1064.355,60.0,900.0,189.894,1064.355,60.0,1146.533,32.87099999999987,1491.679,65.74200000000019,1673.022,60.0,0.8170756145418341,0.922258704205912,0.8871976743178861,0.18292438545816592,0.0777412957940879,1
Geophysical_model133,/home/lyara/areswave/models/Geophysical_model133.nd,nd,UNK,,,1098.133,60.0,900.0,196.67700000000002,1098.133,60.0,1147.666,16.510999999999967,1494.399,66.04399999999987,1675.759,60.0,0.8699638768320859,0.896411864640468,0.8875958687043406,0.13003612316791416,0.10358813535953201,1
MD_model89,/home/lyara/areswave/models/MD_model89.nd,nd,UNK,,,984.933,60.0,781.659,192.57500000000005,984.933,60.0,1273.795,32.096000000000004,1327.288,74.88999999999987,1611.235,60.0,0.8897947021467139,0.8866175487072406,0.8876765998537316,0.11020529785328614,0.11338245129275933,1
Geophysical_model379,/home/lyara/areswave/models/Geophysical_model379.nd,nd,UNK,,,1047.698,60.0,900.0,189.60400000000004,1047.698,60.0,1146.164,32.82199999999989,1490.792,82.05399999999986,1672.131,60.0,0.8789893307365334,0.8922936153746474,0.8878588538286093,0.12101066926346656,0.10770638462535266,1
Geophysical_model168,/home/lyara/areswave/models/Geophysical_model168.nd,nd,UNK,,,1001.362,60.0,880.983,190.173,1001.362,60.0,1119.617,33.78800000000001,1491.277,101.36200000000008,1689.612,60.0,0.9197122414360075,0.8719520390848087,0.8878721065352083,0.08028775856399246,0.1280479609151913,1
Geophysical_model91,/home/lyara/areswave/models/Geophysical_model91.nd,nd,UNK,,,1001.362,60.0,880.983,190.173,1001.362,60.0,1119.617,33.78800000000001,1491.277,101.36200000000008,1689.612,60.0,0.9197122414360075,0.8719520390848087,0.8878721065352083,0.08028775856399246,0.1280479609151913,1
Geophysical_model166,/home/lyara/areswave/models/Geophysical_model166.nd,nd,UNK,,,1063.464,60.0,900.0,197.09799999999996,1063.464,60.0,1145.196,32.692999999999984,1472.124,65.38599999999997,1669.795,60.0,0.8519189888091453,0.9062770207794314,0.8881576767893361,0.14808101119085468,0.09372297922056864,1
Geophysical_model713,/home/lyara/areswave/models/Geophysical_model713.nd,nd,UNK,,,916.672,60.0,877.403,180.774,916.672,60.0,1116.738,33.34500000000003,1483.524,83.36099999999988,1681.59,60.0,0.8539837004102551,0.9060560149017038,0.8886985767378875,0.14601629958974494,0.09394398509829614,1
Geophysical_model231,/home/lyara/areswave/models/Geophysical_model231.nd,nd,UNK,,,1098.133,60.0,900.0,196.25699999999995,1098.133,60.0,1147.666,33.02300000000014,1494.399,66.04399999999987,1675.759,60.0,0.9068208974242925,0.8797744836667549,0.8887899549192674,0.0931791025757075,0.12022551633324505,1
Geophysical_model373,/home/lyara/areswave/models/Geophysical_model373.nd,nd,UNK,,,1031.784,60.0,900.0,188.35000000000002,1031.784,60.0,1130.622,32.94600000000014,1493.027,82.36500000000001,1674.378,60.0,0.9198892877614,0.8738253465409559,0.8891799936144373,0.08011071223859997,0.12617465345904413,1
Geophysical_model295,/home/lyara/areswave/models/Geophysical_model295.nd,nd,UNK,,,1032.872,60.0,900.0,181.34699999999998,1032.872,60.0,1132.525,33.2170000000001,1497.923,83.04500000000007,1679.303,60.0,0.9200312263724201,0.8737952676796391,0.8892072539105661,0.07996877362757994,0.1262047323203609,1
Geophysical_model262,/home/lyara/areswave/models/Geophysical_model262.nd,nd,UNK,,,1032.872,60.0,900.0,181.34699999999998,1032.872,60.0,1132.525,33.2170000000001,1497.923,83.04500000000007,1679.303,60.0,0.9200312263724201,0.8737952676796391,0.8892072539105661,0.07996877362757994,0.1262047323203609,1
Geophysical_model680,/home/lyara/areswave/models/Geophysical_model680.nd,nd,UNK,,,1099.489,60.0,900.0,21.152000000000044,1099.489,60.0,1116.113,16.624000000000024,1465.218,99.74500000000012,1679.849,60.0,0.8819344063852009,0.8932986661120829,0.8895105795364556,0.11806559361479906,0.10670133388791718,1
Geophysical_model371,/home/lyara/areswave/models/Geophysical_model371.nd,nd,UNK,,,1031.52,60.0,900.0,186.70299999999997,1031.52,60.0,1130.159,32.87999999999988,1491.838,82.19900000000007,1673.183,60.0,0.9467616151885008,0.8610176385088024,0.889598964068702,0.05323838481149927,0.13898236149119755,1
Geophysical_model381,/home/lyara/areswave/models/Geophysical_model381.nd,nd,UNK,,,999.558,60.0,878.755,191.207,999.558,60.0,1115.708,16.592999999999847,1497.346,99.55799999999999,1678.723,60.0,0.944017739097394,0.8624717626070326,0.8896537547704865,0.05598226090260605,0.13752823739296743,1
Geophysical_model64,/home/lyara/areswave/models/Geophysical_model64.nd,nd,UNK,,,967.437,60.0,900.0,186.20899999999995,967.437,60.0,1119.169,33.718000000000075,1456.352,101.15499999999997,1688.364,60.0,0.8778063573701532,0.8957280694610541,0.8897541654307538,0.12219364262984682,0.10427193053894587,1
Geophysical_model761,/home/lyara/areswave/models/Geophysical_model761.nd,nd,UNK,,,900.0,60.0,900.0,179.39,900.0,60.0,1101.753,33.625,1488.445,100.87599999999998,1686.682,60.0,0.8835462282707996,0.8931091382857109,0.8899215016140739,0.11645377172920036,0.1068908617142891,1
Geophysical_model112,/home/lyara/areswave/models/Geophysical_model112.nd,nd,UNK,,,1098.133,60.0,900.0,196.45600000000002,1098.133,60.0,1147.666,33.02300000000014,1477.888,66.04399999999987,1675.759,60.0,0.8637061359006086,0.9030894698005593,0.8899616918339092,0.13629386409939134,0.09691053019944072,1
Geophysical_model456,/home/lyara/areswave/models/Geophysical_model456.nd,nd,UNK,,,1016.299,60.0,877.225,182.20000000000005,1016.299,60.0,1132.599,33.228000000000065,1498.111,99.68500000000017,1679.493,60.0,0.8757786045651346,0.8974039196019297,0.8901954812563314,0.12422139543486546,0.10259608039807039,1
MD_model72,/home/lyara/areswave/models/MD_model72.nd,nd,UNK,,,905.619,60.0,705.837,189.26700000000005,905.619,60.0,1294.668,84.11899999999991,1305.183,31.545000000000073,1596.284,60.0,0.8566370808838933,0.9082368124826067,0.8910369019497022,0.14336291911610666,0.09176318751739336,1
Geophysical_model956,/home/lyara/areswave/models/Geophysical_model956.nd,nd,UNK,,,966.616,60.0,900.0,179.216,966.616,60.0,1133.157,33.30799999999999,1499.547,83.26999999999998,1680.937,60.0,0.8814168910161821,0.8962995299414451,0.8913386502996907,0.11858310898381783,0.10370047005855484,1
AK_model_55,/home/lyara/areswave/models/AK_model_55.nd,nd,UNK,,,1024.297,60.0,845.36,25.562000000000012,1024.297,60.0,1152.109,102.24900000000002,1382.171,51.125,1667.971,60.0,0.8678930284793094,0.9032514094910431,0.891465282487132,0.1321069715206906,0.09674859050895691,1
Geophysical_model209,/home/lyara/areswave/models/Geophysical_model209.nd,nd,UNK,,,1033.403,60.0,900.0,187.39999999999998,1033.403,60.0,1133.456,16.675000000000182,1483.64,66.702,1681.71,60.0,0.8865319009879242,0.8942026815263553,0.8916457546802116,0.1134680990120758,0.1057973184736447,1
Geophysical_model197,/home/lyara/areswave/models/Geophysical_model197.nd,nd,UNK,,,1049.881,60.0,900.0,183.15499999999997,1049.881,60.0,1133.149,33.307000000000016,1466.219,83.26800000000003,1680.916,60.0,0.902797957701138,0.886170626641986,0.89171307032837,0.097202042298862,0.11382937335801399,1
Geophysical_model32,/home/lyara/areswave/models/Geophysical_model32.nd,nd,UNK,,,1032.98,60.0,900.0,182.25,1032.98,60.0,1132.715,33.24499999999989,1498.411,83.11300000000006,1679.794,60.0,0.890934305626927,0.8929539862644263,0.89228075938526,0.10906569437307304,0.10704601373557368,1
Geophysical_model194,/home/lyara/areswave/models/Geophysical_model194.nd,nd,UNK,,,1032.98,60.0,900.0,182.25,1032.98,60.0,1132.715,33.24499999999989,1498.411,83.11300000000006,1679.794,60.0,0.890934305626927,0.8929539862644263,0.89228075938526,0.10906569437307304,0.10704601373557368,1
Geophysical_model402,/home/lyara/areswave/models/Geophysical_model402.nd,nd,UNK,,,1031.655,60.0,900.0,189.51199999999994,1031.655,60.0,1130.397,32.91399999999999,1492.449,82.28500000000008,1673.797,60.0,0.9176648011725262,0.8795961872822871,0.8922857252457002,0.08233519882747374,0.12040381271771293,1
Geophysical_model422,/home/lyara/areswave/models/Geophysical_model422.nd,nd,UNK,,,1031.655,60.0,900.0,189.51199999999994,1031.655,60.0,1130.397,32.91399999999999,1492.449,82.28500000000008,1673.797,60.0,0.9176648011725262,0.8795961872822871,0.8922857252457002,0.08233519882747374,0.12040381271771293,1
MD_model64,/home/lyara/areswave/models/MD_model64.nd,nd,UNK,,,1026.644,60.0,732.299,185.32799999999997,1026.644,60.0,1299.185,10.902000000000044,1342.791,76.3119999999999,1640.914,60.0,0.930904630963032,0.8732460765054617,0.8924655946579851,0.06909536903696799,0.12675392349453832,1
Geophysical_model72,/home/lyara/areswave/models/Geophysical_model72.nd,nd,UNK,,,1032.978,60.0,900.0,188.98199999999997,1032.978,60.0,1132.711,33.24400000000014,1481.777,83.11099999999988,1679.782,60.0,0.9345704433975326,0.8717362107641993,0.8926809549753104,0.06542955660246741,0.12826378923580067,1
Geophysical_model177,/home/lyara/areswave/models/Geophysical_model177.nd,nd,UNK,,,1031.636,60.0,900.0,188.04200000000003,1031.636,60.0,1130.363,32.90899999999988,1475.909,82.27300000000014,1673.71,60.0,0.8508201255541659,0.9140389302232103,0.8929659953335287,0.14917987444583408,0.08596106977678976,1
Geophysical_model82,/home/lyara/areswave/models/Geophysical_model82.nd,nd,UNK,,,1096.27,60.0,900.0,198.57399999999996,1096.27,60.0,1145.337,32.71100000000001,1488.81,65.423,1670.136,60.0,0.880510533909596,0.8992690256193516,0.8930161950494332,0.11948946609040403,0.10073097438064843,1
Geophysical_model833,/home/lyara/areswave/models/Geophysical_model833.nd,nd,UNK,,,950.007,60.0,900.0,178.79499999999996,950.007,60.0,1133.367,50.00700000000006,1483.418,66.67599999999993,1681.481,60.0,0.8823701439146908,0.8985907267713787,0.8931838658191494,0.11762985608530915,0.10140927322862127,1
Geophysical_model117,/home/lyara/areswave/models/Geophysical_model117.nd,nd,UNK,,,966.508,60.0,900.0,194.01300000000003,966.508,60.0,1116.152,16.626999999999953,1465.32,99.76199999999994,1679.958,60.0,0.9013211052919946,0.8892484903166715,0.8932726953084459,0.09867889470800542,0.11075150968332848,1
Geophysical_model458,/home/lyara/areswave/models/Geophysical_model458.nd,nd,UNK,,,1031.442,60.0,900.0,189.44299999999998,1031.442,60.0,1130.023,32.8599999999999,1491.488,82.15100000000007,1672.831,60.0,0.894688867718287,0.8935197651816965,0.8939094660272268,0.10531113228171295,0.10648023481830346,1
Geophysical_model49,/home/lyara/areswave/models/Geophysical_model49.nd,nd,UNK,,,1096.615,60.0,900.0,187.058,1096.615,60.0,1145.769,32.769000000000005,1489.845,65.53899999999999,1671.177,60.0,0.8818481791359195,0.9000882465037494,0.8940082240478061,0.11815182086408046,0.09991175349625064,1
AK_model_85,/home/lyara/areswave/models/AK_model_85.nd,nd,UNK,,,1079.656,60.0,874.091,182.72400000000005,1079.656,60.0,1285.221,22.839999999999918,1376.584,91.36200000000008,1647.618,60.0,0.8630623894288033,0.9096483953481097,0.894119726708341,0.13693761057119666,0.09035160465189027,1
Geophysical_model354,/home/lyara/areswave/models/Geophysical_model354.nd,nd,UNK,,,1063.97,60.0,900.0,189.30700000000002,1063.97,60.0,1145.955,16.396999999999935,1490.293,65.58799999999997,1671.628,60.0,0.9014513134953434,0.8904817543811822,0.8941382740859026,0.09854868650465666,0.10951824561881782,1
Geophysical_model378,/home/lyara/areswave/models/Geophysical_model378.nd,nd,UNK,,,1063.97,60.0,900.0,189.30700000000002,1063.97,60.0,1145.955,16.396999999999935,1490.293,65.58799999999997,1671.628,60.0,0.9014513134953434,0.8904817543811822,0.8941382740859026,0.09854868650465666,0.10951824561881782,1
Geophysical_model358,/home/lyara/areswave/models/Geophysical_model358.nd,nd,UNK,,,1049.881,60.0,900.0,182.43100000000004,1049.881,60.0,1133.149,33.307000000000016,1482.872,83.26800000000003,1680.916,60.0,0.8821867820307486,0.9018968326233667,0.8953268157591606,0.11781321796925137,0.09810316737663327,1
Geophysical_model866,/home/lyara/areswave/models/Geophysical_model866.nd,nd,UNK,,,950.119,60.0,900.0,181.0,950.119,60.0,1133.89,50.11999999999989,1484.726,66.82600000000002,1682.834,60.0,0.8630480907926588,0.9117184632154328,0.8954950057411747,0.1369519092073413,0.08828153678456714,1
Geophysical_model475,/home/lyara/areswave/models/Geophysical_model475.nd,nd,UNK,,,1048.112,60.0,900.0,188.29700000000003,1048.112,60.0,1130.397,32.91399999999999,1492.449,82.28500000000008,1673.797,60.0,0.8946549147775013,0.8959158152463718,0.8954955150900816,0.1053450852224987,0.10408418475362818,1
Geophysical_model472,/home/lyara/areswave/models/Geophysical_model472.nd,nd,UNK,,,1048.112,60.0,900.0,188.29700000000003,1048.112,60.0,1130.397,32.91399999999999,1492.449,82.28500000000008,1673.797,60.0,0.8946549147775013,0.8959158152463718,0.8954955150900816,0.1053450852224987,0.10408418475362818,1
Geophysical_model323,/home/lyara/areswave/models/Geophysical_model323.nd,nd,UNK,,,1048.112,60.0,900.0,188.29700000000003,1048.112,60.0,1130.397,32.91399999999999,1492.449,82.28500000000008,1673.797,60.0,0.8946549147775013,0.8959158152463718,0.8954955150900816,0.1053450852224987,0.10408418475362818,1
Geophysical_model394,/home/lyara/areswave/models/Geophysical_model394.nd,nd,UNK,,,1048.112,60.0,900.0,188.29700000000003,1048.112,60.0,1130.397,32.91399999999999,1492.449,82.28500000000008,1673.797,60.0,0.8946549147775013,0.8959158152463718,0.8954955150900816,0.1053450852224987,0.10408418475362818,1
Geophysical_model462,/home/lyara/areswave/models/Geophysical_model462.nd,nd,UNK,,,1030.985,60.0,900.0,189.88199999999995,1030.985,60.0,1129.223,32.746000000000095,1489.43,81.86500000000001,1670.76,60.0,0.9159293707592011,0.8857764646357635,0.8958274333435762,0.08407062924079885,0.1142235353642365,1
Geophysical_model85,/home/lyara/areswave/models/Geophysical_model85.nd,nd,UNK,,,1031.784,60.0,900.0,187.68499999999995,1031.784,60.0,1130.622,32.94600000000014,1476.554,82.36500000000001,1674.378,60.0,0.795151388040937,0.9463346896659485,0.8959402557909447,0.20484861195906298,0.053665310334051565,1
Geophysical_model404,/home/lyara/areswave/models/Geophysical_model404.nd,nd,UNK,,,966.706,60.0,900.0,186.46400000000006,966.706,60.0,1116.796,33.353000000000065,1467.004,100.05999999999995,1681.752,60.0,0.9209528605136751,0.8836830155102386,0.8961062971780508,0.07904713948632487,0.11631698448976138,1
Geophysical_model247,/home/lyara/areswave/models/Geophysical_model247.nd,nd,UNK,,,966.552,60.0,900.0,193.11,966.552,60.0,1116.294,16.63799999999992,1465.692,99.82799999999997,1680.354,60.0,0.8908288759879236,0.8990560967925798,0.8963136898576943,0.10917112401207636,0.10094390320742025,1
Geophysical_model59,/home/lyara/areswave/models/Geophysical_model59.nd,nd,UNK,,,1063.404,60.0,900.0,196.39999999999998,1063.404,60.0,1145.107,32.68099999999981,1488.256,65.36200000000008,1669.579,60.0,0.9187072150848892,0.8851980102125804,0.8963677451700166,0.08129278491511086,0.11480198978741964,1
Geophysical_model15,/home/lyara/areswave/models/Geophysical_model15.nd,nd,UNK,,,966.855,60.0,900.0,194.18200000000002,966.855,60.0,1117.28,33.427999999999884,1484.985,100.2829999999999,1683.102,60.0,0.8724040232602048,0.9083844145051382,0.896390950756827,0.1275959767397952,0.09161558549486185,1
Geophysical_model544,/home/lyara/areswave/models/Geophysical_model544.nd,nd,UNK,,,950.085,60.0,900.0,182.62099999999998,950.085,60.0,1133.728,33.3900000000001,1484.32,66.779,1682.414,60.0,0.8697198419469379,0.9099633573993392,0.8965488522485389,0.13028015805306212,0.09003664260066077,1
Geophysical_model538,/home/lyara/areswave/models/Geophysical_model538.nd,nd,UNK,,,950.085,60.0,900.0,182.62099999999998,950.085,60.0,1133.728,33.3900000000001,1484.32,66.779,1682.414,60.0,0.8697198419469379,0.9099633573993392,0.8965488522485389,0.13028015805306212,0.09003664260066077,1
Geophysical_model468,/home/lyara/areswave/models/Geophysical_model468.nd,nd,UNK,,,966.251,60.0,900.0,185.62599999999998,966.251,60.0,1115.315,16.562999999999874,1463.132,99.37599999999998,1677.628,60.0,0.9248661955922778,0.8824874903984439,0.8966137254630552,0.07513380440772217,0.11751250960155613,1
Geophysical_model356,/home/lyara/areswave/models/Geophysical_model356.nd,nd,UNK,,,966.251,60.0,900.0,185.62599999999998,966.251,60.0,1115.315,16.562999999999874,1463.132,99.37599999999998,1677.628,60.0,0.9248661955922778,0.8824874903984439,0.8966137254630552,0.07513380440772217,0.11751250960155613,1
Geophysical_model395,/home/lyara/areswave/models/Geophysical_model395.nd,nd,UNK,,,966.251,60.0,900.0,185.62599999999998,966.251,60.0,1115.315,16.562999999999874,1463.132,99.37599999999998,1677.628,60.0,0.9248661955922778,0.8824874903984439,0.8966137254630552,0.07513380440772217,0.11751250960155613,1
Geophysical_model403,/home/lyara/areswave/models/Geophysical_model403.nd,nd,UNK,,,966.251,60.0,900.0,185.62599999999998,966.251,60.0,1115.315,16.562999999999874,1463.132,99.37599999999998,1677.628,60.0,0.9248661955922778,0.8824874903984439,0.8966137254630552,0.07513380440772217,0.11751250960155613,1
Geophysical_model107,/home/lyara/areswave/models/Geophysical_model107.nd,nd,UNK,,,983.232,60.0,900.0,182.33500000000004,983.232,60.0,1116.402,16.645999999999958,1465.975,116.52400000000011,1680.656,60.0,0.8990748700986192,0.8965635497352846,0.8974006565230628,0.10092512990138085,0.10343645026471539,1
AK_model_69,/home/lyara/areswave/models/AK_model_69.nd,nd,UNK,,,1016.862,60.0,866.402,25.076000000000022,1016.862,60.0,1167.322,125.38299999999981,1393.012,50.15300000000002,1675.331,60.0,0.8736049361414776,0.9094237509140974,0.8974841459898908,0.12639506385852242,0.09057624908590256,1
Geophysical_model159,/home/lyara/areswave/models/Geophysical_model159.nd,nd,UNK,,,1048.843,60.0,900.0,194.70399999999995,1048.843,60.0,1148.071,33.07600000000002,1495.37,66.15199999999982,1676.736,60.0,0.823780822057944,0.9343578351263979,0.8974988307702466,0.17621917794205597,0.06564216487360214,1
Geophysical_model239,/home/lyara/areswave/models/Geophysical_model239.nd,nd,UNK,,,1048.843,60.0,900.0,194.70399999999995,1048.843,60.0,1148.071,33.07600000000002,1495.37,66.15199999999982,1676.736,60.0,0.823780822057944,0.9343578351263979,0.8974988307702466,0.17621917794205597,0.06564216487360214,1
Geophysical_model433,/home/lyara/areswave/models/Geophysical_model433.nd,nd,UNK,,,1064.377,60.0,900.0,188.24,1064.377,60.0,1146.565,32.875,1491.756,65.75099999999998,1673.1,60.0,0.8684324741448961,0.9131723939885252,0.8982590873739822,0.13156752585510384,0.08682760601147478,1
Geophysical_model471,/home/lyara/areswave/models/Geophysical_model471.nd,nd,UNK,,,1064.377,60.0,900.0,188.24,1064.377,60.0,1146.565,32.875,1491.756,65.75099999999998,1673.1,60.0,0.8684324741448961,0.9131723939885252,0.8982590873739822,0.13156752585510384,0.08682760601147478,1
Geophysical_model291,/home/lyara/areswave/models/Geophysical_model291.nd,nd,UNK,,,1033.201,60.0,900.0,180.11699999999996,1033.201,60.0,1133.102,33.299999999999955,1499.404,83.25,1680.794,60.0,0.8899904410198199,0.9024621192407157,0.8983048931670838,0.11000955898018001,0.09753788075928425,1
MD_model8,/home/lyara/areswave/models/MD_model8.nd,nd,UNK,,,1001.915,60.0,793.775,10.407000000000039,1001.915,60.0,1241.276,145.6980000000001,1449.416,187.32600000000002,1592.569,60.0,0.8441240687510092,0.9258966228169916,0.8986391047949974,0.15587593124899074,0.07410337718300841,1
Geophysical_model304,/home/lyara/areswave/models/Geophysical_model304.nd,nd,UNK,,,1033.067,60.0,877.206,182.35400000000004,1033.067,60.0,1132.867,33.26700000000005,1498.801,83.16699999999992,1680.187,60.0,0.9247957662456964,0.8864584699207761,0.8992375686957496,0.07520423375430359,0.11354153007922382,1
MD_model36,/home/lyara/areswave/models/MD_model36.nd,nd,UNK,,,943.636,60.0,709.932,180.58899999999994,943.636,60.0,1272.946,63.738000000000056,1304.815,10.623000000000047,1608.508,60.0,0.914247714242231,0.8919200305979198,0.8993625918126901,0.08575228575776911,0.1080799694020802,1
Geophysical_model820,/home/lyara/areswave/models/Geophysical_model820.nd,nd,UNK,,,950.007,60.0,900.0,178.976,950.007,60.0,1133.367,33.337999999999965,1483.418,66.67599999999993,1681.481,60.0,0.8370279511978806,0.9309767669778284,0.8996604950511792,0.1629720488021193,0.06902323302217156,1
Geophysical_model837,/home/lyara/areswave/models/Geophysical_model837.nd,nd,UNK,,,916.555,60.0,877.951,198.44299999999998,916.555,60.0,1115.217,16.554999999999836,1495.986,99.33100000000013,1677.355,60.0,0.8568048159518469,0.923638308426793,0.9013604776018109,0.14319518404815307,0.07636169157320699,1
Geophysical_model524,/home/lyara/areswave/models/Geophysical_model524.nd,nd,UNK,,,916.555,60.0,877.951,198.44299999999998,916.555,60.0,1115.217,16.554999999999836,1495.986,99.33100000000013,1677.355,60.0,0.8568048159518469,0.923638308426793,0.9013604776018109,0.14319518404815307,0.07636169157320699,1
Geophysical_model487,/home/lyara/areswave/models/Geophysical_model487.nd,nd,UNK,,,1047.872,60.0,900.0,189.36,1047.872,60.0,1130.023,32.8599999999999,1491.488,82.15100000000007,1672.831,60.0,0.9275639309146902,0.8885631945784661,0.9015634400238741,0.07243606908530976,0.1114368054215339,1
Geophysical_model17,/home/lyara/areswave/models/Geophysical_model17.nd,nd,UNK,,,1016.434,60.0,877.32,181.44000000000005,1016.434,60.0,1132.867,33.26700000000005,1498.801,83.16699999999992,1680.187,60.0,0.8808971982023381,0.9125487552839242,0.9019982362567288,0.1191028017976618,0.08745124471607578,1
Geophysical_model169,/home/lyara/areswave/models/Geophysical_model169.nd,nd,UNK,,,1016.434,60.0,877.32,181.44000000000005,1016.434,60.0,1132.867,33.26700000000005,1498.801,83.16699999999992,1680.187,60.0,0.8808971982023381,0.9125487552839242,0.9019982362567288,0.1191028017976618,0.08745124471607578,1
MD_model54,/home/lyara/areswave/models/MD_model54.nd,nd,UNK,,,954.555,60.0,795.413,148.53200000000004,954.555,60.0,1294.057,60.0,1336.495,53.047000000000025,1618.333,60.0,0.8782350264132766,0.9139107022076958,0.9020188102762227,0.12176497358672345,0.0860892977923042,1
MD_model100,/home/lyara/areswave/models/MD_model100.nd,nd,UNK,,,1053.462,60.0,725.562,190.39299999999992,1053.462,60.0,1275.587,31.73199999999997,1349.629,74.04200000000014,1609.919,60.0,0.9128994568110087,0.8966012176602636,0.9020339640438454,0.08710054318899124,0.10339878233973639,1
Geophysical_model7,/home/lyara/areswave/models/Geophysical_model7.nd,nd,UNK,,,1063.404,60.0,900.0,197.09799999999996,1063.404,60.0,1145.107,32.68099999999981,1488.256,65.36200000000008,1669.579,60.0,0.8757330147667332,0.9152761749028319,0.9020951215241323,0.12426698523326685,0.0847238250971681,1
Geophysical_model383,/home/lyara/areswave/models/Geophysical_model383.nd,nd,UNK,,,1031.555,60.0,900.0,185.83299999999997,1031.555,60.0,1130.221,32.888999999999896,1475.552,82.221,1673.341,60.0,0.9125033121914602,0.8969776021536936,0.9021528388329491,0.08749668780853984,0.1030223978463064,1
Geophysical_model319,/home/lyara/areswave/models/Geophysical_model319.nd,nd,UNK,,,1063.521,60.0,900.0,197.86199999999997,1063.521,60.0,1145.281,32.70399999999995,1488.674,65.4079999999999,1669.999,60.0,0.8513534759391868,0.928522892929425,0.9027997539326789,0.1486465240608133,0.07147710707057502,1
Geophysical_model19,/home/lyara/areswave/models/Geophysical_model19.nd,nd,UNK,,,1033.261,60.0,900.0,182.78700000000003,1033.261,60.0,1133.207,33.315000000000055,1499.676,83.28800000000001,1681.067,60.0,0.8803139988586483,0.9145267713053296,0.9031225138231025,0.11968600114135171,0.0854732286946705,1
Geophysical_model149,/home/lyara/areswave/models/Geophysical_model149.nd,nd,UNK,,,1033.261,60.0,900.0,182.78700000000003,1033.261,60.0,1133.207,33.315000000000055,1499.676,83.28800000000001,1681.067,60.0,0.8803139988586483,0.9145267713053296,0.9031225138231025,0.11968600114135171,0.0854732286946705,1
Geophysical_model265,/home/lyara/areswave/models/Geophysical_model265.nd,nd,UNK,,,983.111,60.0,878.726,191.46400000000006,983.111,60.0,1116.088,16.62200000000007,1465.153,99.73299999999995,1679.781,60.0,0.8468833716475378,0.9313258895177958,0.9031783835610431,0.1531166283524622,0.0686741104822042,1
Geophysical_model139,/home/lyara/areswave/models/Geophysical_model139.nd,nd,UNK,,,1033.067,60.0,900.0,182.58299999999997,1033.067,60.0,1132.867,33.26700000000005,1498.801,83.16699999999992,1680.187,60.0,0.8803006454391953,0.9150826642443998,0.9034886579759983,0.11969935456080474,0.08491733575560025,1
Geophysical_model289,/home/lyara/areswave/models/Geophysical_model289.nd,nd,UNK,,,966.724,60.0,900.0,180.02700000000004,966.724,60.0,1116.853,33.36200000000008,1467.154,100.08600000000001,1681.912,60.0,0.9203868653387485,0.8959386055658647,0.9040880254901592,0.07961313466125156,0.10406139443413528,1
Geophysical_model83,/home/lyara/areswave/models/Geophysical_model83.nd,nd,UNK,,,1049.531,60.0,900.0,179.55899999999997,1049.531,60.0,1132.603,33.22900000000004,1498.123,83.07300000000009,1679.504,60.0,0.9070838762187072,0.9026997151807894,0.9041611021934287,0.09291612378129283,0.09730028481921064,1
Geophysical_model325,/home/lyara/areswave/models/Geophysical_model325.nd,nd,UNK,,,1064.355,60.0,900.0,188.668,1064.355,60.0,1146.533,32.87099999999987,1491.679,65.74200000000019,1673.022,60.0,0.8979435646766002,0.9084257813050374,0.9049317090955583,0.10205643532339982,0.09157421869496267,1
Geophysical_model473,/home/lyara/areswave/models/Geophysical_model473.nd,nd,UNK,,,1064.355,60.0,900.0,188.668,1064.355,60.0,1146.533,32.87099999999987,1491.679,65.74200000000019,1673.022,60.0,0.8979435646766002,0.9084257813050374,0.9049317090955583,0.10205643532339982,0.09157421869496267,1
Geophysical_model99,/home/lyara/areswave/models/Geophysical_model99.nd,nd,UNK,,,1032.538,60.0,900.0,187.97199999999998,1032.538,60.0,1131.941,33.13499999999999,1496.421,82.83600000000001,1677.792,60.0,0.885070455238262,0.9156042493937558,0.9054263180085913,0.11492954476173806,0.08439575060624413,1
Geophysical_model14,/home/lyara/areswave/models/Geophysical_model14.nd,nd,UNK,,,1032.538,60.0,900.0,187.97199999999998,1032.538,60.0,1131.941,33.13499999999999,1496.421,82.83600000000001,1677.792,60.0,0.885070455238262,0.9156042493937558,0.9054263180085913,0.11492954476173806,0.08439575060624413,1
Geophysical_model161,/home/lyara/areswave/models/Geophysical_model161.nd,nd,UNK,,,1032.538,60.0,900.0,187.97199999999998,1032.538,60.0,1131.941,33.13499999999999,1496.421,82.83600000000001,1677.792,60.0,0.885070455238262,0.9156042493937558,0.9054263180085913,0.11492954476173806,0.08439575060624413,1
Geophysical_model409,/home/lyara/areswave/models/Geophysical_model409.nd,nd,UNK,,,1047.741,60.0,900.0,190.02200000000005,1047.741,60.0,1146.235,32.830999999999904,1490.965,82.07799999999997,1672.304,60.0,0.8982765423920884,0.9091282923092274,0.9055110423368479,0.10172345760791161,0.09087170769077253,1
Geophysical_model330,/home/lyara/areswave/models/Geophysical_model330.nd,nd,UNK,,,1047.741,60.0,900.0,190.02200000000005,1047.741,60.0,1146.235,32.830999999999904,1490.965,82.07799999999997,1672.304,60.0,0.8982765423920884,0.9091282923092274,0.9055110423368479,0.10172345760791161,0.09087170769077253,1
Geophysical_model173,/home/lyara/areswave/models/Geophysical_model173.nd,nd,UNK,,,1063.521,60.0,900.0,197.91200000000003,1063.521,60.0,1145.281,32.70399999999995,1488.674,65.4079999999999,1669.999,60.0,0.9071893680220844,0.904991936049478,0.90572441337368,0.09281063197791557,0.095008063950522,1
Geophysical_model33,/home/lyara/areswave/models/Geophysical_model33.nd,nd,UNK,,,1031.756,60.0,900.0,188.22799999999995,1031.756,60.0,1130.574,32.93899999999985,1476.434,82.34799999999996,1674.255,60.0,0.882986432902834,0.9173826106612388,0.9059172180751038,0.11701356709716607,0.0826173893387612,1
Geophysical_model947,/home/lyara/areswave/models/Geophysical_model947.nd,nd,UNK,,,966.806,60.0,900.0,177.404,966.806,60.0,1133.823,33.40299999999979,1484.557,66.80700000000002,1682.659,60.0,0.9004653324920469,0.9100867547210083,0.9068796139780212,0.0995346675079531,0.08991324527899168,1
Geophysical_model2,/home/lyara/areswave/models/Geophysical_model2.nd,nd,UNK,,,1033.278,60.0,900.0,182.55399999999997,1033.278,60.0,1133.237,33.319999999999936,1483.093,83.29899999999998,1681.144,60.0,0.9271262144334675,0.8979842520096626,0.9076982394842643,0.0728737855665325,0.10201574799033744,1
Geophysical_model1,/home/lyara/areswave/models/Geophysical_model1.nd,nd,UNK,,,1033.278,60.0,900.0,182.55399999999997,1033.278,60.0,1133.237,33.319999999999936,1483.093,83.29899999999998,1681.144,60.0,0.9271262144334675,0.8979842520096626,0.9076982394842643,0.0728737855665325,0.10201574799033744,1
Geophysical_model616,/home/lyara/areswave/models/Geophysical_model616.nd,nd,UNK,,,933.693,60.0,900.0,180.94000000000005,933.693,60.0,1119.005,33.69300000000021,1489.628,84.23299999999995,1687.906,60.0,0.9138674925707352,0.9051916742816987,0.9080836137113776,0.0861325074292648,0.09480832571830135,1
Geophysical_model696,/home/lyara/areswave/models/Geophysical_model696.nd,nd,UNK,,,933.693,60.0,900.0,180.94000000000005,933.693,60.0,1119.005,33.69300000000021,1489.628,84.23299999999995,1687.906,60.0,0.9138674925707352,0.9051916742816987,0.9080836137113776,0.0861325074292648,0.09480832571830135,1
Geophysical_model765,/home/lyara/areswave/models/Geophysical_model765.nd,nd,UNK,,,933.693,60.0,900.0,180.94000000000005,933.693,60.0,1119.005,33.69300000000021,1489.628,84.23299999999995,1687.906,60.0,0.9138674925707352,0.9051916742816987,0.9080836137113776,0.0861325074292648,0.09480832571830135,1
Geophysical_model975,/home/lyara/areswave/models/Geophysical_model975.nd,nd,UNK,,,933.693,60.0,900.0,180.94000000000005,933.693,60.0,1119.005,33.69300000000021,1489.628,84.23299999999995,1687.906,60.0,0.9138674925707352,0.9051916742816987,0.9080836137113776,0.0861325074292648,0.09480832571830135,1
Geophysical_model767,/home/lyara/areswave/models/Geophysical_model767.nd,nd,UNK,,,933.693,60.0,900.0,180.94000000000005,933.693,60.0,1119.005,33.69300000000021,1489.628,84.23299999999995,1687.906,60.0,0.9138674925707352,0.9051916742816987,0.9080836137113776,0.0861325074292648,0.09480832571830135,1
Geophysical_model66,/home/lyara/areswave/models/Geophysical_model66.nd,nd,UNK,,,983.237,60.0,879.302,186.28300000000002,983.237,60.0,1116.417,16.64800000000014,1466.015,99.88400000000001,1680.698,60.0,0.8626962805358559,0.9318895664664602,0.9088251378229254,0.13730371946414413,0.06811043353353984,1
Geophysical_model343,/home/lyara/areswave/models/Geophysical_model343.nd,nd,UNK,,,1033.278,60.0,900.0,182.29700000000003,1033.278,60.0,1133.237,33.319999999999936,1499.753,83.29899999999998,1681.144,60.0,0.9260086867595838,0.901042397560551,0.9093644939602287,0.07399131324041615,0.0989576024394489,1
Geophysical_model446,/home/lyara/areswave/models/Geophysical_model446.nd,nd,UNK,,,1031.442,60.0,900.0,188.76700000000005,1031.442,60.0,1130.023,32.8599999999999,1491.488,82.15100000000007,1672.831,60.0,0.876511364326251,0.9259007407945739,0.909437615305133,0.12348863567374906,0.0740992592054261,1
Geophysical_model135,/home/lyara/areswave/models/Geophysical_model135.nd,nd,UNK,,,1048.611,60.0,900.0,193.514,1048.611,60.0,1147.685,33.02399999999989,1494.444,66.04899999999998,1675.804,60.0,0.9218744653030039,0.9039667129340654,0.9099359637237115,0.07812553469699614,0.09603328706593456,1
Geophysical_model327,/home/lyara/areswave/models/Geophysical_model327.nd,nd,UNK,,,1031.687,60.0,900.0,185.683,1031.687,60.0,1130.452,32.922000000000025,1492.591,82.30399999999986,1673.94,60.0,0.8978106709473976,0.9163834528728169,0.9101925255643438,0.10218932905260233,0.08361654712718315,1
Geophysical_model496,/home/lyara/areswave/models/Geophysical_model496.nd,nd,UNK,,,1064.195,60.0,900.0,188.313,1064.195,60.0,1146.293,32.83899999999994,1474.684,65.67800000000011,1672.443,60.0,0.9076048625262807,0.9119131925346352,0.9104770825318503,0.09239513747371933,0.08808680746536475,1
Geophysical_model449,/home/lyara/areswave/models/Geophysical_model449.nd,nd,UNK,,,1031.442,60.0,900.0,189.75400000000002,1031.442,60.0,1130.023,32.8599999999999,1491.488,82.15100000000007,1672.831,60.0,0.9075144240310283,0.9140631729329268,0.911880256632294,0.0924855759689717,0.08593682706707317,1
Geophysical_model417,/home/lyara/areswave/models/Geophysical_model417.nd,nd,UNK,,,1047.872,60.0,900.0,189.23900000000003,1047.872,60.0,1130.023,32.8599999999999,1491.488,82.15100000000007,1672.831,60.0,0.9316281247474878,0.9034820738862547,0.9128640908399991,0.06837187525251218,0.09651792611374536,1
Geophysical_model76,/home/lyara/areswave/models/Geophysical_model76.nd,nd,UNK,,,1063.404,60.0,900.0,196.75800000000004,1063.404,60.0,1145.107,32.68099999999981,1488.256,65.36200000000008,1669.579,60.0,0.8754193157591841,0.9342817346536321,0.9146609283554827,0.1245806842408159,0.06571826534636789,1
Geophysical_model63,/home/lyara/areswave/models/Geophysical_model63.nd,nd,UNK,,,1048.554,60.0,900.0,194.99300000000005,1048.554,60.0,1147.591,33.011999999999944,1494.218,49.51800000000003,1675.576,60.0,0.8950943968228366,0.9246280122435693,0.9147834737699917,0.1049056031771634,0.07537198775643067,1
Geophysical_model267,/home/lyara/areswave/models/Geophysical_model267.nd,nd,UNK,,,1048.554,60.0,900.0,194.99300000000005,1048.554,60.0,1147.591,33.011999999999944,1494.218,49.51800000000003,1675.576,60.0,0.8950943968228366,0.9246280122435693,0.9147834737699917,0.1049056031771634,0.07537198775643067,1
Geophysical_model224,/home/lyara/areswave/models/Geophysical_model224.nd,nd,UNK,,,1048.554,60.0,900.0,194.99300000000005,1048.554,60.0,1147.591,33.011999999999944,1494.218,49.51800000000003,1675.576,60.0,0.8950943968228366,0.9246280122435693,0.9147834737699917,0.1049056031771634,0.07537198775643067,1
Geophysical_model342,/home/lyara/areswave/models/Geophysical_model342.nd,nd,UNK,,,1031.762,60.0,900.0,188.29999999999995,1031.762,60.0,1130.583,32.94100000000003,1492.929,82.35100000000011,1674.28,60.0,0.9010347007374506,0.922122069635756,0.9150929466696542,0.09896529926254943,0.07787793036424394,1
AK_model_68,/home/lyara/areswave/models/AK_model_68.nd,nd,UNK,,,1018.739,60.0,892.89,25.16999999999996,1018.739,60.0,1220.098,125.85000000000014,1396.287,50.33899999999994,1678.891,60.0,0.9166216843298465,0.9148374664892389,0.9154322057694415,0.08337831567015352,0.08516253351076106,1
Geophysical_model848,/home/lyara/areswave/models/Geophysical_model848.nd,nd,UNK,,,950.021,60.0,900.0,180.06399999999996,950.021,60.0,1133.429,33.34699999999998,1483.573,66.69400000000019,1681.641,60.0,0.9012369559159472,0.9233078583201417,0.9159508908520769,0.09876304408405281,0.07669214167985822,1
Geophysical_model94,/home/lyara/areswave/models/Geophysical_model94.nd,nd,UNK,,,983.071,60.0,878.665,192.014,983.071,60.0,1115.985,16.614000000000033,1464.884,99.68600000000015,1679.494,60.0,0.9260596402187372,0.9136632303340947,0.9177953669623089,0.07394035978126282,0.08633676966590531,1
Geophysical_model221,/home/lyara/areswave/models/Geophysical_model221.nd,nd,UNK,,,1063.523,60.0,900.0,189.414,1063.523,60.0,1145.284,16.35200000000009,1488.683,65.4090000000001,1670.008,60.0,0.9141411807257881,0.9197477777959784,0.9178789121059149,0.08585881927421189,0.08025222220402159,1
Geophysical_model372,/home/lyara/areswave/models/Geophysical_model372.nd,nd,UNK,,,966.596,60.0,900.0,180.875,966.596,60.0,1116.437,16.649000000000115,1466.066,99.894,1680.753,60.0,0.8946055163522202,0.9303060334478409,0.918405861082634,0.10539448364777987,0.06969396655215908,1
Geophysical_model470,/home/lyara/areswave/models/Geophysical_model470.nd,nd,UNK,,,1063.97,60.0,900.0,188.42200000000003,1063.97,60.0,1145.955,32.79399999999987,1490.293,65.58799999999997,1671.628,60.0,0.901066604551476,0.9273379851734516,0.9185808582994598,0.09893339544852395,0.07266201482654842,1
Geophysical_model154,/home/lyara/areswave/models/Geophysical_model154.nd,nd,UNK,,,1096.756,60.0,900.0,198.57399999999996,1096.756,60.0,1145.945,32.79299999999989,1490.267,65.58500000000004,1671.602,60.0,0.9368186714398571,0.9121590278328982,0.9203789090352178,0.06318132856014291,0.08784097216710185,1
Geophysical_model493,/home/lyara/areswave/models/Geophysical_model493.nd,nd,UNK,,,1031.687,60.0,900.0,185.83000000000004,1031.687,60.0,1130.452,32.922000000000025,1476.13,82.30399999999986,1673.94,60.0,0.9152026222103243,0.9241883195276355,0.9211930870885318,0.08479737778967562,0.07581168047236453,1
Geophysical_model411,/home/lyara/areswave/models/Geophysical_model411.nd,nd,UNK,,,1047.083,60.0,900.0,187.13800000000003,1047.083,60.0,1145.138,32.684999999999945,1488.33,65.36999999999989,1669.654,60.0,0.9024270981350905,0.9310461003422892,0.9215064329398897,0.09757290186490952,0.06895389965771076,1
Geophysical_model420,/home/lyara/areswave/models/Geophysical_model420.nd,nd,UNK,,,1047.083,60.0,900.0,187.13800000000003,1047.083,60.0,1145.138,32.684999999999945,1488.33,65.36999999999989,1669.654,60.0,0.9024270981350905,0.9310461003422892,0.9215064329398897,0.09757290186490952,0.06895389965771076,1
Geophysical_model441,/home/lyara/areswave/models/Geophysical_model441.nd,nd,UNK,,,1047.083,60.0,900.0,187.13800000000003,1047.083,60.0,1145.138,32.684999999999945,1488.33,65.36999999999989,1669.654,60.0,0.9024270981350905,0.9310461003422892,0.9215064329398897,0.09757290186490952,0.06895389965771076,1
Geophysical_model189,/home/lyara/areswave/models/Geophysical_model189.nd,nd,UNK,,,1047.171,60.0,900.0,194.52300000000002,1047.171,60.0,1145.284,32.70400000000018,1488.683,65.4090000000001,1670.008,60.0,0.930056469887697,0.9223722448176018,0.9249336531743002,0.06994353011230307,0.07762775518239819,1
Geophysical_model203,/home/lyara/areswave/models/Geophysical_model203.nd,nd,UNK,,,1047.171,60.0,900.0,194.52300000000002,1047.171,60.0,1145.284,32.70400000000018,1488.683,65.4090000000001,1670.008,60.0,0.930056469887697,0.9223722448176018,0.9249336531743002,0.06994353011230307,0.07762775518239819,1
Geophysical_model196,/home/lyara/areswave/models/Geophysical_model196.nd,nd,UNK,,,1047.171,60.0,900.0,194.52300000000002,1047.171,60.0,1145.284,32.70400000000018,1488.683,65.4090000000001,1670.008,60.0,0.930056469887697,0.9223722448176018,0.9249336531743002,0.06994353011230307,0.07762775518239819,1
AK_model_13,/home/lyara/areswave/models/AK_model_13.nd,nd,UNK,,,1077.549,60.0,882.305,24.404999999999973,1077.549,60.0,1297.199,73.2170000000001,1321.604,24.40599999999995,1673.271,60.0,0.9266929192496289,0.9243624200073692,0.9251392530881225,0.07330708075037101,0.0756375799926308,1
Geophysical_model128,/home/lyara/areswave/models/Geophysical_model128.nd,nd,UNK,,,998.736,60.0,900.0,188.68399999999997,998.736,60.0,1130.385,32.91199999999981,1475.961,98.73699999999985,1673.765,60.0,0.9087813118575034,0.9369178705807435,0.9275390176729967,0.09121868814249658,0.06308212941925652,1
Geophysical_model490,/home/lyara/areswave/models/Geophysical_model490.nd,nd,UNK,,,1096.615,60.0,900.0,187.39999999999998,1096.615,60.0,1145.769,32.769000000000005,1489.845,65.53899999999999,1671.177,60.0,0.8913566540474949,0.9479471564650609,0.9290836556592055,0.10864334595250509,0.05205284353493907,1
Geophysical_model308,/home/lyara/areswave/models/Geophysical_model308.nd,nd,UNK,,,1016.273,60.0,878.266,195.60199999999998,1016.273,60.0,1132.546,33.221000000000004,1497.976,99.66300000000001,1679.357,60.0,0.9257538074976936,0.9463246477232906,0.939467700981425,0.07424619250230638,0.05367535227670942,1
Geophysical_model274,/home/lyara/areswave/models/Geophysical_model274.nd,nd,UNK,,,1032.808,60.0,900.0,180.65800000000002,1032.808,60.0,1132.413,33.200999999999794,1481.034,83.00499999999988,1679.013,60.0,0.9333842907338918,0.9430997705883399,0.9398612773035239,0.06661570926610812,0.056900229411660036,1
Geophysical_model297,/home/lyara/areswave/models/Geophysical_model297.nd,nd,UNK,,,1049.919,60.0,900.0,181.611,1049.919,60.0,1133.207,33.315000000000055,1483.019,83.28800000000001,1681.067,60.0,0.9599988103061677,0.9323629572560038,0.9415749082727252,0.04000118969383227,0.06763704274399622,1
Geophysical_model26,/home/lyara/areswave/models/Geophysical_model26.nd,nd,UNK,,,1049.919,60.0,900.0,181.611,1049.919,60.0,1133.207,33.315000000000055,1483.019,83.28800000000001,1681.067,60.0,0.9599988103061677,0.9323629572560038,0.9415749082727252,0.04000118969383227,0.06763704274399622,1
