model_id,source_path,source_format,composition,tpot_K,adiabat_K_km,d_main_km,w_main_km,d_800_km,w_800_km,d_1000_km,w_1000_km,d_1200_km,w_1200_km,d_1400_km,w_1400_km,d_1600_km,w_1600_km,mean_p_misfit,mean_s_misfit,total_misfit,mean_p_cc,mean_s_cc,used_events
CD_model68,/home/lyara/areswave/models/CD_model68.nd,nd,UNK,,,,60,,60,,60,,60,,60,,60,0.144477215,0.304096899,0.250890338,0.855522785,0.695903101,1
AK_model_95,/home/lyara/areswave/models/AK_model_95.nd,nd,UNK,,,1073.564,60,774.981,27.144,1073.564,60,1190.715,27.144,1345.002,54.288,1717.883,60,0.301898133,0.258903774,0.273235227,0.698101867,0.741096226,1
CD_model23,/home/lyara/areswave/models/CD_model23.nd,nd,UNK,,,,60,,60,,60,,60,,60,,60,0.170488714,0.332240648,0.278323336,0.829511286,0.667759352,1
Geophysical_model50,/home/lyara/areswave/models/Geophysical_model50.nd,nd,UNK,,,982.805,60,860.982,195.088,982.805,60,1115.292,16.561,1463.072,99.365,1677.564,60,0.448277738,0.204521183,0.285773368,0.551722262,0.795478817,1
MD_model16,/home/lyara/areswave/models/MD_model16.nd,nd,UNK,,,999.038,60,820.271,10.516,999.038,60,1146.258,94.641,1346.056,189.283,1605.327,60,0.296603485,0.289857246,0.292105992,0.703396515,0.710142754,1
CD_model1,/home/lyara/areswave/models/CD_model1.nd,nd,UNK,,,,60,,60,,60,,60,,60,,60,0.170635155,0.381239601,0.311038119,0.829364845,0.618760399,1
CD_model64,/home/lyara/areswave/models/CD_model64.nd,nd,UNK,,,,60,,60,,60,,60,,60,,60,0.170635155,0.381239601,0.311038119,0.829364845,0.618760399,1
Geophysical_model385,/home/lyara/areswave/models/Geophysical_model385.nd,nd,UNK,,,999.801,60,900,191.803,999.801,60,1116.236,16.633,1498.807,99.801,1680.192,60,0.302609806,0.315405578,0.31114032,0.697390194,0.684594422,1
AK_model_97,/home/lyara/areswave/models/AK_model_97.nd,nd,UNK,,,1076.276,60,775.803,27.315,1076.276,60,1294.802,54.632,1322.117,27.316,1723.434,60,0.280117858,0.335902875,0.317307869,0.719882142,0.664097125,1
Geophysical_model521,/home/lyara/areswave/models/Geophysical_model521.nd,nd,UNK,,,966.806,60,900,176.748,966.806,60,1133.823,33.403,1484.557,66.807,1682.659,60,0.260377777,0.346982357,0.318114164,0.739622223,0.653017643,1
Geophysical_model717,/home/lyara/areswave/models/Geophysical_model717.nd,nd,UNK,,,916.648,60,877.434,180.527,916.648,60,1116.419,16.648,1499.315,99.885,1680.704,60,0.349976107,0.305366304,0.320236238,0.650023893,0.694633696,1
Geophysical_model388,/home/lyara/areswave/models/Geophysical_model388.nd,nd,UNK,,,950.857,60,900,180.539,950.857,60,1120.38,33.904,1459.426,101.713,1691.737,60,0.213903164,0.378604008,0.323703726,0.786096836,0.621395992,1
Geophysical_model135,/home/lyara/areswave/models/Geophysical_model135.nd,nd,UNK,,,1048.611,60,900,193.514,1048.611,60,1147.685,33.024,1494.444,66.049,1675.804,60,0.45652272,0.269789045,0.332033604,0.54347728,0.730210955,1
Geophysical_model595,/home/lyara/areswave/models/Geophysical_model595.nd,nd,UNK,,,933.533,60,900,190.855,933.533,60,1117.965,33.533,1486.828,83.833,1685.009,60,0.365401908,0.318350111,0.334034043,0.634598092,0.681649889,1
Geophysical_model714,/home/lyara/areswave/models/Geophysical_model714.nd,nd,UNK,,,900,60,900,21.451,900,60,1116.78,33.351,1483.638,100.052,1681.708,60,0.326632049,0.340149698,0.335643815,0.673367951,0.659850302,1
Geophysical_model702,/home/lyara/areswave/models/Geophysical_model702.nd,nd,UNK,,,916.728,60,900,193.447,916.728,60,1117.459,33.456,1485.467,83.638,1683.6,60,0.462791292,0.2781259,0.33968103,0.537208708,0.7218741,1
Geophysical_model118,/home/lyara/areswave/models/Geophysical_model118.nd,nd,UNK,,,965.822,60,859.686,181.412,965.822,60,1113.92,16.456,1459.484,115.187,1673.742,60,0.326575081,0.348220757,0.341005532,0.673424919,0.651779243,1
Geophysical_model503,/home/lyara/areswave/models/Geophysical_model503.nd,nd,UNK,,,950.526,60,900,173.241,950.526,60,1135.789,33.684,1489.473,67.369,1687.745,60,0.29206492,0.366077808,0.341406845,0.70793508,0.633922192,1
Geophysical_model886,/home/lyara/areswave/models/Geophysical_model886.nd,nd,UNK,,,950.526,60,900,173.241,950.526,60,1135.789,33.684,1489.473,67.369,1687.745,60,0.29206492,0.366077808,0.341406845,0.70793508,0.633922192,1
Geophysical_model758,/home/lyara/areswave/models/Geophysical_model758.nd,nd,UNK,,,950.526,60,900,173.241,950.526,60,1135.789,33.684,1489.473,67.369,1687.745,60,0.29206492,0.366077808,0.341406845,0.70793508,0.633922192,1
Geophysical_model911,/home/lyara/areswave/models/Geophysical_model911.nd,nd,UNK,,,933.365,60,900,186.46,933.365,60,1116.871,33.365,1483.885,83.412,1681.963,60,0.383255965,0.323120619,0.343165734,0.616744035,0.676879381,1
Geophysical_model527,/home/lyara/areswave/models/Geophysical_model527.nd,nd,UNK,,,966.867,60,900,178.185,966.867,60,1134.035,33.434,1485.088,66.867,1683.208,60,0.311594602,0.359963572,0.343840582,0.688405398,0.640036428,1
Geophysical_model252,/home/lyara/areswave/models/Geophysical_model252.nd,nd,UNK,,,950.33,60,900,194.291,950.33,60,1118.099,33.553,1453.635,117.438,1685.382,60,0.286650978,0.378134819,0.347640205,0.713349022,0.621865181,1
Geophysical_model958,/home/lyara/areswave/models/Geophysical_model958.nd,nd,UNK,,,900,60,900,188.84,900,60,1116,16.615,1498.154,99.692,1679.536,60,0.388527722,0.329351924,0.34907719,0.611472278,0.670648076,1
Geophysical_model851,/home/lyara/areswave/models/Geophysical_model851.nd,nd,UNK,,,916.576,60,877.831,199.521,916.576,60,1115.491,16.576,1496.743,99.457,1678.117,60,0.455543039,0.297267477,0.350025998,0.544456961,0.702732523,1
Geophysical_model553,/home/lyara/areswave/models/Geophysical_model553.nd,nd,UNK,,,900,60,900,178.562,900,60,1118.724,33.65,1472.049,100.949,1687.125,60,0.30787659,0.372392178,0.350886982,0.69212341,0.627607822,1
Geophysical_model924,/home/lyara/areswave/models/Geophysical_model924.nd,nd,UNK,,,966.648,60,900,192.323,966.648,60,1133.268,33.324,1483.17,83.31,1681.223,60,0.300373607,0.379172305,0.352906073,0.699626393,0.620827695,1
Geophysical_model818,/home/lyara/areswave/models/Geophysical_model818.nd,nd,UNK,,,966.709,60,900,193.666,966.709,60,1133.481,33.355,1483.703,66.709,1681.776,60,0.307491024,0.375962137,0.353138432,0.692508976,0.624037863,1
Geophysical_model167,/home/lyara/areswave/models/Geophysical_model167.nd,nd,UNK,,,984.407,60,861.42,192.901,984.407,60,1119.457,33.763,1490.847,101.288,1689.167,60,0.478056173,0.29093923,0.353311544,0.521943827,0.70906077,1
AK_model_94,/home/lyara/areswave/models/AK_model_94.nd,nd,UNK,,,1080.51,60,778.064,27.495,1080.51,60,1272.975,27.495,1327.965,54.99,1730.529,60,0.223127669,0.420689465,0.354835533,0.776872331,0.579310535,1
MD_model76,/home/lyara/areswave/models/MD_model76.nd,nd,UNK,,,989.415,60,740.538,10.37,989.415,60,1124.223,176.288,1310.88,114.069,1578.639,60,0.265055804,0.400350959,0.355252574,0.734944196,0.599649041,1
Geophysical_model134,/home/lyara/areswave/models/Geophysical_model134.nd,nd,UNK,,,982.649,60,876.764,185.889,982.649,60,1114.887,16.53,1462.012,115.708,1676.435,60,0.529170897,0.268388514,0.355315975,0.470829103,0.731611486,1
Geophysical_model920,/home/lyara/areswave/models/Geophysical_model920.nd,nd,UNK,,,949.962,60,900,178.868,949.962,60,1133.157,33.308,1499.547,83.27,1680.937,60,0.38995267,0.339645633,0.356414645,0.61004733,0.660354367,1
Geophysical_model652,/home/lyara/areswave/models/Geophysical_model652.nd,nd,UNK,,,900,60,900,180.042,900,60,1101.507,33.585,1470.937,100.753,1685.941,60,0.31814323,0.375755078,0.356551129,0.68185677,0.624244922,1
MD_model86,/home/lyara/areswave/models/MD_model86.nd,nd,UNK,,,1096.037,60,822.973,196.606,1096.037,60,1128.805,10.923,1358.179,98.303,1635.11,60,0.512663626,0.279175347,0.357004773,0.487336374,0.720824653,1
CD_model65,/home/lyara/areswave/models/CD_model65.nd,nd,UNK,,,,60,,60,,60,,60,,60,,60,0.286845451,0.394183438,0.358404109,0.713154549,0.605816562,1
CD_model40,/home/lyara/areswave/models/CD_model40.nd,nd,UNK,,,,60,,60,,60,,60,,60,,60,0.153896045,0.461254311,0.358801556,0.846103955,0.538745689,1
AK_model_51,/home/lyara/areswave/models/AK_model_51.nd,nd,UNK,,,1018.843,60,822.06,24.597,1018.843,60,1289.418,122.989,1486.2,172.184,1667.832,60,0.252562948,0.41415577,0.360291496,0.747437052,0.58584423,1
Geophysical_model238,/home/lyara/areswave/models/Geophysical_model238.nd,nd,UNK,,,983.209,60,877.982,198.163,983.209,60,1116.342,16.642,1465.818,116.492,1680.489,60,0.410855457,0.335729783,0.360771674,0.589144543,0.664270217,1
CD_model55,/home/lyara/areswave/models/CD_model55.nd,nd,UNK,,,,60,,60,,60,,60,,60,,60,0.266842131,0.407793451,0.360809678,0.733157869,0.592206549,1
Geophysical_model988,/home/lyara/areswave/models/Geophysical_model988.nd,nd,UNK,,,950.085,60,900,182.547,950.085,60,1133.728,33.39,1484.32,66.779,1682.414,60,0.397571612,0.34490994,0.362463831,0.602428388,0.65509006,1
Geophysical_model533,/home/lyara/areswave/models/Geophysical_model533.nd,nd,UNK,,,900,60,877.931,198.623,900,60,1104.357,34.059,1496.041,102.179,1694.541,60,0.39954159,0.344929014,0.363133206,0.60045841,0.655070986,1
Geophysical_model917,/home/lyara/areswave/models/Geophysical_model917.nd,nd,UNK,,,900,60,877.931,198.623,900,60,1104.357,34.059,1496.041,102.179,1694.541,60,0.39954159,0.344929014,0.363133206,0.60045841,0.655070986,1
Geophysical_model200,/home/lyara/areswave/models/Geophysical_model200.nd,nd,UNK,,,933.606,60,900,183.887,933.606,60,1101.635,16.803,1437.694,117.621,1686.328,60,0.451328522,0.320065289,0.3638197,0.548671478,0.679934711,1
CD_model78,/home/lyara/areswave/models/CD_model78.nd,nd,UNK,,,,60,,60,,60,,60,,60,,60,0.205683033,0.443327408,0.364112616,0.794316967,0.556672592,1
Geophysical_model299,/home/lyara/areswave/models/Geophysical_model299.nd,nd,UNK,,,1098.572,60,900,179.417,1098.572,60,1115.12,16.548,1446.074,99.286,1677.084,60,0.508713489,0.293449829,0.365204382,0.491286511,0.706550171,1
MD_model62,/home/lyara/areswave/models/MD_model62.nd,nd,UNK,,,1060.259,60,730.357,182.015,1060.259,60,1276.401,193.391,1356.032,45.504,1696.852,60,0.438114086,0.335133914,0.369460638,0.561885914,0.664866086,1
Geophysical_model954,/home/lyara/areswave/models/Geophysical_model954.nd,nd,UNK,,,900,60,900,187.087,900,60,1116.17,16.628,1448.739,116.4,1680.009,60,0.340346418,0.384739654,0.369941909,0.659653582,0.615260346,1
Geophysical_model160,/home/lyara/areswave/models/Geophysical_model160.nd,nd,UNK,,,1001.362,60,862.062,189.689,1001.362,60,1119.617,33.788,1491.277,101.362,1689.612,60,0.587838107,0.265167781,0.372724556,0.412161893,0.734832219,1
Geophysical_model469,/home/lyara/areswave/models/Geophysical_model469.nd,nd,UNK,,,966.552,60,900,195.293,966.552,60,1116.294,16.638,1465.692,99.828,1680.354,60,0.376065966,0.371382208,0.372943461,0.623934034,0.628617792,1
Geophysical_model115,/home/lyara/areswave/models/Geophysical_model115.nd,nd,UNK,,,966.552,60,900,195.293,966.552,60,1116.294,16.638,1465.692,99.828,1680.354,60,0.376065966,0.371382208,0.372943461,0.623934034,0.628617792,1
Geophysical_model243,/home/lyara/areswave/models/Geophysical_model243.nd,nd,UNK,,,982.905,60,900,182.575,982.905,60,1115.552,16.581,1463.752,116.067,1678.288,60,0.498379015,0.310299157,0.372992443,0.501620985,0.689700843,1
Geophysical_model667,/home/lyara/areswave/models/Geophysical_model667.nd,nd,UNK,,,900,60,900,21.342,900,60,1100.223,33.371,1483.984,100.111,1682.066,60,0.529262581,0.294888943,0.373013489,0.470737419,0.705111057,1
Geophysical_model588,/home/lyara/areswave/models/Geophysical_model588.nd,nd,UNK,,,916.714,60,900,191.837,916.714,60,1117.284,33.428,1468.281,83.571,1683.113,60,0.261098075,0.429026228,0.373050177,0.738901925,0.570973772,1
Geophysical_model446,/home/lyara/areswave/models/Geophysical_model446.nd,nd,UNK,,,1031.442,60,900,188.767,1031.442,60,1130.023,32.86,1491.488,82.151,1672.831,60,0.311843273,0.406264546,0.374790788,0.688156727,0.593735454,1
CD_model93,/home/lyara/areswave/models/CD_model93.nd,nd,UNK,,,,60,,60,,60,,60,,60,,60,0.31337372,0.405627085,0.374875964,0.68662628,0.594372915,1
Geophysical_model603,/home/lyara/areswave/models/Geophysical_model603.nd,nd,UNK,,,1099.625,60,900,21.542,1099.625,60,1116.26,16.636,1465.604,99.812,1680.261,60,0.450685913,0.337607019,0.375299984,0.549314087,0.662392981,1
AK_model_33,/home/lyara/areswave/models/AK_model_33.nd,nd,UNK,,,1079.942,60,818.715,26.122,1079.942,60,1288.923,52.245,1341.169,52.245,1681.533,60,0.378944583,0.374611804,0.376056064,0.621055417,0.625388196,1
Geophysical_model875,/home/lyara/areswave/models/Geophysical_model875.nd,nd,UNK,,,933.693,60,900,181.546,933.693,60,1119.005,33.693,1455.935,84.233,1687.906,60,0.360999554,0.38567476,0.377449691,0.639000446,0.61432524,1
Geophysical_model191,/home/lyara/areswave/models/Geophysical_model191.nd,nd,UNK,,,966.625,60,900,195.344,966.625,60,1116.53,16.656,1466.308,99.936,1681.011,60,0.313315534,0.410169175,0.377884628,0.686684466,0.589830825,1
Geophysical_model918,/home/lyara/areswave/models/Geophysical_model918.nd,nd,UNK,,,933.4,60,900,184.586,933.4,60,1117.102,33.4,1484.505,66.801,1682.605,60,0.369429938,0.38323864,0.37863574,0.630570062,0.61676136,1
Geophysical_model459,/home/lyara/areswave/models/Geophysical_model459.nd,nd,UNK,,,966.557,60,877.418,180.655,966.557,60,1116.31,16.639,1465.734,99.835,1680.4,60,0.327316326,0.407873558,0.381021147,0.672683674,0.592126442,1
Geophysical_model830,/home/lyara/areswave/models/Geophysical_model830.nd,nd,UNK,,,966.709,60,875.782,193.746,966.709,60,1133.481,33.355,1483.703,66.709,1681.776,60,0.3855598,0.38022978,0.382006453,0.6144402,0.61977022,1
Geophysical_model873,/home/lyara/areswave/models/Geophysical_model873.nd,nd,UNK,,,966.709,60,875.782,193.746,966.709,60,1133.481,33.355,1483.703,66.709,1681.776,60,0.3855598,0.38022978,0.382006453,0.6144402,0.61977022,1
Geophysical_model116,/home/lyara/areswave/models/Geophysical_model116.nd,nd,UNK,,,933.558,60,900,194.474,933.558,60,1101.346,16.779,1436.922,100.673,1685.455,60,0.442692916,0.351807448,0.382102604,0.557307084,0.648192552,1
AK_model_25,/home/lyara/areswave/models/AK_model_25.nd,nd,UNK,,,1038.21,60,798.179,26.67,1038.21,60,1278.24,26.67,1331.58,53.34,1701.46,60,0.469323846,0.339026198,0.382458748,0.530676154,0.660973802,1
Geophysical_model264,/home/lyara/areswave/models/Geophysical_model264.nd,nd,UNK,,,966.81,60,900,179.331,966.81,60,1117.132,33.405,1451.182,100.215,1682.69,60,0.363782396,0.392840088,0.383154191,0.636217604,0.607159912,1
Geophysical_model153,/home/lyara/areswave/models/Geophysical_model153.nd,nd,UNK,,,983.358,60,900,178.326,983.358,60,1116.73,33.343,1483.504,100.03,1681.569,60,0.509214156,0.320529251,0.383424219,0.490785844,0.679470749,1
Geophysical_model261,/home/lyara/areswave/models/Geophysical_model261.nd,nd,UNK,,,983.358,60,900,178.326,983.358,60,1116.73,33.343,1483.504,100.03,1681.569,60,0.509214156,0.320529251,0.383424219,0.490785844,0.679470749,1
Geophysical_model870,/home/lyara/areswave/models/Geophysical_model870.nd,nd,UNK,,,900,60,859.178,183.701,900,60,1106.522,17.21,1485.145,86.05,1502.356,68.84,0.478616594,0.336677133,0.383990287,0.521383406,0.663322867,1
Geophysical_model643,/home/lyara/areswave/models/Geophysical_model643.nd,nd,UNK,,,1099.903,60,900,21.505,1099.903,60,1116.562,16.658,1466.392,116.61,1681.1,60,0.425813976,0.363134185,0.384027449,0.574186024,0.636865815,1
Geophysical_model644,/home/lyara/areswave/models/Geophysical_model644.nd,nd,UNK,,,1099.903,60,900,21.505,1099.903,60,1116.562,16.658,1466.392,116.61,1681.1,60,0.425813976,0.363134185,0.384027449,0.574186024,0.636865815,1
Geophysical_model515,/home/lyara/areswave/models/Geophysical_model515.nd,nd,UNK,,,1099.766,60,900,22.442,1099.766,60,1116.413,16.647,1466.003,99.883,1680.686,60,0.321768642,0.415870149,0.38450298,0.678231358,0.584129851,1
AK_model_28,/home/lyara/areswave/models/AK_model_28.nd,nd,UNK,,,1043.88,60,800.399,27.054,1043.88,60,1287.361,54.107,1314.414,27.054,1713.845,60,0.410167904,0.372312037,0.384930659,0.589832096,0.627687963,1
CD_model92,/home/lyara/areswave/models/CD_model92.nd,nd,UNK,,,,60,,60,,60,,60,,60,,60,0.555035852,0.300133088,0.385100676,0.444964148,0.699866912,1
Geophysical_model289,/home/lyara/areswave/models/Geophysical_model289.nd,nd,UNK,,,966.724,60,900,180.027,966.724,60,1116.853,33.362,1467.154,100.086,1681.912,60,0.441017686,0.357157172,0.385110676,0.558982314,0.642842828,1
Geophysical_model421,/home/lyara/areswave/models/Geophysical_model421.nd,nd,UNK,,,999.836,60,900,191.389,999.836,60,1116.312,16.639,1465.739,99.837,1680.405,60,0.388005223,0.384250407,0.385502012,0.611994777,0.615749593,1
AK_model_27,/home/lyara/areswave/models/AK_model_27.nd,nd,UNK,,,1040.423,60,798.576,26.872,1040.423,60,1282.27,53.744,1309.142,53.744,1707.264,60,0.514891047,0.321310646,0.385837446,0.485108953,0.678689354,1
Geophysical_model963,/home/lyara/areswave/models/Geophysical_model963.nd,nd,UNK,,,916.719,60,876.023,191.813,916.719,60,1117.351,33.439,1485.177,83.597,1683.3,60,0.439754889,0.359243521,0.386080644,0.560245111,0.640756479,1
Geophysical_model973,/home/lyara/areswave/models/Geophysical_model973.nd,nd,UNK,,,916.719,60,876.023,191.813,916.719,60,1117.351,33.439,1485.177,83.597,1683.3,60,0.439754889,0.359243521,0.386080644,0.560245111,0.640756479,1
Geophysical_model949,/home/lyara/areswave/models/Geophysical_model949.nd,nd,UNK,,,916.648,60,877.517,179.866,916.648,60,1116.419,16.648,1499.315,99.885,1680.704,60,0.377834959,0.39053485,0.386301553,0.622165041,0.60946515,1
Geophysical_model914,/home/lyara/areswave/models/Geophysical_model914.nd,nd,UNK,,,916.754,60,875.916,192.673,916.754,60,1117.798,33.507,1486.378,83.768,1684.543,60,0.586193889,0.288931773,0.388019145,0.413806111,0.711068227,1
Geophysical_model551,/home/lyara/areswave/models/Geophysical_model551.nd,nd,UNK,,,916.754,60,875.916,192.673,916.754,60,1117.798,33.507,1486.378,83.768,1684.543,60,0.586193889,0.288931773,0.388019145,0.413806111,0.711068227,1
Geophysical_model887,/home/lyara/areswave/models/Geophysical_model887.nd,nd,UNK,,,966.653,60,900,193.256,966.653,60,1133.286,33.327,1499.88,83.317,1681.272,60,0.341865621,0.411353665,0.388190983,0.658134379,0.588646335,1
MD_model15,/home/lyara/areswave/models/MD_model15.nd,nd,UNK,,,994.191,60,802.191,10.667,994.191,60,1164.858,149.334,1463.525,192,1618.557,60,0.620048883,0.272974691,0.388666088,0.379951117,0.727025309,1
Geophysical_model57,/home/lyara/areswave/models/Geophysical_model57.nd,nd,UNK,,,984.104,60,876.704,186.372,984.104,60,1118.67,33.641,1488.726,100.924,1686.973,60,0.643820894,0.264080435,0.390660588,0.356179106,0.735919565,1
Geophysical_model922,/home/lyara/areswave/models/Geophysical_model922.nd,nd,UNK,,,949.959,60,900,179.206,949.959,60,1133.142,33.305,1499.507,83.265,1680.897,60,0.493719095,0.339194528,0.390702717,0.506280905,0.660805472,1
Geophysical_model494,/home/lyara/areswave/models/Geophysical_model494.nd,nd,UNK,,,999.801,60,857.502,191.241,999.801,60,1116.236,16.633,1465.54,99.801,1680.192,60,0.597645111,0.287296408,0.390745976,0.402354889,0.712703592,1
Geophysical_model148,/home/lyara/areswave/models/Geophysical_model148.nd,nd,UNK,,,983.062,60,858.582,186.381,983.062,60,1115.961,16.613,1464.822,116.287,1679.428,60,0.400583134,0.386770484,0.391374701,0.599416866,0.613229516,1
Geophysical_model146,/home/lyara/areswave/models/Geophysical_model146.nd,nd,UNK,,,950.269,60,900,194.931,950.269,60,1117.834,33.513,1452.962,117.295,1684.644,60,0.372042796,0.40128073,0.391534752,0.627957204,0.59871927,1
Geophysical_model979,/home/lyara/areswave/models/Geophysical_model979.nd,nd,UNK,,,916.648,60,877.439,180.489,916.648,60,1116.419,16.648,1482.668,99.885,1680.704,60,0.388902249,0.393938599,0.392259816,0.611097751,0.606061401,1
Geophysical_model331,/home/lyara/areswave/models/Geophysical_model331.nd,nd,UNK,,,966.03,60,900,191.536,966.03,60,1114.598,16.507,1461.256,99.045,1675.63,60,0.506612724,0.33632063,0.393084661,0.493387276,0.66367937,1
CD_model25,/home/lyara/areswave/models/CD_model25.nd,nd,UNK,,,,60,,60,,60,,60,,60,,60,0.182025917,0.49896202,0.393316652,0.817974083,0.50103798,1
Geophysical_model218,/home/lyara/areswave/models/Geophysical_model218.nd,nd,UNK,,,966.445,60,900,179.847,966.445,60,1115.945,16.611,1464.778,99.667,1679.382,60,0.505668383,0.338258649,0.394061894,0.494331617,0.661741351,1
MD_model54,/home/lyara/areswave/models/MD_model54.nd,nd,UNK,,,954.555,60,795.413,148.532,954.555,60,1294.057,60,1336.495,53.047,1618.333,60,0.502664753,0.34138239,0.395143177,0.497335247,0.65861761,1
Geophysical_model635,/home/lyara/areswave/models/Geophysical_model635.nd,nd,UNK,,,916.706,60,900,188.093,916.706,60,1117.178,33.412,1484.711,83.53,1682.818,60,0.245425194,0.470092162,0.395203173,0.754574806,0.529907838,1
Geophysical_model971,/home/lyara/areswave/models/Geophysical_model971.nd,nd,UNK,,,1099.979,60,900,22.013,1099.979,60,1116.644,16.665,1466.608,116.655,1681.33,60,0.309791711,0.437954695,0.3952337,0.690208289,0.562045305,1
Geophysical_model798,/home/lyara/areswave/models/Geophysical_model798.nd,nd,UNK,,,916.723,60,877.548,179.614,916.723,60,1117.396,33.446,1485.297,83.614,1683.425,60,0.437434004,0.375422162,0.396092776,0.562565996,0.624577838,1
Geophysical_model581,/home/lyara/areswave/models/Geophysical_model581.nd,nd,UNK,,,916.965,60,900,195.103,916.965,60,1120.539,33.929,1493.758,84.822,1692.179,60,0.348158548,0.421428634,0.397005272,0.651841452,0.578571366,1
Geophysical_model514,/home/lyara/areswave/models/Geophysical_model514.nd,nd,UNK,,,916.991,60,878.264,195.623,916.991,60,1120.887,33.983,1494.697,84.957,1693.151,60,0.336309806,0.428289187,0.397629393,0.663690194,0.571710813,1
Geophysical_model725,/home/lyara/areswave/models/Geophysical_model725.nd,nd,UNK,,,916.724,60,876.418,188.653,916.724,60,1117.416,33.448,1485.35,83.621,1683.48,60,0.444866923,0.37509843,0.398354594,0.555133077,0.62490157,1
AK_model_23,/home/lyara/areswave/models/AK_model_23.nd,nd,UNK,,,1057.206,60,792.209,26.5,1057.206,60,1295.703,52.999,1322.203,26.5,1691.329,60,0.364790952,0.41533914,0.398489744,0.635209048,0.58466086,1
Geophysical_model909,/home/lyara/areswave/models/Geophysical_model909.nd,nd,UNK,,,916.648,60,900,180.344,916.648,60,1116.419,16.648,1499.315,99.885,1680.704,60,0.572885523,0.312384067,0.399217886,0.427114477,0.687615933,1
Geophysical_model180,/home/lyara/areswave/models/Geophysical_model180.nd,nd,UNK,,,966.993,60,856.89,193.996,966.993,60,1117.726,33.497,1486.187,100.49,1684.345,60,0.579859203,0.309241282,0.399447256,0.420140797,0.690758718,1
Geophysical_model823,/home/lyara/areswave/models/Geophysical_model823.nd,nd,UNK,,,1085.338,60,900,29.762,1085.338,60,1102.186,16.849,1456.013,101.093,1687.991,60,0.407968077,0.395462862,0.399631267,0.592031923,0.604537138,1
Geophysical_model802,/home/lyara/areswave/models/Geophysical_model802.nd,nd,UNK,,,1085.338,60,900,29.762,1085.338,60,1102.186,16.849,1456.013,101.093,1687.991,60,0.407968077,0.395462862,0.399631267,0.592031923,0.604537138,1
Geophysical_model124,/home/lyara/areswave/models/Geophysical_model124.nd,nd,UNK,,,966.637,60,900,190.476,966.637,60,1116.57,16.66,1466.415,99.956,1681.124,60,0.325741382,0.436879749,0.399833627,0.674258618,0.563120251,1
CD_model7,/home/lyara/areswave/models/CD_model7.nd,nd,UNK,,,,60,,60,,60,,60,,60,,60,0.355343793,0.4237993,0.400980798,0.644656207,0.5762007,1
Geophysical_model747,/home/lyara/areswave/models/Geophysical_model747.nd,nd,UNK,,,900,60,900,29.784,900,60,1101.736,16.811,1471.585,100.868,1686.632,60,0.466860594,0.368385337,0.401210423,0.533139406,0.631614663,1
Geophysical_model584,/home/lyara/areswave/models/Geophysical_model584.nd,nd,UNK,,,916.701,60,877.696,178.433,916.701,60,1117.112,33.402,1484.532,83.504,1682.633,60,0.343379724,0.430391388,0.4013875,0.656620276,0.569608612,1
Geophysical_model525,/home/lyara/areswave/models/Geophysical_model525.nd,nd,UNK,,,933.975,60,900,186.007,933.975,60,1120.837,33.975,1494.562,84.937,1693.011,60,0.579878721,0.312465627,0.401603325,0.420121279,0.687534373,1
Geophysical_model940,/home/lyara/areswave/models/Geophysical_model940.nd,nd,UNK,,,933.35,60,853.741,185.034,933.35,60,1116.776,33.35,1483.627,83.375,1681.697,60,0.34255984,0.431576999,0.401904612,0.65744016,0.568423001,1
Geophysical_model899,/home/lyara/areswave/models/Geophysical_model899.nd,nd,UNK,,,933.35,60,853.741,185.034,933.35,60,1116.776,33.35,1483.627,83.375,1681.697,60,0.34255984,0.431576999,0.401904612,0.65744016,0.568423001,1
Geophysical_model617,/home/lyara/areswave/models/Geophysical_model617.nd,nd,UNK,,,900,60,900,22.546,900,60,1101.621,16.802,1454.457,100.811,1686.284,60,0.420793657,0.392904088,0.402200611,0.579206343,0.607095912,1
Geophysical_model107,/home/lyara/areswave/models/Geophysical_model107.nd,nd,UNK,,,983.232,60,900,182.335,983.232,60,1116.402,16.646,1465.975,116.524,1680.656,60,0.496709255,0.355709371,0.402709332,0.503290745,0.644290629,1
Geophysical_model150,/home/lyara/areswave/models/Geophysical_model150.nd,nd,UNK,,,1099.378,60,900,179.668,1099.378,60,1115.993,16.614,1431.674,99.689,1679.515,60,0.359404982,0.424737051,0.402959695,0.640595018,0.575262949,1
Geophysical_model31,/home/lyara/areswave/models/Geophysical_model31.nd,nd,UNK,,,983.237,60,879.302,186.283,983.237,60,1116.417,16.648,1466.015,99.884,1680.698,60,0.503127462,0.353316925,0.40325377,0.496872538,0.646683075,1
Geophysical_model692,/home/lyara/areswave/models/Geophysical_model692.nd,nd,UNK,,,1099.489,60,900,20.906,1099.489,60,1116.113,16.624,1465.218,99.745,1679.849,60,0.344718474,0.432971467,0.403553803,0.655281526,0.567028533,1
Geophysical_model198,/home/lyara/areswave/models/Geophysical_model198.nd,nd,UNK,,,983.727,60,878.886,190.026,983.727,60,1117.689,33.49,1486.086,100.472,1684.241,60,0.330930619,0.439893421,0.403572487,0.669069381,0.560106579,1
Geophysical_model576,/home/lyara/areswave/models/Geophysical_model576.nd,nd,UNK,,,916.723,60,877.532,179.741,916.723,60,1117.396,33.446,1468.574,83.614,1683.425,60,0.302382989,0.455958182,0.404766451,0.697617011,0.544041818,1
Geophysical_model287,/home/lyara/areswave/models/Geophysical_model287.nd,nd,UNK,,,1001.133,60,861.705,191.475,1001.133,60,1119.121,33.711,1489.942,101.133,1688.231,60,0.333591218,0.440769644,0.405043502,0.666408782,0.559230356,1
CD_model66,/home/lyara/areswave/models/CD_model66.nd,nd,UNK,,,,60,,60,,60,,60,,60,,60,0.356371094,0.430624553,0.4058734,0.643628906,0.569375447,1
CD_model10,/home/lyara/areswave/models/CD_model10.nd,nd,UNK,,,,60,,60,,60,,60,,60,,60,0.216829692,0.501868012,0.406855239,0.783170308,0.498131988,1
AK_model_75,/home/lyara/areswave/models/AK_model_75.nd,nd,UNK,,,1055.732,60,825.114,51.248,1055.732,60,1286.349,51.248,1311.974,51.248,1698.307,60,0.53522154,0.34278183,0.4069284,0.46477846,0.65721817,1
CD_model51,/home/lyara/areswave/models/CD_model51.nd,nd,UNK,,,,60,,60,,60,,60,,60,,60,0.219048018,0.501096136,0.407080097,0.780951982,0.498903864,1
Geophysical_model856,/home/lyara/areswave/models/Geophysical_model856.nd,nd,UNK,,,933.454,60,900,180.499,933.454,60,1134.179,33.454,1485.447,66.908,1683.58,60,0.527659613,0.346912239,0.407161364,0.472340387,0.653087761,1
Geophysical_model947,/home/lyara/areswave/models/Geophysical_model947.nd,nd,UNK,,,966.806,60,900,177.404,966.806,60,1133.823,33.403,1484.557,66.807,1682.659,60,0.462715068,0.380508186,0.40791048,0.537284932,0.619491814,1
Geophysical_model79,/home/lyara/areswave/models/Geophysical_model79.nd,nd,UNK,,,982.905,60,879.721,182.515,982.905,60,1115.552,16.581,1463.752,116.067,1678.288,60,0.533577365,0.345620524,0.408272804,0.466422635,0.654379476,1
Geophysical_model864,/home/lyara/areswave/models/Geophysical_model864.nd,nd,UNK,,,933.862,60,879.268,186.584,933.862,60,1120.105,33.862,1492.59,84.656,1690.97,60,0.397833942,0.413610051,0.408351348,0.602166058,0.586389949,1
Geophysical_model705,/home/lyara/areswave/models/Geophysical_model705.nd,nd,UNK,,,933.862,60,879.268,186.584,933.862,60,1120.105,33.862,1492.59,84.656,1690.97,60,0.397833942,0.413610051,0.408351348,0.602166058,0.586389949,1
Geophysical_model701,/home/lyara/areswave/models/Geophysical_model701.nd,nd,UNK,,,933.862,60,879.268,186.584,933.862,60,1120.105,33.862,1492.59,84.656,1690.97,60,0.397833942,0.413610051,0.408351348,0.602166058,0.586389949,1
Geophysical_model255,/home/lyara/areswave/models/Geophysical_model255.nd,nd,UNK,,,1017.871,60,900,185.688,1017.871,60,1135.742,16.839,1489.354,84.193,1687.623,60,0.652535023,0.286538181,0.408537128,0.347464977,0.713461819,1
Geophysical_model225,/home/lyara/areswave/models/Geophysical_model225.nd,nd,UNK,,,983.376,60,900,189.029,983.376,60,1116.777,33.35,1483.63,100.051,1681.7,60,0.354797304,0.435529723,0.408618916,0.645202696,0.564470277,1
Geophysical_model389,/home/lyara/areswave/models/Geophysical_model389.nd,nd,UNK,,,949.524,60,900,193.339,949.524,60,1114.604,16.509,1461.273,99.048,1675.648,60,0.38066559,0.42356098,0.409262517,0.61933441,0.57643902,1
Geophysical_model349,/home/lyara/areswave/models/Geophysical_model349.nd,nd,UNK,,,983.203,60,878.832,190.513,983.203,60,1116.329,16.64,1465.783,99.844,1680.452,60,0.610513082,0.310082558,0.410226066,0.389486918,0.689917442,1
CD_model84,/home/lyara/areswave/models/CD_model84.nd,nd,UNK,,,,60,,60,,60,,60,,60,,60,0.352330346,0.439696536,0.410574472,0.647669654,0.560303464,1
Geophysical_model15,/home/lyara/areswave/models/Geophysical_model15.nd,nd,UNK,,,966.855,60,900,194.182,966.855,60,1117.28,33.428,1484.985,100.283,1683.102,60,0.387644032,0.422587956,0.410939982,0.612355968,0.577412044,1
Geophysical_model52,/home/lyara/areswave/models/Geophysical_model52.nd,nd,UNK,,,983.376,60,879.036,188.678,983.376,60,1116.777,33.35,1483.63,100.051,1681.7,60,0.621163902,0.307308404,0.411926904,0.378836098,0.692691596,1
Geophysical_model27,/home/lyara/areswave/models/Geophysical_model27.nd,nd,UNK,,,983.983,60,900,186.254,983.983,60,1118.355,33.593,1487.879,100.779,1686.096,60,0.634871094,0.300467374,0.411935281,0.365128906,0.699532626,1
Geophysical_model162,/home/lyara/areswave/models/Geophysical_model162.nd,nd,UNK,,,983.983,60,900,186.254,983.983,60,1118.355,33.593,1487.879,100.779,1686.096,60,0.634871094,0.300467374,0.411935281,0.365128906,0.699532626,1
CD_model9,/home/lyara/areswave/models/CD_model9.nd,nd,UNK,,,,60,,60,,60,,60,,60,,60,0.246432354,0.495119321,0.412223666,0.753567646,0.504880679,1
CD_model18,/home/lyara/areswave/models/CD_model18.nd,nd,UNK,,,,60,,60,,60,,60,,60,,60,0.300049602,0.468467215,0.41232801,0.699950398,0.531532785,1
Geophysical_model269,/home/lyara/areswave/models/Geophysical_model269.nd,nd,UNK,,,950.621,60,900,192.721,950.621,60,1119.357,33.747,1456.828,118.116,1688.886,60,0.46069333,0.388214474,0.412374093,0.53930667,0.611785526,1
Geophysical_model957,/home/lyara/areswave/models/Geophysical_model957.nd,nd,UNK,,,949.985,60,900,199.43,949.985,60,1133.262,33.323,1483.154,83.308,1681.208,60,0.411639216,0.412762544,0.412388101,0.588360784,0.587237456,1
Geophysical_model829,/home/lyara/areswave/models/Geophysical_model829.nd,nd,UNK,,,949.985,60,900,199.43,949.985,60,1133.262,33.323,1483.154,83.308,1681.208,60,0.411639216,0.412762544,0.412388101,0.588360784,0.587237456,1
Geophysical_model542,/home/lyara/areswave/models/Geophysical_model542.nd,nd,UNK,,,1088.045,60,900,20.704,1088.045,60,1105.14,17.095,1464.136,119.665,1696.906,60,0.486528097,0.375845692,0.412739827,0.513471903,0.624154308,1
Geophysical_model340,/home/lyara/areswave/models/Geophysical_model340.nd,nd,UNK,,,1001.133,60,861.553,192.234,1001.133,60,1119.121,33.711,1473.087,101.133,1688.231,60,0.24833752,0.495500338,0.413112732,0.75166248,0.504499662,1
Geophysical_model931,/home/lyara/areswave/models/Geophysical_model931.nd,nd,UNK,,,1099.979,60,900,21.803,1099.979,60,1116.644,16.665,1466.608,116.655,1681.33,60,0.417829675,0.411439992,0.413569886,0.582170325,0.588560008,1
Geophysical_model828,/home/lyara/areswave/models/Geophysical_model828.nd,nd,UNK,,,966.709,60,900,193.616,966.709,60,1133.481,33.355,1483.703,66.709,1681.776,60,0.528482633,0.356329357,0.413713782,0.471517367,0.643670643,1
Geophysical_model387,/home/lyara/areswave/models/Geophysical_model387.nd,nd,UNK,,,966.673,60,900,186.434,966.673,60,1116.688,33.336,1483.391,100.01,1681.453,60,0.305737235,0.468764317,0.414421956,0.694262765,0.531235683,1
Geophysical_model819,/home/lyara/areswave/models/Geophysical_model819.nd,nd,UNK,,,1085.015,60,900,29.637,1085.015,60,1101.834,16.82,1455.044,117.737,1686.928,60,0.425384977,0.410012247,0.41513649,0.574615023,0.589987753,1
Geophysical_model788,/home/lyara/areswave/models/Geophysical_model788.nd,nd,UNK,,,900,60,900,178.308,900,60,1120.035,33.851,1492.403,101.555,1690.777,60,0.598272886,0.325298216,0.416289773,0.401727114,0.674701784,1
CD_model14,/home/lyara/areswave/models/CD_model14.nd,nd,UNK,,,,60,,60,,60,,60,,60,,60,0.310111365,0.471016565,0.417381499,0.689888635,0.528983435,1
AK_model_11,/home/lyara/areswave/models/AK_model_11.nd,nd,UNK,,,1040.425,60,848.992,23.929,1040.425,60,1279.717,71.788,1303.646,23.929,1652.614,60,0.663033524,0.294719308,0.417490713,0.336966476,0.705280692,1
Geophysical_model671,/home/lyara/areswave/models/Geophysical_model671.nd,nd,UNK,,,1099.625,60,900,21.47,1099.625,60,1116.26,16.636,1465.604,99.812,1680.261,60,0.353631396,0.449678064,0.417662508,0.646368604,0.550321936,1
Geophysical_model3,/home/lyara/areswave/models/Geophysical_model3.nd,nd,UNK,,,1098.645,60,900,180.725,1098.645,60,1115.199,16.554,1429.721,99.322,1677.304,60,0.52850331,0.36252025,0.417847936,0.47149669,0.63747975,1
Geophysical_model832,/home/lyara/areswave/models/Geophysical_model832.nd,nd,UNK,,,949.951,60,900,180.493,949.951,60,1116.453,16.65,1499.409,83.251,1680.798,60,0.483761369,0.38949699,0.42091845,0.516238631,0.61050301,1
Geophysical_model640,/home/lyara/areswave/models/Geophysical_model640.nd,nd,UNK,,,900,60,877.345,181.238,900,60,1119.204,33.724,1490.165,101.171,1688.461,60,0.491855409,0.385715656,0.421095574,0.508144591,0.614284344,1
AK_model_98,/home/lyara/areswave/models/AK_model_98.nd,nd,UNK,,,1045.711,60,774.539,27.117,1045.711,60,1289.767,54.235,1316.884,54.234,1716.731,60,0.236199605,0.513554966,0.421103179,0.763800395,0.486445034,1
Geophysical_model61,/home/lyara/areswave/models/Geophysical_model61.nd,nd,UNK,,,982.649,60,900,184.153,982.649,60,1114.887,16.53,1462.012,115.708,1676.435,60,0.44411615,0.410272047,0.421553415,0.55588385,0.589727953,1
Geophysical_model140,/home/lyara/areswave/models/Geophysical_model140.nd,nd,UNK,,,965.752,60,900,181.095,965.752,60,1113.693,16.437,1458.888,115.065,1673.108,60,0.399509555,0.432979357,0.421822757,0.600490445,0.567020643,1
Geophysical_model399,/home/lyara/areswave/models/Geophysical_model399.nd,nd,UNK,,,1098.226,60,900,179.576,1098.226,60,1114.745,16.519,1445.122,99.113,1676.04,60,0.493018728,0.387206558,0.422477282,0.506981272,0.612793442,1
Geophysical_model850,/home/lyara/areswave/models/Geophysical_model850.nd,nd,UNK,,,950.127,60,900,199.684,950.127,60,1133.926,50.127,1484.815,66.836,1682.926,60,0.449473475,0.40926509,0.422667885,0.550526525,0.59073491,1
Geophysical_model842,/home/lyara/areswave/models/Geophysical_model842.nd,nd,UNK,,,950.91,60,900,184.808,950.91,60,1120.608,33.94,1476.975,84.849,1692.373,60,0.27198104,0.498166773,0.422771529,0.72801896,0.501833227,1
Geophysical_model711,/home/lyara/areswave/models/Geophysical_model711.nd,nd,UNK,,,916.837,60,879.831,181.521,916.837,60,1118.884,33.674,1489.303,84.186,1687.57,60,0.528603843,0.370381492,0.423122276,0.471396157,0.629618508,1
Geophysical_model437,/home/lyara/areswave/models/Geophysical_model437.nd,nd,UNK,,,1000.927,60,900,186.895,1000.927,60,1135.497,33.643,1488.742,84.106,1686.989,60,0.630345321,0.319641647,0.423209538,0.369654679,0.680358353,1
CD_model41,/home/lyara/areswave/models/CD_model41.nd,nd,UNK,,,,60,,60,,60,,60,,60,,60,0.646808686,0.311994784,0.423599418,0.353191314,0.688005216,1
CD_model75,/home/lyara/areswave/models/CD_model75.nd,nd,UNK,,,,60,,60,,60,,60,,60,,60,0.695027642,0.2881751,0.423792614,0.304972358,0.7118249,1
Geophysical_model953,/home/lyara/areswave/models/Geophysical_model953.nd,nd,UNK,,,916.648,60,877.533,179.737,916.648,60,1116.419,16.648,1499.315,99.885,1680.704,60,0.525182406,0.375167885,0.425172726,0.474817594,0.624832115,1
Geophysical_model552,/home/lyara/areswave/models/Geophysical_model552.nd,nd,UNK,,,916.714,60,876.024,191.807,916.714,60,1117.284,33.428,1484.996,83.571,1683.113,60,0.357354156,0.460095844,0.425848615,0.642645844,0.539904156,1
Geophysical_model650,/home/lyara/areswave/models/Geophysical_model650.nd,nd,UNK,,,916.714,60,876.024,191.807,916.714,60,1117.284,33.428,1484.996,83.571,1683.113,60,0.357354156,0.460095844,0.425848615,0.642645844,0.539904156,1
Geophysical_model925,/home/lyara/areswave/models/Geophysical_model925.nd,nd,UNK,,,950.093,60,900,199.768,950.093,60,1133.767,50.093,1484.418,66.791,1682.515,60,0.396941273,0.440833335,0.426202648,0.603058727,0.559166665,1
Geophysical_model993,/home/lyara/areswave/models/Geophysical_model993.nd,nd,UNK,,,950.093,60,900,199.768,950.093,60,1133.767,50.093,1484.418,66.791,1682.515,60,0.396941273,0.440833335,0.426202648,0.603058727,0.559166665,1
MD_model43,/home/lyara/areswave/models/MD_model43.nd,nd,UNK,,,928.392,60,875.123,191.768,928.392,60,1269.313,63.923,1301.275,53.269,1616.08,60,0.525754574,0.376451281,0.426219046,0.474245426,0.623548719,1
Geophysical_model962,/home/lyara/areswave/models/Geophysical_model962.nd,nd,UNK,,,1085.282,60,900,29.508,1085.282,60,1102.126,16.844,1455.847,101.063,1687.809,60,0.472945793,0.405127835,0.427733821,0.527054207,0.594872165,1
Geophysical_model930,/home/lyara/areswave/models/Geophysical_model930.nd,nd,UNK,,,1085.282,60,900,29.508,1085.282,60,1102.126,16.844,1455.847,101.063,1687.809,60,0.472945793,0.405127835,0.427733821,0.527054207,0.594872165,1
Geophysical_model308,/home/lyara/areswave/models/Geophysical_model308.nd,nd,UNK,,,1016.273,60,878.266,195.602,1016.273,60,1132.546,33.221,1497.976,99.663,1679.357,60,0.694904964,0.296844214,0.429531131,0.305095036,0.703155786,1
Geophysical_model404,/home/lyara/areswave/models/Geophysical_model404.nd,nd,UNK,,,966.706,60,900,186.464,966.706,60,1116.796,33.353,1467.004,100.06,1681.752,60,0.479773173,0.404599131,0.429657145,0.520226827,0.595400869,1
Geophysical_model350,/home/lyara/areswave/models/Geophysical_model350.nd,nd,UNK,,,999.844,60,878.82,190.616,999.844,60,1116.329,16.64,1465.783,99.844,1680.452,60,0.598982303,0.346094455,0.430390404,0.401017697,0.653905545,1
Geophysical_model126,/home/lyara/areswave/models/Geophysical_model126.nd,nd,UNK,,,966.298,60,878.977,189.208,966.298,60,1115.469,16.574,1463.533,116.022,1678.056,60,0.33327062,0.479307977,0.430628858,0.66672938,0.520692023,1
CD_model20,/home/lyara/areswave/models/CD_model20.nd,nd,UNK,,,,60,,60,,60,,60,,60,,60,0.285460331,0.503329364,0.430706353,0.714539669,0.496670636,1
Geophysical_model372,/home/lyara/areswave/models/Geophysical_model372.nd,nd,UNK,,,966.596,60,900,180.875,966.596,60,1116.437,16.649,1466.066,99.894,1680.753,60,0.492592613,0.400727825,0.431349421,0.507407387,0.599272175,1
Geophysical_model932,/home/lyara/areswave/models/Geophysical_model932.nd,nd,UNK,,,966.597,60,900,179.619,966.597,60,1133.089,33.298,1499.372,83.246,1680.761,60,0.425647312,0.435421342,0.432163332,0.574352688,0.564578658,1
Geophysical_model129,/home/lyara/areswave/models/Geophysical_model129.nd,nd,UNK,,,1099.26,60,900,178.923,1099.26,60,1115.865,16.605,1431.359,116.234,1679.159,60,0.63528189,0.330920868,0.432374542,0.36471811,0.669079132,1
Geophysical_model729,/home/lyara/areswave/models/Geophysical_model729.nd,nd,UNK,,,1088.334,60,900,20.706,1088.334,60,1105.456,17.121,1465.003,102.728,1697.857,60,0.411966857,0.443313036,0.43286431,0.588033143,0.556686964,1
MD_model88,/home/lyara/areswave/models/MD_model88.nd,nd,UNK,,,971.749,60,755.911,194.255,971.749,60,1273.923,21.584,1338.675,53.96,1624.15,60,0.635704301,0.331919489,0.433181093,0.364295699,0.668080511,1
CD_model19,/home/lyara/areswave/models/CD_model19.nd,nd,UNK,,,,60,,60,,60,,60,,60,,60,0.286940834,0.506506223,0.43331776,0.713059166,0.493493777,1
Geophysical_model604,/home/lyara/areswave/models/Geophysical_model604.nd,nd,UNK,,,900,60,900,180.015,900,60,1118.266,33.579,1487.638,100.738,1685.847,60,0.703945879,0.2987111,0.43378936,0.296054121,0.7012889,1
Geophysical_model175,/home/lyara/areswave/models/Geophysical_model175.nd,nd,UNK,,,949.72,60,900,186.754,949.72,60,1115.452,16.573,1463.49,99.44,1678.009,60,0.565817998,0.367835103,0.433829401,0.434182002,0.632164897,1
AK_model_31,/home/lyara/areswave/models/AK_model_31.nd,nd,UNK,,,1063.166,60,823.564,26.623,1063.166,60,1276.145,26.623,1329.39,53.245,1699.028,60,0.544356857,0.378597857,0.433850857,0.455643143,0.621402143,1
Geophysical_model436,/home/lyara/areswave/models/Geophysical_model436.nd,nd,UNK,,,949.631,60,900,190.808,949.631,60,1115.067,16.544,1462.484,99.262,1676.937,60,0.487859777,0.407719752,0.434433094,0.512140223,0.592280248,1
Geophysical_model450,/home/lyara/areswave/models/Geophysical_model450.nd,nd,UNK,,,966.559,60,900,181.651,966.559,60,1116.317,16.639,1465.751,99.839,1680.417,60,0.612913002,0.34539237,0.434565914,0.387086998,0.65460763,1
Geophysical_model989,/home/lyara/areswave/models/Geophysical_model989.nd,nd,UNK,,,966.597,60,900,179.632,966.597,60,1133.089,33.298,1499.372,83.246,1680.761,60,0.656913731,0.324180117,0.435091322,0.343086269,0.675819883,1
Geophysical_model286,/home/lyara/areswave/models/Geophysical_model286.nd,nd,UNK,,,949.973,60,900,197.891,949.973,60,1116.548,16.657,1449.698,99.945,1681.061,60,0.667349228,0.319209786,0.435256267,0.332650772,0.680790214,1
Geophysical_model440,/home/lyara/areswave/models/Geophysical_model440.nd,nd,UNK,,,966.559,60,900,181.325,966.559,60,1116.317,16.639,1449.111,99.839,1680.417,60,0.381354276,0.462591132,0.43551218,0.618645724,0.537408868,1
Geophysical_model357,/home/lyara/areswave/models/Geophysical_model357.nd,nd,UNK,,,949.68,60,900,188.743,949.68,60,1115.279,16.56,1446.478,99.36,1677.528,60,0.44656152,0.430163447,0.435629471,0.55343848,0.569836553,1
Geophysical_model419,/home/lyara/areswave/models/Geophysical_model419.nd,nd,UNK,,,983.998,60,876.703,186.373,983.998,60,1118.394,33.599,1471.183,100.797,1686.203,60,0.298491429,0.504583611,0.435886217,0.701508571,0.495416389,1
CD_model91,/home/lyara/areswave/models/CD_model91.nd,nd,UNK,,,,60,,60,,60,,60,,60,,60,0.401725865,0.453747215,0.436406765,0.598274135,0.546252785,1
Geophysical_model602,/home/lyara/areswave/models/Geophysical_model602.nd,nd,UNK,,,1099.903,60,900,21.411,1099.903,60,1116.562,16.658,1466.392,116.61,1681.1,60,0.364374312,0.472734492,0.436614432,0.635625688,0.527265508,1
Geophysical_model305,/home/lyara/areswave/models/Geophysical_model305.nd,nd,UNK,,,966.81,60,900,178.452,966.81,60,1117.132,33.405,1451.182,100.215,1682.69,60,0.403026277,0.453660433,0.436782381,0.596973723,0.546339567,1
CD_model59,/home/lyara/areswave/models/CD_model59.nd,nd,UNK,,,,60,,60,,60,,60,,60,,60,0.165340552,0.573638596,0.437539248,0.834659448,0.426361404,1
Geophysical_model275,/home/lyara/areswave/models/Geophysical_model275.nd,nd,UNK,,,984.083,60,876.527,187.788,984.083,60,1118.616,33.633,1488.58,100.899,1686.822,60,0.381873374,0.465508885,0.437630381,0.618126626,0.534491115,1
CD_model33,/home/lyara/areswave/models/CD_model33.nd,nd,UNK,,,,60,,60,,60,,60,,60,,60,0.233319046,0.541486128,0.438763767,0.766680954,0.458513872,1
AK_model_62,/home/lyara/areswave/models/AK_model_62.nd,nd,UNK,,,1016.476,60,815.77,25.088,1016.476,60,1116.83,100.353,1367.713,75.265,1675.2,60,0.504542537,0.405891557,0.438775217,0.495457463,0.594108443,1
Geophysical_model97,/home/lyara/areswave/models/Geophysical_model97.nd,nd,UNK,,,983.19,60,878.419,194.225,983.19,60,1116.294,16.638,1465.692,116.466,1680.354,60,0.538133432,0.389332027,0.438932496,0.461866568,0.610667973,1
Geophysical_model60,/home/lyara/areswave/models/Geophysical_model60.nd,nd,UNK,,,966.712,60,900,192.405,966.712,60,1116.813,33.356,1483.727,100.067,1681.8,60,0.467521841,0.424801888,0.439041872,0.532478159,0.575198112,1
Geophysical_model195,/home/lyara/areswave/models/Geophysical_model195.nd,nd,UNK,,,966.712,60,900,192.405,966.712,60,1116.813,33.356,1483.727,100.067,1681.8,60,0.467521841,0.424801888,0.439041872,0.532478159,0.575198112,1
AK_model_41,/home/lyara/areswave/models/AK_model_41.nd,nd,UNK,,,1033.676,60,821.492,26.524,1033.676,60,1298.907,106.092,1484.568,159.138,1694.521,60,0.570915118,0.373912017,0.439579717,0.429084882,0.626087983,1
Geophysical_model137,/home/lyara/areswave/models/Geophysical_model137.nd,nd,UNK,,,966.251,60,900,186.972,966.251,60,1115.315,16.563,1463.132,99.376,1677.628,60,0.635806616,0.34159132,0.439663085,0.364193384,0.65840868,1
AK_model_50,/home/lyara/areswave/models/AK_model_50.nd,nd,UNK,,,1030.878,60,805.605,25.03,1030.878,60,1281.182,100.122,1481.425,175.213,1687.443,60,0.283713437,0.518066782,0.439949001,0.716286563,0.481933218,1
Geophysical_model423,/home/lyara/areswave/models/Geophysical_model423.nd,nd,UNK,,,966.246,60,900,188.279,966.246,60,1115.299,16.561,1463.089,99.369,1677.583,60,0.525936181,0.397248493,0.440144389,0.474063819,0.602751507,1
Geophysical_model254,/home/lyara/areswave/models/Geophysical_model254.nd,nd,UNK,,,966.246,60,900,188.279,966.246,60,1115.299,16.561,1463.089,99.369,1677.583,60,0.525936181,0.397248493,0.440144389,0.474063819,0.602751507,1
Geophysical_model620,/home/lyara/areswave/models/Geophysical_model620.nd,nd,UNK,,,933.4,60,900,184.228,933.4,60,1117.102,33.4,1484.505,83.501,1682.605,60,0.562202283,0.379171163,0.440181536,0.437797717,0.620828837,1
Geophysical_model629,/home/lyara/areswave/models/Geophysical_model629.nd,nd,UNK,,,900,60,900,21.487,900,60,1116.854,33.362,1483.837,100.087,1681.914,60,0.574936999,0.373025727,0.440329484,0.425063001,0.626974273,1
Geophysical_model504,/home/lyara/areswave/models/Geophysical_model504.nd,nd,UNK,,,1050.167,60,900,21.376,1050.167,60,1100.223,33.371,1483.984,100.111,1682.066,60,0.432012556,0.444713223,0.440479667,0.567987444,0.555286777,1
Geophysical_model499,/home/lyara/areswave/models/Geophysical_model499.nd,nd,UNK,,,949.973,60,900,195.965,949.973,60,1116.548,16.657,1449.698,116.603,1681.061,60,0.491191915,0.416350738,0.441297797,0.508808085,0.583649262,1
Geophysical_model339,/home/lyara/areswave/models/Geophysical_model339.nd,nd,UNK,,,949.973,60,900,195.965,949.973,60,1116.548,16.657,1449.698,116.603,1681.061,60,0.491191915,0.416350738,0.441297797,0.508808085,0.583649262,1
Geophysical_model900,/home/lyara/areswave/models/Geophysical_model900.nd,nd,UNK,,,916.728,60,875.978,192.176,916.728,60,1117.467,33.456,1485.488,83.641,1683.622,60,0.44291419,0.440727434,0.441456353,0.55708581,0.559272566,1
Geophysical_model622,/home/lyara/areswave/models/Geophysical_model622.nd,nd,UNK,,,933.416,60,900,184.268,933.416,60,1117.203,33.416,1484.777,83.54,1682.887,60,0.485655696,0.419622299,0.441633431,0.514344304,0.580377701,1
Geophysical_model861,/home/lyara/areswave/models/Geophysical_model861.nd,nd,UNK,,,949.959,60,900,179.65,949.959,60,1133.142,33.305,1499.507,83.265,1680.897,60,0.590805273,0.367875005,0.442185094,0.409194727,0.632124995,1
Geophysical_model961,/home/lyara/areswave/models/Geophysical_model961.nd,nd,UNK,,,949.959,60,900,179.65,949.959,60,1133.142,33.305,1499.507,83.265,1680.897,60,0.590805273,0.367875005,0.442185094,0.409194727,0.632124995,1
AK_model_69,/home/lyara/areswave/models/AK_model_69.nd,nd,UNK,,,1016.862,60,866.402,25.076,1016.862,60,1167.322,125.383,1393.012,50.153,1675.331,60,0.518926514,0.405351057,0.443209542,0.481073486,0.594648943,1
CD_model82,/home/lyara/areswave/models/CD_model82.nd,nd,UNK,,,,60,,60,,60,,60,,60,,60,0.352049195,0.489340046,0.443576429,0.647950805,0.510659954,1
CD_model36,/home/lyara/areswave/models/CD_model36.nd,nd,UNK,,,,60,,60,,60,,60,,60,,60,0.352049195,0.489340046,0.443576429,0.647950805,0.510659954,1
Geophysical_model283,/home/lyara/areswave/models/Geophysical_model283.nd,nd,UNK,,,983.303,60,877.982,198.163,983.303,60,1116.588,16.66,1466.461,116.625,1681.173,60,0.652353076,0.339199706,0.443584163,0.347646924,0.660800294,1
Geophysical_model447,/home/lyara/areswave/models/Geophysical_model447.nd,nd,UNK,,,1099.994,60,900,180.502,1099.994,60,1116.66,16.666,1449.983,99.997,1681.374,60,0.517311524,0.407017993,0.443782503,0.482688476,0.592982007,1
AK_model_4,/home/lyara/areswave/models/AK_model_4.nd,nd,UNK,,,1037.134,60,797.074,26.673,1037.134,60,1277.195,80.02,1303.868,26.673,1700.523,60,0.390898678,0.470406096,0.443903624,0.609101322,0.529593904,1
Geophysical_model547,/home/lyara/areswave/models/Geophysical_model547.nd,nd,UNK,,,1099.905,60,900,21.075,1099.905,60,1116.564,16.658,1466.397,99.953,1681.106,60,0.273914786,0.529688675,0.444430712,0.726085214,0.470311325,1
Geophysical_model662,/home/lyara/areswave/models/Geophysical_model662.nd,nd,UNK,,,1099.905,60,900,21.075,1099.905,60,1116.564,16.658,1466.397,99.953,1681.106,60,0.273914786,0.529688675,0.444430712,0.726085214,0.470311325,1
Geophysical_model724,/home/lyara/areswave/models/Geophysical_model724.nd,nd,UNK,,,1099.905,60,900,21.075,1099.905,60,1116.564,16.658,1466.397,99.953,1681.106,60,0.273914786,0.529688675,0.444430712,0.726085214,0.470311325,1
CD_model37,/home/lyara/areswave/models/CD_model37.nd,nd,UNK,,,,60,,60,,60,,60,,60,,60,0.407590736,0.463517611,0.444875319,0.592409264,0.536482389,1
Geophysical_model944,/home/lyara/areswave/models/Geophysical_model944.nd,nd,UNK,,,950.91,60,900,184.519,950.91,60,1120.608,33.94,1493.945,84.849,1692.373,60,0.37923228,0.478123355,0.445159663,0.62076772,0.521876645,1
Geophysical_model972,/home/lyara/areswave/models/Geophysical_model972.nd,nd,UNK,,,950.91,60,900,184.519,950.91,60,1120.608,33.94,1493.945,84.849,1692.373,60,0.37923228,0.478123355,0.445159663,0.62076772,0.521876645,1
Geophysical_model694,/home/lyara/areswave/models/Geophysical_model694.nd,nd,UNK,,,900,60,900,179.832,900,60,1118.299,33.585,1487.729,100.753,1685.941,60,0.588474289,0.373916064,0.445435472,0.411525711,0.626083936,1
CD_model8,/home/lyara/areswave/models/CD_model8.nd,nd,UNK,,,,60,,60,,60,,60,,60,,60,0.19483166,0.571597342,0.446008781,0.80516834,0.428402658,1
Geophysical_model741,/home/lyara/areswave/models/Geophysical_model741.nd,nd,UNK,,,916.648,60,900,180.181,916.648,60,1116.419,16.648,1499.315,99.885,1680.704,60,0.523769606,0.407706143,0.446393964,0.476230394,0.592293857,1
Geophysical_model74,/home/lyara/areswave/models/Geophysical_model74.nd,nd,UNK,,,950.042,60,900,197.932,950.042,60,1116.847,33.361,1450.457,116.764,1681.894,60,0.608810717,0.365349084,0.446502961,0.391189283,0.634650916,1
Geophysical_model338,/home/lyara/areswave/models/Geophysical_model338.nd,nd,UNK,,,983.209,60,878.088,197.21,983.209,60,1116.344,16.642,1465.824,116.493,1680.495,60,0.358835752,0.49159164,0.447339677,0.641164248,0.50840836,1
CD_model27,/home/lyara/areswave/models/CD_model27.nd,nd,UNK,,,,60,,60,,60,,60,,60,,60,0.199043073,0.571523143,0.44736312,0.800956927,0.428476857,1
Geophysical_model537,/home/lyara/areswave/models/Geophysical_model537.nd,nd,UNK,,,933.394,60,900,184.939,933.394,60,1133.76,33.395,1484.399,66.788,1682.496,60,0.65495231,0.343934444,0.447607066,0.34504769,0.656065556,1
Geophysical_model608,/home/lyara/areswave/models/Geophysical_model608.nd,nd,UNK,,,916.644,60,876.961,184.315,916.644,60,1116.374,16.644,1499.19,99.865,1680.578,60,0.301812699,0.52078164,0.447791993,0.698187301,0.47921836,1
Geophysical_model723,/home/lyara/areswave/models/Geophysical_model723.nd,nd,UNK,,,916.644,60,876.961,184.315,916.644,60,1116.374,16.644,1499.19,99.865,1680.578,60,0.301812699,0.52078164,0.447791993,0.698187301,0.47921836,1
Geophysical_model121,/home/lyara/areswave/models/Geophysical_model121.nd,nd,UNK,,,1063.821,60,900,185.535,1063.821,60,1145.731,32.764,1489.755,65.529,1671.087,60,0.687249375,0.328417089,0.448027851,0.312750625,0.671582911,1
Geophysical_model601,/home/lyara/areswave/models/Geophysical_model601.nd,nd,UNK,,,916.693,60,877.681,178.549,916.693,60,1117.015,33.386,1484.271,83.467,1682.363,60,0.6871986,0.329047553,0.448431235,0.3128014,0.670952447,1
Geophysical_model704,/home/lyara/areswave/models/Geophysical_model704.nd,nd,UNK,,,1099.489,60,900,21.06,1099.489,60,1116.113,16.624,1465.218,99.745,1679.849,60,0.401127371,0.472366685,0.448620247,0.598872629,0.527633315,1
Geophysical_model641,/home/lyara/areswave/models/Geophysical_model641.nd,nd,UNK,,,916.669,60,877.464,180.285,916.669,60,1116.699,33.338,1483.42,83.346,1681.482,60,0.503781706,0.421113736,0.448669726,0.496218294,0.578886264,1
CD_model74,/home/lyara/areswave/models/CD_model74.nd,nd,UNK,,,,60,,60,,60,,60,,60,,60,0.593936618,0.376061605,0.448686609,0.406063382,0.623938395,1
Geophysical_model143,/home/lyara/areswave/models/Geophysical_model143.nd,nd,UNK,,,984.095,60,900,186.254,984.095,60,1118.647,33.638,1488.665,100.914,1686.91,60,0.603351333,0.371717285,0.448928634,0.396648667,0.628282715,1
Geophysical_model87,/home/lyara/areswave/models/Geophysical_model87.nd,nd,UNK,,,1031.859,60,900,186.92,1031.859,60,1130.753,32.964,1476.882,82.412,1674.718,60,0.458497492,0.444764464,0.44934214,0.541502508,0.555235536,1
AK_model_76,/home/lyara/areswave/models/AK_model_76.nd,nd,UNK,,,1050.178,60,796.314,25.386,1050.178,60,1278.655,50.773,1304.041,50.773,1688.733,60,0.575094281,0.386718664,0.449510536,0.424905719,0.613281336,1
Geophysical_model660,/home/lyara/areswave/models/Geophysical_model660.nd,nd,UNK,,,1097.761,60,900,24.193,1097.761,60,1114.242,16.48,1443.844,115.361,1674.637,60,0.399215196,0.474785876,0.44959565,0.600784804,0.525214124,1
Geophysical_model757,/home/lyara/areswave/models/Geophysical_model757.nd,nd,UNK,,,916.648,60,900,180.379,916.648,60,1116.419,16.648,1499.315,99.885,1680.704,60,0.530075785,0.410356906,0.450263199,0.469924215,0.589643094,1
Geophysical_model885,/home/lyara/areswave/models/Geophysical_model885.nd,nd,UNK,,,916.648,60,900,180.379,916.648,60,1116.419,16.648,1499.315,99.885,1680.704,60,0.530075785,0.410356906,0.450263199,0.469924215,0.589643094,1
Geophysical_model186,/home/lyara/areswave/models/Geophysical_model186.nd,nd,UNK,,,933.038,60,900,199.34,933.038,60,1114.745,16.519,1445.122,99.113,1676.04,60,0.371401485,0.489936625,0.450424911,0.628598515,0.510063375,1
Geophysical_model891,/home/lyara/areswave/models/Geophysical_model891.nd,nd,UNK,,,933.072,60,900,199.226,933.072,60,1114.966,16.536,1495.291,82.679,1676.656,60,0.74802418,0.302337321,0.450899607,0.25197582,0.697662679,1
Geophysical_model131,/home/lyara/areswave/models/Geophysical_model131.nd,nd,UNK,,,966.637,60,900,189.175,966.637,60,1116.57,16.66,1466.415,99.956,1681.124,60,0.421239577,0.465818673,0.450958975,0.578760423,0.534181327,1
Geophysical_model834,/home/lyara/areswave/models/Geophysical_model834.nd,nd,UNK,,,1088.334,60,900,20.671,1088.334,60,1105.456,17.121,1465.003,102.728,1697.857,60,0.604954136,0.374338741,0.451210539,0.395045864,0.625661259,1
Geophysical_model688,/home/lyara/areswave/models/Geophysical_model688.nd,nd,UNK,,,933.943,60,879.28,186.476,933.943,60,1120.631,33.943,1494.007,84.858,1692.437,60,0.601980521,0.376303695,0.451529303,0.398019479,0.623696305,1
Geophysical_model756,/home/lyara/areswave/models/Geophysical_model756.nd,nd,UNK,,,949.989,60,900,199.915,949.989,60,1116.619,16.663,1483.204,83.315,1681.259,60,0.671171756,0.34200987,0.451730498,0.328828244,0.65799013,1
AK_model_19,/home/lyara/areswave/models/AK_model_19.nd,nd,UNK,,,1045.493,60,811.971,25.947,1045.493,60,1279.016,25.947,1330.909,51.893,1670.7,60,0.475954822,0.439857372,0.451889855,0.524045178,0.560142628,1
Geophysical_model169,/home/lyara/areswave/models/Geophysical_model169.nd,nd,UNK,,,1016.434,60,877.32,181.44,1016.434,60,1132.867,33.267,1498.801,83.167,1680.187,60,0.708227179,0.324205097,0.452212458,0.291772821,0.675794903,1
Geophysical_model17,/home/lyara/areswave/models/Geophysical_model17.nd,nd,UNK,,,1016.434,60,877.32,181.44,1016.434,60,1132.867,33.267,1498.801,83.167,1680.187,60,0.708227179,0.324205097,0.452212458,0.291772821,0.675794903,1
AK_model_44,/home/lyara/areswave/models/AK_model_44.nd,nd,UNK,,,1024.918,60,790.32,26.067,1024.918,60,1285.582,130.332,1494.114,26.067,1677.908,60,0.35676024,0.500475676,0.45257053,0.64323976,0.499524324,1
Geophysical_model290,/home/lyara/areswave/models/Geophysical_model290.nd,nd,UNK,,,1001.133,60,861.561,192.197,1001.133,60,1119.121,33.711,1473.087,101.133,1688.231,60,0.416071436,0.47181367,0.453232925,0.583928564,0.52818633,1
Geophysical_model965,/home/lyara/areswave/models/Geophysical_model965.nd,nd,UNK,,,966.653,60,900,192.909,966.653,60,1133.286,33.327,1499.88,66.654,1681.272,60,0.522349548,0.41883948,0.453342836,0.477650452,0.58116052,1
Geophysical_model883,/home/lyara/areswave/models/Geophysical_model883.nd,nd,UNK,,,966.653,60,900,192.909,966.653,60,1133.286,33.327,1499.88,66.654,1681.272,60,0.522349548,0.41883948,0.453342836,0.477650452,0.58116052,1
Geophysical_model908,/home/lyara/areswave/models/Geophysical_model908.nd,nd,UNK,,,966.653,60,900,192.909,966.653,60,1133.286,33.327,1499.88,66.654,1681.272,60,0.522349548,0.41883948,0.453342836,0.477650452,0.58116052,1
Geophysical_model919,/home/lyara/areswave/models/Geophysical_model919.nd,nd,UNK,,,900,60,859.276,183.257,900,60,1106.522,17.21,1485.145,86.05,1502.356,68.84,0.332716223,0.513796062,0.453436116,0.667283777,0.486203938,1
Geophysical_model867,/home/lyara/areswave/models/Geophysical_model867.nd,nd,UNK,,,900,60,859.276,183.257,900,60,1106.522,17.21,1485.145,86.05,1502.356,68.84,0.332716223,0.513796062,0.453436116,0.667283777,0.486203938,1
Geophysical_model507,/home/lyara/areswave/models/Geophysical_model507.nd,nd,UNK,,,950.781,60,900,183.99,950.781,60,1136.977,33.854,1492.442,67.707,1690.818,60,0.323720017,0.518760893,0.453747268,0.676279983,0.481239107,1
AK_model_53,/home/lyara/areswave/models/AK_model_53.nd,nd,UNK,,,1012.109,60,833.338,25.538,1012.109,60,1114.263,102.154,1369.649,76.616,1656.21,60,0.487217883,0.437299455,0.453938931,0.512782117,0.562700545,1
Geophysical_model375,/home/lyara/areswave/models/Geophysical_model375.nd,nd,UNK,,,949.973,60,900,197.183,949.973,60,1116.548,16.657,1449.698,116.603,1681.061,60,0.405619142,0.47836251,0.454114721,0.594380858,0.52163749,1
Geophysical_model363,/home/lyara/areswave/models/Geophysical_model363.nd,nd,UNK,,,949.973,60,900,197.183,949.973,60,1116.548,16.657,1449.698,116.603,1681.061,60,0.405619142,0.47836251,0.454114721,0.594380858,0.52163749,1
AK_model_24,/home/lyara/areswave/models/AK_model_24.nd,nd,UNK,,,1075.946,60,803.518,27.243,1075.946,60,1293.887,54.485,1321.13,27.243,1721.839,60,0.351830695,0.505324021,0.454159579,0.648169305,0.494675979,1
Geophysical_model742,/home/lyara/areswave/models/Geophysical_model742.nd,nd,UNK,,,966.694,60,900,192.658,966.694,60,1133.428,33.346,1483.57,66.694,1681.638,60,0.384958685,0.488885372,0.454243143,0.615041315,0.511114628,1
Geophysical_model523,/home/lyara/areswave/models/Geophysical_model523.nd,nd,UNK,,,966.694,60,900,192.658,966.694,60,1133.428,33.346,1483.57,66.694,1681.638,60,0.384958685,0.488885372,0.454243143,0.615041315,0.511114628,1
CD_model2,/home/lyara/areswave/models/CD_model2.nd,nd,UNK,,,,60,,60,,60,,60,,60,,60,0.432589236,0.465888928,0.454789031,0.567410764,0.534111072,1
Geophysical_model400,/home/lyara/areswave/models/Geophysical_model400.nd,nd,UNK,,,949.523,60,900,191.149,949.523,60,1114.598,16.507,1461.256,99.045,1675.63,60,0.266033979,0.549230236,0.454831484,0.733966021,0.450769764,1
Geophysical_model569,/home/lyara/areswave/models/Geophysical_model569.nd,nd,UNK,,,916.707,60,875.814,193.485,916.707,60,1117.197,33.415,1484.761,83.538,1682.87,60,0.498651612,0.433443524,0.455179553,0.501348388,0.566556476,1
Geophysical_model780,/home/lyara/areswave/models/Geophysical_model780.nd,nd,UNK,,,916.707,60,875.814,193.485,916.707,60,1117.197,33.415,1484.761,83.538,1682.87,60,0.498651612,0.433443524,0.455179553,0.501348388,0.566556476,1
Geophysical_model526,/home/lyara/areswave/models/Geophysical_model526.nd,nd,UNK,,,916.589,60,878.506,193.444,916.589,60,1115.651,16.589,1497.188,99.531,1678.564,60,0.289858847,0.538489056,0.45561232,0.710141153,0.461510944,1
Geophysical_model568,/home/lyara/areswave/models/Geophysical_model568.nd,nd,UNK,,,900,60,900,181.523,900,60,1118.976,33.689,1472.706,101.066,1687.825,60,0.565509313,0.40075068,0.455670224,0.434490687,0.59924932,1
CD_model63,/home/lyara/areswave/models/CD_model63.nd,nd,UNK,,,,60,,60,,60,,60,,60,,60,0.225481709,0.57163153,0.456248256,0.774518291,0.42836847,1
Geophysical_model812,/home/lyara/areswave/models/Geophysical_model812.nd,nd,UNK,,,916.648,60,900,180.024,916.648,60,1116.419,16.648,1499.315,99.885,1680.704,60,0.561835717,0.404095111,0.456675313,0.438164283,0.595904889,1
Geophysical_model666,/home/lyara/areswave/models/Geophysical_model666.nd,nd,UNK,,,900,60,900,179.901,900,60,1119.137,33.714,1473.128,101.141,1688.275,60,0.588606786,0.391973624,0.457518011,0.411393214,0.608026376,1
Geophysical_model556,/home/lyara/areswave/models/Geophysical_model556.nd,nd,UNK,,,900,60,900,179.901,900,60,1119.137,33.714,1473.128,101.141,1688.275,60,0.588606786,0.391973624,0.457518011,0.411393214,0.608026376,1
Geophysical_model28,/home/lyara/areswave/models/Geophysical_model28.nd,nd,UNK,,,999.738,60,900,196.459,999.738,60,1116.099,16.623,1465.181,99.738,1679.811,60,0.529795761,0.421918526,0.457877605,0.470204239,0.578081474,1
Geophysical_model257,/home/lyara/areswave/models/Geophysical_model257.nd,nd,UNK,,,967.872,60,900,180.547,967.872,60,1120.585,33.937,1459.948,101.809,1692.31,60,0.392221288,0.491592912,0.458469037,0.607778712,0.508407088,1
CD_model83,/home/lyara/areswave/models/CD_model83.nd,nd,UNK,,,,60,,60,,60,,60,,60,,60,0.230592668,0.572805798,0.458734755,0.769407332,0.427194202,1
Geophysical_model898,/home/lyara/areswave/models/Geophysical_model898.nd,nd,UNK,,,916.672,60,877.434,180.529,916.672,60,1116.741,33.345,1483.532,83.362,1681.599,60,0.482124327,0.447154708,0.458811248,0.517875673,0.552845292,1
Geophysical_model713,/home/lyara/areswave/models/Geophysical_model713.nd,nd,UNK,,,916.672,60,877.403,180.774,916.672,60,1116.738,33.345,1483.524,83.361,1681.59,60,0.618684326,0.380906264,0.460165618,0.381315674,0.619093736,1
Geophysical_model204,/home/lyara/areswave/models/Geophysical_model204.nd,nd,UNK,,,982.32,60,900,191.809,982.32,60,1114.032,16.465,1459.777,115.248,1674.055,60,0.499836628,0.440710924,0.460419492,0.500163372,0.559289076,1
Geophysical_model315,/home/lyara/areswave/models/Geophysical_model315.nd,nd,UNK,,,1001.068,60,900,187.658,1001.068,60,1135.824,33.689,1489.56,101.067,1687.836,60,0.411119391,0.485681299,0.460827329,0.588880609,0.514318701,1
Geophysical_model778,/home/lyara/areswave/models/Geophysical_model778.nd,nd,UNK,,,933.288,60,876.97,184.237,933.288,60,1116.374,16.644,1499.19,99.865,1680.578,60,0.304449768,0.539332139,0.461038015,0.695550232,0.460667861,1
Geophysical_model928,/home/lyara/areswave/models/Geophysical_model928.nd,nd,UNK,,,916.707,60,900,194.018,916.707,60,1117.197,33.415,1484.761,83.538,1682.87,60,0.291468305,0.546660482,0.461596423,0.708531695,0.453339518,1
Geophysical_model655,/home/lyara/areswave/models/Geophysical_model655.nd,nd,UNK,,,916.707,60,900,194.018,916.707,60,1117.197,33.415,1484.761,83.538,1682.87,60,0.291468305,0.546660482,0.461596423,0.708531695,0.453339518,1
MD_model9,/home/lyara/areswave/models/MD_model9.nd,nd,UNK,,,993.358,60,779.806,10.169,993.358,60,1156.065,193.214,1430.632,172.876,1501.816,60,0.241882256,0.572728384,0.462446341,0.758117744,0.427271616,1
AK_model_88,/home/lyara/areswave/models/AK_model_88.nd,nd,UNK,,,1071.541,60,800.713,27.083,1071.541,60,1288.203,27.083,1342.368,54.165,1714.927,60,0.332194495,0.528190139,0.462858258,0.667805505,0.471809861,1
Geophysical_model65,/home/lyara/areswave/models/Geophysical_model65.nd,nd,UNK,,,965.752,60,900,181.314,965.752,60,1113.693,16.437,1442.45,115.065,1673.108,60,0.528271017,0.430858491,0.463329333,0.471728983,0.569141509,1
Geophysical_model916,/home/lyara/areswave/models/Geophysical_model916.nd,nd,UNK,,,916.693,60,900,178.836,916.693,60,1117.015,33.386,1484.271,83.467,1682.363,60,0.401681521,0.496572216,0.464941984,0.598318479,0.503427784,1
Geophysical_model691,/home/lyara/areswave/models/Geophysical_model691.nd,nd,UNK,,,900,60,900,179.015,900,60,1119.258,33.732,1490.311,101.196,1688.613,60,0.563863082,0.415574753,0.465004196,0.436136918,0.584425247,1
Geophysical_model656,/home/lyara/areswave/models/Geophysical_model656.nd,nd,UNK,,,900,60,900,179.015,900,60,1119.258,33.732,1490.311,101.196,1688.613,60,0.563863082,0.415574753,0.465004196,0.436136918,0.584425247,1
Geophysical_model782,/home/lyara/areswave/models/Geophysical_model782.nd,nd,UNK,,,900,60,900,179.015,900,60,1119.258,33.732,1490.311,101.196,1688.613,60,0.563863082,0.415574753,0.465004196,0.436136918,0.584425247,1
Geophysical_model968,/home/lyara/areswave/models/Geophysical_model968.nd,nd,UNK,,,949.898,60,900,182.376,949.898,60,1132.856,33.265,1498.773,83.163,1680.159,60,0.399122918,0.49883385,0.465596873,0.600877082,0.50116615,1
Geophysical_model565,/home/lyara/areswave/models/Geophysical_model565.nd,nd,UNK,,,949.898,60,900,182.376,949.898,60,1132.856,33.265,1498.773,83.163,1680.159,60,0.399122918,0.49883385,0.465596873,0.600877082,0.50116615,1
Geophysical_model848,/home/lyara/areswave/models/Geophysical_model848.nd,nd,UNK,,,950.021,60,900,180.064,950.021,60,1133.429,33.347,1483.573,66.694,1681.641,60,0.544840066,0.426199942,0.46574665,0.455159934,0.573800058,1
Geophysical_model983,/home/lyara/areswave/models/Geophysical_model983.nd,nd,UNK,,,933.343,60,900,178.964,933.343,60,1116.73,33.343,1483.505,83.358,1681.57,60,0.562023466,0.41830503,0.466211175,0.437976534,0.58169497,1
Geophysical_model826,/home/lyara/areswave/models/Geophysical_model826.nd,nd,UNK,,,1088.334,60,900,20.699,1088.334,60,1105.456,17.121,1465.003,119.85,1697.857,60,0.560816195,0.419942567,0.466900443,0.439183805,0.580057433,1
Geophysical_model544,/home/lyara/areswave/models/Geophysical_model544.nd,nd,UNK,,,950.085,60,900,182.621,950.085,60,1133.728,33.39,1484.32,66.779,1682.414,60,0.63864151,0.381079431,0.466933457,0.36135849,0.618920569,1
Geophysical_model538,/home/lyara/areswave/models/Geophysical_model538.nd,nd,UNK,,,950.085,60,900,182.621,950.085,60,1133.728,33.39,1484.32,66.779,1682.414,60,0.63864151,0.381079431,0.466933457,0.36135849,0.618920569,1
AK_model_90,/home/lyara/areswave/models/AK_model_90.nd,nd,UNK,,,1066.591,60,798.434,26.816,1066.591,60,1281.116,26.815,1334.748,53.631,1705.618,60,0.328315384,0.536289005,0.466964465,0.671684616,0.463710995,1
Geophysical_model933,/home/lyara/areswave/models/Geophysical_model933.nd,nd,UNK,,,950.04,60,900,179.988,950.04,60,1133.521,50.04,1483.802,66.72,1681.878,60,0.68110785,0.361714747,0.468179114,0.31889215,0.638285253,1
Geophysical_model428,/home/lyara/areswave/models/Geophysical_model428.nd,nd,UNK,,,966.066,60,900,192.78,966.066,60,1114.715,16.516,1461.562,99.099,1675.956,60,0.43259392,0.486304779,0.468401159,0.56740608,0.513695221,1
Geophysical_model762,/home/lyara/areswave/models/Geophysical_model762.nd,nd,UNK,,,933.422,60,900,184.314,933.422,60,1117.244,33.423,1484.889,83.556,1683.002,60,0.577257686,0.414286223,0.468610044,0.422742314,0.585713777,1
Geophysical_model247,/home/lyara/areswave/models/Geophysical_model247.nd,nd,UNK,,,966.552,60,900,193.11,966.552,60,1116.294,16.638,1465.692,99.828,1680.354,60,0.546013674,0.430999263,0.4693374,0.453986326,0.569000737,1
Geophysical_model811,/home/lyara/areswave/models/Geophysical_model811.nd,nd,UNK,,,900,60,900,181.498,900,60,1106.522,17.21,1467.935,86.05,1502.356,68.84,0.687776318,0.360851247,0.469826271,0.312223682,0.639148753,1
Geophysical_model959,/home/lyara/areswave/models/Geophysical_model959.nd,nd,UNK,,,900,60,900,181.498,900,60,1106.522,17.21,1467.935,86.05,1502.356,68.84,0.687776318,0.360851247,0.469826271,0.312223682,0.639148753,1
Geophysical_model561,/home/lyara/areswave/models/Geophysical_model561.nd,nd,UNK,,,900,60,900,22.397,900,60,1101.621,16.802,1488.061,100.811,1686.284,60,0.539764169,0.435215917,0.470065335,0.460235831,0.564784083,1
Geophysical_model923,/home/lyara/areswave/models/Geophysical_model923.nd,nd,UNK,,,933.343,60,900,180.439,933.343,60,1116.73,33.343,1483.505,83.358,1681.57,60,0.57256058,0.418827001,0.470071527,0.42743942,0.581172999,1
AK_model_72,/home/lyara/areswave/models/AK_model_72.nd,nd,UNK,,,1026.606,60,795.967,25.627,1026.606,60,1282.873,76.88,1308.499,25.627,1695.104,60,0.415808088,0.497344645,0.470165792,0.584191912,0.502655355,1
CD_model29,/home/lyara/areswave/models/CD_model29.nd,nd,UNK,,,,60,,60,,60,,60,,60,,60,0.216891602,0.597010455,0.470304171,0.783108398,0.402989545,1
Geophysical_model117,/home/lyara/areswave/models/Geophysical_model117.nd,nd,UNK,,,966.508,60,900,194.013,966.508,60,1116.152,16.627,1465.32,99.762,1679.958,60,0.324420576,0.543271199,0.470320991,0.675579424,0.456728801,1
Geophysical_model260,/home/lyara/areswave/models/Geophysical_model260.nd,nd,UNK,,,982.805,60,860.802,195.988,982.805,60,1115.292,16.561,1496.194,99.365,1677.564,60,0.268484841,0.571422146,0.470443045,0.731515159,0.428577854,1
Geophysical_model844,/home/lyara/areswave/models/Geophysical_model844.nd,nd,UNK,,,933.261,60,900,184.559,933.261,60,1116.199,16.631,1498.706,99.784,1680.091,60,0.629362002,0.390984676,0.470443785,0.370637998,0.609015324,1
Geophysical_model628,/home/lyara/areswave/models/Geophysical_model628.nd,nd,UNK,,,933.422,60,900,183.587,933.422,60,1117.244,33.423,1484.889,83.556,1683.002,60,0.47756096,0.466940933,0.470480942,0.52243904,0.533059067,1
Geophysical_model964,/home/lyara/areswave/models/Geophysical_model964.nd,nd,UNK,,,933.422,60,900,183.587,933.422,60,1117.244,33.423,1484.889,83.556,1683.002,60,0.47756096,0.466940933,0.470480942,0.52243904,0.533059067,1
Geophysical_model270,/home/lyara/areswave/models/Geophysical_model270.nd,nd,UNK,,,1001.288,60,880.467,195.334,1001.288,60,1119.457,33.763,1490.847,101.288,1689.167,60,0.583104709,0.414320984,0.470582225,0.416895291,0.585679016,1
Geophysical_model632,/home/lyara/areswave/models/Geophysical_model632.nd,nd,UNK,,,900,60,900,22.42,900,60,1101.621,16.802,1488.061,100.811,1686.284,60,0.569622562,0.421850146,0.471107618,0.430377438,0.578149854,1
Geophysical_model749,/home/lyara/areswave/models/Geophysical_model749.nd,nd,UNK,,,900,60,900,197.837,900,60,1104.246,17.02,1478.696,102.123,1694.206,60,0.496902173,0.458604812,0.471370599,0.503097827,0.541395188,1
Geophysical_model977,/home/lyara/areswave/models/Geophysical_model977.nd,nd,UNK,,,1086.703,60,900,21.204,1086.703,60,1103.676,16.973,1460.108,118.81,1692.486,60,0.371338609,0.521838691,0.471671997,0.628661391,0.478161309,1
Geophysical_model807,/home/lyara/areswave/models/Geophysical_model807.nd,nd,UNK,,,1099.57,60,900,21.445,1099.57,60,1116.201,16.631,1465.45,99.785,1680.096,60,0.681990573,0.368055894,0.472700787,0.318009427,0.631944106,1
Geophysical_model706,/home/lyara/areswave/models/Geophysical_model706.nd,nd,UNK,,,1099.57,60,900,21.445,1099.57,60,1116.201,16.631,1465.45,99.785,1680.096,60,0.681990573,0.368055894,0.472700787,0.318009427,0.631944106,1
Geophysical_model364,/home/lyara/areswave/models/Geophysical_model364.nd,nd,UNK,,,1016.295,60,900,198.368,1016.295,60,1132.589,33.227,1498.087,99.682,1679.468,60,0.596772357,0.411270918,0.473104731,0.403227643,0.588729082,1
Geophysical_model313,/home/lyara/areswave/models/Geophysical_model313.nd,nd,UNK,,,1016.295,60,900,198.368,1016.295,60,1132.589,33.227,1498.087,99.682,1679.468,60,0.596772357,0.411270918,0.473104731,0.403227643,0.588729082,1
Geophysical_model498,/home/lyara/areswave/models/Geophysical_model498.nd,nd,UNK,,,1016.295,60,900,198.368,1016.295,60,1132.589,33.227,1498.087,99.682,1679.468,60,0.596772357,0.411270918,0.473104731,0.403227643,0.588729082,1
CD_model60,/home/lyara/areswave/models/CD_model60.nd,nd,UNK,,,,60,,60,,60,,60,,60,,60,0.331023752,0.544194027,0.473137269,0.668976248,0.455805973,1
Geophysical_model657,/home/lyara/areswave/models/Geophysical_model657.nd,nd,UNK,,,916.728,60,900,191.854,916.728,60,1117.467,33.456,1485.488,83.641,1683.622,60,0.583128891,0.418492723,0.473371445,0.416871109,0.581507277,1
Geophysical_model638,/home/lyara/areswave/models/Geophysical_model638.nd,nd,UNK,,,916.693,60,877.71,178.319,916.693,60,1117.015,33.386,1484.271,83.467,1682.363,60,0.444761727,0.487746069,0.473417955,0.555238273,0.512253931,1
Geophysical_model615,/home/lyara/areswave/models/Geophysical_model615.nd,nd,UNK,,,900,60,900,21.485,900,60,1116.829,33.358,1467.092,100.075,1681.845,60,0.504584451,0.458296684,0.47372594,0.495415549,0.541703316,1
Geophysical_model626,/home/lyara/areswave/models/Geophysical_model626.nd,nd,UNK,,,933.4,60,876.875,184.998,933.4,60,1117.102,33.4,1484.505,83.501,1682.605,60,0.417912836,0.502071305,0.474018482,0.582087164,0.497928695,1
AK_model_91,/home/lyara/areswave/models/AK_model_91.nd,nd,UNK,,,1074.988,60,775.432,27.233,1074.988,60,1292.847,54.464,1320.08,54.464,1720.767,60,0.425041668,0.498588292,0.474072751,0.574958332,0.501411708,1
Geophysical_model240,/home/lyara/areswave/models/Geophysical_model240.nd,nd,UNK,,,999.801,60,878.469,193.778,999.801,60,1116.236,16.633,1498.807,99.801,1680.192,60,0.48881221,0.466797388,0.474135662,0.51118779,0.533202612,1
Geophysical_model582,/home/lyara/areswave/models/Geophysical_model582.nd,nd,UNK,,,916.922,60,900,183.743,916.922,60,1119.984,33.844,1475.344,84.609,1690.635,60,0.478657875,0.472690027,0.47467931,0.521342125,0.527309973,1
Geophysical_model478,/home/lyara/areswave/models/Geophysical_model478.nd,nd,UNK,,,983.19,60,858.498,186.757,983.19,60,1116.294,16.638,1465.692,116.465,1680.354,60,0.664757847,0.37979844,0.474784909,0.335242153,0.62020156,1
AK_model_74,/home/lyara/areswave/models/AK_model_74.nd,nd,UNK,,,1048.917,60,820.552,25.374,1048.917,60,1277.282,50.748,1328.03,50.748,1687.331,60,0.627936778,0.398405141,0.474915686,0.372063222,0.601594859,1
Geophysical_model748,/home/lyara/areswave/models/Geophysical_model748.nd,nd,UNK,,,1099.489,60,900,21.061,1099.489,60,1116.113,16.624,1465.218,99.745,1679.849,60,0.466328135,0.479765276,0.475286229,0.533671865,0.520234724,1
AK_model_65,/home/lyara/areswave/models/AK_model_65.nd,nd,UNK,,,1001.408,60,796.24,25.646,1001.408,60,1103.992,102.584,1360.452,25.646,1695.897,60,0.479957519,0.4732726,0.475500906,0.520042481,0.5267274,1
Geophysical_model783,/home/lyara/areswave/models/Geophysical_model783.nd,nd,UNK,,,916.648,60,877.515,179.878,916.648,60,1116.419,16.648,1499.315,99.885,1680.704,60,0.658203187,0.384262926,0.475576346,0.341796813,0.615737074,1
Geophysical_model132,/home/lyara/areswave/models/Geophysical_model132.nd,nd,UNK,,,1048.611,60,900,194.704,1048.611,60,1147.685,33.024,1494.444,66.049,1675.804,60,0.639894059,0.39427053,0.476145039,0.360105941,0.60572947,1
MD_model51,/home/lyara/areswave/models/MD_model51.nd,nd,UNK,,,983.045,60,717.402,191.263,983.045,60,1291.191,31.878,1354.945,74.38,1605.669,60,0.748411536,0.34032775,0.476355679,0.251588464,0.65967225,1
Geophysical_model799,/home/lyara/areswave/models/Geophysical_model799.nd,nd,UNK,,,933.862,60,900,186.987,933.862,60,1120.105,33.862,1492.59,84.656,1690.97,60,0.416672217,0.506716836,0.476701963,0.583327783,0.493283164,1
Geophysical_model16,/home/lyara/areswave/models/Geophysical_model16.nd,nd,UNK,,,999.738,60,878.116,196.952,999.738,60,1116.099,16.623,1481.804,99.738,1679.811,60,0.666810744,0.381651627,0.476704666,0.333189256,0.618348373,1
Geophysical_model863,/home/lyara/areswave/models/Geophysical_model863.nd,nd,UNK,,,950.526,60,900,171.761,950.526,60,1135.789,33.684,1472.631,67.369,1687.745,60,0.433612214,0.498255751,0.476707905,0.566387786,0.501744249,1
Geophysical_model777,/home/lyara/areswave/models/Geophysical_model777.nd,nd,UNK,,,900,60,900,59.597,900,60,1101.608,33.601,1488.023,100.804,1686.245,60,0.449660095,0.490382915,0.476808642,0.550339905,0.509617085,1
Geophysical_model804,/home/lyara/areswave/models/Geophysical_model804.nd,nd,UNK,,,900,60,900,59.597,900,60,1101.608,33.601,1488.023,100.804,1686.245,60,0.449660095,0.490382915,0.476808642,0.550339905,0.509617085,1
Geophysical_model318,/home/lyara/areswave/models/Geophysical_model318.nd,nd,UNK,,,983.209,60,878.051,197.538,983.209,60,1116.342,16.642,1465.818,116.492,1680.489,60,0.701052988,0.365241268,0.477178508,0.298947012,0.634758732,1
Geophysical_model176,/home/lyara/areswave/models/Geophysical_model176.nd,nd,UNK,,,966.298,60,900,189.209,966.298,60,1115.469,16.574,1463.533,99.447,1678.056,60,0.567002501,0.432597995,0.477399497,0.432997499,0.567402005,1
Geophysical_model26,/home/lyara/areswave/models/Geophysical_model26.nd,nd,UNK,,,1049.919,60,900,181.611,1049.919,60,1133.207,33.315,1483.019,83.288,1681.067,60,0.651247282,0.390525094,0.47743249,0.348752718,0.609474906,1
Geophysical_model297,/home/lyara/areswave/models/Geophysical_model297.nd,nd,UNK,,,1049.919,60,900,181.611,1049.919,60,1133.207,33.315,1483.019,83.288,1681.067,60,0.651247282,0.390525094,0.47743249,0.348752718,0.609474906,1
Geophysical_model708,/home/lyara/areswave/models/Geophysical_model708.nd,nd,UNK,,,900,60,900,178.573,900,60,1118.565,33.625,1471.633,100.876,1686.682,60,0.439187292,0.49744566,0.478026204,0.560812708,0.50255434,1
Geophysical_model415,/home/lyara/areswave/models/Geophysical_model415.nd,nd,UNK,,,949.68,60,900,189.936,949.68,60,1115.279,16.56,1463.038,99.36,1677.528,60,0.51665478,0.459160568,0.478325305,0.48334522,0.540839432,1
Geophysical_model302,/home/lyara/areswave/models/Geophysical_model302.nd,nd,UNK,,,933.563,60,900,195.716,933.563,60,1101.377,16.781,1453.786,100.689,1685.548,60,0.470107941,0.482959979,0.478675966,0.529892059,0.517040021,1
Geophysical_model30,/home/lyara/areswave/models/Geophysical_model30.nd,nd,UNK,,,966.367,60,900,189.356,966.367,60,1115.693,16.592,1464.12,116.143,1678.681,60,0.483301736,0.476497517,0.47876559,0.516698264,0.523502483,1
Geophysical_model172,/home/lyara/areswave/models/Geophysical_model172.nd,nd,UNK,,,966.367,60,900,189.356,966.367,60,1115.693,16.592,1464.12,116.143,1678.681,60,0.483301736,0.476497517,0.47876559,0.516698264,0.523502483,1
Geophysical_model29,/home/lyara/areswave/models/Geophysical_model29.nd,nd,UNK,,,966.367,60,900,189.356,966.367,60,1115.693,16.592,1464.12,116.143,1678.681,60,0.483301736,0.476497517,0.47876559,0.516698264,0.523502483,1
AK_model_71,/home/lyara/areswave/models/AK_model_71.nd,nd,UNK,,,1027.518,60,797.261,25.584,1027.518,60,1283.359,76.752,1308.944,25.584,1695.121,60,0.684444901,0.37671323,0.479290454,0.315555099,0.62328677,1
AK_model_26,/home/lyara/areswave/models/AK_model_26.nd,nd,UNK,,,1062.407,60,796.562,26.585,1062.407,60,1275.083,26.584,1328.252,53.169,1697.655,60,0.674616849,0.381653611,0.479308024,0.325383151,0.618346389,1
Geophysical_model106,/home/lyara/areswave/models/Geophysical_model106.nd,nd,UNK,,,966.673,60,900,186.183,966.673,60,1116.688,33.336,1483.391,100.01,1681.453,60,0.476337551,0.480834438,0.479335475,0.523662449,0.519165562,1
AK_model_92,/home/lyara/areswave/models/AK_model_92.nd,nd,UNK,,,1080.172,60,777.645,27.502,1080.172,60,1272.689,27.502,1327.694,55.005,1730.346,60,0.280335038,0.579319154,0.479657782,0.719664962,0.420680846,1
Geophysical_model285,/home/lyara/areswave/models/Geophysical_model285.nd,nd,UNK,,,949.973,60,900,194.575,949.973,60,1116.548,16.657,1449.698,99.945,1681.061,60,0.506212439,0.467233526,0.480226497,0.493787561,0.532766474,1
Geophysical_model427,/home/lyara/areswave/models/Geophysical_model427.nd,nd,UNK,,,949.973,60,900,194.575,949.973,60,1116.548,16.657,1449.698,99.945,1681.061,60,0.506212439,0.467233526,0.480226497,0.493787561,0.532766474,1
Geophysical_model442,/home/lyara/areswave/models/Geophysical_model442.nd,nd,UNK,,,949.524,60,900,193.257,949.524,60,1114.604,16.509,1461.273,99.048,1675.648,60,0.33405895,0.554030793,0.480706845,0.66594105,0.445969207,1
CD_model72,/home/lyara/areswave/models/CD_model72.nd,nd,UNK,,,,60,,60,,60,,60,,60,,60,0.239546582,0.601323997,0.480731526,0.760453418,0.398676003,1
Geophysical_model265,/home/lyara/areswave/models/Geophysical_model265.nd,nd,UNK,,,983.111,60,878.726,191.464,983.111,60,1116.088,16.622,1465.153,99.733,1679.781,60,0.526477694,0.45795418,0.480795351,0.473522306,0.54204582,1
AK_model_5,/home/lyara/areswave/models/AK_model_5.nd,nd,UNK,,,1050.493,60,815.949,26.06,1050.493,60,1285.037,78.182,1311.097,26.06,1677.345,60,0.61447163,0.41461961,0.48123695,0.38552837,0.58538039,1
Gudkova,/home/lyara/areswave/models/Gudkova.nd,nd,UNK,,,819.32,60,819.32,307.727,819.32,60,1174.566,16.704,1443.681,39.918,1567.533,90.135,0.463324573,0.49019491,0.481238131,0.536675427,0.50980509,1
Geophysical_model178,/home/lyara/areswave/models/Geophysical_model178.nd,nd,UNK,,,999.801,60,857.307,192.118,999.801,60,1116.236,16.633,1482.173,99.801,1680.192,60,0.507178935,0.468688772,0.481518826,0.492821065,0.531311228,1
Geophysical_model396,/home/lyara/areswave/models/Geophysical_model396.nd,nd,UNK,,,949.68,60,900,188.732,949.68,60,1115.279,16.56,1446.478,99.36,1677.528,60,0.444908156,0.500113026,0.481711403,0.555091844,0.499886974,1
Geophysical_model359,/home/lyara/areswave/models/Geophysical_model359.nd,nd,UNK,,,949.517,60,900,193.344,949.517,60,1114.574,16.506,1444.688,115.54,1675.563,60,0.335993923,0.554943326,0.481960192,0.664006077,0.445056674,1
Geophysical_model296,/home/lyara/areswave/models/Geophysical_model296.nd,nd,UNK,,,949.517,60,900,193.344,949.517,60,1114.574,16.506,1444.688,115.54,1675.563,60,0.335993923,0.554943326,0.481960192,0.664006077,0.445056674,1
Geophysical_model679,/home/lyara/areswave/models/Geophysical_model679.nd,nd,UNK,,,933.365,60,900,185.196,933.365,60,1116.872,33.365,1483.886,83.413,1681.964,60,0.443910954,0.501791869,0.482498231,0.556089046,0.498208131,1
Geophysical_model94,/home/lyara/areswave/models/Geophysical_model94.nd,nd,UNK,,,983.071,60,878.665,192.014,983.071,60,1115.985,16.614,1464.884,99.686,1679.494,60,0.551042423,0.448761748,0.482855306,0.448957577,0.551238252,1
Geophysical_model307,/home/lyara/areswave/models/Geophysical_model307.nd,nd,UNK,,,999.558,60,878.735,191.384,999.558,60,1115.708,16.593,1480.753,99.558,1678.723,60,0.390938508,0.529209523,0.483119185,0.609061492,0.470790477,1
Geophysical_model280,/home/lyara/areswave/models/Geophysical_model280.nd,nd,UNK,,,999.558,60,878.735,191.384,999.558,60,1115.708,16.593,1480.753,99.558,1678.723,60,0.390938508,0.529209523,0.483119185,0.609061492,0.470790477,1
Geophysical_model95,/home/lyara/areswave/models/Geophysical_model95.nd,nd,UNK,,,999.558,60,878.735,191.384,999.558,60,1115.708,16.593,1480.753,99.558,1678.723,60,0.390938508,0.529209523,0.483119185,0.609061492,0.470790477,1
Geophysical_model765,/home/lyara/areswave/models/Geophysical_model765.nd,nd,UNK,,,933.693,60,900,180.94,933.693,60,1119.005,33.693,1489.628,84.233,1687.906,60,0.496698739,0.477592831,0.483961467,0.503301261,0.522407169,1
Geophysical_model696,/home/lyara/areswave/models/Geophysical_model696.nd,nd,UNK,,,933.693,60,900,180.94,933.693,60,1119.005,33.693,1489.628,84.233,1687.906,60,0.496698739,0.477592831,0.483961467,0.503301261,0.522407169,1
Geophysical_model975,/home/lyara/areswave/models/Geophysical_model975.nd,nd,UNK,,,933.693,60,900,180.94,933.693,60,1119.005,33.693,1489.628,84.233,1687.906,60,0.496698739,0.477592831,0.483961467,0.503301261,0.522407169,1
Geophysical_model616,/home/lyara/areswave/models/Geophysical_model616.nd,nd,UNK,,,933.693,60,900,180.94,933.693,60,1119.005,33.693,1489.628,84.233,1687.906,60,0.496698739,0.477592831,0.483961467,0.503301261,0.522407169,1
Geophysical_model767,/home/lyara/areswave/models/Geophysical_model767.nd,nd,UNK,,,933.693,60,900,180.94,933.693,60,1119.005,33.693,1489.628,84.233,1687.906,60,0.496698739,0.477592831,0.483961467,0.503301261,0.522407169,1
Geophysical_model408,/home/lyara/areswave/models/Geophysical_model408.nd,nd,UNK,,,949.973,60,900,193.776,949.973,60,1116.548,16.657,1449.698,99.945,1681.061,60,0.498281038,0.476835329,0.483983899,0.501718962,0.523164671,1
Geophysical_model113,/home/lyara/areswave/models/Geophysical_model113.nd,nd,UNK,,,949.973,60,900,193.776,949.973,60,1116.548,16.657,1449.698,99.945,1681.061,60,0.498281038,0.476835329,0.483983899,0.501718962,0.523164671,1
Geophysical_model213,/home/lyara/areswave/models/Geophysical_model213.nd,nd,UNK,,,949.973,60,900,193.776,949.973,60,1116.548,16.657,1449.698,99.945,1681.061,60,0.498281038,0.476835329,0.483983899,0.501718962,0.523164671,1
Geophysical_model859,/home/lyara/areswave/models/Geophysical_model859.nd,nd,UNK,,,950.013,60,900,182.129,950.013,60,1133.396,33.342,1483.489,66.684,1681.554,60,0.479115196,0.486837729,0.484263551,0.520884804,0.513162271,1
CD_model30,/home/lyara/areswave/models/CD_model30.nd,nd,UNK,,,,60,,60,,60,,60,,60,,60,0.347469041,0.553289338,0.484682572,0.652530959,0.446710662,1
CD_model43,/home/lyara/areswave/models/CD_model43.nd,nd,UNK,,,,60,,60,,60,,60,,60,,60,0.347469041,0.553289338,0.484682572,0.652530959,0.446710662,1
AK_model_99,/home/lyara/areswave/models/AK_model_99.nd,nd,UNK,,,1043.821,60,773.927,26.989,1043.821,60,1286.726,53.979,1313.715,53.979,1712.601,60,0.707227761,0.37370473,0.484879073,0.292772239,0.62629527,1
AK_model_32,/home/lyara/areswave/models/AK_model_32.nd,nd,UNK,,,1041.652,60,799.091,26.951,1041.652,60,1284.214,53.903,1311.165,53.903,1709.879,60,0.685473103,0.385328853,0.485376936,0.314526897,0.614671147,1
AK_model_37,/home/lyara/areswave/models/AK_model_37.nd,nd,UNK,,,1028.349,60,814.506,26.73,1028.349,60,1295.654,106.922,1482.767,160.383,1693.426,60,0.419290381,0.518555402,0.485467062,0.580709619,0.481444598,1
MD_model73,/home/lyara/areswave/models/MD_model73.nd,nd,UNK,,,995.034,60,763.228,10.537,995.034,60,1100.4,147.513,1395.426,126.44,1602.505,60,0.601516161,0.428117394,0.485916983,0.398483839,0.571882606,1
CD_model52,/home/lyara/areswave/models/CD_model52.nd,nd,UNK,,,,60,,60,,60,,60,,60,,60,0.26358535,0.5970985,0.48592745,0.73641465,0.4029015,1
Geophysical_model483,/home/lyara/areswave/models/Geophysical_model483.nd,nd,UNK,,,966.664,60,900,186.704,966.664,60,1116.657,16.666,1466.64,99.995,1681.365,60,0.632154435,0.412880967,0.485972123,0.367845565,0.587119033,1
Geophysical_model20,/home/lyara/areswave/models/Geophysical_model20.nd,nd,UNK,,,966.664,60,900,186.704,966.664,60,1116.657,16.666,1466.64,99.995,1681.365,60,0.632154435,0.412880967,0.485972123,0.367845565,0.587119033,1
Geophysical_model816,/home/lyara/areswave/models/Geophysical_model816.nd,nd,UNK,,,1087.5,60,900,22.588,1087.5,60,1104.545,17.046,1445.454,119.318,1695.109,60,0.730813139,0.364223638,0.486420138,0.269186861,0.635776362,1
Geophysical_model884,/home/lyara/areswave/models/Geophysical_model884.nd,nd,UNK,,,933.365,60,900,186.283,933.365,60,1116.871,33.365,1483.885,83.412,1681.963,60,0.479692039,0.489947862,0.486529254,0.520307961,0.510052138,1
Geophysical_model636,/home/lyara/areswave/models/Geophysical_model636.nd,nd,UNK,,,900,60,900,178.87,900,60,1118.565,33.625,1471.633,100.876,1686.682,60,0.382362734,0.539588209,0.487179717,0.617637266,0.460411791,1
Geophysical_model322,/home/lyara/areswave/models/Geophysical_model322.nd,nd,UNK,,,983.19,60,900,194.819,983.19,60,1116.294,16.638,1465.692,116.466,1680.354,60,0.549056046,0.456983607,0.48767442,0.450943954,0.543016393,1
Geophysical_model229,/home/lyara/areswave/models/Geophysical_model229.nd,nd,UNK,,,965.752,60,900,181.724,965.752,60,1113.693,16.437,1458.888,115.065,1673.108,60,0.519579468,0.472005675,0.487863606,0.480420532,0.527994325,1
Geophysical_model479,/home/lyara/areswave/models/Geophysical_model479.nd,nd,UNK,,,983.998,60,876.544,187.65,983.998,60,1118.394,33.599,1487.983,100.797,1686.203,60,0.656178084,0.404566393,0.488436957,0.343821916,0.595433607,1
MD_model12,/home/lyara/areswave/models/MD_model12.nd,nd,UNK,,,998.179,60,812.363,10.323,998.179,60,1183.995,165.17,1442.073,185.816,1584.814,60,0.810172849,0.327636059,0.488481655,0.189827151,0.672363941,1
Geophysical_model868,/home/lyara/areswave/models/Geophysical_model868.nd,nd,UNK,,,949.989,60,900,186.742,949.989,60,1133.282,33.326,1483.205,83.315,1681.261,60,0.585792572,0.440059004,0.48863686,0.414207428,0.559940996,1
Geophysical_model245,/home/lyara/areswave/models/Geophysical_model245.nd,nd,UNK,,,967.7,60,900,181.096,967.7,60,1120.025,33.85,1458.525,118.475,1690.748,60,0.590778412,0.437776079,0.488776857,0.409221588,0.562223921,1
Geophysical_model876,/home/lyara/areswave/models/Geophysical_model876.nd,nd,UNK,,,1085.08,60,900,29.768,1085.08,60,1101.905,16.826,1455.24,117.778,1687.143,60,0.391879362,0.537351445,0.488860751,0.608120638,0.462648555,1
AK_model_43,/home/lyara/areswave/models/AK_model_43.nd,nd,UNK,,,1028.345,60,817.934,26.302,1028.345,60,1291.359,105.206,1475.469,157.809,1685.454,60,0.639994104,0.413684082,0.489120756,0.360005896,0.586315918,1
Geophysical_model62,/home/lyara/areswave/models/Geophysical_model62.nd,nd,UNK,,,1099.133,60,900,181.776,1099.133,60,1115.728,16.594,1431.022,99.567,1678.777,60,0.421765028,0.523077697,0.489306808,0.578234972,0.476922303,1
Geophysical_model312,/home/lyara/areswave/models/Geophysical_model312.nd,nd,UNK,,,966.712,60,878.564,192.925,966.712,60,1116.813,33.356,1483.727,100.067,1681.8,60,0.447843334,0.510739411,0.489774052,0.552156666,0.489260589,1
Geophysical_model86,/home/lyara/areswave/models/Geophysical_model86.nd,nd,UNK,,,1015.239,60,900,189.352,1015.239,60,1130.479,32.926,1492.66,98.777,1674.009,60,0.692263279,0.388758858,0.489926998,0.307736721,0.611241142,1
CD_model49,/home/lyara/areswave/models/CD_model49.nd,nd,UNK,,,,60,,60,,60,,60,,60,,60,0.448662935,0.5105947,0.489950779,0.551337065,0.4894053,1
CD_model48,/home/lyara/areswave/models/CD_model48.nd,nd,UNK,,,,60,,60,,60,,60,,60,,60,0.448662935,0.5105947,0.489950779,0.551337065,0.4894053,1
Geophysical_model730,/home/lyara/areswave/models/Geophysical_model730.nd,nd,UNK,,,933.948,60,900,185.625,933.948,60,1120.665,33.948,1494.098,84.871,1692.531,60,0.640892187,0.415793481,0.490826383,0.359107813,0.584206519,1
Geophysical_model281,/home/lyara/areswave/models/Geophysical_model281.nd,nd,UNK,,,999.737,60,878.076,197.316,999.737,60,1116.097,16.623,1465.176,99.737,1679.805,60,0.575845256,0.448482923,0.490937034,0.424154744,0.551517077,1
Geophysical_model36,/home/lyara/areswave/models/Geophysical_model36.nd,nd,UNK,,,1049.308,60,900,180.2,1049.308,60,1132.256,33.179,1497.231,82.949,1678.607,60,0.775835436,0.349224022,0.491427827,0.224164564,0.650775978,1
Geophysical_model138,/home/lyara/areswave/models/Geophysical_model138.nd,nd,UNK,,,982.921,60,900,196.419,982.921,60,1115.594,16.584,1463.861,116.089,1678.405,60,0.649134757,0.413841998,0.492272918,0.350865243,0.586158002,1
Geophysical_model673,/home/lyara/areswave/models/Geophysical_model673.nd,nd,UNK,,,900,60,900,180.989,900,60,1118.976,33.689,1489.55,101.066,1687.825,60,0.610176212,0.433369795,0.492305267,0.389823788,0.566630205,1
AK_model_12,/home/lyara/areswave/models/AK_model_12.nd,nd,UNK,,,1035.663,60,813.003,24.74,1035.663,60,1283.062,74.22,1307.802,24.74,1686.223,60,0.625618943,0.4257613,0.492380514,0.374381057,0.5742387,1
AK_model_81,/home/lyara/areswave/models/AK_model_81.nd,nd,UNK,,,1048.351,60,819.977,25.375,1048.351,60,1276.724,50.749,1327.474,50.75,1686.823,60,0.259005075,0.609855746,0.492905523,0.740994925,0.390144254,1
Geophysical_model790,/home/lyara/areswave/models/Geophysical_model790.nd,nd,UNK,,,900,60,900,197.837,900,60,1104.416,17.035,1479.179,102.208,1694.72,60,0.599883449,0.439669362,0.493074057,0.400116551,0.560330638,1
Geophysical_model700,/home/lyara/areswave/models/Geophysical_model700.nd,nd,UNK,,,916.847,60,879.958,180.374,916.847,60,1119.005,33.693,1489.628,84.233,1687.906,60,0.371559796,0.554461548,0.493494297,0.628440204,0.445538452,1
Geophysical_model1,/home/lyara/areswave/models/Geophysical_model1.nd,nd,UNK,,,1033.278,60,900,182.554,1033.278,60,1133.237,33.32,1483.093,83.299,1681.144,60,0.721412685,0.379752898,0.493639494,0.278587315,0.620247102,1
Geophysical_model2,/home/lyara/areswave/models/Geophysical_model2.nd,nd,UNK,,,1033.278,60,900,182.554,1033.278,60,1133.237,33.32,1483.093,83.299,1681.144,60,0.721412685,0.379752898,0.493639494,0.278587315,0.620247102,1
Geophysical_model746,/home/lyara/areswave/models/Geophysical_model746.nd,nd,UNK,,,966.806,60,900,177.866,966.806,60,1133.823,33.403,1484.557,66.807,1682.659,60,0.285847821,0.597598139,0.493681366,0.714152179,0.402401861,1
Geophysical_model594,/home/lyara/areswave/models/Geophysical_model594.nd,nd,UNK,,,900,60,900,179.42,900,60,1118.565,33.625,1488.445,100.876,1686.682,60,0.463332393,0.508994853,0.493774033,0.536667607,0.491005147,1
Geophysical_model557,/home/lyara/areswave/models/Geophysical_model557.nd,nd,UNK,,,916.669,60,877.429,180.568,916.669,60,1116.699,33.338,1483.42,83.346,1681.482,60,0.417866866,0.531757811,0.493794162,0.582133134,0.468242189,1
Geophysical_model699,/home/lyara/areswave/models/Geophysical_model699.nd,nd,UNK,,,900,60,900,179.615,900,60,1118.724,33.65,1488.873,100.949,1687.125,60,0.653576536,0.414267026,0.494036863,0.346423464,0.585732974,1
Geophysical_model535,/home/lyara/areswave/models/Geophysical_model535.nd,nd,UNK,,,950.109,60,900,178.347,950.109,60,1133.844,33.406,1484.609,66.812,1682.713,60,0.720690724,0.380879385,0.494149831,0.279309276,0.619120615,1
Geophysical_model549,/home/lyara/areswave/models/Geophysical_model549.nd,nd,UNK,,,1098.51,60,900,24.053,1098.51,60,1115.052,16.543,1445.902,115.797,1676.896,60,0.447429676,0.518236168,0.494634004,0.552570324,0.481763832,1
CD_model5,/home/lyara/areswave/models/CD_model5.nd,nd,UNK,,,,60,,60,,60,,60,,60,,60,0.192558641,0.646534665,0.495209324,0.807441359,0.353465335,1
Geophysical_model465,/home/lyara/areswave/models/Geophysical_model465.nd,nd,UNK,,,982.905,60,859.324,183.043,982.905,60,1115.552,16.581,1463.752,116.067,1678.288,60,0.573580731,0.456036683,0.495218032,0.426419269,0.543963317,1
Geophysical_model969,/home/lyara/areswave/models/Geophysical_model969.nd,nd,UNK,,,900,60,900,180.861,900,60,1106.104,17.175,1483.961,103.052,1699.813,60,0.423671679,0.532296567,0.496088271,0.576328321,0.467703433,1
Geophysical_model950,/home/lyara/areswave/models/Geophysical_model950.nd,nd,UNK,,,950.057,60,900,199.649,950.057,60,1133.601,33.371,1484.001,66.743,1682.084,60,0.39947436,0.544822441,0.496373081,0.60052564,0.455177559,1
Geophysical_model997,/home/lyara/areswave/models/Geophysical_model997.nd,nd,UNK,,,950.057,60,900,199.649,950.057,60,1133.601,33.371,1484.001,66.743,1682.084,60,0.39947436,0.544822441,0.496373081,0.60052564,0.455177559,1
Geophysical_model846,/home/lyara/areswave/models/Geophysical_model846.nd,nd,UNK,,,916.714,60,900,188.969,916.714,60,1117.284,33.428,1468.281,83.571,1683.113,60,0.617243518,0.436147351,0.49651274,0.382756482,0.563852649,1
Geophysical_model992,/home/lyara/areswave/models/Geophysical_model992.nd,nd,UNK,,,950.127,60,900,199.969,950.127,60,1133.926,50.127,1484.815,66.836,1682.926,60,0.343923704,0.572993938,0.496637194,0.656076296,0.427006062,1
Geophysical_model946,/home/lyara/areswave/models/Geophysical_model946.nd,nd,UNK,,,916.702,60,877.535,179.72,916.702,60,1117.126,33.404,1484.569,83.51,1682.671,60,0.615691987,0.437244918,0.496727274,0.384308013,0.562755082,1
CD_model47,/home/lyara/areswave/models/CD_model47.nd,nd,UNK,,,,60,,60,,60,,60,,60,,60,0.21970737,0.635540043,0.496929152,0.78029263,0.364459957,1
Geophysical_model732,/home/lyara/areswave/models/Geophysical_model732.nd,nd,UNK,,,933.813,60,900,183.29,933.813,60,1119.783,33.813,1491.724,84.532,1690.075,60,0.401061798,0.546100895,0.497754529,0.598938202,0.453899105,1
Geophysical_model439,/home/lyara/areswave/models/Geophysical_model439.nd,nd,UNK,,,1030.76,60,900,188.125,1030.76,60,1128.83,32.69,1488.42,81.725,1669.744,60,0.727864419,0.383225832,0.498105361,0.272135581,0.616774168,1
Geophysical_model945,/home/lyara/areswave/models/Geophysical_model945.nd,nd,UNK,,,916.672,60,900,180.795,916.672,60,1116.738,33.345,1483.524,83.361,1681.59,60,0.663881982,0.415451156,0.498261431,0.336118018,0.584548844,1
Geophysical_model453,/home/lyara/areswave/models/Geophysical_model453.nd,nd,UNK,,,1031.555,60,876.742,186.064,1031.555,60,1130.221,32.889,1475.552,82.221,1673.341,60,0.416701894,0.539067604,0.498279034,0.583298106,0.460932396,1
Geophysical_model642,/home/lyara/areswave/models/Geophysical_model642.nd,nd,UNK,,,1099.713,60,877.292,22.709,1099.713,60,1116.356,16.643,1449.211,99.857,1680.527,60,0.470767328,0.512049035,0.498288466,0.529232672,0.487950965,1
CD_model73,/home/lyara/areswave/models/CD_model73.nd,nd,UNK,,,,60,,60,,60,,60,,60,,60,0.193929247,0.651297775,0.498841599,0.806070753,0.348702225,1
Geophysical_model843,/home/lyara/areswave/models/Geophysical_model843.nd,nd,UNK,,,900,60,900,183.559,900,60,1106.386,17.199,1467.561,85.994,1501.958,68.796,0.879508074,0.308516106,0.498846762,0.120491926,0.691483894,1
maak,/home/lyara/areswave/models/maak.npz,npz,UNK,,,1084.528,60,858.423,180.884,1084.528,60,1174.97,90.442,1401.074,67.832,1695.01,22.61,0.533299632,0.482117865,0.499178454,0.466700368,0.517882135,1
MD_model11,/home/lyara/areswave/models/MD_model11.nd,nd,UNK,,,987.786,60,735.63,10.506,987.786,60,1103.357,10.507,1429.058,84.052,1604.141,60,0.406136904,0.546580021,0.499765649,0.593863096,0.453419979,1
Geophysical_model235,/home/lyara/areswave/models/Geophysical_model235.nd,nd,UNK,,,916.874,60,900,181.138,916.874,60,1102.492,16.874,1439.978,101.246,1688.913,60,0.648384427,0.425537427,0.49981976,0.351615573,0.574462573,1
Geophysical_model112,/home/lyara/areswave/models/Geophysical_model112.nd,nd,UNK,,,1098.133,60,900,196.456,1098.133,60,1147.666,33.023,1477.888,66.044,1675.759,60,0.676751147,0.412324578,0.500466768,0.323248853,0.587675422,1
Geophysical_model813,/home/lyara/areswave/models/Geophysical_model813.nd,nd,UNK,,,933.856,60,900,185.649,933.856,60,1120.061,33.856,1492.472,84.639,1690.849,60,0.642518678,0.430517012,0.501184234,0.357481322,0.569482988,1
Geophysical_model858,/home/lyara/areswave/models/Geophysical_model858.nd,nd,UNK,,,933.805,60,900,184.518,933.805,60,1119.733,33.805,1491.589,84.513,1689.935,60,0.680832524,0.41184336,0.501506415,0.319167476,0.58815664,1
Geophysical_model759,/home/lyara/areswave/models/Geophysical_model759.nd,nd,UNK,,,966.806,60,900,177.517,966.806,60,1133.823,33.403,1484.557,66.807,1682.659,60,0.52401607,0.490664055,0.501781393,0.47598393,0.509335945,1
CD_model28,/home/lyara/areswave/models/CD_model28.nd,nd,UNK,,,,60,,60,,60,,60,,60,,60,0.267403715,0.619659301,0.502240772,0.732596285,0.380340699,1
Geophysical_model242,/home/lyara/areswave/models/Geophysical_model242.nd,nd,UNK,,,967.494,60,900,192.867,967.494,60,1119.357,33.747,1456.828,118.116,1688.886,60,0.636787499,0.435178373,0.502381415,0.363212501,0.564821627,1
Geophysical_model346,/home/lyara/areswave/models/Geophysical_model346.nd,nd,UNK,,,967.494,60,900,192.867,967.494,60,1119.357,33.747,1456.828,118.116,1688.886,60,0.636787499,0.435178373,0.502381415,0.363212501,0.564821627,1
Geophysical_model929,/home/lyara/areswave/models/Geophysical_model929.nd,nd,UNK,,,933.343,60,900,179.355,933.343,60,1116.73,33.343,1483.505,83.358,1681.57,60,0.365115617,0.57109523,0.502435359,0.634884383,0.42890477,1
CD_model87,/home/lyara/areswave/models/CD_model87.nd,nd,UNK,,,,60,,60,,60,,60,,60,,60,0.277831954,0.61484643,0.502508272,0.722168046,0.38515357,1
AK_model_7,/home/lyara/areswave/models/AK_model_7.nd,nd,UNK,,,1075.329,60,845.445,25.542,1075.329,60,1279.671,51.085,1305.214,51.086,1667.556,60,0.467150994,0.520471731,0.502698152,0.532849006,0.479528269,1
AK_model_59,/home/lyara/areswave/models/AK_model_59.nd,nd,UNK,,,1013.735,60,839.485,24.892,1013.735,60,1163.093,124.465,1387.13,49.786,1668.845,60,0.305523782,0.601359495,0.502747591,0.694476218,0.398640505,1
Geophysical_model66,/home/lyara/areswave/models/Geophysical_model66.nd,nd,UNK,,,983.237,60,879.302,186.283,983.237,60,1116.417,16.648,1466.015,99.884,1680.698,60,0.590142536,0.459093717,0.502776657,0.409857464,0.540906283,1
AK_model_83,/home/lyara/areswave/models/AK_model_83.nd,nd,UNK,,,1062.342,60,838.335,24.89,1062.342,60,1261.459,49.779,1336.127,49.779,1667.691,60,0.542293053,0.483257513,0.502936026,0.457706947,0.516742487,1
Geophysical_model259,/home/lyara/areswave/models/Geophysical_model259.nd,nd,UNK,,,984.104,60,876.799,185.605,984.104,60,1118.67,33.641,1488.726,100.924,1686.973,60,0.469456629,0.519746512,0.502983218,0.530543371,0.480253488,1
Geophysical_model68,/home/lyara/areswave/models/Geophysical_model68.nd,nd,UNK,,,933.76,60,900,182.039,933.76,60,1102.557,16.88,1440.153,101.278,1689.11,60,0.386744318,0.561651836,0.50334933,0.613255682,0.438348164,1
CD_model44,/home/lyara/areswave/models/CD_model44.nd,nd,UNK,,,,60,,60,,60,,60,,60,,60,0.309124885,0.60072525,0.503525128,0.690875115,0.39927475,1
Geophysical_model690,/home/lyara/areswave/models/Geophysical_model690.nd,nd,UNK,,,900,60,900,179.968,900,60,1118.266,33.579,1470.849,100.738,1685.847,60,0.566415366,0.472091673,0.503532904,0.433584634,0.527908327,1
Geophysical_model715,/home/lyara/areswave/models/Geophysical_model715.nd,nd,UNK,,,900,60,900,180.04,900,60,1118.266,33.579,1470.849,100.738,1685.847,60,0.525219107,0.492942987,0.503701694,0.474780893,0.507057013,1
Geophysical_model181,/home/lyara/areswave/models/Geophysical_model181.nd,nd,UNK,,,999.801,60,900,195.203,999.801,60,1116.236,16.633,1465.54,99.801,1680.192,60,0.656155215,0.428091794,0.504112935,0.343844785,0.571908206,1
Geophysical_model253,/home/lyara/areswave/models/Geophysical_model253.nd,nd,UNK,,,999.801,60,900,195.203,999.801,60,1116.236,16.633,1465.54,99.801,1680.192,60,0.656155215,0.428091794,0.504112935,0.343844785,0.571908206,1
Geophysical_model398,/home/lyara/areswave/models/Geophysical_model398.nd,nd,UNK,,,999.801,60,900,195.203,999.801,60,1116.236,16.633,1465.54,99.801,1680.192,60,0.656155215,0.428091794,0.504112935,0.343844785,0.571908206,1
Geophysical_model987,/home/lyara/areswave/models/Geophysical_model987.nd,nd,UNK,,,916.714,60,900,189.303,916.714,60,1117.284,33.428,1484.996,83.571,1683.113,60,0.299100976,0.607675655,0.504817429,0.700899024,0.392324345,1
Geophysical_model654,/home/lyara/areswave/models/Geophysical_model654.nd,nd,UNK,,,916.721,60,875.945,192.439,916.721,60,1117.378,33.443,1485.25,83.608,1683.376,60,0.430598643,0.543408206,0.505805018,0.569401357,0.456591794,1
Geophysical_model672,/home/lyara/areswave/models/Geophysical_model672.nd,nd,UNK,,,900,60,900,180.972,900,60,1119.116,33.71,1489.927,101.131,1688.215,60,0.582165118,0.467692439,0.505849998,0.417834882,0.532307561,1
Geophysical_model921,/home/lyara/areswave/models/Geophysical_model921.nd,nd,UNK,,,916.674,60,877.608,179.137,916.674,60,1116.766,33.348,1483.6,83.371,1681.669,60,0.672482241,0.422700695,0.50596121,0.327517759,0.577299305,1
Geophysical_model607,/home/lyara/areswave/models/Geophysical_model607.nd,nd,UNK,,,900,60,900,180.738,900,60,1116.617,16.663,1466.537,99.977,1681.255,60,0.373341926,0.573485987,0.5067713,0.626658074,0.426514013,1
Geophysical_model155,/home/lyara/areswave/models/Geophysical_model155.nd,nd,UNK,,,1096.935,60,900,199.078,1096.935,60,1146.169,32.823,1490.805,65.645,1672.143,60,0.669416552,0.426048753,0.507171353,0.330583448,0.573951247,1
Geophysical_model170,/home/lyara/areswave/models/Geophysical_model170.nd,nd,UNK,,,1096.935,60,900,199.078,1096.935,60,1146.169,32.823,1490.805,65.645,1672.143,60,0.669416552,0.426048753,0.507171353,0.330583448,0.573951247,1
Geophysical_model491,/home/lyara/areswave/models/Geophysical_model491.nd,nd,UNK,,,1098.226,60,900,179.373,1098.226,60,1114.745,16.519,1445.122,99.113,1676.04,60,0.449891793,0.535953611,0.507266339,0.550108207,0.464046389,1
MD_model32,/home/lyara/areswave/models/MD_model32.nd,nd,UNK,,,997.466,60,794.657,10.14,997.466,60,1129.292,141.967,1352.383,111.545,1504.49,60.807,0.676630626,0.422753952,0.50737951,0.323369374,0.577246048,1
Geophysical_model825,/home/lyara/areswave/models/Geophysical_model825.nd,nd,UNK,,,916.714,60,876.157,190.746,916.714,60,1117.284,33.428,1484.996,83.571,1683.113,60,0.32397979,0.600297516,0.508191607,0.67602021,0.399702484,1
Geophysical_model251,/home/lyara/areswave/models/Geophysical_model251.nd,nd,UNK,,,967.872,60,900,180.241,967.872,60,1120.585,33.937,1459.948,101.809,1692.31,60,0.30602051,0.609843945,0.508569467,0.69397949,0.390156055,1
Geophysical_model426,/home/lyara/areswave/models/Geophysical_model426.nd,nd,UNK,,,967.872,60,900,180.241,967.872,60,1120.585,33.937,1459.948,101.809,1692.31,60,0.30602051,0.609843945,0.508569467,0.69397949,0.390156055,1
Geophysical_model541,/home/lyara/areswave/models/Geophysical_model541.nd,nd,UNK,,,916.672,60,900,180.17,916.672,60,1116.741,33.345,1483.532,83.362,1681.599,60,0.540952058,0.492775164,0.508834128,0.459047942,0.507224836,1
Geophysical_model142,/home/lyara/areswave/models/Geophysical_model142.nd,nd,UNK,,,966.81,60,900,180.188,966.81,60,1117.132,33.405,1484.587,100.215,1682.69,60,0.502210543,0.512794007,0.509266186,0.497789457,0.487205993,1
AK_model_22,/home/lyara/areswave/models/AK_model_22.nd,nd,UNK,,,1079.893,60,816.324,26.357,1079.893,60,1290.748,52.714,1317.105,26.357,1685.402,60,0.65825908,0.434771324,0.509267243,0.34174092,0.565228676,1
AK_model_34,/home/lyara/areswave/models/AK_model_34.nd,nd,UNK,,,1087.427,60,875.207,26.527,1087.427,60,1299.646,26.528,1352.701,53.055,1695.247,60,0.387265286,0.570554032,0.509457783,0.612734714,0.429445968,1
Geophysical_model577,/home/lyara/areswave/models/Geophysical_model577.nd,nd,UNK,,,1099.625,60,900,21.533,1099.625,60,1116.26,16.636,1465.604,99.812,1680.261,60,0.585301444,0.471730014,0.509587157,0.414698556,0.528269986,1
Geophysical_model822,/home/lyara/areswave/models/Geophysical_model822.nd,nd,UNK,,,933.261,60,876.904,184.765,933.261,60,1116.199,16.631,1482.075,99.784,1680.091,60,0.706279588,0.411350847,0.509660428,0.293720412,0.588649153,1
AK_model_93,/home/lyara/areswave/models/AK_model_93.nd,nd,UNK,,,1064.542,60,770.65,26.718,1064.542,60,1278.281,26.717,1331.716,53.435,1701.982,60,0.351588303,0.589591944,0.510257397,0.648411697,0.410408056,1
Geophysical_model590,/home/lyara/areswave/models/Geophysical_model590.nd,nd,UNK,,,916.672,60,876.867,185.067,916.672,60,1116.735,33.344,1483.517,83.359,1681.583,60,0.870206956,0.330862699,0.510644118,0.129793044,0.669137301,1
Geophysical_model764,/home/lyara/areswave/models/Geophysical_model764.nd,nd,UNK,,,933.862,60,900,186.67,933.862,60,1120.105,33.862,1492.59,84.656,1690.97,60,0.392475577,0.570354419,0.511061472,0.607524423,0.429645581,1
Geophysical_model658,/home/lyara/areswave/models/Geophysical_model658.nd,nd,UNK,,,900,60,900,178.05,900,60,1118.724,33.65,1488.873,100.949,1687.125,60,0.527328403,0.503283011,0.511298142,0.472671597,0.496716989,1
AK_model_60,/home/lyara/areswave/models/AK_model_60.nd,nd,UNK,,,997.761,60,820.36,25.343,997.761,60,1175.162,101.372,1352.562,25.343,1686.32,60,0.3779407,0.578022182,0.511328355,0.6220593,0.421977818,1
Geophysical_model680,/home/lyara/areswave/models/Geophysical_model680.nd,nd,UNK,,,1099.489,60,900,21.152,1099.489,60,1116.113,16.624,1465.218,99.745,1679.849,60,0.706867685,0.413779063,0.511475271,0.293132315,0.586220937,1
Geophysical_model880,/home/lyara/areswave/models/Geophysical_model880.nd,nd,UNK,,,916.693,60,877.556,179.548,916.693,60,1117.015,33.386,1484.271,83.467,1682.363,60,0.609435839,0.462776377,0.511662864,0.390564161,0.537223623,1
Geophysical_model681,/home/lyara/areswave/models/Geophysical_model681.nd,nd,UNK,,,916.723,60,877.828,199.549,916.723,60,1117.396,33.446,1485.297,83.614,1683.425,60,0.390717456,0.572392086,0.511833876,0.609282544,0.427607914,1
Geophysical_model566,/home/lyara/areswave/models/Geophysical_model566.nd,nd,UNK,,,916.723,60,877.828,199.549,916.723,60,1117.396,33.446,1485.297,83.614,1683.425,60,0.390717456,0.572392086,0.511833876,0.609282544,0.427607914,1
Geophysical_model996,/home/lyara/areswave/models/Geophysical_model996.nd,nd,UNK,,,916.723,60,877.828,199.549,916.723,60,1117.396,33.446,1485.297,83.614,1683.425,60,0.390717456,0.572392086,0.511833876,0.609282544,0.427607914,1
Geophysical_model573,/home/lyara/areswave/models/Geophysical_model573.nd,nd,UNK,,,1098.113,60,900,23.974,1098.113,60,1114.623,16.509,1444.812,115.566,1675.699,60,0.52436025,0.506785194,0.512643546,0.47563975,0.493214806,1
Geophysical_model474,/home/lyara/areswave/models/Geophysical_model474.nd,nd,UNK,,,949.523,60,900,189.937,949.523,60,1114.598,16.507,1461.256,99.045,1675.63,60,0.301823789,0.618238306,0.5127668,0.698176211,0.381761694,1
Geophysical_model384,/home/lyara/areswave/models/Geophysical_model384.nd,nd,UNK,,,949.523,60,900,189.937,949.523,60,1114.598,16.507,1461.256,99.045,1675.63,60,0.301823789,0.618238306,0.5127668,0.698176211,0.381761694,1
Geophysical_model774,/home/lyara/areswave/models/Geophysical_model774.nd,nd,UNK,,,1099.57,60,900,21.535,1099.57,60,1116.201,16.631,1465.45,99.785,1680.096,60,0.371715387,0.583559953,0.512945098,0.628284613,0.416440047,1
Geophysical_model58,/home/lyara/areswave/models/Geophysical_model58.nd,nd,UNK,,,966.592,60,900,182.842,966.592,60,1116.423,16.648,1466.03,99.888,1680.715,60,0.402390896,0.568551485,0.513164622,0.597609104,0.431448515,1
Geophysical_model707,/home/lyara/areswave/models/Geophysical_model707.nd,nd,UNK,,,933.674,60,879.802,181.785,933.674,60,1118.884,33.674,1489.303,84.186,1687.57,60,0.680510861,0.429833121,0.513392367,0.319489139,0.570166879,1
Geophysical_model879,/home/lyara/areswave/models/Geophysical_model879.nd,nd,UNK,,,933.674,60,879.802,181.785,933.674,60,1118.884,33.674,1489.303,84.186,1687.57,60,0.680510861,0.429833121,0.513392367,0.319489139,0.570166879,1
Geophysical_model769,/home/lyara/areswave/models/Geophysical_model769.nd,nd,UNK,,,950.91,60,900,199.563,950.91,60,1137.578,33.94,1476.975,67.879,1692.373,60,0.553583483,0.493438472,0.513486809,0.446416517,0.506561528,1
Geophysical_model6,/home/lyara/areswave/models/Geophysical_model6.nd,nd,UNK,,,966.445,60,900,181.381,966.445,60,1115.945,16.611,1464.778,99.667,1679.382,60,0.618717469,0.461449569,0.513872202,0.381282531,0.538550431,1
MD_model44,/home/lyara/areswave/models/MD_model44.nd,nd,UNK,,,921.056,60,890.938,140.551,921.056,60,1262.393,70.275,1302.55,40.158,1483.258,61.492,0.590106818,0.476228284,0.514187795,0.409893182,0.523771716,1
Geophysical_model766,/home/lyara/areswave/models/Geophysical_model766.nd,nd,UNK,,,1099.489,60,900,21.004,1099.489,60,1116.113,16.624,1465.218,99.745,1679.849,60,0.274756963,0.634370265,0.514499164,0.725243037,0.365629735,1
Geophysical_model512,/home/lyara/areswave/models/Geophysical_model512.nd,nd,UNK,,,933.807,60,900,183.493,933.807,60,1119.743,33.807,1491.615,84.517,1689.962,60,0.534454931,0.504579386,0.514537901,0.465545069,0.495420614,1
CD_model56,/home/lyara/areswave/models/CD_model56.nd,nd,UNK,,,,60,,60,,60,,60,,60,,60,0.412307033,0.565988571,0.514761392,0.587692967,0.434011429,1
Geophysical_model301,/home/lyara/areswave/models/Geophysical_model301.nd,nd,UNK,,,949.517,60,900,192.185,949.517,60,1114.574,16.506,1444.688,115.54,1675.563,60,0.475691258,0.53455553,0.514934106,0.524308742,0.46544447,1
CD_model100,/home/lyara/areswave/models/CD_model100.nd,nd,UNK,,,,60,,60,,60,,60,,60,,60,0.562282952,0.491604609,0.515164057,0.437717048,0.508395391,1
Geophysical_model586,/home/lyara/areswave/models/Geophysical_model586.nd,nd,UNK,,,1099.57,60,900,21.058,1099.57,60,1116.201,16.631,1465.45,99.785,1680.096,60,0.572851549,0.48635851,0.515189523,0.427148451,0.51364149,1
Geophysical_model593,/home/lyara/areswave/models/Geophysical_model593.nd,nd,UNK,,,916.669,60,877.364,181.085,916.669,60,1116.699,33.338,1483.42,83.346,1681.482,60,0.464083602,0.541158032,0.515466555,0.535916398,0.458841968,1
Geophysical_model796,/home/lyara/areswave/models/Geophysical_model796.nd,nd,UNK,,,916.669,60,877.364,181.085,916.669,60,1116.699,33.338,1483.42,83.346,1681.482,60,0.464083602,0.541158032,0.515466555,0.535916398,0.458841968,1
Geophysical_model903,/home/lyara/areswave/models/Geophysical_model903.nd,nd,UNK,,,916.669,60,877.364,181.085,916.669,60,1116.699,33.338,1483.42,83.346,1681.482,60,0.464083602,0.541158032,0.515466555,0.535916398,0.458841968,1
Geophysical_model152,/home/lyara/areswave/models/Geophysical_model152.nd,nd,UNK,,,950.042,60,900,197.911,950.042,60,1116.847,33.361,1450.457,116.764,1681.894,60,0.457972964,0.545538428,0.51634994,0.542027036,0.454461572,1
Geophysical_model520,/home/lyara/areswave/models/Geophysical_model520.nd,nd,UNK,,,933.507,60,900,193.371,933.507,60,1117.798,33.507,1486.378,83.768,1684.543,60,0.354898034,0.597346775,0.516530528,0.645101966,0.402653225,1
Geophysical_model670,/home/lyara/areswave/models/Geophysical_model670.nd,nd,UNK,,,933.507,60,900,193.371,933.507,60,1117.798,33.507,1486.378,83.768,1684.543,60,0.354898034,0.597346775,0.516530528,0.645101966,0.402653225,1
Geophysical_model889,/home/lyara/areswave/models/Geophysical_model889.nd,nd,UNK,,,933.507,60,900,193.371,933.507,60,1117.798,33.507,1486.378,83.768,1684.543,60,0.354898034,0.597346775,0.516530528,0.645101966,0.402653225,1
Geophysical_model589,/home/lyara/areswave/models/Geophysical_model589.nd,nd,UNK,,,1086.489,60,900,21.264,1086.489,60,1103.443,16.953,1459.467,118.675,1691.782,60,0.475775685,0.537926217,0.517209373,0.524224315,0.462073783,1
Geophysical_model836,/home/lyara/areswave/models/Geophysical_model836.nd,nd,UNK,,,900,60,900,187.837,900,60,1115.838,16.602,1464.498,116.22,1679.083,60,0.590960357,0.481302389,0.517855045,0.409039643,0.518697611,1
Geophysical_model835,/home/lyara/areswave/models/Geophysical_model835.nd,nd,UNK,,,949.989,60,900,178.124,949.989,60,1116.619,16.663,1483.204,83.315,1681.259,60,0.424058515,0.564872314,0.517934381,0.575941485,0.435127686,1
CD_model45,/home/lyara/areswave/models/CD_model45.nd,nd,UNK,,,,60,,60,,60,,60,,60,,60,0.357704356,0.598074248,0.517950951,0.642295644,0.401925752,1
CD_model46,/home/lyara/areswave/models/CD_model46.nd,nd,UNK,,,,60,,60,,60,,60,,60,,60,0.357704356,0.598074248,0.517950951,0.642295644,0.401925752,1
Geophysical_model328,/home/lyara/areswave/models/Geophysical_model328.nd,nd,UNK,,,1001.288,60,861.171,194.143,1001.288,60,1119.457,33.763,1490.847,101.288,1689.167,60,0.717799649,0.419139995,0.518693213,0.282200351,0.580860005,1
Geophysical_model336,/home/lyara/areswave/models/Geophysical_model336.nd,nd,UNK,,,1001.288,60,861.171,194.143,1001.288,60,1119.457,33.763,1490.847,101.288,1689.167,60,0.717799649,0.419139995,0.518693213,0.282200351,0.580860005,1
Geophysical_model571,/home/lyara/areswave/models/Geophysical_model571.nd,nd,UNK,,,916.969,60,856.194,197.127,916.969,60,1120.603,33.939,1476.962,84.847,1692.359,60,0.639678666,0.458655056,0.51899626,0.360321334,0.541344944,1
Geophysical_model960,/home/lyara/areswave/models/Geophysical_model960.nd,nd,UNK,,,916.969,60,856.194,197.127,916.969,60,1120.603,33.939,1476.962,84.847,1692.359,60,0.639678666,0.458655056,0.51899626,0.360321334,0.541344944,1
Geophysical_model562,/home/lyara/areswave/models/Geophysical_model562.nd,nd,UNK,,,916.969,60,856.194,197.127,916.969,60,1120.603,33.939,1476.962,84.847,1692.359,60,0.639678666,0.458655056,0.51899626,0.360321334,0.541344944,1
Geophysical_model505,/home/lyara/areswave/models/Geophysical_model505.nd,nd,UNK,,,949.989,60,900,178.015,949.989,60,1116.619,16.663,1499.867,83.315,1681.259,60,0.637592604,0.460709154,0.519670304,0.362407396,0.539290846,1
Geophysical_model279,/home/lyara/areswave/models/Geophysical_model279.nd,nd,UNK,,,966.81,60,900,178.021,966.81,60,1117.132,33.405,1484.587,100.215,1682.69,60,0.598108521,0.480702473,0.519837822,0.401891479,0.519297527,1
Geophysical_model510,/home/lyara/areswave/models/Geophysical_model510.nd,nd,UNK,,,1083.742,60,900,21.403,1083.742,60,1100.446,16.704,1484.635,100.223,1682.74,60,0.352083132,0.603830325,0.519914594,0.647916868,0.396169675,1
Geophysical_model855,/home/lyara/areswave/models/Geophysical_model855.nd,nd,UNK,,,916.736,60,875.945,192.441,916.736,60,1117.572,33.472,1469.034,83.681,1683.914,60,0.234787677,0.662531,0.519949892,0.765212323,0.337469,1
MD_model75,/home/lyara/areswave/models/MD_model75.nd,nd,UNK,,,1024.463,60,849.461,10.295,1024.463,60,1240.642,51.471,1302.407,123.531,1508.292,60.684,0.722152649,0.419033141,0.520072977,0.277847351,0.580966859,1
CD_model39,/home/lyara/areswave/models/CD_model39.nd,nd,UNK,,,,60,,60,,60,,60,,60,,60,0.181044459,0.690188706,0.520473957,0.818955541,0.309811294,1
Geophysical_model956,/home/lyara/areswave/models/Geophysical_model956.nd,nd,UNK,,,966.616,60,900,179.216,966.616,60,1133.157,33.308,1499.547,83.27,1680.937,60,0.650061399,0.455697687,0.520485591,0.349938601,0.544302313,1
MD_model72,/home/lyara/areswave/models/MD_model72.nd,nd,UNK,,,905.619,60,705.837,189.267,905.619,60,1294.668,84.119,1305.183,31.545,1596.284,60,0.454273461,0.553622405,0.52050609,0.545726539,0.446377595,1
AK_model_20,/home/lyara/areswave/models/AK_model_20.nd,nd,UNK,,,1062.423,60,820.847,26.842,1062.423,60,1277.158,26.842,1330.842,53.684,1702.21,60,0.308744494,0.626778524,0.520767181,0.691255506,0.373221476,1
CD_model35,/home/lyara/areswave/models/CD_model35.nd,nd,UNK,,,,60,,60,,60,,60,,60,,60,0.188279412,0.687236571,0.520917518,0.811720588,0.312763429,1
MD_model71,/home/lyara/areswave/models/MD_model71.nd,nd,UNK,,,988.56,60,746.594,10.52,988.56,60,1114.804,178.845,1440.933,21.04,1605.599,60,0.541385404,0.510770871,0.520975715,0.458614596,0.489229129,1
Geophysical_model226,/home/lyara/areswave/models/Geophysical_model226.nd,nd,UNK,,,1096.615,60,900,186.499,1096.615,60,1145.769,32.769,1489.845,65.539,1671.177,60,0.580862697,0.491321425,0.521168515,0.419137303,0.508678575,1
Geophysical_model13,/home/lyara/areswave/models/Geophysical_model13.nd,nd,UNK,,,1000.969,60,876.459,188.33,1000.969,60,1135.595,33.656,1488.989,100.97,1687.244,60,0.591027174,0.487066194,0.521719854,0.408972826,0.512933806,1
Geophysical_model659,/home/lyara/areswave/models/Geophysical_model659.nd,nd,UNK,,,916.847,60,879.824,181.587,916.847,60,1119.005,33.693,1489.628,84.233,1687.906,60,0.707711104,0.429375799,0.522154234,0.292288896,0.570624201,1
MD_model46,/home/lyara/areswave/models/MD_model46.nd,nd,UNK,,,1043.145,60,863.077,90.034,1043.145,60,1283.235,60.023,1333.254,10.004,1483.311,61.49,0.721423673,0.422642481,0.522236212,0.278576327,0.577357519,1
Geophysical_model627,/home/lyara/areswave/models/Geophysical_model627.nd,nd,UNK,,,950.721,60,900,183.974,950.721,60,1119.792,33.814,1491.747,67.628,1690.099,60,0.39305007,0.586886648,0.522274455,0.60694993,0.413113352,1
AK_model_39,/home/lyara/areswave/models/AK_model_39.nd,nd,UNK,,,1029.679,60,815.46,26.777,1029.679,60,1297.451,107.109,1431.337,160.664,1695.529,60,0.3273797,0.620600938,0.522860525,0.6726203,0.379399062,1
Geophysical_model41,/home/lyara/areswave/models/Geophysical_model41.nd,nd,UNK,,,949.973,60,900,192.694,949.973,60,1116.548,16.657,1449.698,116.603,1681.061,60,0.687981285,0.440302115,0.522861838,0.312018715,0.559697885,1
Geophysical_model559,/home/lyara/areswave/models/Geophysical_model559.nd,nd,UNK,,,900,60,900,181.122,900,60,1119.137,33.714,1473.128,101.141,1688.275,60,0.578791014,0.495322702,0.523145473,0.421208986,0.504677298,1
CD_model53,/home/lyara/areswave/models/CD_model53.nd,nd,UNK,,,,60,,60,,60,,60,,60,,60,0.231355015,0.669194254,0.523247841,0.768644985,0.330805746,1
Geophysical_model857,/home/lyara/areswave/models/Geophysical_model857.nd,nd,UNK,,,933.943,60,879.277,186.506,933.943,60,1120.631,33.943,1494.007,84.858,1692.437,60,0.483483314,0.543183788,0.52328363,0.516516686,0.456816212,1
Geophysical_model905,/home/lyara/areswave/models/Geophysical_model905.nd,nd,UNK,,,933.943,60,879.311,186.198,933.943,60,1120.631,33.943,1494.007,84.858,1692.437,60,0.345945769,0.612248092,0.523480651,0.654054231,0.387751908,1
Geophysical_model370,/home/lyara/areswave/models/Geophysical_model370.nd,nd,UNK,,,966.673,60,900,188.823,966.673,60,1116.688,33.336,1450.054,100.01,1681.453,60,0.386057184,0.592275564,0.523536104,0.613942816,0.407724436,1
Geophysical_model182,/home/lyara/areswave/models/Geophysical_model182.nd,nd,UNK,,,1099.994,60,900,180.69,1099.994,60,1116.66,16.666,1449.983,99.997,1681.374,60,0.654484906,0.458279486,0.523681293,0.345515094,0.541720514,1
MD_model63,/home/lyara/areswave/models/MD_model63.nd,nd,UNK,,,1047.057,60,708.427,180.602,1047.057,60,1216.372,191.89,1363.111,90.301,1690.644,60,0.560110405,0.505685153,0.523826904,0.439889595,0.494314847,1
Geophysical_model529,/home/lyara/areswave/models/Geophysical_model529.nd,nd,UNK,,,916.577,60,878.227,195.957,916.577,60,1115.503,16.577,1480.2,99.463,1678.151,60,0.576535517,0.497682233,0.523966661,0.423464483,0.502317767,1
Geophysical_model869,/home/lyara/areswave/models/Geophysical_model869.nd,nd,UNK,,,933.943,60,900,186.055,933.943,60,1120.631,33.943,1477.036,84.858,1692.437,60,0.369986533,0.602200956,0.524796149,0.630013467,0.397799044,1
Geophysical_model951,/home/lyara/areswave/models/Geophysical_model951.nd,nd,UNK,,,933.943,60,900,186.074,933.943,60,1120.631,33.943,1477.036,84.858,1692.437,60,0.369986533,0.602200956,0.524796149,0.630013467,0.397799044,1
Geophysical_model567,/home/lyara/areswave/models/Geophysical_model567.nd,nd,UNK,,,933.943,60,900,186.055,933.943,60,1120.631,33.943,1477.036,84.858,1692.437,60,0.369986533,0.602200956,0.524796149,0.630013467,0.397799044,1
AK_model_64,/home/lyara/areswave/models/AK_model_64.nd,nd,UNK,,,998.537,60,795.118,25.427,998.537,60,1151.102,101.71,1354.521,76.282,1688.766,60,0.63868484,0.467857646,0.524800044,0.36131516,0.532142354,1
Geophysical_model853,/home/lyara/areswave/models/Geophysical_model853.nd,nd,UNK,,,950.057,60,900,199.349,950.057,60,1133.601,33.371,1484.001,66.743,1682.084,60,0.575918552,0.499474742,0.524956012,0.424081448,0.500525258,1
Geophysical_model893,/home/lyara/areswave/models/Geophysical_model893.nd,nd,UNK,,,950.04,60,900,197.965,950.04,60,1133.518,33.36,1483.796,66.72,1681.871,60,0.696290084,0.439583616,0.525152439,0.303709916,0.560416384,1
AK_model_21,/home/lyara/areswave/models/AK_model_21.nd,nd,UNK,,,1060.311,60,819.703,53.469,1060.311,60,1274.186,26.734,1327.655,53.469,1698.352,60,0.666217372,0.454915802,0.525349659,0.333782628,0.545084198,1
CD_model96,/home/lyara/areswave/models/CD_model96.nd,nd,UNK,,,,60,,60,,60,,60,,60,,60,0.412974045,0.582549265,0.526024192,0.587025955,0.417450735,1
AK_model_40,/home/lyara/areswave/models/AK_model_40.nd,nd,UNK,,,1044.143,60,837.506,25.83,1044.143,60,1276.61,77.489,1302.439,25.83,1667.377,60,0.608419386,0.485006407,0.526144066,0.391580614,0.514993593,1
Geophysical_model1000,/home/lyara/areswave/models/Geophysical_model1000.nd,nd,UNK,,,966.993,60,878.426,194.167,966.993,60,1117.726,33.497,1486.187,100.49,1684.345,60,0.494518142,0.542215795,0.526316577,0.505481858,0.457784205,1
Geophysical_model910,/home/lyara/areswave/models/Geophysical_model910.nd,nd,UNK,,,950.007,60,900,179.014,950.007,60,1133.367,33.338,1483.418,66.676,1681.481,60,0.592977254,0.493042358,0.52635399,0.407022746,0.506957642,1
Geophysical_model605,/home/lyara/areswave/models/Geophysical_model605.nd,nd,UNK,,,916.648,60,900,180.158,916.648,60,1116.419,16.648,1499.315,99.885,1680.704,60,0.511327338,0.534518798,0.526788311,0.488672662,0.465481202,1
Geophysical_model366,/home/lyara/areswave/models/Geophysical_model366.nd,nd,UNK,,,949.973,60,900,193.913,949.973,60,1116.548,16.657,1449.698,99.945,1681.061,60,0.663050656,0.458813752,0.52689272,0.336949344,0.541186248,1
CD_model42,/home/lyara/areswave/models/CD_model42.nd,nd,UNK,,,,60,,60,,60,,60,,60,,60,0.434612341,0.573074126,0.526920197,0.565387659,0.426925874,1
Geophysical_model276,/home/lyara/areswave/models/Geophysical_model276.nd,nd,UNK,,,999.801,60,857.053,193.262,999.801,60,1116.236,16.633,1465.54,99.801,1680.192,60,0.662982722,0.460090657,0.527721345,0.337017278,0.539909343,1
Geophysical_model938,/home/lyara/areswave/models/Geophysical_model938.nd,nd,UNK,,,1068.438,60,900,29.464,1068.438,60,1102.126,16.844,1455.847,117.907,1687.809,60,0.449303121,0.567090029,0.527827727,0.550696879,0.432909971,1
Geophysical_model534,/home/lyara/areswave/models/Geophysical_model534.nd,nd,UNK,,,900,60,877.409,180.727,900,60,1118.976,33.689,1489.55,101.066,1687.825,60,0.475551675,0.55432339,0.528066152,0.524448325,0.44567661,1
Geophysical_model612,/home/lyara/areswave/models/Geophysical_model612.nd,nd,UNK,,,916.714,60,900,193.355,916.714,60,1117.28,33.427,1484.983,83.569,1683.1,60,0.721156736,0.431631008,0.528139584,0.278843264,0.568368992,1
Geophysical_model739,/home/lyara/areswave/models/Geophysical_model739.nd,nd,UNK,,,1099.489,60,900,21.426,1099.489,60,1116.113,16.624,1465.218,99.745,1679.849,60,0.376372665,0.604073845,0.528173452,0.623627335,0.395926155,1
Geophysical_model753,/home/lyara/areswave/models/Geophysical_model753.nd,nd,UNK,,,1099.489,60,900,21.426,1099.489,60,1116.113,16.624,1465.218,99.745,1679.849,60,0.376372665,0.604073845,0.528173452,0.623627335,0.395926155,1
Geophysical_model664,/home/lyara/areswave/models/Geophysical_model664.nd,nd,UNK,,,1099.489,60,900,21.426,1099.489,60,1116.113,16.624,1465.218,99.745,1679.849,60,0.376372665,0.604073845,0.528173452,0.623627335,0.395926155,1
MD_model22,/home/lyara/areswave/models/MD_model22.nd,nd,UNK,,,1019.062,60,898.164,197.833,1019.062,60,1293.831,21.982,1304.822,76.935,1648.61,60,0.682521221,0.451251904,0.528341676,0.317478779,0.548748096,1
Geophysical_model904,/home/lyara/areswave/models/Geophysical_model904.nd,nd,UNK,,,950.128,60,900,199.445,950.128,60,1133.929,50.128,1484.824,66.837,1682.935,60,0.520005507,0.532569814,0.528381712,0.479994493,0.467430186,1
Geophysical_model609,/home/lyara/areswave/models/Geophysical_model609.nd,nd,UNK,,,933.943,60,879.345,185.891,933.943,60,1120.631,33.943,1494.007,84.858,1692.437,60,0.49473098,0.545570429,0.528623946,0.50526902,0.454429571,1
Geophysical_model727,/home/lyara/areswave/models/Geophysical_model727.nd,nd,UNK,,,933.943,60,879.345,185.891,933.943,60,1120.631,33.943,1494.007,84.858,1692.437,60,0.49473098,0.545570429,0.528623946,0.50526902,0.454429571,1
Geophysical_model578,/home/lyara/areswave/models/Geophysical_model578.nd,nd,UNK,,,933.943,60,879.345,185.891,933.943,60,1120.631,33.943,1494.007,84.858,1692.437,60,0.49473098,0.545570429,0.528623946,0.50526902,0.454429571,1
Geophysical_model633,/home/lyara/areswave/models/Geophysical_model633.nd,nd,UNK,,,916.648,60,877.507,179.943,916.648,60,1116.419,16.648,1499.315,99.885,1680.704,60,0.57135105,0.507668319,0.528895896,0.42864895,0.492331681,1
Geophysical_model781,/home/lyara/areswave/models/Geophysical_model781.nd,nd,UNK,,,916.648,60,877.507,179.943,916.648,60,1116.419,16.648,1499.315,99.885,1680.704,60,0.57135105,0.507668319,0.528895896,0.42864895,0.492331681,1
Geophysical_model878,/home/lyara/areswave/models/Geophysical_model878.nd,nd,UNK,,,916.648,60,900,180.388,916.648,60,1116.419,16.648,1499.315,99.885,1680.704,60,0.430898908,0.57812704,0.529050996,0.569101092,0.42187296,1
Geophysical_model429,/home/lyara/areswave/models/Geophysical_model429.nd,nd,UNK,,,965.996,60,900,194.13,965.996,60,1114.487,16.499,1460.966,98.994,1675.321,60,0.645018346,0.471376141,0.529256876,0.354981654,0.528623859,1
Geophysical_model697,/home/lyara/areswave/models/Geophysical_model697.nd,nd,UNK,,,900,60,900,20.66,900,60,1106.104,17.175,1483.961,103.052,1699.813,60,0.823576531,0.382396572,0.529456558,0.176423469,0.617603428,1
Geophysical_model882,/home/lyara/areswave/models/Geophysical_model882.nd,nd,UNK,,,900,60,900,20.66,900,60,1106.104,17.175,1483.961,103.052,1699.813,60,0.823576531,0.382396572,0.529456558,0.176423469,0.617603428,1
Geophysical_model792,/home/lyara/areswave/models/Geophysical_model792.nd,nd,UNK,,,900,60,900,20.66,900,60,1106.104,17.175,1483.961,103.052,1699.813,60,0.823576531,0.382396572,0.529456558,0.176423469,0.617603428,1
Geophysical_model228,/home/lyara/areswave/models/Geophysical_model228.nd,nd,UNK,,,1000.927,60,900,186.836,1000.927,60,1135.497,33.643,1488.742,84.106,1686.989,60,0.55978677,0.514889608,0.529855328,0.44021323,0.485110392,1
Geophysical_model157,/home/lyara/areswave/models/Geophysical_model157.nd,nd,UNK,,,999.473,60,900,182.298,999.473,60,1115.525,16.579,1496.838,99.473,1678.212,60,0.571087269,0.50942505,0.529979123,0.428912731,0.49057495,1
Geophysical_model219,/home/lyara/areswave/models/Geophysical_model219.nd,nd,UNK,,,999.473,60,900,182.298,999.473,60,1115.525,16.579,1496.838,99.473,1678.212,60,0.571087269,0.50942505,0.529979123,0.428912731,0.49057495,1
Geophysical_model397,/home/lyara/areswave/models/Geophysical_model397.nd,nd,UNK,,,967.7,60,900,181.908,967.7,60,1120.025,33.85,1458.525,118.475,1690.748,60,0.330065994,0.630264903,0.5301986,0.669934006,0.369735097,1
Geophysical_model386,/home/lyara/areswave/models/Geophysical_model386.nd,nd,UNK,,,967.7,60,900,181.908,967.7,60,1120.025,33.85,1458.525,118.475,1690.748,60,0.330065994,0.630264903,0.5301986,0.669934006,0.369735097,1
Geophysical_model942,/home/lyara/areswave/models/Geophysical_model942.nd,nd,UNK,,,900,60,900,184.999,900,60,1106.204,17.184,1484.246,85.919,1535.797,68.735,0.67766576,0.456559542,0.530261615,0.32233424,0.543440458,1
MD_model50,/home/lyara/areswave/models/MD_model50.nd,nd,UNK,,,1043.775,60,704.13,186.257,1043.775,60,1295.769,186.257,1361.507,87.651,1649.586,60,0.700482702,0.445712651,0.530636001,0.299517298,0.554287349,1
Geophysical_model268,/home/lyara/areswave/models/Geophysical_model268.nd,nd,UNK,,,965.961,60,900,192.22,965.961,60,1114.373,16.491,1460.669,98.942,1675.004,60,0.451357821,0.570866097,0.531030005,0.548642179,0.429133903,1
Geophysical_model668,/home/lyara/areswave/models/Geophysical_model668.nd,nd,UNK,,,1099.489,60,900,21.059,1099.489,60,1116.113,16.624,1465.218,99.745,1679.849,60,0.638628127,0.477353506,0.531111713,0.361371873,0.522646494,1
Geophysical_model189,/home/lyara/areswave/models/Geophysical_model189.nd,nd,UNK,,,1047.171,60,900,194.523,1047.171,60,1145.284,32.704,1488.683,65.409,1670.008,60,0.38244896,0.605755705,0.531320123,0.61755104,0.394244295,1
Geophysical_model196,/home/lyara/areswave/models/Geophysical_model196.nd,nd,UNK,,,1047.171,60,900,194.523,1047.171,60,1145.284,32.704,1488.683,65.409,1670.008,60,0.38244896,0.605755705,0.531320123,0.61755104,0.394244295,1
Geophysical_model203,/home/lyara/areswave/models/Geophysical_model203.nd,nd,UNK,,,1047.171,60,900,194.523,1047.171,60,1145.284,32.704,1488.683,65.409,1670.008,60,0.38244896,0.605755705,0.531320123,0.61755104,0.394244295,1
Geophysical_model509,/home/lyara/areswave/models/Geophysical_model509.nd,nd,UNK,,,1088.067,60,900,20.654,1088.067,60,1105.164,17.097,1464.2,119.679,1696.976,60,0.360160704,0.616973126,0.531368986,0.639839296,0.383026874,1
MD_model87,/home/lyara/areswave/models/MD_model87.nd,nd,UNK,,,1045.49,60,805.604,185.367,1045.49,60,1296.28,185.367,1361.703,87.231,1638.16,60,0.86971091,0.362277666,0.531422081,0.13028909,0.637722334,1
Geophysical_model999,/home/lyara/areswave/models/Geophysical_model999.nd,nd,UNK,,,1086.489,60,900,21.299,1086.489,60,1103.443,16.953,1459.467,118.675,1691.782,60,0.725799856,0.435774584,0.532449674,0.274200144,0.564225416,1
CD_model85,/home/lyara/areswave/models/CD_model85.nd,nd,UNK,,,,60,,60,,60,,60,,60,,60,0.266051996,0.66569518,0.532480785,0.733948004,0.33430482,1
MD_model66,/home/lyara/areswave/models/MD_model66.nd,nd,UNK,,,988.043,60,741.78,10.261,988.043,60,1131.696,30.783,1429.263,41.043,1581.866,60,0.340256068,0.629611825,0.533159906,0.659743932,0.370388175,1
MD_model28,/home/lyara/areswave/models/MD_model28.nd,nd,UNK,,,969.799,60,817.032,185.502,969.799,60,1297.155,43.648,1340.802,98.206,1649.766,60,0.390028015,0.606517724,0.534354488,0.609971985,0.393482276,1
Geophysical_model772,/home/lyara/areswave/models/Geophysical_model772.nd,nd,UNK,,,933.784,60,900,183.013,933.784,60,1119.594,33.784,1491.215,84.459,1689.548,60,0.325658504,0.638762661,0.534394609,0.674341496,0.361237339,1
Geophysical_model771,/home/lyara/areswave/models/Geophysical_model771.nd,nd,UNK,,,933.784,60,900,183.013,933.784,60,1119.594,33.784,1491.215,84.459,1689.548,60,0.325658504,0.638762661,0.534394609,0.674341496,0.361237339,1
Geophysical_model935,/home/lyara/areswave/models/Geophysical_model935.nd,nd,UNK,,,933.4,60,876.829,185.365,933.4,60,1117.102,33.4,1484.505,83.501,1682.605,60,0.623150504,0.490709559,0.534856541,0.376849496,0.509290441,1
Geophysical_model164,/home/lyara/areswave/models/Geophysical_model164.nd,nd,UNK,,,950.866,60,900,193.895,950.866,60,1120.421,33.911,1459.531,101.733,1691.853,60,0.389715879,0.608283133,0.535427382,0.610284121,0.391716867,1
Geophysical_model712,/home/lyara/areswave/models/Geophysical_model712.nd,nd,UNK,,,916.714,60,900,193.2,916.714,60,1117.28,33.427,1484.983,83.569,1683.1,60,0.358693608,0.623839126,0.535457287,0.641306392,0.376160874,1
Geophysical_model718,/home/lyara/areswave/models/Geophysical_model718.nd,nd,UNK,,,933.856,60,900,185.099,933.856,60,1120.061,33.856,1492.472,84.639,1690.849,60,0.298625418,0.654174516,0.53565815,0.701374582,0.345825484,1
Geophysical_model665,/home/lyara/areswave/models/Geophysical_model665.nd,nd,UNK,,,1086.489,60,900,21.158,1086.489,60,1103.443,16.953,1459.467,118.675,1691.782,60,0.597126378,0.505302035,0.535910149,0.402873622,0.494697965,1
Geophysical_model583,/home/lyara/areswave/models/Geophysical_model583.nd,nd,UNK,,,1086.489,60,900,21.158,1086.489,60,1103.443,16.953,1459.467,118.675,1691.782,60,0.597126378,0.505302035,0.535910149,0.402873622,0.494697965,1
CD_model17,/home/lyara/areswave/models/CD_model17.nd,nd,UNK,,,,60,,60,,60,,60,,60,,60,0.326974004,0.640549489,0.536024328,0.673025996,0.359450511,1
AK_model_54,/home/lyara/areswave/models/AK_model_54.nd,nd,UNK,,,1017.898,60,837.887,25.716,1017.898,60,1172.194,102.864,1377.921,25.715,1664.88,60,0.528239613,0.54025276,0.536248377,0.471760387,0.45974724,1
Geophysical_model745,/home/lyara/areswave/models/Geophysical_model745.nd,nd,UNK,,,916.716,60,875.992,192.064,916.716,60,1117.309,33.432,1451.63,83.58,1683.182,60,0.825349108,0.39228257,0.536638083,0.174650892,0.60771743,1
Geophysical_model546,/home/lyara/areswave/models/Geophysical_model546.nd,nd,UNK,,,916.694,60,877.651,178.792,916.694,60,1117.027,33.389,1467.608,83.472,1682.396,60,0.392303123,0.608968721,0.536746855,0.607696877,0.391031279,1
MD_model96,/home/lyara/areswave/models/MD_model96.nd,nd,UNK,,,901.131,60,890.515,180.459,901.131,60,1293.895,74.307,1315.126,31.846,1608.043,60,0.814941316,0.398307149,0.537185205,0.185058684,0.601692851,1
Geophysical_model413,/home/lyara/areswave/models/Geophysical_model413.nd,nd,UNK,,,1063.846,60,900,187.439,1063.846,60,1145.769,32.769,1489.845,65.539,1671.177,60,0.659958366,0.475895027,0.537249473,0.340041634,0.524104973,1
Geophysical_model381,/home/lyara/areswave/models/Geophysical_model381.nd,nd,UNK,,,999.558,60,878.755,191.207,999.558,60,1115.708,16.593,1497.346,99.558,1678.723,60,0.574034011,0.519279441,0.537530964,0.425965989,0.480720559,1
Geophysical_model151,/home/lyara/areswave/models/Geophysical_model151.nd,nd,UNK,,,916.88,60,900,182.473,916.88,60,1102.557,16.88,1440.153,101.278,1689.11,60,0.282791894,0.664996141,0.537594725,0.717208106,0.335003859,1
Geophysical_model592,/home/lyara/areswave/models/Geophysical_model592.nd,nd,UNK,,,916.736,60,875.96,192.319,916.736,60,1117.572,33.472,1485.77,83.681,1683.914,60,0.412229593,0.600284693,0.53759966,0.587770407,0.399715307,1
Geophysical_model481,/home/lyara/areswave/models/Geophysical_model481.nd,nd,UNK,,,1096.615,60,900,187.257,1096.615,60,1145.769,32.769,1489.845,65.539,1671.177,60,0.618513843,0.497170762,0.537618456,0.381486157,0.502829238,1
MD_model69,/home/lyara/areswave/models/MD_model69.nd,nd,UNK,,,1009.071,60,829.529,10.561,1009.071,60,1135.807,137.296,1347.033,190.104,1617.331,60,0.280765606,0.666124827,0.537671753,0.719234394,0.333875173,1
AK_model_85,/home/lyara/areswave/models/AK_model_85.nd,nd,UNK,,,1079.656,60,874.091,182.724,1079.656,60,1285.221,22.84,1376.584,91.362,1647.618,60,0.672044552,0.470634568,0.537771229,0.327955448,0.529365432,1
Geophysical_model847,/home/lyara/areswave/models/Geophysical_model847.nd,nd,UNK,,,916.687,60,876.852,185.181,916.687,60,1116.931,33.374,1484.044,83.435,1682.128,60,0.514083034,0.550509369,0.538367257,0.485916966,0.449490631,1
Geophysical_model663,/home/lyara/areswave/models/Geophysical_model663.nd,nd,UNK,,,900,60,900,180.983,900,60,1119.116,33.71,1473.072,101.131,1688.215,60,0.80017066,0.407735259,0.538547059,0.19982934,0.592264741,1
Geophysical_model24,/home/lyara/areswave/models/Geophysical_model24.nd,nd,UNK,,,1098.645,60,900,181.856,1098.645,60,1115.199,16.554,1429.721,99.322,1677.304,60,0.621041096,0.49778587,0.538870945,0.378958904,0.50221413,1
Geophysical_model814,/home/lyara/areswave/models/Geophysical_model814.nd,nd,UNK,,,1088.465,60,900,20.695,1088.465,60,1105.598,17.133,1465.394,102.799,1698.287,60,0.478418445,0.569100496,0.538873146,0.521581555,0.430899504,1
Geophysical_model653,/home/lyara/areswave/models/Geophysical_model653.nd,nd,UNK,,,916.721,60,875.849,193.209,916.721,60,1117.378,33.443,1485.25,83.608,1683.376,60,0.75639694,0.430438358,0.539091219,0.24360306,0.569561642,1
Geophysical_model511,/home/lyara/areswave/models/Geophysical_model511.nd,nd,UNK,,,900,60,900,179.82,900,60,1118.724,33.65,1488.873,100.949,1687.125,60,0.664659893,0.476422169,0.539168077,0.335340107,0.523577831,1
Geophysical_model902,/home/lyara/areswave/models/Geophysical_model902.nd,nd,UNK,,,900,60,900,29.45,900,60,1102.126,16.844,1455.847,101.063,1687.809,60,0.747308908,0.435554732,0.539472791,0.252691092,0.564445268,1
Geophysical_model492,/home/lyara/areswave/models/Geophysical_model492.nd,nd,UNK,,,967.499,60,900,184.858,967.499,60,1119.373,33.75,1456.871,101.249,1688.933,60,0.310097438,0.655580411,0.54041942,0.689902562,0.344419589,1
Geophysical_model353,/home/lyara/areswave/models/Geophysical_model353.nd,nd,UNK,,,967.499,60,900,184.858,967.499,60,1119.373,33.75,1456.871,101.249,1688.933,60,0.310097438,0.655580411,0.54041942,0.689902562,0.344419589,1
Geophysical_model849,/home/lyara/areswave/models/Geophysical_model849.nd,nd,UNK,,,916.902,60,900,181.079,916.902,60,1119.729,33.804,1474.676,84.511,1689.924,60,0.525563931,0.548861142,0.541095405,0.474436069,0.451138858,1
Geophysical_model555,/home/lyara/areswave/models/Geophysical_model555.nd,nd,UNK,,,916.902,60,900,181.079,916.902,60,1119.729,33.804,1474.676,84.511,1689.924,60,0.525563931,0.548861142,0.541095405,0.474436069,0.451138858,1
Geophysical_model687,/home/lyara/areswave/models/Geophysical_model687.nd,nd,UNK,,,916.902,60,900,181.079,916.902,60,1119.729,33.804,1474.676,84.511,1689.924,60,0.525563931,0.548861142,0.541095405,0.474436069,0.451138858,1
Geophysical_model44,/home/lyara/areswave/models/Geophysical_model44.nd,nd,UNK,,,983.376,60,857.898,189.46,983.376,60,1116.777,33.35,1466.955,100.051,1681.7,60,0.563481828,0.53021953,0.541306963,0.436518172,0.46978047,1
Geophysical_model341,/home/lyara/areswave/models/Geophysical_model341.nd,nd,UNK,,,999.558,60,857.532,191.104,999.558,60,1115.708,16.593,1497.346,99.558,1678.723,60,0.596525986,0.514850485,0.542075652,0.403474014,0.485149515,1
Geophysical_model379,/home/lyara/areswave/models/Geophysical_model379.nd,nd,UNK,,,1047.698,60,900,189.604,1047.698,60,1146.164,32.822,1490.792,82.054,1672.131,60,0.556144077,0.535208611,0.5421871,0.443855923,0.464791389,1
Geophysical_model532,/home/lyara/areswave/models/Geophysical_model532.nd,nd,UNK,,,916.612,60,878.548,193.069,916.612,60,1115.955,16.612,1498.03,99.672,1679.411,60,0.559043287,0.534076037,0.542398454,0.440956713,0.465923963,1
CD_model15,/home/lyara/areswave/models/CD_model15.nd,nd,UNK,,,,60,,60,,60,,60,,60,,60,0.624200408,0.502135042,0.542823497,0.375799592,0.497864958,1
Geophysical_model990,/home/lyara/areswave/models/Geophysical_model990.nd,nd,UNK,,,950.721,60,900,183.737,950.721,60,1119.792,33.814,1491.747,84.535,1690.099,60,0.379985954,0.624286036,0.542852675,0.620014046,0.375713964,1
Geophysical_model109,/home/lyara/areswave/models/Geophysical_model109.nd,nd,UNK,,,983.19,60,900,192.453,983.19,60,1116.294,16.638,1465.692,116.466,1680.354,60,0.524843385,0.552207349,0.543086027,0.475156615,0.447792651,1
AK_model_70,/home/lyara/areswave/models/AK_model_70.nd,nd,UNK,,,1060,60,825,25,1060,60,1300,75,1300,50,1634.964,60,0.741003164,0.444521562,0.543348762,0.258996836,0.555478438,1
Geophysical_model78,/home/lyara/areswave/models/Geophysical_model78.nd,nd,UNK,,,916.795,60,900,184.466,916.795,60,1101.543,16.795,1437.448,100.771,1686.049,60,0.639886555,0.495261772,0.543470033,0.360113445,0.504738228,1
Geophysical_model623,/home/lyara/areswave/models/Geophysical_model623.nd,nd,UNK,,,900,60,900,179.492,900,60,1101.753,33.625,1488.445,100.876,1686.682,60,0.394430355,0.618502551,0.543811819,0.605569645,0.381497449,1
CD_model38,/home/lyara/areswave/models/CD_model38.nd,nd,UNK,,,,60,,60,,60,,60,,60,,60,0.561449866,0.535092233,0.54387811,0.438550134,0.464907767,1
Geophysical_model710,/home/lyara/areswave/models/Geophysical_model710.nd,nd,UNK,,,900,60,900,22.457,900,60,1101.621,16.802,1488.061,100.811,1686.284,60,0.752064783,0.4403191,0.544234328,0.247935217,0.5596809,1
CD_model98,/home/lyara/areswave/models/CD_model98.nd,nd,UNK,,,,60,,60,,60,,60,,60,,60,0.411449006,0.610793653,0.544345437,0.588550994,0.389206347,1
Geophysical_model205,/home/lyara/areswave/models/Geophysical_model205.nd,nd,UNK,,,965.752,60,900,182.01,965.752,60,1113.693,16.437,1458.888,115.065,1673.108,60,0.569996748,0.531784823,0.544522131,0.430003252,0.468215177,1
Geophysical_model9,/home/lyara/areswave/models/Geophysical_model9.nd,nd,UNK,,,949.517,60,900,192.452,949.517,60,1114.574,16.506,1444.688,115.54,1675.563,60,0.792144265,0.421426393,0.544999017,0.207855735,0.578573607,1
Geophysical_model365,/home/lyara/areswave/models/Geophysical_model365.nd,nd,UNK,,,999.752,60,900,199.119,999.752,60,1132.755,33.251,1481.887,99.752,1679.896,60,0.406473413,0.615212454,0.545632774,0.593526587,0.384787546,1
Geophysical_model96,/home/lyara/areswave/models/Geophysical_model96.nd,nd,UNK,,,966.829,60,900,198.796,966.829,60,1117.194,33.414,1451.339,100.243,1682.862,60,0.675462856,0.480735197,0.545644416,0.324537144,0.519264803,1
Geophysical_model234,/home/lyara/areswave/models/Geophysical_model234.nd,nd,UNK,,,966.829,60,900,198.796,966.829,60,1117.194,33.414,1451.339,100.243,1682.862,60,0.675462856,0.480735197,0.545644416,0.324537144,0.519264803,1
Geophysical_model4,/home/lyara/areswave/models/Geophysical_model4.nd,nd,UNK,,,1001.298,60,880.765,192.353,1001.298,60,1136.363,33.767,1490.906,101.298,1689.229,60,0.584511358,0.528280738,0.547024278,0.415488642,0.471719262,1
Geophysical_model516,/home/lyara/areswave/models/Geophysical_model516.nd,nd,UNK,,,1086.489,60,900,21.269,1086.489,60,1103.443,16.953,1459.467,118.675,1691.782,60,0.359830531,0.640746298,0.547107709,0.640169469,0.359253702,1
AK_model_89,/home/lyara/areswave/models/AK_model_89.nd,nd,UNK,,,1067.757,60,799.181,26.857,1067.757,60,1282.617,26.857,1336.333,53.715,1707.44,60,0.474907798,0.583562893,0.547344528,0.525092202,0.416437107,1
Geophysical_model740,/home/lyara/areswave/models/Geophysical_model740.nd,nd,UNK,,,1098.51,60,900,23.918,1098.51,60,1115.052,16.543,1462.444,99.255,1676.896,60,0.336240333,0.653696,0.547877444,0.663759667,0.346304,1
Geophysical_model763,/home/lyara/areswave/models/Geophysical_model763.nd,nd,UNK,,,950.013,60,900,182.68,950.013,60,1133.396,33.342,1483.489,66.684,1681.554,60,0.781902467,0.431610762,0.548374664,0.218097533,0.568389238,1
Geophysical_model649,/home/lyara/areswave/models/Geophysical_model649.nd,nd,UNK,,,950.013,60,900,182.68,950.013,60,1133.396,33.342,1483.489,66.684,1681.554,60,0.781902467,0.431610762,0.548374664,0.218097533,0.568389238,1
Geophysical_model967,/home/lyara/areswave/models/Geophysical_model967.nd,nd,UNK,,,916.672,60,877.4,180.797,916.672,60,1116.741,33.345,1483.532,83.362,1681.599,60,0.54711591,0.549252075,0.54854002,0.45288409,0.450747925,1
Geophysical_model831,/home/lyara/areswave/models/Geophysical_model831.nd,nd,UNK,,,933.798,60,879.696,182.733,933.798,60,1119.688,33.798,1491.467,84.495,1689.809,60,0.72734455,0.460582996,0.549503514,0.27265545,0.539417004,1
AK_model_42,/home/lyara/areswave/models/AK_model_42.nd,nd,UNK,,,1023.627,60,814.993,26.08,1023.627,60,1284.42,104.317,1310.5,182.555,1676.948,60,0.592109697,0.528455097,0.549673297,0.407890303,0.471544903,1
Geophysical_model795,/home/lyara/areswave/models/Geophysical_model795.nd,nd,UNK,,,900,60,900,21.486,900,60,1116.829,33.358,1483.771,100.075,1681.845,60,0.378691925,0.635496955,0.549895278,0.621308075,0.364503045,1
Geophysical_model401,/home/lyara/areswave/models/Geophysical_model401.nd,nd,UNK,,,933.558,60,900,195.534,933.558,60,1101.346,16.779,1436.922,117.452,1685.455,60,0.591686508,0.529088271,0.54995435,0.408313492,0.470911729,1
Geophysical_model127,/home/lyara/areswave/models/Geophysical_model127.nd,nd,UNK,,,916.861,60,900,181.87,916.861,60,1102.329,16.86,1439.543,101.164,1688.421,60,0.250629126,0.699752231,0.550044529,0.749370874,0.300247769,1
Geophysical_model236,/home/lyara/areswave/models/Geophysical_model236.nd,nd,UNK,,,933.558,60,900,195.82,933.558,60,1101.346,16.779,1436.922,117.452,1685.455,60,0.487314073,0.581944523,0.550401039,0.512685927,0.418055477,1
Geophysical_model23,/home/lyara/areswave/models/Geophysical_model23.nd,nd,UNK,,,1017.871,60,900,184.52,1017.871,60,1135.742,16.839,1489.354,84.193,1687.623,60,0.385844841,0.63296563,0.550592033,0.614155159,0.36703437,1
Geophysical_model463,/home/lyara/areswave/models/Geophysical_model463.nd,nd,UNK,,,1017.871,60,900,184.52,1017.871,60,1135.742,16.839,1489.354,84.193,1687.623,60,0.385844841,0.63296563,0.550592033,0.614155159,0.36703437,1
CD_model4,/home/lyara/areswave/models/CD_model4.nd,nd,UNK,,,,60,,60,,60,,60,,60,,60,0.205269789,0.723335944,0.550647225,0.794730211,0.276664056,1
Geophysical_model416,/home/lyara/areswave/models/Geophysical_model416.nd,nd,UNK,,,965.961,60,900,191.536,965.961,60,1114.373,16.491,1460.669,98.942,1675.004,60,0.539097429,0.556476533,0.550683498,0.460902571,0.443523467,1
Geophysical_model10,/home/lyara/areswave/models/Geophysical_model10.nd,nd,UNK,,,983.111,60,878.833,190.503,983.111,60,1116.088,16.622,1465.153,116.355,1679.781,60,0.543786122,0.554232059,0.55075008,0.456213878,0.445767941,1
Geophysical_model600,/home/lyara/areswave/models/Geophysical_model600.nd,nd,UNK,,,1098.51,60,900,23.878,1098.51,60,1115.052,16.543,1462.444,99.255,1676.896,60,0.526805602,0.562793969,0.550797846,0.473194398,0.437206031,1
Geophysical_model631,/home/lyara/areswave/models/Geophysical_model631.nd,nd,UNK,,,933.855,60,900,186.076,933.855,60,1120.056,33.855,1492.459,84.637,1690.835,60,0.480414682,0.586409939,0.551078187,0.519585318,0.413590061,1
AK_model_8,/home/lyara/areswave/models/AK_model_8.nd,nd,UNK,,,1058.295,60,876.798,25.928,1058.295,60,1291.649,77.785,1317.577,25.928,1682.257,60,0.63152388,0.512605257,0.552244798,0.36847612,0.487394743,1
Geophysical_model539,/home/lyara/areswave/models/Geophysical_model539.nd,nd,UNK,,,950.085,60,900,183.344,950.085,60,1133.728,33.39,1484.32,66.779,1682.414,60,0.311381619,0.672987082,0.552451928,0.688618381,0.327012918,1
Geophysical_model682,/home/lyara/areswave/models/Geophysical_model682.nd,nd,UNK,,,966.806,60,900,177.611,966.806,60,1133.823,33.403,1484.557,66.807,1682.659,60,0.600249777,0.528581125,0.552470675,0.399750223,0.471418875,1
Geophysical_model776,/home/lyara/areswave/models/Geophysical_model776.nd,nd,UNK,,,916.728,60,900,193.209,916.728,60,1117.459,33.456,1468.739,83.638,1683.6,60,0.617936661,0.519959352,0.552618455,0.382063339,0.480040648,1
Geophysical_model890,/home/lyara/areswave/models/Geophysical_model890.nd,nd,UNK,,,917.024,60,877.908,198.826,917.024,60,1121.318,34.049,1495.857,102.147,1694.351,60,0.552348614,0.552961538,0.55275723,0.447651386,0.447038462,1
Geophysical_model519,/home/lyara/areswave/models/Geophysical_model519.nd,nd,UNK,,,917.024,60,877.908,198.826,917.024,60,1121.318,34.049,1495.857,102.147,1694.351,60,0.552348614,0.552961538,0.55275723,0.447651386,0.447038462,1
Geophysical_model985,/home/lyara/areswave/models/Geophysical_model985.nd,nd,UNK,,,950.721,60,900,182.836,950.721,60,1119.792,33.814,1491.747,84.535,1690.099,60,0.479915469,0.590749112,0.553804564,0.520084531,0.409250888,1
Geophysical_model467,/home/lyara/areswave/models/Geophysical_model467.nd,nd,UNK,,,999.884,60,900,193.036,999.884,60,1116.415,16.647,1499.302,99.884,1680.691,60,0.702001573,0.480481739,0.554321683,0.297998427,0.519518261,1
Geophysical_model621,/home/lyara/areswave/models/Geophysical_model621.nd,nd,UNK,,,1098.113,60,875.932,48.135,1098.113,60,1114.623,16.509,1444.812,115.566,1675.699,60,0.35157616,0.655935657,0.554482491,0.64842384,0.344064343,1
Geophysical_model410,/home/lyara/areswave/models/Geophysical_model410.nd,nd,UNK,,,1099.994,60,900,181.191,1099.994,60,1116.66,16.666,1449.983,99.997,1681.374,60,0.607253171,0.528250067,0.554584435,0.392746829,0.471749933,1
Geophysical_model277,/home/lyara/areswave/models/Geophysical_model277.nd,nd,UNK,,,1099.994,60,900,181.191,1099.994,60,1116.66,16.666,1449.983,99.997,1681.374,60,0.607253171,0.528250067,0.554584435,0.392746829,0.471749933,1
Geophysical_model981,/home/lyara/areswave/models/Geophysical_model981.nd,nd,UNK,,,933.4,60,900,184.236,933.4,60,1117.102,33.4,1484.505,83.501,1682.605,60,0.595691078,0.534404498,0.554833358,0.404308922,0.465595502,1
Geophysical_model597,/home/lyara/areswave/models/Geophysical_model597.nd,nd,UNK,,,1099.901,60,900,21.41,1099.901,60,1116.56,16.658,1466.387,116.609,1681.095,60,0.323811863,0.670388578,0.554863006,0.676188137,0.329611422,1
Geophysical_model862,/home/lyara/areswave/models/Geophysical_model862.nd,nd,UNK,,,916.702,60,877.518,179.857,916.702,60,1117.126,33.404,1484.569,83.51,1682.671,60,0.418601794,0.623170318,0.55498081,0.581398206,0.376829682,1
Geophysical_model282,/home/lyara/areswave/models/Geophysical_model282.nd,nd,UNK,,,999.884,60,900,194.892,999.884,60,1116.415,16.647,1482.655,99.884,1680.691,60,0.748199544,0.45840464,0.555002941,0.251800456,0.54159536,1
Geophysical_model805,/home/lyara/areswave/models/Geophysical_model805.nd,nd,UNK,,,1085.08,60,900,29.801,1085.08,60,1101.905,16.826,1455.24,117.778,1687.143,60,0.659260348,0.502879229,0.555006269,0.340739652,0.497120771,1
Geophysical_model558,/home/lyara/areswave/models/Geophysical_model558.nd,nd,UNK,,,1097.761,60,900,24.104,1097.761,60,1114.242,16.48,1460.324,98.881,1674.637,60,0.46375557,0.601032588,0.555273582,0.53624443,0.398967412,1
Geophysical_model926,/home/lyara/areswave/models/Geophysical_model926.nd,nd,UNK,,,933.844,60,879.594,183.652,933.844,60,1119.984,33.844,1492.265,84.609,1690.635,60,0.476879078,0.594589756,0.555352863,0.523120922,0.405410244,1
Geophysical_model435,/home/lyara/areswave/models/Geophysical_model435.nd,nd,UNK,,,949.68,60,900,189.869,949.68,60,1115.279,16.56,1463.038,99.36,1677.528,60,0.590765419,0.537654811,0.555358347,0.409234581,0.462345189,1
Geophysical_model111,/home/lyara/areswave/models/Geophysical_model111.nd,nd,UNK,,,982.65,60,900,192.13,982.65,60,1114.889,16.53,1462.017,115.71,1676.44,60,0.67430735,0.49589374,0.555364943,0.32569265,0.50410626,1
Geophysical_model845,/home/lyara/areswave/models/Geophysical_model845.nd,nd,UNK,,,950.781,60,900,184.211,950.781,60,1136.977,33.854,1492.442,67.707,1690.818,60,0.364575684,0.650931938,0.555479854,0.635424316,0.349068062,1
Geophysical_model839,/home/lyara/areswave/models/Geophysical_model839.nd,nd,UNK,,,950.781,60,900,184.211,950.781,60,1136.977,33.854,1492.442,67.707,1690.818,60,0.364575684,0.650931938,0.555479854,0.635424316,0.349068062,1
Geophysical_model974,/home/lyara/areswave/models/Geophysical_model974.nd,nd,UNK,,,950.781,60,900,184.211,950.781,60,1136.977,33.854,1492.442,67.707,1690.818,60,0.364575684,0.650931938,0.555479854,0.635424316,0.349068062,1
Geophysical_model496,/home/lyara/areswave/models/Geophysical_model496.nd,nd,UNK,,,1064.195,60,900,188.313,1064.195,60,1146.293,32.839,1474.684,65.678,1672.443,60,0.820315731,0.423095289,0.555502103,0.179684269,0.576904711,1
Geophysical_model647,/home/lyara/areswave/models/Geophysical_model647.nd,nd,UNK,,,916.648,60,877.465,180.284,916.648,60,1116.419,16.648,1499.315,99.885,1680.704,60,0.464425897,0.601045563,0.555505674,0.535574103,0.398954437,1
Geophysical_model53,/home/lyara/areswave/models/Geophysical_model53.nd,nd,UNK,,,966.508,60,900,193.799,966.508,60,1116.152,16.627,1465.32,99.762,1679.958,60,0.51815392,0.57437187,0.555632553,0.48184608,0.42562813,1
Geophysical_model190,/home/lyara/areswave/models/Geophysical_model190.nd,nd,UNK,,,966.508,60,900,193.799,966.508,60,1116.152,16.627,1465.32,99.762,1679.958,60,0.51815392,0.57437187,0.555632553,0.48184608,0.42562813,1
Geophysical_model208,/home/lyara/areswave/models/Geophysical_model208.nd,nd,UNK,,,966.508,60,900,193.799,966.508,60,1116.152,16.627,1465.32,99.762,1679.958,60,0.51815392,0.57437187,0.555632553,0.48184608,0.42562813,1
Geophysical_model808,/home/lyara/areswave/models/Geophysical_model808.nd,nd,UNK,,,916.724,60,900,188.917,916.724,60,1117.416,33.448,1468.626,83.621,1683.48,60,0.370503716,0.648465196,0.555811369,0.629496284,0.351534804,1
Geophysical_model249,/home/lyara/areswave/models/Geophysical_model249.nd,nd,UNK,,,967.872,60,900,181.004,967.872,60,1120.585,33.937,1459.948,101.809,1692.31,60,0.387878121,0.640724462,0.556442349,0.612121879,0.359275538,1
Geophysical_model674,/home/lyara/areswave/models/Geophysical_model674.nd,nd,UNK,,,916.672,60,900,180.517,916.672,60,1116.738,33.345,1483.524,83.361,1681.59,60,0.548344551,0.560497051,0.556446218,0.451655449,0.439502949,1
Geophysical_model85,/home/lyara/areswave/models/Geophysical_model85.nd,nd,UNK,,,1031.784,60,900,187.685,1031.784,60,1130.622,32.946,1476.554,82.365,1674.378,60,0.507341447,0.581062682,0.556488937,0.492658553,0.418937318,1
Geophysical_model907,/home/lyara/areswave/models/Geophysical_model907.nd,nd,UNK,,,933.855,60,900,187.782,933.855,60,1120.056,33.855,1458.604,84.637,1690.835,60,0.611892762,0.529299544,0.556830617,0.388107238,0.470700456,1
Geophysical_model866,/home/lyara/areswave/models/Geophysical_model866.nd,nd,UNK,,,950.119,60,900,181,950.119,60,1133.89,50.12,1484.726,66.826,1682.834,60,0.823262694,0.423689806,0.556880769,0.176737306,0.576310194,1
Geophysical_model743,/home/lyara/areswave/models/Geophysical_model743.nd,nd,UNK,,,1086.489,60,900,21.323,1086.489,60,1103.443,16.953,1459.467,118.675,1691.782,60,0.698060667,0.48656475,0.557063389,0.301939333,0.51343525,1
Geophysical_model168,/home/lyara/areswave/models/Geophysical_model168.nd,nd,UNK,,,1001.362,60,880.983,190.173,1001.362,60,1119.617,33.788,1491.277,101.362,1689.612,60,0.518952697,0.576236993,0.557142228,0.481047303,0.423763007,1
Geophysical_model91,/home/lyara/areswave/models/Geophysical_model91.nd,nd,UNK,,,1001.362,60,880.983,190.173,1001.362,60,1119.617,33.788,1491.277,101.362,1689.612,60,0.518952697,0.576236993,0.557142228,0.481047303,0.423763007,1
Geophysical_model173,/home/lyara/areswave/models/Geophysical_model173.nd,nd,UNK,,,1063.521,60,900,197.912,1063.521,60,1145.281,32.704,1488.674,65.408,1669.999,60,0.432830559,0.619305781,0.557147374,0.567169441,0.380694219,1
Geophysical_model144,/home/lyara/areswave/models/Geophysical_model144.nd,nd,UNK,,,966.251,60,900,186.748,966.251,60,1115.315,16.563,1463.132,99.376,1677.628,60,0.569362982,0.551421187,0.557401785,0.430637018,0.448578813,1
Geophysical_model187,/home/lyara/areswave/models/Geophysical_model187.nd,nd,UNK,,,1016.434,60,877.254,181.965,1016.434,60,1132.867,33.267,1498.801,99.8,1680.187,60,0.397598323,0.637459139,0.557505534,0.602401677,0.362540861,1
Geophysical_model598,/home/lyara/areswave/models/Geophysical_model598.nd,nd,UNK,,,933.261,60,900,182.732,933.261,60,1116.199,16.631,1498.706,83.154,1680.091,60,0.839126995,0.417100088,0.557775724,0.160873005,0.582899912,1
AK_model_86,/home/lyara/areswave/models/AK_model_86.nd,nd,UNK,,,1049.938,60,885.794,23.449,1049.938,60,1284.43,23.45,1354.777,70.347,1674.308,60,0.446250845,0.613638074,0.557842331,0.553749155,0.386361926,1
CD_model32,/home/lyara/areswave/models/CD_model32.nd,nd,UNK,,,,60,,60,,60,,60,,60,,60,0.391850503,0.641226465,0.558101144,0.608149497,0.358773535,1
MD_model68,/home/lyara/areswave/models/MD_model68.nd,nd,UNK,,,1004.173,60,810.147,10.212,1004.173,60,1126.717,142.967,1402.439,112.331,1575.246,60,0.754346275,0.461141722,0.558876573,0.245653725,0.538858278,1
CD_model21,/home/lyara/areswave/models/CD_model21.nd,nd,UNK,,,,60,,60,,60,,60,,60,,60,0.582895048,0.546966797,0.558942881,0.417104952,0.453033203,1
Geophysical_model508,/home/lyara/areswave/models/Geophysical_model508.nd,nd,UNK,,,1083.952,60,900,22.324,1083.952,60,1100.674,16.723,1485.3,100.337,1683.428,60,0.701441178,0.487827754,0.559032228,0.298558822,0.512172246,1
CD_model62,/home/lyara/areswave/models/CD_model62.nd,nd,UNK,,,,60,,60,,60,,60,,60,,60,0.247165485,0.715038625,0.559080912,0.752834515,0.284961375,1
AK_model_58,/home/lyara/areswave/models/AK_model_58.nd,nd,UNK,,,1013.144,60,839.363,24.826,1013.144,60,1162.1,124.13,1385.533,49.652,1666.989,60,0.73686361,0.470817656,0.559499641,0.26313639,0.529182344,1
Geophysical_model488,/home/lyara/areswave/models/Geophysical_model488.nd,nd,UNK,,,1031.555,60,900,185.927,1031.555,60,1130.221,32.889,1491.996,82.221,1673.341,60,0.531666466,0.573421808,0.559503361,0.468333534,0.426578192,1
Geophysical_model827,/home/lyara/areswave/models/Geophysical_model827.nd,nd,UNK,,,916.589,60,878.476,193.716,916.589,60,1115.651,16.589,1497.188,99.531,1678.564,60,0.680117467,0.500146623,0.560136904,0.319882533,0.499853377,1
Geophysical_model860,/home/lyara/areswave/models/Geophysical_model860.nd,nd,UNK,,,933.943,60,900,186.527,933.943,60,1120.631,33.943,1494.007,84.858,1692.437,60,0.616809517,0.532057431,0.560308126,0.383190483,0.467942569,1
Geophysical_model434,/home/lyara/areswave/models/Geophysical_model434.nd,nd,UNK,,,983.203,60,878.839,190.447,983.203,60,1116.329,16.64,1465.783,116.484,1680.452,60,0.555918849,0.562918147,0.560585047,0.444081151,0.437081853,1
Geophysical_model320,/home/lyara/areswave/models/Geophysical_model320.nd,nd,UNK,,,983.203,60,878.839,190.447,983.203,60,1116.329,16.64,1465.783,116.484,1680.452,60,0.555918849,0.562918147,0.560585047,0.444081151,0.437081853,1
Geophysical_model288,/home/lyara/areswave/models/Geophysical_model288.nd,nd,UNK,,,949.52,60,900,193.249,949.52,60,1114.585,16.507,1461.223,99.04,1675.595,60,0.516627578,0.582733846,0.560698424,0.483372422,0.417266154,1
Geophysical_model770,/home/lyara/areswave/models/Geophysical_model770.nd,nd,UNK,,,950.781,60,900,183.569,950.781,60,1136.977,33.854,1492.442,67.707,1690.818,60,0.513338752,0.585072105,0.561160987,0.486661248,0.414927895,1
Geophysical_model984,/home/lyara/areswave/models/Geophysical_model984.nd,nd,UNK,,,933.11,60,877.605,179.157,933.11,60,1115.217,16.555,1495.986,99.331,1677.355,60,0.75231876,0.465777378,0.561291172,0.24768124,0.534222622,1
MD_model61,/home/lyara/areswave/models/MD_model61.nd,nd,UNK,,,1068.978,60,864.088,193.507,1068.978,60,1194.188,193.507,1399.077,102.445,1694.611,60,0.739106407,0.472546754,0.561399972,0.260893593,0.527453246,1
Geophysical_model528,/home/lyara/areswave/models/Geophysical_model528.nd,nd,UNK,,,933.804,60,900,181.169,933.804,60,1119.729,33.804,1491.578,84.511,1689.924,60,0.67160453,0.506500189,0.561534969,0.32839547,0.493499811,1
Geophysical_model871,/home/lyara/areswave/models/Geophysical_model871.nd,nd,UNK,,,1099.979,60,900,21.957,1099.979,60,1116.644,16.665,1466.608,116.655,1681.33,60,0.778109688,0.453856224,0.561940712,0.221890312,0.546143776,1
Geophysical_model337,/home/lyara/areswave/models/Geophysical_model337.nd,nd,UNK,,,967.872,60,900,180.907,967.872,60,1120.585,33.937,1459.948,101.809,1692.31,60,0.385228519,0.650787944,0.562268136,0.614771481,0.349212056,1
AK_model_49,/home/lyara/areswave/models/AK_model_49.nd,nd,UNK,,,1010.726,60,802.494,26.029,1010.726,60,1271.017,130.146,1479.249,26.029,1688.205,60,0.606312439,0.541299388,0.562970405,0.393687561,0.458700612,1
Geophysical_model368,/home/lyara/areswave/models/Geophysical_model368.nd,nd,UNK,,,1031.52,60,900,186.956,1031.52,60,1130.159,32.88,1491.838,82.199,1673.183,60,0.400236862,0.647010737,0.564752779,0.599763138,0.352989263,1
CD_model77,/home/lyara/areswave/models/CD_model77.nd,nd,UNK,,,,60,,60,,60,,60,,60,,60,0.334113993,0.680238892,0.564863925,0.665886007,0.319761108,1
Geophysical_model258,/home/lyara/areswave/models/Geophysical_model258.nd,nd,UNK,,,999.884,60,900,194.945,999.884,60,1116.415,16.647,1499.302,99.884,1680.691,60,0.488069382,0.60401162,0.565364208,0.511930618,0.39598838,1
Geophysical_model314,/home/lyara/areswave/models/Geophysical_model314.nd,nd,UNK,,,999.894,60,878.151,196.638,999.894,60,1116.438,16.649,1499.366,99.894,1680.755,60,0.5420506,0.577171071,0.565464247,0.4579494,0.422828929,1
Geophysical_model448,/home/lyara/areswave/models/Geophysical_model448.nd,nd,UNK,,,999.894,60,878.151,196.638,999.894,60,1116.438,16.649,1499.366,99.894,1680.755,60,0.5420506,0.577171071,0.565464247,0.4579494,0.422828929,1
Geophysical_model256,/home/lyara/areswave/models/Geophysical_model256.nd,nd,UNK,,,999.894,60,878.151,196.638,999.894,60,1116.438,16.649,1499.366,99.894,1680.755,60,0.5420506,0.577171071,0.565464247,0.4579494,0.422828929,1
AK_model_63,/home/lyara/areswave/models/AK_model_63.nd,nd,UNK,,,996.13,60,793.624,25.314,996.13,60,1122.696,75.94,1325.202,75.939,1684.197,60,0.727571226,0.48536951,0.566103416,0.272428774,0.51463049,1
CD_model24,/home/lyara/areswave/models/CD_model24.nd,nd,UNK,,,,60,,60,,60,,60,,60,,60,0.406448249,0.645984908,0.566139355,0.593551751,0.354015092,1
Geophysical_model545,/home/lyara/areswave/models/Geophysical_model545.nd,nd,UNK,,,916.767,60,900,191.729,916.767,60,1117.965,33.533,1486.828,83.833,1685.009,60,0.543125985,0.578774767,0.56689184,0.456874015,0.421225233,1
Geophysical_model351,/home/lyara/areswave/models/Geophysical_model351.nd,nd,UNK,,,916.856,60,900,181.22,916.856,60,1102.271,16.856,1439.389,101.135,1688.246,60,0.603868484,0.549656265,0.567727005,0.396131516,0.450343735,1
Geophysical_model303,/home/lyara/areswave/models/Geophysical_model303.nd,nd,UNK,,,949.55,60,900,192.862,949.55,60,1114.715,16.516,1461.562,99.099,1675.956,60,0.387800668,0.657939571,0.56789327,0.612199332,0.342060429,1
Geophysical_model897,/home/lyara/areswave/models/Geophysical_model897.nd,nd,UNK,,,950.093,60,900,199.612,950.093,60,1133.767,50.093,1484.418,66.791,1682.515,60,0.547366449,0.578226749,0.567939982,0.452633551,0.421773251,1
Geophysical_model685,/home/lyara/areswave/models/Geophysical_model685.nd,nd,UNK,,,933.11,60,877.665,178.677,933.11,60,1115.217,16.555,1495.986,99.331,1677.355,60,0.662106884,0.520875071,0.567952342,0.337893116,0.479124929,1
Geophysical_model970,/home/lyara/areswave/models/Geophysical_model970.nd,nd,UNK,,,933.805,60,900,186.685,933.805,60,1119.733,33.805,1474.687,84.513,1689.935,60,0.802533388,0.45089172,0.568105609,0.197466612,0.54910828,1
Geophysical_model220,/home/lyara/areswave/models/Geophysical_model220.nd,nd,UNK,,,982.959,60,900,190.43,982.959,60,1115.693,16.592,1464.12,116.143,1678.681,60,0.568817413,0.567842959,0.568167777,0.431182587,0.432157041,1
Geophysical_model809,/home/lyara/areswave/models/Geophysical_model809.nd,nd,UNK,,,916.969,60,878.195,196.244,916.969,60,1120.603,33.939,1493.931,84.847,1692.359,60,0.728562886,0.488006762,0.568192137,0.271437114,0.511993238,1
Geophysical_model877,/home/lyara/areswave/models/Geophysical_model877.nd,nd,UNK,,,933.943,60,879.36,185.761,933.943,60,1120.631,33.943,1477.036,84.858,1692.437,60,0.445156559,0.631203989,0.569188179,0.554843441,0.368796011,1
MD_model14,/home/lyara/areswave/models/MD_model14.nd,nd,UNK,,,1003.044,60,801.326,10.617,1003.044,60,1130.445,138.018,1321.547,191.102,1614.289,60,0.307979329,0.700165232,0.569436598,0.692020671,0.299834768,1
Geophysical_model425,/home/lyara/areswave/models/Geophysical_model425.nd,nd,UNK,,,1031.687,60,900,185.741,1031.687,60,1130.452,32.922,1476.13,82.304,1673.94,60,0.508793731,0.600141837,0.569692469,0.491206269,0.399858163,1
Geophysical_model125,/home/lyara/areswave/models/Geophysical_model125.nd,nd,UNK,,,983.004,60,878.65,192.148,983.004,60,1115.809,16.601,1497.625,99.604,1679.004,60,0.668867031,0.520294288,0.569818536,0.331132969,0.479705712,1
Geophysical_model791,/home/lyara/areswave/models/Geophysical_model791.nd,nd,UNK,,,1084.693,60,900,22.441,1084.693,60,1101.483,16.79,1487.659,100.742,1685.869,60,0.584624966,0.562795716,0.570072133,0.415375034,0.437204284,1
Geophysical_model734,/home/lyara/areswave/models/Geophysical_model734.nd,nd,UNK,,,1084.693,60,900,22.441,1084.693,60,1101.483,16.79,1487.659,100.742,1685.869,60,0.584624966,0.562795716,0.570072133,0.415375034,0.437204284,1
Geophysical_model37,/home/lyara/areswave/models/Geophysical_model37.nd,nd,UNK,,,966.337,60,900,193.897,966.337,60,1115.594,16.584,1463.861,116.089,1678.405,60,0.772822244,0.468907535,0.570212438,0.227177756,0.531092465,1
Geophysical_model88,/home/lyara/areswave/models/Geophysical_model88.nd,nd,UNK,,,966.337,60,900,193.897,966.337,60,1115.594,16.584,1463.861,116.089,1678.405,60,0.772822244,0.468907535,0.570212438,0.227177756,0.531092465,1
AK_model_2,/home/lyara/areswave/models/AK_model_2.nd,nd,UNK,,,1042.278,60,836.749,25.691,1042.278,60,1273.498,102.764,1324.88,25.691,1663.202,60,0.654676911,0.528004604,0.570228707,0.345323089,0.471995396,1
Geophysical_model214,/home/lyara/areswave/models/Geophysical_model214.nd,nd,UNK,,,949.92,60,900,183.216,949.92,60,1116.318,16.64,1449.115,116.479,1680.421,60,0.563362513,0.574504043,0.570790199,0.436637487,0.425495957,1
AK_model_35,/home/lyara/areswave/models/AK_model_35.nd,nd,UNK,,,1083.341,60,898.594,26.393,1083.341,60,1294.481,26.392,1347.266,79.177,1689.198,60,0.569459622,0.571704439,0.570956167,0.430540378,0.428295561,1
CD_model58,/home/lyara/areswave/models/CD_model58.nd,nd,UNK,,,,60,,60,,60,,60,,60,,60,0.491577745,0.610734961,0.571015889,0.508422255,0.389265039,1
Geophysical_model744,/home/lyara/areswave/models/Geophysical_model744.nd,nd,UNK,,,1088.067,60,900,20.64,1088.067,60,1105.164,17.097,1464.2,119.679,1696.976,60,0.630740236,0.541530809,0.571267285,0.369259764,0.458469191,1
AK_model_45,/home/lyara/areswave/models/AK_model_45.nd,nd,UNK,,,1013.382,60,800.038,26.667,1013.382,60,1280.062,106.672,1493.405,26.668,1703.13,60,0.366510692,0.674279466,0.571689875,0.633489308,0.325720534,1
AK_model_46,/home/lyara/areswave/models/AK_model_46.nd,nd,UNK,,,1017.265,60,775.483,26.865,1017.265,60,1285.911,134.323,1473.964,26.865,1710.571,60,0.523844812,0.595746832,0.571779492,0.476155188,0.404253168,1
Geophysical_model733,/home/lyara/areswave/models/Geophysical_model733.nd,nd,UNK,,,933.815,60,879.484,184.644,933.815,60,1119.798,33.815,1474.857,84.537,1690.116,60,0.69703872,0.509995397,0.572343172,0.30296128,0.490004603,1
Geophysical_model158,/home/lyara/areswave/models/Geophysical_model158.nd,nd,UNK,,,1017.887,60,900,186.665,1017.887,60,1135.775,16.841,1489.437,84.206,1687.708,60,0.494764248,0.611291934,0.572449372,0.505235752,0.388708066,1
Geophysical_model794,/home/lyara/areswave/models/Geophysical_model794.nd,nd,UNK,,,950.91,60,900,184.586,950.91,60,1120.608,33.94,1493.945,84.849,1692.373,60,0.439433597,0.639581264,0.572865375,0.560566403,0.360418736,1
Geophysical_model761,/home/lyara/areswave/models/Geophysical_model761.nd,nd,UNK,,,900,60,900,179.39,900,60,1101.753,33.625,1488.445,100.876,1686.682,60,0.615703358,0.551890941,0.573161747,0.384296642,0.448109059,1
CD_model89,/home/lyara/areswave/models/CD_model89.nd,nd,UNK,,,,60,,60,,60,,60,,60,,60,0.368901194,0.67531169,0.573174858,0.631098806,0.32468831,1
Geophysical_model536,/home/lyara/areswave/models/Geophysical_model536.nd,nd,UNK,,,916.773,60,856.044,197.802,916.773,60,1118.053,33.547,1487.065,83.866,1685.254,60,0.479949357,0.620696112,0.573780527,0.520050643,0.379303888,1
Geophysical_model693,/home/lyara/areswave/models/Geophysical_model693.nd,nd,UNK,,,916.721,60,876.007,191.944,916.721,60,1117.378,33.443,1485.25,83.608,1683.376,60,0.328896806,0.696272696,0.573814066,0.671103194,0.303727304,1
Geophysical_model518,/home/lyara/areswave/models/Geophysical_model518.nd,nd,UNK,,,950.781,60,900,184.076,950.781,60,1136.977,33.854,1492.442,67.707,1690.818,60,0.791705773,0.465510418,0.574242203,0.208294227,0.534489582,1
Geophysical_model611,/home/lyara/areswave/models/Geophysical_model611.nd,nd,UNK,,,1084.148,60,900,22.191,1084.148,60,1100.889,16.741,1469.186,100.445,1684.076,60,0.441727033,0.640653373,0.574344593,0.558272967,0.359346627,1
Geophysical_model675,/home/lyara/areswave/models/Geophysical_model675.nd,nd,UNK,,,1084.148,60,900,22.191,1084.148,60,1100.889,16.741,1469.186,100.445,1684.076,60,0.441727033,0.640653373,0.574344593,0.558272967,0.359346627,1
Geophysical_model70,/home/lyara/areswave/models/Geophysical_model70.nd,nd,UNK,,,1000.927,60,900,186.956,1000.927,60,1135.497,33.643,1488.742,84.106,1686.989,60,0.493245625,0.615111058,0.574489247,0.506754375,0.384888942,1
Geophysical_model800,/home/lyara/areswave/models/Geophysical_model800.nd,nd,UNK,,,1088.334,60,900,20.74,1088.334,60,1105.456,17.121,1465.003,102.728,1697.857,60,0.373322773,0.678359887,0.576680849,0.626677227,0.321640113,1
AK_model_6,/home/lyara/areswave/models/AK_model_6.nd,nd,UNK,,,1050.566,60,816.362,26.023,1050.566,60,1284.77,78.068,1310.793,26.023,1676.747,60,0.485901454,0.622334582,0.576856873,0.514098546,0.377665418,1
CD_model11,/home/lyara/areswave/models/CD_model11.nd,nd,UNK,,,,60,,60,,60,,60,,60,,60,0.662918128,0.533955047,0.576942741,0.337081872,0.466044953,1
Geophysical_model560,/home/lyara/areswave/models/Geophysical_model560.nd,nd,UNK,,,1099.489,60,900,21.346,1099.489,60,1116.113,16.624,1465.218,99.745,1679.849,60,0.769981835,0.480521809,0.577008484,0.230018165,0.519478191,1
Geophysical_model319,/home/lyara/areswave/models/Geophysical_model319.nd,nd,UNK,,,1063.521,60,900,197.862,1063.521,60,1145.281,32.704,1488.674,65.408,1669.999,60,0.676827955,0.527218559,0.577088358,0.323172045,0.472781441,1
Geophysical_model610,/home/lyara/areswave/models/Geophysical_model610.nd,nd,UNK,,,916.648,60,900,179.429,916.648,60,1116.419,16.648,1482.668,99.885,1680.704,60,0.437023198,0.64713861,0.577100139,0.562976802,0.35286139,1
Geophysical_model284,/home/lyara/areswave/models/Geophysical_model284.nd,nd,UNK,,,1032.872,60,900,181.643,1032.872,60,1132.525,33.217,1497.923,83.045,1679.303,60,0.503703304,0.613946318,0.577198647,0.496296696,0.386053682,1
Geophysical_model775,/home/lyara/areswave/models/Geophysical_model775.nd,nd,UNK,,,900,60,877.329,181.367,900,60,1119.204,33.724,1490.165,101.171,1688.461,60,0.552424809,0.590062186,0.577516394,0.447575191,0.409937814,1
Geophysical_model976,/home/lyara/areswave/models/Geophysical_model976.nd,nd,UNK,,,916.837,60,900,181.468,916.837,60,1118.884,33.674,1489.303,84.186,1687.57,60,0.600831298,0.565935109,0.577567172,0.399168702,0.434064891,1
Geophysical_model785,/home/lyara/areswave/models/Geophysical_model785.nd,nd,UNK,,,900,60,900,29.769,900,60,1101.736,16.811,1471.585,100.868,1686.632,60,0.596668444,0.568428858,0.577842053,0.403331556,0.431571142,1
Geophysical_model943,/home/lyara/areswave/models/Geophysical_model943.nd,nd,UNK,,,900,60,900,188.602,900,60,1115.838,16.602,1464.498,116.22,1679.083,60,0.57489351,0.579579125,0.578017253,0.42510649,0.420420875,1
AK_model_80,/home/lyara/areswave/models/AK_model_80.nd,nd,UNK,,,1048.834,60,845.714,25.39,1048.834,60,1277.345,50.78,1328.125,50.78,1687.555,60,0.469252724,0.633045415,0.578447851,0.530747276,0.366954585,1
Geophysical_model810,/home/lyara/areswave/models/Geophysical_model810.nd,nd,UNK,,,966.616,60,900,178.757,966.616,60,1133.157,33.308,1499.547,83.27,1680.937,60,0.638368621,0.548774726,0.578639357,0.361631379,0.451225274,1
AK_model_18,/home/lyara/areswave/models/AK_model_18.nd,nd,UNK,,,1030.098,60,809.519,24.509,1030.098,60,1275.186,98.035,1324.204,171.561,1676.548,60,0.589212143,0.57396942,0.579050328,0.410787857,0.42603058,1
Geophysical_model980,/home/lyara/areswave/models/Geophysical_model980.nd,nd,UNK,,,916.969,60,878.268,195.584,916.969,60,1120.603,33.939,1493.931,84.847,1692.359,60,0.724145469,0.507522669,0.579730269,0.275854531,0.492477331,1
Geophysical_model619,/home/lyara/areswave/models/Geophysical_model619.nd,nd,UNK,,,916.969,60,878.268,195.584,916.969,60,1120.603,33.939,1493.931,84.847,1692.359,60,0.724145469,0.507522669,0.579730269,0.275854531,0.492477331,1
Geophysical_model779,/home/lyara/areswave/models/Geophysical_model779.nd,nd,UNK,,,933.604,60,877.962,198.343,933.604,60,1118.427,33.604,1488.074,84.011,1686.298,60,0.702686566,0.518436194,0.579852985,0.297313434,0.481563806,1
Geophysical_model736,/home/lyara/areswave/models/Geophysical_model736.nd,nd,UNK,,,1084.925,60,900,29.856,1084.925,60,1101.736,16.811,1454.774,100.868,1686.632,60,0.523155938,0.608461216,0.580026123,0.476844062,0.391538784,1
Geophysical_model797,/home/lyara/areswave/models/Geophysical_model797.nd,nd,UNK,,,933.11,60,878.025,197.778,933.11,60,1115.217,16.555,1479.431,99.331,1677.355,60,0.63848558,0.551238631,0.580320947,0.36151442,0.448761369,1
AK_model_29,/home/lyara/areswave/models/AK_model_29.nd,nd,UNK,,,1044.427,60,827.691,27.092,1044.427,60,1288.254,54.184,1315.346,54.184,1715.068,60,0.366769177,0.68718181,0.580377599,0.633230823,0.31281819,1
Geophysical_model92,/home/lyara/areswave/models/Geophysical_model92.nd,nd,UNK,,,983.004,60,878.65,192.148,983.004,60,1115.809,16.601,1497.625,99.604,1679.004,60,0.343763771,0.698745403,0.580418192,0.656236229,0.301254597,1
Geophysical_model912,/home/lyara/areswave/models/Geophysical_model912.nd,nd,UNK,,,916.723,60,900,178.987,916.723,60,1117.396,33.446,1468.574,83.614,1683.425,60,0.693344563,0.524091399,0.580509121,0.306655437,0.475908601,1
Geophysical_model108,/home/lyara/areswave/models/Geophysical_model108.nd,nd,UNK,,,999.816,60,900,195.837,999.816,60,1116.267,16.636,1498.893,99.815,1680.28,60,0.491662151,0.625024837,0.580570608,0.508337849,0.374975163,1
Geophysical_model606,/home/lyara/areswave/models/Geophysical_model606.nd,nd,UNK,,,916.576,60,877.86,199.257,916.576,60,1115.491,16.576,1496.743,99.457,1678.117,60,0.472823245,0.634925392,0.580891343,0.527176755,0.365074608,1
Geophysical_model382,/home/lyara/areswave/models/Geophysical_model382.nd,nd,UNK,,,1063.521,60,900,197.657,1063.521,60,1145.281,32.704,1488.674,65.408,1669.999,60,0.607283187,0.568364828,0.581337614,0.392716813,0.431635172,1
MD_model23,/home/lyara/areswave/models/MD_model23.nd,nd,UNK,,,932.566,60,762.339,180.866,932.566,60,1273.019,74.475,1326.215,31.917,1608.988,60,0.721513357,0.511563856,0.581547023,0.278486643,0.488436144,1
Geophysical_model424,/home/lyara/areswave/models/Geophysical_model424.nd,nd,UNK,,,1001.023,60,900,187.887,1001.023,60,1118.883,33.675,1472.464,101.024,1687.568,60,0.644692547,0.550039672,0.58159063,0.355307453,0.449960328,1
Geophysical_model444,/home/lyara/areswave/models/Geophysical_model444.nd,nd,UNK,,,949.55,60,900,192.741,949.55,60,1114.715,16.516,1461.562,99.099,1675.956,60,0.450498129,0.647659482,0.581939031,0.549501871,0.352340518,1
Geophysical_model171,/home/lyara/areswave/models/Geophysical_model171.nd,nd,UNK,,,1016.326,60,900,195.567,1016.326,60,1132.652,33.236,1498.248,99.708,1679.631,60,0.606682451,0.569972238,0.582208976,0.393317549,0.430027762,1
MD_model65,/home/lyara/areswave/models/MD_model65.nd,nd,UNK,,,1057.396,60,710.116,184.492,1057.396,60,1285.298,21.705,1361.266,75.968,1636.741,60,0.508665715,0.619582541,0.582610265,0.491334285,0.380417459,1
Geophysical_model202,/home/lyara/areswave/models/Geophysical_model202.nd,nd,UNK,,,1000.927,60,900,187.87,1000.927,60,1135.497,33.643,1488.742,84.106,1686.989,60,0.671325936,0.538974864,0.583091888,0.328674064,0.461025136,1
Geophysical_model722,/home/lyara/areswave/models/Geophysical_model722.nd,nd,UNK,,,900,60,900,22.447,900,60,1101.621,16.802,1488.061,100.811,1686.284,60,0.434830053,0.657405924,0.583213967,0.565169947,0.342594076,1
CD_model71,/home/lyara/areswave/models/CD_model71.nd,nd,UNK,,,,60,,60,,60,,60,,60,,60,0.56182751,0.594220665,0.583422946,0.43817249,0.405779335,1
Geophysical_model888,/home/lyara/areswave/models/Geophysical_model888.nd,nd,UNK,,,1088.465,60,900,20.73,1088.465,60,1105.598,17.133,1465.394,102.799,1698.287,60,0.423693012,0.664104213,0.583967146,0.576306988,0.335895787,1
AK_model_10,/home/lyara/areswave/models/AK_model_10.nd,nd,UNK,,,1032.783,60,836.001,24.598,1032.783,60,1278.762,73.794,1303.36,24.597,1680.778,60,0.605530043,0.573269718,0.58402316,0.394469957,0.426730282,1
Geophysical_model906,/home/lyara/areswave/models/Geophysical_model906.nd,nd,UNK,,,916.577,60,900,196.183,916.577,60,1115.503,16.577,1480.2,99.463,1678.151,60,0.65239959,0.550593782,0.584529051,0.34760041,0.449406218,1
Geophysical_model821,/home/lyara/areswave/models/Geophysical_model821.nd,nd,UNK,,,950.007,60,900,178.721,950.007,60,1133.367,33.338,1483.418,66.676,1681.481,60,0.406345301,0.67457139,0.585162694,0.593654699,0.32542861,1
Geophysical_model952,/home/lyara/areswave/models/Geophysical_model952.nd,nd,UNK,,,950.007,60,900,178.721,950.007,60,1133.367,33.338,1483.418,66.676,1681.481,60,0.406345301,0.67457139,0.585162694,0.593654699,0.32542861,1
MD_model24,/home/lyara/areswave/models/MD_model24.nd,nd,UNK,,,1031.407,60,893.911,10.576,1031.407,60,1295.822,84.613,1316.975,95.189,1609.009,60,0.345587636,0.704971415,0.585176822,0.654412364,0.295028585,1
Geophysical_model838,/home/lyara/areswave/models/Geophysical_model838.nd,nd,UNK,,,916.965,60,878.056,197.492,916.965,60,1120.546,33.93,1476.812,101.791,1692.199,60,0.835073586,0.461415465,0.585968172,0.164926414,0.538584535,1
Geophysical_model716,/home/lyara/areswave/models/Geophysical_model716.nd,nd,UNK,,,916.965,60,878.056,197.492,916.965,60,1120.546,33.93,1476.812,101.791,1692.199,60,0.835073586,0.461415465,0.585968172,0.164926414,0.538584535,1
Geophysical_model585,/home/lyara/areswave/models/Geophysical_model585.nd,nd,UNK,,,916.965,60,878.056,197.492,916.965,60,1120.546,33.93,1476.812,101.791,1692.199,60,0.835073586,0.461415465,0.585968172,0.164926414,0.538584535,1
Geophysical_model720,/home/lyara/areswave/models/Geophysical_model720.nd,nd,UNK,,,933.975,60,879.241,186.833,933.975,60,1120.837,33.975,1494.562,84.937,1693.011,60,0.783687864,0.488151675,0.586663738,0.216312136,0.511848325,1
Geophysical_model939,/home/lyara/areswave/models/Geophysical_model939.nd,nd,UNK,,,933.365,60,876.693,186.455,933.365,60,1116.871,33.365,1483.885,83.412,1681.963,60,0.666159676,0.547196057,0.586850597,0.333840324,0.452803943,1
Geophysical_model637,/home/lyara/areswave/models/Geophysical_model637.nd,nd,UNK,,,933.365,60,876.693,186.455,933.365,60,1116.871,33.365,1483.885,83.412,1681.963,60,0.666159676,0.547196057,0.586850597,0.333840324,0.452803943,1
Geophysical_model376,/home/lyara/areswave/models/Geophysical_model376.nd,nd,UNK,,,983.203,60,878.839,190.451,983.203,60,1116.329,16.64,1465.783,99.844,1680.452,60,0.385588696,0.68773039,0.587016492,0.614411304,0.31226961,1
Geophysical_model689,/home/lyara/areswave/models/Geophysical_model689.nd,nd,UNK,,,949.989,60,900,178.211,949.989,60,1116.619,16.663,1499.867,83.315,1681.259,60,0.740820562,0.510529804,0.58729339,0.259179438,0.489470196,1
Geophysical_model750,/home/lyara/areswave/models/Geophysical_model750.nd,nd,UNK,,,916.648,60,877.568,179.456,916.648,60,1116.419,16.648,1482.668,99.885,1680.704,60,0.708459726,0.526851042,0.58738727,0.291540274,0.473148958,1
MD_model1,/home/lyara/areswave/models/MD_model1.nd,nd,UNK,,,998.962,60,781.126,10.373,998.962,60,1102.693,197.09,1445.007,186.717,1598.079,60,0.703578159,0.529420426,0.587473004,0.296421841,0.470579574,1
MD_model49,/home/lyara/areswave/models/MD_model49.nd,nd,UNK,,,1035.919,60,728.669,186.544,1035.919,60,1299.277,10.973,1365.116,87.786,1653.423,60,0.550526106,0.606067536,0.587553726,0.449473894,0.393932464,1
Geophysical_model517,/home/lyara/areswave/models/Geophysical_model517.nd,nd,UNK,,,933.327,60,900,186.165,933.327,60,1116.628,16.664,1499.894,83.319,1681.286,60,0.796302386,0.483471963,0.58774877,0.203697614,0.516528037,1
Geophysical_model752,/home/lyara/areswave/models/Geophysical_model752.nd,nd,UNK,,,933.856,60,900,185.07,933.856,60,1120.061,33.856,1458.617,84.639,1690.849,60,0.660976412,0.55131676,0.587869977,0.339023588,0.44868324,1
Geophysical_model754,/home/lyara/areswave/models/Geophysical_model754.nd,nd,UNK,,,933.856,60,900,185.07,933.856,60,1120.061,33.856,1458.617,84.639,1690.849,60,0.660976412,0.55131676,0.587869977,0.339023588,0.44868324,1
Geophysical_model994,/home/lyara/areswave/models/Geophysical_model994.nd,nd,UNK,,,933.856,60,900,185.07,933.856,60,1120.061,33.856,1458.617,84.639,1690.849,60,0.660976412,0.55131676,0.587869977,0.339023588,0.44868324,1
Geophysical_model163,/home/lyara/areswave/models/Geophysical_model163.nd,nd,UNK,,,967.551,60,900,181.758,967.551,60,1119.539,33.775,1457.292,118.213,1689.395,60,0.434652425,0.664681569,0.588005188,0.565347575,0.335318431,1
Geophysical_model298,/home/lyara/areswave/models/Geophysical_model298.nd,nd,UNK,,,950.621,60,900,193.215,950.621,60,1119.357,33.747,1439.955,118.116,1688.886,60,0.406295245,0.679203916,0.588234359,0.593704755,0.320796084,1
Geophysical_model648,/home/lyara/areswave/models/Geophysical_model648.nd,nd,UNK,,,1099.754,60,900,21.49,1099.754,60,1116.4,16.646,1465.97,116.523,1680.651,60,0.68401366,0.540688219,0.588463366,0.31598634,0.459311781,1
MD_model91,/home/lyara/areswave/models/MD_model91.nd,nd,UNK,,,1010.241,60,823.126,10.395,1010.241,60,1155.775,155.93,1301.31,166.324,1600.05,60,0.785694014,0.490921884,0.589179261,0.214305986,0.509078116,1
Geophysical_model246,/home/lyara/areswave/models/Geophysical_model246.nd,nd,UNK,,,1033.219,60,900,180.109,1033.219,60,1133.134,33.305,1482.834,83.262,1680.877,60,0.552588366,0.607992998,0.589524788,0.447411634,0.392007002,1
Geophysical_model414,/home/lyara/areswave/models/Geophysical_model414.nd,nd,UNK,,,950.857,60,900,199.145,950.857,60,1120.38,33.904,1459.426,101.713,1691.737,60,0.783420227,0.493212156,0.58994818,0.216579773,0.506787844,1
Geophysical_model263,/home/lyara/areswave/models/Geophysical_model263.nd,nd,UNK,,,950.857,60,900,199.145,950.857,60,1120.38,33.904,1459.426,101.713,1691.737,60,0.783420227,0.493212156,0.58994818,0.216579773,0.506787844,1
Geophysical_model278,/home/lyara/areswave/models/Geophysical_model278.nd,nd,UNK,,,950.857,60,900,199.145,950.857,60,1120.38,33.904,1459.426,101.713,1691.737,60,0.783420227,0.493212156,0.58994818,0.216579773,0.506787844,1
Geophysical_model212,/home/lyara/areswave/models/Geophysical_model212.nd,nd,UNK,,,1001.068,60,876.475,188.203,1001.068,60,1118.98,33.689,1489.56,101.067,1687.836,60,0.515879424,0.627139482,0.590052796,0.484120576,0.372860518,1
Geophysical_model572,/home/lyara/areswave/models/Geophysical_model572.nd,nd,UNK,,,1099.901,60,900,21.405,1099.901,60,1116.56,16.658,1466.387,116.609,1681.095,60,0.846186757,0.462984437,0.590718544,0.153813243,0.537015563,1
Geophysical_model787,/home/lyara/areswave/models/Geophysical_model787.nd,nd,UNK,,,933.798,60,900,182.937,933.798,60,1119.688,33.798,1474.568,84.495,1689.809,60,0.544480528,0.614530312,0.591180384,0.455519472,0.385469688,1
Geophysical_model596,/home/lyara/areswave/models/Geophysical_model596.nd,nd,UNK,,,900,60,900,178.565,900,60,1118.724,33.65,1472.049,100.949,1687.125,60,0.396078992,0.689204909,0.59149627,0.603921008,0.310795091,1
MD_model85,/home/lyara/areswave/models/MD_model85.nd,nd,UNK,,,997.953,60,716.651,183.928,997.953,60,1290.073,32.458,1333.35,86.554,1630.024,60,0.48985206,0.643088331,0.592009574,0.51014794,0.356911669,1
Geophysical_model141,/home/lyara/areswave/models/Geophysical_model141.nd,nd,UNK,,,1098.572,60,877.483,180.132,1098.572,60,1115.12,16.548,1446.074,99.286,1677.084,60,0.459816172,0.658311843,0.592146619,0.540183828,0.341688157,1
Geophysical_model84,/home/lyara/areswave/models/Geophysical_model84.nd,nd,UNK,,,1064.355,60,900,188.627,1064.355,60,1146.533,16.436,1475.244,65.742,1673.022,60,0.709287234,0.534253193,0.592597873,0.290712766,0.465746807,1
Geophysical_model495,/home/lyara/areswave/models/Geophysical_model495.nd,nd,UNK,,,966.559,60,900,180.907,966.559,60,1116.317,16.639,1465.751,99.839,1680.417,60,0.463269224,0.657850942,0.592990369,0.536730776,0.342149058,1
Geophysical_model502,/home/lyara/areswave/models/Geophysical_model502.nd,nd,UNK,,,967.586,60,900,190.608,967.586,60,1136.55,33.793,1491.375,67.586,1689.713,60,0.682496891,0.548327495,0.593050627,0.317503109,0.451672505,1
MD_model89,/home/lyara/areswave/models/MD_model89.nd,nd,UNK,,,984.933,60,781.659,192.575,984.933,60,1273.795,32.096,1327.288,74.89,1611.235,60,0.844750116,0.467807322,0.59345492,0.155249884,0.532192678,1
Geophysical_model936,/home/lyara/areswave/models/Geophysical_model936.nd,nd,UNK,,,1086.703,60,900,21.596,1086.703,60,1103.676,16.973,1460.108,118.81,1692.486,60,0.84617234,0.467509254,0.593730282,0.15382766,0.532490746,1
Geophysical_model978,/home/lyara/areswave/models/Geophysical_model978.nd,nd,UNK,,,950.781,60,900,183.604,950.781,60,1136.977,33.854,1492.442,67.707,1690.818,60,0.575517746,0.603401889,0.594107175,0.424482254,0.396598111,1
Geophysical_model840,/home/lyara/areswave/models/Geophysical_model840.nd,nd,UNK,,,950.057,60,900,178.012,950.057,60,1133.601,33.371,1484.001,66.743,1682.084,60,0.689718194,0.547321662,0.594787173,0.310281806,0.452678338,1
Geophysical_model995,/home/lyara/areswave/models/Geophysical_model995.nd,nd,UNK,,,950.91,60,900,199.279,950.91,60,1137.578,33.94,1493.945,84.849,1692.373,60,0.590579184,0.597640896,0.595286992,0.409420816,0.402359104,1
AK_model_36,/home/lyara/areswave/models/AK_model_36.nd,nd,UNK,,,1018.238,60,808.87,26.171,1018.238,60,1227.606,104.684,1306.119,26.171,1673.647,60,0.76141861,0.512247827,0.595304755,0.23858139,0.487752173,1
Geophysical_model457,/home/lyara/areswave/models/Geophysical_model457.nd,nd,UNK,,,1000.924,60,900,185.799,1000.924,60,1118.67,33.641,1488.726,100.924,1686.973,60,0.603803043,0.59116539,0.595377941,0.396196957,0.40883461,1
Geophysical_model815,/home/lyara/areswave/models/Geophysical_model815.nd,nd,UNK,,,950.781,60,900,183.496,950.781,60,1136.977,33.854,1475.515,67.707,1690.818,60,0.705759387,0.540280596,0.595440193,0.294240613,0.459719404,1
Geophysical_model634,/home/lyara/areswave/models/Geophysical_model634.nd,nd,UNK,,,900,60,900,22.418,900,60,1101.621,16.802,1488.061,100.811,1686.284,60,0.758498172,0.51404364,0.595528484,0.241501828,0.48595636,1
Geophysical_model784,/home/lyara/areswave/models/Geophysical_model784.nd,nd,UNK,,,916.796,60,855.883,198.528,916.796,60,1118.345,33.592,1487.852,83.979,1686.068,60,0.349545248,0.718563425,0.595557366,0.650454752,0.281436575,1
AK_model_78,/home/lyara/areswave/models/AK_model_78.nd,nd,UNK,,,1047.5,60,794.889,25.261,1047.5,60,1249.589,75.783,1300.111,50.523,1683.921,60,0.543348078,0.622045948,0.595813324,0.456651922,0.377954052,1
AK_model_79,/home/lyara/areswave/models/AK_model_79.nd,nd,UNK,,,1048.231,60,820.541,25.299,1048.231,60,1275.921,50.598,1326.519,50.598,1685.301,60,0.627550927,0.581923011,0.597132316,0.372449073,0.418076989,1
Geophysical_model362,/home/lyara/areswave/models/Geophysical_model362.nd,nd,UNK,,,1001.068,60,900,188.049,1001.068,60,1135.824,33.689,1489.56,101.067,1687.836,60,0.659105711,0.566324665,0.59725168,0.340894289,0.433675335,1
Geophysical_model841,/home/lyara/areswave/models/Geophysical_model841.nd,nd,UNK,,,916.723,60,877.735,178.117,916.723,60,1117.396,33.446,1485.297,83.614,1683.425,60,0.633382978,0.579357874,0.597366242,0.366617022,0.420642126,1
Geophysical_model34,/home/lyara/areswave/models/Geophysical_model34.nd,nd,UNK,,,1047.698,60,900,190.487,1047.698,60,1146.164,32.822,1490.792,65.643,1672.131,60,0.637361016,0.577511254,0.597461174,0.362638984,0.422488746,1
MD_model37,/home/lyara/areswave/models/MD_model37.nd,nd,UNK,,,981.132,60,895.92,191.726,981.132,60,1290.024,31.954,1332.63,63.908,1615.446,60,0.69283763,0.550199976,0.597745861,0.30716237,0.449800024,1
MD_model26,/home/lyara/areswave/models/MD_model26.nd,nd,UNK,,,1011.624,60,870.538,10.078,1011.624,60,1293.796,151.164,1354.261,60.466,1485.27,60,0.405488924,0.693927299,0.597781174,0.594511076,0.306072701,1
Geophysical_model211,/home/lyara/areswave/models/Geophysical_model211.nd,nd,UNK,,,949.483,60,900,193.526,949.483,60,1114.426,16.494,1460.805,98.966,1675.15,60,0.767116718,0.513862793,0.598280768,0.232883282,0.486137207,1
Geophysical_model12,/home/lyara/areswave/models/Geophysical_model12.nd,nd,UNK,,,949.483,60,900,193.526,949.483,60,1114.426,16.494,1460.805,98.966,1675.15,60,0.767116718,0.513862793,0.598280768,0.232883282,0.486137207,1
Geophysical_model136,/home/lyara/areswave/models/Geophysical_model136.nd,nd,UNK,,,949.483,60,900,193.526,949.483,60,1114.426,16.494,1460.805,98.966,1675.15,60,0.767116718,0.513862793,0.598280768,0.232883282,0.486137207,1
Geophysical_model64,/home/lyara/areswave/models/Geophysical_model64.nd,nd,UNK,,,967.437,60,900,186.209,967.437,60,1119.169,33.718,1456.352,101.155,1688.364,60,0.757541762,0.519331212,0.598734729,0.242458238,0.480668788,1
AK_model_14,/home/lyara/areswave/models/AK_model_14.nd,nd,UNK,,,1026.729,60,807.065,24.407,1026.729,60,1270.801,97.629,1319.615,24.407,1671.438,60,0.56693313,0.614662397,0.598752641,0.43306687,0.385337603,1
Geophysical_model490,/home/lyara/areswave/models/Geophysical_model490.nd,nd,UNK,,,1096.615,60,900,187.4,1096.615,60,1145.769,32.769,1489.845,65.539,1671.177,60,0.537237322,0.62971254,0.598887467,0.462762678,0.37028746,1
MD_model3,/home/lyara/areswave/models/MD_model3.nd,nd,UNK,,,1000.461,60,799.496,10.577,1000.461,60,1137.964,190.388,1434.124,190.389,1609.796,60,0.45352429,0.671979795,0.599161293,0.54647571,0.328020205,1
Geophysical_model726,/home/lyara/areswave/models/Geophysical_model726.nd,nd,UNK,,,916.736,60,875.955,192.357,916.736,60,1117.572,33.472,1485.77,83.681,1683.914,60,0.602550586,0.599225618,0.60033394,0.397449414,0.400774382,1
Geophysical_model789,/home/lyara/areswave/models/Geophysical_model789.nd,nd,UNK,,,1088.067,60,900,20.667,1088.067,60,1105.164,17.097,1464.2,119.679,1696.976,60,0.784862168,0.50844413,0.600583476,0.215137832,0.49155587,1
Geophysical_model669,/home/lyara/areswave/models/Geophysical_model669.nd,nd,UNK,,,1088.06,60,900,20.667,1088.06,60,1105.156,17.097,1464.18,119.675,1696.954,60,0.784862168,0.50844413,0.600583476,0.215137832,0.49155587,1
Geophysical_model852,/home/lyara/areswave/models/Geophysical_model852.nd,nd,UNK,,,900,60,900,22.33,900,60,1104.307,17.025,1461.843,119.179,1694.389,60,0.416196253,0.693485191,0.601055545,0.583803747,0.306514809,1
Geophysical_model217,/home/lyara/areswave/models/Geophysical_model217.nd,nd,UNK,,,1033.184,60,900,187.92,1033.184,60,1133.072,33.295,1499.327,83.24,1680.716,60,0.464873768,0.669531462,0.60131223,0.535126232,0.330468538,1
Geophysical_model358,/home/lyara/areswave/models/Geophysical_model358.nd,nd,UNK,,,1049.881,60,900,182.431,1049.881,60,1133.149,33.307,1482.872,83.268,1680.916,60,0.678450499,0.56293024,0.601436993,0.321549501,0.43706976,1
Geophysical_model165,/home/lyara/areswave/models/Geophysical_model165.nd,nd,UNK,,,1016.295,60,900,197.503,1016.295,60,1132.589,33.227,1481.473,99.682,1679.468,60,0.663317672,0.570576255,0.60149006,0.336682328,0.429423745,1
Geophysical_model102,/home/lyara/areswave/models/Geophysical_model102.nd,nd,UNK,,,1016.295,60,900,198.324,1016.295,60,1132.589,33.227,1464.86,99.682,1679.468,60,0.650114148,0.577298817,0.601570594,0.349885852,0.422701183,1
Geophysical_model438,/home/lyara/areswave/models/Geophysical_model438.nd,nd,UNK,,,1033.261,60,900,181.956,1033.261,60,1133.207,33.315,1499.676,83.288,1681.067,60,0.441189278,0.682277236,0.601914583,0.558810722,0.317722764,1
Geophysical_model820,/home/lyara/areswave/models/Geophysical_model820.nd,nd,UNK,,,950.007,60,900,178.976,950.007,60,1133.367,33.338,1483.418,66.676,1681.481,60,0.716490463,0.545400954,0.602430791,0.283509537,0.454599046,1
AK_model_67,/home/lyara/areswave/models/AK_model_67.nd,nd,UNK,,,1034.55,60,885.984,24.76,1034.55,60,1158.354,99.044,1381.202,99.043,1662.605,60,0.522879005,0.642755159,0.602796441,0.477120995,0.357244841,1
Geophysical_model316,/home/lyara/areswave/models/Geophysical_model316.nd,nd,UNK,,,1001.288,60,861.085,194.573,1001.288,60,1119.457,33.763,1490.847,101.288,1689.167,60,0.464225078,0.67225561,0.602912099,0.535774922,0.32774439,1
Geophysical_model661,/home/lyara/areswave/models/Geophysical_model661.nd,nd,UNK,,,933.422,60,900,184.004,933.422,60,1117.244,33.423,1484.889,83.556,1683.002,60,0.349650441,0.730074151,0.603266248,0.650349559,0.269925849,1
Geophysical_model38,/home/lyara/areswave/models/Geophysical_model38.nd,nd,UNK,,,1033.254,60,900,187.682,1033.254,60,1133.195,33.313,1482.987,83.283,1681.034,60,0.566546809,0.621693388,0.603311195,0.433453191,0.378306612,1
AK_model_61,/home/lyara/areswave/models/AK_model_61.nd,nd,UNK,,,1018.991,60,817.395,25.199,1018.991,60,1119.789,100.798,1371.784,75.598,1679.704,60,0.70004749,0.555195052,0.603479198,0.29995251,0.444804948,1
Geophysical_model801,/home/lyara/areswave/models/Geophysical_model801.nd,nd,UNK,,,966.694,60,900,192.625,966.694,60,1133.428,33.346,1483.57,66.694,1681.638,60,0.818183924,0.496890566,0.603988352,0.181816076,0.503109434,1
Geophysical_model709,/home/lyara/areswave/models/Geophysical_model709.nd,nd,UNK,,,900,60,900,21.486,900,60,1116.829,33.358,1483.771,100.075,1681.845,60,0.752605022,0.530417946,0.604480305,0.247394978,0.469582054,1
MD_model20,/home/lyara/areswave/models/MD_model20.nd,nd,UNK,,,1028.07,60,756.946,192.046,1028.07,60,1299.193,22.593,1366.974,79.078,1694.594,60,0.486863685,0.663583154,0.604676665,0.513136315,0.336416846,1
Geophysical_model81,/home/lyara/areswave/models/Geophysical_model81.nd,nd,UNK,,,950.269,60,900,194.508,950.269,60,1117.834,33.513,1452.962,117.295,1684.644,60,0.45032077,0.681911853,0.604714825,0.54967923,0.318088147,1
Geophysical_model352,/home/lyara/areswave/models/Geophysical_model352.nd,nd,UNK,,,1064.355,60,900,189.358,1064.355,60,1146.533,16.436,1475.244,65.742,1673.022,60,0.879416076,0.467455241,0.604775519,0.120583924,0.532544759,1
Geophysical_model824,/home/lyara/areswave/models/Geophysical_model824.nd,nd,UNK,,,900,60,900,188.077,900,60,1115.838,16.602,1464.498,116.22,1679.083,60,0.416885636,0.698813243,0.604837374,0.583114364,0.301186757,1
CD_model57,/home/lyara/areswave/models/CD_model57.nd,nd,UNK,,,,60,,60,,60,,60,,60,,60,0.31547352,0.750015097,0.605167905,0.68452648,0.249984903,1
Geophysical_model613,/home/lyara/areswave/models/Geophysical_model613.nd,nd,UNK,,,1099.905,60,900,21.057,1099.905,60,1116.564,16.658,1466.397,99.953,1681.106,60,0.583782727,0.615893662,0.605190017,0.416217273,0.384106338,1
Geophysical_model501,/home/lyara/areswave/models/Geophysical_model501.nd,nd,UNK,,,916.672,60,900,180.688,916.672,60,1116.741,33.345,1483.532,83.362,1681.599,60,0.799287772,0.509864949,0.606339223,0.200712228,0.490135051,1
Geophysical_model383,/home/lyara/areswave/models/Geophysical_model383.nd,nd,UNK,,,1031.555,60,900,185.833,1031.555,60,1130.221,32.889,1475.552,82.221,1673.341,60,0.525531936,0.647437089,0.606802038,0.474468064,0.352562911,1
Geophysical_model71,/home/lyara/areswave/models/Geophysical_model71.nd,nd,UNK,,,1096.225,60,900,197.35,1096.225,60,1145.281,32.704,1488.674,65.408,1669.999,60,0.436410015,0.692471654,0.607117774,0.563589985,0.307528346,1
Geophysical_model216,/home/lyara/areswave/models/Geophysical_model216.nd,nd,UNK,,,1096.225,60,900,197.35,1096.225,60,1145.281,32.704,1488.674,65.408,1669.999,60,0.436410015,0.692471654,0.607117774,0.563589985,0.307528346,1
Geophysical_model266,/home/lyara/areswave/models/Geophysical_model266.nd,nd,UNK,,,949.973,60,900,197.605,949.973,60,1116.548,16.657,1449.698,99.945,1681.061,60,0.584692672,0.618433762,0.607186732,0.415307328,0.381566238,1
Geophysical_model49,/home/lyara/areswave/models/Geophysical_model49.nd,nd,UNK,,,1096.615,60,900,187.058,1096.615,60,1145.769,32.769,1489.845,65.539,1671.177,60,0.475889165,0.672858789,0.607202248,0.524110835,0.327141211,1
Geophysical_model48,/home/lyara/areswave/models/Geophysical_model48.nd,nd,UNK,,,1047.698,60,900,190.588,1047.698,60,1146.164,32.822,1490.792,65.643,1672.131,60,0.494907123,0.664280353,0.60782261,0.505092877,0.335719647,1
MD_model39,/home/lyara/areswave/models/MD_model39.nd,nd,UNK,,,991.477,60,715.811,190.846,991.477,60,1298.951,31.808,1362.566,63.615,1602.381,60,0.379508204,0.72223858,0.607995121,0.620491796,0.27776142,1
CD_model13,/home/lyara/areswave/models/CD_model13.nd,nd,UNK,,,,60,,60,,60,,60,,60,,60,0.528048367,0.648377069,0.608267502,0.471951633,0.351622931,1
CD_model12,/home/lyara/areswave/models/CD_model12.nd,nd,UNK,,,,60,,60,,60,,60,,60,,60,0.528048367,0.648377069,0.608267502,0.471951633,0.351622931,1
Geophysical_model625,/home/lyara/areswave/models/Geophysical_model625.nd,nd,UNK,,,916.728,60,900,191.686,916.728,60,1117.467,33.456,1485.488,83.641,1683.622,60,0.583217629,0.621519634,0.608752299,0.416782371,0.378480366,1
Geophysical_model80,/home/lyara/areswave/models/Geophysical_model80.nd,nd,UNK,,,1016.377,60,900,199.214,1016.377,60,1132.755,33.251,1498.512,99.752,1679.896,60,0.634858767,0.597177507,0.609737927,0.365141233,0.402822493,1
Geophysical_model215,/home/lyara/areswave/models/Geophysical_model215.nd,nd,UNK,,,949.483,60,900,193.481,949.483,60,1114.426,16.494,1460.805,98.966,1675.15,60,0.69301004,0.568706286,0.610140871,0.30698996,0.431293714,1
CD_model26,/home/lyara/areswave/models/CD_model26.nd,nd,UNK,,,,60,,60,,60,,60,,60,,60,0.32467107,0.753085707,0.610280828,0.67532893,0.246914293,1
AK_model_48,/home/lyara/areswave/models/AK_model_48.nd,nd,UNK,,,1008.347,60,797.627,26.34,1008.347,60,1298.086,131.7,1482.466,52.68,1692.058,60,0.394585166,0.718131026,0.610282406,0.605414834,0.281868974,1
MD_model47,/home/lyara/areswave/models/MD_model47.nd,nd,UNK,,,962.295,60,707.928,185.883,962.295,60,1294.928,39.133,1343.845,48.916,1504.511,251.332,0.796812204,0.518240444,0.611097697,0.203187796,0.481759556,1
MD_model17,/home/lyara/areswave/models/MD_model17.nd,nd,UNK,,,1094.831,60,723.03,196.836,1094.831,60,1193.249,185.9,1411.956,98.418,1645.069,60,0.562828512,0.635244158,0.611105609,0.437171488,0.364755842,1
Geophysical_model564,/home/lyara/areswave/models/Geophysical_model564.nd,nd,UNK,,,1099.625,60,900,21.492,1099.625,60,1116.26,16.636,1465.604,99.812,1680.261,60,0.518572413,0.657670845,0.611304701,0.481427587,0.342329155,1
Geophysical_model199,/home/lyara/areswave/models/Geophysical_model199.nd,nd,UNK,,,1032.98,60,900,181.668,1032.98,60,1132.715,33.245,1498.411,83.113,1679.794,60,0.747355895,0.54378425,0.611641465,0.252644105,0.45621575,1
Geophysical_model104,/home/lyara/areswave/models/Geophysical_model104.nd,nd,UNK,,,1032.98,60,900,181.668,1032.98,60,1132.715,33.245,1498.411,83.113,1679.794,60,0.747355895,0.54378425,0.611641465,0.252644105,0.45621575,1
Geophysical_model550,/home/lyara/areswave/models/Geophysical_model550.nd,nd,UNK,,,1099.489,60,900,20.991,1099.489,60,1116.113,16.624,1465.218,99.745,1679.849,60,0.773630079,0.530661487,0.611651018,0.226369921,0.469338513,1
Geophysical_model703,/home/lyara/areswave/models/Geophysical_model703.nd,nd,UNK,,,1099.489,60,900,20.991,1099.489,60,1116.113,16.624,1465.218,99.745,1679.849,60,0.773630079,0.530661487,0.611651018,0.226369921,0.469338513,1
Geophysical_model192,/home/lyara/areswave/models/Geophysical_model192.nd,nd,UNK,,,1016.377,60,900,199.297,1016.377,60,1132.755,33.251,1498.512,99.752,1679.896,60,0.635005467,0.60033207,0.611889869,0.364994533,0.39966793,1
MD_model10,/home/lyara/areswave/models/MD_model10.nd,nd,UNK,,,1002.201,60,801.147,10.582,1002.201,60,1245.582,137.564,1372.563,190.472,1611.713,60,0.74735497,0.544245645,0.611948753,0.25264503,0.455754355,1
AK_model_82,/home/lyara/areswave/models/AK_model_82.nd,nd,UNK,,,1066.874,60,841.141,25.081,1066.874,60,1292.606,50.162,1342.769,50.163,1675.283,60,0.799139596,0.518468358,0.612025437,0.200860404,0.481531642,1
Geophysical_model591,/home/lyara/areswave/models/Geophysical_model591.nd,nd,UNK,,,916.669,60,900,180.926,916.669,60,1116.699,33.338,1483.42,83.346,1681.482,60,0.713967585,0.561142139,0.612083954,0.286032415,0.438857861,1
Geophysical_model806,/home/lyara/areswave/models/Geophysical_model806.nd,nd,UNK,,,916.669,60,900,180.926,916.669,60,1116.699,33.338,1483.42,83.346,1681.482,60,0.713967585,0.561142139,0.612083954,0.286032415,0.438857861,1
AK_model_56,/home/lyara/areswave/models/AK_model_56.nd,nd,UNK,,,1018.998,60,842.972,25.147,1018.998,60,1144.731,100.586,1371.051,50.293,1678.679,60,0.729791579,0.554101693,0.612664989,0.270208421,0.445898307,1
Geophysical_model430,/home/lyara/areswave/models/Geophysical_model430.nd,nd,UNK,,,982.965,60,878.763,191.132,982.965,60,1115.708,16.593,1497.346,99.558,1678.723,60,0.56114132,0.638723248,0.612862606,0.43885868,0.361276752,1
Geophysical_model227,/home/lyara/areswave/models/Geophysical_model227.nd,nd,UNK,,,967.56,60,879.511,184.397,967.56,60,1119.571,33.78,1457.372,101.34,1689.483,60,0.630850886,0.604414736,0.613226786,0.369149114,0.395585264,1
Geophysical_model522,/home/lyara/areswave/models/Geophysical_model522.nd,nd,UNK,,,916.711,60,877.48,180.159,916.711,60,1117.248,33.423,1484.898,83.557,1683.012,60,0.666443178,0.586966362,0.613458634,0.333556822,0.413033638,1
AK_model_30,/home/lyara/areswave/models/AK_model_30.nd,nd,UNK,,,1083.305,60,820.426,26.288,1083.305,60,1293.608,52.576,1319.896,52.576,1687.417,60,0.532612574,0.654482751,0.613859358,0.467387426,0.345517249,1
AK_model_55,/home/lyara/areswave/models/AK_model_55.nd,nd,UNK,,,1024.297,60,845.36,25.562,1024.297,60,1152.109,102.249,1382.171,51.125,1667.971,60,0.607266967,0.617314468,0.613965301,0.392733033,0.382685532,1
MD_model84,/home/lyara/areswave/models/MD_model84.nd,nd,UNK,,,957.206,60,743.892,191.983,957.206,60,1277.177,53.329,1341.172,74.66,1613.68,60,0.651176048,0.595462773,0.614033865,0.348823952,0.404537227,1
MD_model8,/home/lyara/areswave/models/MD_model8.nd,nd,UNK,,,1001.915,60,793.775,10.407,1001.915,60,1241.276,145.698,1449.416,187.326,1592.569,60,0.662604486,0.589832205,0.614089632,0.337395514,0.410167795,1
Geophysical_model233,/home/lyara/areswave/models/Geophysical_model233.nd,nd,UNK,,,1033.403,60,900,187.835,1033.403,60,1133.456,16.675,1483.64,66.702,1681.71,60,0.497487139,0.67244199,0.614123706,0.502512861,0.32755801,1
Geophysical_model575,/home/lyara/areswave/models/Geophysical_model575.nd,nd,UNK,,,900,60,900,191.037,900,60,1116.744,33.345,1483.543,100.036,1681.61,60,0.613998126,0.615396201,0.614930176,0.386001874,0.384603799,1
Geophysical_model574,/home/lyara/areswave/models/Geophysical_model574.nd,nd,UNK,,,900,60,900,191.037,900,60,1116.744,33.345,1483.543,100.036,1681.61,60,0.613998126,0.615396201,0.614930176,0.386001874,0.384603799,1
MD_model4,/home/lyara/areswave/models/MD_model4.nd,nd,UNK,,,994.529,60,768.899,10.256,994.529,60,1117.601,164.094,1394.511,194.863,1507.326,60.715,0.830742172,0.507036373,0.614938306,0.169257828,0.492963627,1
CD_model6,/home/lyara/areswave/models/CD_model6.nd,nd,UNK,,,,60,,60,,60,,60,,60,,60,0.366975696,0.739398861,0.615257806,0.633024304,0.260601139,1
Geophysical_model403,/home/lyara/areswave/models/Geophysical_model403.nd,nd,UNK,,,966.251,60,900,185.626,966.251,60,1115.315,16.563,1463.132,99.376,1677.628,60,0.435696885,0.705316642,0.61544339,0.564303115,0.294683358,1
Geophysical_model395,/home/lyara/areswave/models/Geophysical_model395.nd,nd,UNK,,,966.251,60,900,185.626,966.251,60,1115.315,16.563,1463.132,99.376,1677.628,60,0.435696885,0.705316642,0.61544339,0.564303115,0.294683358,1
Geophysical_model356,/home/lyara/areswave/models/Geophysical_model356.nd,nd,UNK,,,966.251,60,900,185.626,966.251,60,1115.315,16.563,1463.132,99.376,1677.628,60,0.435696885,0.705316642,0.61544339,0.564303115,0.294683358,1
Geophysical_model468,/home/lyara/areswave/models/Geophysical_model468.nd,nd,UNK,,,966.251,60,900,185.626,966.251,60,1115.315,16.563,1463.132,99.376,1677.628,60,0.435696885,0.705316642,0.61544339,0.564303115,0.294683358,1
Geophysical_model72,/home/lyara/areswave/models/Geophysical_model72.nd,nd,UNK,,,1032.978,60,900,188.982,1032.978,60,1132.711,33.244,1481.777,83.111,1679.782,60,0.658457177,0.594063627,0.615528143,0.341542823,0.405936373,1
Geophysical_model646,/home/lyara/areswave/models/Geophysical_model646.nd,nd,UNK,,,950.013,60,900,182.469,950.013,60,1133.396,50.013,1483.489,66.684,1681.554,60,0.595701394,0.625698217,0.615699276,0.404298606,0.374301783,1
Geophysical_model651,/home/lyara/areswave/models/Geophysical_model651.nd,nd,UNK,,,900,60,900,22.409,900,60,1101.621,16.802,1488.061,100.811,1686.284,60,0.674897691,0.586255536,0.615802921,0.325102309,0.413744464,1
Geophysical_model11,/home/lyara/areswave/models/Geophysical_model11.nd,nd,UNK,,,1001.216,60,861.153,194.233,1001.216,60,1119.301,33.738,1490.426,101.216,1688.731,60,0.609796769,0.619373603,0.616181325,0.390203231,0.380626397,1
Geophysical_model986,/home/lyara/areswave/models/Geophysical_model986.nd,nd,UNK,,,1086.703,60,900,20.995,1086.703,60,1103.676,16.973,1460.108,118.81,1692.486,60,0.586373998,0.631325087,0.616341391,0.413626002,0.368674913,1
CD_model31,/home/lyara/areswave/models/CD_model31.nd,nd,UNK,,,,60,,60,,60,,60,,60,,60,0.650074588,0.599919156,0.616637634,0.349925412,0.400080844,1
MD_model48,/home/lyara/areswave/models/MD_model48.nd,nd,UNK,,,929.177,60,788.375,191.088,929.177,60,1281.18,60.343,1301.295,60,1482.325,61.522,0.752276256,0.549763254,0.617267588,0.247723744,0.450236746,1
Geophysical_model540,/home/lyara/areswave/models/Geophysical_model540.nd,nd,UNK,,,916.576,60,879.318,186.135,916.576,60,1115.488,16.576,1496.736,99.456,1678.109,60,0.687242723,0.582840137,0.617640999,0.312757277,0.417159863,1
Geophysical_model343,/home/lyara/areswave/models/Geophysical_model343.nd,nd,UNK,,,1033.278,60,900,182.297,1033.278,60,1133.237,33.32,1499.753,83.299,1681.144,60,0.854476397,0.500775225,0.618675616,0.145523603,0.499224775,1
Geophysical_model630,/home/lyara/areswave/models/Geophysical_model630.nd,nd,UNK,,,916.693,60,877.619,179.047,916.693,60,1117.015,33.386,1484.271,83.467,1682.363,60,0.658515353,0.59888938,0.618764704,0.341484647,0.40111062,1
CD_model88,/home/lyara/areswave/models/CD_model88.nd,nd,UNK,,,,60,,60,,60,,60,,60,,60,0.565600953,0.645444641,0.618830078,0.434399047,0.354555359,1
Geophysical_model874,/home/lyara/areswave/models/Geophysical_model874.nd,nd,UNK,,,916.644,60,876.99,184.081,916.644,60,1116.374,16.644,1499.19,99.865,1680.578,60,0.560857513,0.648400226,0.619219321,0.439142487,0.351599774,1
CD_model95,/home/lyara/areswave/models/CD_model95.nd,nd,UNK,,,,60,,60,,60,,60,,60,,60,0.663735198,0.597105617,0.619315478,0.336264802,0.402894383,1
Geophysical_model731,/home/lyara/areswave/models/Geophysical_model731.nd,nd,UNK,,,1099.489,60,900,21.414,1099.489,60,1116.113,16.624,1465.218,99.745,1679.849,60,0.687742077,0.58532041,0.619460966,0.312257923,0.41467959,1
Geophysical_model624,/home/lyara/areswave/models/Geophysical_model624.nd,nd,UNK,,,1099.489,60,900,21.414,1099.489,60,1116.113,16.624,1465.218,99.745,1679.849,60,0.687742077,0.58532041,0.619460966,0.312257923,0.41467959,1
MD_model67,/home/lyara/areswave/models/MD_model67.nd,nd,UNK,,,988.648,60,733.806,10.618,988.648,60,1105.451,10.618,1424.004,31.855,1620.994,60,0.770151276,0.545284737,0.62024025,0.229848724,0.454715263,1
Geophysical_model76,/home/lyara/areswave/models/Geophysical_model76.nd,nd,UNK,,,1063.404,60,900,196.758,1063.404,60,1145.107,32.681,1488.256,65.362,1669.579,60,0.707122127,0.576930876,0.62032796,0.292877873,0.423069124,1
Geophysical_model210,/home/lyara/areswave/models/Geophysical_model210.nd,nd,UNK,,,984.407,60,861.669,191.654,984.407,60,1119.457,33.763,1490.847,101.288,1689.167,60,0.684832689,0.588341082,0.620504951,0.315167311,0.411658918,1
AK_model_77,/home/lyara/areswave/models/AK_model_77.nd,nd,UNK,,,1027.629,60,797.873,25.528,1027.629,60,1282.914,76.586,1308.442,25.528,1694.139,60,0.70931327,0.576411865,0.620712333,0.29068673,0.423588135,1
Geophysical_model484,/home/lyara/areswave/models/Geophysical_model484.nd,nd,UNK,,,1031.853,60,900,187.855,1031.853,60,1130.743,32.964,1493.339,82.408,1674.693,60,0.419005646,0.722045086,0.62103194,0.580994354,0.277954914,1
Geophysical_model231,/home/lyara/areswave/models/Geophysical_model231.nd,nd,UNK,,,1098.133,60,900,196.257,1098.133,60,1147.666,33.023,1494.399,66.044,1675.759,60,0.560442895,0.651359768,0.621054144,0.439557105,0.348640232,1
MD_model100,/home/lyara/areswave/models/MD_model100.nd,nd,UNK,,,1053.462,60,725.562,190.393,1053.462,60,1275.587,31.732,1349.629,74.042,1609.919,60,0.7760661,0.544295364,0.621552276,0.2239339,0.455704636,1
Geophysical_model145,/home/lyara/areswave/models/Geophysical_model145.nd,nd,UNK,,,966.251,60,900,186.316,966.251,60,1115.315,16.563,1463.132,99.376,1677.628,60,0.643887425,0.610397332,0.621560696,0.356112575,0.389602668,1
Geophysical_model915,/home/lyara/areswave/models/Geophysical_model915.nd,nd,UNK,,,950.085,60,900,182.607,950.085,60,1133.728,33.39,1484.32,66.779,1682.414,60,0.730837339,0.567027543,0.621630808,0.269162661,0.432972457,1
MD_model92,/home/lyara/areswave/models/MD_model92.nd,nd,UNK,,,957.353,60,715.782,186.669,957.353,60,1275.788,54.903,1308.73,43.922,1652.135,60,0.264144358,0.800441839,0.621676012,0.735855642,0.199558161,1
Geophysical_model892,/home/lyara/areswave/models/Geophysical_model892.nd,nd,UNK,,,933.943,60,900,185.966,933.943,60,1120.631,33.943,1477.036,84.858,1692.437,60,0.678021302,0.594019763,0.622020276,0.321978698,0.405980237,1
Geophysical_model587,/home/lyara/areswave/models/Geophysical_model587.nd,nd,UNK,,,916.728,60,900,191.665,916.728,60,1117.459,33.456,1485.467,83.638,1683.6,60,0.504167409,0.681009252,0.622061971,0.495832591,0.318990748,1
Geophysical_model273,/home/lyara/areswave/models/Geophysical_model273.nd,nd,UNK,,,950.621,60,900,192.233,950.621,60,1119.357,33.747,1456.828,101.242,1688.886,60,0.518861863,0.673914271,0.622230135,0.481138137,0.326085729,1
Geophysical_model25,/home/lyara/areswave/models/Geophysical_model25.nd,nd,UNK,,,983.376,60,879.05,188.546,983.376,60,1116.777,33.35,1466.955,100.051,1681.7,60,0.751490769,0.558081616,0.622551333,0.248509231,0.441918384,1
Geophysical_model948,/home/lyara/areswave/models/Geophysical_model948.nd,nd,UNK,,,933.856,60,900,185.258,933.856,60,1120.061,33.856,1475.545,84.639,1690.849,60,0.765212934,0.551248686,0.622570102,0.234787066,0.448751314,1
AK_model_13,/home/lyara/areswave/models/AK_model_13.nd,nd,UNK,,,1077.549,60,882.305,24.405,1077.549,60,1297.199,73.217,1321.604,24.406,1673.271,60,0.726839008,0.570723102,0.622761737,0.273160992,0.429276898,1
MD_model77,/home/lyara/areswave/models/MD_model77.nd,nd,UNK,,,993.197,60,753.202,10.435,993.197,60,1139.281,187.822,1400.145,125.214,1595.591,60,0.590215413,0.639312075,0.622946521,0.409784587,0.360687925,1
Geophysical_model599,/home/lyara/areswave/models/Geophysical_model599.nd,nd,UNK,,,933.507,60,875.918,192.657,933.507,60,1117.798,33.507,1469.624,83.768,1684.543,60,0.461398472,0.703901351,0.623067058,0.538601528,0.296098649,1
Geophysical_model768,/home/lyara/areswave/models/Geophysical_model768.nd,nd,UNK,,,933.507,60,875.918,192.657,933.507,60,1117.798,33.507,1469.624,83.768,1684.543,60,0.461398472,0.703901351,0.623067058,0.538601528,0.296098649,1
Geophysical_model90,/home/lyara/areswave/models/Geophysical_model90.nd,nd,UNK,,,949.68,60,900,190.494,949.68,60,1115.279,16.56,1446.478,115.92,1677.528,60,0.63962002,0.615626817,0.623624551,0.36037998,0.384373183,1
Geophysical_model380,/home/lyara/areswave/models/Geophysical_model380.nd,nd,UNK,,,1047.105,60,900,187.491,1047.105,60,1145.175,32.69,1488.42,65.38,1669.744,60,0.722605117,0.574190179,0.623661825,0.277394883,0.425809821,1
Geophysical_model451,/home/lyara/areswave/models/Geophysical_model451.nd,nd,UNK,,,1047.105,60,900,187.491,1047.105,60,1145.175,32.69,1488.42,65.38,1669.744,60,0.722605117,0.574190179,0.623661825,0.277394883,0.425809821,1
Geophysical_model292,/home/lyara/areswave/models/Geophysical_model292.nd,nd,UNK,,,967.499,60,858.902,184.941,967.499,60,1119.373,33.75,1456.871,101.249,1688.933,60,0.578291856,0.646622951,0.62384592,0.421708144,0.353377049,1
Geophysical_model179,/home/lyara/areswave/models/Geophysical_model179.nd,nd,UNK,,,1047.142,60,900,180.534,1047.142,60,1145.237,32.698,1488.569,65.397,1669.893,60,0.34182541,0.765034309,0.623964676,0.65817459,0.234965691,1
Geophysical_model241,/home/lyara/areswave/models/Geophysical_model241.nd,nd,UNK,,,1033.228,60,900,182.392,1033.228,60,1133.149,33.307,1482.872,83.268,1680.916,60,0.571427418,0.650306131,0.624013227,0.428572582,0.349693869,1
Geophysical_model563,/home/lyara/areswave/models/Geophysical_model563.nd,nd,UNK,,,1087.281,60,900,22.386,1087.281,60,1104.307,17.025,1461.843,119.179,1694.389,60,0.619005745,0.6269099,0.624275182,0.380994255,0.3730901,1
Geophysical_model93,/home/lyara/areswave/models/Geophysical_model93.nd,nd,UNK,,,967.494,60,900,192.453,967.494,60,1119.357,33.747,1456.828,118.116,1688.886,60,0.50015434,0.686919392,0.624664375,0.49984566,0.313080608,1
MD_model13,/home/lyara/areswave/models/MD_model13.nd,nd,UNK,,,1005.054,60,807.542,10.396,1005.054,60,1244.149,145.536,1358.498,166.326,1595.035,60,0.540647444,0.666817766,0.624760992,0.459352556,0.333182234,1
Geophysical_model803,/home/lyara/areswave/models/Geophysical_model803.nd,nd,UNK,,,1099.489,60,900,21.019,1099.489,60,1116.113,16.624,1465.218,99.745,1679.849,60,0.620677005,0.627822223,0.625440484,0.379322995,0.372177777,1
Geophysical_model579,/home/lyara/areswave/models/Geophysical_model579.nd,nd,UNK,,,1099.489,60,900,21.019,1099.489,60,1116.113,16.624,1465.218,99.745,1679.849,60,0.620677005,0.627822223,0.625440484,0.379322995,0.372177777,1
Geophysical_model719,/home/lyara/areswave/models/Geophysical_model719.nd,nd,UNK,,,917.055,60,877.919,198.725,917.055,60,1121.71,34.109,1496.91,102.327,1695.441,60,0.690964969,0.594687578,0.626780042,0.309035031,0.405312422,1
Geophysical_model896,/home/lyara/areswave/models/Geophysical_model896.nd,nd,UNK,,,900,60,900,198.325,900,60,1104.416,17.035,1479.179,102.208,1694.72,60,0.611376833,0.634506614,0.626796687,0.388623167,0.365493386,1
Geophysical_model348,/home/lyara/areswave/models/Geophysical_model348.nd,nd,UNK,,,1032.872,60,877.308,181.535,1032.872,60,1132.525,33.217,1481.314,83.045,1679.303,60,0.547472958,0.666675454,0.626941289,0.452527042,0.333324546,1
Geophysical_model894,/home/lyara/areswave/models/Geophysical_model894.nd,nd,UNK,,,950.013,60,900,182.42,950.013,60,1133.396,33.342,1483.489,66.684,1681.554,60,0.677916533,0.601640771,0.627066025,0.322083467,0.398359229,1
Geophysical_model402,/home/lyara/areswave/models/Geophysical_model402.nd,nd,UNK,,,1031.655,60,900,189.512,1031.655,60,1130.397,32.914,1492.449,82.285,1673.797,60,0.498647463,0.691378971,0.627135135,0.501352537,0.308621029,1
Geophysical_model422,/home/lyara/areswave/models/Geophysical_model422.nd,nd,UNK,,,1031.655,60,900,189.512,1031.655,60,1130.397,32.914,1492.449,82.285,1673.797,60,0.498647463,0.691378971,0.627135135,0.501352537,0.308621029,1
Geophysical_model570,/home/lyara/areswave/models/Geophysical_model570.nd,nd,UNK,,,933.815,60,879.527,184.253,933.815,60,1119.798,33.815,1474.857,84.537,1690.116,60,0.500576755,0.691135978,0.627616237,0.499423245,0.308864022,1
Geophysical_model755,/home/lyara/areswave/models/Geophysical_model755.nd,nd,UNK,,,933.815,60,879.527,184.253,933.815,60,1119.798,33.815,1474.857,84.537,1690.116,60,0.500576755,0.691135978,0.627616237,0.499423245,0.308864022,1
Geophysical_model833,/home/lyara/areswave/models/Geophysical_model833.nd,nd,UNK,,,950.007,60,900,178.795,950.007,60,1133.367,50.007,1483.418,66.676,1681.481,60,0.674605879,0.604284398,0.627724891,0.325394121,0.395715602,1
CD_model22,/home/lyara/areswave/models/CD_model22.nd,nd,UNK,,,,60,,60,,60,,60,,60,,60,0.606787559,0.638202861,0.627731093,0.393212441,0.361797139,1
Geophysical_model793,/home/lyara/areswave/models/Geophysical_model793.nd,nd,UNK,,,933.855,60,879.282,186.458,933.855,60,1120.056,33.855,1492.459,84.637,1690.835,60,0.669534488,0.606875202,0.62776163,0.330465512,0.393124798,1
Geophysical_model728,/home/lyara/areswave/models/Geophysical_model728.nd,nd,UNK,,,933.805,60,879.401,185.387,933.805,60,1119.733,33.805,1491.589,84.513,1689.935,60,0.647655188,0.617921953,0.627833032,0.352344812,0.382078047,1
Geophysical_model42,/home/lyara/areswave/models/Geophysical_model42.nd,nd,UNK,,,949.68,60,900,189.971,949.68,60,1115.279,16.56,1446.478,115.92,1677.528,60,0.525198624,0.679311845,0.627940771,0.474801376,0.320688155,1
MD_model27,/home/lyara/areswave/models/MD_model27.nd,nd,UNK,,,1030.409,60,895.244,10.397,1030.409,60,1259.149,83.178,1311.135,31.191,1589.478,60,0.666194416,0.609654298,0.628501004,0.333805584,0.390345702,1
Geophysical_model773,/home/lyara/areswave/models/Geophysical_model773.nd,nd,UNK,,,900,60,900,177.993,900,60,1118.724,33.65,1488.873,100.949,1687.125,60,0.710080106,0.58820591,0.628830642,0.289919894,0.41179409,1
CD_model54,/home/lyara/areswave/models/CD_model54.nd,nd,UNK,,,,60,,60,,60,,60,,60,,60,0.549422781,0.668588403,0.628866529,0.450577219,0.331411597,1
Geophysical_model735,/home/lyara/areswave/models/Geophysical_model735.nd,nd,UNK,,,900,60,900,179.565,900,60,1118.565,33.625,1488.445,100.876,1686.682,60,0.476566962,0.705422399,0.629137253,0.523433038,0.294577601,1
Geophysical_model311,/home/lyara/areswave/models/Geophysical_model311.nd,nd,UNK,,,999.708,60,900,195.71,999.708,60,1132.652,33.236,1498.248,99.708,1679.631,60,0.41403132,0.736861057,0.629251145,0.58596868,0.263138943,1
Geophysical_model193,/home/lyara/areswave/models/Geophysical_model193.nd,nd,UNK,,,999.708,60,900,195.71,999.708,60,1132.652,33.236,1498.248,99.708,1679.631,60,0.41403132,0.736861057,0.629251145,0.58596868,0.263138943,1
Geophysical_model406,/home/lyara/areswave/models/Geophysical_model406.nd,nd,UNK,,,999.801,60,900,193.607,999.801,60,1116.236,16.633,1482.173,99.801,1680.192,60,0.553560427,0.667119915,0.629266753,0.446439573,0.332880085,1
MD_model7,/home/lyara/areswave/models/MD_model7.nd,nd,UNK,,,992.399,60,762.376,10.455,992.399,60,1107.411,188.2,1389.712,188.201,1605.996,60,0.829862785,0.531433129,0.630909681,0.170137215,0.468566871,1
ceylan,/home/lyara/areswave/models/ceylan.nd,nd,UNK,,,1086.523,60,887.59,24.866,1086.523,60,1285.455,24.867,1360.055,74.6,1666.648,60,0.610843431,0.641659138,0.631387235,0.389156569,0.358340862,1
Geophysical_model51,/home/lyara/areswave/models/Geophysical_model51.nd,nd,UNK,,,983.004,60,878.652,192.136,983.004,60,1115.809,16.601,1481.025,116.205,1679.004,60,0.603519357,0.646327794,0.632058315,0.396480643,0.353672206,1
Geophysical_model185,/home/lyara/areswave/models/Geophysical_model185.nd,nd,UNK,,,1001.288,60,861.569,192.154,1001.288,60,1119.457,33.763,1490.847,101.288,1689.167,60,0.65406704,0.621747471,0.632520661,0.34593296,0.378252529,1
Geophysical_model872,/home/lyara/areswave/models/Geophysical_model872.nd,nd,UNK,,,916.706,60,876.388,188.893,916.706,60,1117.178,33.412,1484.711,83.53,1682.818,60,0.646222479,0.625772398,0.632589092,0.353777521,0.374227602,1
Geophysical_model89,/home/lyara/areswave/models/Geophysical_model89.nd,nd,UNK,,,1000.663,60,900,199.839,1000.663,60,1134.88,33.554,1470.423,83.886,1685.394,60,0.558004311,0.670853539,0.63323713,0.441995689,0.329146461,1
Geophysical_model683,/home/lyara/areswave/models/Geophysical_model683.nd,nd,UNK,,,900,60,900,179.635,900,60,1101.753,16.812,1488.445,100.876,1686.682,60,0.614352677,0.643123665,0.633533336,0.385647323,0.356876335,1
MD_model95,/home/lyara/areswave/models/MD_model95.nd,nd,UNK,,,1010.926,60,859.539,10.813,1010.926,60,1248.82,140.574,1356.954,194.64,1642.275,60,0.3313478,0.784664628,0.633559019,0.6686522,0.215335372,1
CD_model61,/home/lyara/areswave/models/CD_model61.nd,nd,UNK,,,,60,,60,,60,,60,,60,,60,0.644243611,0.628653227,0.633850022,0.355756389,0.371346773,1
Geophysical_model159,/home/lyara/areswave/models/Geophysical_model159.nd,nd,UNK,,,1048.843,60,900,194.704,1048.843,60,1148.071,33.076,1495.37,66.152,1676.736,60,0.552621084,0.675024531,0.634223382,0.447378916,0.324975469,1
Geophysical_model239,/home/lyara/areswave/models/Geophysical_model239.nd,nd,UNK,,,1048.843,60,900,194.704,1048.843,60,1148.071,33.076,1495.37,66.152,1676.736,60,0.552621084,0.675024531,0.634223382,0.447378916,0.324975469,1
Geophysical_model698,/home/lyara/areswave/models/Geophysical_model698.nd,nd,UNK,,,1067.222,60,900,22.057,1067.222,60,1100.667,16.722,1451.834,100.333,1683.405,60,0.57693611,0.662938483,0.634271026,0.42306389,0.337061517,1
AK_model_3,/home/lyara/areswave/models/AK_model_3.nd,nd,UNK,,,1022.298,60,814.479,51.955,1022.298,60,1282.072,103.91,1308.049,25.978,1673.821,60,0.60427577,0.650790076,0.635285307,0.39572423,0.349209924,1
CD_model3,/home/lyara/areswave/models/CD_model3.nd,nd,UNK,,,,60,,60,,60,,60,,60,,60,0.657502318,0.624899367,0.635767017,0.342497682,0.375100633,1
Geophysical_model645,/home/lyara/areswave/models/Geophysical_model645.nd,nd,UNK,,,917.055,60,877.857,199.287,917.055,60,1121.71,34.109,1496.91,102.327,1695.441,60,0.686065205,0.611354872,0.636258316,0.313934795,0.388645128,1
AK_model_16,/home/lyara/areswave/models/AK_model_16.nd,nd,UNK,,,1032.613,60,811.315,24.589,1032.613,60,1278.5,73.766,1303.088,24.589,1680.441,60,0.597287229,0.655970031,0.636409097,0.402712771,0.344029969,1
Geophysical_model248,/home/lyara/areswave/models/Geophysical_model248.nd,nd,UNK,,,999.558,60,878.729,191.441,999.558,60,1115.708,16.593,1497.346,99.558,1678.723,60,0.674809218,0.618005368,0.636939984,0.325190782,0.381994632,1
MD_model74,/home/lyara/areswave/models/MD_model74.nd,nd,UNK,,,1018.128,60,852.239,10.368,1018.128,60,1246.227,134.785,1391.38,114.05,1576.24,60,0.640754469,0.635567618,0.637296568,0.359245531,0.364432382,1
Geophysical_model486,/home/lyara/areswave/models/Geophysical_model486.nd,nd,UNK,,,1031.859,60,900,187.997,1031.859,60,1130.754,32.965,1493.366,82.412,1674.72,60,0.667881701,0.622395815,0.637557777,0.332118299,0.377604185,1
Geophysical_model183,/home/lyara/areswave/models/Geophysical_model183.nd,nd,UNK,,,1031.859,60,900,187.997,1031.859,60,1130.754,32.965,1493.366,82.412,1674.72,60,0.667881701,0.622395815,0.637557777,0.332118299,0.377604185,1
MD_model33,/home/lyara/areswave/models/MD_model33.nd,nd,UNK,,,1018.87,60,748.052,187.49,1018.87,60,1279.273,20.832,1362.602,72.913,1579.187,60,0.625383525,0.643861814,0.637702384,0.374616475,0.356138186,1
AK_model_66,/home/lyara/areswave/models/AK_model_66.nd,nd,UNK,,,1018.904,60,817.742,25.146,1018.904,60,1169.776,100.581,1370.939,75.436,1678.566,60,0.640804863,0.637143032,0.638363642,0.359195137,0.362856968,1
Geophysical_model342,/home/lyara/areswave/models/Geophysical_model342.nd,nd,UNK,,,1031.762,60,900,188.3,1031.762,60,1130.583,32.941,1492.929,82.351,1674.28,60,0.611328113,0.652696058,0.638906743,0.388671887,0.347303942,1
Geophysical_model373,/home/lyara/areswave/models/Geophysical_model373.nd,nd,UNK,,,1031.784,60,900,188.35,1031.784,60,1130.622,32.946,1493.027,82.365,1674.378,60,0.551868961,0.68349713,0.639621074,0.448131039,0.31650287,1
Geophysical_model184,/home/lyara/areswave/models/Geophysical_model184.nd,nd,UNK,,,950.621,60,900,192.919,950.621,60,1119.357,33.747,1456.828,118.116,1688.886,60,0.520532969,0.700530788,0.640531515,0.479467031,0.299469212,1
Geophysical_model684,/home/lyara/areswave/models/Geophysical_model684.nd,nd,UNK,,,900,60,900,21.48,900,60,1116.854,33.362,1483.837,100.087,1681.914,60,0.77894537,0.571342689,0.640543583,0.22105463,0.428657311,1
Geophysical_model480,/home/lyara/areswave/models/Geophysical_model480.nd,nd,UNK,,,999.558,60,878.726,191.466,999.558,60,1115.708,16.593,1497.346,99.558,1678.723,60,0.661315453,0.630759969,0.64094513,0.338684547,0.369240031,1
Geophysical_model449,/home/lyara/areswave/models/Geophysical_model449.nd,nd,UNK,,,1031.442,60,900,189.754,1031.442,60,1130.023,32.86,1491.488,82.151,1672.831,60,0.795155003,0.563907901,0.640990268,0.204844997,0.436092099,1
CD_model67,/home/lyara/areswave/models/CD_model67.nd,nd,UNK,,,,60,,60,,60,,60,,60,,60,0.66392183,0.62977596,0.641157917,0.33607817,0.37022404,1
Geophysical_model325,/home/lyara/areswave/models/Geophysical_model325.nd,nd,UNK,,,1064.355,60,900,188.668,1064.355,60,1146.533,32.871,1491.679,65.742,1673.022,60,0.626290179,0.648823545,0.641312423,0.373709821,0.351176455,1
Geophysical_model473,/home/lyara/areswave/models/Geophysical_model473.nd,nd,UNK,,,1064.355,60,900,188.668,1064.355,60,1146.533,32.871,1491.679,65.742,1673.022,60,0.626290179,0.648823545,0.641312423,0.373709821,0.351176455,1
Geophysical_model274,/home/lyara/areswave/models/Geophysical_model274.nd,nd,UNK,,,1032.808,60,900,180.658,1032.808,60,1132.413,33.201,1481.034,83.005,1679.013,60,0.553744521,0.685201602,0.641382575,0.446255479,0.314798398,1
Geophysical_model618,/home/lyara/areswave/models/Geophysical_model618.nd,nd,UNK,,,933.862,60,900,186.585,933.862,60,1120.105,33.862,1492.59,84.656,1690.97,60,0.71097128,0.607667931,0.642102381,0.28902872,0.392332069,1
Geophysical_model69,/home/lyara/areswave/models/Geophysical_model69.nd,nd,UNK,,,1016.434,60,877.14,182.876,1016.434,60,1132.867,33.267,1498.801,99.8,1680.187,60,0.61806609,0.656484595,0.643678427,0.38193391,0.343515405,1
Geophysical_model487,/home/lyara/areswave/models/Geophysical_model487.nd,nd,UNK,,,1047.872,60,900,189.36,1047.872,60,1130.023,32.86,1491.488,82.151,1672.831,60,0.602983768,0.665448891,0.644627184,0.397016232,0.334551109,1
CD_model97,/home/lyara/areswave/models/CD_model97.nd,nd,UNK,,,,60,,60,,60,,60,,60,,60,0.737590584,0.598430433,0.64481715,0.262409416,0.401569567,1
Geophysical_model174,/home/lyara/areswave/models/Geophysical_model174.nd,nd,UNK,,,999.816,60,900,195.881,999.816,60,1116.267,16.636,1498.893,99.815,1680.28,60,0.717655381,0.608495568,0.644882172,0.282344619,0.391504432,1
Geophysical_model443,/home/lyara/areswave/models/Geophysical_model443.nd,nd,UNK,,,1030.985,60,900,188.215,1030.985,60,1129.223,32.746,1489.43,81.865,1670.76,60,0.638479054,0.648446906,0.645124289,0.361520946,0.351553094,1
Geophysical_model464,/home/lyara/areswave/models/Geophysical_model464.nd,nd,UNK,,,1030.985,60,900,188.215,1030.985,60,1129.223,32.746,1489.43,81.865,1670.76,60,0.638479054,0.648446906,0.645124289,0.361520946,0.351553094,1
Geophysical_model133,/home/lyara/areswave/models/Geophysical_model133.nd,nd,UNK,,,1098.133,60,900,196.677,1098.133,60,1147.666,16.511,1494.399,66.044,1675.759,60,0.795395827,0.570133995,0.645221272,0.204604173,0.429866005,1
Geophysical_model237,/home/lyara/areswave/models/Geophysical_model237.nd,nd,UNK,,,949.523,60,900,190.596,949.523,60,1114.598,16.507,1461.256,99.045,1675.63,60,0.661091137,0.638022568,0.645712091,0.338908863,0.361977432,1
Geophysical_model122,/home/lyara/areswave/models/Geophysical_model122.nd,nd,UNK,,,967.437,60,900,186.661,967.437,60,1119.169,33.718,1456.352,101.155,1688.364,60,0.740250078,0.598564342,0.64579292,0.259749922,0.401435658,1
Geophysical_model101,/home/lyara/areswave/models/Geophysical_model101.nd,nd,UNK,,,967.437,60,900,186.661,967.437,60,1119.169,33.718,1456.352,101.155,1688.364,60,0.740250078,0.598564342,0.64579292,0.259749922,0.401435658,1
Geophysical_model476,/home/lyara/areswave/models/Geophysical_model476.nd,nd,UNK,,,967.7,60,900,181.488,967.7,60,1120.025,33.85,1458.525,118.475,1690.748,60,0.608543201,0.66532297,0.64639638,0.391456799,0.33467703,1
MD_model42,/home/lyara/areswave/models/MD_model42.nd,nd,UNK,,,951.682,60,896.388,187.997,951.682,60,1272.382,55.293,1338.734,99.528,1661.734,60,0.810489493,0.56623012,0.647649911,0.189510507,0.43376988,1
CD_model79,/home/lyara/areswave/models/CD_model79.nd,nd,UNK,,,,60,,60,,60,,60,,60,,60,0.663791678,0.639810375,0.647804143,0.336208322,0.360189625,1
Geophysical_model489,/home/lyara/areswave/models/Geophysical_model489.nd,nd,UNK,,,967.872,60,900,180.377,967.872,60,1120.585,33.937,1459.948,101.809,1692.31,60,0.624417839,0.659538867,0.647831858,0.375582161,0.340461133,1
AK_model_47,/home/lyara/areswave/models/AK_model_47.nd,nd,UNK,,,1007.565,60,771.239,26.258,1007.565,60,1270.15,131.292,1480.218,26.259,1689.744,60,0.641380417,0.651530438,0.648147098,0.358619583,0.348469562,1
Geophysical_model417,/home/lyara/areswave/models/Geophysical_model417.nd,nd,UNK,,,1047.872,60,900,189.239,1047.872,60,1130.023,32.86,1491.488,82.151,1672.831,60,0.486369153,0.730822712,0.649338192,0.513630847,0.269177288,1
Geophysical_model230,/home/lyara/areswave/models/Geophysical_model230.nd,nd,UNK,,,949.483,60,900,193.526,949.483,60,1114.426,16.494,1460.805,98.966,1675.15,60,0.507516385,0.720501926,0.649506746,0.492483615,0.279498074,1
CD_model69,/home/lyara/areswave/models/CD_model69.nd,nd,UNK,,,,60,,60,,60,,60,,60,,60,0.737609675,0.605891429,0.649797511,0.262390325,0.394108571,1
Geophysical_model455,/home/lyara/areswave/models/Geophysical_model455.nd,nd,UNK,,,1049.531,60,900,179.636,1049.531,60,1132.603,33.229,1481.508,83.073,1679.504,60,0.605450968,0.672533636,0.650172746,0.394549032,0.327466364,1
MD_model58,/home/lyara/areswave/models/MD_model58.nd,nd,UNK,,,900.043,60,768.768,121.177,900.043,60,1293.868,80.785,1314.064,30.294,1495.829,61.086,0.683819377,0.634525485,0.650956782,0.316180623,0.365474515,1
Geophysical_model998,/home/lyara/areswave/models/Geophysical_model998.nd,nd,UNK,,,933.856,60,879.282,186.458,933.856,60,1120.061,33.856,1492.472,84.639,1690.849,60,0.562276054,0.697391845,0.652353248,0.437723946,0.302608155,1
AK_model_38,/home/lyara/areswave/models/AK_model_38.nd,nd,UNK,,,1017.632,60,808.958,26.085,1017.632,60,1278.474,104.337,1304.559,26.084,1671.473,60,0.494245243,0.731514717,0.652424892,0.505754757,0.268485283,1
MD_model53,/home/lyara/areswave/models/MD_model53.nd,nd,UNK,,,903.72,60,838.985,183.413,903.72,60,1292.124,75.523,1324.491,32.367,1620.805,60,0.864163385,0.546632274,0.652475978,0.135836615,0.453367726,1
AK_model_68,/home/lyara/areswave/models/AK_model_68.nd,nd,UNK,,,1018.739,60,892.89,25.17,1018.739,60,1220.098,125.85,1396.287,50.339,1678.891,60,0.610883919,0.674758981,0.653467294,0.389116081,0.325241019,1
Geophysical_model43,/home/lyara/areswave/models/Geophysical_model43.nd,nd,UNK,,,1099.378,60,900,180.832,1099.378,60,1115.993,16.614,1431.674,99.689,1679.515,60,0.624421432,0.668232213,0.653628619,0.375578568,0.331767787,1
AK_model_73,/home/lyara/areswave/models/AK_model_73.nd,nd,UNK,,,1039.669,60,790.268,24.94,1039.669,60,1264.13,74.82,1314.011,24.94,1670.688,60,0.895828133,0.533198718,0.65407519,0.104171867,0.466801282,1
Geophysical_model377,/home/lyara/areswave/models/Geophysical_model377.nd,nd,UNK,,,1031.555,60,900,185.679,1031.555,60,1130.221,32.889,1491.996,82.221,1673.341,60,0.596873799,0.682712934,0.654099889,0.403126201,0.317287066,1
Geophysical_model371,/home/lyara/areswave/models/Geophysical_model371.nd,nd,UNK,,,1031.52,60,900,186.703,1031.52,60,1130.159,32.88,1491.838,82.199,1673.183,60,0.607919724,0.677279687,0.6541597,0.392080276,0.322720313,1
MD_model78,/home/lyara/areswave/models/MD_model78.nd,nd,UNK,,,1001.327,60,824.502,10.402,1001.327,60,1136.547,166.424,1302.971,166.424,1591.73,60,0.58893725,0.687211365,0.654453327,0.41106275,0.312788635,1
Geophysical_model333,/home/lyara/areswave/models/Geophysical_model333.nd,nd,UNK,,,1098.133,60,900,196.238,1098.133,60,1147.666,33.023,1494.399,66.044,1675.759,60,0.698347161,0.632587529,0.654507406,0.301652839,0.367412471,1
Geophysical_model250,/home/lyara/areswave/models/Geophysical_model250.nd,nd,UNK,,,1033.261,60,900,182.415,1033.261,60,1133.207,33.315,1499.676,83.288,1681.067,60,0.653571864,0.655179579,0.654643674,0.346428136,0.344820421,1
Geophysical_model147,/home/lyara/areswave/models/Geophysical_model147.nd,nd,UNK,,,1064.034,60,900,190.61,1064.034,60,1146.052,32.807,1490.524,65.614,1671.86,60,0.472088617,0.746263927,0.654872157,0.527911383,0.253736073,1
Geophysical_model470,/home/lyara/areswave/models/Geophysical_model470.nd,nd,UNK,,,1063.97,60,900,188.422,1063.97,60,1145.955,32.794,1490.293,65.588,1671.628,60,0.516339846,0.724302537,0.65498164,0.483660154,0.275697463,1
Geophysical_model335,/home/lyara/areswave/models/Geophysical_model335.nd,nd,UNK,,,1031.52,60,900,187.375,1031.52,60,1130.159,32.88,1491.838,82.199,1673.183,60,0.473495707,0.745804618,0.655034981,0.526504293,0.254195382,1
Geophysical_model955,/home/lyara/areswave/models/Geophysical_model955.nd,nd,UNK,,,949.954,60,900,178.876,949.954,60,1133.117,33.303,1482.794,83.256,1680.834,60,0.463878312,0.750662254,0.655067606,0.536121688,0.249337746,1
Geophysical_model639,/home/lyara/areswave/models/Geophysical_model639.nd,nd,UNK,,,1099.754,60,900,21.455,1099.754,60,1116.4,16.646,1465.97,116.523,1680.651,60,0.375708438,0.794855925,0.655140096,0.624291562,0.205144075,1
Geophysical_model291,/home/lyara/areswave/models/Geophysical_model291.nd,nd,UNK,,,1033.201,60,900,180.117,1033.201,60,1133.102,33.3,1499.404,83.25,1680.794,60,0.734083227,0.616148796,0.655460273,0.265916773,0.383851204,1
Geophysical_model817,/home/lyara/areswave/models/Geophysical_model817.nd,nd,UNK,,,950.91,60,900,185.165,950.91,60,1120.608,33.94,1476.975,84.849,1692.373,60,0.528342328,0.721606624,0.657185192,0.471657672,0.278393376,1
Geophysical_model506,/home/lyara/areswave/models/Geophysical_model506.nd,nd,UNK,,,1086.703,60,900,21.099,1086.703,60,1103.676,16.973,1460.108,118.81,1692.486,60,0.727105272,0.624101552,0.658436125,0.272894728,0.375898448,1
Geophysical_model22,/home/lyara/areswave/models/Geophysical_model22.nd,nd,UNK,,,1063.523,60,900,194.688,1063.523,60,1145.284,32.704,1488.683,65.409,1670.008,60,0.502221089,0.737314839,0.658950256,0.497778911,0.262685161,1
CD_model86,/home/lyara/areswave/models/CD_model86.nd,nd,UNK,,,,60,,60,,60,,60,,60,,60,0.712444302,0.632637179,0.659239553,0.287555698,0.367362821,1
CD_model90,/home/lyara/areswave/models/CD_model90.nd,nd,UNK,,,,60,,60,,60,,60,,60,,60,0.712444302,0.632637179,0.659239553,0.287555698,0.367362821,1
Geophysical_model128,/home/lyara/areswave/models/Geophysical_model128.nd,nd,UNK,,,998.736,60,900,188.684,998.736,60,1130.385,32.912,1475.961,98.737,1673.765,60,0.615688711,0.681569714,0.65960938,0.384311289,0.318430286,1
MD_model82,/home/lyara/areswave/models/MD_model82.nd,nd,UNK,,,1052.51,60,736.454,189.634,1052.51,60,1263.214,42.14,1336.96,63.211,1596.883,60,0.680840675,0.649937262,0.6602384,0.319159325,0.350062738,1
Geophysical_model482,/home/lyara/areswave/models/Geophysical_model482.nd,nd,UNK,,,1063.97,60,900,188.401,1063.97,60,1145.955,32.794,1490.293,65.588,1671.628,60,0.548946703,0.716378498,0.660567899,0.451053297,0.283621502,1
Geophysical_model485,/home/lyara/areswave/models/Geophysical_model485.nd,nd,UNK,,,1063.97,60,900,188.401,1063.97,60,1145.955,32.794,1490.293,65.588,1671.628,60,0.548946703,0.716378498,0.660567899,0.451053297,0.283621502,1
Geophysical_model374,/home/lyara/areswave/models/Geophysical_model374.nd,nd,UNK,,,1063.97,60,900,188.401,1063.97,60,1145.955,32.794,1490.293,65.588,1671.628,60,0.548946703,0.716378498,0.660567899,0.451053297,0.283621502,1
MD_model34,/home/lyara/areswave/models/MD_model34.nd,nd,UNK,,,1024.891,60,743.373,194.898,1024.891,60,1295.582,21.655,1371.376,75.793,1635.565,60,0.699364605,0.641428108,0.660740273,0.300635395,0.358571892,1
Geophysical_model293,/home/lyara/areswave/models/Geophysical_model293.nd,nd,UNK,,,916.874,60,900,181.649,916.874,60,1102.492,16.874,1439.978,101.246,1688.913,60,0.791590667,0.596260524,0.661370572,0.208409333,0.403739476,1
Geophysical_model67,/home/lyara/areswave/models/Geophysical_model67.nd,nd,UNK,,,1017.871,60,900,184.989,1017.871,60,1135.742,16.839,1489.354,84.193,1687.623,60,0.630703012,0.6769931,0.661563071,0.369296988,0.3230069,1
MD_model45,/home/lyara/areswave/models/MD_model45.nd,nd,UNK,,,966.263,60,741.442,194.164,966.263,60,1262.617,30.658,1334.151,51.096,1497.657,60,0.645789929,0.669703488,0.661732301,0.354210071,0.330296512,1
MD_model83,/home/lyara/areswave/models/MD_model83.nd,nd,UNK,,,957.498,60,725.173,190.085,957.498,60,1263.746,42.241,1305.987,52.801,1598.029,60,0.764771851,0.610905114,0.662194026,0.235228149,0.389094886,1
Geophysical_model40,/home/lyara/areswave/models/Geophysical_model40.nd,nd,UNK,,,1063.521,60,900,197.404,1063.521,60,1145.281,32.704,1488.674,65.408,1669.999,60,0.605430298,0.690709022,0.662282781,0.394569702,0.309290978,1
CD_model94,/home/lyara/areswave/models/CD_model94.nd,nd,UNK,,,,60,,60,,60,,60,,60,,60,0.597498158,0.695735182,0.662989507,0.402501842,0.304264818,1
Geophysical_model678,/home/lyara/areswave/models/Geophysical_model678.nd,nd,UNK,,,916.693,60,877.488,180.095,916.693,60,1117.015,33.386,1484.271,83.467,1682.363,60,0.655108052,0.667102522,0.663104365,0.344891948,0.332897478,1
Geophysical_model207,/home/lyara/areswave/models/Geophysical_model207.nd,nd,UNK,,,1064.102,60,900,191.005,1064.102,60,1146.153,32.82,1490.767,65.64,1672.105,60,0.60911506,0.690814338,0.663581245,0.39088494,0.309185662,1
Geophysical_model8,/home/lyara/areswave/models/Geophysical_model8.nd,nd,UNK,,,1064.102,60,900,191.005,1064.102,60,1146.153,32.82,1490.767,65.64,1672.105,60,0.60911506,0.690814338,0.663581245,0.39088494,0.309185662,1
Geophysical_model460,/home/lyara/areswave/models/Geophysical_model460.nd,nd,UNK,,,1016.377,60,900,198.875,1016.377,60,1116.129,33.251,1498.512,99.752,1679.896,60,0.595952464,0.698549726,0.664350639,0.404047536,0.301450274,1
Geophysical_model271,/home/lyara/areswave/models/Geophysical_model271.nd,nd,UNK,,,1016.377,60,900,198.875,1016.377,60,1116.129,33.251,1498.512,99.752,1679.896,60,0.595952464,0.698549726,0.664350639,0.404047536,0.301450274,1
Geophysical_model431,/home/lyara/areswave/models/Geophysical_model431.nd,nd,UNK,,,999.807,60,900,191.389,999.807,60,1116.249,16.634,1465.574,99.807,1680.229,60,0.610368601,0.692170201,0.664903001,0.389631399,0.307829799,1
Geophysical_model433,/home/lyara/areswave/models/Geophysical_model433.nd,nd,UNK,,,1064.377,60,900,188.24,1064.377,60,1146.565,32.875,1491.756,65.751,1673.1,60,0.783877293,0.605766368,0.665136676,0.216122707,0.394233632,1
Geophysical_model471,/home/lyara/areswave/models/Geophysical_model471.nd,nd,UNK,,,1064.377,60,900,188.24,1064.377,60,1146.565,32.875,1491.756,65.751,1673.1,60,0.783877293,0.605766368,0.665136676,0.216122707,0.394233632,1
Geophysical_model309,/home/lyara/areswave/models/Geophysical_model309.nd,nd,UNK,,,1031.555,60,900,186.048,1031.555,60,1130.221,32.889,1491.996,82.221,1673.341,60,0.490884607,0.752660989,0.665402195,0.509115393,0.247339011,1
CD_model81,/home/lyara/areswave/models/CD_model81.nd,nd,UNK,,,,60,,60,,60,,60,,60,,60,0.591713976,0.702330373,0.665458241,0.408286024,0.297669627,1
Geophysical_model59,/home/lyara/areswave/models/Geophysical_model59.nd,nd,UNK,,,1063.404,60,900,196.4,1063.404,60,1145.107,32.681,1488.256,65.362,1669.579,60,0.752779061,0.621915956,0.665536991,0.247220939,0.378084044,1
Geophysical_model405,/home/lyara/areswave/models/Geophysical_model405.nd,nd,UNK,,,1047.083,60,900,186.645,1047.083,60,1145.138,32.685,1488.33,65.37,1669.654,60,0.799818048,0.599250357,0.666106254,0.200181952,0.400749643,1
Geophysical_model360,/home/lyara/areswave/models/Geophysical_model360.nd,nd,UNK,,,1047.872,60,900,189.034,1047.872,60,1130.023,32.86,1491.488,82.151,1672.831,60,0.707750242,0.646042431,0.666611701,0.292249758,0.353957569,1
Geophysical_model329,/home/lyara/areswave/models/Geophysical_model329.nd,nd,UNK,,,1047.872,60,900,189.034,1047.872,60,1130.023,32.86,1491.488,82.151,1672.831,60,0.707750242,0.646042431,0.666611701,0.292249758,0.353957569,1
Geophysical_model188,/home/lyara/areswave/models/Geophysical_model188.nd,nd,UNK,,,967.494,60,900,188.938,967.494,60,1119.357,33.747,1456.828,118.116,1688.886,60,0.630955125,0.685665474,0.667428691,0.369044875,0.314334526,1
Geophysical_model18,/home/lyara/areswave/models/Geophysical_model18.nd,nd,UNK,,,1098.133,60,900,196.457,1098.133,60,1147.666,16.511,1494.399,66.044,1675.759,60,0.829424854,0.586473293,0.667457146,0.170575146,0.413526707,1
MD_model21,/home/lyara/areswave/models/MD_model21.nd,nd,UNK,,,1008.575,60,761.465,182.646,1008.575,60,1298.66,21.488,1373.867,75.207,1615.642,60,0.741119243,0.630949132,0.667672502,0.258880757,0.369050868,1
Geophysical_model166,/home/lyara/areswave/models/Geophysical_model166.nd,nd,UNK,,,1063.464,60,900,197.098,1063.464,60,1145.196,32.693,1472.124,65.386,1669.795,60,0.694193421,0.65489424,0.667993967,0.305806579,0.34510576,1
MD_model55,/home/lyara/areswave/models/MD_model55.nd,nd,UNK,,,936.329,60,822.179,103.773,936.329,60,1299.533,62.263,1309.91,31.132,1597.929,60,0.837490924,0.584157345,0.668601872,0.162509076,0.415842655,1
Geophysical_model345,/home/lyara/areswave/models/Geophysical_model345.nd,nd,UNK,,,1031.859,60,900,187.371,1031.859,60,1130.753,32.964,1476.882,82.412,1674.718,60,0.642592389,0.682168348,0.668976362,0.357407611,0.317831652,1
MD_model98,/home/lyara/areswave/models/MD_model98.nd,nd,UNK,,,964.445,60,700.606,189.964,964.445,60,1270.498,42.215,1333.82,105.536,1604.395,60,0.599769948,0.703793436,0.66911894,0.400230052,0.296206564,1
Geophysical_model46,/home/lyara/areswave/models/Geophysical_model46.nd,nd,UNK,,,1049.531,60,900,179.8,1049.531,60,1132.603,33.229,1498.123,83.073,1679.504,60,0.575310061,0.716900635,0.669703777,0.424689939,0.283099365,1
Geophysical_model310,/home/lyara/areswave/models/Geophysical_model310.nd,nd,UNK,,,1016.326,60,878.266,195.602,1016.326,60,1132.652,33.236,1498.248,99.708,1679.631,60,0.662319184,0.673546852,0.669804296,0.337680816,0.326453148,1
AK_model_9,/home/lyara/areswave/models/AK_model_9.nd,nd,UNK,,,1080.348,60,882.922,24.678,1080.348,60,1277.774,49.356,1302.453,49.356,1657.767,60,0.601082401,0.704672974,0.670142783,0.398917599,0.295327026,1
Geophysical_model934,/home/lyara/areswave/models/Geophysical_model934.nd,nd,UNK,,,950.013,60,900,182.28,950.013,60,1133.396,33.342,1483.489,66.684,1681.554,60,0.656855252,0.677593996,0.670681081,0.343144748,0.322406004,1
Geophysical_model409,/home/lyara/areswave/models/Geophysical_model409.nd,nd,UNK,,,1047.741,60,900,190.022,1047.741,60,1146.235,32.831,1490.965,82.078,1672.304,60,0.684829098,0.663813029,0.670818385,0.315170902,0.336186971,1
Geophysical_model330,/home/lyara/areswave/models/Geophysical_model330.nd,nd,UNK,,,1047.741,60,900,190.022,1047.741,60,1146.235,32.831,1490.965,82.078,1672.304,60,0.684829098,0.663813029,0.670818385,0.315170902,0.336186971,1
MD_model31,/home/lyara/areswave/models/MD_model31.nd,nd,UNK,,,1004.85,60,809.075,10.304,1004.85,60,1252.146,154.56,1303.666,103.04,1580.355,60,0.740086708,0.63622906,0.670848276,0.259913292,0.36377094,1
Geophysical_model543,/home/lyara/areswave/models/Geophysical_model543.nd,nd,UNK,,,1086.489,60,900,21.246,1086.489,60,1103.443,16.953,1459.467,118.675,1691.782,60,0.740034333,0.636966558,0.671322483,0.259965667,0.363033442,1
Geophysical_model354,/home/lyara/areswave/models/Geophysical_model354.nd,nd,UNK,,,1063.97,60,900,189.307,1063.97,60,1145.955,16.397,1490.293,65.588,1671.628,60,0.614741215,0.699846461,0.671478045,0.385258785,0.300153539,1
Geophysical_model378,/home/lyara/areswave/models/Geophysical_model378.nd,nd,UNK,,,1063.97,60,900,189.307,1063.97,60,1145.955,16.397,1490.293,65.588,1671.628,60,0.614741215,0.699846461,0.671478045,0.385258785,0.300153539,1
Geophysical_model317,/home/lyara/areswave/models/Geophysical_model317.nd,nd,UNK,,,1031.442,60,900,189.023,1031.442,60,1130.023,32.86,1491.488,82.151,1672.831,60,0.652966958,0.681878239,0.672241145,0.347033042,0.318121761,1
Geophysical_model367,/home/lyara/areswave/models/Geophysical_model367.nd,nd,UNK,,,1031.442,60,900,189.023,1031.442,60,1130.023,32.86,1491.488,82.151,1672.831,60,0.652966958,0.681878239,0.672241145,0.347033042,0.318121761,1
Geophysical_model500,/home/lyara/areswave/models/Geophysical_model500.nd,nd,UNK,,,950.39,60,900,189.022,950.39,60,1135.153,33.594,1487.881,67.186,1686.099,60,0.583619559,0.716610076,0.672279904,0.416380441,0.283389924,1
Geophysical_model334,/home/lyara/areswave/models/Geophysical_model334.nd,nd,UNK,,,1016.377,60,900,198.783,1016.377,60,1132.755,33.251,1465.261,99.752,1679.896,60,0.61714975,0.700757464,0.672888226,0.38285025,0.299242536,1
Geophysical_model477,/home/lyara/areswave/models/Geophysical_model477.nd,nd,UNK,,,1016.377,60,900,198.783,1016.377,60,1132.755,33.251,1465.261,99.752,1679.896,60,0.61714975,0.700757464,0.672888226,0.38285025,0.299242536,1
Geophysical_model524,/home/lyara/areswave/models/Geophysical_model524.nd,nd,UNK,,,916.555,60,877.951,198.443,916.555,60,1115.217,16.555,1495.986,99.331,1677.355,60,0.785256654,0.617943624,0.673714634,0.214743346,0.382056376,1
Geophysical_model837,/home/lyara/areswave/models/Geophysical_model837.nd,nd,UNK,,,916.555,60,877.951,198.443,916.555,60,1115.217,16.555,1495.986,99.331,1677.355,60,0.785256654,0.617943624,0.673714634,0.214743346,0.382056376,1
MD_model80,/home/lyara/areswave/models/MD_model80.nd,nd,UNK,,,1000.561,60,786.005,10.217,1000.561,60,1164.033,194.122,1429.673,163.471,1571.993,60,0.783893776,0.618666228,0.673742077,0.216106224,0.381333772,1
Geophysical_model361,/home/lyara/areswave/models/Geophysical_model361.nd,nd,UNK,,,1047.698,60,900,190.282,1047.698,60,1146.164,32.822,1490.792,82.054,1672.131,60,0.696021339,0.66392992,0.67462706,0.303978661,0.33607008,1
Geophysical_model456,/home/lyara/areswave/models/Geophysical_model456.nd,nd,UNK,,,1016.299,60,877.225,182.2,1016.299,60,1132.599,33.228,1498.111,99.685,1679.493,60,0.639124443,0.692491473,0.674702463,0.360875557,0.307508527,1
Geophysical_model272,/home/lyara/areswave/models/Geophysical_model272.nd,nd,UNK,,,949.973,60,900,197.754,949.973,60,1116.548,16.657,1449.698,99.945,1681.061,60,0.632275856,0.695990549,0.674752318,0.367724144,0.304009451,1
AK_model_100,/home/lyara/areswave/models/AK_model_100.nd,nd,UNK,,,1074.576,60,802.778,27.18,1074.576,60,1292.015,54.36,1319.195,27.18,1719.458,60,0.46377112,0.780669977,0.675037024,0.53622888,0.219330023,1
Geophysical_model355,/home/lyara/areswave/models/Geophysical_model355.nd,nd,UNK,,,1063.846,60,900,187.638,1063.846,60,1145.769,32.769,1489.845,65.539,1671.177,60,0.66606185,0.679939552,0.675313651,0.33393815,0.320060448,1
MD_model5,/home/lyara/areswave/models/MD_model5.nd,nd,UNK,,,982.978,60,734.96,10.334,982.978,60,1106.988,10.334,1406.677,62.004,1580.647,60,0.519276113,0.753686381,0.675549625,0.480723887,0.246313619,1
Geophysical_model201,/home/lyara/areswave/models/Geophysical_model201.nd,nd,UNK,,,1049.881,60,900,182.401,1049.881,60,1133.149,33.307,1482.872,83.268,1680.916,60,0.626950029,0.700109099,0.675722742,0.373049971,0.299890901,1
Geophysical_model324,/home/lyara/areswave/models/Geophysical_model324.nd,nd,UNK,,,1049.881,60,900,182.401,1049.881,60,1133.149,33.307,1482.872,83.268,1680.916,60,0.626950029,0.700109099,0.675722742,0.373049971,0.299890901,1
Geophysical_model83,/home/lyara/areswave/models/Geophysical_model83.nd,nd,UNK,,,1049.531,60,900,179.559,1049.531,60,1132.603,33.229,1498.123,83.073,1679.504,60,0.716561968,0.655780339,0.676040882,0.283438032,0.344219661,1
Geophysical_model294,/home/lyara/areswave/models/Geophysical_model294.nd,nd,UNK,,,1001.298,60,861.612,191.938,1001.298,60,1119.479,33.767,1474.023,101.298,1689.229,60,0.79866285,0.61569397,0.676683596,0.20133715,0.38430603,1
Geophysical_model223,/home/lyara/areswave/models/Geophysical_model223.nd,nd,UNK,,,1016.377,60,900,197.923,1016.377,60,1132.755,33.251,1498.512,99.752,1679.896,60,0.693848272,0.669547938,0.677648049,0.306151728,0.330452062,1
Geophysical_model445,/home/lyara/areswave/models/Geophysical_model445.nd,nd,UNK,,,1047.789,60,900,189.394,1047.789,60,1146.314,32.842,1491.154,65.684,1672.494,60,0.619741293,0.706751152,0.677747866,0.380258707,0.293248848,1
Geophysical_model531,/home/lyara/areswave/models/Geophysical_model531.nd,nd,UNK,,,950.068,60,900,179.991,950.068,60,1133.65,50.068,1484.125,66.757,1682.212,60,0.611573565,0.711836869,0.678415768,0.388426435,0.288163131,1
Geophysical_model47,/home/lyara/areswave/models/Geophysical_model47.nd,nd,UNK,,,1017.887,60,900,183.974,1017.887,60,1135.775,33.682,1472.595,84.206,1687.708,60,0.737897332,0.649862209,0.67920725,0.262102668,0.350137791,1
Geophysical_model197,/home/lyara/areswave/models/Geophysical_model197.nd,nd,UNK,,,1049.881,60,900,183.155,1049.881,60,1133.149,33.307,1466.219,83.268,1680.916,60,0.692287171,0.673147954,0.679527693,0.307712829,0.326852046,1
Geophysical_model695,/home/lyara/areswave/models/Geophysical_model695.nd,nd,UNK,,,900,60,857.316,192.076,900,60,1116.56,16.658,1466.387,116.609,1681.095,60,0.728901812,0.655365118,0.679877349,0.271098188,0.344634882,1
AK_model_96,/home/lyara/areswave/models/AK_model_96.nd,nd,UNK,,,1066.783,60,771.908,26.807,1066.783,60,1281.238,26.807,1334.851,53.613,1705.64,60,0.496509488,0.771681132,0.67995725,0.503490512,0.228318868,1
CD_model34,/home/lyara/areswave/models/CD_model34.nd,nd,UNK,,,,60,,60,,60,,60,,60,,60,0.536632818,0.752107824,0.680282822,0.463367182,0.247892176,1
Geophysical_model895,/home/lyara/areswave/models/Geophysical_model895.nd,nd,UNK,,,900,60,900,197.881,900,60,1104.246,17.02,1461.676,102.123,1694.206,60,0.81185011,0.616243805,0.681445907,0.18814989,0.383756195,1
Geophysical_model941,/home/lyara/areswave/models/Geophysical_model941.nd,nd,UNK,,,900,60,900,29.796,900,60,1101.736,16.811,1488.396,100.868,1686.632,60,0.696483836,0.674483569,0.681816992,0.303516164,0.325516431,1
Geophysical_model119,/home/lyara/areswave/models/Geophysical_model119.nd,nd,UNK,,,1064.102,60,900,191.786,1064.102,60,1146.153,32.82,1490.767,65.64,1672.105,60,0.675935208,0.685154763,0.682081578,0.324064792,0.314845237,1
Geophysical_model55,/home/lyara/areswave/models/Geophysical_model55.nd,nd,UNK,,,1064.102,60,900,191.786,1064.102,60,1146.153,32.82,1490.767,65.64,1672.105,60,0.675935208,0.685154763,0.682081578,0.324064792,0.314845237,1
MD_model57,/home/lyara/areswave/models/MD_model57.nd,nd,UNK,,,943.736,60,850.536,93.2,943.736,60,1285.469,62.133,1306.18,31.066,1593.857,60,0.798607751,0.623977103,0.682187319,0.201392249,0.376022897,1
CD_model16,/home/lyara/areswave/models/CD_model16.nd,nd,UNK,,,,60,,60,,60,,60,,60,,60,0.735518036,0.655618735,0.682251836,0.264481964,0.344381265,1
Geophysical_model393,/home/lyara/areswave/models/Geophysical_model393.nd,nd,UNK,,,1031.867,60,900,187.779,1031.867,60,1130.767,32.967,1476.918,82.416,1674.755,60,0.706062392,0.670482948,0.682342763,0.293937608,0.329517052,1
Geophysical_model114,/home/lyara/areswave/models/Geophysical_model114.nd,nd,UNK,,,1098.133,60,900,196.066,1098.133,60,1147.666,33.023,1494.399,66.044,1675.759,60,0.819252812,0.614361533,0.682658626,0.180747188,0.385638467,1
Geophysical_model854,/home/lyara/areswave/models/Geophysical_model854.nd,nd,UNK,,,900,60,900,184.477,900,60,1106.204,17.184,1467.062,85.919,1501.429,68.735,0.635656978,0.70764759,0.683650719,0.364343022,0.29235241,1
Geophysical_model738,/home/lyara/areswave/models/Geophysical_model738.nd,nd,UNK,,,900,60,900,184.477,900,60,1106.204,17.184,1467.062,85.919,1501.429,68.735,0.635656978,0.70764759,0.683650719,0.364343022,0.29235241,1
Geophysical_model45,/home/lyara/areswave/models/Geophysical_model45.nd,nd,UNK,,,1016.295,60,900,198.297,1016.295,60,1132.589,33.227,1481.473,99.682,1679.468,60,0.715540493,0.667788443,0.683705793,0.284459507,0.332211557,1
Geophysical_model927,/home/lyara/areswave/models/Geophysical_model927.nd,nd,UNK,,,933.844,60,879.592,183.668,933.844,60,1119.984,33.844,1492.265,84.609,1690.635,60,0.691764425,0.681025987,0.684605466,0.308235575,0.318974013,1
CD_model70,/home/lyara/areswave/models/CD_model70.nd,nd,UNK,,,,60,,60,,60,,60,,60,,60,0.52523429,0.765800492,0.685611758,0.47476571,0.234199508,1
AK_model_87,/home/lyara/areswave/models/AK_model_87.nd,nd,UNK,,,1080.176,60,842.943,26.359,1080.176,60,1291.051,26.36,1343.769,79.078,1685.704,60,0.666119927,0.695824552,0.68592301,0.333880073,0.304175448,1
Geophysical_model77,/home/lyara/areswave/models/Geophysical_model77.nd,nd,UNK,,,1049.531,60,900,181.051,1049.531,60,1132.603,33.229,1498.123,83.073,1679.504,60,0.458930718,0.800016596,0.686321304,0.541069282,0.199983404,1
MD_model93,/home/lyara/areswave/models/MD_model93.nd,nd,UNK,,,1028.365,60,811.573,195.113,1028.365,60,1288.514,75.877,1321.033,21.679,1639.515,60,0.696707838,0.681499694,0.686569076,0.303292162,0.318500306,1
MD_model64,/home/lyara/areswave/models/MD_model64.nd,nd,UNK,,,1026.644,60,732.299,185.328,1026.644,60,1299.185,10.902,1342.791,76.312,1640.914,60,0.658042471,0.700944266,0.686643668,0.341957529,0.299055734,1
Geophysical_model105,/home/lyara/areswave/models/Geophysical_model105.nd,nd,UNK,,,1001.023,60,876.565,187.477,1001.023,60,1118.883,33.675,1489.302,101.024,1687.568,60,0.701970298,0.679937833,0.687281988,0.298029702,0.320062167,1
MD_model41,/home/lyara/areswave/models/MD_model41.nd,nd,UNK,,,935.041,60,741.286,182.99,935.041,60,1268.729,64.585,1301.021,53.821,1628.814,60,0.608351297,0.726938782,0.68740962,0.391648703,0.273061218,1
MD_model2,/home/lyara/areswave/models/MD_model2.nd,nd,UNK,,,986.891,60,741.65,21.326,986.891,60,1114.842,42.65,1445.384,42.651,1631.921,60,0.875233418,0.594488421,0.688070087,0.124766582,0.405511579,1
Geophysical_model300,/home/lyara/areswave/models/Geophysical_model300.nd,nd,UNK,,,1033.261,60,900,184.612,1033.261,60,1133.207,33.315,1483.019,83.288,1681.067,60,0.790977209,0.636949546,0.6882921,0.209022791,0.363050454,1
MD_model94,/home/lyara/areswave/models/MD_model94.nd,nd,UNK,,,1025.295,60,867.383,10.528,1025.295,60,1288.482,157.913,1351.647,168.44,1600.766,60,0.714684821,0.676570544,0.689275303,0.285315179,0.323429456,1
Geophysical_model760,/home/lyara/areswave/models/Geophysical_model760.nd,nd,UNK,,,1050.167,60,900,21.376,1050.167,60,1100.223,33.371,1483.984,100.111,1682.066,60,0.811086898,0.628543091,0.689391026,0.188913102,0.371456909,1
Geophysical_model751,/home/lyara/areswave/models/Geophysical_model751.nd,nd,UNK,,,1050.167,60,900,21.376,1050.167,60,1100.223,33.371,1483.984,100.111,1682.066,60,0.811086898,0.628543091,0.689391026,0.188913102,0.371456909,1
Geophysical_model676,/home/lyara/areswave/models/Geophysical_model676.nd,nd,UNK,,,1050.167,60,900,21.376,1050.167,60,1100.223,33.371,1483.984,100.111,1682.066,60,0.811086898,0.628543091,0.689391026,0.188913102,0.371456909,1
Geophysical_model677,/home/lyara/areswave/models/Geophysical_model677.nd,nd,UNK,,,1050.167,60,900,21.376,1050.167,60,1100.223,33.371,1483.984,100.111,1682.066,60,0.811086898,0.628543091,0.689391026,0.188913102,0.371456909,1
Geophysical_model209,/home/lyara/areswave/models/Geophysical_model209.nd,nd,UNK,,,1033.403,60,900,187.4,1033.403,60,1133.456,16.675,1483.64,66.702,1681.71,60,0.745222455,0.66263484,0.690164045,0.254777545,0.33736516,1
Geophysical_model39,/home/lyara/areswave/models/Geophysical_model39.nd,nd,UNK,,,1032.972,60,877.469,180.251,1032.972,60,1132.701,33.243,1498.374,83.107,1679.757,60,0.614010146,0.72894629,0.690634242,0.385989854,0.27105371,1
CD_model76,/home/lyara/areswave/models/CD_model76.nd,nd,UNK,,,,60,,60,,60,,60,,60,,60,0.610923151,0.731031612,0.690995458,0.389076849,0.268968388,1
AK_model_84,/home/lyara/areswave/models/AK_model_84.nd,nd,UNK,,,1086.523,60,887.59,24.866,1086.523,60,1285.455,24.867,1360.055,74.6,1666.648,60,0.740047397,0.666775414,0.691199408,0.259952603,0.333224586,1
Geophysical_model295,/home/lyara/areswave/models/Geophysical_model295.nd,nd,UNK,,,1032.872,60,900,181.347,1032.872,60,1132.525,33.217,1497.923,83.045,1679.303,60,0.662015896,0.70658474,0.691728459,0.337984104,0.29341526,1
Geophysical_model262,/home/lyara/areswave/models/Geophysical_model262.nd,nd,UNK,,,1032.872,60,900,181.347,1032.872,60,1132.525,33.217,1497.923,83.045,1679.303,60,0.662015896,0.70658474,0.691728459,0.337984104,0.29341526,1
Geophysical_model937,/home/lyara/areswave/models/Geophysical_model937.nd,nd,UNK,,,916.589,60,878.454,193.918,916.589,60,1115.651,16.589,1497.188,99.531,1678.564,60,0.581148754,0.747447877,0.692014836,0.418851246,0.252552123,1
Geophysical_model321,/home/lyara/areswave/models/Geophysical_model321.nd,nd,UNK,,,1064.355,60,900,189.894,1064.355,60,1146.533,32.871,1491.679,65.742,1673.022,60,0.76317946,0.657584108,0.692782559,0.23682054,0.342415892,1
Geophysical_model686,/home/lyara/areswave/models/Geophysical_model686.nd,nd,UNK,,,900,60,900,21.478,900,60,1116.829,33.358,1483.771,100.075,1681.845,60,0.696556319,0.69110743,0.692923726,0.303443681,0.30889257,1
AK_model_52,/home/lyara/areswave/models/AK_model_52.nd,nd,UNK,,,1026.612,60,827.005,24.951,1026.612,60,1276.121,74.852,1301.072,24.951,1681.933,60,0.644136744,0.717413249,0.692987747,0.355863256,0.282586751,1
Geophysical_model466,/home/lyara/areswave/models/Geophysical_model466.nd,nd,UNK,,,1031.687,60,900,185.189,1031.687,60,1130.452,32.922,1492.591,82.304,1673.94,60,0.689374142,0.694854402,0.693027649,0.310625858,0.305145598,1
MD_model60,/home/lyara/areswave/models/MD_model60.nd,nd,UNK,,,1089.018,60,853.974,190.274,1089.018,60,1122.596,11.193,1357.641,89.541,1672.31,60,0.553264498,0.76360176,0.693489339,0.446735502,0.23639824,1
CD_model99,/home/lyara/areswave/models/CD_model99.nd,nd,UNK,,,,60,,60,,60,,60,,60,,60,0.601995192,0.740482348,0.694319963,0.398004808,0.259517652,1
MD_model97,/home/lyara/areswave/models/MD_model97.nd,nd,UNK,,,969.857,60,861.889,183.546,969.857,60,1293.761,32.391,1347.745,64.78,1633.027,60,0.78060388,0.651984989,0.694857953,0.21939612,0.348015011,1
Geophysical_model206,/home/lyara/areswave/models/Geophysical_model206.nd,nd,UNK,,,916.863,60,900,181.388,916.863,60,1102.35,16.863,1439.601,101.176,1688.486,60,0.818175538,0.633616289,0.695136038,0.181824462,0.366383711,1
MD_model6,/home/lyara/areswave/models/MD_model6.nd,nd,UNK,,,984.528,60,728.132,10.256,984.528,60,1107.599,184.605,1384.507,102.559,1507.577,60,0.62425776,0.732366701,0.696330387,0.37574224,0.267633299,1
Geophysical_model100,/home/lyara/areswave/models/Geophysical_model100.nd,nd,UNK,,,1033.219,60,877.55,179.596,1033.219,60,1133.134,33.305,1482.834,83.262,1680.877,60,0.699204707,0.694956113,0.696372311,0.300795293,0.305043887,1
Geophysical_model156,/home/lyara/areswave/models/Geophysical_model156.nd,nd,UNK,,,1033.403,60,900,187.379,1033.403,60,1133.456,16.675,1483.64,66.702,1681.71,60,0.658736942,0.71676763,0.697424067,0.341263058,0.28323237,1
Geophysical_model232,/home/lyara/areswave/models/Geophysical_model232.nd,nd,UNK,,,1033.403,60,900,187.379,1033.403,60,1133.456,16.675,1483.64,66.702,1681.71,60,0.658736942,0.71676763,0.697424067,0.341263058,0.28323237,1
Geophysical_model432,/home/lyara/areswave/models/Geophysical_model432.nd,nd,UNK,,,1031.52,60,900,186.47,1031.52,60,1130.159,32.88,1475.398,82.199,1673.183,60,0.502622028,0.795258291,0.69771287,0.497377972,0.204741709,1
Geophysical_model418,/home/lyara/areswave/models/Geophysical_model418.nd,nd,UNK,,,1031.52,60,900,186.47,1031.52,60,1130.159,32.88,1475.398,82.199,1673.183,60,0.502622028,0.795258291,0.69771287,0.497377972,0.204741709,1
Geophysical_model369,/home/lyara/areswave/models/Geophysical_model369.nd,nd,UNK,,,1031.52,60,900,186.47,1031.52,60,1130.159,32.88,1475.398,82.199,1673.183,60,0.502622028,0.795258291,0.69771287,0.497377972,0.204741709,1
Geophysical_model991,/home/lyara/areswave/models/Geophysical_model991.nd,nd,UNK,,,933.856,60,900,186.073,933.856,60,1120.061,33.856,1492.472,84.639,1690.849,60,0.846941051,0.62485529,0.698883877,0.153058949,0.37514471,1
Geophysical_model120,/home/lyara/areswave/models/Geophysical_model120.nd,nd,UNK,,,1033.184,60,900,188.139,1033.184,60,1133.072,33.295,1482.679,83.24,1680.716,60,0.665236328,0.719592555,0.701473813,0.334763672,0.280407445,1
Geophysical_model614,/home/lyara/areswave/models/Geophysical_model614.nd,nd,UNK,,,933.975,60,879.27,186.573,933.975,60,1120.837,33.975,1494.562,84.937,1693.011,60,0.844972649,0.630464934,0.701967506,0.155027351,0.369535066,1
Geophysical_model98,/home/lyara/areswave/models/Geophysical_model98.nd,nd,UNK,,,1098.133,60,900,197.5,1098.133,60,1147.666,16.511,1494.399,66.044,1675.759,60,0.778244404,0.663950948,0.702048767,0.221755596,0.336049052,1
MD_model38,/home/lyara/areswave/models/MD_model38.nd,nd,UNK,,,1054.062,60,780.894,189.116,1054.062,60,1253.684,178.61,1348.242,10.506,1597.105,60,0.698715057,0.703869349,0.702151252,0.301284943,0.296130651,1
Geophysical_model412,/home/lyara/areswave/models/Geophysical_model412.nd,nd,UNK,,,1030.985,60,900,188.822,1030.985,60,1129.223,32.746,1489.43,81.865,1670.76,60,0.734047613,0.688909889,0.703955797,0.265952387,0.311090111,1
Geophysical_model110,/home/lyara/areswave/models/Geophysical_model110.nd,nd,UNK,,,1032.978,60,900,189.199,1032.978,60,1132.711,33.244,1498.399,83.111,1679.782,60,0.631639864,0.740264772,0.704056469,0.368360136,0.259735228,1
cd_model50,/home/lyara/areswave/models/cd_model50.npz,npz,UNK,,,,60,,60,,60,,60,,60,,60,0.726935756,0.696353614,0.706547661,0.273064244,0.303646386,1
Geophysical_model82,/home/lyara/areswave/models/Geophysical_model82.nd,nd,UNK,,,1096.27,60,900,198.574,1096.27,60,1145.337,32.711,1488.81,65.423,1670.136,60,0.65873576,0.730792992,0.706773914,0.34126424,0.269207008,1
MD_model36,/home/lyara/areswave/models/MD_model36.nd,nd,UNK,,,943.636,60,709.932,180.589,943.636,60,1272.946,63.738,1304.815,10.623,1608.508,60,0.907791125,0.606365731,0.706840863,0.092208875,0.393634269,1
Geophysical_model35,/home/lyara/areswave/models/Geophysical_model35.nd,nd,UNK,,,1049.765,60,900,179.803,1049.765,60,1132.968,33.281,1499.059,83.202,1680.447,60,0.742001921,0.689732786,0.707155831,0.257998079,0.310267214,1
MD_model99,/home/lyara/areswave/models/MD_model99.nd,nd,UNK,,,994.256,60,719.122,190.477,994.256,60,1290.553,31.746,1332.882,84.657,1604.038,60,0.824249946,0.6490473,0.707448182,0.175750054,0.3509527,1
Geophysical_model244,/home/lyara/areswave/models/Geophysical_model244.nd,nd,UNK,,,1099.378,60,900,179.283,1099.378,60,1115.993,16.614,1431.674,99.689,1679.515,60,0.508053264,0.808221392,0.70816535,0.491946736,0.191778608,1
Geophysical_model462,/home/lyara/areswave/models/Geophysical_model462.nd,nd,UNK,,,1030.985,60,900,189.882,1030.985,60,1129.223,32.746,1489.43,81.865,1670.76,60,0.638824597,0.744118038,0.709020224,0.361175403,0.255881962,1
MD_model79,/home/lyara/areswave/models/MD_model79.nd,nd,UNK,,,991.345,60,742.39,10.373,991.345,60,1126.195,10.373,1354.404,93.358,1580.668,60,0.85285075,0.638055293,0.709653779,0.14714925,0.361944707,1
Geophysical_model54,/home/lyara/areswave/models/Geophysical_model54.nd,nd,UNK,,,1047.698,60,900,190.43,1047.698,60,1146.164,32.822,1490.792,65.643,1672.131,60,0.747146708,0.692365663,0.710626011,0.252853292,0.307634337,1
Geophysical_model411,/home/lyara/areswave/models/Geophysical_model411.nd,nd,UNK,,,1047.083,60,900,187.138,1047.083,60,1145.138,32.685,1488.33,65.37,1669.654,60,0.641716206,0.745188147,0.7106975,0.358283794,0.254811853,1
Geophysical_model441,/home/lyara/areswave/models/Geophysical_model441.nd,nd,UNK,,,1047.083,60,900,187.138,1047.083,60,1145.138,32.685,1488.33,65.37,1669.654,60,0.641716206,0.745188147,0.7106975,0.358283794,0.254811853,1
Geophysical_model420,/home/lyara/areswave/models/Geophysical_model420.nd,nd,UNK,,,1047.083,60,900,187.138,1047.083,60,1145.138,32.685,1488.33,65.37,1669.654,60,0.641716206,0.745188147,0.7106975,0.358283794,0.254811853,1
MD_model25,/home/lyara/areswave/models/MD_model25.nd,nd,UNK,,,906.668,60,896.424,194.633,906.668,60,1295.935,81.951,1306.179,30.732,1500.813,60.925,0.77315244,0.680051794,0.711085343,0.22684756,0.319948206,1
Geophysical_model32,/home/lyara/areswave/models/Geophysical_model32.nd,nd,UNK,,,1032.98,60,900,182.25,1032.98,60,1132.715,33.245,1498.411,83.113,1679.794,60,0.729471131,0.703025887,0.711840968,0.270528869,0.296974113,1
Geophysical_model194,/home/lyara/areswave/models/Geophysical_model194.nd,nd,UNK,,,1032.98,60,900,182.25,1032.98,60,1132.715,33.245,1498.411,83.113,1679.794,60,0.729471131,0.703025887,0.711840968,0.270528869,0.296974113,1
Geophysical_model390,/home/lyara/areswave/models/Geophysical_model390.nd,nd,UNK,,,1033.228,60,900,182.297,1033.228,60,1133.149,33.307,1499.526,83.268,1680.916,60,0.694013938,0.721696185,0.71246877,0.305986062,0.278303815,1
Geophysical_model224,/home/lyara/areswave/models/Geophysical_model224.nd,nd,UNK,,,1048.554,60,900,194.993,1048.554,60,1147.591,33.012,1494.218,49.518,1675.576,60,0.661208628,0.739942409,0.713697816,0.338791372,0.260057591,1
Geophysical_model63,/home/lyara/areswave/models/Geophysical_model63.nd,nd,UNK,,,1048.554,60,900,194.993,1048.554,60,1147.591,33.012,1494.218,49.518,1675.576,60,0.661208628,0.739942409,0.713697816,0.338791372,0.260057591,1
Geophysical_model267,/home/lyara/areswave/models/Geophysical_model267.nd,nd,UNK,,,1048.554,60,900,194.993,1048.554,60,1147.591,33.012,1494.218,49.518,1675.576,60,0.661208628,0.739942409,0.713697816,0.338791372,0.260057591,1
Geophysical_model721,/home/lyara/areswave/models/Geophysical_model721.nd,nd,UNK,,,933.939,60,879.373,185.641,933.939,60,1120.601,33.939,1476.955,84.847,1692.352,60,0.831962974,0.655624856,0.714404228,0.168037026,0.344375144,1
Geophysical_model737,/home/lyara/areswave/models/Geophysical_model737.nd,nd,UNK,,,933.939,60,879.373,185.641,933.939,60,1120.601,33.939,1476.955,84.847,1692.352,60,0.831962974,0.655624856,0.714404228,0.168037026,0.344375144,1
Geophysical_model554,/home/lyara/areswave/models/Geophysical_model554.nd,nd,UNK,,,933.939,60,879.373,185.641,933.939,60,1120.601,33.939,1476.955,84.847,1692.352,60,0.831962974,0.655624856,0.714404228,0.168037026,0.344375144,1
Geophysical_model19,/home/lyara/areswave/models/Geophysical_model19.nd,nd,UNK,,,1033.261,60,900,182.787,1033.261,60,1133.207,33.315,1499.676,83.288,1681.067,60,0.627757834,0.758615168,0.714996056,0.372242166,0.241384832,1
Geophysical_model149,/home/lyara/areswave/models/Geophysical_model149.nd,nd,UNK,,,1033.261,60,900,182.787,1033.261,60,1133.207,33.315,1499.676,83.288,1681.067,60,0.627757834,0.758615168,0.714996056,0.372242166,0.241384832,1
AK_model_57,/home/lyara/areswave/models/AK_model_57.nd,nd,UNK,,,1014.565,60,889.976,24.918,1014.565,60,1164.071,99.671,1388.331,99.671,1670.1,60,0.813567603,0.667575178,0.71623932,0.186432397,0.332424822,1
Geophysical_model103,/home/lyara/areswave/models/Geophysical_model103.nd,nd,UNK,,,1016.326,60,900,195.543,1016.326,60,1132.652,33.236,1498.248,99.708,1679.631,60,0.67865268,0.738775428,0.718734512,0.32134732,0.261224572,1
Geophysical_model530,/home/lyara/areswave/models/Geophysical_model530.nd,nd,UNK,,,1086.696,60,900,21.4,1086.696,60,1103.669,16.972,1460.089,118.807,1692.465,60,0.838093935,0.66154524,0.720394805,0.161906065,0.33845476,1
Geophysical_model454,/home/lyara/areswave/models/Geophysical_model454.nd,nd,UNK,,,1031.52,60,900,186.462,1031.52,60,1130.159,32.88,1475.398,82.199,1673.183,60,0.630000429,0.765876444,0.720584439,0.369999571,0.234123556,1
Geophysical_model865,/home/lyara/areswave/models/Geophysical_model865.nd,nd,UNK,,,933.943,60,900,185.74,933.943,60,1120.631,33.943,1494.007,84.858,1692.437,60,0.838612992,0.662178765,0.720990174,0.161387008,0.337821235,1
MD_model30,/home/lyara/areswave/models/MD_model30.nd,nd,UNK,,,1031.761,60,887.465,10.307,1031.761,60,1279.127,154.604,1330.661,61.842,1586.589,60,0.879380539,0.641924328,0.721076399,0.120619461,0.358075672,1
Geophysical_model154,/home/lyara/areswave/models/Geophysical_model154.nd,nd,UNK,,,1096.756,60,900,198.574,1096.756,60,1145.945,32.793,1490.267,65.585,1671.602,60,0.734366293,0.715709915,0.721928708,0.265633707,0.284290085,1
Geophysical_model548,/home/lyara/areswave/models/Geophysical_model548.nd,nd,UNK,,,916.902,60,879.896,180.939,916.902,60,1119.729,33.804,1474.676,84.511,1689.924,60,0.739038069,0.713719339,0.722158916,0.260961931,0.286280661,1
Geophysical_model56,/home/lyara/areswave/models/Geophysical_model56.nd,nd,UNK,,,1015.15,60,876.661,186.713,1015.15,60,1130.3,32.901,1475.751,82.25,1673.548,60,0.768454107,0.70089779,0.723416562,0.231545893,0.29910221,1
Geophysical_model21,/home/lyara/areswave/models/Geophysical_model21.nd,nd,UNK,,,1014.96,60,900,184.462,1014.96,60,1129.919,32.846,1491.22,82.113,1672.561,60,0.715277192,0.729921007,0.725039735,0.284722808,0.270078993,1
Geophysical_model304,/home/lyara/areswave/models/Geophysical_model304.nd,nd,UNK,,,1033.067,60,877.206,182.354,1033.067,60,1132.867,33.267,1498.801,83.167,1680.187,60,0.690525908,0.744601035,0.726575993,0.309474092,0.255398965,1
Geophysical_model966,/home/lyara/areswave/models/Geophysical_model966.nd,nd,UNK,,,950.781,60,900,183.639,950.781,60,1136.977,33.854,1492.442,67.707,1690.818,60,0.865158984,0.658028571,0.727072042,0.134841016,0.341971429,1
Geophysical_model407,/home/lyara/areswave/models/Geophysical_model407.nd,nd,UNK,,,1047.872,60,900,189.285,1047.872,60,1130.023,32.86,1491.488,82.151,1672.831,60,0.908102833,0.636899649,0.72730071,0.091897167,0.363100351,1
Geophysical_model222,/home/lyara/areswave/models/Geophysical_model222.nd,nd,UNK,,,1063.846,60,900,185.688,1063.846,60,1145.769,32.769,1489.845,65.539,1671.177,60,0.811829333,0.68588248,0.727864765,0.188170667,0.31411752,1
Geophysical_model881,/home/lyara/areswave/models/Geophysical_model881.nd,nd,UNK,,,950.007,60,900,179.212,950.007,60,1133.367,50.007,1483.418,66.676,1681.481,60,0.78482766,0.700298998,0.728475219,0.21517234,0.299701002,1
MD_model56,/home/lyara/areswave/models/MD_model56.nd,nd,UNK,,,903.728,60,798.823,115.396,903.728,60,1291.878,73.434,1312.859,31.471,1613.347,60,0.844937616,0.672528145,0.729997969,0.155062384,0.327471855,1
Geophysical_model475,/home/lyara/areswave/models/Geophysical_model475.nd,nd,UNK,,,1048.112,60,900,188.297,1048.112,60,1130.397,32.914,1492.449,82.285,1673.797,60,0.563264632,0.814195649,0.730551977,0.436735368,0.185804351,1
Geophysical_model323,/home/lyara/areswave/models/Geophysical_model323.nd,nd,UNK,,,1048.112,60,900,188.297,1048.112,60,1130.397,32.914,1492.449,82.285,1673.797,60,0.563264632,0.814195649,0.730551977,0.436735368,0.185804351,1
Geophysical_model472,/home/lyara/areswave/models/Geophysical_model472.nd,nd,UNK,,,1048.112,60,900,188.297,1048.112,60,1130.397,32.914,1492.449,82.285,1673.797,60,0.563264632,0.814195649,0.730551977,0.436735368,0.185804351,1
Geophysical_model394,/home/lyara/areswave/models/Geophysical_model394.nd,nd,UNK,,,1048.112,60,900,188.297,1048.112,60,1130.397,32.914,1492.449,82.285,1673.797,60,0.563264632,0.814195649,0.730551977,0.436735368,0.185804351,1
Geophysical_model221,/home/lyara/areswave/models/Geophysical_model221.nd,nd,UNK,,,1063.523,60,900,189.414,1063.523,60,1145.284,16.352,1488.683,65.409,1670.008,60,0.736202589,0.727728591,0.730553257,0.263797411,0.272271409,1
Geophysical_model513,/home/lyara/areswave/models/Geophysical_model513.nd,nd,UNK,,,916.847,60,879.78,181.977,916.847,60,1119.005,33.693,1489.628,84.233,1687.906,60,0.750318032,0.721436902,0.731063945,0.249681968,0.278563098,1
Geophysical_model913,/home/lyara/areswave/models/Geophysical_model913.nd,nd,UNK,,,916.847,60,879.78,181.977,916.847,60,1119.005,33.693,1489.628,84.233,1687.906,60,0.750318032,0.721436902,0.731063945,0.249681968,0.278563098,1
MD_model35,/home/lyara/areswave/models/MD_model35.nd,nd,UNK,,,1018.784,60,751.464,181.778,1018.784,60,1286.105,21.385,1360.954,74.85,1612.653,60,0.751262802,0.721627015,0.731505611,0.248737198,0.278372985,1
MD_model70,/home/lyara/areswave/models/MD_model70.nd,nd,UNK,,,1005.796,60,809.43,10.335,1005.796,60,1243.502,165.361,1439.868,165.361,1592.774,60,0.793156985,0.700966933,0.73169695,0.206843015,0.299033067,1
Geophysical_model901,/home/lyara/areswave/models/Geophysical_model901.nd,nd,UNK,,,966.67,60,900,192.35,966.67,60,1133.345,33.335,1483.363,66.67,1681.424,60,0.772116137,0.714582117,0.733760124,0.227883863,0.285417883,1
Geophysical_model982,/home/lyara/areswave/models/Geophysical_model982.nd,nd,UNK,,,966.67,60,900,192.35,966.67,60,1133.345,33.335,1483.363,66.67,1681.424,60,0.772116137,0.714582117,0.733760124,0.227883863,0.285417883,1
Geophysical_model306,/home/lyara/areswave/models/Geophysical_model306.nd,nd,UNK,,,1031.853,60,900,187.839,1031.853,60,1130.743,32.964,1493.339,82.408,1674.693,60,0.591752932,0.805665514,0.73436132,0.408247068,0.194334486,1
Geophysical_model461,/home/lyara/areswave/models/Geophysical_model461.nd,nd,UNK,,,1031.853,60,900,187.839,1031.853,60,1130.743,32.964,1493.339,82.408,1674.693,60,0.591752932,0.805665514,0.73436132,0.408247068,0.194334486,1
Geophysical_model347,/home/lyara/areswave/models/Geophysical_model347.nd,nd,UNK,,,1031.853,60,900,187.839,1031.853,60,1130.743,32.964,1493.339,82.408,1674.693,60,0.591752932,0.805665514,0.73436132,0.408247068,0.194334486,1
Geophysical_model452,/home/lyara/areswave/models/Geophysical_model452.nd,nd,UNK,,,1031.687,60,900,185.72,1031.687,60,1130.452,32.922,1492.591,82.304,1673.94,60,0.727369657,0.739256528,0.735294237,0.272630343,0.260743472,1
MD_model81,/home/lyara/areswave/models/MD_model81.nd,nd,UNK,,,935.619,60,731.217,182.886,935.619,60,1290.631,53.79,1301.389,60,1629.021,60,0.680215035,0.764939898,0.736698277,0.319784965,0.235060102,1
MD_model18,/home/lyara/areswave/models/MD_model18.nd,nd,UNK,,,1091.8,60,713.204,194.706,1091.8,60,1102.617,10.817,1416.311,108.17,1626.516,60,0.910941093,0.650737661,0.737472138,0.089058907,0.349262339,1
Geophysical_model130,/home/lyara/areswave/models/Geophysical_model130.nd,nd,UNK,,,1031.687,60,900,185.294,1031.687,60,1130.452,32.922,1492.591,82.304,1673.94,60,0.743338606,0.735040908,0.737806808,0.256661394,0.264959092,1
Geophysical_model7,/home/lyara/areswave/models/Geophysical_model7.nd,nd,UNK,,,1063.404,60,900,197.098,1063.404,60,1145.107,32.681,1488.256,65.362,1669.579,60,0.549421069,0.832310569,0.738014069,0.450578931,0.167689431,1
Geophysical_model75,/home/lyara/areswave/models/Geophysical_model75.nd,nd,UNK,,,1031.636,60,900,186.521,1031.636,60,1130.363,32.909,1492.363,82.273,1673.71,60,0.6576861,0.778899557,0.738495071,0.3423139,0.221100443,1
Geophysical_model391,/home/lyara/areswave/models/Geophysical_model391.nd,nd,UNK,,,1030.76,60,900,187.679,1030.76,60,1128.83,32.69,1488.42,81.725,1669.744,60,0.726041546,0.745295557,0.738877553,0.273958454,0.254704443,1
MD_model40,/home/lyara/areswave/models/MD_model40.nd,nd,UNK,,,1052.24,60,752.637,181.902,1052.24,60,1266.242,32.1,1351.843,53.501,1614.318,60,0.861745262,0.677553435,0.738950711,0.138254738,0.322446565,1
MD_model19,/home/lyara/areswave/models/MD_model19.nd,nd,UNK,,,1059.774,60,728.117,192.576,1059.774,60,1209.555,192.575,1348.637,106.987,1611.188,60,0.718386451,0.753814585,0.742005207,0.281613549,0.246185415,1
Geophysical_model344,/home/lyara/areswave/models/Geophysical_model344.nd,nd,UNK,,,1063.97,60,900,188.129,1063.97,60,1145.955,32.794,1490.293,65.588,1671.628,60,0.681395403,0.772687104,0.742256537,0.318604597,0.227312896,1
Geophysical_model332,/home/lyara/areswave/models/Geophysical_model332.nd,nd,UNK,,,1063.97,60,900,188.129,1063.97,60,1145.955,32.794,1490.293,65.588,1671.628,60,0.681395403,0.772687104,0.742256537,0.318604597,0.227312896,1
Geophysical_model14,/home/lyara/areswave/models/Geophysical_model14.nd,nd,UNK,,,1032.538,60,900,187.972,1032.538,60,1131.941,33.135,1496.421,82.836,1677.792,60,0.800770044,0.714665209,0.743366821,0.199229956,0.285334791,1
Geophysical_model161,/home/lyara/areswave/models/Geophysical_model161.nd,nd,UNK,,,1032.538,60,900,187.972,1032.538,60,1131.941,33.135,1496.421,82.836,1677.792,60,0.800770044,0.714665209,0.743366821,0.199229956,0.285334791,1
Geophysical_model99,/home/lyara/areswave/models/Geophysical_model99.nd,nd,UNK,,,1032.538,60,900,187.972,1032.538,60,1131.941,33.135,1496.421,82.836,1677.792,60,0.800770044,0.714665209,0.743366821,0.199229956,0.285334791,1
Geophysical_model123,/home/lyara/areswave/models/Geophysical_model123.nd,nd,UNK,,,1032.872,60,900,181.792,1032.872,60,1132.525,33.217,1481.314,83.045,1679.303,60,0.850273072,0.696522779,0.747772877,0.149726928,0.303477221,1
MD_model59,/home/lyara/areswave/models/MD_model59.nd,nd,UNK,,,935.775,60,826.829,79.233,935.775,60,1262.612,69.33,1302.229,39.616,1470.6,61.9,0.737612545,0.760226022,0.752688196,0.262387455,0.239773978,1
Geophysical_model177,/home/lyara/areswave/models/Geophysical_model177.nd,nd,UNK,,,1031.636,60,900,188.042,1031.636,60,1130.363,32.909,1475.909,82.273,1673.71,60,0.783864776,0.739863296,0.754530456,0.216135224,0.260136704,1
Geophysical_model580,/home/lyara/areswave/models/Geophysical_model580.nd,nd,UNK,,,900,60,900,185.402,900,60,1106.136,17.178,1466.874,85.89,1699.91,60,0.792540316,0.73844823,0.756478925,0.207459684,0.26155177,1
Geophysical_model786,/home/lyara/areswave/models/Geophysical_model786.nd,nd,UNK,,,900,60,900,185.402,900,60,1106.136,17.178,1466.874,85.89,1699.91,60,0.792540316,0.73844823,0.756478925,0.207459684,0.26155177,1
Geophysical_model497,/home/lyara/areswave/models/Geophysical_model497.nd,nd,UNK,,,1063.97,60,900,188.359,1063.97,60,1145.955,32.794,1490.293,65.588,1671.628,60,0.853039171,0.712107356,0.759084627,0.146960829,0.287892644,1
Geophysical_model392,/home/lyara/areswave/models/Geophysical_model392.nd,nd,UNK,,,1031.687,60,900,185.872,1031.687,60,1130.452,32.922,1492.591,82.304,1673.94,60,0.773572512,0.752727916,0.759676114,0.226427488,0.247272084,1
Geophysical_model139,/home/lyara/areswave/models/Geophysical_model139.nd,nd,UNK,,,1033.067,60,900,182.583,1033.067,60,1132.867,33.267,1498.801,83.167,1680.187,60,0.726909903,0.780823135,0.762852058,0.273090097,0.219176865,1
CD_model80,/home/lyara/areswave/models/CD_model80.nd,nd,UNK,,,,60,,60,,60,,60,,60,,60,0.810822809,0.73977558,0.76345799,0.189177191,0.26022442,1
Geophysical_model5,/home/lyara/areswave/models/Geophysical_model5.nd,nd,UNK,,,1015.251,60,900,187.659,1015.251,60,1130.502,32.929,1492.719,82.322,1674.068,60,0.723420393,0.794825478,0.771023783,0.276579607,0.205174522,1
MD_model29,/home/lyara/areswave/models/MD_model29.nd,nd,UNK,,,986.476,60,738.622,183.197,986.476,60,1298.987,32.329,1352.868,53.881,1637.567,60,0.886104873,0.729356657,0.781606062,0.113895127,0.270643343,1
Geophysical_model73,/home/lyara/areswave/models/Geophysical_model73.nd,nd,UNK,,,1032.872,60,900,180.681,1032.872,60,1132.525,33.217,1497.923,83.045,1679.303,60,0.729280139,0.811733624,0.784249129,0.270719861,0.188266376,1
Geophysical_model458,/home/lyara/areswave/models/Geophysical_model458.nd,nd,UNK,,,1031.442,60,900,189.443,1031.442,60,1130.023,32.86,1491.488,82.151,1672.831,60,0.684145382,0.836949385,0.786014718,0.315854618,0.163050615,1
MD_model52,/home/lyara/areswave/models/MD_model52.nd,nd,UNK,,,1047.919,60,764.485,185.323,1047.919,60,1265.946,32.704,1331.354,54.507,1640.388,60,0.820198719,0.770344007,0.786962244,0.179801281,0.229655993,1
Geophysical_model33,/home/lyara/areswave/models/Geophysical_model33.nd,nd,UNK,,,1031.756,60,900,188.228,1031.756,60,1130.574,32.939,1476.434,82.348,1674.255,60,0.797827296,0.813083094,0.807997828,0.202172704,0.186916906,1
MD_model90,/home/lyara/areswave/models/MD_model90.nd,nd,UNK,,,1068.089,60,754.092,184.067,1068.089,60,1252.156,184.067,1382.085,108.275,1624.97,60,0.941317598,0.747402492,0.812040861,0.058682402,0.252597508,1
Geophysical_model493,/home/lyara/areswave/models/Geophysical_model493.nd,nd,UNK,,,1031.687,60,900,185.83,1031.687,60,1130.452,32.922,1476.13,82.304,1673.94,60,0.822541565,0.807343674,0.812409638,0.177458435,0.192656326,1
Geophysical_model327,/home/lyara/areswave/models/Geophysical_model327.nd,nd,UNK,,,1031.687,60,900,185.683,1031.687,60,1130.452,32.922,1492.591,82.304,1673.94,60,0.873812101,0.803823705,0.827153171,0.126187899,0.196176295,1
Geophysical_model326,/home/lyara/areswave/models/Geophysical_model326.nd,nd,UNK,,,1031.555,60,900,186.065,1031.555,60,1130.221,32.889,1491.996,82.221,1673.341,60,0.763057185,0.863925534,0.830302751,0.236942815,0.136074466,1
