Restart,Mean Cost,Std Cost,Min Cost
1,0.42074821867591405,0.193773411024944,0.14691652741483013
2,0.33571213562805924,0.15611463757504654,0.14857909678888792
