Restart,Mean Cost,Std Cost,Min Cost
1,1333.665115207715,36490.47369956825,0.19304846911652243
2,0.24100346324959618,0.08684753337440272,0.18940545192992903
