Restart,Mean Cost,Std Cost,Min Cost
1,0.10559106734161684,0.068318818746179,0.05458327623731825
2,0.11568679330451337,0.05944140958733437,0.05727242693017008
