Restart,Mean Cost,Std Cost,Min Cost
1,1333.7049600940836,36490.47224376636,0.13767847075080059
2,0.3095118410366727,0.10409561673877407,0.14867655547573044
