Restart,Mean Cost,Std Cost,Min Cost
1,15333.471717150564,122874.8061176754,0.06729746291070851
2,0.14835673432240523,0.07570166587675903,0.06839504499653042
