Restart,Mean Cost,Std Cost,Min Cost
1,0.37195237844290735,0.14442867518435104,0.15606241751855757
2,0.35419642621581854,0.12075039450169132,0.15778592190565535
