Restart,Mean Cost,Std Cost,Min Cost
1,0.09606563184060841,0.05573690661199635,0.04073018012546381
2,0.0835380430986602,0.04121725188068085,0.04075293972638998
