Restart,Mean Cost,Std Cost,Min Cost
1,0.24670753279840854,0.08508410297333807,0.18652520191106245
2,0.2237650824449036,0.05404666567755058,0.18688262641314526
