Restart,Mean Cost,Std Cost,Min Cost
1,666.8469890376125,25811.2762527729,0.06501623334100651
2,0.1689703655760164,0.06913178484604582,0.06684807962833102
