Restart,Mean Cost,Std Cost,Min Cost
1,0.19777330822178998,0.10836423485150674,0.04833638233442056
2,0.20416629437614667,0.12246828571764685,0.05977554843781326
