Restart,Mean Cost,Std Cost,Min Cost
1,666.7761080046088,25811.27808359116,0.026866973957883202
2,0.08138914790179115,0.06383856623151175,0.026472468690851063
