Restart,Mean Cost,Std Cost,Min Cost
1,0.13696123374577773,0.09629429767903919,0.043445923874340264
2,0.15546823533259851,0.08462484607566126,0.04380560807628085
