Restart,Mean Cost,Std Cost,Min Cost
1,0.17581155402543955,0.08159164637366559,0.060190965368025325
2,0.1974465599409119,0.0855923051254789,0.06046005826541132
