Restart,Mean Cost,Std Cost,Min Cost
1,0.2849993165763066,0.09859160587511245,0.15143936005308875
2,0.2631600938423621,0.059447885614968124,0.15371894066913483
