Restart,Mean Cost,Std Cost,Min Cost
1,666.927128364229,25811.274182941022,0.08246261307463038
2,0.21265193334050714,0.06595623922031454,0.08626797493461653
