Restart,Mean Cost,Std Cost,Min Cost
1,666.7976528427749,25811.27752704177,0.06289612960728704
2,0.09009958064936757,0.03856871469959983,0.062334103026306376
