Restart,Mean Cost,Std Cost,Min Cost
1,0.21000798599040613,0.12591986072364814,0.050611224058085116
2,0.06692698358699607,0.013525960804374737,0.05081586925483666
