Restart,Mean Cost,Std Cost,Min Cost
1,0.234984025088323,0.030380519449619614,0.2046035056387034
2,0.24063064345207807,0.022985298111169214,0.21764534534090887
