Restart,Mean Cost,Std Cost,Min Cost
1,0.0961272435430912,0.08494102932627377,0.026378802188692093
2,0.05675090299218382,0.027694558108618036,0.027028618186730812
