Restart,Mean Cost,Std Cost,Min Cost
1,0.1899566383641314,0.118737262132569,0.05375110123710739
2,0.10586067798202423,0.04962029474955114,0.05524547428244771
