event_id,model_key,stage,panel,mean_cc,median_cc,mean_abs_shift_s,n_panels
S0133a,Best17,bp_01_05,PR,0.2756912832481302,0.2756912832481302,4.65,1
S0133a,Best17,bp_01_05,PZ,0.6648105823724807,0.6648105823724807,3.2,1
S0133a,Best17,bp_01_05,ST,0.17790871242829592,0.17790871242829592,1.9500000000000002,1
S0133a,Best17,bp_01_05,SZ,0.19137425070631173,0.19137425070631173,4.3500000000000005,1
S0133a,Best17,bp_01_08,PR,0.208509284402878,0.208509284402878,5.0,1
S0133a,Best17,bp_01_08,PZ,0.8200396864400508,0.8200396864400508,3.6500000000000004,1
S0133a,Best17,bp_01_08,ST,0.28383913065368227,0.28383913065368227,0.25,1
S0133a,Best17,bp_01_08,SZ,0.558772465765377,0.558772465765377,4.8500000000000005,1
S0133a,Best17,bp_03_09,PR,0.7651780733531014,0.7651780733531014,0.25,1
S0133a,Best17,bp_03_09,PZ,0.710284985905857,0.710284985905857,2.85,1
S0133a,Best17,bp_03_09,ST,0.4368380115397493,0.4368380115397493,1.05,1
S0133a,Best17,bp_03_09,SZ,0.601645743191131,0.601645743191131,4.1000000000000005,1
S0133a,Best17,bp_03_09_pol,PR,0.4950096176197717,0.4950096176197717,0.15000000000000002,1
S0133a,Best17,bp_03_09_pol,PZ,0.5462849425905806,0.5462849425905806,2.85,1
S0133a,Best17,bp_03_09_pol,ST,0.046674739397446985,0.046674739397446985,4.95,1
S0133a,Best17,bp_03_09_pol,SZ,0.38987360091187045,0.38987360091187045,4.800000000000001,1
S0133a,Best17,raw,PR,0.20408136583150924,0.20408136583150924,5.0,1
S0133a,Best17,raw,PZ,0.5960530818084107,0.5960530818084107,2.0500000000000003,1
S0133a,Best17,raw,ST,0.27455651460699093,0.27455651460699093,0.30000000000000004,1
S0133a,Best17,raw,SZ,0.5717034613087135,0.5717034613087135,4.1000000000000005,1
S0133a,EventBest,bp_01_05,PR,0.29779001647964226,0.29779001647964226,4.55,1
S0133a,EventBest,bp_01_05,PZ,0.7820391471576608,0.7820391471576608,4.55,1
S0133a,EventBest,bp_01_05,ST,0.15532181313939142,0.15532181313939142,0.25,1
S0133a,EventBest,bp_01_05,SZ,0.1682634788751292,0.1682634788751292,4.8500000000000005,1
S0133a,EventBest,bp_01_08,PR,0.2659860891445124,0.2659860891445124,4.2,1
S0133a,EventBest,bp_01_08,PZ,0.7748509438986901,0.7748509438986901,4.75,1
S0133a,EventBest,bp_01_08,ST,0.23484347274246295,0.23484347274246295,0.15000000000000002,1
S0133a,EventBest,bp_01_08,SZ,0.4532585358826826,0.4532585358826826,1.5,1
S0133a,EventBest,bp_03_09,PR,0.41966962638390565,0.41966962638390565,4.8500000000000005,1
S0133a,EventBest,bp_03_09,PZ,0.7431546361669686,0.7431546361669686,4.800000000000001,1
S0133a,EventBest,bp_03_09,ST,0.7044546147663598,0.7044546147663598,0.2,1
S0133a,EventBest,bp_03_09,SZ,0.6679594238976675,0.6679594238976675,2.15,1
S0133a,EventBest,bp_03_09_pol,PR,0.5203573091966013,0.5203573091966013,1.0,1
S0133a,EventBest,bp_03_09_pol,PZ,0.5561397719212614,0.5561397719212614,4.0,1
S0133a,EventBest,bp_03_09_pol,ST,0.7752388730077885,0.7752388730077885,5.0,1
S0133a,EventBest,bp_03_09_pol,SZ,0.5644810800558303,0.5644810800558303,1.5,1
S0133a,EventBest,raw,PR,0.21454230369180954,0.21454230369180954,4.3,1
S0133a,EventBest,raw,PZ,0.6338649764025864,0.6338649764025864,4.7,1
S0133a,EventBest,raw,ST,0.2347650501122787,0.2347650501122787,0.15000000000000002,1
S0133a,EventBest,raw,SZ,0.5517125011642025,0.5517125011642025,1.5,1
S0133a,TAYAK,bp_01_05,PR,0.4007931633097499,0.4007931633097499,0.4,1
S0133a,TAYAK,bp_01_05,PZ,0.41324999126690876,0.41324999126690876,2.9000000000000004,1
S0133a,TAYAK,bp_01_05,ST,0.18254816137484717,0.18254816137484717,0.2,1
S0133a,TAYAK,bp_01_05,SZ,0.34236205286028565,0.34236205286028565,0.1,1
S0133a,TAYAK,bp_01_08,PR,0.27795674877310567,0.27795674877310567,0.45,1
S0133a,TAYAK,bp_01_08,PZ,0.7199040481391609,0.7199040481391609,4.5,1
S0133a,TAYAK,bp_01_08,ST,0.23685045963691032,0.23685045963691032,3.75,1
S0133a,TAYAK,bp_01_08,SZ,0.49118489252322295,0.49118489252322295,4.7,1
S0133a,TAYAK,bp_03_09,PR,0.7259103066863858,0.7259103066863858,0.4,1
S0133a,TAYAK,bp_03_09,PZ,0.6439057499079334,0.6439057499079334,4.6000000000000005,1
S0133a,TAYAK,bp_03_09,ST,0.5550531170582841,0.5550531170582841,0.0,1
S0133a,TAYAK,bp_03_09,SZ,0.5561115034846835,0.5561115034846835,4.65,1
S0133a,TAYAK,bp_03_09_pol,PR,0.5872294374536798,0.5872294374536798,0.4,1
S0133a,TAYAK,bp_03_09_pol,PZ,0.4934120761830189,0.4934120761830189,4.6000000000000005,1
S0133a,TAYAK,bp_03_09_pol,ST,0.7472117666123056,0.7472117666123056,2.75,1
S0133a,TAYAK,bp_03_09_pol,SZ,0.4519321306575383,0.4519321306575383,2.15,1
S0133a,TAYAK,raw,PR,0.29375785836208174,0.29375785836208174,4.45,1
S0133a,TAYAK,raw,PZ,0.4801446251659461,0.4801446251659461,4.6000000000000005,1
S0133a,TAYAK,raw,ST,0.2313713489801682,0.2313713489801682,3.95,1
S0133a,TAYAK,raw,SZ,0.48920940663647855,0.48920940663647855,4.65,1
S0133a,X,bp_01_05,PR,0.277000880871478,0.277000880871478,3.45,1
S0133a,X,bp_01_05,PZ,0.314768614733023,0.314768614733023,2.75,1
S0133a,X,bp_01_05,ST,0.10914711781282067,0.10914711781282067,0.55,1
S0133a,X,bp_01_05,SZ,0.5037112578920251,0.5037112578920251,2.4000000000000004,1
S0133a,X,bp_01_08,PR,0.39618918343406234,0.39618918343406234,4.4,1
S0133a,X,bp_01_08,PZ,0.2403815300788646,0.2403815300788646,2.0,1
S0133a,X,bp_01_08,ST,0.11167029092175877,0.11167029092175877,5.0,1
S0133a,X,bp_01_08,SZ,0.5432868413681619,0.5432868413681619,2.6500000000000004,1
S0133a,X,bp_03_09,PR,0.43124777386287566,0.43124777386287566,4.45,1
S0133a,X,bp_03_09,PZ,0.3875369770809779,0.3875369770809779,2.2,1
S0133a,X,bp_03_09,ST,0.4520096978634794,0.4520096978634794,4.05,1
S0133a,X,bp_03_09,SZ,0.5836902008096403,0.5836902008096403,0.7000000000000001,1
S0133a,X,bp_03_09_pol,PR,0.5901924033886667,0.5901924033886667,0.05,1
S0133a,X,bp_03_09_pol,PZ,0.42079213469148563,0.42079213469148563,0.45,1
S0133a,X,bp_03_09_pol,ST,0.6947481399391947,0.6947481399391947,3.95,1
S0133a,X,bp_03_09_pol,SZ,0.6185806002401658,0.6185806002401658,1.3,1
S0133a,X,raw,PR,0.431555003353918,0.431555003353918,4.5,1
S0133a,X,raw,PZ,0.33895124930023157,0.33895124930023157,5.0,1
S0133a,X,raw,ST,0.14819448855949705,0.14819448855949705,4.75,1
S0133a,X,raw,SZ,0.5730206108387788,0.5730206108387788,0.7000000000000001,1
S0152a,Best17,bp_01_05,PR,0.21903961351777418,0.21903961351777418,4.75,1
S0152a,Best17,bp_01_05,PZ,0.6263936314311044,0.6263936314311044,2.0500000000000003,1
S0152a,Best17,bp_01_05,ST,0.17358327280186414,0.17358327280186414,5.0,1
S0152a,Best17,bp_01_05,SZ,0.1713340305615696,0.1713340305615696,1.0,1
S0152a,Best17,bp_01_08,PR,0.5633736495712345,0.5633736495712345,4.95,1
S0152a,Best17,bp_01_08,PZ,0.8704883489348582,0.8704883489348582,1.1,1
S0152a,Best17,bp_01_08,ST,0.6528442359977176,0.6528442359977176,4.5,1
S0152a,Best17,bp_01_08,SZ,0.6399168021392851,0.6399168021392851,2.85,1
S0152a,Best17,bp_03_09,PR,0.6140690325679782,0.6140690325679782,3.1,1
S0152a,Best17,bp_03_09,PZ,0.9159886383761139,0.9159886383761139,1.05,1
S0152a,Best17,bp_03_09,ST,0.9251725568809859,0.9251725568809859,4.55,1
S0152a,Best17,bp_03_09,SZ,0.725997428708663,0.725997428708663,2.85,1
S0152a,Best17,bp_03_09_pol,PR,0.9058990853842299,0.9058990853842299,2.25,1
S0152a,Best17,bp_03_09_pol,PZ,0.8981161008902923,0.8981161008902923,0.25,1
S0152a,Best17,bp_03_09_pol,ST,0.9463360071601273,0.9463360071601273,4.55,1
S0152a,Best17,bp_03_09_pol,SZ,0.7129244063383927,0.7129244063383927,2.85,1
S0152a,Best17,raw,PR,0.4778583095873173,0.4778583095873173,5.0,1
S0152a,Best17,raw,PZ,0.8382691443535899,0.8382691443535899,1.05,1
S0152a,Best17,raw,ST,0.6563174544393393,0.6563174544393393,4.55,1
S0152a,Best17,raw,SZ,0.5949193875652867,0.5949193875652867,2.85,1
S0152a,EventBest,bp_01_05,PR,0.12057515688913865,0.12057515688913865,2.1,1
S0152a,EventBest,bp_01_05,PZ,0.30426646336151514,0.30426646336151514,3.7,1
S0152a,EventBest,bp_01_05,ST,0.3102411910870427,0.3102411910870427,1.35,1
S0152a,EventBest,bp_01_05,SZ,0.050704140957887715,0.050704140957887715,4.45,1
S0152a,EventBest,bp_01_08,PR,0.2732597768430483,0.2732597768430483,4.05,1
S0152a,EventBest,bp_01_08,PZ,0.7844775602945461,0.7844775602945461,2.75,1
S0152a,EventBest,bp_01_08,ST,0.8356581755403916,0.8356581755403916,1.3,1
S0152a,EventBest,bp_01_08,SZ,0.18398455855425289,0.18398455855425289,3.1,1
S0152a,EventBest,bp_03_09,PR,0.7083699469428558,0.7083699469428558,4.1000000000000005,1
S0152a,EventBest,bp_03_09,PZ,0.806400005868164,0.806400005868164,2.75,1
S0152a,EventBest,bp_03_09,ST,0.9538638137229831,0.9538638137229831,1.3,1
S0152a,EventBest,bp_03_09,SZ,0.75467887862537,0.75467887862537,3.1,1
S0152a,EventBest,bp_03_09_pol,PR,0.5531485064563212,0.5531485064563212,4.800000000000001,1
S0152a,EventBest,bp_03_09_pol,PZ,0.6911918974357947,0.6911918974357947,3.5500000000000003,1
S0152a,EventBest,bp_03_09_pol,ST,0.9413464030712073,0.9413464030712073,1.3,1
S0152a,EventBest,bp_03_09_pol,SZ,0.8102474109211715,0.8102474109211715,3.1,1
S0152a,EventBest,raw,PR,0.2592157681488763,0.2592157681488763,4.1000000000000005,1
S0152a,EventBest,raw,PZ,0.7627253269022831,0.7627253269022831,2.75,1
S0152a,EventBest,raw,ST,0.8151980265846057,0.8151980265846057,1.3,1
S0152a,EventBest,raw,SZ,0.1823890186011429,0.1823890186011429,3.0500000000000003,1
S0152a,TAYAK,bp_01_05,PR,0.19238294095416122,0.19238294095416122,5.0,1
S0152a,TAYAK,bp_01_05,PZ,0.10322551255602422,0.10322551255602422,5.0,1
S0152a,TAYAK,bp_01_05,ST,0.30393343970544123,0.30393343970544123,4.2,1
S0152a,TAYAK,bp_01_05,SZ,0.24721890446998177,0.24721890446998177,0.65,1
S0152a,TAYAK,bp_01_08,PR,0.474015427594215,0.474015427594215,5.0,1
S0152a,TAYAK,bp_01_08,PZ,0.1948531763871471,0.1948531763871471,1.3,1
S0152a,TAYAK,bp_01_08,ST,0.10475585283907346,0.10475585283907346,4.75,1
S0152a,TAYAK,bp_01_08,SZ,0.647224904419119,0.647224904419119,0.8500000000000001,1
S0152a,TAYAK,bp_03_09,PR,0.5831010685860496,0.5831010685860496,0.05,1
S0152a,TAYAK,bp_03_09,PZ,0.6928523184472226,0.6928523184472226,1.3,1
S0152a,TAYAK,bp_03_09,ST,0.34832658110331155,0.34832658110331155,5.0,1
S0152a,TAYAK,bp_03_09,SZ,0.685470733248183,0.685470733248183,2.2,1
S0152a,TAYAK,bp_03_09_pol,PR,0.7359551110580089,0.7359551110580089,0.05,1
S0152a,TAYAK,bp_03_09_pol,PZ,0.5759541256127485,0.5759541256127485,0.45,1
S0152a,TAYAK,bp_03_09_pol,ST,0.01488495593009676,0.01488495593009676,4.800000000000001,1
S0152a,TAYAK,bp_03_09_pol,SZ,0.6695625591691791,0.6695625591691791,2.2,1
S0152a,TAYAK,raw,PR,0.4136038661808262,0.4136038661808262,5.0,1
S0152a,TAYAK,raw,PZ,0.19748019233475725,0.19748019233475725,1.3,1
S0152a,TAYAK,raw,ST,0.100255163780119,0.100255163780119,5.0,1
S0152a,TAYAK,raw,SZ,0.5689963045564146,0.5689963045564146,2.9000000000000004,1
S0152a,X,bp_01_05,PR,0.6780660345815638,0.6780660345815638,0.65,1
S0152a,X,bp_01_05,PZ,0.5167224253609898,0.5167224253609898,0.5,1
S0152a,X,bp_01_05,ST,0.10196213574831865,0.10196213574831865,5.0,1
S0152a,X,bp_01_05,SZ,0.6936044616593646,0.6936044616593646,4.2,1
S0152a,X,bp_01_08,PR,0.9595040593033499,0.9595040593033499,1.4000000000000001,1
S0152a,X,bp_01_08,PZ,0.658684388821627,0.658684388821627,2.7,1
S0152a,X,bp_01_08,ST,0.15517939373022055,0.15517939373022055,4.1000000000000005,1
S0152a,X,bp_01_08,SZ,0.7841922420629428,0.7841922420629428,4.5,1
S0152a,X,bp_03_09,PR,0.9538812225621619,0.9538812225621619,0.6000000000000001,1
S0152a,X,bp_03_09,PZ,0.7018462906189381,0.7018462906189381,2.7,1
S0152a,X,bp_03_09,ST,0.7365647906345602,0.7365647906345602,4.75,1
S0152a,X,bp_03_09,SZ,0.7830974534957825,0.7830974534957825,4.5,1
S0152a,X,bp_03_09_pol,PR,0.9611764757457805,0.9611764757457805,0.6000000000000001,1
S0152a,X,bp_03_09_pol,PZ,0.5885562740589914,0.5885562740589914,2.6500000000000004,1
S0152a,X,bp_03_09_pol,ST,0.752715802341493,0.752715802341493,4.75,1
S0152a,X,bp_03_09_pol,SZ,0.752123223344365,0.752123223344365,4.55,1
S0152a,X,raw,PR,0.898247450526888,0.898247450526888,0.6000000000000001,1
S0152a,X,raw,PZ,0.6792356690313663,0.6792356690313663,2.7,1
S0152a,X,raw,ST,0.6178985651946155,0.6178985651946155,4.800000000000001,1
S0152a,X,raw,SZ,0.7582632404839184,0.7582632404839184,4.55,1
S0167a,Best17,bp_01_05,PR,0.368850620345533,0.368850620345533,2.85,1
S0167a,Best17,bp_01_05,PZ,0.472494855820318,0.472494855820318,2.95,1
S0167a,Best17,bp_01_05,ST,0.05082456762482239,0.05082456762482239,4.05,1
S0167a,Best17,bp_01_05,SZ,0.13873775507326586,0.13873775507326586,1.75,1
S0167a,Best17,bp_01_08,PR,0.2500063406604346,0.2500063406604346,0.35000000000000003,1
S0167a,Best17,bp_01_08,PZ,0.5602643066866404,0.5602643066866404,3.4000000000000004,1
S0167a,Best17,bp_01_08,ST,0.1072965207329932,0.1072965207329932,4.45,1
S0167a,Best17,bp_01_08,SZ,0.26415350931334813,0.26415350931334813,1.75,1
S0167a,Best17,bp_03_09,PR,0.5694978118587124,0.5694978118587124,1.55,1
S0167a,Best17,bp_03_09,PZ,0.45761699663164895,0.45761699663164895,2.5,1
S0167a,Best17,bp_03_09,ST,0.21448113437001115,0.21448113437001115,4.55,1
S0167a,Best17,bp_03_09,SZ,0.6215021291771201,0.6215021291771201,2.5,1
S0167a,Best17,bp_03_09_pol,PR,0.4751950256750016,0.4751950256750016,0.2,1
S0167a,Best17,bp_03_09_pol,PZ,0.36737502232164737,0.36737502232164737,3.35,1
S0167a,Best17,bp_03_09_pol,ST,0.27181047905245387,0.27181047905245387,4.5,1
S0167a,Best17,bp_03_09_pol,SZ,0.5421880023895084,0.5421880023895084,1.8,1
S0167a,Best17,raw,PR,0.4991686635355946,0.4991686635355946,4.25,1
S0167a,Best17,raw,PZ,0.46263137730408044,0.46263137730408044,3.3000000000000003,1
S0167a,Best17,raw,ST,0.12088578600546206,0.12088578600546206,4.55,1
S0167a,Best17,raw,SZ,0.2952470039593947,0.2952470039593947,2.45,1
S0167a,EventBest,bp_01_05,PR,0.5268611429590496,0.5268611429590496,3.6,1
S0167a,EventBest,bp_01_05,PZ,0.5640514754619591,0.5640514754619591,3.75,1
S0167a,EventBest,bp_01_05,ST,0.043554880635369206,0.043554880635369206,0.7000000000000001,1
S0167a,EventBest,bp_01_05,SZ,0.10324953938041757,0.10324953938041757,1.75,1
S0167a,EventBest,bp_01_08,PR,0.35161233219001875,0.35161233219001875,4.1000000000000005,1
S0167a,EventBest,bp_01_08,PZ,0.7971899016983374,0.7971899016983374,4.1000000000000005,1
S0167a,EventBest,bp_01_08,ST,0.09511716606259762,0.09511716606259762,5.0,1
S0167a,EventBest,bp_01_08,SZ,0.26746584978774257,0.26746584978774257,1.5,1
S0167a,EventBest,bp_03_09,PR,0.5992262604530557,0.5992262604530557,4.1000000000000005,1
S0167a,EventBest,bp_03_09,PZ,0.8856953274434858,0.8856953274434858,4.9,1
S0167a,EventBest,bp_03_09,ST,0.33747762710077095,0.33747762710077095,5.0,1
S0167a,EventBest,bp_03_09,SZ,0.6651608561729997,0.6651608561729997,1.4500000000000002,1
S0167a,EventBest,bp_03_09_pol,PR,0.7297917417642685,0.7297917417642685,4.1000000000000005,1
S0167a,EventBest,bp_03_09_pol,PZ,0.7798195775581205,0.7798195775581205,4.95,1
S0167a,EventBest,bp_03_09_pol,ST,0.0382143423538243,0.0382143423538243,5.0,1
S0167a,EventBest,bp_03_09_pol,SZ,0.6571923646163477,0.6571923646163477,0.75,1
S0167a,EventBest,raw,PR,0.5074497237057046,0.5074497237057046,4.2,1
S0167a,EventBest,raw,PZ,0.701253996135916,0.701253996135916,4.2,1
S0167a,EventBest,raw,ST,0.19212073710230193,0.19212073710230193,5.0,1
S0167a,EventBest,raw,SZ,0.28108903226125814,0.28108903226125814,2.15,1
S0167a,TAYAK,bp_01_05,PR,0.3791156035427813,0.3791156035427813,2.9000000000000004,1
S0167a,TAYAK,bp_01_05,PZ,0.23310286782860448,0.23310286782860448,2.1,1
S0167a,TAYAK,bp_01_05,ST,0.14769854589552386,0.14769854589552386,4.25,1
S0167a,TAYAK,bp_01_05,SZ,0.17192721742112405,0.17192721742112405,1.75,1
S0167a,TAYAK,bp_01_08,PR,0.2357185182939194,0.2357185182939194,2.75,1
S0167a,TAYAK,bp_01_08,PZ,0.20225799614975148,0.20225799614975148,2.25,1
S0167a,TAYAK,bp_01_08,ST,0.15147728585665463,0.15147728585665463,4.55,1
S0167a,TAYAK,bp_01_08,SZ,0.38422595066468174,0.38422595066468174,4.8500000000000005,1
S0167a,TAYAK,bp_03_09,PR,0.5219818252959658,0.5219818252959658,0.1,1
S0167a,TAYAK,bp_03_09,PZ,0.4474710896913649,0.4474710896913649,4.95,1
S0167a,TAYAK,bp_03_09,ST,0.7081640980142951,0.7081640980142951,4.55,1
S0167a,TAYAK,bp_03_09,SZ,0.5360243861787091,0.5360243861787091,1.6500000000000001,1
S0167a,TAYAK,bp_03_09_pol,PR,0.21819469513687698,0.21819469513687698,1.75,1
S0167a,TAYAK,bp_03_09_pol,PZ,0.33802879831266136,0.33802879831266136,5.0,1
S0167a,TAYAK,bp_03_09_pol,ST,0.13980269600225875,0.13980269600225875,3.1500000000000004,1
S0167a,TAYAK,bp_03_09_pol,SZ,0.5365009967504074,0.5365009967504074,2.4000000000000004,1
S0167a,TAYAK,raw,PR,0.41755992080686694,0.41755992080686694,0.05,1
S0167a,TAYAK,raw,PZ,0.215474491121639,0.215474491121639,2.5500000000000003,1
S0167a,TAYAK,raw,ST,0.1565540870192143,0.1565540870192143,4.55,1
S0167a,TAYAK,raw,SZ,0.3248635634821344,0.3248635634821344,2.35,1
S0167a,X,bp_01_05,PR,0.5145365132813203,0.5145365132813203,0.9500000000000001,1
S0167a,X,bp_01_05,PZ,0.3766626194668142,0.3766626194668142,2.95,1
S0167a,X,bp_01_05,ST,0.13439479198742535,0.13439479198742535,4.75,1
S0167a,X,bp_01_05,SZ,0.12107064364953332,0.12107064364953332,1.7000000000000002,1
S0167a,X,bp_01_08,PR,0.6482452128188873,0.6482452128188873,1.05,1
S0167a,X,bp_01_08,PZ,0.4231667450553417,0.4231667450553417,3.35,1
S0167a,X,bp_01_08,ST,0.17798578162561854,0.17798578162561854,5.0,1
S0167a,X,bp_01_08,SZ,0.15983753817040622,0.15983753817040622,4.1000000000000005,1
S0167a,X,bp_03_09,PR,0.6809363398012563,0.6809363398012563,1.9000000000000001,1
S0167a,X,bp_03_09,PZ,0.7562397019327859,0.7562397019327859,3.4000000000000004,1
S0167a,X,bp_03_09,ST,0.28763735723548517,0.28763735723548517,5.0,1
S0167a,X,bp_03_09,SZ,0.6530468068434137,0.6530468068434137,3.35,1
S0167a,X,bp_03_09_pol,PR,0.7922006356304316,0.7922006356304316,1.9000000000000001,1
S0167a,X,bp_03_09_pol,PZ,0.8289037234540547,0.8289037234540547,0.0,1
S0167a,X,bp_03_09_pol,ST,0.6048114858285911,0.6048114858285911,5.0,1
S0167a,X,bp_03_09_pol,SZ,0.6139590068056482,0.6139590068056482,2.0,1
S0167a,X,raw,PR,0.5794847223979337,0.5794847223979337,1.1,1
S0167a,X,raw,PZ,0.6070089414361505,0.6070089414361505,4.7,1
S0167a,X,raw,ST,0.13743627104401918,0.13743627104401918,5.0,1
S0167a,X,raw,SZ,0.16387273615540934,0.16387273615540934,3.35,1
S0167b,Best17,bp_01_05,PR,0.1714292824751466,0.1714292824751466,5.0,1
S0167b,Best17,bp_01_05,PZ,0.2601902208582957,0.2601902208582957,3.4000000000000004,1
S0167b,Best17,bp_01_05,ST,0.2903262378986153,0.2903262378986153,2.25,1
S0167b,Best17,bp_01_05,SZ,0.4092698036676624,0.4092698036676624,4.7,1
S0167b,Best17,bp_01_08,PR,0.6189950070992479,0.6189950070992479,2.9000000000000004,1
S0167b,Best17,bp_01_08,PZ,0.3323899311859916,0.3323899311859916,0.7000000000000001,1
S0167b,Best17,bp_01_08,ST,0.35474010303736725,0.35474010303736725,0.55,1
S0167b,Best17,bp_01_08,SZ,0.3336564276897013,0.3336564276897013,4.95,1
S0167b,Best17,bp_03_09,PR,0.815706261705483,0.815706261705483,2.15,1
S0167b,Best17,bp_03_09,PZ,0.7636730502871796,0.7636730502871796,0.75,1
S0167b,Best17,bp_03_09,ST,0.5026960854739808,0.5026960854739808,0.55,1
S0167b,Best17,bp_03_09,SZ,0.3533502190739698,0.3533502190739698,5.0,1
S0167b,Best17,bp_03_09_pol,PR,0.787287267653831,0.787287267653831,2.15,1
S0167b,Best17,bp_03_09_pol,PZ,0.7233279167203057,0.7233279167203057,0.7000000000000001,1
S0167b,Best17,bp_03_09_pol,ST,0.6991196582281415,0.6991196582281415,0.2,1
S0167b,Best17,bp_03_09_pol,SZ,0.31241132659606,0.31241132659606,5.0,1
S0167b,Best17,raw,PR,0.6119821260386998,0.6119821260386998,2.15,1
S0167b,Best17,raw,PZ,0.35014814599936295,0.35014814599936295,0.7000000000000001,1
S0167b,Best17,raw,ST,0.37586722932807165,0.37586722932807165,4.95,1
S0167b,Best17,raw,SZ,0.3192175663232467,0.3192175663232467,5.0,1
S0167b,EventBest,bp_01_05,PR,0.14606337050272283,0.14606337050272283,4.9,1
S0167b,EventBest,bp_01_05,PZ,0.36262583421730993,0.36262583421730993,0.45,1
S0167b,EventBest,bp_01_05,ST,0.21469998891549213,0.21469998891549213,3.9000000000000004,1
S0167b,EventBest,bp_01_05,SZ,0.4015376194080759,0.4015376194080759,0.2,1
S0167b,EventBest,bp_01_08,PR,0.6169177430093067,0.6169177430093067,0.6000000000000001,1
S0167b,EventBest,bp_01_08,PZ,0.27303013030417994,0.27303013030417994,4.3500000000000005,1
S0167b,EventBest,bp_01_08,ST,0.6372545686771309,0.6372545686771309,1.75,1
S0167b,EventBest,bp_01_08,SZ,0.5541759895349825,0.5541759895349825,4.7,1
S0167b,EventBest,bp_03_09,PR,0.7147984081163798,0.7147984081163798,0.6000000000000001,1
S0167b,EventBest,bp_03_09,PZ,0.41250157112385427,0.41250157112385427,4.05,1
S0167b,EventBest,bp_03_09,ST,0.7311378666377446,0.7311378666377446,1.75,1
S0167b,EventBest,bp_03_09,SZ,0.5646925280909619,0.5646925280909619,4.8500000000000005,1
S0167b,EventBest,bp_03_09_pol,PR,0.7342653488270557,0.7342653488270557,0.55,1
S0167b,EventBest,bp_03_09_pol,PZ,0.45540437413071266,0.45540437413071266,4.800000000000001,1
S0167b,EventBest,bp_03_09_pol,ST,0.6549240401043476,0.6549240401043476,4.3500000000000005,1
S0167b,EventBest,bp_03_09_pol,SZ,0.6704849424317724,0.6704849424317724,4.8500000000000005,1
S0167b,EventBest,raw,PR,0.6319786329073799,0.6319786329073799,0.1,1
S0167b,EventBest,raw,PZ,0.6330746644078481,0.6330746644078481,3.85,1
S0167b,EventBest,raw,ST,0.5896749795133065,0.5896749795133065,1.7000000000000002,1
S0167b,EventBest,raw,SZ,0.526607417895144,0.526607417895144,4.8500000000000005,1
S0167b,TAYAK,bp_01_05,PR,0.27379919207174785,0.27379919207174785,4.45,1
S0167b,TAYAK,bp_01_05,PZ,0.30385740705457864,0.30385740705457864,2.2,1
S0167b,TAYAK,bp_01_05,ST,0.09311441800711484,0.09311441800711484,1.8,1
S0167b,TAYAK,bp_01_05,SZ,0.39516616230646623,0.39516616230646623,4.9,1
S0167b,TAYAK,bp_01_08,PR,0.7217871370834547,0.7217871370834547,4.25,1
S0167b,TAYAK,bp_01_08,PZ,0.2531308190556505,0.2531308190556505,4.8500000000000005,1
S0167b,TAYAK,bp_01_08,ST,0.0603155489800736,0.0603155489800736,2.0,1
S0167b,TAYAK,bp_01_08,SZ,0.28198366365889915,0.28198366365889915,0.35000000000000003,1
S0167b,TAYAK,bp_03_09,PR,0.7776107572546832,0.7776107572546832,4.3,1
S0167b,TAYAK,bp_03_09,PZ,0.6562085584554375,0.6562085584554375,4.95,1
S0167b,TAYAK,bp_03_09,ST,0.1610730327683723,0.1610730327683723,3.75,1
S0167b,TAYAK,bp_03_09,SZ,0.3121556305751532,0.3121556305751532,0.35000000000000003,1
S0167b,TAYAK,bp_03_09_pol,PR,0.7759534823794219,0.7759534823794219,5.0,1
S0167b,TAYAK,bp_03_09_pol,PZ,0.7141184572530856,0.7141184572530856,4.95,1
S0167b,TAYAK,bp_03_09_pol,ST,0.06271240881026076,0.06271240881026076,2.0500000000000003,1
S0167b,TAYAK,bp_03_09_pol,SZ,0.26721716262968953,0.26721716262968953,3.35,1
S0167b,TAYAK,raw,PR,0.6326078044515719,0.6326078044515719,5.0,1
S0167b,TAYAK,raw,PZ,0.407834040313132,0.407834040313132,5.0,1
S0167b,TAYAK,raw,ST,0.06726397238347513,0.06726397238347513,3.6,1
S0167b,TAYAK,raw,SZ,0.3327028302955824,0.3327028302955824,0.35000000000000003,1
S0167b,X,bp_01_05,PR,0.5904311000067644,0.5904311000067644,3.0500000000000003,1
S0167b,X,bp_01_05,PZ,0.24317157506892859,0.24317157506892859,1.7000000000000002,1
S0167b,X,bp_01_05,ST,0.14370043335669344,0.14370043335669344,4.05,1
S0167b,X,bp_01_05,SZ,0.4892659759682063,0.4892659759682063,0.9500000000000001,1
S0167b,X,bp_01_08,PR,0.6518487383592562,0.6518487383592562,2.95,1
S0167b,X,bp_01_08,PZ,0.23607000425817887,0.23607000425817887,2.45,1
S0167b,X,bp_01_08,ST,0.28441041358194086,0.28441041358194086,4.25,1
S0167b,X,bp_01_08,SZ,0.4686653479649309,0.4686653479649309,1.1,1
S0167b,X,bp_03_09,PR,0.6209977911756069,0.6209977911756069,3.75,1
S0167b,X,bp_03_09,PZ,0.6216426887659521,0.6216426887659521,2.5,1
S0167b,X,bp_03_09,ST,0.6430634999445413,0.6430634999445413,5.0,1
S0167b,X,bp_03_09,SZ,0.43457430257607266,0.43457430257607266,1.2000000000000002,1
S0167b,X,bp_03_09_pol,PR,0.5940388892354203,0.5940388892354203,1.3,1
S0167b,X,bp_03_09_pol,PZ,0.28091247721629564,0.28091247721629564,1.4000000000000001,1
S0167b,X,bp_03_09_pol,ST,0.06180172902726145,0.06180172902726145,4.2,1
S0167b,X,bp_03_09_pol,SZ,0.45769164570995335,0.45769164570995335,1.25,1
S0167b,X,raw,PR,0.6456479133883384,0.6456479133883384,3.75,1
S0167b,X,raw,PZ,0.4101972091797415,0.4101972091797415,2.5,1
S0167b,X,raw,ST,0.2606777105767144,0.2606777105767144,5.0,1
S0167b,X,raw,SZ,0.43413340005395523,0.43413340005395523,1.85,1
S0185a,Best17,bp_01_05,PR,0.18090784515933356,0.18090784515933356,5.0,1
S0185a,Best17,bp_01_05,PZ,0.14071366765211035,0.14071366765211035,3.0,1
S0185a,Best17,bp_01_05,ST,0.11235054612754378,0.11235054612754378,3.6,1
S0185a,Best17,bp_01_05,SZ,0.15443628795654427,0.15443628795654427,1.55,1
S0185a,Best17,bp_01_08,PR,0.33011102838075906,0.33011102838075906,1.75,1
S0185a,Best17,bp_01_08,PZ,0.16111183822554767,0.16111183822554767,3.0,1
S0185a,Best17,bp_01_08,ST,0.20949511157976952,0.20949511157976952,4.7,1
S0185a,Best17,bp_01_08,SZ,0.32214178691035245,0.32214178691035245,1.7000000000000002,1
S0185a,Best17,bp_03_09,PR,0.8202662547014901,0.8202662547014901,1.75,1
S0185a,Best17,bp_03_09,PZ,0.814635822480298,0.814635822480298,3.8000000000000003,1
S0185a,Best17,bp_03_09,ST,0.6678031830620973,0.6678031830620973,4.65,1
S0185a,Best17,bp_03_09,SZ,0.42459106946951924,0.42459106946951924,1.6500000000000001,1
S0185a,Best17,bp_03_09_pol,PR,0.9738763454865419,0.9738763454865419,4.9,1
S0185a,Best17,bp_03_09_pol,PZ,0.8037285282333384,0.8037285282333384,3.8000000000000003,1
S0185a,Best17,bp_03_09_pol,ST,0.556968655389501,0.556968655389501,3.8000000000000003,1
S0185a,Best17,bp_03_09_pol,SZ,0.6307441553076839,0.6307441553076839,3.95,1
S0185a,Best17,raw,PR,0.4862647154373014,0.4862647154373014,1.75,1
S0185a,Best17,raw,PZ,0.15054801382637856,0.15054801382637856,3.0500000000000003,1
S0185a,Best17,raw,ST,0.16503861700658023,0.16503861700658023,4.65,1
S0185a,Best17,raw,SZ,0.30557651411581965,0.30557651411581965,1.6,1
S0185a,EventBest,bp_01_05,PR,0.14421033402658134,0.14421033402658134,4.0,1
S0185a,EventBest,bp_01_05,PZ,0.34994221398066094,0.34994221398066094,4.5,1
S0185a,EventBest,bp_01_05,ST,0.15237096357659782,0.15237096357659782,4.8500000000000005,1
S0185a,EventBest,bp_01_05,SZ,0.1299320132309832,0.1299320132309832,1.55,1
S0185a,EventBest,bp_01_08,PR,0.14106152016883486,0.14106152016883486,2.8000000000000003,1
S0185a,EventBest,bp_01_08,PZ,0.5087286365927702,0.5087286365927702,0.75,1
S0185a,EventBest,bp_01_08,ST,0.09483338562284482,0.09483338562284482,1.6,1
S0185a,EventBest,bp_01_08,SZ,0.3974720061018777,0.3974720061018777,4.8500000000000005,1
S0185a,EventBest,bp_03_09,PR,0.6367110501597872,0.6367110501597872,1.9500000000000002,1
S0185a,EventBest,bp_03_09,PZ,0.7454883695304623,0.7454883695304623,0.7000000000000001,1
S0185a,EventBest,bp_03_09,ST,0.42623618851186884,0.42623618851186884,0.9,1
S0185a,EventBest,bp_03_09,SZ,0.4021004543037711,0.4021004543037711,1.85,1
S0185a,EventBest,bp_03_09_pol,PR,0.40472347365744055,0.40472347365744055,3.5500000000000003,1
S0185a,EventBest,bp_03_09_pol,PZ,0.6774712618019563,0.6774712618019563,0.75,1
S0185a,EventBest,bp_03_09_pol,ST,0.33208182554564775,0.33208182554564775,1.0,1
S0185a,EventBest,bp_03_09_pol,SZ,0.4646079618404014,0.4646079618404014,3.45,1
S0185a,EventBest,raw,PR,0.12025127577224343,0.12025127577224343,2.8000000000000003,1
S0185a,EventBest,raw,PZ,0.553735158091518,0.553735158091518,0.7000000000000001,1
S0185a,EventBest,raw,ST,0.08807762365387413,0.08807762365387413,3.35,1
S0185a,EventBest,raw,SZ,0.34575281852355577,0.34575281852355577,1.8,1
S0185a,TAYAK,bp_01_05,PR,0.16293397898837994,0.16293397898837994,3.5,1
S0185a,TAYAK,bp_01_05,PZ,0.1261704942681079,0.1261704942681079,2.9000000000000004,1
S0185a,TAYAK,bp_01_05,ST,0.09282252085791036,0.09282252085791036,3.6500000000000004,1
S0185a,TAYAK,bp_01_05,SZ,0.13728387191700342,0.13728387191700342,1.55,1
S0185a,TAYAK,bp_01_08,PR,0.486906362551353,0.486906362551353,4.800000000000001,1
S0185a,TAYAK,bp_01_08,PZ,0.17692043914837333,0.17692043914837333,1.9000000000000001,1
S0185a,TAYAK,bp_01_08,ST,0.17339825143609497,0.17339825143609497,3.6500000000000004,1
S0185a,TAYAK,bp_01_08,SZ,0.31520413233104255,0.31520413233104255,1.75,1
S0185a,TAYAK,bp_03_09,PR,0.5567661353083944,0.5567661353083944,4.800000000000001,1
S0185a,TAYAK,bp_03_09,PZ,0.9071384809447615,0.9071384809447615,1.85,1
S0185a,TAYAK,bp_03_09,ST,0.6401035231963446,0.6401035231963446,4.5,1
S0185a,TAYAK,bp_03_09,SZ,0.5369258753556364,0.5369258753556364,2.5500000000000003,1
S0185a,TAYAK,bp_03_09_pol,PR,0.048252350383414085,0.048252350383414085,4.75,1
S0185a,TAYAK,bp_03_09_pol,PZ,0.9123746391882045,0.9123746391882045,1.85,1
S0185a,TAYAK,bp_03_09_pol,ST,0.736517602516826,0.736517602516826,4.5,1
S0185a,TAYAK,bp_03_09_pol,SZ,0.583471355156664,0.583471355156664,3.0500000000000003,1
S0185a,TAYAK,raw,PR,0.3928133635952891,0.3928133635952891,4.800000000000001,1
S0185a,TAYAK,raw,PZ,0.17684129973112475,0.17684129973112475,1.1,1
S0185a,TAYAK,raw,ST,0.1779871650697947,0.1779871650697947,4.5,1
S0185a,TAYAK,raw,SZ,0.3215969763461322,0.3215969763461322,1.8,1
S0185a,X,bp_01_05,PR,0.19586627553345864,0.19586627553345864,1.5,1
S0185a,X,bp_01_05,PZ,0.2203825186678301,0.2203825186678301,3.7,1
S0185a,X,bp_01_05,ST,0.05889616178402808,0.05889616178402808,5.0,1
S0185a,X,bp_01_05,SZ,0.3774875034756769,0.3774875034756769,4.05,1
S0185a,X,bp_01_08,PR,0.1401194317231114,0.1401194317231114,5.0,1
S0185a,X,bp_01_08,PZ,0.6826706901779881,0.6826706901779881,1.0,1
S0185a,X,bp_01_08,ST,0.1445053337416515,0.1445053337416515,2.6,1
S0185a,X,bp_01_08,SZ,0.45999172534334476,0.45999172534334476,4.8500000000000005,1
S0185a,X,bp_03_09,PR,0.1758303169422837,0.1758303169422837,0.9500000000000001,1
S0185a,X,bp_03_09,PZ,0.9373468726964949,0.9373468726964949,1.75,1
S0185a,X,bp_03_09,ST,0.609375988401866,0.609375988401866,1.0,1
S0185a,X,bp_03_09,SZ,0.4932975737705872,0.4932975737705872,1.7000000000000002,1
S0185a,X,bp_03_09_pol,PR,0.04295871171485664,0.04295871171485664,4.6000000000000005,1
S0185a,X,bp_03_09_pol,PZ,0.8951908376958987,0.8951908376958987,1.75,1
S0185a,X,bp_03_09_pol,ST,0.5559734727192598,0.5559734727192598,1.85,1
S0185a,X,bp_03_09_pol,SZ,0.4430905140181678,0.4430905140181678,3.25,1
S0185a,X,raw,PR,0.16804993299938692,0.16804993299938692,2.2,1
S0185a,X,raw,PZ,0.7234027359988154,0.7234027359988154,1.75,1
S0185a,X,raw,ST,0.19081651750588063,0.19081651750588063,1.0,1
S0185a,X,raw,SZ,0.5081419631152446,0.5081419631152446,1.7000000000000002,1
S0226b,Best17,bp_01_05,PR,0.3542217023522108,0.3542217023522108,1.4000000000000001,1
S0226b,Best17,bp_01_05,PZ,0.1287278187340645,0.1287278187340645,3.6500000000000004,1
S0226b,Best17,bp_01_05,ST,0.085002345363405,0.085002345363405,4.6000000000000005,1
S0226b,Best17,bp_01_05,SZ,0.08164803805807125,0.08164803805807125,3.7,1
S0226b,Best17,bp_01_08,PR,0.6649862794410452,0.6649862794410452,5.0,1
S0226b,Best17,bp_01_08,PZ,0.27194411784673206,0.27194411784673206,3.75,1
S0226b,Best17,bp_01_08,ST,0.3051134837935021,0.3051134837935021,4.65,1
S0226b,Best17,bp_01_08,SZ,0.4295935707070203,0.4295935707070203,1.6500000000000001,1
S0226b,Best17,bp_03_09,PR,0.6970730126189998,0.6970730126189998,5.0,1
S0226b,Best17,bp_03_09,PZ,0.8275775924484994,0.8275775924484994,2.95,1
S0226b,Best17,bp_03_09,ST,0.8170359281616717,0.8170359281616717,3.5500000000000003,1
S0226b,Best17,bp_03_09,SZ,0.680492044341637,0.680492044341637,4.8500000000000005,1
S0226b,Best17,bp_03_09_pol,PR,0.9657353327133869,0.9657353327133869,5.0,1
S0226b,Best17,bp_03_09_pol,PZ,0.8449038752918117,0.8449038752918117,2.95,1
S0226b,Best17,bp_03_09_pol,ST,0.6069996477398149,0.6069996477398149,4.75,1
S0226b,Best17,bp_03_09_pol,SZ,0.364644903896153,0.364644903896153,0.9500000000000001,1
S0226b,Best17,raw,PR,0.5748352678812872,0.5748352678812872,1.4500000000000002,1
S0226b,Best17,raw,PZ,0.2407580136903121,0.2407580136903121,3.7,1
S0226b,Best17,raw,ST,0.3484448204514069,0.3484448204514069,4.800000000000001,1
S0226b,Best17,raw,SZ,0.443359108149211,0.443359108149211,1.0,1
S0226b,EventBest,bp_01_05,PR,0.13239910177535316,0.13239910177535316,0.7000000000000001,1
S0226b,EventBest,bp_01_05,PZ,0.21465635687781803,0.21465635687781803,1.8,1
S0226b,EventBest,bp_01_05,ST,0.08911364669820389,0.08911364669820389,5.0,1
S0226b,EventBest,bp_01_05,SZ,0.1300939529284425,0.1300939529284425,1.35,1
S0226b,EventBest,bp_01_08,PR,0.22908085429713962,0.22908085429713962,4.7,1
S0226b,EventBest,bp_01_08,PZ,0.687272762695212,0.687272762695212,2.8000000000000003,1
S0226b,EventBest,bp_01_08,ST,0.29691207614492743,0.29691207614492743,4.65,1
S0226b,EventBest,bp_01_08,SZ,0.29701955555865933,0.29701955555865933,1.9500000000000002,1
S0226b,EventBest,bp_03_09,PR,0.7200233479029625,0.7200233479029625,2.8000000000000003,1
S0226b,EventBest,bp_03_09,PZ,0.8818716860677803,0.8818716860677803,2.8000000000000003,1
S0226b,EventBest,bp_03_09,ST,0.7308544992674495,0.7308544992674495,3.8000000000000003,1
S0226b,EventBest,bp_03_09,SZ,0.5223403635483148,0.5223403635483148,4.800000000000001,1
S0226b,EventBest,bp_03_09_pol,PR,0.8975736717007197,0.8975736717007197,4.5,1
S0226b,EventBest,bp_03_09_pol,PZ,0.8924981158897412,0.8924981158897412,2.8000000000000003,1
S0226b,EventBest,bp_03_09_pol,ST,0.7070149833909364,0.7070149833909364,3.8000000000000003,1
S0226b,EventBest,bp_03_09_pol,SZ,0.6208800788094617,0.6208800788094617,4.55,1
S0226b,EventBest,raw,PR,0.7016076888940763,0.7016076888940763,2.8000000000000003,1
S0226b,EventBest,raw,PZ,0.6148896724953755,0.6148896724953755,2.8000000000000003,1
S0226b,EventBest,raw,ST,0.25237391042603297,0.25237391042603297,3.0,1
S0226b,EventBest,raw,SZ,0.31220189777756074,0.31220189777756074,4.8500000000000005,1
S0226b,TAYAK,bp_01_05,PR,0.10863472571220677,0.10863472571220677,3.5,1
S0226b,TAYAK,bp_01_05,PZ,0.0788887963954001,0.0788887963954001,3.6500000000000004,1
S0226b,TAYAK,bp_01_05,ST,0.07374258706828757,0.07374258706828757,1.0,1
S0226b,TAYAK,bp_01_05,SZ,0.0816751374010797,0.0816751374010797,3.2,1
S0226b,TAYAK,bp_01_08,PR,0.1433154637598757,0.1433154637598757,0.6000000000000001,1
S0226b,TAYAK,bp_01_08,PZ,0.3396898351411002,0.3396898351411002,4.800000000000001,1
S0226b,TAYAK,bp_01_08,ST,0.2621188654076037,0.2621188654076037,0.9,1
S0226b,TAYAK,bp_01_08,SZ,0.2745253332751349,0.2745253332751349,2.25,1
S0226b,TAYAK,bp_03_09,PR,0.41343434619100833,0.41343434619100833,0.9,1
S0226b,TAYAK,bp_03_09,PZ,0.6495253466047232,0.6495253466047232,3.6500000000000004,1
S0226b,TAYAK,bp_03_09,ST,0.8909519475633565,0.8909519475633565,0.9,1
S0226b,TAYAK,bp_03_09,SZ,0.6729986820095735,0.6729986820095735,1.5,1
S0226b,TAYAK,bp_03_09_pol,PR,0.07333087793855461,0.07333087793855461,0.2,1
S0226b,TAYAK,bp_03_09_pol,PZ,0.6402795389738817,0.6402795389738817,3.6,1
S0226b,TAYAK,bp_03_09_pol,ST,0.8981537148046314,0.8981537148046314,0.9,1
S0226b,TAYAK,bp_03_09_pol,SZ,0.4311932567154365,0.4311932567154365,2.25,1
S0226b,TAYAK,raw,PR,0.45336179511828495,0.45336179511828495,0.8,1
S0226b,TAYAK,raw,PZ,0.29985593197240223,0.29985593197240223,4.8500000000000005,1
S0226b,TAYAK,raw,ST,0.30242222306596983,0.30242222306596983,0.9,1
S0226b,TAYAK,raw,SZ,0.2588279889941506,0.2588279889941506,2.25,1
S0226b,X,bp_01_05,PR,0.6844414394347604,0.6844414394347604,0.0,1
S0226b,X,bp_01_05,PZ,0.18672091678807007,0.18672091678807007,3.75,1
S0226b,X,bp_01_05,ST,0.061718998896957186,0.061718998896957186,4.9,1
S0226b,X,bp_01_05,SZ,0.35334814072193754,0.35334814072193754,2.7,1
S0226b,X,bp_01_08,PR,0.8546339138903127,0.8546339138903127,0.2,1
S0226b,X,bp_01_08,PZ,0.6257726909656514,0.6257726909656514,3.0500000000000003,1
S0226b,X,bp_01_08,ST,0.1117208579850744,0.1117208579850744,3.0500000000000003,1
S0226b,X,bp_01_08,SZ,0.23547033838573547,0.23547033838573547,2.3000000000000003,1
S0226b,X,bp_03_09,PR,0.84681798543741,0.84681798543741,0.2,1
S0226b,X,bp_03_09,PZ,0.7963555961875753,0.7963555961875753,3.1,1
S0226b,X,bp_03_09,ST,0.5895504765590655,0.5895504765590655,3.0500000000000003,1
S0226b,X,bp_03_09,SZ,0.3285733049033622,0.3285733049033622,2.5500000000000003,1
S0226b,X,bp_03_09_pol,PR,0.9880700569075032,0.9880700569075032,0.2,1
S0226b,X,bp_03_09_pol,PZ,0.8223184009884957,0.8223184009884957,3.1,1
S0226b,X,bp_03_09_pol,ST,0.6971948039036874,0.6971948039036874,4.4,1
S0226b,X,bp_03_09_pol,SZ,0.17884531517532756,0.17884531517532756,2.5500000000000003,1
S0226b,X,raw,PR,0.8192530537320271,0.8192530537320271,0.2,1
S0226b,X,raw,PZ,0.7322564584337724,0.7322564584337724,4.3500000000000005,1
S0226b,X,raw,ST,0.11698555733271829,0.11698555733271829,3.0500000000000003,1
S0226b,X,raw,SZ,0.5467426440972273,0.5467426440972273,1.9000000000000001,1
S0234c,Best17,bp_01_05,PR,0.19577779354381133,0.19577779354381133,5.0,1
S0234c,Best17,bp_01_05,PZ,0.3753648383279454,0.3753648383279454,2.5500000000000003,1
S0234c,Best17,bp_01_05,ST,0.12692821888187744,0.12692821888187744,2.4000000000000004,1
S0234c,Best17,bp_01_05,SZ,0.48943980609274135,0.48943980609274135,0.8500000000000001,1
S0234c,Best17,bp_01_08,PR,0.31143903672433115,0.31143903672433115,4.05,1
S0234c,Best17,bp_01_08,PZ,0.48437847642639315,0.48437847642639315,0.30000000000000004,1
S0234c,Best17,bp_01_08,ST,0.3085048840326838,0.3085048840326838,5.0,1
S0234c,Best17,bp_01_08,SZ,0.7539708831907068,0.7539708831907068,0.75,1
S0234c,Best17,bp_03_09,PR,0.5726879078519005,0.5726879078519005,1.4500000000000002,1
S0234c,Best17,bp_03_09,PZ,0.8197009031970593,0.8197009031970593,0.4,1
S0234c,Best17,bp_03_09,ST,0.5327351169402261,0.5327351169402261,5.0,1
S0234c,Best17,bp_03_09,SZ,0.7389658044991801,0.7389658044991801,1.5,1
S0234c,Best17,bp_03_09_pol,PR,0.484450306726983,0.484450306726983,0.15000000000000002,1
S0234c,Best17,bp_03_09_pol,PZ,0.888760618955977,0.888760618955977,0.4,1
S0234c,Best17,bp_03_09_pol,ST,0.48702192295081864,0.48702192295081864,0.30000000000000004,1
S0234c,Best17,bp_03_09_pol,SZ,0.8947497965465651,0.8947497965465651,0.8,1
S0234c,Best17,raw,PR,0.25556814389609,0.25556814389609,4.800000000000001,1
S0234c,Best17,raw,PZ,0.5235530711087621,0.5235530711087621,0.25,1
S0234c,Best17,raw,ST,0.22564446092316365,0.22564446092316365,5.0,1
S0234c,Best17,raw,SZ,0.7638348918634533,0.7638348918634533,0.8,1
S0234c,EventBest,bp_01_05,PR,0.2330764532303898,0.2330764532303898,4.3500000000000005,1
S0234c,EventBest,bp_01_05,PZ,0.27925781598304683,0.27925781598304683,1.3,1
S0234c,EventBest,bp_01_05,ST,0.08978601592946539,0.08978601592946539,2.15,1
S0234c,EventBest,bp_01_05,SZ,0.3615864558603842,0.3615864558603842,2.5,1
S0234c,EventBest,bp_01_08,PR,0.3198710232014628,0.3198710232014628,4.0,1
S0234c,EventBest,bp_01_08,PZ,0.5827917783792267,0.5827917783792267,1.35,1
S0234c,EventBest,bp_01_08,ST,0.2931716854455831,0.2931716854455831,2.3000000000000003,1
S0234c,EventBest,bp_01_08,SZ,0.46306310549147556,0.46306310549147556,1.4000000000000001,1
S0234c,EventBest,bp_03_09,PR,0.52652574466139,0.52652574466139,4.15,1
S0234c,EventBest,bp_03_09,PZ,0.9547204494298147,0.9547204494298147,2.1,1
S0234c,EventBest,bp_03_09,ST,0.6020583895652015,0.6020583895652015,4.2,1
S0234c,EventBest,bp_03_09,SZ,0.7683887018475649,0.7683887018475649,1.4500000000000002,1
S0234c,EventBest,bp_03_09_pol,PR,0.5532751604538964,0.5532751604538964,3.45,1
S0234c,EventBest,bp_03_09_pol,PZ,0.963075419365074,0.963075419365074,2.1,1
S0234c,EventBest,bp_03_09_pol,ST,0.5769674166522187,0.5769674166522187,4.2,1
S0234c,EventBest,bp_03_09_pol,SZ,0.912114064124019,0.912114064124019,1.4500000000000002,1
S0234c,EventBest,raw,PR,0.3148967080853543,0.3148967080853543,0.55,1
S0234c,EventBest,raw,PZ,0.625079860338722,0.625079860338722,1.4000000000000001,1
S0234c,EventBest,raw,ST,0.2782286837610436,0.2782286837610436,4.2,1
S0234c,EventBest,raw,SZ,0.7132798143551428,0.7132798143551428,1.4500000000000002,1
S0234c,TAYAK,bp_01_05,PR,0.18106160971616092,0.18106160971616092,5.0,1
S0234c,TAYAK,bp_01_05,PZ,0.27940575507236237,0.27940575507236237,1.75,1
S0234c,TAYAK,bp_01_05,ST,0.11596979286894878,0.11596979286894878,2.15,1
S0234c,TAYAK,bp_01_05,SZ,0.09385022464395106,0.09385022464395106,3.95,1
S0234c,TAYAK,bp_01_08,PR,0.1533748694622946,0.1533748694622946,5.0,1
S0234c,TAYAK,bp_01_08,PZ,0.29285325234995185,0.29285325234995185,4.9,1
S0234c,TAYAK,bp_01_08,ST,0.2714747628916404,0.2714747628916404,1.9500000000000002,1
S0234c,TAYAK,bp_01_08,SZ,0.15083809615823948,0.15083809615823948,0.2,1
S0234c,TAYAK,bp_03_09,PR,0.7279007464783521,0.7279007464783521,2.95,1
S0234c,TAYAK,bp_03_09,PZ,0.680595561606972,0.680595561606972,0.0,1
S0234c,TAYAK,bp_03_09,ST,0.6130692454128914,0.6130692454128914,1.7000000000000002,1
S0234c,TAYAK,bp_03_09,SZ,0.2860156262713298,0.2860156262713298,0.55,1
S0234c,TAYAK,bp_03_09_pol,PR,0.766100516034942,0.766100516034942,4.9,1
S0234c,TAYAK,bp_03_09_pol,PZ,0.7028655731585778,0.7028655731585778,0.0,1
S0234c,TAYAK,bp_03_09_pol,ST,0.5163291965381289,0.5163291965381289,0.4,1
S0234c,TAYAK,bp_03_09_pol,SZ,0.15081899746030772,0.15081899746030772,0.15000000000000002,1
S0234c,TAYAK,raw,PR,0.137901967061798,0.137901967061798,5.0,1
S0234c,TAYAK,raw,PZ,0.24987366658972626,0.24987366658972626,1.4500000000000002,1
S0234c,TAYAK,raw,ST,0.2823317031652529,0.2823317031652529,0.30000000000000004,1
S0234c,TAYAK,raw,SZ,0.11105950646593106,0.11105950646593106,0.9500000000000001,1
S0234c,X,bp_01_05,PR,0.19359704882632892,0.19359704882632892,4.65,1
S0234c,X,bp_01_05,PZ,0.20402963449935488,0.20402963449935488,3.7,1
S0234c,X,bp_01_05,ST,0.08028774301520962,0.08028774301520962,1.6500000000000001,1
S0234c,X,bp_01_05,SZ,0.1535422529603156,0.1535422529603156,4.75,1
S0234c,X,bp_01_08,PR,0.7183167156937729,0.7183167156937729,3.1500000000000004,1
S0234c,X,bp_01_08,PZ,0.3331233577097764,0.3331233577097764,4.8500000000000005,1
S0234c,X,bp_01_08,ST,0.2687721068716582,0.2687721068716582,2.75,1
S0234c,X,bp_01_08,SZ,0.18470032195339328,0.18470032195339328,0.1,1
S0234c,X,bp_03_09,PR,0.8817316481592479,0.8817316481592479,3.1500000000000004,1
S0234c,X,bp_03_09,PZ,0.34719289617480587,0.34719289617480587,4.95,1
S0234c,X,bp_03_09,ST,0.5398543640144843,0.5398543640144843,2.75,1
S0234c,X,bp_03_09,SZ,0.29656768927073013,0.29656768927073013,4.55,1
S0234c,X,bp_03_09_pol,PR,0.7830424056302604,0.7830424056302604,4.5,1
S0234c,X,bp_03_09_pol,PZ,0.34936158508025145,0.34936158508025145,4.95,1
S0234c,X,bp_03_09_pol,ST,0.48536319849000636,0.48536319849000636,5.0,1
S0234c,X,bp_03_09_pol,SZ,0.6844921779438597,0.6844921779438597,0.4,1
S0234c,X,raw,PR,0.8091297549840369,0.8091297549840369,3.1500000000000004,1
S0234c,X,raw,PZ,0.4552098426054229,0.4552098426054229,4.95,1
S0234c,X,raw,ST,0.2875328859233895,0.2875328859233895,2.8000000000000003,1
S0234c,X,raw,SZ,0.1185717782365566,0.1185717782365566,1.75,1
S0254b,Best17,bp_01_05,PR,0.3754997238544145,0.3754997238544145,0.30000000000000004,1
S0254b,Best17,bp_01_05,PZ,0.2508297503493779,0.2508297503493779,2.6,1
S0254b,Best17,bp_01_05,ST,0.07393991982272188,0.07393991982272188,4.6000000000000005,1
S0254b,Best17,bp_01_05,SZ,0.562345400337705,0.562345400337705,3.5,1
S0254b,Best17,bp_01_08,PR,0.8613693638440373,0.8613693638440373,2.5,1
S0254b,Best17,bp_01_08,PZ,0.5455195770638195,0.5455195770638195,4.3,1
S0254b,Best17,bp_01_08,ST,0.1269106583397689,0.1269106583397689,4.800000000000001,1
S0254b,Best17,bp_01_08,SZ,0.5322093620376548,0.5322093620376548,3.9000000000000004,1
S0254b,Best17,bp_03_09,PR,0.9091021613113266,0.9091021613113266,2.5,1
S0254b,Best17,bp_03_09,PZ,0.770153495275693,0.770153495275693,3.5500000000000003,1
S0254b,Best17,bp_03_09,ST,0.7271403121499825,0.7271403121499825,4.800000000000001,1
S0254b,Best17,bp_03_09,SZ,0.5068745585569583,0.5068745585569583,4.75,1
S0254b,Best17,bp_03_09_pol,PR,0.9357171373273548,0.9357171373273548,1.75,1
S0254b,Best17,bp_03_09_pol,PZ,0.6522342187076433,0.6522342187076433,1.1500000000000001,1
S0254b,Best17,bp_03_09_pol,ST,0.7296423535239399,0.7296423535239399,4.6000000000000005,1
S0254b,Best17,bp_03_09_pol,SZ,0.8760139727935828,0.8760139727935828,4.8500000000000005,1
S0254b,Best17,raw,PR,0.7947528513024088,0.7947528513024088,2.45,1
S0254b,Best17,raw,PZ,0.6548109274153632,0.6548109274153632,4.25,1
S0254b,Best17,raw,ST,0.13747384049614106,0.13747384049614106,4.75,1
S0254b,Best17,raw,SZ,0.4318260351336178,0.4318260351336178,3.9000000000000004,1
S0254b,EventBest,bp_01_05,PR,0.31398701601878604,0.31398701601878604,2.8000000000000003,1
S0254b,EventBest,bp_01_05,PZ,0.21188600982419675,0.21188600982419675,0.4,1
S0254b,EventBest,bp_01_05,ST,0.055894024120125764,0.055894024120125764,4.45,1
S0254b,EventBest,bp_01_05,SZ,0.3847413928476176,0.3847413928476176,4.45,1
S0254b,EventBest,bp_01_08,PR,0.9108751439234759,0.9108751439234759,2.6500000000000004,1
S0254b,EventBest,bp_01_08,PZ,0.5844353710570117,0.5844353710570117,0.6000000000000001,1
S0254b,EventBest,bp_01_08,ST,0.06994439249880788,0.06994439249880788,5.0,1
S0254b,EventBest,bp_01_08,SZ,0.4350850325210856,0.4350850325210856,4.1000000000000005,1
S0254b,EventBest,bp_03_09,PR,0.9521399345780411,0.9521399345780411,1.9000000000000001,1
S0254b,EventBest,bp_03_09,PZ,0.7460933317868813,0.7460933317868813,1.35,1
S0254b,EventBest,bp_03_09,ST,0.6504131204876585,0.6504131204876585,5.0,1
S0254b,EventBest,bp_03_09,SZ,0.4760830829676549,0.4760830829676549,4.8500000000000005,1
S0254b,EventBest,bp_03_09_pol,PR,0.9566457901434081,0.9566457901434081,1.9000000000000001,1
S0254b,EventBest,bp_03_09_pol,PZ,0.7083665175434767,0.7083665175434767,4.1000000000000005,1
S0254b,EventBest,bp_03_09_pol,ST,0.6604575990964755,0.6604575990964755,5.0,1
S0254b,EventBest,bp_03_09_pol,SZ,0.8505940659092366,0.8505940659092366,0.55,1
S0254b,EventBest,raw,PR,0.8722686827273339,0.8722686827273339,2.6,1
S0254b,EventBest,raw,PZ,0.6573643052412877,0.6573643052412877,0.65,1
S0254b,EventBest,raw,ST,0.08484805721428192,0.08484805721428192,4.45,1
S0254b,EventBest,raw,SZ,0.3391003031341986,0.3391003031341986,3.25,1
S0254b,TAYAK,bp_01_05,PR,0.37200648477026615,0.37200648477026615,3.5500000000000003,1
S0254b,TAYAK,bp_01_05,PZ,0.20207592676546338,0.20207592676546338,3.75,1
S0254b,TAYAK,bp_01_05,ST,0.07296614857491689,0.07296614857491689,4.65,1
S0254b,TAYAK,bp_01_05,SZ,0.25073907291787917,0.25073907291787917,3.95,1
S0254b,TAYAK,bp_01_08,PR,0.7247926062280915,0.7247926062280915,1.9500000000000002,1
S0254b,TAYAK,bp_01_08,PZ,0.3911112639796773,0.3911112639796773,3.0500000000000003,1
S0254b,TAYAK,bp_01_08,ST,0.10620997360874605,0.10620997360874605,2.35,1
S0254b,TAYAK,bp_01_08,SZ,0.49031985828580205,0.49031985828580205,0.65,1
S0254b,TAYAK,bp_03_09,PR,0.8312827383153191,0.8312827383153191,1.9500000000000002,1
S0254b,TAYAK,bp_03_09,PZ,0.6268839801622633,0.6268839801622633,3.0500000000000003,1
S0254b,TAYAK,bp_03_09,ST,0.6707921343709174,0.6707921343709174,3.85,1
S0254b,TAYAK,bp_03_09,SZ,0.5137680003933718,0.5137680003933718,0.65,1
S0254b,TAYAK,bp_03_09_pol,PR,0.8579814701123393,0.8579814701123393,1.9000000000000001,1
S0254b,TAYAK,bp_03_09_pol,PZ,0.4907991135143594,0.4907991135143594,3.0,1
S0254b,TAYAK,bp_03_09_pol,ST,0.6722627986884642,0.6722627986884642,5.0,1
S0254b,TAYAK,bp_03_09_pol,SZ,0.9487584608734203,0.9487584608734203,4.800000000000001,1
S0254b,TAYAK,raw,PR,0.6945461073392928,0.6945461073392928,1.9000000000000001,1
S0254b,TAYAK,raw,PZ,0.4395141549535095,0.4395141549535095,3.1,1
S0254b,TAYAK,raw,ST,0.10690242264055153,0.10690242264055153,1.55,1
S0254b,TAYAK,raw,SZ,0.4142663266737963,0.4142663266737963,0.65,1
S0254b,X,bp_01_05,PR,0.21982615520051338,0.21982615520051338,3.1500000000000004,1
S0254b,X,bp_01_05,PZ,0.22819684616945282,0.22819684616945282,2.6500000000000004,1
S0254b,X,bp_01_05,ST,0.05659856105753292,0.05659856105753292,4.3500000000000005,1
S0254b,X,bp_01_05,SZ,0.24342281053882608,0.24342281053882608,4.25,1
S0254b,X,bp_01_08,PR,0.22628598372958378,0.22628598372958378,1.05,1
S0254b,X,bp_01_08,PZ,0.5637470186568253,0.5637470186568253,3.0,1
S0254b,X,bp_01_08,ST,0.12187080058755609,0.12187080058755609,1.05,1
S0254b,X,bp_01_08,SZ,0.46616981555424253,0.46616981555424253,4.800000000000001,1
S0254b,X,bp_03_09,PR,0.5449653889913865,0.5449653889913865,4.75,1
S0254b,X,bp_03_09,PZ,0.6687744274826967,0.6687744274826967,3.0500000000000003,1
S0254b,X,bp_03_09,ST,0.7966928080121962,0.7966928080121962,1.0,1
S0254b,X,bp_03_09,SZ,0.46451206263363776,0.46451206263363776,4.0,1
S0254b,X,bp_03_09_pol,PR,0.595557713834813,0.595557713834813,1.0,1
S0254b,X,bp_03_09_pol,PZ,0.5283274797857515,0.5283274797857515,3.0500000000000003,1
S0254b,X,bp_03_09_pol,ST,0.7838078313290926,0.7838078313290926,1.0,1
S0254b,X,bp_03_09_pol,SZ,0.9311144311658833,0.9311144311658833,5.0,1
S0254b,X,raw,PR,0.2829231221866802,0.2829231221866802,1.0,1
S0254b,X,raw,PZ,0.5719947625997324,0.5719947625997324,3.0500000000000003,1
S0254b,X,raw,ST,0.12683472122331269,0.12683472122331269,1.0,1
S0254b,X,raw,SZ,0.3668187000700267,0.3668187000700267,4.800000000000001,1
S0345a,Best17,bp_01_05,PR,0.771567078201541,0.771567078201541,2.25,1
S0345a,Best17,bp_01_05,PZ,0.1580761906171939,0.1580761906171939,4.1000000000000005,1
S0345a,Best17,bp_01_05,ST,0.11809455954335367,0.11809455954335367,0.8,1
S0345a,Best17,bp_01_05,SZ,0.16526244934430165,0.16526244934430165,0.45,1
S0345a,Best17,bp_01_08,PR,0.9274437897101538,0.9274437897101538,1.4000000000000001,1
S0345a,Best17,bp_01_08,PZ,0.4246717000297162,0.4246717000297162,0.8500000000000001,1
S0345a,Best17,bp_01_08,ST,0.3480738140417582,0.3480738140417582,4.6000000000000005,1
S0345a,Best17,bp_01_08,SZ,0.6796513023589131,0.6796513023589131,0.9500000000000001,1
S0345a,Best17,bp_03_09,PR,0.8896127880913981,0.8896127880913981,1.35,1
S0345a,Best17,bp_03_09,PZ,0.7922417012609638,0.7922417012609638,0.8500000000000001,1
S0345a,Best17,bp_03_09,ST,0.6689890403647285,0.6689890403647285,4.6000000000000005,1
S0345a,Best17,bp_03_09,SZ,0.9144384723495828,0.9144384723495828,1.6500000000000001,1
S0345a,Best17,bp_03_09_pol,PR,0.9245129657305902,0.9245129657305902,1.35,1
S0345a,Best17,bp_03_09_pol,PZ,0.9747289842864207,0.9747289842864207,0.0,1
S0345a,Best17,bp_03_09_pol,ST,0.7071207086285484,0.7071207086285484,2.1,1
S0345a,Best17,bp_03_09_pol,SZ,0.6230277634115375,0.6230277634115375,0.9500000000000001,1
S0345a,Best17,raw,PR,0.8604033527498524,0.8604033527498524,0.6000000000000001,1
S0345a,Best17,raw,PZ,0.6276401275375061,0.6276401275375061,0.9,1
S0345a,Best17,raw,ST,0.3556846061015345,0.3556846061015345,4.6000000000000005,1
S0345a,Best17,raw,SZ,0.9057320673975796,0.9057320673975796,1.7000000000000002,1
S0345a,EventBest,bp_01_05,PR,0.4006379951303016,0.4006379951303016,4.3500000000000005,1
S0345a,EventBest,bp_01_05,PZ,0.4789102244831321,0.4789102244831321,5.0,1
S0345a,EventBest,bp_01_05,ST,0.07701167277524242,0.07701167277524242,2.95,1
S0345a,EventBest,bp_01_05,SZ,0.44363679749852275,0.44363679749852275,5.0,1
S0345a,EventBest,bp_01_08,PR,0.5908581382552468,0.5908581382552468,2.1,1
S0345a,EventBest,bp_01_08,PZ,0.6206185358490546,0.6206185358490546,1.75,1
S0345a,EventBest,bp_01_08,ST,0.12611284267785292,0.12611284267785292,2.85,1
S0345a,EventBest,bp_01_08,SZ,0.1924196794197292,0.1924196794197292,4.800000000000001,1
S0345a,EventBest,bp_03_09,PR,0.7587972492116678,0.7587972492116678,1.3,1
S0345a,EventBest,bp_03_09,PZ,0.7203648789555275,0.7203648789555275,1.05,1
S0345a,EventBest,bp_03_09,ST,0.5229195892536286,0.5229195892536286,2.8000000000000003,1
S0345a,EventBest,bp_03_09,SZ,0.17771733317078123,0.17771733317078123,4.8500000000000005,1
S0345a,EventBest,bp_03_09_pol,PR,0.6684313514022298,0.6684313514022298,1.3,1
S0345a,EventBest,bp_03_09_pol,PZ,0.14496374052563343,0.14496374052563343,1.05,1
S0345a,EventBest,bp_03_09_pol,ST,0.4892759597345039,0.4892759597345039,1.4000000000000001,1
S0345a,EventBest,bp_03_09_pol,SZ,0.734755859022459,0.734755859022459,4.800000000000001,1
S0345a,EventBest,raw,PR,0.6979671497717742,0.6979671497717742,1.3,1
S0345a,EventBest,raw,PZ,0.6679814004355913,0.6679814004355913,1.7000000000000002,1
S0345a,EventBest,raw,ST,0.16187152924412976,0.16187152924412976,2.85,1
S0345a,EventBest,raw,SZ,0.14342795567608663,0.14342795567608663,4.9,1
S0345a,TAYAK,bp_01_05,PR,0.5840370632917927,0.5840370632917927,4.75,1
S0345a,TAYAK,bp_01_05,PZ,0.2051855234020539,0.2051855234020539,2.7,1
S0345a,TAYAK,bp_01_05,ST,0.1652179002287166,0.1652179002287166,2.4000000000000004,1
S0345a,TAYAK,bp_01_05,SZ,0.343421969097794,0.343421969097794,5.0,1
S0345a,TAYAK,bp_01_08,PR,0.7029323361084704,0.7029323361084704,4.5,1
S0345a,TAYAK,bp_01_08,PZ,0.18226470153191413,0.18226470153191413,4.6000000000000005,1
S0345a,TAYAK,bp_01_08,ST,0.6678631026283839,0.6678631026283839,1.2000000000000002,1
S0345a,TAYAK,bp_01_08,SZ,0.465544470329643,0.465544470329643,4.3500000000000005,1
S0345a,TAYAK,bp_03_09,PR,0.74288083652466,0.74288083652466,4.5,1
S0345a,TAYAK,bp_03_09,PZ,0.7624728747389967,0.7624728747389967,4.65,1
S0345a,TAYAK,bp_03_09,ST,0.8459847284477877,0.8459847284477877,1.25,1
S0345a,TAYAK,bp_03_09,SZ,0.5077177347684612,0.5077177347684612,4.3500000000000005,1
S0345a,TAYAK,bp_03_09_pol,PR,0.7335642508826593,0.7335642508826593,4.5,1
S0345a,TAYAK,bp_03_09_pol,PZ,0.5828757980202208,0.5828757980202208,4.8500000000000005,1
S0345a,TAYAK,bp_03_09_pol,ST,0.5623116983391425,0.5623116983391425,2.7,1
S0345a,TAYAK,bp_03_09_pol,SZ,0.5838989313502282,0.5838989313502282,2.85,1
S0345a,TAYAK,raw,PR,0.7337555378539657,0.7337555378539657,4.5,1
S0345a,TAYAK,raw,PZ,0.29717587482151003,0.29717587482151003,4.65,1
S0345a,TAYAK,raw,ST,0.7054742205683122,0.7054742205683122,1.9500000000000002,1
S0345a,TAYAK,raw,SZ,0.3463644346629434,0.3463644346629434,4.3500000000000005,1
S0345a,X,bp_01_05,PR,0.6870020648240631,0.6870020648240631,4.7,1
S0345a,X,bp_01_05,PZ,0.4769233335182517,0.4769233335182517,3.1,1
S0345a,X,bp_01_05,ST,0.041804346999621204,0.041804346999621204,4.3500000000000005,1
S0345a,X,bp_01_05,SZ,0.19040976354929148,0.19040976354929148,3.45,1
S0345a,X,bp_01_08,PR,0.6206492059960378,0.6206492059960378,4.75,1
S0345a,X,bp_01_08,PZ,0.7472614349367622,0.7472614349367622,2.0500000000000003,1
S0345a,X,bp_01_08,ST,0.05151046974760514,0.05151046974760514,4.65,1
S0345a,X,bp_01_08,SZ,0.26112995554921226,0.26112995554921226,4.95,1
S0345a,X,bp_03_09,PR,0.6734273053102356,0.6734273053102356,3.9000000000000004,1
S0345a,X,bp_03_09,PZ,0.7507381534678959,0.7507381534678959,2.0500000000000003,1
S0345a,X,bp_03_09,ST,0.2654200258589458,0.2654200258589458,4.7,1
S0345a,X,bp_03_09,SZ,0.20680511543965532,0.20680511543965532,5.0,1
S0345a,X,bp_03_09_pol,PR,0.5677749986175638,0.5677749986175638,2.3000000000000003,1
S0345a,X,bp_03_09_pol,PZ,0.13517725542061923,0.13517725542061923,2.0500000000000003,1
S0345a,X,bp_03_09_pol,ST,0.6040365463587369,0.6040365463587369,4.55,1
S0345a,X,bp_03_09_pol,SZ,0.6168518299901979,0.6168518299901979,0.05,1
S0345a,X,raw,PR,0.6037312349238204,0.6037312349238204,3.9000000000000004,1
S0345a,X,raw,PZ,0.652062036983732,0.652062036983732,2.0500000000000003,1
S0345a,X,raw,ST,0.12175090437757584,0.12175090437757584,0.4,1
S0345a,X,raw,SZ,0.16844639042795925,0.16844639042795925,0.6000000000000001,1
S0395a,Best17,bp_01_05,PR,0.2155922132289741,0.2155922132289741,3.45,1
S0395a,Best17,bp_01_05,PZ,0.37199246314696605,0.37199246314696605,2.15,1
S0395a,Best17,bp_01_05,ST,0.154050404931021,0.154050404931021,4.5,1
S0395a,Best17,bp_01_05,SZ,0.35924941183294234,0.35924941183294234,2.6500000000000004,1
S0395a,Best17,bp_01_08,PR,0.29267343364677395,0.29267343364677395,3.35,1
S0395a,Best17,bp_01_08,PZ,0.3186618249792683,0.3186618249792683,2.85,1
S0395a,Best17,bp_01_08,ST,0.13079935150453276,0.13079935150453276,2.3000000000000003,1
S0395a,Best17,bp_01_08,SZ,0.42441228038325496,0.42441228038325496,3.0,1
S0395a,Best17,bp_03_09,PR,0.7236432749683923,0.7236432749683923,4.55,1
S0395a,Best17,bp_03_09,PZ,0.6434905229908021,0.6434905229908021,3.6500000000000004,1
S0395a,Best17,bp_03_09,ST,0.5864966428358597,0.5864966428358597,2.3000000000000003,1
S0395a,Best17,bp_03_09,SZ,0.48778780504001085,0.48778780504001085,3.8000000000000003,1
S0395a,Best17,bp_03_09_pol,PR,0.5836969293065423,0.5836969293065423,2.45,1
S0395a,Best17,bp_03_09_pol,PZ,0.6852639571548461,0.6852639571548461,5.0,1
S0395a,Best17,bp_03_09_pol,ST,0.759722848479653,0.759722848479653,1.55,1
S0395a,Best17,bp_03_09_pol,SZ,0.5425371143200288,0.5425371143200288,3.75,1
S0395a,Best17,raw,PR,0.3376924283523817,0.3376924283523817,2.5500000000000003,1
S0395a,Best17,raw,PZ,0.34685092136369333,0.34685092136369333,2.9000000000000004,1
S0395a,Best17,raw,ST,0.16674781442946165,0.16674781442946165,2.3000000000000003,1
S0395a,Best17,raw,SZ,0.4608693445404355,0.4608693445404355,3.85,1
S0395a,EventBest,bp_01_05,PR,0.3909586266455279,0.3909586266455279,3.35,1
S0395a,EventBest,bp_01_05,PZ,0.44938881393357666,0.44938881393357666,1.9000000000000001,1
S0395a,EventBest,bp_01_05,ST,0.07958104662841697,0.07958104662841697,4.5,1
S0395a,EventBest,bp_01_05,SZ,0.25919584284247865,0.25919584284247865,1.1500000000000001,1
S0395a,EventBest,bp_01_08,PR,0.796193827815408,0.796193827815408,4.3500000000000005,1
S0395a,EventBest,bp_01_08,PZ,0.7714165082232328,0.7714165082232328,2.0,1
S0395a,EventBest,bp_01_08,ST,0.18986115893460254,0.18986115893460254,3.1500000000000004,1
S0395a,EventBest,bp_01_08,SZ,0.26935068870729706,0.26935068870729706,1.5,1
S0395a,EventBest,bp_03_09,PR,0.843995128538804,0.843995128538804,4.4,1
S0395a,EventBest,bp_03_09,PZ,0.8527913582069825,0.8527913582069825,2.0500000000000003,1
S0395a,EventBest,bp_03_09,ST,0.8191534307843491,0.8191534307843491,3.1500000000000004,1
S0395a,EventBest,bp_03_09,SZ,0.2664672428669206,0.2664672428669206,1.6,1
S0395a,EventBest,bp_03_09_pol,PR,0.8503599779202357,0.8503599779202357,4.4,1
S0395a,EventBest,bp_03_09_pol,PZ,0.9132173389976646,0.9132173389976646,4.800000000000001,1
S0395a,EventBest,bp_03_09_pol,ST,0.7084291790975206,0.7084291790975206,1.7000000000000002,1
S0395a,EventBest,bp_03_09_pol,SZ,0.10491533195197211,0.10491533195197211,2.0,1
S0395a,EventBest,raw,PR,0.7773167839839454,0.7773167839839454,4.4,1
S0395a,EventBest,raw,PZ,0.8713830164981267,0.8713830164981267,2.75,1
S0395a,EventBest,raw,ST,0.19605740756985163,0.19605740756985163,3.1500000000000004,1
S0395a,EventBest,raw,SZ,0.26324472097022494,0.26324472097022494,1.6,1
S0395a,TAYAK,bp_01_05,PR,0.05396957956339869,0.05396957956339869,3.85,1
S0395a,TAYAK,bp_01_05,PZ,0.38784133254216113,0.38784133254216113,4.45,1
S0395a,TAYAK,bp_01_05,ST,0.0449129425515508,0.0449129425515508,4.6000000000000005,1
S0395a,TAYAK,bp_01_05,SZ,0.2964868430079679,0.2964868430079679,1.7000000000000002,1
S0395a,TAYAK,bp_01_08,PR,0.25136622743367343,0.25136622743367343,1.9500000000000002,1
S0395a,TAYAK,bp_01_08,PZ,0.411725328901589,0.411725328901589,4.55,1
S0395a,TAYAK,bp_01_08,ST,0.15568533904322313,0.15568533904322313,4.65,1
S0395a,TAYAK,bp_01_08,SZ,0.347584853462537,0.347584853462537,2.1,1
S0395a,TAYAK,bp_03_09,PR,0.7321917221666333,0.7321917221666333,1.9500000000000002,1
S0395a,TAYAK,bp_03_09,PZ,0.8350941824738479,0.8350941824738479,4.55,1
S0395a,TAYAK,bp_03_09,ST,0.6158454177246269,0.6158454177246269,4.7,1
S0395a,TAYAK,bp_03_09,SZ,0.413267377667324,0.413267377667324,2.25,1
S0395a,TAYAK,bp_03_09_pol,PR,0.6336991133477787,0.6336991133477787,2.7,1
S0395a,TAYAK,bp_03_09_pol,PZ,0.4887849569067345,0.4887849569067345,4.5,1
S0395a,TAYAK,bp_03_09_pol,ST,0.5199061228757207,0.5199061228757207,2.0500000000000003,1
S0395a,TAYAK,bp_03_09_pol,SZ,0.4389291447756373,0.4389291447756373,2.25,1
S0395a,TAYAK,raw,PR,0.5572763010930304,0.5572763010930304,1.9500000000000002,1
S0395a,TAYAK,raw,PZ,0.44944848030683526,0.44944848030683526,4.55,1
S0395a,TAYAK,raw,ST,0.13675930841078027,0.13675930841078027,4.7,1
S0395a,TAYAK,raw,SZ,0.36134429229069615,0.36134429229069615,2.25,1
S0395a,X,bp_01_05,PR,0.42237066068983137,0.42237066068983137,2.7,1
S0395a,X,bp_01_05,PZ,0.5427016921743226,0.5427016921743226,1.6500000000000001,1
S0395a,X,bp_01_05,ST,0.10743171605918175,0.10743171605918175,1.85,1
S0395a,X,bp_01_05,SZ,0.2521053395223602,0.2521053395223602,2.1,1
S0395a,X,bp_01_08,PR,0.8753792577815024,0.8753792577815024,2.4000000000000004,1
S0395a,X,bp_01_08,PZ,0.6426982432290816,0.6426982432290816,4.45,1
S0395a,X,bp_01_08,ST,0.35458674975733284,0.35458674975733284,1.85,1
S0395a,X,bp_01_08,SZ,0.2858016874696176,0.2858016874696176,2.3000000000000003,1
S0395a,X,bp_03_09,PR,0.9471638495598829,0.9471638495598829,2.4000000000000004,1
S0395a,X,bp_03_09,PZ,0.7179350841684965,0.7179350841684965,4.5,1
S0395a,X,bp_03_09,ST,0.9054549883097257,0.9054549883097257,1.85,1
S0395a,X,bp_03_09,SZ,0.30801568437904797,0.30801568437904797,2.3000000000000003,1
S0395a,X,bp_03_09_pol,PR,0.6532449434935274,0.6532449434935274,2.8000000000000003,1
S0395a,X,bp_03_09_pol,PZ,0.10416286693481094,0.10416286693481094,4.0,1
S0395a,X,bp_03_09_pol,ST,0.8699057369874091,0.8699057369874091,2.5500000000000003,1
S0395a,X,bp_03_09_pol,SZ,0.04797328524705935,0.04797328524705935,2.3000000000000003,1
S0395a,X,raw,PR,0.9381688751827542,0.9381688751827542,2.4000000000000004,1
S0395a,X,raw,PZ,0.6475583807062139,0.6475583807062139,4.55,1
S0395a,X,raw,ST,0.4017098719704548,0.4017098719704548,1.85,1
S0395a,X,raw,SZ,0.3081693545099086,0.3081693545099086,2.3000000000000003,1
S0421b,Best17,bp_01_05,PR,0.3244442952288248,0.3244442952288248,4.65,1
S0421b,Best17,bp_01_05,PZ,0.25274871853226105,0.25274871853226105,4.8500000000000005,1
S0421b,Best17,bp_01_05,ST,0.17858909648240512,0.17858909648240512,3.0500000000000003,1
S0421b,Best17,bp_01_05,SZ,0.2799332659752495,0.2799332659752495,2.6,1
S0421b,Best17,bp_01_08,PR,0.5124328746122794,0.5124328746122794,4.7,1
S0421b,Best17,bp_01_08,PZ,0.2791474054348874,0.2791474054348874,3.9000000000000004,1
S0421b,Best17,bp_01_08,ST,0.1456142186353275,0.1456142186353275,3.1,1
S0421b,Best17,bp_01_08,SZ,0.571019581396241,0.571019581396241,0.9,1
S0421b,Best17,bp_03_09,PR,0.8936321950976406,0.8936321950976406,4.7,1
S0421b,Best17,bp_03_09,PZ,0.3994149486289245,0.3994149486289245,4.65,1
S0421b,Best17,bp_03_09,ST,0.4449796188530996,0.4449796188530996,3.0500000000000003,1
S0421b,Best17,bp_03_09,SZ,0.7948960951884535,0.7948960951884535,0.9,1
S0421b,Best17,bp_03_09_pol,PR,0.8758064755532484,0.8758064755532484,4.7,1
S0421b,Best17,bp_03_09_pol,PZ,0.4010908664555462,0.4010908664555462,4.65,1
S0421b,Best17,bp_03_09_pol,ST,0.6538447871976463,0.6538447871976463,3.95,1
S0421b,Best17,bp_03_09_pol,SZ,0.7633436028476877,0.7633436028476877,1.7000000000000002,1
S0421b,Best17,raw,PR,0.6017012966345462,0.6017012966345462,4.75,1
S0421b,Best17,raw,PZ,0.3247272669157969,0.3247272669157969,4.0,1
S0421b,Best17,raw,ST,0.10234035101290867,0.10234035101290867,3.1,1
S0421b,Best17,raw,SZ,0.5502181543572121,0.5502181543572121,0.9,1
S0421b,EventBest,bp_01_05,PR,0.24867512858247817,0.24867512858247817,4.5,1
S0421b,EventBest,bp_01_05,PZ,0.1697554553571434,0.1697554553571434,4.7,1
S0421b,EventBest,bp_01_05,ST,0.31478564867138625,0.31478564867138625,1.25,1
S0421b,EventBest,bp_01_05,SZ,0.21621279149894385,0.21621279149894385,3.5,1
S0421b,EventBest,bp_01_08,PR,0.5165624720689111,0.5165624720689111,4.9,1
S0421b,EventBest,bp_01_08,PZ,0.4163027960225539,0.4163027960225539,4.8500000000000005,1
S0421b,EventBest,bp_01_08,ST,0.6604854979162306,0.6604854979162306,1.2000000000000002,1
S0421b,EventBest,bp_01_08,SZ,0.5825290751868859,0.5825290751868859,3.5500000000000003,1
S0421b,EventBest,bp_03_09,PR,0.8516873628611488,0.8516873628611488,4.9,1
S0421b,EventBest,bp_03_09,PZ,0.454610546175812,0.454610546175812,3.95,1
S0421b,EventBest,bp_03_09,ST,0.973694732931987,0.973694732931987,1.25,1
S0421b,EventBest,bp_03_09,SZ,0.7679338815957957,0.7679338815957957,3.5500000000000003,1
S0421b,EventBest,bp_03_09_pol,PR,0.8613356921552077,0.8613356921552077,4.9,1
S0421b,EventBest,bp_03_09_pol,PZ,0.44791627347186636,0.44791627347186636,4.0,1
S0421b,EventBest,bp_03_09_pol,ST,0.928183822251302,0.928183822251302,1.25,1
S0421b,EventBest,bp_03_09_pol,SZ,0.8585986034600712,0.8585986034600712,4.3500000000000005,1
S0421b,EventBest,raw,PR,0.5303140569062684,0.5303140569062684,4.9,1
S0421b,EventBest,raw,PZ,0.3657878380022479,0.3657878380022479,4.75,1
S0421b,EventBest,raw,ST,0.9108729410817888,0.9108729410817888,1.25,1
S0421b,EventBest,raw,SZ,0.5678556128928739,0.5678556128928739,3.6,1
S0421b,TAYAK,bp_01_05,PR,0.2416357938939924,0.2416357938939924,4.8500000000000005,1
S0421b,TAYAK,bp_01_05,PZ,0.20035973397341586,0.20035973397341586,2.25,1
S0421b,TAYAK,bp_01_05,ST,0.49695399473366103,0.49695399473366103,1.35,1
S0421b,TAYAK,bp_01_05,SZ,0.1941875185149436,0.1941875185149436,3.5,1
S0421b,TAYAK,bp_01_08,PR,0.18709705754469738,0.18709705754469738,1.35,1
S0421b,TAYAK,bp_01_08,PZ,0.23942396712657638,0.23942396712657638,2.5500000000000003,1
S0421b,TAYAK,bp_01_08,ST,0.7525863526353506,0.7525863526353506,0.7000000000000001,1
S0421b,TAYAK,bp_01_08,SZ,0.24415674492447192,0.24415674492447192,0.7000000000000001,1
S0421b,TAYAK,bp_03_09,PR,0.35143572314291804,0.35143572314291804,0.55,1
S0421b,TAYAK,bp_03_09,PZ,0.44553612183987656,0.44553612183987656,1.4000000000000001,1
S0421b,TAYAK,bp_03_09,ST,0.8550880428854877,0.8550880428854877,0.7000000000000001,1
S0421b,TAYAK,bp_03_09,SZ,0.2807130170687427,0.2807130170687427,0.15000000000000002,1
S0421b,TAYAK,bp_03_09_pol,PR,0.11975658592617518,0.11975658592617518,0.9,1
S0421b,TAYAK,bp_03_09_pol,PZ,0.3452471424767706,0.3452471424767706,1.35,1
S0421b,TAYAK,bp_03_09_pol,ST,0.8213879670263796,0.8213879670263796,0.75,1
S0421b,TAYAK,bp_03_09_pol,SZ,0.2810238882748447,0.2810238882748447,3.3000000000000003,1
S0421b,TAYAK,raw,PR,0.21207662922378506,0.21207662922378506,2.4000000000000004,1
S0421b,TAYAK,raw,PZ,0.2757634769254274,0.2757634769254274,2.6,1
S0421b,TAYAK,raw,ST,0.7511735455215399,0.7511735455215399,0.75,1
S0421b,TAYAK,raw,SZ,0.2003074935848436,0.2003074935848436,0.7000000000000001,1
S0421b,X,bp_01_05,PR,0.3010899818212031,0.3010899818212031,3.3000000000000003,1
S0421b,X,bp_01_05,PZ,0.4001769397586012,0.4001769397586012,4.3500000000000005,1
S0421b,X,bp_01_05,ST,0.14159044682279381,0.14159044682279381,4.1000000000000005,1
S0421b,X,bp_01_05,SZ,0.12369110713319385,0.12369110713319385,3.8000000000000003,1
S0421b,X,bp_01_08,PR,0.5052320087179458,0.5052320087179458,3.3000000000000003,1
S0421b,X,bp_01_08,PZ,0.6179029439227386,0.6179029439227386,4.0,1
S0421b,X,bp_01_08,ST,0.07239600845026621,0.07239600845026621,0.7000000000000001,1
S0421b,X,bp_01_08,SZ,0.3042412683790738,0.3042412683790738,1.1500000000000001,1
S0421b,X,bp_03_09,PR,0.8694170224441612,0.8694170224441612,2.4000000000000004,1
S0421b,X,bp_03_09,PZ,0.7928609885480395,0.7928609885480395,4.05,1
S0421b,X,bp_03_09,ST,0.45918490054819927,0.45918490054819927,0.05,1
S0421b,X,bp_03_09,SZ,0.5625296294896281,0.5625296294896281,0.35000000000000003,1
S0421b,X,bp_03_09_pol,PR,0.5649879882780681,0.5649879882780681,0.65,1
S0421b,X,bp_03_09_pol,PZ,0.8195223173263094,0.8195223173263094,4.05,1
S0421b,X,bp_03_09_pol,ST,0.5643514122104182,0.5643514122104182,0.05,1
S0421b,X,bp_03_09_pol,SZ,0.5972355540628934,0.5972355540628934,0.35000000000000003,1
S0421b,X,raw,PR,0.5689609652206741,0.5689609652206741,3.3000000000000003,1
S0421b,X,raw,PZ,0.6065659983298957,0.6065659983298957,4.0,1
S0421b,X,raw,ST,0.07988329287692808,0.07988329287692808,0.65,1
S0421b,X,raw,SZ,0.3213227552721039,0.3213227552721039,1.1500000000000001,1
S0976a,Best17,bp_01_05,PR,0.07687214912210646,0.07687214912210646,4.75,1
S0976a,Best17,bp_01_05,PZ,0.2587241116800048,0.2587241116800048,2.5500000000000003,1
S0976a,Best17,bp_01_05,ST,0.3905604600151041,0.3905604600151041,3.45,1
S0976a,Best17,bp_01_05,SZ,0.10597265805171076,0.10597265805171076,1.05,1
S0976a,Best17,bp_01_08,PR,0.265141952995691,0.265141952995691,5.0,1
S0976a,Best17,bp_01_08,PZ,0.5181051646676902,0.5181051646676902,0.55,1
S0976a,Best17,bp_01_08,ST,0.9084911998771388,0.9084911998771388,2.5,1
S0976a,Best17,bp_01_08,SZ,0.5144333549542672,0.5144333549542672,2.6,1
S0976a,Best17,bp_03_09,PR,0.20474416108398022,0.20474416108398022,5.0,1
S0976a,Best17,bp_03_09,PZ,0.9193759062537504,0.9193759062537504,0.55,1
S0976a,Best17,bp_03_09,ST,0.9423399485562847,0.9423399485562847,2.5,1
S0976a,Best17,bp_03_09,SZ,0.9498421111227306,0.9498421111227306,2.6,1
S0976a,Best17,bp_03_09_pol,PR,0.09794372630962565,0.09794372630962565,2.9000000000000004,1
S0976a,Best17,bp_03_09_pol,PZ,0.9000947874307391,0.9000947874307391,1.35,1
S0976a,Best17,bp_03_09_pol,ST,0.9516072420213201,0.9516072420213201,2.5,1
S0976a,Best17,bp_03_09_pol,SZ,0.9329747197067413,0.9329747197067413,2.6,1
S0976a,Best17,raw,PR,0.1630692170080107,0.1630692170080107,5.0,1
S0976a,Best17,raw,PZ,0.5493847030586528,0.5493847030586528,0.55,1
S0976a,Best17,raw,ST,0.8183871256999116,0.8183871256999116,2.5,1
S0976a,Best17,raw,SZ,0.5225259915319425,0.5225259915319425,2.6,1
S0976a,EventBest,bp_01_05,PR,0.21315357927212542,0.21315357927212542,4.800000000000001,1
S0976a,EventBest,bp_01_05,PZ,0.7152068856436483,0.7152068856436483,1.1,1
S0976a,EventBest,bp_01_05,ST,0.558487290388571,0.558487290388571,3.8000000000000003,1
S0976a,EventBest,bp_01_05,SZ,0.20145649566129079,0.20145649566129079,5.0,1
S0976a,EventBest,bp_01_08,PR,0.09897294854519002,0.09897294854519002,5.0,1
S0976a,EventBest,bp_01_08,PZ,0.9383496454443898,0.9383496454443898,0.15000000000000002,1
S0976a,EventBest,bp_01_08,ST,0.9383785313379216,0.9383785313379216,3.8000000000000003,1
S0976a,EventBest,bp_01_08,SZ,0.250270698308041,0.250270698308041,4.65,1
S0976a,EventBest,bp_03_09,PR,0.14732030277211697,0.14732030277211697,2.3000000000000003,1
S0976a,EventBest,bp_03_09,PZ,0.9430953525213289,0.9430953525213289,0.15000000000000002,1
S0976a,EventBest,bp_03_09,ST,0.9602629466486695,0.9602629466486695,3.8000000000000003,1
S0976a,EventBest,bp_03_09,SZ,0.5781634366334152,0.5781634366334152,4.3,1
S0976a,EventBest,bp_03_09_pol,PR,0.09794999574172307,0.09794999574172307,2.9000000000000004,1
S0976a,EventBest,bp_03_09_pol,PZ,0.9339593557824691,0.9339593557824691,0.15000000000000002,1
S0976a,EventBest,bp_03_09_pol,ST,0.9018468363229017,0.9018468363229017,3.0500000000000003,1
S0976a,EventBest,bp_03_09_pol,SZ,0.4637081542190307,0.4637081542190307,5.0,1
S0976a,EventBest,raw,PR,0.09873214577748907,0.09873214577748907,1.35,1
S0976a,EventBest,raw,PZ,0.9264077068427151,0.9264077068427151,0.15000000000000002,1
S0976a,EventBest,raw,ST,0.9161311606633881,0.9161311606633881,3.8000000000000003,1
S0976a,EventBest,raw,SZ,0.18524316221865086,0.18524316221865086,5.0,1
S0976a,TAYAK,bp_01_05,PR,0.12564707348289536,0.12564707348289536,0.35000000000000003,1
S0976a,TAYAK,bp_01_05,PZ,0.13762192016513974,0.13762192016513974,2.45,1
S0976a,TAYAK,bp_01_05,ST,0.23912996267208156,0.23912996267208156,5.0,1
S0976a,TAYAK,bp_01_05,SZ,0.20470259318102077,0.20470259318102077,4.9,1
S0976a,TAYAK,bp_01_08,PR,0.3673247133460351,0.3673247133460351,3.9000000000000004,1
S0976a,TAYAK,bp_01_08,PZ,0.18088879518727555,0.18088879518727555,4.800000000000001,1
S0976a,TAYAK,bp_01_08,ST,0.6268130938682998,0.6268130938682998,4.25,1
S0976a,TAYAK,bp_01_08,SZ,0.7531755156082436,0.7531755156082436,3.0500000000000003,1
S0976a,TAYAK,bp_03_09,PR,0.7505179677349672,0.7505179677349672,4.65,1
S0976a,TAYAK,bp_03_09,PZ,0.8622160216684633,0.8622160216684633,4.75,1
S0976a,TAYAK,bp_03_09,ST,0.7745411830876409,0.7745411830876409,4.25,1
S0976a,TAYAK,bp_03_09,SZ,0.8957148496772044,0.8957148496772044,3.0500000000000003,1
S0976a,TAYAK,bp_03_09_pol,PR,0.6755530722359485,0.6755530722359485,4.65,1
S0976a,TAYAK,bp_03_09_pol,PZ,0.8602348596585491,0.8602348596585491,4.0,1
S0976a,TAYAK,bp_03_09_pol,ST,0.06422223536134943,0.06422223536134943,4.25,1
S0976a,TAYAK,bp_03_09_pol,SZ,0.9102405821465729,0.9102405821465729,3.0500000000000003,1
S0976a,TAYAK,raw,PR,0.3683153636434506,0.3683153636434506,3.95,1
S0976a,TAYAK,raw,PZ,0.20386074870065307,0.20386074870065307,4.800000000000001,1
S0976a,TAYAK,raw,ST,0.7775472864722384,0.7775472864722384,4.25,1
S0976a,TAYAK,raw,SZ,0.7628496552898283,0.7628496552898283,3.0500000000000003,1
S0976a,X,bp_01_05,PR,0.20313712403822917,0.20313712403822917,3.45,1
S0976a,X,bp_01_05,PZ,0.1413709788032402,0.1413709788032402,3.7,1
S0976a,X,bp_01_05,ST,0.3700021589413327,0.3700021589413327,3.35,1
S0976a,X,bp_01_05,SZ,0.702220784349846,0.702220784349846,2.25,1
S0976a,X,bp_01_08,PR,0.2769830908687812,0.2769830908687812,3.75,1
S0976a,X,bp_01_08,PZ,0.504666458903387,0.504666458903387,3.6,1
S0976a,X,bp_01_08,ST,0.6461232544695749,0.6461232544695749,4.15,1
S0976a,X,bp_01_08,SZ,0.7848148344533123,0.7848148344533123,4.1000000000000005,1
S0976a,X,bp_03_09,PR,0.7092997313706233,0.7092997313706233,4.8500000000000005,1
S0976a,X,bp_03_09,PZ,0.9077184293174875,0.9077184293174875,2.8000000000000003,1
S0976a,X,bp_03_09,ST,0.7481173834624186,0.7481173834624186,4.15,1
S0976a,X,bp_03_09,SZ,0.7370653037060971,0.7370653037060971,4.1000000000000005,1
S0976a,X,bp_03_09_pol,PR,0.6956569678872804,0.6956569678872804,2.5,1
S0976a,X,bp_03_09_pol,PZ,0.7463057966608133,0.7463057966608133,3.25,1
S0976a,X,bp_03_09_pol,ST,0.7564014866821706,0.7564014866821706,4.15,1
S0976a,X,bp_03_09_pol,SZ,0.7376524063664766,0.7376524063664766,4.1000000000000005,1
S0976a,X,raw,PR,0.2579851712000148,0.2579851712000148,1.0,1
S0976a,X,raw,PZ,0.5037519831836609,0.5037519831836609,3.6,1
S0976a,X,raw,ST,0.7347527468867622,0.7347527468867622,3.45,1
S0976a,X,raw,SZ,0.6780634200556083,0.6780634200556083,4.1000000000000005,1
S1000a,Best17,bp_01_05,PR,0.31533088337201487,0.31533088337201487,1.1,1
S1000a,Best17,bp_01_05,PZ,0.3245516427850757,0.3245516427850757,0.15000000000000002,1
S1000a,Best17,bp_01_05,ST,0.28168756928076016,0.28168756928076016,1.8,1
S1000a,Best17,bp_01_05,SZ,0.5338964769152362,0.5338964769152362,4.1000000000000005,1
S1000a,Best17,bp_01_08,PR,0.8251479000488849,0.8251479000488849,2.9000000000000004,1
S1000a,Best17,bp_01_08,PZ,0.3982381007644599,0.3982381007644599,0.25,1
S1000a,Best17,bp_01_08,ST,0.6608090477689451,0.6608090477689451,2.15,1
S1000a,Best17,bp_01_08,SZ,0.7967803103472348,0.7967803103472348,2.3000000000000003,1
S1000a,Best17,bp_03_09,PR,0.9317300942677832,0.9317300942677832,2.9000000000000004,1
S1000a,Best17,bp_03_09,PZ,0.7832015724600294,0.7832015724600294,3.5,1
S1000a,Best17,bp_03_09,ST,0.7099162354688237,0.7099162354688237,2.15,1
S1000a,Best17,bp_03_09,SZ,0.7918327452312901,0.7918327452312901,1.5,1
S1000a,Best17,bp_03_09_pol,PR,0.9304209939423715,0.9304209939423715,2.95,1
S1000a,Best17,bp_03_09_pol,PZ,0.8053837499479485,0.8053837499479485,3.5,1
S1000a,Best17,bp_03_09_pol,ST,0.8132465224198545,0.8132465224198545,1.35,1
S1000a,Best17,bp_03_09_pol,SZ,0.7854664100320549,0.7854664100320549,1.55,1
S1000a,Best17,raw,PR,0.8135137499680581,0.8135137499680581,2.9000000000000004,1
S1000a,Best17,raw,PZ,0.384554543298341,0.384554543298341,2.0500000000000003,1
S1000a,Best17,raw,ST,0.597652080255897,0.597652080255897,2.95,1
S1000a,Best17,raw,SZ,0.7821826985237632,0.7821826985237632,1.5,1
S1000a,EventBest,bp_01_05,PR,0.6645246142342744,0.6645246142342744,4.7,1
S1000a,EventBest,bp_01_05,PZ,0.4745522305440533,0.4745522305440533,3.1500000000000004,1
S1000a,EventBest,bp_01_05,ST,0.1316341698055989,0.1316341698055989,1.8,1
S1000a,EventBest,bp_01_05,SZ,0.5090593815713844,0.5090593815713844,1.4000000000000001,1
S1000a,EventBest,bp_01_08,PR,0.8054473733138383,0.8054473733138383,0.65,1
S1000a,EventBest,bp_01_08,PZ,0.8511233918910894,0.8511233918910894,3.35,1
S1000a,EventBest,bp_01_08,ST,0.18510560776884344,0.18510560776884344,4.2,1
S1000a,EventBest,bp_01_08,SZ,0.8756561956264064,0.8756561956264064,5.0,1
S1000a,EventBest,bp_03_09,PR,0.8664486690379484,0.8664486690379484,0.65,1
S1000a,EventBest,bp_03_09,PZ,0.7986803889555117,0.7986803889555117,3.35,1
S1000a,EventBest,bp_03_09,ST,0.4976129884247802,0.4976129884247802,4.95,1
S1000a,EventBest,bp_03_09,SZ,0.9105998016897161,0.9105998016897161,5.0,1
S1000a,EventBest,bp_03_09_pol,PR,0.8911804765789417,0.8911804765789417,0.15000000000000002,1
S1000a,EventBest,bp_03_09_pol,PZ,0.8292549242978251,0.8292549242978251,3.35,1
S1000a,EventBest,bp_03_09_pol,ST,0.06494854772579745,0.06494854772579745,4.1000000000000005,1
S1000a,EventBest,bp_03_09_pol,SZ,0.9209836556766101,0.9209836556766101,5.0,1
S1000a,EventBest,raw,PR,0.7976694923612182,0.7976694923612182,0.65,1
S1000a,EventBest,raw,PZ,0.7403862298505001,0.7403862298505001,3.35,1
S1000a,EventBest,raw,ST,0.2731263249756051,0.2731263249756051,5.0,1
S1000a,EventBest,raw,SZ,0.8823192379642822,0.8823192379642822,5.0,1
S1000a,TAYAK,bp_01_05,PR,0.3352645619407538,0.3352645619407538,4.2,1
S1000a,TAYAK,bp_01_05,PZ,0.24772434440872948,0.24772434440872948,2.85,1
S1000a,TAYAK,bp_01_05,ST,0.16519639566490107,0.16519639566490107,0.30000000000000004,1
S1000a,TAYAK,bp_01_05,SZ,0.4858149715283917,0.4858149715283917,0.30000000000000004,1
S1000a,TAYAK,bp_01_08,PR,0.5810491660900262,0.5810491660900262,0.05,1
S1000a,TAYAK,bp_01_08,PZ,0.5505154474513555,0.5505154474513555,0.1,1
S1000a,TAYAK,bp_01_08,ST,0.32003360199900904,0.32003360199900904,5.0,1
S1000a,TAYAK,bp_01_08,SZ,0.8406330013279251,0.8406330013279251,4.45,1
S1000a,TAYAK,bp_03_09,PR,0.739277204748402,0.739277204748402,0.05,1
S1000a,TAYAK,bp_03_09,PZ,0.863922474730983,0.863922474730983,0.1,1
S1000a,TAYAK,bp_03_09,ST,0.5959077635511684,0.5959077635511684,4.3500000000000005,1
S1000a,TAYAK,bp_03_09,SZ,0.8518419353397622,0.8518419353397622,4.45,1
S1000a,TAYAK,bp_03_09_pol,PR,0.929880906551762,0.929880906551762,0.1,1
S1000a,TAYAK,bp_03_09_pol,PZ,0.9213546276145904,0.9213546276145904,0.1,1
S1000a,TAYAK,bp_03_09_pol,ST,0.3978676807026251,0.3978676807026251,1.3,1
S1000a,TAYAK,bp_03_09_pol,SZ,0.8506698771407908,0.8506698771407908,4.45,1
S1000a,TAYAK,raw,PR,0.5541689882077241,0.5541689882077241,0.05,1
S1000a,TAYAK,raw,PZ,0.5549168507908927,0.5549168507908927,0.15000000000000002,1
S1000a,TAYAK,raw,ST,0.3075847408887713,0.3075847408887713,0.2,1
S1000a,TAYAK,raw,SZ,0.8498828139882414,0.8498828139882414,4.45,1
S1000a,X,bp_01_05,PR,0.4647102235800499,0.4647102235800499,5.0,1
S1000a,X,bp_01_05,PZ,0.5210073381602779,0.5210073381602779,4.800000000000001,1
S1000a,X,bp_01_05,ST,0.13988520702457455,0.13988520702457455,0.65,1
S1000a,X,bp_01_05,SZ,0.4664859950154386,0.4664859950154386,1.05,1
S1000a,X,bp_01_08,PR,0.2136723539356318,0.2136723539356318,0.2,1
S1000a,X,bp_01_08,PZ,0.6097295822838334,0.6097295822838334,4.4,1
S1000a,X,bp_01_08,ST,0.31110488415633897,0.31110488415633897,4.9,1
S1000a,X,bp_01_08,SZ,0.8595936425504739,0.8595936425504739,4.3500000000000005,1
S1000a,X,bp_03_09,PR,0.4708841667905639,0.4708841667905639,0.9,1
S1000a,X,bp_03_09,PZ,0.564607322725771,0.564607322725771,4.45,1
S1000a,X,bp_03_09,ST,0.4622530402721751,0.4622530402721751,4.95,1
S1000a,X,bp_03_09,SZ,0.8970678518096845,0.8970678518096845,4.3500000000000005,1
S1000a,X,bp_03_09_pol,PR,0.08958194966743763,0.08958194966743763,2.2,1
S1000a,X,bp_03_09_pol,PZ,0.559116758569648,0.559116758569648,4.45,1
S1000a,X,bp_03_09_pol,ST,0.27208325975054276,0.27208325975054276,3.6,1
S1000a,X,bp_03_09_pol,SZ,0.9158107800294849,0.9158107800294849,4.3500000000000005,1
S1000a,X,raw,PR,0.41818124524983213,0.41818124524983213,0.9500000000000001,1
S1000a,X,raw,PZ,0.5715013869982442,0.5715013869982442,4.45,1
S1000a,X,raw,ST,0.2940421456249625,0.2940421456249625,5.0,1
S1000a,X,raw,SZ,0.8520323251406271,0.8520323251406271,4.3500000000000005,1
S1094b,Best17,bp_01_05,PR,0.5603842405602804,0.5603842405602804,2.75,1
S1094b,Best17,bp_01_05,PZ,0.4285972812635795,0.4285972812635795,0.35000000000000003,1
S1094b,Best17,bp_01_05,ST,0.1340738448839879,0.1340738448839879,4.8500000000000005,1
S1094b,Best17,bp_01_05,SZ,0.34008936469040735,0.34008936469040735,0.8500000000000001,1
S1094b,Best17,bp_01_08,PR,0.7693454379111052,0.7693454379111052,1.9500000000000002,1
S1094b,Best17,bp_01_08,PZ,0.879214860161587,0.879214860161587,2.0,1
S1094b,Best17,bp_01_08,ST,0.1396680360412187,0.1396680360412187,4.8500000000000005,1
S1094b,Best17,bp_01_08,SZ,0.39141600875558913,0.39141600875558913,1.6500000000000001,1
S1094b,Best17,bp_03_09,PR,0.7870499548552357,0.7870499548552357,1.9500000000000002,1
S1094b,Best17,bp_03_09,PZ,0.8957050545832939,0.8957050545832939,2.0,1
S1094b,Best17,bp_03_09,ST,0.6538163050980706,0.6538163050980706,4.9,1
S1094b,Best17,bp_03_09,SZ,0.6594396851332169,0.6594396851332169,0.8500000000000001,1
S1094b,Best17,bp_03_09_pol,PR,0.8006984866771197,0.8006984866771197,2.7,1
S1094b,Best17,bp_03_09_pol,PZ,0.8796440021079885,0.8796440021079885,2.0,1
S1094b,Best17,bp_03_09_pol,ST,0.5374796308741367,0.5374796308741367,4.6000000000000005,1
S1094b,Best17,bp_03_09_pol,SZ,0.10941536919144065,0.10941536919144065,4.75,1
S1094b,Best17,raw,PR,0.7807939241087776,0.7807939241087776,2.0,1
S1094b,Best17,raw,PZ,0.8683576435262542,0.8683576435262542,2.0,1
S1094b,Best17,raw,ST,0.1943993351361551,0.1943993351361551,4.95,1
S1094b,Best17,raw,SZ,0.45575852426420427,0.45575852426420427,0.8500000000000001,1
S1094b,EventBest,bp_01_05,PR,0.6400329427005611,0.6400329427005611,2.15,1
S1094b,EventBest,bp_01_05,PZ,0.5505363550118626,0.5505363550118626,3.25,1
S1094b,EventBest,bp_01_05,ST,0.16606735802534847,0.16606735802534847,5.0,1
S1094b,EventBest,bp_01_05,SZ,0.3280973484376049,0.3280973484376049,0.6000000000000001,1
S1094b,EventBest,bp_01_08,PR,0.6002410238336584,0.6002410238336584,0.7000000000000001,1
S1094b,EventBest,bp_01_08,PZ,0.8840464708108221,0.8840464708108221,0.8500000000000001,1
S1094b,EventBest,bp_01_08,ST,0.19375562536398241,0.19375562536398241,1.1500000000000001,1
S1094b,EventBest,bp_01_08,SZ,0.26055910064129606,0.26055910064129606,4.75,1
S1094b,EventBest,bp_03_09,PR,0.6906711117747686,0.6906711117747686,0.65,1
S1094b,EventBest,bp_03_09,PZ,0.8610968305942907,0.8610968305942907,0.8500000000000001,1
S1094b,EventBest,bp_03_09,ST,0.7596597664932737,0.7596597664932737,1.1500000000000001,1
S1094b,EventBest,bp_03_09,SZ,0.5553705507873767,0.5553705507873767,0.35000000000000003,1
S1094b,EventBest,bp_03_09_pol,PR,0.6710834427988299,0.6710834427988299,1.4000000000000001,1
S1094b,EventBest,bp_03_09_pol,PZ,0.8719650453679751,0.8719650453679751,0.8500000000000001,1
S1094b,EventBest,bp_03_09_pol,ST,0.725615529049368,0.725615529049368,0.4,1
S1094b,EventBest,bp_03_09_pol,SZ,0.12542312731167962,0.12542312731167962,0.25,1
S1094b,EventBest,raw,PR,0.7267664354503592,0.7267664354503592,0.7000000000000001,1
S1094b,EventBest,raw,PZ,0.8155136997153482,0.8155136997153482,0.1,1
S1094b,EventBest,raw,ST,0.24889727782626658,0.24889727782626658,1.1500000000000001,1
S1094b,EventBest,raw,SZ,0.4863592781659628,0.4863592781659628,1.0,1
S1094b,TAYAK,bp_01_05,PR,0.5169902651981979,0.5169902651981979,1.35,1
S1094b,TAYAK,bp_01_05,PZ,0.40814704858059253,0.40814704858059253,4.0,1
S1094b,TAYAK,bp_01_05,ST,0.1133129245594417,0.1133129245594417,5.0,1
S1094b,TAYAK,bp_01_05,SZ,0.3958624248159776,0.3958624248159776,0.8500000000000001,1
S1094b,TAYAK,bp_01_08,PR,0.6998538391550096,0.6998538391550096,5.0,1
S1094b,TAYAK,bp_01_08,PZ,0.3657247127176614,0.3657247127176614,4.55,1
S1094b,TAYAK,bp_01_08,ST,0.13418804323603492,0.13418804323603492,5.0,1
S1094b,TAYAK,bp_01_08,SZ,0.22166727108662537,0.22166727108662537,0.30000000000000004,1
S1094b,TAYAK,bp_03_09,PR,0.7960012492509039,0.7960012492509039,5.0,1
S1094b,TAYAK,bp_03_09,PZ,0.6358865127300678,0.6358865127300678,4.4,1
S1094b,TAYAK,bp_03_09,ST,0.8299237705426454,0.8299237705426454,5.0,1
S1094b,TAYAK,bp_03_09,SZ,0.3297728750958283,0.3297728750958283,3.25,1
S1094b,TAYAK,bp_03_09_pol,PR,0.5939411579718015,0.5939411579718015,5.0,1
S1094b,TAYAK,bp_03_09_pol,PZ,0.48094096453617824,0.48094096453617824,4.55,1
S1094b,TAYAK,bp_03_09_pol,ST,0.7525148757144184,0.7525148757144184,5.0,1
S1094b,TAYAK,bp_03_09_pol,SZ,0.46207290013591223,0.46207290013591223,5.0,1
S1094b,TAYAK,raw,PR,0.7930094309870531,0.7930094309870531,4.3,1
S1094b,TAYAK,raw,PZ,0.36969741797877653,0.36969741797877653,4.5,1
S1094b,TAYAK,raw,ST,0.14290578958734929,0.14290578958734929,5.0,1
S1094b,TAYAK,raw,SZ,0.3188552366504193,0.3188552366504193,3.25,1
S1094b,X,bp_01_05,PR,0.3818814399036693,0.3818814399036693,0.75,1
S1094b,X,bp_01_05,PZ,0.6418337712064723,0.6418337712064723,1.2000000000000002,1
S1094b,X,bp_01_05,ST,0.14096990134483797,0.14096990134483797,4.95,1
S1094b,X,bp_01_05,SZ,0.4162590878742398,0.4162590878742398,0.30000000000000004,1
S1094b,X,bp_01_08,PR,0.5492717789814235,0.5492717789814235,5.0,1
S1094b,X,bp_01_08,PZ,0.8716812542431159,0.8716812542431159,2.1,1
S1094b,X,bp_01_08,ST,0.13237369871032795,0.13237369871032795,3.75,1
S1094b,X,bp_01_08,SZ,0.3321959047658262,0.3321959047658262,3.6500000000000004,1
S1094b,X,bp_03_09,PR,0.5522004106738733,0.5522004106738733,5.0,1
S1094b,X,bp_03_09,PZ,0.8355287440932846,0.8355287440932846,2.0500000000000003,1
S1094b,X,bp_03_09,ST,0.6479476112967693,0.6479476112967693,4.55,1
S1094b,X,bp_03_09,SZ,0.42168721456175423,0.42168721456175423,3.7,1
S1094b,X,bp_03_09_pol,PR,0.443239894732531,0.443239894732531,4.5,1
S1094b,X,bp_03_09_pol,PZ,0.8562404325313762,0.8562404325313762,2.0500000000000003,1
S1094b,X,bp_03_09_pol,ST,0.6263365340478696,0.6263365340478696,4.55,1
S1094b,X,bp_03_09_pol,SZ,0.12172399807503508,0.12172399807503508,0.75,1
S1094b,X,raw,PR,0.45948381458304055,0.45948381458304055,5.0,1
S1094b,X,raw,PZ,0.829224949757834,0.829224949757834,2.0500000000000003,1
S1094b,X,raw,ST,0.14615448266930314,0.14615448266930314,4.45,1
S1094b,X,raw,SZ,0.3577806288782868,0.3577806288782868,3.7,1
S1102a,Best17,bp_01_05,PR,0.3929698240567206,0.3929698240567206,3.0,1
S1102a,Best17,bp_01_05,PZ,0.2443610837066035,0.2443610837066035,3.35,1
S1102a,Best17,bp_01_05,ST,0.08536043627181511,0.08536043627181511,4.95,1
S1102a,Best17,bp_01_05,SZ,0.22788436314835192,0.22788436314835192,0.5,1
S1102a,Best17,bp_01_08,PR,0.6201006317925646,0.6201006317925646,5.0,1
S1102a,Best17,bp_01_08,PZ,0.341534636366482,0.341534636366482,1.55,1
S1102a,Best17,bp_01_08,ST,0.08823449103149789,0.08823449103149789,1.2000000000000002,1
S1102a,Best17,bp_01_08,SZ,0.42201448130237473,0.42201448130237473,0.15000000000000002,1
S1102a,Best17,bp_03_09,PR,0.5304360142107146,0.5304360142107146,5.0,1
S1102a,Best17,bp_03_09,PZ,0.8197632251034235,0.8197632251034235,1.55,1
S1102a,Best17,bp_03_09,ST,0.7980720976564524,0.7980720976564524,1.2000000000000002,1
S1102a,Best17,bp_03_09,SZ,0.6216076716520059,0.6216076716520059,0.8500000000000001,1
S1102a,Best17,bp_03_09_pol,PR,0.604543051031498,0.604543051031498,5.0,1
S1102a,Best17,bp_03_09_pol,PZ,0.8067445523295315,0.8067445523295315,1.55,1
S1102a,Best17,bp_03_09_pol,ST,0.7709907065776829,0.7709907065776829,1.85,1
S1102a,Best17,bp_03_09_pol,SZ,0.23479247815876517,0.23479247815876517,1.4500000000000002,1
S1102a,Best17,raw,PR,0.49573309387136755,0.49573309387136755,5.0,1
S1102a,Best17,raw,PZ,0.323945740174202,0.323945740174202,1.55,1
S1102a,Best17,raw,ST,0.12110876173679169,0.12110876173679169,1.2000000000000002,1
S1102a,Best17,raw,SZ,0.5266671276559206,0.5266671276559206,0.15000000000000002,1
S1102a,EventBest,bp_01_05,PR,0.12799319834782152,0.12799319834782152,1.6500000000000001,1
S1102a,EventBest,bp_01_05,PZ,0.5942424524180636,0.5942424524180636,4.6000000000000005,1
S1102a,EventBest,bp_01_05,ST,0.07803627173614607,0.07803627173614607,3.7,1
S1102a,EventBest,bp_01_05,SZ,0.2371485476609645,0.2371485476609645,3.45,1
S1102a,EventBest,bp_01_08,PR,0.2713885690247709,0.2713885690247709,4.800000000000001,1
S1102a,EventBest,bp_01_08,PZ,0.7597338699170912,0.7597338699170912,1.55,1
S1102a,EventBest,bp_01_08,ST,0.07429934136079848,0.07429934136079848,0.1,1
S1102a,EventBest,bp_01_08,SZ,0.47071613959810116,0.47071613959810116,0.35000000000000003,1
S1102a,EventBest,bp_03_09,PR,0.685358541767638,0.685358541767638,4.800000000000001,1
S1102a,EventBest,bp_03_09,PZ,0.8695175016034243,0.8695175016034243,1.55,1
S1102a,EventBest,bp_03_09,ST,0.5885410000586279,0.5885410000586279,0.05,1
S1102a,EventBest,bp_03_09,SZ,0.7759270321538706,0.7759270321538706,1.05,1
S1102a,EventBest,bp_03_09_pol,PR,0.6955315289527296,0.6955315289527296,4.800000000000001,1
S1102a,EventBest,bp_03_09_pol,PZ,0.8498048021456178,0.8498048021456178,4.45,1
S1102a,EventBest,bp_03_09_pol,ST,0.5719115059289888,0.5719115059289888,0.05,1
S1102a,EventBest,bp_03_09_pol,SZ,0.5291815802006187,0.5291815802006187,4.95,1
S1102a,EventBest,raw,PR,0.49997269350029533,0.49997269350029533,4.8500000000000005,1
S1102a,EventBest,raw,PZ,0.7927444954879266,0.7927444954879266,1.55,1
S1102a,EventBest,raw,ST,0.08176150991173783,0.08176150991173783,0.05,1
S1102a,EventBest,raw,SZ,0.5301508155840431,0.5301508155840431,0.35000000000000003,1
S1102a,TAYAK,bp_01_05,PR,0.14871085864775668,0.14871085864775668,3.5500000000000003,1
S1102a,TAYAK,bp_01_05,PZ,0.25540398621865773,0.25540398621865773,0.9500000000000001,1
S1102a,TAYAK,bp_01_05,ST,0.09330823661135372,0.09330823661135372,5.0,1
S1102a,TAYAK,bp_01_05,SZ,0.22437573499187222,0.22437573499187222,4.0,1
S1102a,TAYAK,bp_01_08,PR,0.1859393240294921,0.1859393240294921,4.2,1
S1102a,TAYAK,bp_01_08,PZ,0.31334511621353456,0.31334511621353456,0.45,1
S1102a,TAYAK,bp_01_08,ST,0.10133960582245666,0.10133960582245666,3.95,1
S1102a,TAYAK,bp_01_08,SZ,0.4644125488076623,0.4644125488076623,2.8000000000000003,1
S1102a,TAYAK,bp_03_09,PR,0.650020982745508,0.650020982745508,4.95,1
S1102a,TAYAK,bp_03_09,PZ,0.8847706459386205,0.8847706459386205,0.2,1
S1102a,TAYAK,bp_03_09,ST,0.619141685312653,0.619141685312653,0.2,1
S1102a,TAYAK,bp_03_09,SZ,0.6030855121901274,0.6030855121901274,1.3,1
S1102a,TAYAK,bp_03_09_pol,PR,0.8919678608544201,0.8919678608544201,5.0,1
S1102a,TAYAK,bp_03_09_pol,PZ,0.8950382035044233,0.8950382035044233,0.25,1
S1102a,TAYAK,bp_03_09_pol,ST,0.5992724334084402,0.5992724334084402,0.5,1
S1102a,TAYAK,bp_03_09_pol,SZ,0.28782129533713363,0.28782129533713363,4.45,1
S1102a,TAYAK,raw,PR,0.1621195073008152,0.1621195073008152,4.95,1
S1102a,TAYAK,raw,PZ,0.49728186058834584,0.49728186058834584,0.8500000000000001,1
S1102a,TAYAK,raw,ST,0.09316114517167301,0.09316114517167301,0.9,1
S1102a,TAYAK,raw,SZ,0.42566353278990376,0.42566353278990376,1.3,1
S1102a,X,bp_01_05,PR,0.3431376023673273,0.3431376023673273,4.15,1
S1102a,X,bp_01_05,PZ,0.3684662625912451,0.3684662625912451,5.0,1
S1102a,X,bp_01_05,ST,0.07077891454788515,0.07077891454788515,5.0,1
S1102a,X,bp_01_05,SZ,0.3603914442892013,0.3603914442892013,0.45,1
S1102a,X,bp_01_08,PR,0.3831585536635274,0.3831585536635274,5.0,1
S1102a,X,bp_01_08,PZ,0.5189146826933343,0.5189146826933343,2.1,1
S1102a,X,bp_01_08,ST,0.09008339288338994,0.09008339288338994,5.0,1
S1102a,X,bp_01_08,SZ,0.26180517349171645,0.26180517349171645,0.75,1
S1102a,X,bp_03_09,PR,0.6773742787693513,0.6773742787693513,4.45,1
S1102a,X,bp_03_09,PZ,0.7356245219492681,0.7356245219492681,2.15,1
S1102a,X,bp_03_09,ST,0.775767996704613,0.775767996704613,2.9000000000000004,1
S1102a,X,bp_03_09,SZ,0.32817471091273687,0.32817471091273687,4.3,1
S1102a,X,bp_03_09_pol,PR,0.7220301362818963,0.7220301362818963,4.5,1
S1102a,X,bp_03_09_pol,PZ,0.8021714184381166,0.8021714184381166,2.1,1
S1102a,X,bp_03_09_pol,ST,0.733235221752289,0.733235221752289,2.9000000000000004,1
S1102a,X,bp_03_09_pol,SZ,0.5281384369507436,0.5281384369507436,3.6,1
S1102a,X,raw,PR,0.438916030918607,0.438916030918607,4.5,1
S1102a,X,raw,PZ,0.5792235813803271,0.5792235813803271,2.15,1
S1102a,X,raw,ST,0.10228620855520089,0.10228620855520089,2.9000000000000004,1
S1102a,X,raw,SZ,0.19569813280815834,0.19569813280815834,5.0,1
S1153a,Best17,bp_01_05,PR,0.21695279561043243,0.21695279561043243,5.0,1
S1153a,Best17,bp_01_05,PZ,0.3546067060208214,0.3546067060208214,5.0,1
S1153a,Best17,bp_01_05,ST,0.09733904667940615,0.09733904667940615,3.6500000000000004,1
S1153a,Best17,bp_01_05,SZ,0.33478925470857523,0.33478925470857523,4.2,1
S1153a,Best17,bp_01_08,PR,0.23863145605772904,0.23863145605772904,0.1,1
S1153a,Best17,bp_01_08,PZ,0.30934384649371394,0.30934384649371394,0.65,1
S1153a,Best17,bp_01_08,ST,0.1435548341755863,0.1435548341755863,1.05,1
S1153a,Best17,bp_01_08,SZ,0.550878809917773,0.550878809917773,1.05,1
S1153a,Best17,bp_03_09,PR,0.8113452232433842,0.8113452232433842,0.05,1
S1153a,Best17,bp_03_09,PZ,0.5293971392445413,0.5293971392445413,0.55,1
S1153a,Best17,bp_03_09,ST,0.5814711985628731,0.5814711985628731,0.5,1
S1153a,Best17,bp_03_09,SZ,0.5147559460698884,0.5147559460698884,4.800000000000001,1
S1153a,Best17,bp_03_09_pol,PR,0.882282172669126,0.882282172669126,0.05,1
S1153a,Best17,bp_03_09_pol,PZ,0.13296591850702474,0.13296591850702474,0.1,1
S1153a,Best17,bp_03_09_pol,ST,0.12422906556069277,0.12422906556069277,4.8500000000000005,1
S1153a,Best17,bp_03_09_pol,SZ,0.7583442015782765,0.7583442015782765,4.95,1
S1153a,Best17,raw,PR,0.2450859739034176,0.2450859739034176,0.65,1
S1153a,Best17,raw,PZ,0.5786697143689247,0.5786697143689247,1.0,1
S1153a,Best17,raw,ST,0.16238244034324248,0.16238244034324248,0.5,1
S1153a,Best17,raw,SZ,0.45136676136235904,0.45136676136235904,4.800000000000001,1
S1153a,EventBest,bp_01_05,PR,0.21747875603489486,0.21747875603489486,5.0,1
S1153a,EventBest,bp_01_05,PZ,0.16246697195410417,0.16246697195410417,4.8500000000000005,1
S1153a,EventBest,bp_01_05,ST,0.18088828618125766,0.18088828618125766,3.45,1
S1153a,EventBest,bp_01_05,SZ,0.5709495477134509,0.5709495477134509,4.5,1
S1153a,EventBest,bp_01_08,PR,0.1817636515513971,0.1817636515513971,5.0,1
S1153a,EventBest,bp_01_08,PZ,0.38710509847750946,0.38710509847750946,0.55,1
S1153a,EventBest,bp_01_08,ST,0.07061205352378976,0.07061205352378976,4.9,1
S1153a,EventBest,bp_01_08,SZ,0.5914164229481602,0.5914164229481602,0.2,1
S1153a,EventBest,bp_03_09,PR,0.7478439551161505,0.7478439551161505,1.1500000000000001,1
S1153a,EventBest,bp_03_09,PZ,0.769423916591946,0.769423916591946,1.25,1
S1153a,EventBest,bp_03_09,ST,0.4470312576922808,0.4470312576922808,4.95,1
S1153a,EventBest,bp_03_09,SZ,0.6043613451767301,0.6043613451767301,0.2,1
S1153a,EventBest,bp_03_09_pol,PR,0.6086547397925887,0.6086547397925887,1.8,1
S1153a,EventBest,bp_03_09_pol,PZ,0.7722148489713727,0.7722148489713727,0.55,1
S1153a,EventBest,bp_03_09_pol,ST,0.36563580759652486,0.36563580759652486,4.95,1
S1153a,EventBest,bp_03_09_pol,SZ,0.3309535646507633,0.3309535646507633,4.15,1
S1153a,EventBest,raw,PR,0.16255324633314838,0.16255324633314838,0.55,1
S1153a,EventBest,raw,PZ,0.6083528189312855,0.6083528189312855,0.55,1
S1153a,EventBest,raw,ST,0.08046936548262507,0.08046936548262507,4.9,1
S1153a,EventBest,raw,SZ,0.5645513828010538,0.5645513828010538,0.15000000000000002,1
S1153a,TAYAK,bp_01_05,PR,0.11304889749970437,0.11304889749970437,3.25,1
S1153a,TAYAK,bp_01_05,PZ,0.15814394811022026,0.15814394811022026,2.5500000000000003,1
S1153a,TAYAK,bp_01_05,ST,0.18732934124794845,0.18732934124794845,4.2,1
S1153a,TAYAK,bp_01_05,SZ,0.8392542418578309,0.8392542418578309,4.3,1
S1153a,TAYAK,bp_01_08,PR,0.1448499499612056,0.1448499499612056,3.5,1
S1153a,TAYAK,bp_01_08,PZ,0.4176388344574279,0.4176388344574279,4.8500000000000005,1
S1153a,TAYAK,bp_01_08,ST,0.08324450469361916,0.08324450469361916,0.8500000000000001,1
S1153a,TAYAK,bp_01_08,SZ,0.749068029746852,0.749068029746852,3.25,1
S1153a,TAYAK,bp_03_09,PR,0.9288031572641741,0.9288031572641741,4.25,1
S1153a,TAYAK,bp_03_09,PZ,0.8503892497787496,0.8503892497787496,4.800000000000001,1
S1153a,TAYAK,bp_03_09,ST,0.27900430315733193,0.27900430315733193,4.1000000000000005,1
S1153a,TAYAK,bp_03_09,SZ,0.7351456709580637,0.7351456709580637,3.25,1
S1153a,TAYAK,bp_03_09_pol,PR,0.8665213848158334,0.8665213848158334,4.25,1
S1153a,TAYAK,bp_03_09_pol,PZ,0.8453860873239908,0.8453860873239908,4.800000000000001,1
S1153a,TAYAK,bp_03_09_pol,ST,0.27559701277987964,0.27559701277987964,4.8500000000000005,1
S1153a,TAYAK,bp_03_09_pol,SZ,0.587194954574203,0.587194954574203,5.0,1
S1153a,TAYAK,raw,PR,0.2906097826320384,0.2906097826320384,4.25,1
S1153a,TAYAK,raw,PZ,0.36318470048021556,0.36318470048021556,4.8500000000000005,1
S1153a,TAYAK,raw,ST,0.3899337400457851,0.3899337400457851,3.85,1
S1153a,TAYAK,raw,SZ,0.7046066863733524,0.7046066863733524,3.25,1
S1153a,X,bp_01_05,PR,0.4138151249297994,0.4138151249297994,5.0,1
S1153a,X,bp_01_05,PZ,0.39741139429575734,0.39741139429575734,3.1500000000000004,1
S1153a,X,bp_01_05,ST,0.1522630077607018,0.1522630077607018,4.8500000000000005,1
S1153a,X,bp_01_05,SZ,0.45971319840421476,0.45971319840421476,3.1,1
S1153a,X,bp_01_08,PR,0.7921935131799408,0.7921935131799408,2.4000000000000004,1
S1153a,X,bp_01_08,PZ,0.8398065704113636,0.8398065704113636,3.9000000000000004,1
S1153a,X,bp_01_08,ST,0.26154496327759924,0.26154496327759924,5.0,1
S1153a,X,bp_01_08,SZ,0.4737980404357839,0.4737980404357839,5.0,1
S1153a,X,bp_03_09,PR,0.9151101454381931,0.9151101454381931,1.7000000000000002,1
S1153a,X,bp_03_09,PZ,0.9236250184277366,0.9236250184277366,3.9000000000000004,1
S1153a,X,bp_03_09,ST,0.5190351243647228,0.5190351243647228,4.4,1
S1153a,X,bp_03_09,SZ,0.44010914191787587,0.44010914191787587,5.0,1
S1153a,X,bp_03_09_pol,PR,0.8954631619402256,0.8954631619402256,1.0,1
S1153a,X,bp_03_09_pol,PZ,0.9157869853682961,0.9157869853682961,3.9000000000000004,1
S1153a,X,bp_03_09_pol,ST,0.4743904029545077,0.4743904029545077,5.0,1
S1153a,X,bp_03_09_pol,SZ,0.6689768291348841,0.6689768291348841,0.7000000000000001,1
S1153a,X,raw,PR,0.8075411384004928,0.8075411384004928,2.35,1
S1153a,X,raw,PZ,0.7839496774212424,0.7839496774212424,3.1500000000000004,1
S1153a,X,raw,ST,0.2010757477176923,0.2010757477176923,4.45,1
S1153a,X,raw,SZ,0.42340580663075894,0.42340580663075894,5.0,1
S1415a,Best17,bp_01_05,PR,0.3493273134234257,0.3493273134234257,0.8,1
S1415a,Best17,bp_01_05,PZ,0.08688180885198028,0.08688180885198028,4.25,1
S1415a,Best17,bp_01_05,ST,0.09657962991403611,0.09657962991403611,1.5,1
S1415a,Best17,bp_01_05,SZ,0.17260651235271757,0.17260651235271757,4.3500000000000005,1
S1415a,Best17,bp_01_08,PR,0.3356757782504838,0.3356757782504838,0.5,1
S1415a,Best17,bp_01_08,PZ,0.23199285702638164,0.23199285702638164,1.1,1
S1415a,Best17,bp_01_08,ST,0.3006538199202575,0.3006538199202575,4.7,1
S1415a,Best17,bp_01_08,SZ,0.40703740314633957,0.40703740314633957,3.75,1
S1415a,Best17,bp_03_09,PR,0.418959427226493,0.418959427226493,5.0,1
S1415a,Best17,bp_03_09,PZ,0.8605800381937404,0.8605800381937404,0.25,1
S1415a,Best17,bp_03_09,ST,0.7847360920617859,0.7847360920617859,3.1,1
S1415a,Best17,bp_03_09,SZ,0.6221820967251925,0.6221820967251925,3.7,1
S1415a,Best17,bp_03_09_pol,PR,0.43938796907881766,0.43938796907881766,5.0,1
S1415a,Best17,bp_03_09_pol,PZ,0.859020202020005,0.859020202020005,0.25,1
S1415a,Best17,bp_03_09_pol,ST,0.7487965479522585,0.7487965479522585,4.7,1
S1415a,Best17,bp_03_09_pol,SZ,0.6364521524050625,0.6364521524050625,3.0,1
S1415a,Best17,raw,PR,0.25734103573691336,0.25734103573691336,0.45,1
S1415a,Best17,raw,PZ,0.2038449507728493,0.2038449507728493,0.25,1
S1415a,Best17,raw,ST,0.39223574832644176,0.39223574832644176,4.7,1
S1415a,Best17,raw,SZ,0.39191825122039803,0.39191825122039803,3.0500000000000003,1
S1415a,EventBest,bp_01_05,PR,0.365793526457548,0.365793526457548,4.45,1
S1415a,EventBest,bp_01_05,PZ,0.1642107725165259,0.1642107725165259,3.6,1
S1415a,EventBest,bp_01_05,ST,0.12113202149578313,0.12113202149578313,3.2,1
S1415a,EventBest,bp_01_05,SZ,0.23252832679371224,0.23252832679371224,5.0,1
S1415a,EventBest,bp_01_08,PR,0.24012101481475404,0.24012101481475404,4.9,1
S1415a,EventBest,bp_01_08,PZ,0.6348955224235702,0.6348955224235702,0.65,1
S1415a,EventBest,bp_01_08,ST,0.24638389859404375,0.24638389859404375,1.55,1
S1415a,EventBest,bp_01_08,SZ,0.6935102175666082,0.6935102175666082,4.4,1
S1415a,EventBest,bp_03_09,PR,0.4871224222636338,0.4871224222636338,4.3500000000000005,1
S1415a,EventBest,bp_03_09,PZ,0.6978688941938941,0.6978688941938941,0.15000000000000002,1
S1415a,EventBest,bp_03_09,ST,0.641394705287639,0.641394705287639,0.75,1
S1415a,EventBest,bp_03_09,SZ,0.7234963126733065,0.7234963126733065,4.45,1
S1415a,EventBest,bp_03_09_pol,PR,0.49846552535119615,0.49846552535119615,5.0,1
S1415a,EventBest,bp_03_09_pol,PZ,0.7139938635085199,0.7139938635085199,0.15000000000000002,1
S1415a,EventBest,bp_03_09_pol,ST,0.7378371903284234,0.7378371903284234,0.75,1
S1415a,EventBest,bp_03_09_pol,SZ,0.695156870483307,0.695156870483307,4.45,1
S1415a,EventBest,raw,PR,0.3673009780618503,0.3673009780618503,5.0,1
S1415a,EventBest,raw,PZ,0.6063883888242836,0.6063883888242836,0.15000000000000002,1
S1415a,EventBest,raw,ST,0.449793979857122,0.449793979857122,0.05,1
S1415a,EventBest,raw,SZ,0.6413648609090996,0.6413648609090996,4.45,1
S1415a,TAYAK,bp_01_05,PR,0.22808939625972788,0.22808939625972788,5.0,1
S1415a,TAYAK,bp_01_05,PZ,0.1523540734749582,0.1523540734749582,4.45,1
S1415a,TAYAK,bp_01_05,ST,0.103424193718676,0.103424193718676,1.35,1
S1415a,TAYAK,bp_01_05,SZ,0.16177741891796243,0.16177741891796243,4.65,1
S1415a,TAYAK,bp_01_08,PR,0.5305943502442229,0.5305943502442229,0.05,1
S1415a,TAYAK,bp_01_08,PZ,0.48834752403438925,0.48834752403438925,4.6000000000000005,1
S1415a,TAYAK,bp_01_08,ST,0.10805745236624559,0.10805745236624559,1.55,1
S1415a,TAYAK,bp_01_08,SZ,0.5371871232968367,0.5371871232968367,4.75,1
S1415a,TAYAK,bp_03_09,PR,0.9113956855175561,0.9113956855175561,0.05,1
S1415a,TAYAK,bp_03_09,PZ,0.6225323008369875,0.6225323008369875,4.65,1
S1415a,TAYAK,bp_03_09,ST,0.4405387339421094,0.4405387339421094,2.3000000000000003,1
S1415a,TAYAK,bp_03_09,SZ,0.7987467638339895,0.7987467638339895,4.75,1
S1415a,TAYAK,bp_03_09_pol,PR,0.9488631743579053,0.9488631743579053,0.05,1
S1415a,TAYAK,bp_03_09_pol,PZ,0.6198983845833617,0.6198983845833617,2.15,1
S1415a,TAYAK,bp_03_09_pol,ST,0.5785784575026343,0.5785784575026343,4.65,1
S1415a,TAYAK,bp_03_09_pol,SZ,0.7712930572425807,0.7712930572425807,4.75,1
S1415a,TAYAK,raw,PR,0.611145949412479,0.611145949412479,0.05,1
S1415a,TAYAK,raw,PZ,0.3957217253926147,0.3957217253926147,4.65,1
S1415a,TAYAK,raw,ST,0.14502778280809095,0.14502778280809095,1.6500000000000001,1
S1415a,TAYAK,raw,SZ,0.47887779767820643,0.47887779767820643,4.75,1
S1415a,X,bp_01_05,PR,0.38411088975904084,0.38411088975904084,2.85,1
S1415a,X,bp_01_05,PZ,0.4440906850693535,0.4440906850693535,4.4,1
S1415a,X,bp_01_05,ST,0.4624903339285138,0.4624903339285138,0.5,1
S1415a,X,bp_01_05,SZ,0.22231496169121875,0.22231496169121875,3.95,1
S1415a,X,bp_01_08,PR,0.6301055045015171,0.6301055045015171,1.1500000000000001,1
S1415a,X,bp_01_08,PZ,0.5311639930544094,0.5311639930544094,1.05,1
S1415a,X,bp_01_08,ST,0.4699504964508389,0.4699504964508389,3.7,1
S1415a,X,bp_01_08,SZ,0.6471563774312021,0.6471563774312021,2.9000000000000004,1
S1415a,X,bp_03_09,PR,0.7133501291268106,0.7133501291268106,4.15,1
S1415a,X,bp_03_09,PZ,0.5603464450812988,0.5603464450812988,1.1,1
S1415a,X,bp_03_09,ST,0.5629701602852023,0.5629701602852023,2.95,1
S1415a,X,bp_03_09,SZ,0.7842451223830762,0.7842451223830762,2.95,1
S1415a,X,bp_03_09_pol,PR,0.6775427709241086,0.6775427709241086,4.15,1
S1415a,X,bp_03_09_pol,PZ,0.5329623334450063,0.5329623334450063,1.1,1
S1415a,X,bp_03_09_pol,ST,0.4604966040133265,0.4604966040133265,0.15000000000000002,1
S1415a,X,bp_03_09_pol,SZ,0.8693563630667532,0.8693563630667532,3.6500000000000004,1
S1415a,X,raw,PR,0.8055572301300284,0.8055572301300284,1.1500000000000001,1
S1415a,X,raw,PZ,0.6329933400199969,0.6329933400199969,1.1,1
S1415a,X,raw,ST,0.418707563553747,0.418707563553747,2.95,1
S1415a,X,raw,SZ,0.5791920811783079,0.5791920811783079,3.6500000000000004,1
