{
  "theta_best": [
    6.455718046955408,
    7.729635008018199,
    3.2921583022169925,
    5.163519825263824,
    965.03282984504,
    92.59541630987715,
    1616.2302125346332
  ],
  "model": {
    "vp_top": 6.455718046955408,
    "vp_bot": 7.729635008018199,
    "vs_top": 3.2921583022169925,
    "vs_bot": 5.163519825263824,
    "d1000": 965.03282984504,
    "w1000": 92.59541630987715,
    "d_layer": 1616.2302125346332
  }
}