best_theta,best_cost,best_depth
"[7.490661698710078, 8.894549793554956, 4.16009225275025, 3.4299698124652194, 1088.305500353788, 117.60533374419424, 706.457176788603]",1.1131368995669928,706.457176788603
